timestamp,AQI in  (Bosch BME68X - AQI),Air Temperature in ºC (Bosch BMP280 - Temperature),Air Temperature in degC (Bosch BME68X - Temperature),Relative Humidity in % (Bosch BME68X - Humidity),Barometric Pressure in kPa (Bosch BME68X - Pressure),Gas Resistance in Ohm (Bosch BME68X - Gas Resistance),PM1 in ug/m3 (Plantower PMS5003 - PM1),Relative Humidity in % (Sensirion SHT31 - Humidity),Barometric Pressure in kPa (Bosch BMP280 - Pressure),PM2.5 in ug/m3 (Plantower PMS5003 - PM2.5),PM10 in ug/m3 (Plantower PMS5003 - PM10),PM1 in ug/m3 (Seeed HM-3301 - PM1.0),PM2.5 in ug/m3 (Seeed HM-3301 - PM2.5),PM10 in ug/m3 (Seeed HM-3301 - PM10.0)
2026-05-30 00:30:18 UTC,,28.41463,,,,,12,58.86309,100.919,17,20,,,
2026-05-30 00:31:24 UTC,,28.10382,,,,,12,60.72107,100.92,17,20,,,
2026-05-30 00:32:24 UTC,,27.787,,,,,12,59.79176,100.92,17,20,,,
2026-05-30 00:33:24 UTC,,27.48281,,,,,12,58.80731,100.92,17,20,,,
2026-05-30 00:34:24 UTC,,27.28276,,,,,12,57.89847,100.921,17,20,,,
2026-05-30 00:35:25 UTC,,27.08586,,,,,12,57.63692,100.922,17,20,,,
2026-05-30 00:36:25 UTC,,27.03758,,,,,12,57.11053,100.923,17,19,,,
2026-05-30 00:37:25 UTC,,27.04011,,,,,12,56.71545,100.924,17,20,,,
2026-05-30 00:38:25 UTC,,27.0827,,,,,12,56.38808,100.926,17,19,,,
2026-05-30 00:39:25 UTC,,27.06756,,,,,11,57.67531,100.927,16,18,,,
2026-05-30 00:40:25 UTC,,27.08775,,,,,0,57.51405,100.929,0,0,,,
2026-05-30 00:41:25 UTC,,27.1496,,,,,0,57.08575,100.93,0,0,,,
2026-05-30 00:42:25 UTC,,27.19094,,,,,0,57.42645,100.932,0,0,,,
2026-05-30 00:43:25 UTC,,27.21239,,,,,0,58.51968,100.932,0,0,,,
2026-05-30 00:44:25 UTC,,27.25752,,,,,0,58.23089,100.934,0,0,,,
2026-05-30 00:45:25 UTC,,27.29948,,,,,0,58.19586,100.935,0,0,,,
2026-05-30 00:46:25 UTC,,27.35344,,,,,0,58.65739,100.936,0,0,,,
2026-05-30 00:47:26 UTC,,27.34619,,,,,0,59.97482,100.936,0,0,,,
2026-05-30 00:48:26 UTC,,27.39099,,,,,0,59.40748,100.936,0,0,,,
2026-05-30 00:49:26 UTC,,27.41781,,,,,0,60.78371,100.937,0,0,,,
2026-05-30 00:50:26 UTC,,27.45978,,,,,0,60.34548,100.939,0,0,,,
2026-05-30 00:51:26 UTC,,27.46325,,,,,0,61.16649,100.94,0,0,,,
2026-05-30 00:52:26 UTC,,27.38594,,,,,0,61.05024,100.941,0,0,,,
2026-05-30 00:53:26 UTC,,27.25121,,,,,0,61.16903,100.94,0,0,,,
2026-05-30 00:54:26 UTC,,27.10921,,,,,0,61.37735,100.94,0,0,,,
2026-05-30 00:55:26 UTC,,26.96658,,,,,0,61.65554,100.94,0,0,,,
2026-05-30 00:56:26 UTC,,26.86498,,,,,0,61.59816,100.939,0,0,,,
2026-05-30 00:57:26 UTC,,26.90158,,,,,0,60.75423,100.939,0,0,,,
2026-05-30 00:58:26 UTC,,26.99056,,,,,0,60.27483,100.939,0,0,,,
2026-05-30 00:59:27 UTC,,27.08649,,,,,0,60.68489,100.939,0,0,,,
2026-05-30 01:00:27 UTC,,27.16127,,,,,0,61.05787,100.94,0,0,,,
2026-05-30 01:01:27 UTC,,27.2105,,,,,0,61.86052,100.941,0,0,,,
2026-05-30 01:02:27 UTC,,27.41087,,,,,0,64.02051,100.942,0,0,,,
2026-05-30 01:12:19 UTC,,28.3187,,,,,12,59.91343,100.939,17,19,,,
2026-05-30 01:13:19 UTC,,28.19312,,,,,12,59.28556,100.939,17,19,,,
2026-05-30 01:14:19 UTC,,28.10287,,,,,11,59.18917,100.939,16,18,,,
2026-05-30 01:15:19 UTC,,28.05964,,,,,12,58.62423,100.94,17,20,,,
2026-05-30 01:16:19 UTC,,28.04733,,,,,12,58.21659,100.941,17,20,,,
2026-05-30 01:17:20 UTC,,28.05901,,,,,12,57.89562,100.941,17,19,,,
2026-05-30 01:18:20 UTC,,28.08741,,,,,12,57.70095,100.943,17,19,,,
2026-05-30 01:19:20 UTC,,28.13158,,,,,12,57.46083,100.944,17,19,,,
2026-05-30 01:20:20 UTC,,28.17544,,,,,11,57.25511,100.944,16,18,,,
2026-05-30 01:21:20 UTC,,28.21615,,,,,11,57.0833,100.945,16,18,,,
2026-05-30 01:22:20 UTC,,28.29093,,,,,11,56.94388,100.945,15,17,,,
2026-05-30 01:23:20 UTC,,28.38276,,,,,11,56.26176,100.948,16,18,,,
2026-05-30 01:24:20 UTC,,28.45628,,,,,11,56.5244,100.949,16,18,,,
2026-05-30 01:25:20 UTC,,28.51213,,,,,11,56.35534,100.951,15,17,,,
2026-05-30 01:26:20 UTC,,28.55,,,,,11,56.14976,100.951,16,18,,,
2026-05-30 01:27:20 UTC,,28.58503,,,,,11,56.16842,100.951,15,17,,,
2026-05-30 01:28:20 UTC,,28.61784,,,,,10,56.04389,100.951,14,15,,,
2026-05-30 01:29:20 UTC,,28.63709,,,,,10,56.1419,100.952,14,15,,,
2026-05-30 01:30:21 UTC,,28.66549,,,,,11,56.53425,100.952,16,18,,,
2026-05-30 01:31:21 UTC,,28.70304,,,,,10,57.33909,100.952,14,15,,,
2026-05-30 01:32:21 UTC,,28.74091,,,,,11,57.69414,100.952,16,18,,,
2026-05-30 01:33:21 UTC,,28.79582,,,,,10,57.24318,100.951,14,14,,,
2026-05-30 01:34:21 UTC,,28.83336,,,,,10,58.82908,100.952,14,15,,,
2026-05-30 01:35:21 UTC,,28.84188,,,,,10,58.64418,100.951,14,14,,,
2026-05-30 01:36:21 UTC,,28.8807,,,,,10,58.19556,100.951,14,14,,,
2026-05-30 01:37:21 UTC,,28.93087,,,,,10,58.05862,100.95,14,14,,,
2026-05-30 01:38:21 UTC,,28.97568,,,,,9,58.17528,100.948,13,13,,,
2026-05-30 01:39:21 UTC,,28.97884,,,,,9,56.81867,100.948,13,13,,,
2026-05-30 01:40:21 UTC,,28.95485,,,,,10,56.13332,100.948,14,14,,,
2026-05-30 01:41:21 UTC,,28.93939,,,,,9,56.44444,100.948,13,13,,,
2026-05-30 01:42:22 UTC,,28.94507,,,,,10,56.34302,100.947,14,14,,,
2026-05-30 01:43:22 UTC,,28.97221,,,,,10,56.48329,100.946,14,14,,,
2026-05-30 01:44:22 UTC,,28.98357,,,,,10,56.915,100.945,14,14,,,
2026-05-30 01:45:22 UTC,,29.01576,,,,,10,56.90604,100.944,14,14,,,
2026-05-30 01:46:22 UTC,,29.04699,,,,,9,56.84911,100.943,13,13,,,
2026-05-30 01:47:22 UTC,,29.10221,,,,,9,56.5704,100.943,13,13,,,
2026-05-30 01:48:22 UTC,,29.13598,,,,,9,57.29992,100.942,13,13,,,
2026-05-30 01:49:22 UTC,,29.16343,,,,,10,57.57124,100.941,14,14,,,
2026-05-30 01:50:22 UTC,,29.1912,,,,,9,57.32174,100.94,13,13,,,
2026-05-30 01:51:22 UTC,,29.21929,,,,,9,57.19576,100.939,13,13,,,
2026-05-30 01:52:22 UTC,,29.248,,,,,10,57.81707,100.938,14,14,,,
2026-05-30 01:53:22 UTC,,29.23222,,,,,9,56.87617,100.936,13,13,,,
2026-05-30 01:54:23 UTC,,29.21581,,,,,9,55.6338,100.934,13,13,,,
2026-05-30 01:55:23 UTC,,29.18394,,,,,9,55.58168,100.932,13,13,,,
2026-05-30 01:56:23 UTC,,29.14829,,,,,9,55.84152,100.929,13,13,,,
2026-05-30 01:57:23 UTC,,29.1587,,,,,9,55.83622,100.926,13,13,,,
2026-05-30 01:58:23 UTC,,29.19657,,,,,9,55.85528,100.924,13,13,,,
2026-05-30 01:59:23 UTC,,29.22749,,,,,8,56.70468,100.922,11,11,,,
2026-05-30 02:00:23 UTC,,29.26883,,,,,7,56.7517,100.921,10,10,,,
2026-05-30 02:01:23 UTC,,29.32973,,,,,8,56.44659,100.92,11,11,,,
2026-05-30 02:02:23 UTC,,29.35371,,,,,8,56.83242,100.919,11,11,,,
2026-05-30 02:03:23 UTC,,29.37075,,,,,7,57.60871,100.919,10,10,,,
2026-05-30 02:04:23 UTC,,29.3717,,,,,7,56.60965,100.919,10,10,,,
2026-05-30 02:05:23 UTC,,29.36823,,,,,6,55.83245,100.918,8,8,,,
2026-05-30 02:06:24 UTC,,29.35024,,,,,6,55.63956,100.918,8,8,,,
2026-05-30 02:07:24 UTC,,29.35718,,,,,6,55.43688,100.916,8,8,,,
2026-05-30 02:08:24 UTC,,29.35718,,,,,7,55.12498,100.916,10,10,,,
2026-05-30 02:09:24 UTC,,29.33888,,,,,6,54.01447,100.916,8,8,,,
2026-05-30 02:10:24 UTC,,29.28839,,,,,6,53.42899,100.916,9,9,,,
2026-05-30 02:11:24 UTC,,29.21645,,,,,6,53.12376,100.914,9,9,,,
2026-05-30 02:12:24 UTC,,29.13819,,,,,6,55.6566,100.913,8,8,,,
2026-05-30 02:13:24 UTC,,29.15649,,,,,6,55.48273,100.913,9,9,,,
2026-05-30 02:14:24 UTC,,29.21108,,,,,7,55.59917,100.914,10,10,,,
2026-05-30 02:15:24 UTC,,29.16154,,,,,7,56.91368,100.913,10,10,,,
2026-05-30 02:16:24 UTC,,29.15712,,,,,7,56.70125,100.914,10,10,,,
2026-05-30 02:17:24 UTC,,29.17069,,,,,6,56.49168,100.913,8,8,,,
2026-05-30 02:18:25 UTC,,29.20225,,,,,7,56.23721,100.914,10,10,,,
2026-05-30 02:19:25 UTC,,29.21266,,,,,7,57.16057,100.914,10,10,,,
2026-05-30 02:20:25 UTC,,29.23475,,,,,7,55.46002,100.914,10,10,,,
2026-05-30 02:21:25 UTC,,29.25558,,,,,7,54.29256,100.913,10,10,,,
2026-05-30 02:22:25 UTC,,29.18142,,,,,7,54.80887,100.912,10,10,,,
2026-05-30 02:23:25 UTC,,29.13724,,,,,7,54.89728,100.911,10,10,,,
2026-05-30 02:24:25 UTC,,29.11358,,,,,8,55.65306,100.91,11,11,,,
2026-05-30 02:25:25 UTC,,29.16375,,,,,8,55.26674,100.91,11,11,,,
2026-05-30 02:26:25 UTC,,29.19593,,,,,8,56.37941,100.909,11,11,,,
2026-05-30 02:27:25 UTC,,29.20446,,,,,6,56.47612,100.909,9,9,,,
2026-05-30 02:28:25 UTC,,29.21802,,,,,8,56.34171,100.908,11,11,,,
2026-05-30 02:29:25 UTC,,29.2805,,,,,7,55.87419,100.907,10,10,,,
2026-05-30 02:30:25 UTC,,29.27956,,,,,7,56.88309,100.907,10,10,,,
2026-05-30 02:31:26 UTC,,29.30038,,,,,7,55.06945,100.907,10,10,,,
2026-05-30 02:32:26 UTC,,29.3048,,,,,7,53.94906,100.906,10,10,,,
2026-05-30 02:33:26 UTC,,29.19436,,,,,7,54.91894,100.905,10,10,,,
2026-05-30 02:34:26 UTC,,29.18363,,,,,6,54.38361,100.905,9,9,,,
2026-05-30 02:35:26 UTC,,29.17132,,,,,7,54.57089,100.905,10,10,,,
2026-05-30 02:36:26 UTC,,29.19688,,,,,7,54.67585,100.904,10,10,,,
2026-05-30 02:37:26 UTC,,29.17227,,,,,7,55.43071,100.904,10,10,,,
2026-05-30 02:38:26 UTC,,29.1972,,,,,6,55.07504,100.904,9,9,,,
2026-05-30 02:39:26 UTC,,29.20982,,,,,7,55.17844,100.903,10,10,,,
2026-05-30 02:40:26 UTC,,29.20982,,,,,6,55.53788,100.902,8,8,,,
2026-05-30 02:41:26 UTC,,29.183,,,,,6,56.13908,100.902,8,8,,,
2026-05-30 02:42:26 UTC,,29.2054,,,,,7,54.13717,100.902,10,10,,,
2026-05-30 02:43:27 UTC,,29.20446,,,,,6,53.06847,100.901,8,8,,,
2026-05-30 02:44:27 UTC,,29.22686,,,,,7,51.98228,100.9,10,10,,,
2026-05-30 02:45:27 UTC,,29.19846,,,,,7,51.35974,100.898,10,10,,,
2026-05-30 02:46:27 UTC,,29.14639,,,,,6,51.46563,100.897,9,9,,,
2026-05-30 02:47:27 UTC,,29.09969,,,,,6,53.65122,100.897,9,9,,,
2026-05-30 02:48:27 UTC,,29.13724,,,,,6,53.96592,100.898,8,8,,,
2026-05-30 02:49:27 UTC,,29.20098,,,,,6,54.80489,100.898,8,8,,,
2026-05-30 02:50:27 UTC,,29.24642,,,,,4,55.78769,100.896,6,6,,,
2026-05-30 02:51:27 UTC,,29.2865,,,,,4,55.81385,100.896,6,6,,,
2026-05-30 02:52:27 UTC,,29.33446,,,,,4,55.88877,100.896,6,6,,,
2026-05-30 02:53:27 UTC,,29.38968,,,,,4,55.99881,100.895,6,6,,,
2026-05-30 02:54:27 UTC,,29.44459,,,,,4,56.3201,100.896,6,6,,,
2026-05-30 02:55:28 UTC,,29.4812,,,,,4,55.3529,100.896,6,6,,,
2026-05-30 02:56:28 UTC,,29.50549,,,,,4,54.855,100.896,6,6,,,
2026-05-30 02:57:28 UTC,,29.50991,,,,,3,54.49731,100.894,4,4,,,
2026-05-30 02:58:28 UTC,,29.51685,,,,,4,54.32949,100.893,5,5,,,
2026-05-30 02:59:28 UTC,,29.50644,,,,,4,54.24706,100.892,5,5,,,
2026-05-30 03:00:28 UTC,,29.4569,,,,,3,54.42901,100.89,4,4,,,
2026-05-30 03:01:28 UTC,,29.4509,,,,,3,52.78781,100.889,4,4,,,
2026-05-30 03:02:28 UTC,,29.38369,,,,,3,52.5444,100.888,4,4,,,
2026-05-30 03:03:28 UTC,,29.27072,,,,,3,53.61463,100.887,4,4,,,
2026-05-30 03:04:28 UTC,,29.22749,,,,,3,53.35336,100.886,4,4,,,
2026-05-30 03:05:28 UTC,,29.242,,,,,3,53.04687,100.885,4,4,,,
2026-05-30 03:06:28 UTC,,29.15807,,,,,3,54.69739,100.885,4,4,,,
2026-05-30 03:07:29 UTC,,29.16217,,,,,3,54.31311,100.885,4,4,,,
2026-05-30 03:08:29 UTC,,29.17574,,,,,3,54.15995,100.884,4,4,,,
2026-05-30 03:09:29 UTC,,29.23065,,,,,3,53.97231,100.884,4,4,,,
2026-05-30 03:10:29 UTC,,29.19593,,,,,3,55.54946,100.883,4,4,,,
2026-05-30 03:11:29 UTC,,29.1811,,,,,3,55.30312,100.882,4,4,,,
2026-05-30 03:12:29 UTC,,29.22118,,,,,3,54.88216,100.881,4,4,,,
2026-05-30 03:13:29 UTC,,29.28713,,,,,4,54.66839,100.882,5,5,,,
2026-05-30 03:14:29 UTC,,29.29849,,,,,3,55.44202,100.881,4,4,,,
2026-05-30 03:15:29 UTC,,29.34361,,,,,3,53.7526,100.88,4,4,,,
2026-05-30 03:16:29 UTC,,29.36949,,,,,3,52.85688,100.879,4,4,,,
2026-05-30 03:17:29 UTC,,29.27135,,,,,3,53.2454,100.877,4,4,,,
2026-05-30 03:18:29 UTC,,29.22276,,,,,4,53.48027,100.874,5,5,,,
2026-05-30 03:19:30 UTC,,29.20319,,,,,3,53.34998,100.87,4,4,,,
2026-05-30 03:20:30 UTC,,29.24327,,,,,4,52.97335,100.87,5,5,,,
2026-05-30 03:21:30 UTC,,29.24737,,,,,4,54.05547,100.868,6,6,,,
2026-05-30 03:22:30 UTC,,29.25778,,,,,4,54.05695,100.866,6,6,,,
2026-05-30 03:23:30 UTC,,29.26788,,,,,4,54.01121,100.865,6,6,,,
2026-05-30 03:24:30 UTC,,29.33793,,,,,4,53.61731,100.864,5,5,,,
2026-05-30 03:25:30 UTC,,29.35308,,,,,4,54.96186,100.863,5,5,,,
2026-05-30 03:26:30 UTC,,29.37391,,,,,4,54.68071,100.861,6,6,,,
2026-05-30 03:27:30 UTC,,29.36728,,,,,4,54.73385,100.859,6,6,,,
2026-05-30 03:28:30 UTC,,29.38937,,,,,4,54.66939,100.858,6,6,,,
2026-05-30 03:29:30 UTC,,29.34077,,,,,4,56.12789,100.857,5,5,,,
2026-05-30 03:30:30 UTC,,29.35876,,,,,4,53.80854,100.856,6,6,,,
2026-05-30 03:31:30 UTC,,29.35245,,,,,4,52.84113,100.854,6,6,,,
2026-05-30 03:32:31 UTC,,29.27482,,,,,4,52.96432,100.852,6,6,,,
2026-05-30 03:33:31 UTC,,29.2155,,,,,4,53.33155,100.849,6,6,,,
2026-05-30 03:34:31 UTC,,29.21802,,,,,4,53.33862,100.848,6,6,,,
2026-05-30 03:35:31 UTC,,29.2682,,,,,5,52.85625,100.847,7,7,,,
2026-05-30 03:36:31 UTC,,29.27672,,,,,4,54.01919,100.845,5,5,,,
2026-05-30 03:37:31 UTC,,29.29123,,,,,4,53.97409,100.842,6,6,,,
2026-05-30 03:38:31 UTC,,29.29818,,,,,5,54.00874,100.839,7,7,,,
2026-05-30 03:39:31 UTC,,29.34677,,,,,4,53.63872,100.837,6,6,,,
2026-05-30 03:40:31 UTC,,29.32342,,,,,4,55.19468,100.835,6,6,,,
2026-05-30 03:41:31 UTC,,29.33415,,,,,4,54.85089,100.834,6,6,,,
2026-05-30 03:42:31 UTC,,29.34109,,,,,5,54.78423,100.831,7,7,,,
2026-05-30 03:43:31 UTC,,29.38527,,,,,4,54.46613,100.828,6,6,,,
2026-05-30 03:44:32 UTC,,29.37075,,,,,4,55.62893,100.825,5,5,,,
2026-05-30 03:45:32 UTC,,29.38937,,,,,4,53.88015,100.822,6,6,,,
2026-05-30 03:46:32 UTC,,29.33478,,,,,4,53.32132,100.821,6,6,,,
2026-05-30 03:47:32 UTC,,29.23507,,,,,4,53.67686,100.819,6,6,,,
2026-05-30 03:48:32 UTC,,29.19089,,,,,5,53.87247,100.817,7,7,,,
2026-05-30 03:49:32 UTC,,29.20225,,,,,4,53.32971,100.816,6,6,,,
2026-05-30 03:50:32 UTC,,29.24611,,,,,4,53.13458,100.813,5,5,,,
2026-05-30 03:51:32 UTC,,29.26599,,,,,4,54.11874,100.811,6,6,,,
2026-05-30 03:52:32 UTC,,29.27388,,,,,4,53.93125,100.808,6,6,,,
2026-05-30 03:53:32 UTC,,29.2723,,,,,4,54.11964,100.806,6,6,,,
2026-05-30 03:54:32 UTC,,29.28334,,,,,4,54.34371,100.804,6,6,,,
2026-05-30 03:55:32 UTC,,29.29818,,,,,4,54.68348,100.802,6,6,,,
2026-05-30 03:56:33 UTC,,29.31017,,,,,5,53.18372,100.801,7,7,,,
2026-05-30 03:57:33 UTC,,29.31332,,,,,4,52.12076,100.799,5,5,,,
2026-05-30 03:58:33 UTC,,29.23632,,,,,4,52.98579,100.796,5,5,,,
2026-05-30 03:59:33 UTC,,29.22718,,,,,4,52.77027,100.793,6,6,,,
2026-05-30 04:00:33 UTC,,29.22875,,,,,4,52.77718,100.791,6,6,,,
2026-05-30 04:01:33 UTC,,29.2136,,,,,4,53.30445,100.789,6,6,,,
2026-05-30 04:02:33 UTC,,29.18899,,,,,4,53.79147,100.787,6,6,,,
2026-05-30 04:03:33 UTC,,29.19783,,,,,4,53.67838,100.785,6,6,,,
2026-05-30 04:04:33 UTC,,29.254,,,,,3,53.41076,100.784,4,4,,,
2026-05-30 04:05:33 UTC,,29.32026,,,,,3,54.01184,100.781,4,4,,,
2026-05-30 04:06:33 UTC,,29.3777,,,,,3,53.71029,100.779,4,4,,,
2026-05-30 04:07:33 UTC,,29.40735,,,,,4,52.60115,100.777,5,5,,,
2026-05-30 04:08:34 UTC,,29.41651,,,,,4,51.72175,100.775,6,6,,,
2026-05-30 04:09:34 UTC,,29.3799,,,,,4,51.8233,100.774,6,6,,,
2026-05-30 04:10:34 UTC,,29.34772,,,,,4,52.31231,100.772,6,6,,,
2026-05-30 04:11:34 UTC,,29.33541,,,,,4,52.40411,100.77,6,6,,,
2026-05-30 04:12:34 UTC,,29.36791,,,,,4,52.48876,100.767,5,5,,,
2026-05-30 04:13:34 UTC,,29.39757,,,,,4,53.00144,100.765,5,5,,,
2026-05-30 04:14:34 UTC,,29.41398,,,,,4,53.21156,100.763,6,6,,,
2026-05-30 04:15:34 UTC,,29.43575,,,,,4,53.25486,100.761,6,6,,,
2026-05-30 04:16:34 UTC,,29.48908,,,,,4,53.49732,100.759,6,6,,,
2026-05-30 04:17:34 UTC,,29.53831,,,,,3,53.73282,100.757,4,4,,,
2026-05-30 04:18:34 UTC,,29.53326,,,,,3,52.8059,100.754,4,4,,,
2026-05-30 04:19:34 UTC,,29.51654,,,,,4,51.92855,100.752,5,5,,,
2026-05-30 04:20:34 UTC,,29.461,,,,,4,51.24915,100.75,5,5,,,
2026-05-30 04:21:34 UTC,,29.37138,,,,,4,51.64243,100.748,5,5,,,
2026-05-30 04:22:35 UTC,,29.33383,,,,,3,51.85697,100.746,4,4,,,
2026-05-30 04:23:35 UTC,,29.34298,,,,,3,51.39923,100.745,4,4,,,
2026-05-30 04:24:35 UTC,,29.32973,,,,,3,51.74322,100.743,4,4,,,
2026-05-30 04:25:35 UTC,,29.33194,,,,,4,52.45708,100.741,5,5,,,
2026-05-30 04:26:35 UTC,,29.32215,,,,,3,52.64289,100.74,4,4,,,
2026-05-30 04:27:35 UTC,,29.31395,,,,,3,52.70865,100.739,4,4,,,
2026-05-30 04:28:35 UTC,,29.36381,,,,,3,52.46814,100.738,4,4,,,
2026-05-30 04:29:35 UTC,,29.34551,,,,,3,53.71923,100.738,4,4,,,
2026-05-30 04:30:35 UTC,,29.38716,,,,,3,53.34875,100.737,4,4,,,
2026-05-30 04:31:35 UTC,,29.41083,,,,,4,53.2648,100.735,5,5,,,
2026-05-30 04:33:35 UTC,,29.47867,,,,,3,53.48243,100.732,4,4,,,
2026-05-30 04:34:36 UTC,,29.48814,,,,,3,52.4719,100.731,4,4,,,
2026-05-30 04:35:36 UTC,,29.48214,,,,,2,51.6708,100.729,3,3,,,
2026-05-30 04:36:36 UTC,,29.4427,,,,,3,50.92163,100.727,4,4,,,
2026-05-30 04:37:36 UTC,,29.40168,,,,,3,50.26777,100.723,4,4,,,
2026-05-30 04:38:36 UTC,,29.38085,,,,,3,50.60872,100.719,4,4,,,
2026-05-30 04:39:36 UTC,,29.34235,,,,,3,51.10704,100.717,4,4,,,
2026-05-30 04:40:36 UTC,,29.35213,,,,,3,50.96247,100.716,4,4,,,
2026-05-30 04:41:36 UTC,,29.37454,,,,,3,51.50318,100.715,4,4,,,
2026-05-30 04:42:36 UTC,,29.43923,,,,,4,53.20167,100.714,5,5,,,
2026-05-30 04:43:36 UTC,,29.51212,,,,,3,52.95702,100.713,4,4,,,
2026-05-30 04:44:36 UTC,,29.5503,,,,,3,53.34466,100.713,4,4,,,
2026-05-30 04:45:36 UTC,,29.59416,,,,,3,53.48513,100.712,4,4,,,
2026-05-30 04:46:36 UTC,,29.62667,,,,,3,53.65102,100.71,4,4,,,
2026-05-30 04:47:37 UTC,,29.61499,,,,,3,52.76366,100.708,4,4,,,
2026-05-30 04:48:37 UTC,,29.57996,,,,,3,51.91056,100.707,4,4,,,
2026-05-30 04:49:37 UTC,,29.53989,,,,,3,51.02754,100.705,4,4,,,
2026-05-30 04:50:37 UTC,,29.45501,,,,,3,51.8069,100.703,4,4,,,
2026-05-30 04:51:37 UTC,,29.38432,,,,,3,51.89717,100.7,4,4,,,
2026-05-30 04:52:37 UTC,,29.40672,,,,,3,51.48096,100.699,4,4,,,
2026-05-30 04:53:37 UTC,,29.43165,,,,,4,51.91696,100.697,5,5,,,
2026-05-30 04:54:37 UTC,,29.41462,,,,,3,52.76271,100.695,4,4,,,
2026-05-30 04:55:37 UTC,,29.44049,,,,,3,52.51212,100.693,4,4,,,
2026-05-30 04:56:37 UTC,,29.45626,,,,,3,52.66139,100.691,4,4,,,
2026-05-30 04:57:37 UTC,,29.49824,,,,,3,52.84122,100.691,4,4,,,
2026-05-30 04:58:37 UTC,,29.53042,,,,,3,52.69172,100.687,4,4,,,
2026-05-30 04:59:38 UTC,,29.56103,,,,,3,52.68926,100.684,4,4,,,
2026-05-30 05:00:38 UTC,,29.58501,,,,,3,52.61898,100.682,4,4,,,
2026-05-30 05:01:38 UTC,,29.57902,,,,,4,52.77876,100.681,5,5,,,
2026-05-30 05:02:38 UTC,,29.58438,,,,,3,52.77281,100.678,4,4,,,
2026-05-30 05:03:38 UTC,,29.57838,,,,,2,52.62476,100.677,3,3,,,
2026-05-30 05:04:38 UTC,,29.58975,,,,,2,52.68654,100.676,3,3,,,
2026-05-30 05:05:38 UTC,,29.62477,,,,,2,52.32367,100.674,3,3,,,
2026-05-30 05:06:38 UTC,,29.63171,,,,,3,51.2789,100.674,4,4,,,
2026-05-30 05:07:38 UTC,,29.62509,,,,,2,50.91966,100.673,3,3,,,
2026-05-30 05:08:38 UTC,,29.6538,,,,,2,51.26197,100.672,3,3,,,
2026-05-30 05:09:38 UTC,,29.5828,,,,,2,52.39807,100.671,3,3,,,
2026-05-30 05:10:38 UTC,,29.56545,,,,,2,52.68988,100.671,3,3,,,
2026-05-30 05:11:39 UTC,,29.57775,,,,,2,52.83215,100.67,3,3,,,
2026-05-30 05:12:39 UTC,,29.61688,,,,,2,52.49633,100.67,3,3,,,
2026-05-30 05:13:39 UTC,,29.5888,,,,,2,52.86718,100.668,3,3,,,
2026-05-30 05:14:39 UTC,,29.57397,,,,,2,53.13992,100.668,3,3,,,
2026-05-30 05:15:39 UTC,,29.62572,,,,,2,52.87229,100.668,3,3,,,
2026-05-30 05:16:39 UTC,,29.68126,,,,,2,52.62559,100.666,3,3,,,
2026-05-30 05:17:39 UTC,,29.72196,,,,,2,52.33706,100.663,3,3,,,
2026-05-30 05:18:39 UTC,,29.74153,,,,,2,52.16613,100.662,3,3,,,
2026-05-30 05:19:39 UTC,,29.75289,,,,,2,52.34131,100.66,3,3,,,
2026-05-30 05:20:39 UTC,,29.76235,,,,,2,52.40276,100.658,3,3,,,
2026-05-30 05:21:39 UTC,,29.79265,,,,,2,52.32674,100.656,3,3,,,
2026-05-30 05:22:39 UTC,,29.80906,,,,,3,52.17542,100.655,4,4,,,
2026-05-30 05:23:40 UTC,,29.83178,,,,,2,51.69848,100.654,3,3,,,
2026-05-30 05:24:40 UTC,,29.80874,,,,,2,50.83834,100.652,3,3,,,
2026-05-30 05:25:40 UTC,,29.73585,,,,,2,50.27268,100.65,3,3,,,
2026-05-30 05:26:40 UTC,,29.67147,,,,,2,49.72974,100.648,3,3,,,
2026-05-30 05:27:40 UTC,,29.53831,,,,,2,50.76885,100.646,3,3,,,
2026-05-30 05:28:40 UTC,,29.46763,,,,,2,50.69976,100.646,3,3,,,
2026-05-30 05:29:40 UTC,,29.43986,,,,,2,50.77548,100.645,3,3,,,
2026-05-30 05:30:40 UTC,,29.49382,,,,,3,50.85561,100.645,4,4,,,
2026-05-30 05:31:40 UTC,,29.4812,,,,,2,51.65736,100.644,3,3,,,
2026-05-30 05:32:40 UTC,,29.47425,,,,,3,51.58988,100.643,4,4,,,
2026-05-30 05:33:40 UTC,,29.50581,,,,,2,51.58752,100.641,3,3,,,
2026-05-30 05:34:40 UTC,,29.54841,,,,,2,52.33988,100.64,3,3,,,
2026-05-30 05:35:41 UTC,,29.57555,,,,,2,51.65024,100.639,3,3,,,
2026-05-30 05:36:41 UTC,,29.5604,,,,,2,50.95737,100.639,3,3,,,
2026-05-30 05:37:41 UTC,,29.52979,,,,,2,50.13295,100.637,3,3,,,
2026-05-30 05:38:41 UTC,,29.48687,,,,,2,49.81732,100.635,3,3,,,
2026-05-30 05:39:41 UTC,,29.38684,,,,,2,50.70879,100.635,3,3,,,
2026-05-30 05:40:41 UTC,,29.31048,,,,,2,50.81773,100.634,3,3,,,
2026-05-30 05:41:41 UTC,,29.29376,,,,,2,50.68308,100.634,3,3,,,
2026-05-30 05:42:41 UTC,,29.32721,,,,,3,51.17134,100.633,4,4,,,
2026-05-30 05:43:41 UTC,,29.30764,,,,,3,51.8534,100.632,4,4,,,
2026-05-30 05:44:41 UTC,,29.30796,,,,,2,51.72695,100.631,3,3,,,
2026-05-30 05:45:41 UTC,,29.32342,,,,,2,51.85555,100.629,3,3,,,
2026-05-30 05:46:41 UTC,,29.40136,,,,,2,52.21954,100.628,3,3,,,
2026-05-30 05:47:41 UTC,,29.42155,,,,,2,51.59602,100.627,3,3,,,
2026-05-30 05:48:42 UTC,,29.41304,,,,,2,50.93752,100.625,3,3,,,
2026-05-30 05:49:42 UTC,,29.38274,,,,,2,50.31808,100.622,3,3,,,
2026-05-30 05:50:42 UTC,,29.24926,,,,,3,50.70359,100.62,4,4,,,
2026-05-30 05:51:42 UTC,,29.20446,,,,,3,50.62481,100.619,4,4,,,
2026-05-30 05:52:42 UTC,,29.17826,,,,,2,50.76027,100.617,3,3,,,
2026-05-30 05:53:42 UTC,,29.21992,,,,,2,50.48801,100.615,3,3,,,
2026-05-30 05:54:42 UTC,,29.23222,,,,,2,51.56366,100.612,3,3,,,
2026-05-30 05:55:42 UTC,,29.23317,,,,,2,51.82994,100.61,3,3,,,
2026-05-30 05:56:42 UTC,,29.24137,,,,,2,51.75116,100.609,3,3,,,
2026-05-30 05:57:42 UTC,,29.29123,,,,,2,51.59827,100.607,3,3,,,
2026-05-30 05:58:42 UTC,,29.35024,,,,,2,52.48633,100.607,3,3,,,
2026-05-30 05:59:42 UTC,,29.36917,,,,,2,51.45594,100.606,3,3,,,
2026-05-30 06:00:43 UTC,,29.34519,,,,,2,50.82238,100.605,3,3,,,
2026-05-30 06:01:43 UTC,,29.30732,,,,,3,50.2156,100.604,4,4,,,
2026-05-30 06:02:43 UTC,,29.20446,,,,,2,50.20192,100.604,3,3,,,
2026-05-30 06:03:43 UTC,,29.14797,,,,,2,50.55774,100.603,3,3,,,
2026-05-30 06:04:43 UTC,,29.10316,,,,,2,50.65758,100.603,3,3,,,
2026-05-30 06:05:43 UTC,,29.11484,,,,,2,50.62606,100.602,3,3,,,
2026-05-30 06:06:43 UTC,,29.14702,,,,,2,51.20011,100.601,3,3,,,
2026-05-30 06:07:43 UTC,,29.14829,,,,,3,51.42603,100.6,4,4,,,
2026-05-30 06:08:43 UTC,,29.16817,,,,,2,51.349,100.598,3,3,,,
2026-05-30 06:09:43 UTC,,29.2379,,,,,3,51.14602,100.596,4,4,,,
2026-05-30 06:10:43 UTC,,29.24895,,,,,3,52.6328,100.595,4,4,,,
2026-05-30 06:11:43 UTC,,29.24232,,,,,2,52.60514,100.593,3,3,,,
2026-05-30 06:12:44 UTC,,29.27041,,,,,2,52.29502,100.592,3,3,,,
2026-05-30 06:13:44 UTC,,29.33825,,,,,2,52.08415,100.59,3,3,,,
2026-05-30 06:14:44 UTC,,29.37896,,,,,2,53.04576,100.589,3,3,,,
2026-05-30 06:15:44 UTC,,29.39631,,,,,2,51.8988,100.587,3,3,,,
2026-05-30 06:16:44 UTC,,29.38463,,,,,3,51.1061,100.585,4,4,,,
2026-05-30 06:17:44 UTC,,29.34551,,,,,2,50.49155,100.583,3,3,,,
2026-05-30 06:18:44 UTC,,29.23885,,,,,2,50.78826,100.582,3,3,,,
2026-05-30 06:19:44 UTC,,29.19625,,,,,2,50.82227,100.58,3,3,,,
2026-05-30 06:20:44 UTC,,29.17038,,,,,2,50.9049,100.578,3,3,,,
2026-05-30 06:21:44 UTC,,29.20856,,,,,2,50.62535,100.576,3,3,,,
2026-05-30 06:22:44 UTC,,29.23759,,,,,2,51.41817,100.576,3,3,,,
2026-05-30 06:23:44 UTC,,29.27388,,,,,2,51.48954,100.575,3,3,,,
2026-05-30 06:24:45 UTC,,29.27451,,,,,2,51.64256,100.574,3,3,,,
2026-05-30 06:25:45 UTC,,29.28902,,,,,2,51.63788,100.573,3,3,,,
2026-05-30 06:26:45 UTC,,29.34267,,,,,2,52.30494,100.573,3,3,,,
2026-05-30 06:27:45 UTC,,29.35592,,,,,2,51.25486,100.571,3,3,,,
2026-05-30 06:28:45 UTC,,29.34898,,,,,3,50.56475,100.57,4,4,,,
2026-05-30 06:29:45 UTC,,29.31332,,,,,2,49.84048,100.569,3,3,,,
2026-05-30 06:30:45 UTC,,29.21235,,,,,2,50.34823,100.568,3,3,,,
2026-05-30 06:31:45 UTC,,29.17196,,,,,2,50.38248,100.565,3,3,,,
2026-05-30 06:32:45 UTC,,29.12872,,,,,2,50.66761,100.564,3,3,,,
2026-05-30 06:33:45 UTC,,29.15838,,,,,2,50.209,100.564,3,3,,,
2026-05-30 06:34:45 UTC,,29.15049,,,,,2,51.47282,100.563,3,3,,,
2026-05-30 06:35:45 UTC,,29.16817,,,,,2,51.44864,100.562,3,3,,,
2026-05-30 06:36:46 UTC,,29.20446,,,,,2,51.14814,100.559,3,3,,,
2026-05-30 06:37:46 UTC,,29.26157,,,,,2,51.16912,100.559,3,3,,,
2026-05-30 06:38:46 UTC,,29.32026,,,,,3,51.80185,100.558,4,4,,,
2026-05-30 06:39:46 UTC,,29.33572,,,,,2,50.88737,100.557,3,3,,,
2026-05-30 06:40:46 UTC,,29.31301,,,,,2,50.21635,100.556,3,3,,,
2026-05-30 06:41:46 UTC,,29.26725,,,,,2,49.79488,100.554,3,3,,,
2026-05-30 06:42:46 UTC,,29.15649,,,,,2,50.57872,100.553,3,3,,,
2026-05-30 06:43:46 UTC,,29.10695,,,,,2,50.55226,100.553,3,3,,,
2026-05-30 06:44:46 UTC,,29.07382,,,,,2,50.70658,100.552,3,3,,,
2026-05-30 06:45:46 UTC,,29.09748,,,,,3,50.90837,100.552,4,4,,,
2026-05-30 06:46:46 UTC,,29.08202,,,,,3,51.62973,100.551,4,4,,,
2026-05-30 06:47:46 UTC,,29.1101,,,,,3,51.32788,100.552,4,4,,,
2026-05-30 06:48:46 UTC,,29.15933,,,,,3,51.14207,100.552,4,4,,,
2026-05-30 06:49:47 UTC,,29.23759,,,,,2,51.56439,100.552,3,3,,,
2026-05-30 06:50:47 UTC,,29.27514,,,,,3,51.38339,100.551,4,4,,,
2026-05-30 06:51:47 UTC,,29.27514,,,,,3,50.64749,100.549,4,4,,,
2026-05-30 06:52:47 UTC,,29.24169,,,,,3,50.07491,100.548,4,4,,,
2026-05-30 06:53:47 UTC,,29.12998,,,,,2,50.94586,100.546,3,3,,,
2026-05-30 06:54:47 UTC,,29.09748,,,,,2,50.58406,100.545,3,3,,,
2026-05-30 06:55:47 UTC,,29.06467,,,,,3,50.83112,100.544,4,4,,,
2026-05-30 06:56:47 UTC,,29.12746,,,,,2,50.2775,100.544,3,3,,,
2026-05-30 06:57:47 UTC,,29.12651,,,,,2,51.48952,100.544,3,3,,,
2026-05-30 06:58:47 UTC,,29.15081,,,,,2,51.41972,100.544,3,3,,,
2026-05-30 06:59:47 UTC,,29.16754,,,,,2,51.40869,100.543,3,3,,,
2026-05-30 07:00:47 UTC,,29.24327,,,,,2,51.16002,100.542,3,3,,,
2026-05-30 07:01:48 UTC,,29.28461,,,,,2,51.79699,100.542,3,3,,,
2026-05-30 07:02:48 UTC,,29.28902,,,,,2,50.90096,100.543,3,3,,,
2026-05-30 07:03:48 UTC,,29.26536,,,,,3,50.17041,100.542,4,4,,,
2026-05-30 07:04:48 UTC,,29.13156,,,,,2,50.64153,100.542,3,3,,,
2026-05-30 07:05:48 UTC,,29.06687,,,,,2,50.99702,100.542,3,3,,,
2026-05-30 07:06:48 UTC,,29.03879,,,,,3,50.81441,100.541,4,4,,,
2026-05-30 07:07:48 UTC,,29.05047,,,,,2,50.57779,100.541,3,3,,,
2026-05-30 07:08:48 UTC,,29.07003,,,,,3,51.46858,100.542,4,4,,,
2026-05-30 07:09:48 UTC,,29.07697,,,,,2,51.66229,100.542,3,3,,,
2026-05-30 07:10:48 UTC,,29.1202,,,,,3,51.31596,100.542,4,4,,,
2026-05-30 07:11:48 UTC,,29.15554,,,,,2,51.30082,100.542,3,3,,,
2026-05-30 07:12:48 UTC,,29.15081,,,,,3,52.8735,100.544,4,4,,,
2026-05-30 07:13:48 UTC,,29.1445,,,,,2,52.84585,100.544,3,3,,,
2026-05-30 07:14:48 UTC,,29.18615,,,,,3,52.42368,100.545,4,4,,,
2026-05-30 07:15:49 UTC,,29.2297,,,,,3,52.19602,100.545,4,4,,,
2026-05-30 07:16:49 UTC,,29.32184,,,,,2,52.66291,100.545,3,3,,,
2026-05-30 07:17:49 UTC,,29.35371,,,,,2,51.79309,100.544,3,3,,,
2026-05-30 07:18:49 UTC,,29.35844,,,,,3,50.96332,100.543,4,4,,,
2026-05-30 07:19:49 UTC,,29.31805,,,,,2,50.31607,100.541,3,3,,,
2026-05-30 07:20:49 UTC,,29.2641,,,,,2,50.17685,100.54,3,3,,,
2026-05-30 07:21:49 UTC,,29.17574,,,,,2,50.74007,100.54,3,3,,,
2026-05-30 07:22:49 UTC,,29.13977,,,,,2,50.70878,100.537,3,3,,,
2026-05-30 07:23:49 UTC,,29.11705,,,,,2,50.93749,100.536,3,3,,,
2026-05-30 07:24:49 UTC,,29.14892,,,,,2,51.28001,100.534,3,3,,,
2026-05-30 07:25:49 UTC,,29.12367,,,,,2,51.70855,100.532,3,3,,,
2026-05-30 07:26:49 UTC,,29.12399,,,,,2,51.62878,100.531,3,3,,,
2026-05-30 07:27:50 UTC,,29.18174,,,,,3,51.32427,100.531,4,4,,,
2026-05-30 07:28:50 UTC,,29.22528,,,,,2,52.27549,100.529,3,3,,,
2026-05-30 07:29:50 UTC,,29.26441,,,,,3,51.29561,100.529,4,4,,,
2026-05-30 07:30:50 UTC,,29.25179,,,,,2,50.63776,100.529,3,3,,,
2026-05-30 07:31:50 UTC,,29.22497,,,,,3,49.96719,100.528,4,4,,,
2026-05-30 07:32:50 UTC,,29.10443,,,,,3,50.59822,100.528,4,4,,,
2026-05-30 07:33:50 UTC,,29.00692,,,,,3,50.90947,100.527,4,4,,,
2026-05-30 07:34:50 UTC,,28.99587,,,,,2,50.47797,100.527,3,3,,,
2026-05-30 07:35:50 UTC,,29.02964,,,,,2,50.40978,100.527,3,3,,,
2026-05-30 07:36:50 UTC,,29.05552,,,,,3,51.32715,100.527,4,4,,,
2026-05-30 07:37:50 UTC,,29.05173,,,,,2,51.54585,100.526,3,3,,,
2026-05-30 07:38:50 UTC,,29.06656,,,,,3,51.44153,100.526,4,4,,,
2026-05-30 07:39:51 UTC,,29.11863,,,,,3,51.38879,100.526,4,4,,,
2026-05-30 07:40:51 UTC,,29.17448,,,,,3,52.10844,100.527,4,4,,,
2026-05-30 07:41:51 UTC,,29.18363,,,,,3,51.02597,100.528,4,4,,,
2026-05-30 07:42:51 UTC,,29.16943,,,,,2,50.45484,100.529,3,3,,,
2026-05-30 07:43:51 UTC,,29.13314,,,,,3,49.77718,100.529,4,4,,,
2026-05-30 07:44:51 UTC,,29.03406,,,,,3,50.20569,100.528,4,4,,,
2026-05-30 07:45:51 UTC,,28.97884,,,,,2,50.37,100.527,3,3,,,
2026-05-30 07:46:51 UTC,,28.95927,,,,,3,50.22217,100.527,4,4,,,
2026-05-30 07:47:51 UTC,,28.99682,,,,,3,49.96997,100.527,4,4,,,
2026-05-30 07:48:51 UTC,,29.02585,,,,,3,51.19706,100.528,4,4,,,
2026-05-30 07:49:51 UTC,,29.02238,,,,,2,51.18996,100.528,3,3,,,
2026-05-30 07:50:51 UTC,,29.03343,,,,,3,51.2047,100.528,4,4,,,
2026-05-30 07:51:51 UTC,,29.08549,,,,,2,51.15866,100.529,3,3,,,
2026-05-30 07:52:52 UTC,,29.13756,,,,,3,51.84356,100.529,4,4,,,
2026-05-30 07:53:52 UTC,,29.15081,,,,,3,50.74998,100.528,4,4,,,
2026-05-30 07:54:52 UTC,,29.14671,,,,,3,50.12827,100.529,4,4,,,
2026-05-30 07:55:52 UTC,,29.10064,,,,,3,49.61495,100.528,4,4,,,
2026-05-30 07:56:52 UTC,,29.02522,,,,,3,49.75636,100.527,4,4,,,
2026-05-30 07:57:52 UTC,,28.95643,,,,,2,50.22839,100.527,3,3,,,
2026-05-30 07:58:52 UTC,,28.94444,,,,,3,50.05531,100.527,4,4,,,
2026-05-30 07:59:52 UTC,,28.99461,,,,,3,49.79183,100.527,4,4,,,
2026-05-30 08:00:52 UTC,,29.0085,,,,,2,51.07535,100.527,3,3,,,
2026-05-30 08:01:52 UTC,,29.00408,,,,,3,51.11453,100.527,4,4,,,
2026-05-30 08:02:52 UTC,,29.01039,,,,,3,51.0756,100.527,4,4,,,
2026-05-30 08:03:52 UTC,,29.07035,,,,,2,50.73921,100.529,3,3,,,
2026-05-30 08:04:53 UTC,,29.11295,,,,,3,51.78695,100.53,4,4,,,
2026-05-30 08:05:53 UTC,,29.11421,,,,,2,50.73846,100.53,3,3,,,
2026-05-30 08:06:53 UTC,,29.1019,,,,,2,50.12892,100.531,3,3,,,
2026-05-30 08:07:53 UTC,,29.08865,,,,,3,49.2585,100.531,4,4,,,
2026-05-30 08:08:53 UTC,,29.02648,,,,,3,49.46712,100.532,4,4,,,
2026-05-30 08:09:53 UTC,,28.9498,,,,,2,50.01647,100.531,3,3,,,
2026-05-30 08:10:53 UTC,,28.91162,,,,,3,49.88625,100.532,4,4,,,
2026-05-30 08:11:53 UTC,,28.9375,,,,,3,49.77114,100.533,4,4,,,
2026-05-30 08:12:53 UTC,,28.95643,,,,,3,50.7372,100.533,4,4,,,
2026-05-30 08:13:53 UTC,,28.93624,,,,,3,51.02587,100.533,4,4,,,
2026-05-30 08:14:53 UTC,,28.96653,,,,,3,50.69886,100.534,4,4,,,
2026-05-30 08:15:53 UTC,,29.01954,,,,,3,50.54721,100.535,4,4,,,
2026-05-30 08:16:54 UTC,,29.09496,,,,,3,51.39888,100.535,4,4,,,
2026-05-30 08:17:54 UTC,,29.1303,,,,,2,50.59506,100.534,3,3,,,
2026-05-30 08:18:54 UTC,,29.11831,,,,,2,49.95966,100.532,3,3,,,
2026-05-30 08:19:54 UTC,,29.1019,,,,,2,49.33246,100.532,3,3,,,
2026-05-30 08:20:54 UTC,,29.07035,,,,,3,48.83642,100.531,4,4,,,
2026-05-30 08:21:54 UTC,,28.964,,,,,3,49.72855,100.529,4,4,,,
2026-05-30 08:22:54 UTC,,28.93213,,,,,3,49.52705,100.529,4,4,,,
2026-05-30 08:23:54 UTC,,28.92267,,,,,3,49.50608,100.529,4,4,,,
2026-05-30 08:24:54 UTC,,28.98294,,,,,3,49.8298,100.53,4,4,,,
2026-05-30 08:25:54 UTC,,28.9883,,,,,2,50.51661,100.531,3,3,,,
2026-05-30 08:26:54 UTC,,28.99966,,,,,3,50.39259,100.533,4,4,,,
2026-05-30 08:27:54 UTC,,29.03469,,,,,3,50.31799,100.535,4,4,,,
2026-05-30 08:28:55 UTC,,29.10285,,,,,3,50.99523,100.537,4,4,,,
2026-05-30 08:29:55 UTC,,29.13945,,,,,3,50.53677,100.538,4,4,,,
2026-05-30 08:30:55 UTC,,29.14355,,,,,3,49.86416,100.539,4,4,,,
2026-05-30 08:31:55 UTC,,29.11578,,,,,2,49.24236,100.539,3,3,,,
2026-05-30 08:32:55 UTC,,29.01986,,,,,3,48.93468,100.538,4,4,,,
2026-05-30 08:33:55 UTC,,28.94413,,,,,3,49.6141,100.54,4,4,,,
2026-05-30 08:34:55 UTC,,28.90752,,,,,3,49.59614,100.54,4,4,,,
2026-05-30 08:35:55 UTC,,28.89711,,,,,3,49.56847,100.54,4,4,,,
2026-05-30 08:36:55 UTC,,28.94192,,,,,3,50.09454,100.541,4,4,,,
2026-05-30 08:37:55 UTC,,28.95485,,,,,3,50.53197,100.542,4,4,,,
2026-05-30 08:38:55 UTC,,28.98231,,,,,3,50.35725,100.542,4,4,,,
2026-05-30 08:39:55 UTC,,29.02112,,,,,3,50.40865,100.542,4,4,,,
2026-05-30 08:40:56 UTC,,29.09969,,,,,3,51.07436,100.543,4,4,,,
2026-05-30 08:41:56 UTC,,29.14292,,,,,3,50.53724,100.543,4,4,,,
2026-05-30 08:42:56 UTC,,29.16154,,,,,3,49.66243,100.543,4,4,,,
2026-05-30 08:43:56 UTC,,29.13346,,,,,3,49.20527,100.543,4,4,,,
2026-05-30 08:44:56 UTC,,29.07256,,,,,3,48.83671,100.542,4,4,,,
2026-05-30 08:45:56 UTC,,28.98104,,,,,3,49.75712,100.542,4,4,,,
2026-05-30 08:46:56 UTC,,28.95706,,,,,3,49.52375,100.542,4,4,,,
2026-05-30 08:47:56 UTC,,28.95864,,,,,3,49.52395,100.543,4,4,,,
2026-05-30 08:48:56 UTC,,28.99903,,,,,3,50.08232,100.544,4,4,,,
2026-05-30 08:49:56 UTC,,29.00282,,,,,3,50.4855,100.543,4,4,,,
2026-05-30 08:50:56 UTC,,29.02522,,,,,3,50.25732,100.543,4,4,,,
2026-05-30 08:51:56 UTC,,29.05741,,,,,3,50.33422,100.543,4,4,,,
2026-05-30 08:52:56 UTC,,29.10032,,,,,3,51.25354,100.543,4,4,,,
2026-05-30 08:53:57 UTC,,29.1243,,,,,3,50.49508,100.543,4,4,,,
2026-05-30 08:54:57 UTC,,29.1221,,,,,3,49.70988,100.543,4,4,,,
2026-05-30 08:55:57 UTC,,29.10316,,,,,3,49.1357,100.543,4,4,,,
2026-05-30 08:56:57 UTC,,29.07224,,,,,3,48.67299,100.542,4,4,,,
2026-05-30 08:57:57 UTC,,28.96243,,,,,3,49.5113,100.543,4,4,,,
2026-05-30 08:58:57 UTC,,28.93056,,,,,3,49.3166,100.543,4,4,,,
2026-05-30 08:59:57 UTC,,28.92267,,,,,3,49.32871,100.543,4,4,,,
2026-05-30 09:00:57 UTC,,28.88259,,,,,3,50.2648,100.543,4,4,,,
2026-05-30 09:01:57 UTC,,28.86429,,,,,3,50.81753,100.543,4,4,,,
2026-05-30 09:02:57 UTC,,28.89143,,,,,3,50.34517,100.544,4,4,,,
2026-05-30 09:03:57 UTC,,28.91541,,,,,3,50.33516,100.545,4,4,,,
2026-05-30 09:04:57 UTC,,28.97095,,,,,4,51.02391,100.546,5,5,,,
2026-05-30 09:05:58 UTC,,28.98262,,,,,3,51.6362,100.547,4,4,,,
2026-05-30 09:06:58 UTC,,29.01544,,,,,3,51.38814,100.548,4,4,,,
2026-05-30 09:07:58 UTC,,29.03753,,,,,3,51.45089,100.55,4,4,,,
2026-05-30 09:08:58 UTC,,29.10316,,,,,4,51.44649,100.552,5,5,,,
2026-05-30 09:09:58 UTC,,29.16438,,,,,3,51.0499,100.553,4,4,,,
2026-05-30 09:10:58 UTC,,29.18016,,,,,3,50.4034,100.553,4,4,,,
2026-05-30 09:11:58 UTC,,29.16564,,,,,3,49.50511,100.554,4,4,,,
2026-05-30 09:12:58 UTC,,29.11831,,,,,3,49.27551,100.554,4,4,,,
2026-05-30 09:13:58 UTC,,29.07445,,,,,3,48.50975,100.553,4,4,,,
2026-05-30 09:14:58 UTC,,29.0167,,,,,3,47.89533,100.554,4,4,,,
2026-05-30 09:15:58 UTC,,28.86208,,,,,4,48.91418,100.553,5,5,,,
2026-05-30 09:16:58 UTC,,28.78824,,,,,3,48.63625,100.554,4,4,,,
2026-05-30 09:17:59 UTC,,28.77436,,,,,3,48.46449,100.555,4,4,,,
2026-05-30 09:18:59 UTC,,28.80938,,,,,4,48.27961,100.554,5,5,,,
2026-05-30 09:19:59 UTC,,28.76931,,,,,3,50.01899,100.553,4,4,,,
2026-05-30 09:20:59 UTC,,28.76615,,,,,4,49.86707,100.554,5,5,,,
2026-05-30 09:21:59 UTC,,28.7753,,,,,3,49.81561,100.554,4,4,,,
2026-05-30 09:22:59 UTC,,28.79929,,,,,4,49.85826,100.553,5,5,,,
2026-05-30 09:23:59 UTC,,28.81285,,,,,3,51.03581,100.554,4,4,,,
2026-05-30 09:24:59 UTC,,28.83842,,,,,3,50.85379,100.555,4,4,,,
2026-05-30 09:25:59 UTC,,28.86934,,,,,3,50.79836,100.554,4,4,,,
2026-05-30 09:26:59 UTC,,28.93845,,,,,3,50.52318,100.554,4,4,,,
2026-05-30 09:27:59 UTC,,28.92393,,,,,4,52.11421,100.557,5,5,,,
2026-05-30 09:28:59 UTC,,28.93119,,,,,3,51.98194,100.558,4,4,,,
2026-05-30 09:30:00 UTC,,28.95706,,,,,3,51.77907,100.558,4,4,,,
2026-05-30 09:31:00 UTC,,29.0167,,,,,3,51.47465,100.559,4,4,,,
2026-05-30 09:32:00 UTC,,29.04416,,,,,3,52.3708,100.56,4,4,,,
2026-05-30 09:33:00 UTC,,29.07003,,,,,3,50.79873,100.561,4,4,,,
2026-05-30 09:34:00 UTC,,29.06214,,,,,4,50.11705,100.561,5,5,,,
2026-05-30 09:35:00 UTC,,29.05898,,,,,3,49.28088,100.561,4,4,,,
2026-05-30 09:36:00 UTC,,29.01513,,,,,3,49.03894,100.56,4,4,,,
2026-05-30 09:37:00 UTC,,28.81759,,,,,3,49.73561,100.56,4,4,,,
2026-05-30 09:38:00 UTC,,28.77246,,,,,3,49.32878,100.561,4,4,,,
2026-05-30 09:39:00 UTC,,28.75732,,,,,3,49.01851,100.561,4,4,,,
2026-05-30 09:40:00 UTC,,28.79266,,,,,3,48.83969,100.562,4,4,,,
2026-05-30 09:41:00 UTC,,28.77594,,,,,4,50.34304,100.563,5,5,,,
2026-05-30 09:42:01 UTC,,28.77025,,,,,4,50.40171,100.563,5,5,,,
2026-05-30 09:43:01 UTC,,28.78982,,,,,3,50.22609,100.563,4,4,,,
2026-05-30 09:44:01 UTC,,28.81254,,,,,3,50.2555,100.564,4,4,,,
2026-05-30 09:45:01 UTC,,28.81033,,,,,3,51.59957,100.564,4,4,,,
2026-05-30 09:46:01 UTC,,28.81885,,,,,3,51.46119,100.564,4,4,,,
2026-05-30 09:47:01 UTC,,28.85703,,,,,3,51.2672,100.564,4,4,,,
2026-05-30 09:48:01 UTC,,28.90815,,,,,3,51.20111,100.564,4,4,,,
2026-05-30 09:49:01 UTC,,28.93655,,,,,3,52.13593,100.563,4,4,,,
2026-05-30 09:50:01 UTC,,28.94886,,,,,3,52.32438,100.563,4,4,,,
2026-05-30 09:51:01 UTC,,28.99114,,,,,3,51.95679,100.564,4,4,,,
2026-05-30 09:52:01 UTC,,29.03406,,,,,4,51.87606,100.565,5,5,,,
2026-05-30 09:53:01 UTC,,29.07129,,,,,3,52.59497,100.566,4,4,,,
2026-05-30 09:54:01 UTC,,29.09433,,,,,3,51.45193,100.566,4,4,,,
2026-05-30 09:55:02 UTC,,29.08044,,,,,3,50.49585,100.567,4,4,,,
2026-05-30 09:56:02 UTC,,29.03879,,,,,3,50.04142,100.567,4,4,,,
2026-05-30 09:57:02 UTC,,29.00534,,,,,4,49.14917,100.568,5,5,,,
2026-05-30 09:58:02 UTC,,28.96369,,,,,4,48.74401,100.57,6,6,,,
2026-05-30 09:59:02 UTC,,28.84125,,,,,4,49.57429,100.571,6,6,,,
2026-05-30 10:00:02 UTC,,28.77152,,,,,3,49.36805,100.572,4,4,,,
2026-05-30 10:01:02 UTC,,28.7873,,,,,4,48.94377,100.574,5,5,,,
2026-05-30 10:02:02 UTC,,28.76394,,,,,4,50.21606,100.576,6,6,,,
2026-05-30 10:03:02 UTC,,28.7387,,,,,4,50.62877,100.577,5,5,,,
2026-05-30 10:04:02 UTC,,28.74659,,,,,4,50.41178,100.579,6,6,,,
2026-05-30 10:05:02 UTC,,28.76237,,,,,4,50.44028,100.579,6,6,,,
2026-05-30 10:06:02 UTC,,28.80749,,,,,4,50.74376,100.58,6,6,,,
2026-05-30 10:07:03 UTC,,28.81128,,,,,5,51.62629,100.58,7,7,,,
2026-05-30 10:08:03 UTC,,28.83968,,,,,4,51.35113,100.581,5,5,,,
2026-05-30 10:09:03 UTC,,28.86871,,,,,5,51.30858,100.583,7,7,,,
2026-05-30 10:10:03 UTC,,28.86524,,,,,4,52.02625,100.583,6,6,,,
2026-05-30 10:11:03 UTC,,28.87502,,,,,4,52.42105,100.584,6,6,,,
2026-05-30 10:12:03 UTC,,28.91194,,,,,4,52.19258,100.585,6,6,,,
2026-05-30 10:13:03 UTC,,28.94602,,,,,4,52.1239,100.585,6,6,,,
2026-05-30 10:14:03 UTC,,28.99304,,,,,4,52.35712,100.586,6,6,,,
2026-05-30 10:15:03 UTC,,28.99304,,,,,5,53.15981,100.587,7,7,,,
2026-05-30 10:16:03 UTC,,29.01733,,,,,4,52.922,100.588,6,6,,,
2026-05-30 10:17:03 UTC,,29.04384,,,,,5,52.81857,100.589,7,7,,,
2026-05-30 10:18:03 UTC,,29.11799,,,,,5,52.695,100.59,7,7,,,
2026-05-30 10:19:03 UTC,,29.12462,,,,,4,52.77618,100.591,6,6,,,
2026-05-30 10:20:03 UTC,,29.12904,,,,,4,51.68932,100.591,6,6,,,
2026-05-30 10:21:04 UTC,,29.06088,,,,,5,51.84644,100.592,7,7,,,
2026-05-30 10:22:04 UTC,,29.02049,,,,,5,51.82762,100.593,7,7,,,
2026-05-30 10:23:04 UTC,,29.01197,,,,,5,51.59364,100.594,7,7,,,
2026-05-30 10:24:04 UTC,,29.03469,,,,,5,51.4638,100.594,7,7,,,
2026-05-30 10:25:04 UTC,,29.03374,,,,,5,52.45617,100.596,7,7,,,
2026-05-30 10:26:04 UTC,,29.02806,,,,,5,52.4888,100.597,7,7,,,
2026-05-30 10:27:04 UTC,,29.02996,,,,,5,52.48238,100.598,7,7,,,
2026-05-30 10:28:04 UTC,,29.07003,,,,,5,52.20752,100.599,7,7,,,
2026-05-30 10:29:04 UTC,,29.05836,,,,,5,53.28957,100.6,7,7,,,
2026-05-30 10:30:04 UTC,,29.05047,,,,,5,53.32873,100.601,7,7,,,
2026-05-30 10:31:04 UTC,,29.08013,,,,,6,53.15177,100.602,8,8,,,
2026-05-30 10:32:04 UTC,,29.10727,,,,,6,52.88086,100.602,8,8,,,
2026-05-30 10:33:05 UTC,,29.11547,,,,,5,53.79462,100.602,7,7,,,
2026-05-30 10:34:05 UTC,,29.14387,,,,,5,52.33775,100.603,7,7,,,
2026-05-30 10:35:05 UTC,,29.15649,,,,,6,51.52016,100.605,8,8,,,
2026-05-30 10:36:05 UTC,,29.05772,,,,,5,52.08582,100.604,7,7,,,
2026-05-30 10:37:05 UTC,,29.01923,,,,,6,51.90734,100.606,8,8,,,
2026-05-30 10:38:05 UTC,,29.01039,,,,,5,51.79963,100.606,7,7,,,
2026-05-30 10:39:05 UTC,,29.04195,,,,,6,51.68415,100.606,8,8,,,
2026-05-30 10:40:05 UTC,,28.98452,,,,,6,53.16533,100.606,8,8,,,
2026-05-30 10:41:05 UTC,,28.96243,,,,,6,52.93449,100.607,8,8,,,
2026-05-30 10:42:05 UTC,,28.96968,,,,,5,52.79496,100.607,7,7,,,
2026-05-30 10:43:05 UTC,,29.01165,,,,,6,52.57339,100.609,8,8,,,
2026-05-30 10:44:05 UTC,,29.01859,,,,,6,53.5324,100.61,8,8,,,
2026-05-30 10:45:06 UTC,,29.0309,,,,,6,53.36627,100.612,8,8,,,
2026-05-30 10:46:06 UTC,,29.06214,,,,,6,53.29681,100.613,8,8,,,
2026-05-30 10:47:06 UTC,,29.08202,,,,,6,53.3801,100.615,8,8,,,
2026-05-30 10:48:06 UTC,,29.15239,,,,,6,53.21544,100.615,8,8,,,
2026-05-30 10:49:06 UTC,,29.17889,,,,,6,52.00905,100.616,8,8,,,
2026-05-30 10:50:06 UTC,,29.14639,,,,,6,51.60522,100.615,8,8,,,
2026-05-30 10:51:06 UTC,,29.11547,,,,,7,50.53356,100.616,10,10,,,
2026-05-30 10:52:06 UTC,,29.07697,,,,,6,49.84878,100.615,8,8,,,
2026-05-30 10:53:06 UTC,,28.97757,,,,,7,49.89494,100.615,10,10,,,
2026-05-30 10:54:06 UTC,,28.91983,,,,,7,49.93344,100.613,10,10,,,
2026-05-30 10:55:06 UTC,,28.89427,,,,,7,49.89713,100.614,10,10,,,
2026-05-30 10:56:06 UTC,,28.89742,,,,,7,49.93707,100.614,10,10,,,
2026-05-30 10:57:06 UTC,,28.85766,,,,,7,51.21421,100.614,10,10,,,
2026-05-30 10:58:07 UTC,,28.82232,,,,,7,51.35543,100.614,10,10,,,
2026-05-30 10:59:07 UTC,,28.81601,,,,,7,51.19534,100.614,10,10,,,
2026-05-30 11:00:07 UTC,,28.83778,,,,,7,51.03254,100.615,10,10,,,
2026-05-30 11:01:07 UTC,,28.84946,,,,,7,52.17072,100.615,10,10,,,
2026-05-30 11:02:07 UTC,,28.83936,,,,,7,52.43619,100.615,10,10,,,
2026-05-30 11:03:07 UTC,,28.86997,,,,,7,52.05354,100.615,10,10,,,
2026-05-30 11:04:07 UTC,,28.90121,,,,,7,52.01782,100.616,10,10,,,
2026-05-30 11:05:07 UTC,,28.89395,,,,,8,53.28687,100.617,11,11,,,
2026-05-30 11:06:07 UTC,,28.90279,,,,,7,53.15399,100.617,10,10,,,
2026-05-30 11:07:07 UTC,,28.94097,,,,,7,52.89807,100.618,10,10,,,
2026-05-30 11:08:07 UTC,,28.99209,,,,,8,52.67766,100.621,11,11,,,
2026-05-30 11:09:07 UTC,,29.06719,,,,,7,52.97576,100.622,10,10,,,
2026-05-30 11:10:08 UTC,,29.08044,,,,,7,52.04226,100.624,10,10,,,
2026-05-30 11:11:08 UTC,,29.0593,,,,,8,51.52029,100.625,11,11,,,
2026-05-30 11:12:08 UTC,,29.03153,,,,,8,50.57526,100.625,11,11,,,
2026-05-30 11:13:08 UTC,,28.97663,,,,,8,49.76312,100.626,11,11,,,
2026-05-30 11:14:08 UTC,,28.88259,,,,,8,49.46798,100.628,11,11,,,
2026-05-30 11:15:08 UTC,,28.79897,,,,,8,50.14816,100.628,11,11,,,
2026-05-30 11:16:08 UTC,,28.78603,,,,,8,49.75778,100.629,11,11,,,
2026-05-30 11:17:08 UTC,,28.79203,,,,,8,49.44297,100.63,11,11,,,
2026-05-30 11:18:08 UTC,,28.75921,,,,,8,50.94913,100.631,11,11,,,
2026-05-30 11:19:08 UTC,,28.77278,,,,,8,50.66638,100.633,11,11,,,
2026-05-30 11:20:08 UTC,,28.78572,,,,,8,50.74747,100.633,11,11,,,
2026-05-30 11:21:08 UTC,,28.78288,,,,,8,50.87946,100.634,11,11,,,
2026-05-30 11:22:09 UTC,,28.77436,,,,,8,52.03385,100.635,11,11,,,
2026-05-30 11:23:09 UTC,,28.75227,,,,,8,52.25079,100.637,11,11,,,
2026-05-30 11:24:09 UTC,,28.7753,,,,,8,51.93409,100.637,11,11,,,
2026-05-30 11:25:09 UTC,,28.79771,,,,,8,51.97042,100.637,11,11,,,
2026-05-30 11:26:09 UTC,,28.7955,,,,,9,52.81778,100.638,13,13,,,
2026-05-30 11:27:09 UTC,,28.81822,,,,,8,53.00831,100.639,11,11,,,
2026-05-30 11:28:09 UTC,,28.8646,,,,,8,52.61333,100.641,11,11,,,
2026-05-30 11:29:09 UTC,,28.90089,,,,,8,52.65843,100.643,11,11,,,
2026-05-30 11:30:09 UTC,,28.97663,,,,,8,52.70227,100.646,11,11,,,
2026-05-30 11:31:09 UTC,,28.99335,,,,,8,53.32079,100.648,11,11,,,
2026-05-30 11:32:09 UTC,,29.00881,,,,,8,53.34978,100.649,11,11,,,
2026-05-30 11:33:09 UTC,,29.03721,,,,,8,53.10561,100.651,11,11,,,
2026-05-30 11:34:10 UTC,,29.04005,,,,,8,53.66305,100.652,11,11,,,
2026-05-30 11:35:10 UTC,,29.0836,,,,,8,52.6234,100.653,11,11,,,
2026-05-30 11:36:10 UTC,,29.0918,,,,,8,51.73083,100.654,11,11,,,
2026-05-30 11:37:10 UTC,,29.07161,,,,,8,50.77246,100.655,11,11,,,
2026-05-30 11:38:10 UTC,,29.02585,,,,,8,50.03312,100.654,11,11,,,
2026-05-30 11:39:10 UTC,,28.96811,,,,,9,49.62383,100.655,13,13,,,
2026-05-30 11:40:10 UTC,,28.83431,,,,,9,50.3508,100.655,13,13,,,
2026-05-30 11:41:10 UTC,,28.82264,,,,,8,49.83501,100.655,11,11,,,
2026-05-30 11:42:10 UTC,,28.84252,,,,,8,49.60733,100.655,11,11,,,
2026-05-30 11:43:10 UTC,,28.81443,,,,,8,50.63225,100.656,11,11,,,
2026-05-30 11:44:10 UTC,,28.77562,,,,,8,51.32259,100.658,11,11,,,
2026-05-30 11:45:10 UTC,,28.77972,,,,,8,51.14405,100.657,11,11,,,
2026-05-30 11:46:11 UTC,,28.78445,,,,,8,51.15132,100.658,11,11,,,
2026-05-30 11:47:11 UTC,,28.81128,,,,,8,51.61964,100.658,11,11,,,
2026-05-30 11:48:11 UTC,,28.81916,,,,,9,52.30664,100.657,13,13,,,
2026-05-30 11:49:11 UTC,,28.83747,,,,,8,52.20241,100.657,11,11,,,
2026-05-30 11:50:11 UTC,,28.86808,,,,,8,51.99998,100.657,11,11,,,
2026-05-30 11:51:11 UTC,,28.90973,,,,,8,52.48591,100.657,11,11,,,
2026-05-30 11:52:11 UTC,,28.92898,,,,,9,52.97675,100.658,13,13,,,
2026-05-30 11:53:11 UTC,,28.96022,,,,,9,52.77357,100.658,13,13,,,
2026-05-30 11:54:11 UTC,,28.98767,,,,,8,52.81083,100.658,12,12,,,
2026-05-30 11:55:11 UTC,,28.96968,,,,,9,53.66667,100.658,13,13,,,
2026-05-30 11:56:11 UTC,,28.99808,,,,,8,53.05328,100.66,11,11,,,
2026-05-30 11:57:11 UTC,,29.00503,,,,,8,51.83884,100.66,11,11,,,
2026-05-30 11:58:11 UTC,,28.99272,,,,,9,50.89431,100.66,13,13,,,
2026-05-30 11:59:12 UTC,,28.96558,,,,,8,50.2494,100.661,11,11,,,
2026-05-30 12:00:12 UTC,,28.92204,,,,,8,49.55859,100.662,11,11,,,
2026-05-30 12:01:12 UTC,,28.75669,,,,,8,50.16235,100.662,11,11,,,
2026-05-30 12:02:12 UTC,,28.68001,,,,,9,50.08628,100.662,13,13,,,
2026-05-30 12:03:12 UTC,,28.68001,,,,,8,49.63861,100.663,11,11,,,
2026-05-30 12:04:12 UTC,,28.69863,,,,,8,49.55558,100.663,11,11,,,
2026-05-30 12:05:12 UTC,,28.64814,,,,,9,51.2192,100.663,13,13,,,
2026-05-30 12:06:12 UTC,,28.65098,,,,,9,50.93464,100.664,13,13,,,
2026-05-30 12:07:12 UTC,,28.65666,,,,,8,50.96189,100.665,11,11,,,
2026-05-30 12:08:12 UTC,,28.71377,,,,,8,50.69818,100.666,11,11,,,
2026-05-30 12:09:12 UTC,,28.73712,,,,,9,51.92224,100.668,13,13,,,
2026-05-30 12:10:12 UTC,,28.75953,,,,,8,51.892,100.67,11,11,,,
2026-05-30 12:11:13 UTC,,28.79361,,,,,9,51.70368,100.672,13,13,,,
2026-05-30 12:12:13 UTC,,28.84346,,,,,9,51.61735,100.673,13,13,,,
2026-05-30 12:13:13 UTC,,28.8138,,,,,8,53.18188,100.675,11,11,,,
2026-05-30 12:14:13 UTC,,28.83305,,,,,8,52.736,100.677,11,11,,,
2026-05-30 12:15:13 UTC,,28.89174,,,,,8,52.34993,100.678,11,11,,,
2026-05-30 12:16:13 UTC,,28.9356,,,,,8,52.31589,100.679,12,12,,,
2026-05-30 12:17:13 UTC,,28.95738,,,,,8,53.25543,100.68,11,11,,,
2026-05-30 12:18:13 UTC,,28.97505,,,,,8,51.76155,100.68,11,11,,,
2026-05-30 12:19:13 UTC,,28.97726,,,,,8,50.7797,100.679,11,11,,,
2026-05-30 12:20:13 UTC,,28.93434,,,,,9,50.17927,100.679,13,13,,,
2026-05-30 12:21:13 UTC,,28.88827,,,,,8,49.52787,100.68,11,11,,,
2026-05-30 12:22:13 UTC,,28.80907,,,,,9,49.27448,100.679,13,13,,,
2026-05-30 12:23:14 UTC,,28.72355,,,,,8,49.70352,100.679,11,11,,,
2026-05-30 12:24:14 UTC,,28.68285,,,,,8,49.68501,100.68,11,11,,,
2026-05-30 12:25:14 UTC,,28.6819,,,,,8,49.45484,100.681,11,11,,,
2026-05-30 12:26:14 UTC,,28.67054,,,,,8,50.50735,100.682,11,11,,,
2026-05-30 12:27:14 UTC,,28.64845,,,,,8,50.83501,100.683,11,11,,,
2026-05-30 12:28:14 UTC,,28.6696,,,,,8,50.58651,100.684,11,11,,,
2026-05-30 12:29:14 UTC,,28.70115,,,,,9,50.58411,100.686,13,13,,,
2026-05-30 12:30:14 UTC,,28.71441,,,,,8,51.55338,100.687,11,11,,,
2026-05-30 12:31:14 UTC,,28.7346,,,,,9,51.62921,100.688,13,13,,,
2026-05-30 12:32:14 UTC,,28.76615,,,,,8,51.44744,100.69,11,11,,,
2026-05-30 12:33:14 UTC,,28.82705,,,,,8,51.34943,100.69,11,11,,,
2026-05-30 12:34:14 UTC,,28.78319,,,,,8,52.6623,100.691,11,11,,,
2026-05-30 12:35:15 UTC,,28.78445,,,,,8,52.76276,100.692,11,11,,,
2026-05-30 12:36:15 UTC,,28.82106,,,,,9,52.46708,100.695,13,13,,,
2026-05-30 12:37:15 UTC,,28.86492,,,,,9,52.29287,100.696,13,13,,,
2026-05-30 12:38:15 UTC,,28.89995,,,,,8,52.84556,100.697,11,11,,,
2026-05-30 12:39:15 UTC,,28.91257,,,,,8,53.31628,100.697,11,11,,,
2026-05-30 12:40:15 UTC,,28.94381,,,,,9,53.02568,100.698,13,13,,,
2026-05-30 12:41:15 UTC,,28.99146,,,,,8,52.75114,100.698,11,11,,,
2026-05-30 12:42:15 UTC,,29.05141,,,,,9,53.18802,100.697,13,13,,,
2026-05-30 12:43:15 UTC,,29.06814,,,,,9,52.20059,100.698,13,13,,,
2026-05-30 12:44:15 UTC,,29.07035,,,,,8,51.34243,100.697,11,11,,,
2026-05-30 12:45:15 UTC,,29.03785,,,,,8,50.70177,100.698,11,11,,,
2026-05-30 12:46:15 UTC,,28.98672,,,,,9,49.88956,100.698,13,13,,,
2026-05-30 12:47:16 UTC,,28.92077,,,,,9,49.15126,100.697,13,13,,,
2026-05-30 12:48:16 UTC,,28.81065,,,,,8,49.62288,100.697,11,11,,,
2026-05-30 12:49:16 UTC,,28.76363,,,,,8,49.5904,100.697,11,11,,,
2026-05-30 12:50:16 UTC,,28.75669,,,,,9,49.39894,100.696,13,13,,,
2026-05-30 12:51:16 UTC,,28.76963,,,,,9,49.51231,100.695,13,13,,,
2026-05-30 12:52:16 UTC,,28.73239,,,,,9,50.81976,100.694,13,13,,,
2026-05-30 12:53:16 UTC,,28.71851,,,,,9,50.77157,100.693,13,13,,,
2026-05-30 12:54:16 UTC,,28.73933,,,,,8,50.55614,100.692,11,11,,,
2026-05-30 12:55:16 UTC,,28.75858,,,,,9,50.62481,100.691,13,13,,,
2026-05-30 12:56:16 UTC,,28.75448,,,,,9,51.93125,100.69,13,13,,,
2026-05-30 12:57:16 UTC,,28.78445,,,,,9,51.62931,100.691,13,13,,,
2026-05-30 12:58:16 UTC,,28.80844,,,,,9,51.6259,100.69,13,13,,,
2026-05-30 12:59:16 UTC,,28.85735,,,,,9,51.60593,100.688,13,13,,,
2026-05-30 13:00:17 UTC,,28.88543,,,,,9,52.38243,100.688,13,13,,,
2026-05-30 13:01:17 UTC,,28.88733,,,,,8,52.53627,100.687,11,11,,,
2026-05-30 13:02:17 UTC,,28.92077,,,,,8,52.29384,100.686,11,11,,,
2026-05-30 13:03:17 UTC,,28.93434,,,,,9,52.52937,100.687,13,13,,,
2026-05-30 13:04:17 UTC,,28.95138,,,,,8,53.04682,100.687,11,11,,,
2026-05-30 13:05:17 UTC,,28.95044,,,,,8,51.43912,100.686,11,11,,,
2026-05-30 13:06:17 UTC,,28.94065,,,,,8,50.57636,100.686,11,11,,,
2026-05-30 13:07:17 UTC,,28.92361,,,,,9,49.65744,100.686,13,13,,,
2026-05-30 13:08:17 UTC,,28.88133,,,,,8,49.13956,100.685,11,11,,,
2026-05-30 13:09:17 UTC,,28.80276,,,,,8,49.48381,100.684,11,11,,,
2026-05-30 13:10:17 UTC,,28.75921,,,,,9,49.51752,100.683,13,13,,,
2026-05-30 13:11:17 UTC,,28.75984,,,,,9,49.21556,100.684,13,13,,,
2026-05-30 13:12:18 UTC,,28.77152,,,,,9,49.56515,100.683,13,13,,,
2026-05-30 13:13:17 UTC,,28.72829,,,,,10,50.59433,100.684,14,14,,,
2026-05-30 13:14:18 UTC,,28.7163,,,,,9,50.70513,100.683,13,13,,,
2026-05-30 13:15:18 UTC,,28.72671,,,,,9,50.53463,100.683,13,13,,,
2026-05-30 13:16:18 UTC,,28.77436,,,,,8,50.56741,100.681,11,11,,,
2026-05-30 13:17:18 UTC,,28.78572,,,,,8,51.55637,100.682,11,11,,,
2026-05-30 13:18:18 UTC,,28.80497,,,,,9,51.45932,100.682,13,13,,,
2026-05-30 13:19:18 UTC,,28.82769,,,,,9,51.48232,100.684,13,13,,,
2026-05-30 13:20:18 UTC,,28.85293,,,,,9,51.77824,100.685,13,13,,,
2026-05-30 13:21:18 UTC,,28.84851,,,,,8,52.57103,100.688,11,11,,,
2026-05-30 13:22:18 UTC,,28.85766,,,,,10,52.38531,100.69,14,14,,,
2026-05-30 13:23:18 UTC,,28.89427,,,,,9,52.07018,100.691,13,13,,,
2026-05-30 13:24:18 UTC,,28.91257,,,,,10,52.44624,100.693,14,14,,,
2026-05-30 13:25:18 UTC,,28.93213,,,,,9,52.38882,100.694,13,13,,,
2026-05-30 13:26:19 UTC,,28.96116,,,,,9,51.24142,100.693,13,13,,,
2026-05-30 13:27:19 UTC,,28.94381,,,,,9,50.50407,100.695,13,13,,,
2026-05-30 13:28:19 UTC,,28.92014,,,,,9,49.57807,100.696,13,13,,,
2026-05-30 13:29:19 UTC,,28.8747,,,,,10,48.86342,100.696,14,14,,,
2026-05-30 13:30:19 UTC,,28.75069,,,,,9,49.71365,100.696,13,13,,,
2026-05-30 13:31:19 UTC,,28.69799,,,,,8,49.69358,100.697,11,11,,,
2026-05-30 13:32:19 UTC,,28.69137,,,,,9,49.50207,100.697,13,13,,,
2026-05-30 13:33:19 UTC,,28.68663,,,,,8,50.384,100.699,11,11,,,
2026-05-30 13:34:19 UTC,,28.65792,,,,,8,50.84288,100.7,11,11,,,
2026-05-30 13:35:19 UTC,,28.66044,,,,,9,50.67123,100.702,13,13,,,
2026-05-30 13:36:19 UTC,,28.69579,,,,,8,50.52392,100.704,11,11,,,
2026-05-30 13:37:19 UTC,,28.74123,,,,,9,50.99971,100.706,13,13,,,
2026-05-30 13:38:20 UTC,,28.74722,,,,,9,51.57109,100.709,13,13,,,
2026-05-30 13:39:20 UTC,,28.77846,,,,,10,51.46239,100.711,14,14,,,
2026-05-30 13:40:20 UTC,,28.79897,,,,,10,51.45852,100.715,14,14,,,
2026-05-30 13:41:20 UTC,,28.83084,,,,,8,52.07487,100.717,11,11,,,
2026-05-30 13:42:20 UTC,,28.82643,,,,,9,52.52124,100.718,13,13,,,
2026-05-30 13:43:20 UTC,,28.84504,,,,,8,52.36355,100.72,11,11,,,
2026-05-30 13:44:20 UTC,,28.87249,,,,,8,52.19386,100.723,12,12,,,
2026-05-30 13:45:20 UTC,,28.85956,,,,,9,53.1212,100.725,13,13,,,
2026-05-30 13:46:20 UTC,,28.85388,,,,,9,53.37521,100.727,13,13,,,
2026-05-30 13:47:20 UTC,,28.89016,,,,,9,52.93122,100.728,13,13,,,
2026-05-30 13:48:20 UTC,,28.92204,,,,,8,52.81515,100.731,11,11,,,
2026-05-30 13:49:20 UTC,,28.96432,,,,,9,53.11561,100.734,13,13,,,
2026-05-30 13:50:21 UTC,,28.9924,,,,,9,52.57743,100.735,13,13,,,
2026-05-30 13:51:21 UTC,,29.01607,,,,,8,51.52108,100.735,11,11,,,
2026-05-30 13:52:21 UTC,,29.00629,,,,,9,50.7174,100.735,13,13,,,
2026-05-30 13:53:21 UTC,,28.95201,,,,,10,50.241,100.735,14,14,,,
2026-05-30 13:54:21 UTC,,28.91131,,,,,8,49.24188,100.735,11,11,,,
2026-05-30 13:55:21 UTC,,28.77941,,,,,9,49.49389,100.735,13,13,,,
2026-05-30 13:56:21 UTC,,28.68411,,,,,8,49.90893,100.734,11,11,,,
2026-05-30 13:57:21 UTC,,28.67875,,,,,8,49.45443,100.735,11,11,,,
2026-05-30 13:58:21 UTC,,28.71503,,,,,9,49.21627,100.736,13,13,,,
2026-05-30 13:59:21 UTC,,28.66171,,,,,9,50.88972,100.736,13,13,,,
2026-05-30 14:00:21 UTC,,28.6576,,,,,9,50.68408,100.737,13,13,,,
2026-05-30 14:01:21 UTC,,28.66739,,,,,8,50.58622,100.739,11,11,,,
2026-05-30 14:02:22 UTC,,28.69042,,,,,8,50.47696,100.741,11,11,,,
2026-05-30 14:03:22 UTC,,28.68127,,,,,8,51.78156,100.742,11,11,,,
2026-05-30 14:04:22 UTC,,28.7204,,,,,9,51.56083,100.744,13,13,,,
2026-05-30 14:05:22 UTC,,28.7548,,,,,8,51.3596,100.745,11,11,,,
2026-05-30 14:06:22 UTC,,28.7996,,,,,9,51.31919,100.746,13,13,,,
2026-05-30 14:07:22 UTC,,28.78067,,,,,8,52.72211,100.747,11,11,,,
2026-05-30 14:08:22 UTC,,28.78982,,,,,8,52.45612,100.749,11,11,,,
2026-05-30 14:09:22 UTC,,28.8381,,,,,8,52.1425,100.75,11,11,,,
2026-05-30 14:10:22 UTC,,28.88133,,,,,8,52.10174,100.751,11,11,,,
2026-05-30 14:11:22 UTC,,28.89206,,,,,9,52.97834,100.752,13,13,,,
2026-05-30 14:12:22 UTC,,28.90374,,,,,8,52.99335,100.753,11,11,,,
2026-05-30 14:13:22 UTC,,28.9416,,,,,8,52.80447,100.754,11,11,,,
2026-05-30 14:14:22 UTC,,28.97726,,,,,8,52.75586,100.755,11,11,,,
2026-05-30 14:15:23 UTC,,28.9476,,,,,8,53.66359,100.756,11,11,,,
2026-05-30 14:16:23 UTC,,28.99051,,,,,8,51.93007,100.757,11,11,,,
2026-05-30 14:17:23 UTC,,28.99493,,,,,8,50.98073,100.759,11,11,,,
2026-05-30 14:18:23 UTC,,28.98262,,,,,8,50.08015,100.759,11,11,,,
2026-05-30 14:19:23 UTC,,28.95201,,,,,8,49.5691,100.759,11,11,,,
2026-05-30 14:20:23 UTC,,28.80055,,,,,8,49.95063,100.758,11,11,,,
2026-05-30 14:21:23 UTC,,28.72071,,,,,8,50.15758,100.759,11,11,,,
2026-05-30 14:22:23 UTC,,28.69294,,,,,8,49.81135,100.76,11,11,,,
2026-05-30 14:23:23 UTC,,28.71535,,,,,8,49.5775,100.761,11,11,,,
2026-05-30 14:24:23 UTC,,28.65666,,,,,8,51.1209,100.762,11,11,,,
2026-05-30 14:25:23 UTC,,28.65319,,,,,8,51.01441,100.762,11,11,,,
2026-05-30 14:26:23 UTC,,28.6677,,,,,8,50.75157,100.763,11,11,,,
2026-05-30 14:27:24 UTC,,28.69894,,,,,8,50.76236,100.765,11,11,,,
2026-05-30 14:28:24 UTC,,28.69389,,,,,8,51.89639,100.765,11,11,,,
2026-05-30 14:29:24 UTC,,28.69389,,,,,8,51.93633,100.765,11,11,,,
2026-05-30 14:30:24 UTC,,28.72198,,,,,8,51.66073,100.764,11,11,,,
2026-05-30 14:31:24 UTC,,28.77467,,,,,8,51.54159,100.764,11,11,,,
2026-05-30 14:32:24 UTC,,28.77246,,,,,8,52.80124,100.764,11,11,,,
2026-05-30 14:33:24 UTC,,28.79077,,,,,7,52.67002,100.765,10,10,,,
2026-05-30 14:34:24 UTC,,28.84252,,,,,8,52.26313,100.765,11,11,,,
2026-05-30 14:35:24 UTC,,28.88196,,,,,8,52.55558,100.764,11,11,,,
2026-05-30 14:36:24 UTC,,28.8848,,,,,8,53.23195,100.764,11,11,,,
2026-05-30 14:37:24 UTC,,28.90153,,,,,8,51.73827,100.764,11,11,,,
2026-05-30 14:38:24 UTC,,28.92361,,,,,8,50.65343,100.764,11,11,,,
2026-05-30 14:39:25 UTC,,28.90342,,,,,8,49.714,100.763,11,11,,,
2026-05-30 14:40:25 UTC,,28.8624,,,,,8,49.06496,100.762,11,11,,,
2026-05-30 14:41:25 UTC,,28.72482,,,,,8,49.95382,100.761,11,11,,,
2026-05-30 14:42:25 UTC,,28.68001,,,,,8,49.61888,100.759,11,11,,,
2026-05-30 14:43:25 UTC,,28.69831,,,,,8,49.41758,100.759,11,11,,,
2026-05-30 14:44:25 UTC,,28.65634,,,,,8,49.89869,100.759,11,11,,,
2026-05-30 14:45:25 UTC,,28.62542,,,,,7,50.81207,100.758,10,10,,,
2026-05-30 14:46:25 UTC,,28.64025,,,,,8,50.62226,100.759,11,11,,,
2026-05-30 14:47:25 UTC,,28.67938,,,,,7,50.31704,100.759,10,10,,,
2026-05-30 14:48:25 UTC,,28.73491,,,,,7,50.46305,100.759,10,10,,,
2026-05-30 14:49:25 UTC,,28.72734,,,,,8,51.66146,100.759,11,11,,,
2026-05-30 14:50:25 UTC,,28.74785,,,,,8,51.5579,100.76,11,11,,,
2026-05-30 14:51:26 UTC,,28.76805,,,,,8,51.4145,100.761,11,11,,,
2026-05-30 14:52:26 UTC,,28.80717,,,,,7,51.62574,100.761,10,10,,,
2026-05-30 14:53:26 UTC,,28.7854,,,,,7,52.74282,100.761,10,10,,,
2026-05-30 14:54:26 UTC,,28.78225,,,,,7,52.5085,100.762,10,10,,,
2026-05-30 14:55:26 UTC,,28.82453,,,,,8,52.17398,100.762,11,11,,,
2026-05-30 14:56:26 UTC,,28.88354,,,,,8,52.26873,100.762,11,11,,,
2026-05-30 14:57:26 UTC,,28.87281,,,,,8,53.22358,100.763,11,11,,,
2026-05-30 14:58:26 UTC,,28.8889,,,,,8,53.01138,100.763,11,11,,,
2026-05-30 14:59:26 UTC,,28.93371,,,,,7,52.71643,100.761,10,10,,,
2026-05-30 15:00:26 UTC,,28.98704,,,,,7,52.88435,100.762,10,10,,,
2026-05-30 15:01:26 UTC,,29.03406,,,,,8,52.72356,100.762,11,11,,,
2026-05-30 15:02:26 UTC,,29.03311,,,,,8,51.6497,100.76,11,11,,,
2026-05-30 15:03:27 UTC,,29.00345,,,,,7,50.78982,100.76,10,10,,,
2026-05-30 15:04:27 UTC,,28.97474,,,,,7,50,100.758,10,10,,,
2026-05-30 15:05:27 UTC,,28.92298,,,,,7,49.40757,100.757,10,10,,,
2026-05-30 15:06:27 UTC,,28.77877,,,,,7,49.88848,100.755,10,10,,,
2026-05-30 15:07:27 UTC,,28.69105,,,,,8,49.86375,100.754,11,11,,,
2026-05-30 15:08:27 UTC,,28.67748,,,,,7,49.6054,100.754,10,10,,,
2026-05-30 15:09:27 UTC,,28.70841,,,,,8,49.32041,100.755,11,11,,,
2026-05-30 15:10:27 UTC,,28.65508,,,,,7,50.86899,100.754,10,10,,,
2026-05-30 15:11:27 UTC,,28.6636,,,,,7,50.42716,100.754,10,10,,,
2026-05-30 15:12:27 UTC,,28.67748,,,,,7,50.45543,100.754,10,10,,,
2026-05-30 15:13:27 UTC,,28.692,,,,,7,50.64899,100.754,10,10,,,
2026-05-30 15:14:27 UTC,,28.68758,,,,,7,51.78242,100.753,10,10,,,
2026-05-30 15:15:27 UTC,,28.67969,,,,,7,51.67495,100.753,10,10,,,
2026-05-30 15:16:28 UTC,,28.70115,,,,,8,51.60475,100.752,11,11,,,
2026-05-30 15:17:28 UTC,,28.75416,,,,,7,51.51225,100.752,10,10,,,
2026-05-30 15:18:28 UTC,,28.74943,,,,,8,52.58415,100.753,11,11,,,
2026-05-30 15:19:28 UTC,,28.74817,,,,,7,52.5773,100.753,10,10,,,
2026-05-30 15:20:28 UTC,,28.78666,,,,,7,52.43567,100.754,10,10,,,
2026-05-30 15:21:28 UTC,,28.84315,,,,,7,52.43671,100.755,10,10,,,
2026-05-30 15:22:28 UTC,,28.86871,,,,,7,52.88139,100.755,10,10,,,
2026-05-30 15:23:28 UTC,,28.88007,,,,,8,53.09054,100.754,11,11,,,
2026-05-30 15:24:28 UTC,,28.91636,,,,,8,52.83444,100.754,11,11,,,
2026-05-30 15:25:28 UTC,,28.93908,,,,,7,52.96474,100.754,10,10,,,
2026-05-30 15:26:28 UTC,,29.00503,,,,,8,53.04755,100.753,11,11,,,
2026-05-30 15:27:28 UTC,,29.02585,,,,,7,51.8217,100.754,10,10,,,
2026-05-30 15:28:29 UTC,,28.98041,,,,,7,51.43653,100.753,10,10,,,
2026-05-30 15:29:29 UTC,,28.92298,,,,,7,50.4022,100.753,10,10,,,
2026-05-30 15:30:29 UTC,,28.86618,,,,,6,49.56441,100.752,9,9,,,
2026-05-30 15:31:29 UTC,,28.76994,,,,,7,49.45322,100.751,10,10,,,
2026-05-30 15:32:29 UTC,,28.67654,,,,,7,49.81577,100.75,10,10,,,
2026-05-30 15:33:29 UTC,,28.65413,,,,,7,49.68781,100.749,10,10,,,
2026-05-30 15:34:29 UTC,,28.6677,,,,,7,49.50554,100.749,10,10,,,
2026-05-30 15:35:29 UTC,,28.61595,,,,,7,50.85714,100.749,10,10,,,
2026-05-30 15:36:29 UTC,,28.59386,,,,,7,50.87404,100.748,10,10,,,
2026-05-30 15:37:29 UTC,,28.61879,,,,,8,50.6128,100.749,11,11,,,
2026-05-30 15:38:29 UTC,,28.65666,,,,,7,50.37342,100.748,10,10,,,
2026-05-30 15:39:29 UTC,,28.6453,,,,,7,51.76339,100.747,10,10,,,
2026-05-30 15:40:30 UTC,,28.67843,,,,,7,51.60167,100.748,10,10,,,
2026-05-30 15:41:30 UTC,,28.71093,,,,,8,51.59942,100.748,11,11,,,
2026-05-30 15:42:30 UTC,,28.75353,,,,,7,51.35279,100.746,10,10,,,
2026-05-30 15:43:30 UTC,,28.73744,,,,,8,52.64264,100.746,11,11,,,
2026-05-30 15:44:30 UTC,,28.75543,,,,,7,52.52485,100.746,10,10,,,
2026-05-30 15:45:30 UTC,,28.79014,,,,,7,52.26264,100.746,10,10,,,
2026-05-30 15:46:30 UTC,,28.82895,,,,,7,52.24792,100.746,10,10,,,
2026-05-30 15:47:30 UTC,,28.79613,,,,,7,53.62902,100.747,10,10,,,
2026-05-30 15:48:30 UTC,,28.80402,,,,,7,53.29451,100.748,10,10,,,
2026-05-30 15:49:30 UTC,,28.8422,,,,,8,53.03172,100.748,11,11,,,
2026-05-30 15:50:30 UTC,,28.87407,,,,,7,52.95577,100.748,10,10,,,
2026-05-30 15:51:30 UTC,,28.88354,,,,,7,53.81598,100.747,10,10,,,
2026-05-30 15:52:31 UTC,,28.90121,,,,,7,52.25114,100.747,10,10,,,
2026-05-30 15:53:31 UTC,,28.85293,,,,,8,51.66517,100.746,11,11,,,
2026-05-30 15:54:31 UTC,,28.82516,,,,,7,50.50809,100.745,10,10,,,
2026-05-30 15:55:31 UTC,,28.77625,,,,,7,49.88157,100.744,10,10,,,
2026-05-30 15:56:31 UTC,,28.67969,,,,,7,49.37574,100.743,10,10,,,
2026-05-30 15:57:31 UTC,,28.58976,,,,,8,50.1139,100.742,11,11,,,
2026-05-30 15:58:31 UTC,,28.55789,,,,,8,49.81991,100.741,11,11,,,
2026-05-30 15:59:31 UTC,,28.57241,,,,,8,49.55877,100.742,11,11,,,
2026-05-30 16:00:31 UTC,,28.54369,,,,,8,50.62925,100.741,11,11,,,
2026-05-30 16:01:31 UTC,,28.53738,,,,,7,50.74741,100.742,10,10,,,
2026-05-30 16:02:31 UTC,,28.55347,,,,,8,50.6041,100.743,11,11,,,
2026-05-30 16:03:31 UTC,,28.57209,,,,,7,50.63302,100.744,10,10,,,
2026-05-30 16:04:32 UTC,,28.59639,,,,,7,51.47103,100.745,10,10,,,
2026-05-30 16:05:32 UTC,,28.60585,,,,,8,51.7913,100.744,11,11,,,
2026-05-30 16:06:32 UTC,,28.64183,,,,,8,51.61002,100.745,11,11,,,
2026-05-30 16:07:32 UTC,,28.68474,,,,,8,51.38335,100.744,11,11,,,
2026-05-30 16:08:32 UTC,,28.65603,,,,,8,52.71166,100.744,11,11,,,
2026-05-30 16:09:32 UTC,,28.67401,,,,,8,52.63393,100.745,11,11,,,
2026-05-30 16:10:32 UTC,,28.70841,,,,,7,52.50506,100.747,10,10,,,
2026-05-30 16:11:32 UTC,,28.75385,,,,,8,52.2977,100.747,11,11,,,
2026-05-30 16:12:32 UTC,,28.73902,,,,,9,53.36597,100.748,13,13,,,
2026-05-30 16:13:32 UTC,,28.73207,,,,,8,53.57307,100.747,11,11,,,
2026-05-30 16:14:32 UTC,,28.77436,,,,,8,53.10942,100.748,11,11,,,
2026-05-30 16:15:32 UTC,,28.81727,,,,,8,52.97471,100.749,11,11,,,
2026-05-30 16:16:32 UTC,,28.8646,,,,,8,53.42367,100.748,11,11,,,
2026-05-30 16:17:32 UTC,,28.89143,,,,,8,52.59697,100.748,11,11,,,
2026-05-30 16:18:32 UTC,,28.90752,,,,,8,51.48646,100.748,11,11,,,
2026-05-30 16:19:33 UTC,,28.89332,,,,,8,50.51717,100.748,11,11,,,
2026-05-30 16:20:33 UTC,,28.85041,,,,,8,49.73992,100.748,11,11,,,
2026-05-30 16:21:33 UTC,,28.79708,,,,,9,49.35168,100.748,13,13,,,
2026-05-30 16:22:33 UTC,,28.67212,,,,,8,50.15116,100.747,11,11,,,
2026-05-30 16:23:33 UTC,,28.60617,,,,,8,50.14244,100.745,11,11,,,
2026-05-30 16:24:33 UTC,,28.59165,,,,,8,49.93627,100.745,11,11,,,
2026-05-30 16:25:33 UTC,,28.55032,,,,,9,51.08012,100.744,13,13,,,
2026-05-30 16:26:33 UTC,,28.52129,,,,,8,51.11599,100.744,11,11,,,
2026-05-30 16:27:33 UTC,,28.54527,,,,,8,50.89403,100.743,11,11,,,
2026-05-30 16:28:33 UTC,,28.57398,,,,,8,50.84492,100.743,11,11,,,
2026-05-30 16:29:33 UTC,,28.59102,,,,,8,51.58321,100.744,12,12,,,
2026-05-30 16:30:33 UTC,,28.59891,,,,,8,52.04329,100.744,11,11,,,
2026-05-30 16:31:34 UTC,,28.62857,,,,,8,51.68798,100.745,11,11,,,
2026-05-30 16:32:34 UTC,,28.6838,,,,,9,51.64893,100.745,13,13,,,
2026-05-30 16:33:34 UTC,,28.68695,,,,,9,52.80952,100.746,13,13,,,
2026-05-30 16:34:34 UTC,,28.68569,,,,,8,52.88962,100.746,11,11,,,
2026-05-30 16:35:34 UTC,,28.71535,,,,,8,52.61956,100.747,11,11,,,
2026-05-30 16:36:34 UTC,,28.7611,,,,,9,52.40546,100.748,13,13,,,
2026-05-30 16:37:34 UTC,,28.79014,,,,,9,53.19202,100.748,13,13,,,
2026-05-30 16:38:34 UTC,,28.7996,,,,,9,53.42136,100.748,13,13,,,
2026-05-30 16:39:34 UTC,,28.82295,,,,,8,53.26361,100.749,11,11,,,
2026-05-30 16:40:34 UTC,,28.86114,,,,,8,53.07453,100.749,11,11,,,
2026-05-30 16:41:34 UTC,,28.88449,,,,,9,53.83629,100.749,13,13,,,
2026-05-30 16:42:34 UTC,,28.91509,,,,,9,52.58686,100.75,13,13,,,
2026-05-30 16:43:35 UTC,,28.90752,,,,,9,51.31382,100.75,13,13,,,
2026-05-30 16:44:35 UTC,,28.87817,,,,,10,50.46229,100.749,14,14,,,
2026-05-30 16:45:35 UTC,,28.81885,,,,,9,49.72261,100.749,13,13,,,
2026-05-30 16:46:35 UTC,,28.66896,,,,,10,50.36186,100.746,14,14,,,
2026-05-30 16:47:35 UTC,,28.58345,,,,,9,50.18559,100.745,13,13,,,
2026-05-30 16:48:35 UTC,,28.5743,,,,,9,50.05914,100.744,13,13,,,
2026-05-30 16:49:35 UTC,,28.59134,,,,,9,49.95597,100.744,13,13,,,
2026-05-30 16:50:35 UTC,,28.54053,,,,,10,51.218,100.743,14,14,,,
2026-05-30 16:51:35 UTC,,28.52444,,,,,10,51.249,100.743,14,14,,,
2026-05-30 16:52:35 UTC,,28.55032,,,,,10,50.95428,100.744,14,14,,,
2026-05-30 16:53:35 UTC,,28.59071,,,,,9,51.09217,100.743,13,13,,,
2026-05-30 16:54:35 UTC,,28.58061,,,,,10,52.29404,100.743,14,14,,,
2026-05-30 16:55:36 UTC,,28.63299,,,,,10,51.88147,100.742,14,14,,,
2026-05-30 16:56:36 UTC,,28.65634,,,,,10,51.87799,100.742,14,14,,,
2026-05-30 16:57:36 UTC,,28.6696,,,,,10,52.17284,100.741,14,14,,,
2026-05-30 16:58:36 UTC,,28.66328,,,,,10,53.00031,100.741,14,15,,,
2026-05-30 16:59:36 UTC,,28.67812,,,,,10,52.9555,100.74,14,14,,,
2026-05-30 17:00:36 UTC,,28.73302,,,,,10,52.53515,100.738,14,14,,,
2026-05-30 17:01:36 UTC,,28.78698,,,,,10,52.76978,100.737,14,15,,,
2026-05-30 17:02:36 UTC,,28.7854,,,,,10,53.52678,100.736,14,15,,,
2026-05-30 17:03:36 UTC,,28.77089,,,,,10,53.6658,100.735,14,15,,,
2026-05-30 17:04:36 UTC,,28.81096,,,,,10,53.22172,100.734,14,14,,,
2026-05-30 17:05:36 UTC,,28.85262,,,,,10,53.40859,100.734,14,15,,,
2026-05-30 17:06:36 UTC,,28.88796,,,,,11,53.62167,100.734,16,18,,,
2026-05-30 17:07:37 UTC,,28.90689,,,,,11,52.06524,100.735,15,17,,,
2026-05-30 17:08:37 UTC,,28.89711,,,,,10,51.17972,100.735,14,15,,,
2026-05-30 17:09:37 UTC,,28.86082,,,,,10,50.34111,100.735,14,14,,,
2026-05-30 17:10:37 UTC,,28.80717,,,,,10,49.82639,100.735,14,15,,,
2026-05-30 17:11:37 UTC,,28.66139,,,,,10,50.78379,100.733,14,15,,,
2026-05-30 17:12:37 UTC,,28.57808,,,,,11,50.56112,100.731,15,17,,,
2026-05-30 17:13:37 UTC,,28.57619,,,,,10,50.1187,100.73,14,14,,,
2026-05-30 17:14:37 UTC,,28.54779,,,,,10,50.9738,100.729,14,15,,,
2026-05-30 17:15:37 UTC,,28.53107,,,,,11,51.40248,100.729,15,17,,,
2026-05-30 17:16:37 UTC,,28.55284,,,,,11,51.12022,100.728,15,17,,,
2026-05-30 17:17:37 UTC,,28.57304,,,,,10,51.1627,100.727,14,15,,,
2026-05-30 17:18:37 UTC,,28.63299,,,,,11,51.4826,100.726,16,18,,,
2026-05-30 17:19:37 UTC,,28.63236,,,,,10,52.39452,100.726,14,15,,,
2026-05-30 17:20:38 UTC,,28.66297,,,,,11,52.13195,100.725,16,18,,,
2026-05-30 17:21:38 UTC,,28.67275,,,,,11,52.02002,100.725,16,18,,,
2026-05-30 17:22:38 UTC,,28.70746,,,,,11,52.47821,100.724,16,18,,,
2026-05-30 17:23:38 UTC,,28.71093,,,,,11,53.00019,100.724,16,18,,,
2026-05-30 17:24:38 UTC,,28.72986,,,,,11,52.91579,100.724,16,18,,,
2026-05-30 17:25:38 UTC,,28.7529,,,,,11,52.75841,100.723,16,18,,,
2026-05-30 17:26:38 UTC,,28.77625,,,,,11,53.31749,100.722,16,18,,,
2026-05-30 17:27:38 UTC,,28.78445,,,,,11,53.66098,100.721,16,18,,,
2026-05-30 17:28:38 UTC,,28.81569,,,,,12,53.36991,100.72,17,19,,,
2026-05-30 17:29:38 UTC,,28.84883,,,,,11,53.26719,100.72,16,18,,,
2026-05-30 17:30:38 UTC,,28.88417,,,,,11,53.66817,100.718,16,18,,,
2026-05-30 17:31:38 UTC,,28.91036,,,,,11,53.23549,100.717,16,18,,,
2026-05-30 17:32:39 UTC,,28.9192,,,,,11,51.90704,100.717,16,18,,,
2026-05-30 17:33:39 UTC,,28.88827,,,,,11,51.21833,100.715,16,18,,,
2026-05-30 17:34:39 UTC,,28.85356,,,,,11,50.35335,100.715,16,18,,,
2026-05-30 17:35:39 UTC,,28.69705,,,,,11,49.93698,100.713,16,18,,,
2026-05-30 17:36:39 UTC,,28.59386,,,,,11,50.6822,100.712,16,18,,,
2026-05-30 17:37:39 UTC,,28.54527,,,,,11,50.51712,100.711,16,18,,,
2026-05-30 17:38:39 UTC,,28.55789,,,,,11,50.14265,100.711,16,18,,,
2026-05-30 17:39:39 UTC,,28.53738,,,,,11,51.20432,100.709,16,18,,,
2026-05-30 17:40:39 UTC,,28.5418,,,,,12,51.21154,100.708,17,19,,,
2026-05-30 17:41:39 UTC,,28.54969,,,,,11,51.28555,100.707,16,18,,,
2026-05-30 17:42:39 UTC,,28.57682,,,,,11,51.14995,100.706,16,18,,,
2026-05-30 17:43:39 UTC,,28.62289,,,,,12,51.96663,100.706,17,19,,,
2026-05-30 17:44:40 UTC,,28.62037,,,,,12,52.44626,100.704,17,19,,,
2026-05-30 17:45:40 UTC,,28.63962,,,,,11,52.20874,100.703,16,18,,,
2026-05-30 17:46:40 UTC,,28.67496,,,,,11,52.11359,100.702,16,18,,,
2026-05-30 17:47:40 UTC,,28.71441,,,,,12,52.73306,100.701,17,20,,,
2026-05-30 17:48:40 UTC,,28.69799,,,,,12,53.21947,100.701,17,20,,,
2026-05-30 17:49:40 UTC,,28.7548,,,,,12,52.63165,100.702,17,20,,,
2026-05-30 17:50:40 UTC,,28.78635,,,,,12,52.75633,100.702,17,20,,,
2026-05-30 17:51:40 UTC,,28.80276,,,,,13,53.24069,100.704,19,22,,,
2026-05-30 17:52:40 UTC,,28.80339,,,,,13,53.86531,100.704,18,21,,,
2026-05-30 17:53:40 UTC,,28.82643,,,,,13,53.59965,100.704,19,22,,,
2026-05-30 17:54:40 UTC,,28.86303,,,,,13,53.41675,100.703,18,21,,,
2026-05-30 17:55:40 UTC,,28.88922,,,,,13,53.98498,100.702,19,22,,,
2026-05-30 17:56:41 UTC,,28.87628,,,,,13,52.94268,100.701,19,22,,,
2026-05-30 17:57:41 UTC,,28.82137,,,,,13,52.1402,100.699,19,22,,,
2026-05-30 17:58:41 UTC,,28.77814,,,,,13,51.13057,100.698,19,22,,,
2026-05-30 17:59:41 UTC,,28.74438,,,,,13,50.35866,100.696,19,22,,,
2026-05-30 18:00:41 UTC,,28.60649,,,,,13,50.49223,100.694,19,22,,,
2026-05-30 18:01:41 UTC,,28.57272,,,,,13,50.4019,100.693,19,22,,,
2026-05-30 18:02:41 UTC,,28.57651,,,,,13,50.21106,100.692,19,22,,,
2026-05-30 18:03:41 UTC,,28.59797,,,,,13,50.22708,100.692,19,22,,,
2026-05-30 18:04:41 UTC,,28.54874,,,,,13,51.61073,100.691,19,22,,,
2026-05-30 18:05:41 UTC,,28.54211,,,,,13,51.42387,100.689,19,22,,,
2026-05-30 18:06:41 UTC,,28.55379,,,,,13,51.51176,100.688,19,22,,,
2026-05-30 18:07:41 UTC,,28.58724,,,,,13,51.42332,100.687,19,22,,,
2026-05-30 18:08:42 UTC,,28.56294,,,,,13,52.57862,100.686,19,22,,,
2026-05-30 18:09:42 UTC,,28.57209,,,,,14,52.58654,100.687,20,23,,,
2026-05-30 18:10:42 UTC,,28.61185,,,,,13,52.2383,100.687,19,22,,,
2026-05-30 18:11:42 UTC,,28.62321,,,,,13,52.48004,100.687,19,22,,,
2026-05-30 18:12:42 UTC,,28.61627,,,,,14,53.55025,100.687,20,23,,,
2026-05-30 18:13:42 UTC,,28.62069,,,,,13,53.41664,100.688,19,22,,,
2026-05-30 18:14:42 UTC,,28.6554,,,,,14,53.09967,100.688,20,23,,,
2026-05-30 18:15:42 UTC,,28.70462,,,,,13,53.19357,100.69,19,22,,,
2026-05-30 18:16:42 UTC,,28.72292,,,,,13,53.8406,100.69,19,22,,,
2026-05-30 18:17:42 UTC,,28.73775,,,,,14,53.89648,100.69,20,23,,,
2026-05-30 18:18:42 UTC,,28.79171,,,,,14,53.52765,100.69,20,23,,,
2026-05-30 18:19:42 UTC,,28.828,,,,,14,53.7477,100.689,20,23,,,
2026-05-30 18:20:42 UTC,,28.83021,,,,,13,54.35398,100.689,19,22,,,
2026-05-30 18:21:43 UTC,,28.82453,,,,,14,52.53434,100.689,20,23,,,
2026-05-30 18:22:43 UTC,,28.82264,,,,,14,51.72091,100.687,20,23,,,
2026-05-30 18:23:43 UTC,,28.79803,,,,,14,50.60362,100.686,20,23,,,
2026-05-30 18:24:43 UTC,,28.7346,,,,,13,50.02758,100.685,19,22,,,
2026-05-30 18:25:43 UTC,,28.60238,,,,,14,50.96786,100.685,20,23,,,
2026-05-30 18:26:43 UTC,,28.54842,,,,,13,50.77534,100.684,19,22,,,
2026-05-30 18:27:43 UTC,,28.54653,,,,,13,50.51729,100.684,19,22,,,
2026-05-30 18:28:43 UTC,,28.52034,,,,,13,51.43423,100.684,19,22,,,
2026-05-30 18:29:43 UTC,,28.52286,,,,,13,51.56073,100.686,19,22,,,
2026-05-30 18:30:43 UTC,,28.52886,,,,,14,51.5881,100.686,20,23,,,
2026-05-30 18:31:43 UTC,,28.5601,,,,,14,51.39312,100.686,20,23,,,
2026-05-30 18:32:43 UTC,,28.58377,,,,,14,52.41455,100.685,20,23,,,
2026-05-30 18:33:44 UTC,,28.57524,,,,,14,52.73398,100.686,20,23,,,
2026-05-30 18:34:44 UTC,,28.59229,,,,,14,52.54256,100.686,20,23,,,
2026-05-30 18:35:44 UTC,,28.63678,,,,,14,52.32839,100.685,20,23,,,
2026-05-30 18:36:44 UTC,,28.621,,,,,15,53.37643,100.685,21,24,,,
2026-05-30 18:37:44 UTC,,28.6128,,,,,14,53.6505,100.685,20,23,,,
2026-05-30 18:38:44 UTC,,28.63804,,,,,14,53.32513,100.685,20,23,,,
2026-05-30 18:39:44 UTC,,28.6778,,,,,14,53.13626,100.685,20,23,,,
2026-05-30 18:40:44 UTC,,28.686,,,,,14,53.83545,100.685,20,23,,,
2026-05-30 18:41:44 UTC,,28.68505,,,,,14,54.24593,100.685,20,23,,,
2026-05-30 18:42:44 UTC,,28.72292,,,,,14,53.80025,100.686,20,23,,,
2026-05-30 18:43:44 UTC,,28.77341,,,,,14,53.6124,100.686,20,23,,,
2026-05-30 18:44:44 UTC,,28.7955,,,,,14,54.37607,100.686,20,23,,,
2026-05-30 18:45:45 UTC,,28.76394,,,,,14,54.85102,100.686,20,23,,,
2026-05-30 18:46:45 UTC,,28.80812,,,,,14,54.30368,100.685,20,23,,,
2026-05-30 18:47:45 UTC,,28.8564,,,,,14,54.05444,100.684,20,23,,,
2026-05-30 18:48:45 UTC,,28.90626,,,,,15,54.47264,100.682,22,25,,,
2026-05-30 18:49:45 UTC,,28.90721,,,,,15,53.68482,100.682,21,24,,,
2026-05-30 18:50:45 UTC,,28.90468,,,,,15,52.4318,100.681,21,24,,,
2026-05-30 18:51:45 UTC,,28.8889,,,,,14,51.42417,100.68,20,23,,,
2026-05-30 18:52:45 UTC,,28.82201,,,,,14,50.83835,100.679,20,23,,,
2026-05-30 18:53:45 UTC,,28.6961,,,,,15,51.00692,100.677,21,24,,,
2026-05-30 18:54:45 UTC,,28.61059,,,,,14,51.02196,100.677,20,23,,,
2026-05-30 18:55:45 UTC,,28.56767,,,,,14,51.06258,100.676,20,23,,,
2026-05-30 18:56:45 UTC,,28.56925,,,,,15,50.85089,100.676,21,24,,,
2026-05-30 18:57:46 UTC,,28.52286,,,,,15,52.01297,100.676,21,24,,,
2026-05-30 18:58:46 UTC,,28.54464,,,,,14,51.82957,100.676,20,23,,,
2026-05-30 18:59:46 UTC,,28.57241,,,,,15,51.68702,100.675,21,24,,,
2026-05-30 19:00:46 UTC,,28.60491,,,,,15,51.75127,100.674,21,24,,,
2026-05-30 19:01:46 UTC,,28.57335,,,,,15,53.23573,100.673,21,24,,,
2026-05-30 19:02:46 UTC,,28.59165,,,,,15,52.90343,100.673,21,24,,,
2026-05-30 19:03:46 UTC,,28.62794,,,,,14,52.62093,100.672,20,23,,,
2026-05-30 19:04:46 UTC,,28.67843,,,,,15,52.5744,100.671,21,24,,,
2026-05-30 19:05:46 UTC,,28.66423,,,,,15,53.82568,100.67,21,24,,,
2026-05-30 19:06:46 UTC,,28.66455,,,,,15,53.71145,100.67,21,24,,,
2026-05-30 19:07:46 UTC,,28.71409,,,,,15,53.27534,100.669,21,24,,,
2026-05-30 19:08:46 UTC,,28.76016,,,,,16,53.29512,100.669,23,26,,,
2026-05-30 19:09:47 UTC,,28.74596,,,,,15,54.39608,100.669,21,24,,,
2026-05-30 19:10:47 UTC,,28.73618,,,,,15,54.42842,100.668,22,25,,,
2026-05-30 19:11:47 UTC,,28.7712,,,,,15,54.06269,100.666,21,24,,,
2026-05-30 19:12:47 UTC,,28.81065,,,,,15,54.04129,100.665,21,24,,,
2026-05-30 19:13:47 UTC,,28.8523,,,,,15,54.33686,100.663,22,25,,,
2026-05-30 19:14:47 UTC,,28.8646,,,,,15,52.89421,100.661,22,25,,,
2026-05-30 19:15:47 UTC,,28.83242,,,,,15,51.86861,100.659,21,24,,,
2026-05-30 19:16:47 UTC,,28.79329,,,,,15,50.94044,100.657,22,25,,,
2026-05-30 19:17:47 UTC,,28.72923,,,,,15,50.25766,100.655,22,25,,,
2026-05-30 19:18:47 UTC,,28.56136,,,,,15,51.55264,100.653,22,25,,,
2026-05-30 19:19:47 UTC,,28.48153,,,,,15,51.2565,100.652,22,25,,,
2026-05-30 19:20:47 UTC,,28.51213,,,,,15,50.61183,100.652,22,25,,,
2026-05-30 19:21:47 UTC,,28.45912,,,,,15,51.33971,100.651,21,24,,,
2026-05-30 19:22:47 UTC,,28.40327,,,,,15,52.35654,100.651,22,25,,,
2026-05-30 19:23:48 UTC,,28.38434,,,,,15,52.10069,100.651,22,25,,,
2026-05-30 19:24:48 UTC,,28.41337,,,,,15,51.88496,100.65,22,25,,,
2026-05-30 19:25:48 UTC,,28.48342,,,,,16,52.12083,100.649,23,26,,,
2026-05-30 19:26:48 UTC,,28.45754,,,,,15,53.13263,100.649,22,25,,,
2026-05-30 19:27:48 UTC,,28.51939,,,,,15,52.58601,100.649,22,25,,,
2026-05-30 19:28:48 UTC,,28.56893,,,,,15,52.48595,100.648,22,25,,,
2026-05-30 19:29:48 UTC,,28.60427,,,,,15,52.95201,100.647,22,25,,,
2026-05-30 19:30:48 UTC,,28.57556,,,,,15,53.90072,100.646,22,25,,,
2026-05-30 19:31:48 UTC,,28.62005,,,,,15,53.39642,100.645,22,25,,,
2026-05-30 19:32:48 UTC,,28.65098,,,,,15,53.2867,100.645,22,25,,,
2026-05-30 19:33:48 UTC,,28.69484,,,,,15,53.66192,100.643,22,25,,,
2026-05-30 19:34:48 UTC,,28.70746,,,,,15,54.28952,100.643,22,25,,,
2026-05-30 19:35:48 UTC,,28.72545,,,,,15,54.17076,100.642,22,25,,,
2026-05-30 19:36:49 UTC,,28.74848,,,,,16,53.97872,100.642,23,26,,,
2026-05-30 19:37:49 UTC,,28.71914,,,,,16,54.81088,100.643,23,26,,,
2026-05-30 19:38:49 UTC,,28.71219,,,,,15,55.06689,100.644,22,25,,,
2026-05-30 19:39:49 UTC,,28.74249,,,,,16,54.73986,100.644,23,26,,,
2026-05-30 19:40:49 UTC,,28.79361,,,,,15,54.30164,100.644,22,25,,,
2026-05-30 19:41:49 UTC,,28.81791,,,,,16,55.06163,100.645,23,26,,,
2026-05-30 19:42:49 UTC,,28.85072,,,,,15,54.14793,100.647,22,25,,,
2026-05-30 19:43:49 UTC,,28.84188,,,,,16,52.85094,100.646,23,26,,,
2026-05-30 19:44:49 UTC,,28.81791,,,,,16,52.11308,100.645,23,26,,,
2026-05-30 19:45:49 UTC,,28.76678,,,,,15,51.06277,100.646,22,25,,,
2026-05-30 19:46:49 UTC,,28.69673,,,,,16,50.62318,100.645,23,26,,,
2026-05-30 19:47:49 UTC,,28.56893,,,,,16,51.54037,100.645,23,26,,,
2026-05-30 19:48:50 UTC,,28.54495,,,,,15,51.21859,100.645,22,25,,,
2026-05-30 19:49:50 UTC,,28.55284,,,,,15,50.90827,100.644,22,25,,,
2026-05-30 19:50:50 UTC,,28.5093,,,,,15,52.29099,100.643,22,25,,,
2026-05-30 19:51:50 UTC,,28.48689,,,,,15,52.33461,100.641,22,25,,,
2026-05-30 19:52:50 UTC,,28.5033,,,,,16,52.07024,100.64,23,27,,,
2026-05-30 19:53:50 UTC,,28.53643,,,,,16,51.84841,100.639,23,26,,,
2026-05-30 19:54:50 UTC,,28.49446,,,,,16,53.43938,100.639,23,26,,,
2026-05-30 19:55:50 UTC,,28.48184,,,,,15,53.46446,100.639,22,25,,,
2026-05-30 19:56:50 UTC,,28.50425,,,,,15,53.17257,100.638,22,25,,,
2026-05-30 19:57:50 UTC,,28.54369,,,,,15,52.94368,100.637,22,25,,,
2026-05-30 19:58:50 UTC,,28.55473,,,,,16,53.83057,100.637,23,27,,,
2026-05-30 19:59:50 UTC,,28.57051,,,,,16,53.90674,100.637,23,27,,,
2026-05-30 20:00:51 UTC,,28.60144,,,,,17,53.73626,100.637,24,28,,,
2026-05-30 20:01:51 UTC,,28.65066,,,,,16,53.62891,100.637,23,26,,,
2026-05-30 20:02:51 UTC,,28.69515,,,,,16,54.15303,100.638,23,27,,,
2026-05-30 20:03:51 UTC,,28.71346,,,,,16,54.45221,100.638,23,27,,,
2026-05-30 20:04:51 UTC,,28.7548,,,,,16,54.04691,100.639,23,27,,,
2026-05-30 20:05:51 UTC,,28.79392,,,,,16,54.02547,100.639,23,26,,,
2026-05-30 20:06:51 UTC,,28.77752,,,,,16,55.06264,100.639,23,27,,,
2026-05-30 20:07:51 UTC,,28.76521,,,,,16,55.11505,100.64,23,26,,,
2026-05-30 20:08:51 UTC,,28.81916,,,,,16,54.48061,100.64,23,27,,,
2026-05-30 20:09:51 UTC,,28.85198,,,,,17,54.59999,100.64,24,28,,,
2026-05-30 20:10:51 UTC,,28.89395,,,,,16,54.85596,100.64,23,27,,,
2026-05-30 20:11:51 UTC,,28.89679,,,,,16,53.455,100.64,23,26,,,
2026-05-30 20:12:52 UTC,,28.88133,,,,,17,52.629,100.639,24,28,,,
2026-05-30 20:13:52 UTC,,28.83621,,,,,16,51.79593,100.637,23,27,,,
2026-05-30 20:14:52 UTC,,28.76237,,,,,16,50.78405,100.637,23,27,,,
2026-05-30 20:15:52 UTC,,28.58093,,,,,16,52.18076,100.638,23,27,,,
2026-05-30 20:16:52 UTC,,28.53296,,,,,16,51.48903,100.638,23,27,,,
2026-05-30 20:17:52 UTC,,28.53359,,,,,16,51.21707,100.638,23,27,,,
2026-05-30 20:18:52 UTC,,28.49888,,,,,16,52.14958,100.638,23,27,,,
2026-05-30 20:19:52 UTC,,28.47869,,,,,16,52.55372,100.638,23,26,,,
2026-05-30 20:20:52 UTC,,28.49636,,,,,17,52.23588,100.638,24,28,,,
2026-05-30 20:21:52 UTC,,28.52349,,,,,16,52.20625,100.64,23,27,,,
2026-05-30 20:22:52 UTC,,28.5074,,,,,16,53.15962,100.641,23,27,,,
2026-05-30 20:23:52 UTC,,28.46133,,,,,17,53.81754,100.64,25,29,,,
2026-05-30 20:24:53 UTC,,28.50519,,,,,17,53.2196,100.642,24,28,,,
2026-05-30 20:25:53 UTC,,28.53138,,,,,16,53.20982,100.643,23,27,,,
2026-05-30 20:26:53 UTC,,28.54653,,,,,17,53.93029,100.644,25,29,,,
2026-05-30 20:27:53 UTC,,28.54022,,,,,17,54.37387,100.646,24,28,,,
2026-05-30 20:28:53 UTC,,28.56736,,,,,16,54.02067,100.646,23,27,,,
2026-05-30 20:29:53 UTC,,28.61532,,,,,17,53.75163,100.647,24,28,,,
2026-05-30 20:30:53 UTC,,28.62416,,,,,17,54.46661,100.65,24,28,,,
2026-05-30 20:31:53 UTC,,28.61942,,,,,17,54.91843,100.651,24,28,,,
2026-05-30 20:32:53 UTC,,28.64214,,,,,16,54.69865,100.653,23,27,,,
2026-05-30 20:33:53 UTC,,28.69042,,,,,16,54.3343,100.652,23,27,,,
2026-05-30 20:34:53 UTC,,28.72513,,,,,17,54.66309,100.653,24,28,,,
2026-05-30 20:35:53 UTC,,28.70778,,,,,17,55.42528,100.654,24,28,,,
2026-05-30 20:36:53 UTC,,28.75101,,,,,17,54.98444,100.653,24,28,,,
2026-05-30 20:37:54 UTC,,28.80023,,,,,17,54.66697,100.654,24,28,,,
2026-05-30 20:38:54 UTC,,28.78445,,,,,17,55.31422,100.655,25,29,,,
2026-05-30 20:39:54 UTC,,28.81033,,,,,17,54.70216,100.655,25,29,,,
2026-05-30 20:40:54 UTC,,28.82106,,,,,17,53.06898,100.655,25,29,,,
2026-05-30 20:41:54 UTC,,28.79329,,,,,17,52.41653,100.654,24,28,,,
2026-05-30 20:42:54 UTC,,28.72576,,,,,17,51.42208,100.655,25,29,,,
2026-05-30 20:43:54 UTC,,28.64151,,,,,17,51.35762,100.655,24,28,,,
2026-05-30 20:44:54 UTC,,28.53391,,,,,16,51.888,100.656,23,27,,,
2026-05-30 20:45:54 UTC,,28.50267,,,,,16,51.63107,100.657,23,27,,,
2026-05-30 20:46:54 UTC,,28.49888,,,,,17,51.48444,100.657,24,28,,,
2026-05-30 20:47:54 UTC,,28.42189,,,,,17,53.04736,100.658,24,28,,,
2026-05-30 20:48:54 UTC,,28.40012,,,,,17,52.66986,100.66,24,28,,,
2026-05-30 20:49:55 UTC,,28.43735,,,,,17,52.42124,100.661,24,28,,,
2026-05-30 20:50:55 UTC,,28.48878,,,,,17,52.14821,100.662,25,29,,,
2026-05-30 20:51:55 UTC,,28.46133,,,,,17,53.67644,100.662,25,29,,,
2026-05-30 20:52:55 UTC,,28.4768,,,,,17,53.59128,100.663,25,29,,,
2026-05-30 20:53:55 UTC,,28.52255,,,,,17,53.16841,100.664,24,28,,,
2026-05-30 20:54:55 UTC,,28.56168,,,,,17,53.20731,100.665,25,29,,,
2026-05-30 20:55:55 UTC,,28.59986,,,,,17,53.88394,100.667,24,28,,,
2026-05-30 20:56:55 UTC,,28.5844,,,,,17,54.30592,100.667,24,28,,,
2026-05-30 20:57:55 UTC,,28.62636,,,,,17,53.92799,100.667,24,28,,,
2026-05-30 20:58:55 UTC,,28.66865,,,,,17,53.88683,100.668,24,28,,,
2026-05-30 20:59:55 UTC,,28.65603,,,,,17,54.69386,100.668,25,29,,,
2026-05-30 21:00:55 UTC,,28.6535,,,,,17,54.89623,100.669,25,29,,,
2026-05-30 21:01:56 UTC,,28.69452,,,,,17,54.41581,100.669,24,28,,,
2026-05-30 21:02:56 UTC,,28.73586,,,,,17,54.46885,100.669,25,29,,,
2026-05-30 21:03:56 UTC,,28.72198,,,,,17,55.2782,100.669,25,29,,,
2026-05-30 21:04:56 UTC,,28.70809,,,,,17,55.49992,100.67,24,28,,,
2026-05-30 21:05:56 UTC,,28.74343,,,,,17,54.96984,100.671,24,28,,,
2026-05-30 21:06:56 UTC,,28.76742,,,,,17,55.00031,100.671,25,29,,,
2026-05-30 21:07:56 UTC,,28.77814,,,,,18,55.40143,100.672,26,30,,,
2026-05-30 21:08:56 UTC,,28.7873,,,,,17,53.86977,100.671,25,29,,,
2026-05-30 21:09:56 UTC,,28.78004,,,,,17,53.00973,100.671,25,29,,,
2026-05-30 21:10:56 UTC,,28.65981,,,,,18,52.22484,100.67,26,30,,,
2026-05-30 21:11:56 UTC,,28.61721,,,,,17,51.19516,100.67,25,29,,,
2026-05-30 21:12:56 UTC,,28.47616,,,,,17,52.39318,100.67,25,29,,,
2026-05-30 21:13:57 UTC,,28.40958,,,,,18,52.1441,100.67,26,30,,,
2026-05-30 21:14:57 UTC,,28.41494,,,,,17,51.87186,100.671,25,29,,,
2026-05-30 21:15:57 UTC,,28.40043,,,,,17,52.83031,100.67,25,29,,,
2026-05-30 21:16:57 UTC,,28.37077,,,,,18,53.09387,100.671,26,30,,,
2026-05-30 21:17:57 UTC,,28.37235,,,,,17,52.86657,100.672,25,29,,,
2026-05-30 21:18:57 UTC,,28.41147,,,,,17,52.5779,100.672,25,29,,,
2026-05-30 21:19:57 UTC,,28.39002,,,,,17,53.90172,100.673,25,29,,,
2026-05-30 21:20:57 UTC,,28.39128,,,,,18,53.90862,100.674,26,30,,,
2026-05-30 21:21:57 UTC,,28.43325,,,,,17,53.53154,100.676,25,29,,,
2026-05-30 21:22:57 UTC,,28.48752,,,,,17,53.37134,100.677,24,28,,,
2026-05-30 21:23:57 UTC,,28.45439,,,,,18,54.65187,100.677,26,30,,,
2026-05-30 21:24:57 UTC,,28.46038,,,,,17,54.52449,100.678,25,29,,,
2026-05-30 21:25:58 UTC,,28.51844,,,,,17,54.19559,100.679,25,29,,,
2026-05-30 21:26:58 UTC,,28.56483,,,,,17,54.06743,100.681,24,28,,,
2026-05-30 21:27:58 UTC,,28.61122,,,,,17,54.55249,100.683,25,29,,,
2026-05-30 21:28:58 UTC,,28.58692,,,,,18,55.25219,100.684,26,30,,,
2026-05-30 21:29:58 UTC,,28.64751,,,,,17,54.57112,100.685,25,29,,,
2026-05-30 21:30:58 UTC,,28.6961,,,,,18,54.53747,100.686,26,30,,,
2026-05-30 21:31:58 UTC,,28.70494,,,,,17,55.24868,100.688,25,29,,,
2026-05-30 21:32:58 UTC,,28.68159,,,,,17,55.69292,100.689,25,29,,,
2026-05-30 21:33:58 UTC,,28.71409,,,,,17,55.21612,100.69,25,29,,,
2026-05-30 21:34:58 UTC,,28.7488,,,,,17,55.07209,100.692,24,28,,,
2026-05-30 21:35:58 UTC,,28.75416,,,,,17,55.87995,100.693,25,29,,,
2026-05-30 21:36:58 UTC,,28.73838,,,,,18,55.00972,100.694,26,30,,,
2026-05-30 21:37:58 UTC,,28.74154,,,,,18,53.50724,100.695,26,30,,,
2026-05-30 21:38:59 UTC,,28.70336,,,,,18,52.37753,100.695,26,30,,,
2026-05-30 21:39:59 UTC,,28.65666,,,,,17,51.65854,100.695,25,29,,,
2026-05-30 21:40:59 UTC,,28.48279,,,,,18,52.47416,100.695,26,30,,,
2026-05-30 21:41:59 UTC,,28.408,,,,,18,52.37053,100.695,26,30,,,
2026-05-30 21:42:59 UTC,,28.37361,,,,,18,51.9927,100.697,26,30,,,
2026-05-30 21:43:59 UTC,,28.39349,,,,,18,52.1419,100.699,26,30,,,
2026-05-30 21:44:59 UTC,,28.36919,,,,,18,52.97317,100.7,26,30,,,
2026-05-30 21:45:59 UTC,,28.39917,,,,,17,52.63633,100.701,25,29,,,
2026-05-30 21:46:59 UTC,,28.42252,,,,,17,52.5861,100.703,25,29,,,
2026-05-30 21:47:59 UTC,,28.43356,,,,,18,53.0088,100.704,26,30,,,
2026-05-30 21:48:59 UTC,,28.43167,,,,,18,53.71934,100.704,26,30,,,
2026-05-30 21:49:59 UTC,,28.43672,,,,,18,53.7805,100.705,26,30,,,
2026-05-30 21:51:00 UTC,,28.45123,,,,,17,53.58774,100.705,25,29,,,
2026-05-30 21:52:00 UTC,,28.50172,,,,,18,53.66191,100.706,26,30,,,
2026-05-30 21:53:00 UTC,,28.51308,,,,,18,54.4105,100.707,26,30,,,
2026-05-30 21:54:00 UTC,,28.54274,,,,,18,54.38096,100.709,26,30,,,
2026-05-30 21:55:00 UTC,,28.57998,,,,,18,54.08302,100.711,26,30,,,
2026-05-30 21:56:00 UTC,,28.59607,,,,,18,54.44242,100.712,26,30,,,
2026-05-30 21:57:00 UTC,,28.59513,,,,,18,55.05703,100.714,26,30,,,
2026-05-30 21:58:00 UTC,,28.64466,,,,,18,54.80034,100.716,26,30,,,
2026-05-30 21:59:00 UTC,,28.67654,,,,,18,54.71025,100.718,26,30,,,
2026-05-30 22:00:00 UTC,,28.70714,,,,,18,54.95116,100.719,26,30,,,
2026-05-30 22:01:00 UTC,,28.69642,,,,,18,55.48468,100.721,26,30,,,
2026-05-30 22:02:00 UTC,,28.68916,,,,,17,55.66006,100.722,25,29,,,
2026-05-30 22:03:01 UTC,,28.72166,,,,,18,55.19687,100.724,26,30,,,
2026-05-30 22:04:01 UTC,,28.75795,,,,,18,55.26301,100.724,26,30,,,
2026-05-30 22:05:01 UTC,,28.70746,,,,,18,55.62196,100.724,26,30,,,
2026-05-30 22:06:01 UTC,,28.70967,,,,,18,53.71103,100.726,26,30,,,
2026-05-30 22:07:01 UTC,,28.69326,,,,,18,52.92413,100.726,26,30,,,
2026-05-30 22:08:01 UTC,,28.63015,,,,,18,51.6882,100.726,26,30,,,
2026-05-30 22:09:01 UTC,,28.46386,,,,,17,52.24479,100.725,25,29,,,
2026-05-30 22:10:01 UTC,,28.39822,,,,,18,52.25584,100.724,26,30,,,
2026-05-30 22:11:01 UTC,,28.39065,,,,,17,51.90185,100.725,25,29,,,
2026-05-30 22:12:01 UTC,,28.39885,,,,,18,51.75663,100.725,26,30,,,
2026-05-30 22:13:01 UTC,,28.33732,,,,,18,53.24331,100.724,26,30,,,
2026-05-30 22:14:01 UTC,,28.32028,,,,,18,53.18065,100.725,26,30,,,
2026-05-30 22:15:01 UTC,,28.32849,,,,,18,52.89398,100.727,26,30,,,
2026-05-30 22:16:01 UTC,,28.33574,,,,,18,52.94849,100.727,26,30,,,
2026-05-30 22:17:02 UTC,,28.32533,,,,,18,53.91287,100.728,26,30,,,
2026-05-30 22:18:02 UTC,,28.37172,,,,,18,53.85211,100.73,26,30,,,
2026-05-30 22:19:02 UTC,,28.40327,,,,,18,53.74224,100.731,26,30,,,
2026-05-30 22:20:02 UTC,,28.41494,,,,,18,53.80435,100.731,26,30,,,
2026-05-30 22:21:02 UTC,,28.41053,,,,,18,54.80777,100.732,26,30,,,
2026-05-30 22:22:02 UTC,,28.40769,,,,,18,54.8479,100.733,26,30,,,
2026-05-30 22:23:02 UTC,,28.46102,,,,,18,54.30882,100.735,26,30,,,
2026-05-30 22:24:02 UTC,,28.52097,,,,,18,54.21616,100.737,26,30,,,
2026-05-30 22:25:02 UTC,,28.51971,,,,,18,55.12753,100.738,26,30,,,
2026-05-30 22:26:02 UTC,,28.5216,,,,,18,55.29707,100.739,26,30,,,
2026-05-30 22:27:02 UTC,,28.55821,,,,,18,54.98415,100.74,26,30,,,
2026-05-30 22:28:02 UTC,,28.59639,,,,,18,54.76648,100.742,26,30,,,
2026-05-30 22:29:03 UTC,,28.60522,,,,,18,55.55982,100.743,26,30,,,
2026-05-30 22:30:03 UTC,,28.58503,,,,,18,55.88283,100.744,26,30,,,
2026-05-30 22:31:03 UTC,,28.61122,,,,,18,55.5132,100.746,26,30,,,
2026-05-30 22:32:03 UTC,,28.64183,,,,,18,55.35486,100.747,26,30,,,
2026-05-30 22:33:03 UTC,,28.64341,,,,,19,56.04077,100.749,27,31,,,
2026-05-30 22:34:03 UTC,,28.63457,,,,,18,56.24362,100.749,26,30,,,
2026-05-30 22:35:03 UTC,,28.67875,,,,,19,55.78078,100.751,27,31,,,
2026-05-30 22:36:03 UTC,,28.71882,,,,,18,55.56929,100.752,26,30,,,
2026-05-30 22:37:03 UTC,,28.78162,,,,,18,55.67331,100.753,26,30,,,
2026-05-30 22:38:03 UTC,,28.78351,,,,,18,54.84703,100.754,26,30,,,
2026-05-30 22:39:03 UTC,,28.77625,,,,,18,53.4114,100.756,26,30,,,
2026-05-30 22:40:03 UTC,,28.73081,,,,,18,52.51481,100.756,26,30,,,
2026-05-30 22:41:03 UTC,,28.66928,,,,,18,51.66024,100.756,26,30,,,
2026-05-30 22:42:04 UTC,,28.5093,,,,,18,52.72493,100.757,26,30,,,
2026-05-30 22:43:04 UTC,,28.46291,,,,,18,52.25799,100.757,26,30,,,
2026-05-30 22:44:04 UTC,,28.47648,,,,,18,52.09991,100.758,26,30,,,
2026-05-30 22:45:04 UTC,,28.4058,,,,,18,53.24607,100.758,26,30,,,
2026-05-30 22:46:04 UTC,,28.36698,,,,,17,53.58946,100.76,25,29,,,
2026-05-30 22:47:04 UTC,,28.37266,,,,,18,53.41579,100.76,26,30,,,
2026-05-30 22:48:04 UTC,,28.39633,,,,,17,53.17106,100.76,25,29,,,
2026-05-30 22:49:04 UTC,,28.37582,,,,,18,54.05445,100.761,26,30,,,
2026-05-30 22:50:04 UTC,,28.36604,,,,,18,54.59893,100.763,26,30,,,
2026-05-30 22:51:04 UTC,,28.40359,,,,,17,54.17277,100.764,25,29,,,
2026-05-30 22:52:04 UTC,,28.45975,,,,,17,53.93835,100.765,25,29,,,
2026-05-30 22:53:04 UTC,,28.52129,,,,,18,54.28358,100.766,26,30,,,
2026-05-30 22:54:05 UTC,,28.52065,,,,,17,55.16827,100.767,25,29,,,
2026-05-30 22:55:05 UTC,,28.55221,,,,,18,54.8616,100.768,26,30,,,
2026-05-30 22:56:05 UTC,,28.58692,,,,,18,54.74488,100.769,26,30,,,
2026-05-30 22:57:05 UTC,,28.60933,,,,,17,55.03875,100.771,25,29,,,
2026-05-30 22:58:05 UTC,,28.60175,,,,,17,55.74937,100.772,25,29,,,
2026-05-30 22:59:05 UTC,,28.63425,,,,,17,55.59111,100.773,25,29,,,
2026-05-30 23:00:05 UTC,,28.66328,,,,,18,55.34436,100.774,26,30,,,
2026-05-30 23:01:05 UTC,,28.68032,,,,,18,55.77423,100.775,26,30,,,
2026-05-30 23:02:05 UTC,,28.65192,,,,,17,56.47774,100.776,25,29,,,
2026-05-30 23:03:05 UTC,,28.6778,,,,,17,56.05253,100.778,25,29,,,
2026-05-30 23:04:05 UTC,,28.7103,,,,,18,55.75815,100.78,26,30,,,
2026-05-30 23:05:05 UTC,,28.73271,,,,,19,56.23738,100.781,27,31,,,
2026-05-30 23:06:06 UTC,,28.69957,,,,,18,55.77698,100.783,26,30,,,
2026-05-30 23:07:06 UTC,,28.68474,,,,,18,54.42792,100.783,26,30,,,
2026-05-30 23:08:06 UTC,,28.61406,,,,,18,53.57008,100.784,26,30,,,
2026-05-30 23:09:06 UTC,,28.57682,,,,,18,52.37358,100.784,26,30,,,
2026-05-30 23:10:06 UTC,,28.44997,,,,,18,53.11148,100.784,26,30,,,
2026-05-30 23:11:06 UTC,,28.40232,,,,,17,52.80383,100.784,24,28,,,
2026-05-30 23:12:06 UTC,,28.40516,,,,,17,52.55701,100.786,25,29,,,
2026-05-30 23:13:06 UTC,,28.4383,,,,,17,52.53484,100.787,25,29,,,
2026-05-30 23:14:06 UTC,,28.41211,,,,,17,53.70989,100.787,25,29,,,
2026-05-30 23:15:06 UTC,,28.44524,,,,,17,53.50635,100.789,25,29,,,
2026-05-30 23:16:06 UTC,,28.46102,,,,,18,53.40791,100.79,26,30,,,
2026-05-30 23:17:06 UTC,,28.50519,,,,,18,53.51468,100.79,26,30,,,
2026-05-30 23:18:07 UTC,,28.46133,,,,,17,54.92984,100.791,25,29,,,
2026-05-30 23:19:07 UTC,,28.46449,,,,,18,54.84242,100.791,26,30,,,
2026-05-30 23:20:07 UTC,,28.49541,,,,,18,54.36082,100.792,26,30,,,
2026-05-30 23:21:07 UTC,,28.50046,,,,,18,54.61787,100.793,26,30,,,
2026-05-30 23:22:07 UTC,,28.47743,,,,,18,55.67047,100.794,26,30,,,
2026-05-30 23:23:07 UTC,,28.49162,,,,,18,55.53003,100.795,26,30,,,
2026-05-30 23:24:07 UTC,,28.54527,,,,,18,54.96202,100.796,26,30,,,
2026-05-30 23:25:07 UTC,,28.5803,,,,,18,55.16998,100.797,26,30,,,
2026-05-30 23:26:07 UTC,,28.5661,,,,,18,56.05684,100.797,26,30,,,
2026-05-30 23:27:07 UTC,,28.58187,,,,,18,56.00471,100.799,26,30,,,
2026-05-30 23:28:07 UTC,,28.62258,,,,,17,55.66409,100.801,25,29,,,
2026-05-30 23:29:07 UTC,,28.64908,,,,,18,55.68147,100.802,26,30,,,
2026-05-30 23:30:08 UTC,,28.66234,,,,,18,56.22041,100.804,26,30,,,
2026-05-30 23:31:08 UTC,,28.66297,,,,,18,56.56798,100.806,26,30,,,
2026-05-30 23:32:08 UTC,,28.7062,,,,,18,56.07702,100.809,26,30,,,
2026-05-30 23:33:08 UTC,,28.74785,,,,,18,55.9946,100.811,26,30,,,
2026-05-30 23:34:08 UTC,,28.77783,,,,,18,56.07374,100.811,26,30,,,
2026-05-30 23:35:08 UTC,,28.80149,,,,,19,54.51859,100.812,27,31,,,
2026-05-30 23:36:08 UTC,,28.78603,,,,,19,53.38592,100.813,27,31,,,
2026-05-30 23:37:08 UTC,,28.74343,,,,,19,52.61673,100.814,27,31,,,
2026-05-30 23:38:08 UTC,,28.61879,,,,,19,52.69318,100.813,28,32,,,
2026-05-30 23:39:08 UTC,,28.51782,,,,,19,53.22134,100.813,27,31,,,
2026-05-30 23:40:08 UTC,,28.53359,,,,,18,52.62803,100.813,26,30,,,
2026-05-30 23:41:08 UTC,,28.56262,,,,,19,52.37831,100.815,28,32,,,
2026-05-30 23:42:08 UTC,,28.48437,,,,,19,54.15715,100.815,27,31,,,
2026-05-30 23:43:09 UTC,,28.50866,,,,,19,53.66959,100.817,28,33,,,
2026-05-30 23:44:09 UTC,,28.51971,,,,,19,53.59726,100.816,27,31,,,
2026-05-30 23:45:09 UTC,,28.52065,,,,,19,53.44972,100.817,27,31,,,
2026-05-30 23:46:09 UTC,,28.48658,,,,,19,54.89286,100.816,27,31,,,
2026-05-30 23:47:09 UTC,,28.45186,,,,,19,55.07729,100.816,27,31,,,
2026-05-30 23:48:09 UTC,,28.47869,,,,,18,54.64856,100.817,26,30,,,
2026-05-30 23:49:09 UTC,,28.49225,,,,,18,54.55597,100.817,26,30,,,
2026-05-30 23:50:09 UTC,,28.46891,,,,,20,55.77108,100.818,29,34,,,
2026-05-30 23:51:09 UTC,,28.45313,,,,,19,55.87748,100.819,28,32,,,
2026-05-30 23:52:09 UTC,,28.51497,,,,,19,55.17424,100.821,27,31,,,
2026-05-30 23:53:09 UTC,,28.55253,,,,,19,55.11865,100.822,28,32,,,
2026-05-30 23:54:09 UTC,,28.57398,,,,,19,56.01719,100.823,28,33,,,
2026-05-30 23:55:10 UTC,,28.56042,,,,,19,56.2874,100.824,28,33,,,
2026-05-30 23:56:10 UTC,,28.61784,,,,,19,55.6702,100.825,27,31,,,
2026-05-30 23:57:10 UTC,,28.66549,,,,,19,55.60916,100.825,27,31,,,
2026-05-30 23:58:10 UTC,,28.70683,,,,,20,56.10432,100.826,29,34,,,
2026-05-30 23:59:10 UTC,,28.692,,,,,20,56.64722,100.828,29,34,,,
2026-05-31 00:00:10 UTC,,28.72923,,,,,20,56.23008,100.829,29,34,,,
2026-05-31 00:01:10 UTC,,28.75069,,,,,19,56.11065,100.83,28,33,,,
2026-05-31 00:02:10 UTC,,28.78382,,,,,20,56.50368,100.832,29,34,,,
2026-05-31 00:03:10 UTC,,28.78382,,,,,20,55.18541,100.833,29,34,,,
2026-05-31 00:04:10 UTC,,28.74722,,,,,20,53.99201,100.834,29,34,,,
2026-05-31 00:05:10 UTC,,28.69421,,,,,20,53.33293,100.835,29,34,,,
2026-05-31 00:06:10 UTC,,28.61816,,,,,21,52.68641,100.836,30,35,,,
2026-05-31 00:07:11 UTC,,28.44398,,,,,20,53.9227,100.836,29,34,,,
2026-05-31 00:08:11 UTC,,28.36099,,,,,20,53.66919,100.837,29,34,,,
2026-05-31 00:09:11 UTC,,28.38276,,,,,20,53.10221,100.839,29,34,,,
2026-05-31 00:10:11 UTC,,28.42347,,,,,20,53.49662,100.841,29,34,,,
2026-05-31 00:11:11 UTC,,28.40548,,,,,20,54.24038,100.843,29,34,,,
2026-05-31 00:12:11 UTC,,28.42788,,,,,20,53.9339,100.844,29,34,,,
2026-05-31 00:13:11 UTC,,28.47364,,,,,19,53.77893,100.846,27,31,,,
2026-05-31 00:14:11 UTC,,28.50456,,,,,19,54.49024,100.848,28,32,,,
2026-05-31 00:15:11 UTC,,28.47743,,,,,20,55.21629,100.85,29,34,,,
2026-05-31 00:16:11 UTC,,28.50046,,,,,20,54.88131,100.851,29,34,,,
2026-05-31 00:17:11 UTC,,28.52129,,,,,19,54.70182,100.852,28,33,,,
2026-05-31 00:18:11 UTC,,28.5216,,,,,20,55.48684,100.854,29,34,,,
2026-05-31 00:19:12 UTC,,28.49825,,,,,19,55.9791,100.855,28,33,,,
2026-05-31 00:20:12 UTC,,28.53202,,,,,20,55.45442,100.857,29,34,,,
2026-05-31 00:21:12 UTC,,28.58093,,,,,20,55.31908,100.858,29,34,,,
2026-05-31 00:22:12 UTC,,28.57083,,,,,20,56.11194,100.86,29,34,,,
2026-05-31 00:23:12 UTC,,28.53675,,,,,20,56.73384,100.86,29,34,,,
2026-05-31 00:24:12 UTC,,28.58629,,,,,19,56.01215,100.861,28,32,,,
2026-05-31 00:25:12 UTC,,28.63141,,,,,20,55.79436,100.862,29,34,,,
2026-05-31 00:26:12 UTC,,28.59733,,,,,19,56.73582,100.863,27,31,,,
2026-05-31 00:27:12 UTC,,28.57146,,,,,19,57.14877,100.863,28,33,,,
2026-05-31 00:28:12 UTC,,28.61406,,,,,19,56.59497,100.865,28,33,,,
2026-05-31 00:29:12 UTC,,28.65571,,,,,19,56.36245,100.866,28,33,,,
2026-05-31 00:30:12 UTC,,28.67938,,,,,19,56.63175,100.868,28,32,,,
2026-05-31 00:31:13 UTC,,28.69547,,,,,19,56.00067,100.869,27,31,,,
2026-05-31 00:32:13 UTC,,28.69263,,,,,19,54.57748,100.87,27,31,,,
2026-05-31 00:33:13 UTC,,28.6554,,,,,19,53.74378,100.871,28,33,,,
2026-05-31 00:34:13 UTC,,28.58787,,,,,18,52.95644,100.872,26,30,,,
2026-05-31 00:35:13 UTC,,28.40611,,,,,18,54.08561,100.873,26,30,,,
2026-05-31 00:36:13 UTC,,28.33543,,,,,19,53.86721,100.873,28,32,,,
2026-05-31 00:37:13 UTC,,28.35184,,,,,19,53.19841,100.873,27,31,,,
2026-05-31 00:38:13 UTC,,28.36162,,,,,19,53.3405,100.873,27,31,,,
2026-05-31 00:39:13 UTC,,28.30072,,,,,19,54.81252,100.874,27,31,,,
2026-05-31 00:40:13 UTC,,28.28368,,,,,19,54.72232,100.875,27,31,,,
2026-05-31 00:41:13 UTC,,28.30797,,,,,18,54.32778,100.875,26,30,,,
2026-05-31 00:42:13 UTC,,28.33543,,,,,19,54.50016,100.875,27,31,,,
2026-05-31 00:43:13 UTC,,28.31618,,,,,19,55.63385,100.876,27,31,,,
2026-05-31 00:44:14 UTC,,28.30861,,,,,18,55.61919,100.877,26,30,,,
2026-05-31 00:45:14 UTC,,28.34994,,,,,18,55.22525,100.878,26,30,,,
2026-05-31 00:46:14 UTC,,28.39822,,,,,17,55.07645,100.878,25,29,,,
2026-05-31 00:47:14 UTC,,28.38592,,,,,18,56.29625,100.88,26,30,,,
2026-05-31 00:48:14 UTC,,28.3714,,,,,18,56.34182,100.883,26,30,,,
2026-05-31 00:49:14 UTC,,28.41621,,,,,18,55.89256,100.883,26,30,,,
2026-05-31 00:50:14 UTC,,28.46165,,,,,18,55.76323,100.885,26,30,,,
2026-05-31 00:51:14 UTC,,28.44208,,,,,18,56.87709,100.885,26,30,,,
2026-05-31 00:52:14 UTC,,28.4506,,,,,18,56.81006,100.887,26,30,,,
2026-05-31 00:53:14 UTC,,28.50519,,,,,18,56.32027,100.887,26,30,,,
2026-05-31 00:54:14 UTC,,28.54432,,,,,18,56.33273,100.887,26,30,,,
2026-05-31 00:55:14 UTC,,28.55568,,,,,17,57.11912,100.887,25,29,,,
2026-05-31 00:56:15 UTC,,28.55253,,,,,18,57.16652,100.889,26,30,,,
2026-05-31 00:57:15 UTC,,28.61658,,,,,18,56.64309,100.89,26,30,,,
2026-05-31 00:58:15 UTC,,28.64183,,,,,17,56.63994,100.891,25,29,,,
2026-05-31 00:59:15 UTC,,28.6311,,,,,17,57.40386,100.892,24,28,,,
2026-05-31 01:00:15 UTC,,28.63583,,,,,17,55.6117,100.892,25,29,,,
2026-05-31 01:01:15 UTC,,28.60869,,,,,17,54.44419,100.893,25,29,,,
2026-05-31 01:02:15 UTC,,28.57935,,,,,17,53.55184,100.894,24,28,,,
2026-05-31 01:03:15 UTC,,28.47427,,,,,17,53.30916,100.892,24,28,,,
2026-05-31 01:04:15 UTC,,28.36698,,,,,17,54.18111,100.893,24,28,,,
2026-05-31 01:05:15 UTC,,28.31965,,,,,17,53.93897,100.893,25,29,,,
2026-05-31 01:06:15 UTC,,28.35909,,,,,17,53.35356,100.892,24,28,,,
2026-05-31 01:07:15 UTC,,28.34647,,,,,17,54.31296,100.892,24,28,,,
2026-05-31 01:08:16 UTC,,28.33227,,,,,17,54.79672,100.891,24,28,,,
2026-05-31 01:09:16 UTC,,28.37329,,,,,16,54.46503,100.89,23,27,,,
2026-05-31 01:10:16 UTC,,28.41905,,,,,16,54.17494,100.887,23,27,,,
2026-05-31 01:11:16 UTC,,28.45691,,,,,17,55.06448,100.887,24,28,,,
2026-05-31 01:12:16 UTC,,28.46133,,,,,16,55.55283,100.887,23,27,,,
2026-05-31 01:13:16 UTC,,28.4831,,,,,16,55.29837,100.888,23,27,,,
2026-05-31 01:14:16 UTC,,28.50709,,,,,16,55.20697,100.889,23,27,,,
2026-05-31 01:15:16 UTC,,28.5033,,,,,16,56.05461,100.889,23,27,,,
2026-05-31 01:16:16 UTC,,28.48878,,,,,16,56.47458,100.89,23,26,,,
2026-05-31 01:17:16 UTC,,28.54401,,,,,16,55.98568,100.89,23,27,,,
2026-05-31 01:18:16 UTC,,28.59197,,,,,16,55.6665,100.89,23,27,,,
2026-05-31 01:19:16 UTC,,28.54874,,,,,16,56.87895,100.89,23,26,,,
2026-05-31 01:20:16 UTC,,28.53233,,,,,16,57.19094,100.891,23,26,,,
2026-05-31 01:21:16 UTC,,28.56357,,,,,16,56.68315,100.892,23,27,,,
2026-05-31 01:22:17 UTC,,28.60049,,,,,16,56.39534,100.892,23,26,,,
2026-05-31 01:23:17 UTC,,28.61501,,,,,15,57.13463,100.892,22,25,,,
2026-05-31 01:24:17 UTC,,28.59639,,,,,16,57.51522,100.895,23,26,,,
2026-05-31 01:25:17 UTC,,28.64403,,,,,15,57.04998,100.896,22,25,,,
2026-05-31 01:26:17 UTC,,28.68663,,,,,16,56.66691,100.897,23,27,,,
2026-05-31 01:27:17 UTC,,28.70083,,,,,16,57.50315,100.897,23,26,,,
2026-05-31 01:28:17 UTC,,28.70809,,,,,16,56.05689,100.897,23,26,,,
2026-05-31 01:29:17 UTC,,28.70714,,,,,16,54.99852,100.897,23,26,,,
2026-05-31 01:30:17 UTC,,28.67117,,,,,16,53.89391,100.897,23,26,,,
2026-05-31 01:31:17 UTC,,28.61974,,,,,16,53.10814,100.898,23,26,,,
2026-05-31 01:32:17 UTC,,28.49857,,,,,16,53.96395,100.897,23,26,,,
2026-05-31 01:33:17 UTC,,28.38812,,,,,16,54.34575,100.898,23,26,,,
2026-05-31 01:34:18 UTC,,28.38844,,,,,16,53.72676,100.898,23,26,,,
2026-05-31 01:35:18 UTC,,28.34994,,,,,15,54.32692,100.896,22,25,,,
2026-05-31 01:36:18 UTC,,28.30577,,,,,16,55.25961,100.896,23,26,,,
2026-05-31 01:37:18 UTC,,28.3206,,,,,15,54.85587,100.897,21,24,,,
2026-05-31 01:38:18 UTC,,28.3755,,,,,15,54.54628,100.897,22,25,,,
2026-05-31 01:39:18 UTC,,28.41873,,,,,16,54.8765,100.897,23,26,,,
2026-05-31 01:40:18 UTC,,28.39191,,,,,15,56.14741,100.897,22,25,,,
2026-05-31 01:41:18 UTC,,28.39759,,,,,15,55.94425,100.897,22,25,,,
2026-05-31 01:42:18 UTC,,28.45754,,,,,15,55.34892,100.897,22,25,,,
2026-05-31 01:43:18 UTC,,28.49131,,,,,15,55.6996,100.897,22,25,,,
2026-05-31 01:44:18 UTC,,28.47522,,,,,15,56.67033,100.897,21,24,,,
2026-05-31 01:45:18 UTC,,28.46764,,,,,15,56.66923,100.897,21,24,,,
2026-05-31 01:46:19 UTC,,28.50362,,,,,15,56.21793,100.897,21,24,,,
2026-05-31 01:47:19 UTC,,28.53264,,,,,15,56.35829,100.896,21,24,,,
2026-05-31 01:48:19 UTC,,28.55032,,,,,15,57.00213,100.895,22,25,,,
2026-05-31 01:49:19 UTC,,28.56767,,,,,15,56.95,100.895,21,24,,,
2026-05-31 01:50:19 UTC,,28.63331,,,,,15,56.40009,100.895,21,24,,,
2026-05-31 01:51:19 UTC,,28.61658,,,,,15,57.03914,100.894,22,25,,,
2026-05-31 01:52:19 UTC,,28.61753,,,,,15,57.51832,100.893,21,24,,,
2026-05-31 01:53:19 UTC,,28.63614,,,,,14,57.44571,100.893,20,23,,,
2026-05-31 01:54:19 UTC,,28.67117,,,,,15,57.01977,100.892,21,24,,,
2026-05-31 01:55:19 UTC,,28.7163,,,,,15,57.04002,100.89,21,24,,,
2026-05-31 01:56:19 UTC,,28.69263,,,,,14,57.3718,100.89,20,23,,,
2026-05-31 01:57:19 UTC,,28.68443,,,,,14,55.72727,100.888,20,23,,,
2026-05-31 01:58:19 UTC,,28.65413,,,,,14,54.49106,100.887,20,23,,,
2026-05-31 01:59:20 UTC,,28.60649,,,,,15,53.58246,100.885,21,24,,,
2026-05-31 02:00:20 UTC,,28.51561,,,,,15,53.5027,100.884,21,24,,,
2026-05-31 02:01:20 UTC,,28.42946,,,,,14,53.89377,100.883,20,23,,,
2026-05-31 02:02:20 UTC,,28.39033,,,,,14,53.84125,100.882,20,23,,,
2026-05-31 02:03:20 UTC,,28.3998,,,,,13,53.54703,100.881,19,22,,,
2026-05-31 02:04:20 UTC,,28.37235,,,,,14,54.70106,100.88,20,23,,,
2026-05-31 02:05:20 UTC,,28.3187,,,,,13,55.41724,100.879,19,22,,,
2026-05-31 02:06:20 UTC,,28.32249,,,,,14,55.09277,100.878,20,23,,,
2026-05-31 02:07:20 UTC,,28.36509,,,,,14,55.00412,100.878,20,23,,,
2026-05-31 02:08:20 UTC,,28.35184,,,,,13,56.13483,100.877,19,22,,,
2026-05-31 02:09:20 UTC,,28.36067,,,,,13,56.07489,100.877,19,22,,,
2026-05-31 02:10:20 UTC,,28.38939,,,,,14,55.96345,100.876,20,23,,,
2026-05-31 02:11:21 UTC,,28.44903,,,,,13,55.63927,100.875,19,22,,,
2026-05-31 02:12:21 UTC,,28.40705,,,,,13,57.1453,100.875,19,22,,,
2026-05-31 02:13:21 UTC,,28.3957,,,,,13,57.1915,100.874,18,21,,,
2026-05-31 02:14:21 UTC,,28.4465,,,,,13,56.55706,100.874,18,21,,,
2026-05-31 02:15:21 UTC,,28.49793,,,,,13,56.31241,100.873,19,22,,,
2026-05-31 02:16:21 UTC,,28.53896,,,,,13,56.67958,100.873,18,21,,,
2026-05-31 02:17:21 UTC,,28.51939,,,,,13,57.55188,100.873,18,21,,,
2026-05-31 02:18:21 UTC,,28.56136,,,,,13,57.03792,100.873,18,21,,,
2026-05-31 02:19:21 UTC,,28.61343,,,,,13,56.72451,100.872,18,21,,,
2026-05-31 02:20:21 UTC,,28.6068,,,,,12,57.53046,100.87,17,20,,,
2026-05-31 02:21:21 UTC,,28.60459,,,,,13,57.82499,100.869,19,22,,,
2026-05-31 02:22:21 UTC,,28.64246,,,,,13,57.44662,100.869,19,22,,,
2026-05-31 02:23:22 UTC,,28.69011,,,,,12,57.12508,100.868,17,20,,,
2026-05-31 02:24:22 UTC,,28.72829,,,,,13,57.65799,100.868,18,21,,,
2026-05-31 02:25:22 UTC,,28.71787,,,,,13,56.49412,100.865,18,21,,,
2026-05-31 02:26:22 UTC,,28.70588,,,,,12,55.67604,100.863,17,20,,,
2026-05-31 02:27:22 UTC,,28.67591,,,,,13,54.31204,100.862,18,21,,,
2026-05-31 02:28:22 UTC,,28.63299,,,,,12,53.49887,100.86,17,20,,,
2026-05-31 02:29:22 UTC,,28.49951,,,,,12,54.16601,100.859,17,20,,,
2026-05-31 02:30:22 UTC,,28.40674,,,,,13,54.53718,100.858,18,21,,,
2026-05-31 02:31:22 UTC,,28.42031,,,,,12,53.90594,100.857,17,20,,,
2026-05-31 02:32:22 UTC,,28.45407,,,,,12,53.70901,100.856,17,20,,,
2026-05-31 02:33:22 UTC,,28.44145,,,,,12,54.90676,100.855,17,20,,,
2026-05-31 02:34:22 UTC,,28.45881,,,,,12,54.84163,100.854,17,20,,,
2026-05-31 02:35:23 UTC,,28.50772,,,,,12,54.39626,100.853,17,20,,,
2026-05-31 02:36:23 UTC,,28.50267,,,,,12,54.787,100.852,17,20,,,
2026-05-31 02:37:23 UTC,,28.46038,,,,,12,56.24573,100.851,17,19,,,
2026-05-31 02:38:23 UTC,,28.44555,,,,,11,56.08031,100.851,16,18,,,
2026-05-31 02:39:23 UTC,,28.47932,,,,,11,55.94919,100.851,16,18,,,
2026-05-31 02:40:23 UTC,,28.50204,,,,,12,55.88451,100.85,17,19,,,
2026-05-31 02:41:23 UTC,,28.479,,,,,11,57.00541,100.849,16,18,,,
2026-05-31 02:42:23 UTC,,28.48721,,,,,11,56.97927,100.849,16,18,,,
2026-05-31 02:43:23 UTC,,28.54243,,,,,11,56.3597,100.848,16,18,,,
2026-05-31 02:44:23 UTC,,28.60364,,,,,12,56.23236,100.848,17,19,,,
2026-05-31 02:45:23 UTC,,28.60617,,,,,11,57.33859,100.848,16,18,,,
2026-05-31 02:46:23 UTC,,28.60933,,,,,11,57.35275,100.847,16,18,,,
2026-05-31 02:47:23 UTC,,28.65981,,,,,11,56.78586,100.846,16,18,,,
2026-05-31 02:48:24 UTC,,28.70935,,,,,11,56.67703,100.845,16,18,,,
2026-05-31 02:49:24 UTC,,28.69863,,,,,11,57.71535,100.844,16,18,,,
2026-05-31 02:50:24 UTC,,28.69358,,,,,11,57.85869,100.844,16,18,,,
2026-05-31 02:51:24 UTC,,28.73996,,,,,11,57.1187,100.843,16,18,,,
2026-05-31 02:52:24 UTC,,28.77877,,,,,11,57.06282,100.842,16,18,,,
2026-05-31 02:53:24 UTC,,28.75921,,,,,11,57.99886,100.841,16,18,,,
2026-05-31 02:54:24 UTC,,28.75858,,,,,11,56.1254,100.838,16,18,,,
2026-05-31 02:55:24 UTC,,28.73144,,,,,11,54.98166,100.836,16,18,,,
2026-05-31 02:56:24 UTC,,28.69484,,,,,11,54.05872,100.834,16,18,,,
2026-05-31 02:57:24 UTC,,28.63867,,,,,10,53.21796,100.832,14,15,,,
2026-05-31 02:58:24 UTC,,28.50961,,,,,11,54.28868,100.829,15,17,,,
2026-05-31 02:59:24 UTC,,28.43293,,,,,11,54.50713,100.826,15,17,,,
2026-05-31 03:00:25 UTC,,28.44555,,,,,11,53.82207,100.825,16,18,,,
2026-05-31 03:01:25 UTC,,28.45723,,,,,11,54.47683,100.824,15,17,,,
2026-05-31 03:02:25 UTC,,28.46291,,,,,10,54.88951,100.824,14,15,,,
2026-05-31 03:03:25 UTC,,28.48279,,,,,10,54.83825,100.825,14,15,,,
2026-05-31 03:04:25 UTC,,28.52255,,,,,10,54.54675,100.825,14,15,,,
2026-05-31 03:05:25 UTC,,28.52697,,,,,11,55.57577,100.825,15,17,,,
2026-05-31 03:06:25 UTC,,28.51277,,,,,10,56.09678,100.825,14,14,,,
2026-05-31 03:07:25 UTC,,28.52917,,,,,10,55.82725,100.824,14,14,,,
2026-05-31 03:08:25 UTC,,28.56862,,,,,10,55.5139,100.822,14,15,,,
2026-05-31 03:09:25 UTC,,28.57304,,,,,10,56.39819,100.822,14,15,,,
2026-05-31 03:10:25 UTC,,28.58597,,,,,10,56.55681,100.82,14,15,,,
2026-05-31 03:11:25 UTC,,28.61311,,,,,10,56.44487,100.819,14,14,,,
2026-05-31 03:12:26 UTC,,28.65886,,,,,10,56.12463,100.819,14,14,,,
2026-05-31 03:13:26 UTC,,28.66675,,,,,10,56.73908,100.818,14,15,,,
2026-05-31 03:14:26 UTC,,28.621,,,,,10,57.53939,100.816,14,14,,,
2026-05-31 03:15:26 UTC,,28.63078,,,,,10,57.06171,100.816,14,14,,,
2026-05-31 03:16:26 UTC,,28.67275,,,,,10,56.74678,100.815,14,15,,,
2026-05-31 03:17:26 UTC,,28.71283,,,,,11,56.82088,100.815,15,17,,,
2026-05-31 03:18:26 UTC,,28.69705,,,,,10,57.52314,100.814,14,14,,,
2026-05-31 03:19:26 UTC,,28.71598,,,,,10,57.36153,100.812,14,14,,,
2026-05-31 03:20:26 UTC,,28.74186,,,,,10,57.09161,100.811,14,15,,,
2026-05-31 03:21:26 UTC,,28.73744,,,,,10,57.7485,100.81,14,14,,,
2026-05-31 03:22:26 UTC,,28.7488,,,,,10,56.81245,100.809,14,14,,,
2026-05-31 03:23:26 UTC,,28.74596,,,,,10,55.4104,100.807,14,14,,,
2026-05-31 03:24:27 UTC,,28.72892,,,,,10,54.52185,100.805,14,14,,,
2026-05-31 03:25:27 UTC,,28.6819,,,,,10,53.72731,100.802,14,14,,,
2026-05-31 03:26:27 UTC,,28.58471,,,,,9,53.50559,100.8,13,13,,,
2026-05-31 03:27:27 UTC,,28.48594,,,,,10,53.94201,100.798,14,14,,,
2026-05-31 03:28:27 UTC,,28.44839,,,,,10,53.68807,100.796,14,14,,,
2026-05-31 03:29:27 UTC,,28.49068,,,,,9,53.2377,100.795,13,13,,,
2026-05-31 03:30:27 UTC,,28.41526,,,,,9,55.03828,100.793,13,13,,,
2026-05-31 03:31:27 UTC,,28.40169,,,,,9,54.75247,100.791,13,13,,,
2026-05-31 03:32:27 UTC,,28.45786,,,,,9,54.24099,100.789,13,13,,,
2026-05-31 03:33:27 UTC,,28.50645,,,,,10,54.12658,100.787,14,14,,,
2026-05-31 03:34:27 UTC,,28.42788,,,,,9,56.15258,100.784,13,13,,,
2026-05-31 03:35:27 UTC,,28.41211,,,,,9,55.83084,100.783,13,13,,,
2026-05-31 03:36:28 UTC,,28.47269,,,,,9,55.29011,100.784,13,13,,,
2026-05-31 03:37:28 UTC,,28.51119,,,,,9,55.18047,100.783,13,13,,,
2026-05-31 03:38:28 UTC,,28.4749,,,,,9,56.4385,100.782,13,13,,,
2026-05-31 03:39:28 UTC,,28.45754,,,,,10,56.51777,100.78,14,14,,,
2026-05-31 03:40:28 UTC,,28.51182,,,,,9,55.91987,100.778,13,13,,,
2026-05-31 03:41:28 UTC,,28.56136,,,,,9,55.72321,100.778,13,13,,,
2026-05-31 03:42:28 UTC,,28.5926,,,,,8,56.52369,100.777,12,12,,,
2026-05-31 03:43:28 UTC,,28.58882,,,,,9,56.79601,100.776,13,13,,,
2026-05-31 03:44:28 UTC,,28.60585,,,,,9,56.58015,100.775,13,13,,,
2026-05-31 03:45:28 UTC,,28.63772,,,,,9,56.35986,100.775,13,13,,,
2026-05-31 03:46:28 UTC,,28.54401,,,,,9,57.83664,100.773,13,13,,,
2026-05-31 03:47:28 UTC,,28.57146,,,,,9,55.78577,100.772,13,13,,,
2026-05-31 03:48:29 UTC,,28.59481,,,,,9,54.4962,100.771,13,13,,,
2026-05-31 03:49:29 UTC,,28.59828,,,,,8,53.40011,100.77,11,11,,,
2026-05-31 03:50:29 UTC,,28.5743,,,,,8,52.70712,100.767,11,11,,,
2026-05-31 03:51:29 UTC,,28.46954,,,,,8,53.36214,100.764,11,11,,,
2026-05-31 03:52:29 UTC,,28.41526,,,,,8,53.30769,100.762,11,11,,,
2026-05-31 03:53:29 UTC,,28.42252,,,,,8,52.96713,100.759,11,11,,,
2026-05-31 03:54:29 UTC,,28.42631,,,,,9,53.36286,100.758,13,13,,,
2026-05-31 03:55:29 UTC,,28.39696,,,,,8,54.42115,100.756,11,11,,,
2026-05-31 03:56:29 UTC,,28.3916,,,,,8,54.26538,100.754,11,11,,,
2026-05-31 03:57:29 UTC,,28.4525,,,,,8,53.73566,100.754,11,11,,,
2026-05-31 03:58:29 UTC,,28.47522,,,,,8,54.07508,100.753,11,11,,,
2026-05-31 03:59:29 UTC,,28.42536,,,,,7,55.54769,100.752,10,10,,,
2026-05-31 04:00:29 UTC,,28.42315,,,,,8,55.22212,100.751,11,11,,,
2026-05-31 04:01:30 UTC,,28.49194,,,,,8,54.63692,100.751,11,11,,,
2026-05-31 04:02:30 UTC,,28.52507,,,,,7,54.94564,100.751,10,10,,,
2026-05-31 04:03:30 UTC,,28.51908,,,,,8,55.8258,100.75,11,11,,,
2026-05-31 04:04:30 UTC,,28.52002,,,,,8,55.79198,100.748,11,11,,,
2026-05-31 04:05:30 UTC,,28.56357,,,,,7,55.30983,100.747,10,10,,,
2026-05-31 04:06:30 UTC,,28.56452,,,,,7,55.75761,100.746,10,10,,,
2026-05-31 04:07:30 UTC,,28.54495,,,,,7,56.67363,100.745,10,10,,,
2026-05-31 04:08:30 UTC,,28.56357,,,,,7,56.3287,100.744,10,10,,,
2026-05-31 04:09:30 UTC,,28.62005,,,,,7,55.79953,100.743,10,10,,,
2026-05-31 04:10:30 UTC,,28.60901,,,,,7,56.54652,100.742,10,10,,,
2026-05-31 04:11:30 UTC,,28.61847,,,,,7,56.58881,100.741,10,10,,,
2026-05-31 04:12:30 UTC,,28.64246,,,,,7,54.74597,100.739,10,10,,,
2026-05-31 04:13:30 UTC,,28.63331,,,,,7,53.89534,100.737,10,10,,,
2026-05-31 04:14:30 UTC,,28.62605,,,,,7,52.74765,100.736,10,10,,,
2026-05-31 04:15:31 UTC,,28.57682,,,,,7,52.20686,100.734,10,10,,,
2026-05-31 04:16:31 UTC,,28.49068,,,,,7,52.77585,100.732,10,10,,,
2026-05-31 04:17:31 UTC,,28.4525,,,,,7,52.71045,100.731,10,10,,,
2026-05-31 04:18:31 UTC,,28.46606,,,,,7,52.53864,100.73,10,10,,,
2026-05-31 04:19:31 UTC,,28.40705,,,,,7,53.60174,100.728,10,10,,,
2026-05-31 04:20:31 UTC,,28.3673,,,,,7,54.15423,100.727,10,10,,,
2026-05-31 04:21:31 UTC,,28.37929,,,,,7,53.81283,100.727,10,10,,,
2026-05-31 04:22:31 UTC,,28.42347,,,,,7,53.48321,100.726,10,10,,,
2026-05-31 04:23:31 UTC,,28.44555,,,,,7,54.47519,100.726,10,10,,,
2026-05-31 04:24:31 UTC,,28.41999,,,,,7,55.05247,100.725,10,10,,,
2026-05-31 04:25:31 UTC,,28.45786,,,,,7,54.59161,100.724,10,10,,,
2026-05-31 04:26:31 UTC,,28.53328,,,,,7,54.16401,100.723,10,10,,,
2026-05-31 04:27:32 UTC,,28.51971,,,,,7,55.18845,100.724,10,10,,,
2026-05-31 04:28:32 UTC,,28.50803,,,,,7,55.72914,100.722,10,10,,,
2026-05-31 04:29:32 UTC,,28.53359,,,,,7,55.40042,100.72,10,10,,,
2026-05-31 04:30:32 UTC,,28.57209,,,,,6,55.20267,100.718,8,8,,,
2026-05-31 04:31:32 UTC,,28.56073,,,,,6,55.9133,100.718,8,8,,,
2026-05-31 04:32:32 UTC,,28.56388,,,,,6,56.35599,100.717,8,8,,,
2026-05-31 04:33:32 UTC,,28.62321,,,,,6,55.69134,100.716,8,8,,,
2026-05-31 04:34:32 UTC,,28.67622,,,,,6,55.4818,100.715,8,8,,,
2026-05-31 04:35:32 UTC,,28.72229,,,,,6,55.92973,100.712,9,9,,,
2026-05-31 04:36:32 UTC,,28.73365,,,,,6,55.21212,100.71,8,8,,,
2026-05-31 04:37:32 UTC,,28.74091,,,,,7,54.14598,100.708,10,10,,,
2026-05-31 04:38:32 UTC,,28.70052,,,,,6,53.63585,100.706,8,8,,,
2026-05-31 04:39:33 UTC,,28.65255,,,,,6,52.6644,100.703,8,8,,,
2026-05-31 04:40:33 UTC,,28.62037,,,,,6,51.79992,100.702,8,8,,,
2026-05-31 04:41:33 UTC,,28.49793,,,,,7,52.62314,100.7,10,10,,,
2026-05-31 04:42:33 UTC,,28.45754,,,,,6,52.48407,100.698,8,8,,,
2026-05-31 04:43:33 UTC,,28.47332,,,,,6,52.18609,100.698,8,8,,,
2026-05-31 04:44:33 UTC,,28.45565,,,,,6,53.17255,100.696,8,8,,,
2026-05-31 04:45:33 UTC,,28.45849,,,,,6,53.45452,100.695,8,8,,,
2026-05-31 04:46:33 UTC,,28.49131,,,,,6,53.29811,100.694,8,8,,,
2026-05-31 04:47:33 UTC,,28.52381,,,,,5,53.09489,100.693,7,7,,,
2026-05-31 04:48:33 UTC,,28.48026,,,,,5,54.58802,100.691,7,7,,,
2026-05-31 04:49:33 UTC,,28.46512,,,,,5,54.75468,100.689,7,7,,,
2026-05-31 04:50:33 UTC,,28.48532,,,,,6,54.42683,100.687,8,8,,,
2026-05-31 04:51:34 UTC,,28.53927,,,,,6,54.05039,100.686,8,8,,,
2026-05-31 04:52:34 UTC,,28.56073,,,,,5,54.88307,100.684,7,7,,,
2026-05-31 04:53:34 UTC,,28.5519,,,,,5,55.36914,100.683,7,7,,,
2026-05-31 04:54:34 UTC,,28.57398,,,,,6,55.16232,100.682,8,8,,,
2026-05-31 04:55:34 UTC,,28.64056,,,,,5,54.54314,100.682,7,7,,,
2026-05-31 04:56:34 UTC,,28.61627,,,,,6,55.7175,100.681,8,8,,,
2026-05-31 04:57:34 UTC,,28.59355,,,,,6,56.25132,100.68,8,8,,,
2026-05-31 04:58:34 UTC,,28.61753,,,,,5,55.74484,100.679,7,7,,,
2026-05-31 04:59:34 UTC,,28.66171,,,,,6,55.50007,100.68,8,8,,,
2026-05-31 05:00:34 UTC,,28.69515,,,,,6,55.83749,100.679,8,8,,,
2026-05-31 05:01:34 UTC,,28.7002,,,,,5,55.26155,100.676,7,7,,,
2026-05-31 05:02:34 UTC,,28.69642,,,,,5,54.18015,100.674,7,7,,,
2026-05-31 05:03:34 UTC,,28.6737,,,,,5,53.2027,100.673,7,7,,,
2026-05-31 05:04:35 UTC,,28.63268,,,,,5,52.4613,100.671,7,7,,,
2026-05-31 05:05:35 UTC,,28.57209,,,,,5,51.79338,100.668,7,7,,,
2026-05-31 05:06:35 UTC,,28.47143,,,,,5,52.693,100.666,7,7,,,
2026-05-31 05:07:35 UTC,,28.47238,,,,,5,52.04606,100.665,7,7,,,
2026-05-31 05:08:35 UTC,,28.47553,,,,,5,52.05981,100.663,7,7,,,
2026-05-31 05:09:35 UTC,,28.42347,,,,,5,53.53018,100.66,7,7,,,
2026-05-31 05:10:35 UTC,,28.40548,,,,,4,53.56123,100.659,6,6,,,
2026-05-31 05:11:35 UTC,,28.41558,,,,,4,53.45528,100.658,6,6,,,
2026-05-31 05:12:35 UTC,,28.44934,,,,,4,53.17838,100.657,6,6,,,
2026-05-31 05:13:35 UTC,,28.49099,,,,,5,53.88891,100.657,7,7,,,
2026-05-31 05:14:35 UTC,,28.47743,,,,,5,54.47292,100.657,7,7,,,
2026-05-31 05:15:35 UTC,,28.51529,,,,,5,54.16148,100.656,7,7,,,
2026-05-31 05:16:36 UTC,,28.57304,,,,,4,53.81295,100.657,6,6,,,
2026-05-31 05:17:36 UTC,,28.55158,,,,,5,54.98997,100.657,7,7,,,
2026-05-31 05:18:36 UTC,,28.55568,,,,,5,55.28838,100.656,7,7,,,
2026-05-31 05:19:36 UTC,,28.61185,,,,,5,54.78894,100.653,7,7,,,
2026-05-31 05:20:36 UTC,,28.6554,,,,,5,54.687,100.651,7,7,,,
2026-05-31 05:21:36 UTC,,28.66265,,,,,5,55.60876,100.651,7,7,,,
2026-05-31 05:22:36 UTC,,28.65161,,,,,4,55.90598,100.651,6,6,,,
2026-05-31 05:23:36 UTC,,28.68569,,,,,4,55.48315,100.649,6,6,,,
2026-05-31 05:24:36 UTC,,28.73586,,,,,4,55.1041,100.648,6,6,,,
2026-05-31 05:25:36 UTC,,28.70494,,,,,5,56.45135,100.646,7,7,,,
2026-05-31 05:26:36 UTC,,28.73744,,,,,4,54.84051,100.645,6,6,,,
2026-05-31 05:27:36 UTC,,28.75858,,,,,4,53.71785,100.644,6,6,,,
2026-05-31 05:28:37 UTC,,28.73176,,,,,4,53.09683,100.642,6,6,,,
2026-05-31 05:29:37 UTC,,28.68411,,,,,4,52.02823,100.64,6,6,,,
2026-05-31 05:30:37 UTC,,28.57966,,,,,5,51.96076,100.639,7,7,,,
2026-05-31 05:31:37 UTC,,28.5175,,,,,4,52.48559,100.637,6,6,,,
2026-05-31 05:32:37 UTC,,28.51592,,,,,4,52.02534,100.635,6,6,,,
2026-05-31 05:33:37 UTC,,28.53833,,,,,5,51.89524,100.631,7,7,,,
2026-05-31 05:34:37 UTC,,28.4809,,,,,4,53.73962,100.63,6,6,,,
2026-05-31 05:35:37 UTC,,28.45281,,,,,4,53.54097,100.629,6,6,,,
2026-05-31 05:36:37 UTC,,28.49415,,,,,4,53.14438,100.629,6,6,,,
2026-05-31 05:37:37 UTC,,28.53138,,,,,4,52.9955,100.629,6,6,,,
2026-05-31 05:38:37 UTC,,28.54495,,,,,4,54.04446,100.628,6,6,,,
2026-05-31 05:39:37 UTC,,28.53264,,,,,5,54.40651,100.628,7,7,,,
2026-05-31 05:40:38 UTC,,28.56767,,,,,4,53.97361,100.627,5,5,,,
2026-05-31 05:41:38 UTC,,28.60017,,,,,4,53.95797,100.626,6,6,,,
2026-05-31 05:42:38 UTC,,28.59797,,,,,4,54.93568,100.625,6,6,,,
2026-05-31 05:43:38 UTC,,28.59039,,,,,4,55.22559,100.625,6,6,,,
2026-05-31 05:44:38 UTC,,28.63962,,,,,4,54.74557,100.623,6,6,,,
2026-05-31 05:45:38 UTC,,28.69705,,,,,4,54.42965,100.622,6,6,,,
2026-05-31 05:46:38 UTC,,28.6838,,,,,4,55.61179,100.62,6,6,,,
2026-05-31 05:47:38 UTC,,28.69232,,,,,4,55.70125,100.618,6,6,,,
2026-05-31 05:48:38 UTC,,28.74091,,,,,4,55.23348,100.617,6,6,,,
2026-05-31 05:49:38 UTC,,28.78509,,,,,4,55.04342,100.615,5,5,,,
2026-05-31 05:50:38 UTC,,28.75416,,,,,4,56.11116,100.613,5,5,,,
2026-05-31 05:51:38 UTC,,28.75543,,,,,4,54.70115,100.611,6,6,,,
2026-05-31 05:52:39 UTC,,28.74943,,,,,4,53.70313,100.609,6,6,,,
2026-05-31 05:53:39 UTC,,28.75164,,,,,3,52.75154,100.609,4,4,,,
2026-05-31 05:54:39 UTC,,28.71945,,,,,4,52.06635,100.607,6,6,,,
2026-05-31 05:55:39 UTC,,28.61248,,,,,4,52.2984,100.605,6,6,,,
2026-05-31 05:56:39 UTC,,28.5967,,,,,4,52.1829,100.603,6,6,,,
2026-05-31 05:57:39 UTC,,28.61185,,,,,4,51.87861,100.602,5,5,,,
2026-05-31 05:58:39 UTC,,28.59481,,,,,4,52.2493,100.6,5,5,,,
2026-05-31 05:59:39 UTC,,28.57651,,,,,4,53.2898,100.599,5,5,,,
2026-05-31 06:00:39 UTC,,28.56042,,,,,3,53.37474,100.598,4,4,,,
2026-05-31 06:01:39 UTC,,28.58818,,,,,4,53.0569,100.596,5,5,,,
2026-05-31 06:02:39 UTC,,28.61721,,,,,3,53.08101,100.595,4,4,,,
2026-05-31 06:03:39 UTC,,28.63141,,,,,3,54.20471,100.594,4,4,,,
2026-05-31 06:04:39 UTC,,28.64309,,,,,3,54.08513,100.593,4,4,,,
2026-05-31 06:05:40 UTC,,28.68853,,,,,4,53.78202,100.592,5,5,,,
2026-05-31 06:06:40 UTC,,28.69736,,,,,4,54.07253,100.591,5,5,,,
2026-05-31 06:07:40 UTC,,28.68569,,,,,3,55.08344,100.59,4,4,,,
2026-05-31 06:08:40 UTC,,28.69484,,,,,4,54.96294,100.589,6,6,,,
2026-05-31 06:09:40 UTC,,28.72766,,,,,3,54.65671,100.588,4,4,,,
2026-05-31 06:10:40 UTC,,28.74438,,,,,4,54.68608,100.588,6,6,,,
2026-05-31 06:11:40 UTC,,28.72261,,,,,3,55.80067,100.588,4,4,,,
2026-05-31 06:12:40 UTC,,28.72198,,,,,3,55.69192,100.587,4,4,,,
2026-05-31 06:13:40 UTC,,28.74974,,,,,4,55.38382,100.587,5,5,,,
2026-05-31 06:14:40 UTC,,28.79234,,,,,4,55.17308,100.586,5,5,,,
2026-05-31 06:15:40 UTC,,28.75322,,,,,4,56.56061,100.584,5,5,,,
2026-05-31 06:16:40 UTC,,28.75984,,,,,4,54.64775,100.583,6,6,,,
2026-05-31 06:17:41 UTC,,28.77436,,,,,4,53.53195,100.582,5,5,,,
2026-05-31 06:18:41 UTC,,28.76205,,,,,3,52.58588,100.58,4,4,,,
2026-05-31 06:19:41 UTC,,28.71693,,,,,3,51.89286,100.577,4,4,,,
2026-05-31 06:20:41 UTC,,28.56231,,,,,3,52.41163,100.575,4,4,,,
2026-05-31 06:21:41 UTC,,28.50519,,,,,4,52.27709,100.573,5,5,,,
2026-05-31 06:22:41 UTC,,28.51087,,,,,4,51.85826,100.572,5,5,,,
2026-05-31 06:23:41 UTC,,28.53012,,,,,3,51.93407,100.571,4,4,,,
2026-05-31 06:24:41 UTC,,28.54116,,,,,3,53.25808,100.569,4,4,,,
2026-05-31 06:25:41 UTC,,28.57745,,,,,3,53.20949,100.569,4,4,,,
2026-05-31 06:26:41 UTC,,28.65319,,,,,4,52.93868,100.569,5,5,,,
2026-05-31 06:27:41 UTC,,28.72261,,,,,4,52.92148,100.568,5,5,,,
2026-05-31 06:28:41 UTC,,28.76584,,,,,3,53.92733,100.567,4,4,,,
2026-05-31 06:29:42 UTC,,28.8299,,,,,4,53.88247,100.565,5,5,,,
2026-05-31 06:30:42 UTC,,28.88985,,,,,3,53.91104,100.563,4,4,,,
2026-05-31 06:31:42 UTC,,28.94633,,,,,4,53.87858,100.563,5,5,,,
2026-05-31 06:32:42 UTC,,28.98704,,,,,3,54.58533,100.562,4,4,,,
2026-05-31 06:33:42 UTC,,29.03406,,,,,3,54.7271,100.56,4,4,,,
2026-05-31 06:34:42 UTC,,29.08013,,,,,3,54.71336,100.56,4,4,,,
2026-05-31 06:35:42 UTC,,29.1161,,,,,3,54.52931,100.559,4,4,,,
2026-05-31 06:36:42 UTC,,29.16312,,,,,3,55.18532,100.558,4,4,,,
2026-05-31 06:37:42 UTC,,29.17227,,,,,3,53.89006,100.557,4,4,,,
2026-05-31 06:38:42 UTC,,29.1527,,,,,3,53.21549,100.555,4,4,,,
2026-05-31 06:39:42 UTC,,29.08486,,,,,3,53.51477,100.552,4,4,,,
2026-05-31 06:40:42 UTC,,29.0918,,,,,3,53.34119,100.55,4,4,,,
2026-05-31 06:41:43 UTC,,29.10158,,,,,4,53.26874,100.549,5,5,,,
2026-05-31 06:42:43 UTC,,29.12809,,,,,3,53.23218,100.548,4,4,,,
2026-05-31 06:43:43 UTC,,29.15649,,,,,4,54.12355,100.548,5,5,,,
2026-05-31 06:44:22 UTC,,30.23916,,,,,3,53.50835,100.545,4,4,,,
2026-05-31 06:45:22 UTC,,30.0189,,,,,3,54.07671,100.544,4,4,,,
2026-05-31 06:46:22 UTC,,29.85166,,,,,3,54.19469,100.545,4,4,,,
2026-05-31 06:47:22 UTC,,29.7267,,,,,3,54.77826,100.545,4,4,,,
2026-05-31 06:48:22 UTC,,29.64718,,,,,3,55.18682,100.546,4,4,,,
2026-05-31 06:49:22 UTC,,29.59732,,,,,3,55.06445,100.547,4,4,,,
2026-05-31 06:50:23 UTC,,29.5645,,,,,3,55.07331,100.547,4,4,,,
2026-05-31 06:51:23 UTC,,29.54494,,,,,3,55.5589,100.547,4,4,,,
2026-05-31 06:52:23 UTC,,29.52506,,,,,4,54.56701,100.547,5,5,,,
2026-05-31 06:53:23 UTC,,29.46384,,,,,3,53.56771,100.547,4,4,,,
2026-05-31 06:54:23 UTC,,29.40578,,,,,3,53.08971,100.545,4,4,,,
2026-05-31 06:55:23 UTC,,29.34141,,,,,3,52.92665,100.544,4,4,,,
2026-05-31 06:56:23 UTC,,29.29849,,,,,3,53.14185,100.543,4,4,,,
2026-05-31 06:57:23 UTC,,29.27451,,,,,3,53.12512,100.542,4,4,,,
2026-05-31 06:58:23 UTC,,29.26883,,,,,3,53.40611,100.54,4,4,,,
2026-05-31 06:59:23 UTC,,29.27892,,,,,3,53.71663,100.538,4,4,,,
2026-05-31 07:00:23 UTC,,29.2682,,,,,3,54.14601,100.538,4,4,,,
2026-05-31 07:01:23 UTC,,29.2824,,,,,3,54.13453,100.538,4,4,,,
2026-05-31 07:02:24 UTC,,29.31111,,,,,3,54.00382,100.537,4,4,,,
2026-05-31 07:03:24 UTC,,29.29754,,,,,3,55.13,100.537,4,4,,,
2026-05-31 07:04:24 UTC,,29.30291,,,,,3,55.19175,100.536,4,4,,,
2026-05-31 07:05:24 UTC,,29.31679,,,,,3,55.07179,100.536,4,4,,,
2026-05-31 07:06:24 UTC,,29.33004,,,,,3,54.95857,100.536,4,4,,,
2026-05-31 07:07:24 UTC,,29.35687,,,,,3,55.49791,100.535,4,4,,,
2026-05-31 07:08:24 UTC,,29.37012,,,,,3,54.36949,100.536,4,4,,,
2026-05-31 07:09:24 UTC,,29.35245,,,,,3,53.34392,100.536,4,4,,,
2026-05-31 07:10:24 UTC,,29.30291,,,,,3,52.58006,100.536,4,4,,,
2026-05-31 07:11:24 UTC,,29.27703,,,,,3,52.6233,100.536,4,4,,,
2026-05-31 07:12:24 UTC,,29.25904,,,,,3,52.88847,100.536,4,4,,,
2026-05-31 07:13:24 UTC,,29.26189,,,,,3,52.86878,100.537,4,4,,,
2026-05-31 07:14:25 UTC,,29.24232,,,,,3,53.1877,100.537,4,4,,,
2026-05-31 07:15:25 UTC,,29.24232,,,,,3,54.02109,100.538,4,4,,,
2026-05-31 07:16:25 UTC,,29.25715,,,,,3,53.9693,100.538,4,4,,,
2026-05-31 07:17:25 UTC,,29.2824,,,,,3,54.18171,100.538,4,4,,,
2026-05-31 07:18:25 UTC,,29.31458,,,,,3,53.82253,100.54,4,4,,,
2026-05-31 07:19:25 UTC,,29.34077,,,,,3,54.46658,100.541,4,4,,,
2026-05-31 07:20:25 UTC,,29.33478,,,,,3,53.26093,100.541,4,4,,,
2026-05-31 07:21:25 UTC,,29.30449,,,,,3,52.77425,100.541,4,4,,,
2026-05-31 07:22:25 UTC,,29.25684,,,,,3,51.88644,100.541,4,4,,,
2026-05-31 07:23:25 UTC,,29.20572,,,,,4,52.31285,100.541,5,5,,,
2026-05-31 07:24:25 UTC,,29.18363,,,,,3,52.44337,100.541,4,4,,,
2026-05-31 07:25:25 UTC,,29.18489,,,,,3,52.46358,100.542,4,4,,,
2026-05-31 07:26:26 UTC,,29.19657,,,,,3,52.81289,100.541,4,4,,,
2026-05-31 07:27:26 UTC,,29.19625,,,,,3,53.443,100.541,4,4,,,
2026-05-31 07:28:26 UTC,,29.21518,,,,,3,53.39193,100.541,4,4,,,
2026-05-31 07:29:26 UTC,,29.23159,,,,,3,53.45464,100.542,4,4,,,
2026-05-31 07:30:26 UTC,,29.26378,,,,,3,53.39869,100.542,4,4,,,
2026-05-31 07:31:26 UTC,,29.2906,,,,,3,53.67791,100.542,4,4,,,
2026-05-31 07:32:26 UTC,,29.2805,,,,,3,52.85796,100.543,4,4,,,
2026-05-31 07:33:26 UTC,,29.24674,,,,,3,52.01165,100.543,4,4,,,
2026-05-31 07:34:26 UTC,,29.20161,,,,,3,51.40666,100.543,4,4,,,
2026-05-31 07:35:26 UTC,,29.15049,,,,,4,51.87194,100.543,5,5,,,
2026-05-31 07:36:26 UTC,,29.1546,,,,,3,51.75933,100.543,4,4,,,
2026-05-31 07:37:26 UTC,,29.16154,,,,,3,51.90675,100.543,4,4,,,
2026-05-31 07:38:27 UTC,,29.16722,,,,,3,52.52128,100.542,4,4,,,
2026-05-31 07:39:27 UTC,,29.18773,,,,,3,52.82505,100.544,4,4,,,
2026-05-31 07:40:27 UTC,,29.18994,,,,,3,53.07986,100.544,4,4,,,
2026-05-31 07:41:27 UTC,,29.21266,,,,,3,53.04281,100.545,4,4,,,
2026-05-31 07:42:27 UTC,,29.2439,,,,,3,53.4295,100.545,4,4,,,
2026-05-31 07:43:27 UTC,,29.26378,,,,,3,53.28459,100.545,4,4,,,
2026-05-31 07:44:27 UTC,,29.25179,,,,,3,52.52623,100.544,4,4,,,
2026-05-31 07:45:27 UTC,,29.22023,,,,,3,51.55539,100.545,4,4,,,
2026-05-31 07:46:27 UTC,,29.19404,,,,,3,51.68486,100.544,4,4,,,
2026-05-31 07:47:27 UTC,,29.17321,,,,,3,52.1016,100.544,4,4,,,
2026-05-31 07:48:27 UTC,,29.18047,,,,,3,51.82276,100.545,4,4,,,
2026-05-31 07:49:27 UTC,,29.20035,,,,,3,52.03864,100.546,4,4,,,
2026-05-31 07:50:27 UTC,,29.2114,,,,,3,52.87519,100.546,4,4,,,
2026-05-31 07:51:28 UTC,,29.24611,,,,,3,52.67253,100.546,4,4,,,
2026-05-31 07:52:28 UTC,,29.26315,,,,,4,52.78193,100.546,5,5,,,
2026-05-31 07:53:28 UTC,,29.28745,,,,,3,52.81876,100.546,4,4,,,
2026-05-31 07:54:28 UTC,,29.30228,,,,,3,53.4242,100.547,4,4,,,
2026-05-31 07:57:45 UTC,,29.36192,,,,,5,52.66177,100.547,7,7,,,
2026-05-31 07:58:45 UTC,,29.41146,,,,,5,52.67528,100.547,7,7,,,
2026-05-31 07:59:45 UTC,,29.45848,,,,,6,52.56807,100.547,9,9,,,
2026-05-31 08:00:45 UTC,,29.49224,,,,,6,52.5928,100.548,8,8,,,
2026-05-31 08:01:45 UTC,,29.51843,,,,,6,52.68337,100.548,8,8,,,
2026-05-31 08:02:45 UTC,,29.55535,,,,,6,52.62157,100.549,8,8,,,
2026-05-31 08:03:45 UTC,,29.58438,,,,,6,52.6858,100.549,8,8,,,
2026-05-31 08:04:45 UTC,,29.60805,,,,,6,52.78278,100.55,8,8,,,
2026-05-31 08:05:45 UTC,,29.6355,,,,,5,52.79997,100.551,7,7,,,
2026-05-31 08:06:45 UTC,,29.66106,,,,,6,53.03133,100.552,8,8,,,
2026-05-31 08:07:46 UTC,,29.67999,,,,,5,53.13455,100.553,7,7,,,
2026-05-31 08:08:46 UTC,,29.68883,,,,,5,53.2163,100.555,7,7,,,
2026-05-31 08:09:46 UTC,,29.69672,,,,,5,53.39869,100.556,7,7,,,
2026-05-31 08:10:46 UTC,,29.69861,,,,,5,53.3385,100.557,7,7,,,
2026-05-31 08:11:46 UTC,,29.6983,,,,,5,53.3519,100.556,7,7,,,
2026-05-31 08:12:46 UTC,,29.69167,,,,,5,53.33082,100.555,7,7,,,
2026-05-31 08:13:46 UTC,,29.67053,,,,,5,53.67736,100.555,7,7,,,
2026-05-31 08:14:46 UTC,,29.64718,,,,,5,53.64719,100.555,7,7,,,
2026-05-31 08:15:46 UTC,,29.63771,,,,,4,53.47779,100.554,6,6,,,
2026-05-31 08:16:46 UTC,,29.63519,,,,,5,53.51104,100.553,7,7,,,
2026-05-31 08:17:46 UTC,,29.62856,,,,,5,53.50338,100.554,7,7,,,
2026-05-31 08:18:46 UTC,,29.62635,,,,,5,53.25457,100.554,7,7,,,
2026-05-31 08:19:47 UTC,,29.62446,,,,,4,53.15365,100.554,6,6,,,
2026-05-31 08:20:47 UTC,,29.59921,,,,,5,52.96911,100.554,7,7,,,
2026-05-31 08:21:47 UTC,,29.59258,,,,,5,52.995,100.553,7,7,,,
2026-05-31 08:22:47 UTC,,29.60268,,,,,4,52.89589,100.554,6,6,,,
2026-05-31 08:23:47 UTC,,29.60868,,,,,4,52.76278,100.554,6,6,,,
2026-05-31 08:24:47 UTC,,29.597,,,,,5,51.85958,100.554,7,7,,,
2026-05-31 08:25:47 UTC,,29.5462,,,,,4,51.20091,100.553,6,6,,,
2026-05-31 08:26:47 UTC,,29.45469,,,,,5,51.88679,100.553,7,7,,,
2026-05-31 08:27:47 UTC,,29.42661,,,,,4,51.61666,100.553,6,6,,,
2026-05-31 08:28:47 UTC,,29.4326,,,,,5,51.40472,100.554,7,7,,,
2026-05-31 08:29:47 UTC,,29.41809,,,,,4,52.15512,100.555,6,6,,,
2026-05-31 08:30:47 UTC,,29.3474,,,,,4,53.32308,100.555,6,6,,,
2026-05-31 08:31:48 UTC,,29.34424,,,,,4,52.78644,100.556,6,6,,,
2026-05-31 08:32:48 UTC,,29.3818,,,,,4,52.5174,100.557,6,6,,,
2026-05-31 08:33:48 UTC,,29.42818,,,,,4,52.74451,100.559,6,6,,,
2026-05-31 08:34:48 UTC,,29.41114,,,,,4,53.76207,100.561,6,6,,,
2026-05-31 08:35:48 UTC,,29.41241,,,,,4,53.94398,100.562,6,6,,,
2026-05-31 08:36:48 UTC,,29.46794,,,,,5,54.21465,100.563,7,7,,,
2026-05-31 08:37:48 UTC,,29.5361,,,,,5,54.18381,100.566,7,7,,,
2026-05-31 08:38:48 UTC,,29.50675,,,,,5,55.27518,100.567,7,7,,,
2026-05-31 08:39:48 UTC,,29.52537,,,,,5,53.48223,100.567,7,7,,,
2026-05-31 08:40:48 UTC,,29.49224,,,,,5,52.66637,100.566,7,7,,,
2026-05-31 08:41:48 UTC,,29.396,,,,,5,52.37237,100.566,7,7,,,
2026-05-31 08:42:48 UTC,,29.32878,,,,,5,52.51678,100.565,7,7,,,
2026-05-31 08:43:49 UTC,,29.3433,,,,,5,52.09152,100.565,7,7,,,
2026-05-31 08:44:49 UTC,,29.39095,,,,,4,51.9447,100.566,6,6,,,
2026-05-31 08:45:49 UTC,,29.39095,,,,,5,52.73935,100.566,7,7,,,
2026-05-31 08:46:49 UTC,,29.38495,,,,,4,53.15387,100.566,6,6,,,
2026-05-31 08:47:49 UTC,,29.42787,,,,,4,52.71769,100.567,6,6,,,
2026-05-31 08:48:49 UTC,,29.4812,,,,,4,52.61134,100.567,6,6,,,
2026-05-31 08:49:49 UTC,,29.4834,,,,,5,53.557,100.566,7,7,,,
2026-05-31 08:50:49 UTC,,29.4853,,,,,5,53.78592,100.566,7,7,,,
2026-05-31 08:51:49 UTC,,29.50802,,,,,5,53.68148,100.567,7,7,,,
2026-05-31 08:52:49 UTC,,29.55062,,,,,5,53.39843,100.566,7,7,,,
2026-05-31 08:53:49 UTC,,29.4995,,,,,5,54.55662,100.565,7,7,,,
2026-05-31 08:54:49 UTC,,29.53579,,,,,5,53.11449,100.564,7,7,,,
2026-05-31 08:55:49 UTC,,29.49792,,,,,5,52.4131,100.565,7,7,,,
2026-05-31 08:56:50 UTC,,29.46731,,,,,5,51.59559,100.565,7,7,,,
2026-05-31 08:57:50 UTC,,29.37548,,,,,5,52.07591,100.565,7,7,,,
2026-05-31 08:58:50 UTC,,29.36381,,,,,4,51.78115,100.566,6,6,,,
2026-05-31 08:59:50 UTC,,29.37801,,,,,4,51.62336,100.565,6,6,,,
2026-05-31 09:00:50 UTC,,29.4285,,,,,4,51.56371,100.566,6,6,,,
2026-05-31 09:01:50 UTC,,29.40799,,,,,5,52.83543,100.566,7,7,,,
2026-05-31 09:02:50 UTC,,29.40546,,,,,4,52.76814,100.567,6,6,,,
2026-05-31 09:03:50 UTC,,29.42818,,,,,4,52.44359,100.569,6,6,,,
2026-05-31 09:04:50 UTC,,29.43386,,,,,5,52.89258,100.568,7,7,,,
2026-05-31 09:05:50 UTC,,29.44933,,,,,5,53.53207,100.568,7,7,,,
2026-05-31 09:06:50 UTC,,29.46321,,,,,5,53.43996,100.568,7,7,,,
2026-05-31 09:07:50 UTC,,29.49824,,,,,4,53.18304,100.57,6,6,,,
2026-05-31 09:08:51 UTC,,29.55725,,,,,4,53.05713,100.57,6,6,,,
2026-05-31 09:09:51 UTC,,29.56734,,,,,4,53.2799,100.57,6,6,,,
2026-05-31 09:10:51 UTC,,29.53926,,,,,5,52.37202,100.569,7,7,,,
2026-05-31 09:11:51 UTC,,29.43449,,,,,5,52.05065,100.568,7,7,,,
2026-05-31 09:12:51 UTC,,29.35718,,,,,5,52.35367,100.567,7,7,,,
2026-05-31 09:13:51 UTC,,29.33541,,,,,4,52.13712,100.568,6,6,,,
2026-05-31 09:14:51 UTC,,29.35371,,,,,5,51.92629,100.568,7,7,,,
2026-05-31 09:15:51 UTC,,29.39852,,,,,4,52.14576,100.568,6,6,,,
2026-05-31 09:16:51 UTC,,29.40104,,,,,5,52.88134,100.569,7,7,,,
2026-05-31 09:17:51 UTC,,29.43071,,,,,4,52.57762,100.57,6,6,,,
2026-05-31 09:18:51 UTC,,29.4509,,,,,5,52.51355,100.571,7,7,,,
2026-05-31 09:19:51 UTC,,29.4711,,,,,5,53.07196,100.571,7,7,,,
2026-05-31 09:20:52 UTC,,29.48561,,,,,5,53.53715,100.572,7,7,,,
2026-05-31 09:21:52 UTC,,29.49319,,,,,4,53.56509,100.572,6,6,,,
2026-05-31 09:22:52 UTC,,29.51969,,,,,5,53.28669,100.573,7,7,,,
2026-05-31 09:23:52 UTC,,29.53831,,,,,5,53.76646,100.574,7,7,,,
2026-05-31 09:24:52 UTC,,29.5219,,,,,5,53.72379,100.573,7,7,,,
2026-05-31 09:25:52 UTC,,29.49319,,,,,4,52.63974,100.573,6,6,,,
2026-05-31 09:26:52 UTC,,29.47362,,,,,4,51.84273,100.573,6,6,,,
2026-05-31 09:27:52 UTC,,29.40956,,,,,4,52.2407,100.572,6,6,,,
2026-05-31 09:28:52 UTC,,29.39947,,,,,4,52.11922,100.572,6,6,,,
2026-05-31 09:29:52 UTC,,29.41304,,,,,5,52.00104,100.572,7,7,,,
2026-05-31 09:30:52 UTC,,29.4184,,,,,5,52.73647,100.573,7,7,,,
2026-05-31 09:31:52 UTC,,29.38274,,,,,5,53.05969,100.573,7,7,,,
2026-05-31 09:32:53 UTC,,29.38779,,,,,5,52.94648,100.574,7,7,,,
2026-05-31 09:33:53 UTC,,29.41587,,,,,5,52.81643,100.574,7,7,,,
2026-05-31 09:34:53 UTC,,29.43292,,,,,5,53.70457,100.575,7,7,,,
2026-05-31 09:35:53 UTC,,29.42787,,,,,5,53.87882,100.575,7,7,,,
2026-05-31 09:36:53 UTC,,29.46479,,,,,4,53.50736,100.575,6,6,,,
2026-05-31 09:37:53 UTC,,29.50802,,,,,4,53.41935,100.577,6,6,,,
2026-05-31 09:38:53 UTC,,29.43702,,,,,4,54.41945,100.578,6,6,,,
2026-05-31 09:39:53 UTC,,29.45437,,,,,4,53.24403,100.579,6,6,,,
2026-05-31 09:40:53 UTC,,29.46321,,,,,4,52.188,100.578,6,6,,,
2026-05-31 09:41:53 UTC,,29.4225,,,,,5,51.92236,100.579,7,7,,,
2026-05-31 09:42:53 UTC,,29.40988,,,,,4,52.16734,100.579,6,6,,,
2026-05-31 09:43:53 UTC,,29.40767,,,,,4,52.15369,100.581,6,6,,,
2026-05-31 09:44:53 UTC,,29.41651,,,,,4,52.08152,100.583,6,6,,,
2026-05-31 09:45:53 UTC,,29.36255,,,,,5,53.4259,100.583,7,7,,,
2026-05-31 09:46:54 UTC,,29.35497,,,,,4,53.18323,100.584,6,6,,,
2026-05-31 09:47:54 UTC,,29.37738,,,,,5,52.91825,100.585,7,7,,,
2026-05-31 09:48:54 UTC,,29.39221,,,,,5,52.91359,100.587,7,7,,,
2026-05-31 09:49:54 UTC,,29.38463,,,,,5,54.08828,100.589,7,7,,,
2026-05-31 09:50:54 UTC,,29.37959,,,,,4,54.12127,100.59,6,6,,,
2026-05-31 09:51:54 UTC,,29.38716,,,,,4,53.94717,100.592,6,6,,,
2026-05-31 09:52:54 UTC,,29.40578,,,,,4,53.66042,100.593,6,6,,,
2026-05-31 09:53:54 UTC,,29.39284,,,,,5,54.94722,100.595,7,7,,,
2026-05-31 09:54:54 UTC,,29.33762,,,,,4,53.46943,100.596,6,6,,,
2026-05-31 09:55:54 UTC,,29.33162,,,,,5,52.54391,100.597,7,7,,,
2026-05-31 09:56:54 UTC,,29.24011,,,,,4,52.83898,100.599,6,6,,,
2026-05-31 09:57:54 UTC,,29.16911,,,,,4,53.23788,100.599,6,6,,,
2026-05-31 09:58:55 UTC,,29.20225,,,,,4,52.63974,100.599,6,6,,,
2026-05-31 09:59:55 UTC,,29.23727,,,,,4,52.56434,100.601,6,6,,,
2026-05-31 10:00:55 UTC,,29.22118,,,,,4,53.77581,100.602,6,6,,,
2026-05-31 10:01:55 UTC,,29.2114,,,,,4,53.66011,100.603,6,6,,,
2026-05-31 10:02:55 UTC,,29.22875,,,,,4,53.59532,100.604,6,6,,,
2026-05-31 10:03:55 UTC,,29.28303,,,,,4,53.35439,100.606,6,6,,,
2026-05-31 10:04:55 UTC,,29.30827,,,,,4,54.18537,100.607,6,6,,,
2026-05-31 10:05:55 UTC,,29.31048,,,,,4,54.42854,100.608,6,6,,,
2026-05-31 10:06:55 UTC,,29.35434,,,,,4,54.05032,100.61,6,6,,,
2026-05-31 10:07:55 UTC,,29.41335,,,,,5,54.11929,100.61,7,7,,,
2026-05-31 10:08:55 UTC,,29.41177,,,,,5,54.88223,100.611,7,7,,,
2026-05-31 10:09:55 UTC,,29.38748,,,,,5,53.3958,100.611,7,7,,,
2026-05-31 10:10:55 UTC,,29.37264,,,,,5,52.23563,100.611,7,7,,,
2026-05-31 10:11:56 UTC,,29.32058,,,,,5,52.61593,100.614,7,7,,,
2026-05-31 10:12:56 UTC,,29.30859,,,,,5,52.63434,100.615,7,7,,,
2026-05-31 10:13:56 UTC,,29.31143,,,,,5,52.62805,100.616,7,7,,,
2026-05-31 10:14:56 UTC,,29.30575,,,,,5,52.89493,100.617,7,7,,,
2026-05-31 10:15:56 UTC,,29.28398,,,,,5,53.83843,100.618,7,7,,,
2026-05-31 10:16:56 UTC,,29.29186,,,,,5,53.68483,100.62,7,7,,,
2026-05-31 10:17:56 UTC,,29.29975,,,,,6,53.55148,100.621,8,8,,,
2026-05-31 10:18:56 UTC,,29.36412,,,,,5,53.43955,100.622,7,7,,,
2026-05-31 10:19:56 UTC,,29.35213,,,,,6,54.6168,100.623,8,8,,,
2026-05-31 10:20:56 UTC,,29.35592,,,,,6,54.44172,100.625,8,8,,,
2026-05-31 10:21:56 UTC,,29.36823,,,,,5,54.20731,100.626,7,7,,,
2026-05-31 10:22:56 UTC,,29.40609,,,,,6,54.56363,100.627,8,8,,,
2026-05-31 10:23:57 UTC,,29.31805,,,,,6,55.3295,100.628,8,8,,,
2026-05-31 10:24:57 UTC,,29.33793,,,,,6,53.30163,100.629,8,8,,,
2026-05-31 10:25:57 UTC,,29.26126,,,,,6,53.06294,100.63,8,8,,,
2026-05-31 10:26:57 UTC,,29.21834,,,,,6,53.55355,100.631,8,8,,,
2026-05-31 10:27:57 UTC,,29.21802,,,,,6,53.25809,100.632,8,8,,,
2026-05-31 10:28:57 UTC,,29.26662,,,,,6,52.78241,100.634,8,8,,,
2026-05-31 10:29:57 UTC,,29.28713,,,,,6,53.56316,100.634,8,8,,,
2026-05-31 10:30:57 UTC,,29.29029,,,,,6,53.81239,100.635,9,9,,,
2026-05-31 10:31:57 UTC,,29.28713,,,,,6,53.82541,100.636,8,8,,,
2026-05-31 10:32:57 UTC,,29.31301,,,,,6,53.60038,100.637,8,8,,,
2026-05-31 10:33:57 UTC,,29.31742,,,,,6,54.55782,100.638,8,8,,,
2026-05-31 10:34:57 UTC,,29.30922,,,,,6,54.74588,100.64,8,8,,,
2026-05-31 10:35:58 UTC,,29.34235,,,,,6,54.47356,100.64,8,8,,,
2026-05-31 10:36:58 UTC,,29.39442,,,,,6,54.12336,100.641,8,8,,,
2026-05-31 10:37:58 UTC,,29.33036,,,,,6,55.43303,100.642,9,9,,,
2026-05-31 10:38:58 UTC,,29.3657,,,,,7,53.58086,100.643,10,10,,,
2026-05-31 10:39:58 UTC,,29.34551,,,,,7,52.59262,100.643,10,10,,,
2026-05-31 10:40:58 UTC,,29.24358,,,,,7,53.36903,100.644,10,10,,,
2026-05-31 10:41:58 UTC,,29.19814,,,,,7,53.3023,100.644,10,10,,,
2026-05-31 10:42:58 UTC,,29.21739,,,,,7,52.82246,100.646,10,10,,,
2026-05-31 10:43:58 UTC,,29.28271,,,,,7,52.63745,100.647,10,10,,,
2026-05-31 10:44:58 UTC,,29.25684,,,,,7,53.88173,100.648,10,10,,,
2026-05-31 10:45:58 UTC,,29.23538,,,,,7,53.81142,100.65,10,10,,,
2026-05-31 10:46:58 UTC,,29.23349,,,,,7,53.75062,100.652,10,10,,,
2026-05-31 10:47:59 UTC,,29.2682,,,,,7,53.82276,100.653,10,10,,,
2026-05-31 10:48:59 UTC,,29.25021,,,,,8,54.7037,100.654,11,11,,,
2026-05-31 10:49:59 UTC,,29.23001,,,,,7,54.68732,100.655,10,10,,,
2026-05-31 10:50:59 UTC,,29.24232,,,,,7,54.54718,100.656,10,10,,,
2026-05-31 10:51:59 UTC,,29.3048,,,,,7,54.3265,100.657,10,10,,,
2026-05-31 10:52:59 UTC,,29.32878,,,,,7,54.58645,100.658,10,10,,,
2026-05-31 10:53:59 UTC,,29.27577,,,,,7,53.30639,100.658,10,10,,,
2026-05-31 10:54:59 UTC,,29.2723,,,,,7,52.44888,100.66,10,10,,,
2026-05-31 10:55:59 UTC,,29.23822,,,,,7,51.5113,100.661,10,10,,,
2026-05-31 10:56:59 UTC,,29.19309,,,,,7,50.72254,100.662,10,10,,,
2026-05-31 10:57:59 UTC,,29.10727,,,,,7,50.49941,100.663,10,10,,,
2026-05-31 10:58:59 UTC,,29.04321,,,,,7,51.02697,100.664,10,10,,,
2026-05-31 10:59:59 UTC,,29.01828,,,,,8,50.83815,100.665,11,11,,,
2026-05-31 11:01:00 UTC,,29.00156,,,,,7,50.84253,100.665,10,10,,,
2026-05-31 11:02:00 UTC,,28.96685,,,,,7,52.10674,100.666,10,10,,,
2026-05-31 11:03:00 UTC,,28.95075,,,,,8,52.23122,100.667,11,11,,,
2026-05-31 11:04:00 UTC,,28.95233,,,,,7,52.05811,100.67,10,10,,,
2026-05-31 11:05:00 UTC,,29.00219,,,,,7,51.77854,100.671,10,10,,,
2026-05-31 11:06:00 UTC,,29.02554,,,,,7,52.82942,100.673,10,10,,,
2026-05-31 11:07:00 UTC,,29.03532,,,,,8,53.05174,100.674,11,11,,,
2026-05-31 11:08:00 UTC,,29.08171,,,,,8,52.81041,100.677,11,11,,,
2026-05-31 11:09:00 UTC,,29.13787,,,,,8,52.83825,100.678,11,11,,,
2026-05-31 11:10:00 UTC,,29.19309,,,,,7,53.59706,100.679,10,10,,,
2026-05-31 11:11:00 UTC,,29.23664,,,,,8,53.53595,100.682,11,11,,,
2026-05-31 11:12:00 UTC,,29.2865,,,,,8,53.65717,100.684,11,11,,,
2026-05-31 11:13:01 UTC,,29.34709,,,,,7,53.51778,100.686,10,10,,,
2026-05-31 11:14:01 UTC,,29.43197,,,,,8,53.75154,100.687,11,11,,,
2026-05-31 11:15:01 UTC,,29.48025,,,,,8,52.9526,100.689,11,11,,,
2026-05-31 11:16:01 UTC,,29.50013,,,,,8,51.88633,100.69,11,11,,,
2026-05-31 11:17:01 UTC,,29.47141,,,,,8,51.55623,100.69,11,11,,,
2026-05-31 11:18:01 UTC,,29.4752,,,,,8,51.78301,100.691,11,11,,,
2026-05-31 11:19:01 UTC,,29.47835,,,,,8,51.87669,100.691,11,11,,,
2026-05-31 11:20:01 UTC,,29.51875,,,,,8,51.89553,100.693,11,11,,,
2026-05-31 11:21:01 UTC,,29.49666,,,,,8,53.50509,100.694,11,11,,,
2026-05-31 11:22:01 UTC,,29.48309,,,,,8,53.53007,100.695,11,11,,,
2026-05-31 11:23:01 UTC,,29.51559,,,,,8,53.51445,100.697,11,11,,,
2026-05-31 11:24:01 UTC,,29.55819,,,,,8,52.90312,100.697,12,12,,,
2026-05-31 11:25:02 UTC,,29.61594,,,,,8,53.48146,100.698,11,11,,,
2026-05-31 11:26:02 UTC,,29.66011,,,,,8,52.26843,100.698,11,11,,,
2026-05-31 11:27:02 UTC,,29.64308,,,,,9,51.307,100.699,13,13,,,
2026-05-31 11:28:02 UTC,,29.62004,,,,,8,51.41685,100.7,11,11,,,
2026-05-31 11:29:02 UTC,,29.60962,,,,,9,51.60164,100.701,13,13,,,
2026-05-31 11:30:02 UTC,,29.62288,,,,,8,51.53027,100.702,11,11,,,
2026-05-31 11:31:02 UTC,,29.64055,,,,,9,51.43958,100.702,13,13,,,
2026-05-31 11:32:02 UTC,,29.62572,,,,,9,52.63799,100.704,13,13,,,
2026-05-31 11:33:02 UTC,,29.62793,,,,,8,52.48447,100.705,11,11,,,
2026-05-31 11:34:02 UTC,,29.66264,,,,,10,55.03993,100.707,14,14,,,
2026-05-31 11:35:02 UTC,,29.70997,,,,,12,56.65907,100.708,17,20,,,
2026-05-31 11:36:02 UTC,,29.74468,,,,,11,55.30253,100.71,16,18,,,
2026-05-31 11:37:03 UTC,,29.75762,,,,,11,55.01288,100.711,16,18,,,
2026-05-31 11:38:03 UTC,,29.75068,,,,,12,54.91706,100.713,17,20,,,
2026-05-31 11:39:03 UTC,,29.7409,,,,,12,54.84796,100.715,17,20,,,
2026-05-31 11:40:03 UTC,,29.71723,,,,,13,54.16218,100.717,18,21,,,
2026-05-31 11:41:03 UTC,,29.68883,,,,,13,54.89468,100.719,19,22,,,
2026-05-31 11:42:03 UTC,,29.63897,,,,,14,55.55207,100.72,20,23,,,
2026-05-31 11:43:03 UTC,,29.60426,,,,,14,55.65577,100.722,20,23,,,
2026-05-31 11:44:03 UTC,,29.56324,,,,,14,55.86742,100.723,20,23,,,
2026-05-31 11:45:03 UTC,,29.54336,,,,,14,55.85774,100.725,20,23,,,
2026-05-31 11:46:03 UTC,,29.53042,,,,,15,56.18263,100.727,21,24,,,
2026-05-31 11:47:03 UTC,,29.50644,,,,,14,56.30182,100.73,20,23,,,
2026-05-31 11:48:03 UTC,,29.48624,,,,,15,56.28525,100.732,21,24,,,
2026-05-31 11:49:04 UTC,,29.46353,,,,,15,56.52066,100.733,22,25,,,
2026-05-31 11:50:04 UTC,,29.44238,,,,,15,56.54488,100.735,21,24,,,
2026-05-31 11:51:04 UTC,,29.41241,,,,,15,56.60876,100.737,22,25,,,
2026-05-31 11:52:04 UTC,,29.39158,,,,,15,56.43513,100.739,22,25,,,
2026-05-31 11:53:04 UTC,,29.36318,,,,,15,56.62888,100.741,22,25,,,
2026-05-31 11:54:04 UTC,,29.34141,,,,,15,56.60523,100.742,22,25,,,
2026-05-31 11:55:04 UTC,,29.32531,,,,,15,56.61654,100.744,22,25,,,
2026-05-31 11:56:04 UTC,,29.23222,,,,,15,56.97871,100.745,22,25,,,
2026-05-31 11:57:04 UTC,,29.19373,,,,,15,57.14409,100.746,22,25,,,
2026-05-31 11:58:04 UTC,,29.18458,,,,,15,56.88287,100.748,22,25,,,
2026-05-31 11:59:04 UTC,,29.2237,,,,,15,57.97147,100.749,21,24,,,
2026-05-31 12:00:04 UTC,,29.25242,,,,,15,57.92763,100.75,21,24,,,
2026-05-31 12:01:04 UTC,,29.25337,,,,,15,58.66433,100.752,21,24,,,
2026-05-31 12:02:05 UTC,,29.27482,,,,,14,58.32989,100.752,20,23,,,
2026-05-31 12:03:05 UTC,,29.36728,,,,,15,57.61506,100.752,21,24,,,
2026-05-31 12:04:05 UTC,,29.35939,,,,,15,58.6802,100.753,21,24,,,
2026-05-31 12:05:05 UTC,,29.36129,,,,,15,57.6828,100.753,21,24,,,
2026-05-31 12:06:05 UTC,,29.37328,,,,,14,55.54779,100.753,20,23,,,
2026-05-31 12:07:05 UTC,,29.31837,,,,,15,55.7165,100.753,21,24,,,
2026-05-31 12:08:05 UTC,,29.30417,,,,,15,55.77562,100.755,22,25,,,
2026-05-31 12:09:05 UTC,,29.3392,,,,,15,55.37322,100.754,21,24,,,
2026-05-31 12:10:05 UTC,,29.37548,,,,,15,55.24958,100.754,21,24,,,
2026-05-31 12:11:05 UTC,,29.39631,,,,,14,56.02699,100.755,20,23,,,
2026-05-31 12:12:05 UTC,,29.45406,,,,,15,55.60016,100.755,22,25,,,
2026-05-31 12:13:05 UTC,,29.49887,,,,,15,55.56586,100.757,21,24,,,
2026-05-31 12:14:06 UTC,,29.53705,,,,,14,55.57136,100.759,20,23,,,
2026-05-31 12:15:06 UTC,,29.51591,,,,,15,56.71949,100.76,22,25,,,
2026-05-31 12:16:06 UTC,,29.50707,,,,,15,55.33626,100.761,21,24,,,
2026-05-31 12:17:06 UTC,,29.5118,,,,,15,53.83676,100.762,21,24,,,
2026-05-31 12:18:06 UTC,,29.45216,,,,,14,54.09106,100.763,20,23,,,
2026-05-31 12:19:06 UTC,,29.46668,,,,,15,53.95162,100.764,21,24,,,
2026-05-31 12:20:06 UTC,,29.51559,,,,,15,53.55478,100.765,21,24,,,
2026-05-31 12:21:06 UTC,,29.55377,,,,,14,53.84266,100.765,20,23,,,
2026-05-31 12:22:06 UTC,,29.55062,,,,,14,54.53685,100.766,20,23,,,
2026-05-31 12:23:06 UTC,,29.59479,,,,,15,54.05051,100.766,21,24,,,
2026-05-31 12:24:06 UTC,,29.66264,,,,,15,53.85797,100.768,21,24,,,
2026-05-31 12:25:06 UTC,,29.67242,,,,,14,54.98714,100.769,20,23,,,
2026-05-31 12:26:07 UTC,,29.70934,,,,,15,54.22178,100.77,21,24,,,
2026-05-31 12:27:07 UTC,,29.71439,,,,,14,52.87119,100.771,20,23,,,
2026-05-31 12:28:07 UTC,,29.65696,,,,,15,52.42833,100.771,21,24,,,
2026-05-31 12:29:07 UTC,,29.58848,,,,,15,51.8451,100.772,21,24,,,
2026-05-31 12:30:07 UTC,,29.54178,,,,,14,52.19878,100.773,20,23,,,
2026-05-31 12:31:07 UTC,,29.56071,,,,,14,51.69481,100.773,20,23,,,
2026-05-31 12:32:07 UTC,,29.61562,,,,,14,51.60247,100.773,20,23,,,
2026-05-31 12:33:07 UTC,,29.58312,,,,,14,52.73247,100.774,20,23,,,
2026-05-31 12:34:07 UTC,,29.57081,,,,,14,52.76424,100.776,20,23,,,
2026-05-31 12:35:07 UTC,,29.62036,,,,,14,52.37651,100.776,20,23,,,
2026-05-31 12:36:07 UTC,,29.70934,,,,,14,52.11499,100.778,20,23,,,
2026-05-31 12:37:07 UTC,,29.73742,,,,,14,52.9481,100.78,20,23,,,
2026-05-31 12:38:08 UTC,,29.71628,,,,,14,52.91165,100.782,20,23,,,
2026-05-31 12:39:08 UTC,,29.57018,,,,,15,52.41636,100.784,21,24,,,
2026-05-31 12:40:08 UTC,,29.48972,,,,,14,52.49885,100.786,20,23,,,
2026-05-31 12:41:08 UTC,,29.50107,,,,,14,51.92643,100.788,20,23,,,
2026-05-31 12:42:08 UTC,,29.55598,,,,,14,51.72079,100.79,20,23,,,
2026-05-31 12:43:08 UTC,,29.57807,,,,,14,51.90364,100.792,20,23,,,
2026-05-31 12:44:08 UTC,,29.62793,,,,,14,52.11049,100.793,20,23,,,
2026-05-31 12:45:08 UTC,,29.67495,,,,,15,52.15698,100.795,21,24,,,
2026-05-31 12:46:08 UTC,,29.76235,,,,,14,51.82222,100.796,20,23,,,
2026-05-31 12:47:08 UTC,,29.80811,,,,,14,52.22869,100.797,20,23,,,
2026-05-31 12:48:08 UTC,,29.81221,,,,,14,52.78429,100.798,20,23,,,
2026-05-31 12:49:08 UTC,,29.82452,,,,,14,51.36485,100.8,20,23,,,
2026-05-31 12:50:08 UTC,,29.78634,,,,,14,50.62336,100.801,20,23,,,
2026-05-31 12:51:08 UTC,,29.71186,,,,,13,51.06402,100.803,19,22,,,
2026-05-31 12:52:09 UTC,,29.67495,,,,,14,50.99933,100.805,20,23,,,
2026-05-31 12:53:09 UTC,,29.6983,,,,,14,50.62478,100.807,20,23,,,
2026-05-31 12:54:09 UTC,,29.62414,,,,,14,51.31773,100.808,20,23,,,
2026-05-31 12:55:09 UTC,,29.69009,,,,,14,51.39313,100.809,20,23,,,
2026-05-31 12:56:09 UTC,,29.75573,,,,,14,51.20936,100.811,20,23,,,
2026-05-31 12:57:09 UTC,,29.82641,,,,,14,50.97335,100.812,20,23,,,
2026-05-31 12:58:09 UTC,,29.84629,,,,,14,51.22827,100.812,20,23,,,
2026-05-31 12:59:09 UTC,,29.84156,,,,,14,52.26669,100.813,20,23,,,
2026-05-31 13:00:09 UTC,,29.83619,,,,,13,51.04101,100.813,19,22,,,
2026-05-31 13:01:09 UTC,,29.7592,,,,,13,50.51383,100.816,19,22,,,
2026-05-31 13:02:09 UTC,,29.71754,,,,,13,49.90062,100.817,19,22,,,
2026-05-31 13:03:09 UTC,,29.6579,,,,,13,50.13681,100.818,19,22,,,
2026-05-31 13:04:09 UTC,,29.6497,,,,,13,50.04991,100.82,19,22,,,
2026-05-31 13:05:10 UTC,,29.68347,,,,,14,49.83017,100.821,20,23,,,
2026-05-31 13:06:10 UTC,,29.64339,,,,,13,51.33363,100.824,19,22,,,
2026-05-31 13:07:10 UTC,,29.64939,,,,,13,50.98262,100.826,19,22,,,
2026-05-31 13:08:10 UTC,,29.71029,,,,,14,50.52051,100.827,20,23,,,
2026-05-31 13:09:10 UTC,,29.77592,,,,,13,50.46315,100.828,19,22,,,
2026-05-31 13:10:10 UTC,,29.79202,,,,,14,51.66642,100.831,20,23,,,
2026-05-31 13:11:10 UTC,,29.79927,,,,,13,50.7708,100.832,19,22,,,
2026-05-31 13:12:10 UTC,,29.76614,,,,,14,49.99941,100.834,20,23,,,
2026-05-31 13:13:10 UTC,,29.70145,,,,,14,49.45723,100.834,20,23,,,
2026-05-31 13:14:10 UTC,,29.60268,,,,,14,50.04366,100.835,20,23,,,
2026-05-31 13:15:10 UTC,,29.58249,,,,,14,49.69163,100.834,20,23,,,
2026-05-31 13:16:10 UTC,,29.60552,,,,,14,49.54327,100.834,20,23,,,
2026-05-31 13:17:11 UTC,,29.61152,,,,,13,50.07123,100.835,19,22,,,
2026-05-31 13:18:11 UTC,,29.59069,,,,,14,50.87526,100.835,20,23,,,
2026-05-31 13:19:11 UTC,,29.62162,,,,,13,50.36977,100.835,19,22,,,
2026-05-31 13:20:11 UTC,,29.65538,,,,,14,50.28177,100.836,20,23,,,
2026-05-31 13:21:11 UTC,,29.61404,,,,,14,51.56233,100.837,20,23,,,
2026-05-31 13:22:11 UTC,,29.63361,,,,,13,51.6049,100.838,19,22,,,
2026-05-31 13:23:11 UTC,,29.71408,,,,,13,50.95818,100.838,19,22,,,
2026-05-31 13:24:11 UTC,,29.77782,,,,,14,50.90047,100.838,20,23,,,
2026-05-31 13:25:11 UTC,,29.71155,,,,,13,52.69001,100.84,19,22,,,
2026-05-31 13:26:11 UTC,,29.67715,,,,,14,52.49127,100.841,20,23,,,
2026-05-31 13:27:11 UTC,,29.62383,,,,,14,51.52375,100.841,20,23,,,
2026-05-31 13:28:11 UTC,,29.53642,,,,,13,51.19296,100.841,19,22,,,
2026-05-31 13:29:12 UTC,,29.53231,,,,,13,50.96684,100.841,19,22,,,
2026-05-31 13:30:12 UTC,,29.5727,,,,,13,50.60132,100.841,19,22,,,
2026-05-31 13:31:12 UTC,,29.61688,,,,,13,50.47493,100.841,19,22,,,
2026-05-31 13:32:12 UTC,,29.59132,,,,,13,52.08546,100.84,19,22,,,
2026-05-31 13:33:12 UTC,,29.63456,,,,,14,51.34571,100.84,20,23,,,
2026-05-31 13:34:12 UTC,,29.67305,,,,,13,51.31107,100.841,19,22,,,
2026-05-31 13:35:12 UTC,,29.74121,,,,,13,51.10781,100.841,19,22,,,
2026-05-31 13:36:12 UTC,,29.67463,,,,,13,52.91257,100.84,19,22,,,
2026-05-31 13:37:12 UTC,,29.67936,,,,,13,51.47145,100.84,19,22,,,
2026-05-31 13:38:12 UTC,,29.63077,,,,,13,50.60911,100.839,19,22,,,
2026-05-31 13:39:12 UTC,,29.51938,,,,,13,51.5694,100.838,19,22,,,
2026-05-31 13:40:12 UTC,,29.51559,,,,,13,50.96458,100.839,19,22,,,
2026-05-31 13:41:13 UTC,,29.53673,,,,,13,50.79512,100.839,19,22,,,
2026-05-31 13:42:13 UTC,,29.41682,,,,,12,52.49549,100.838,17,20,,,
2026-05-31 13:43:13 UTC,,29.41367,,,,,13,52.26128,100.839,19,22,,,
2026-05-31 13:44:13 UTC,,29.4752,,,,,13,51.54345,100.839,18,21,,,
2026-05-31 13:45:13 UTC,,29.57838,,,,,13,51.06591,100.841,18,21,,,
2026-05-31 13:46:13 UTC,,29.59637,,,,,13,52.29973,100.842,19,22,,,
2026-05-31 13:47:13 UTC,,29.62383,,,,,13,51.98988,100.842,19,22,,,
2026-05-31 13:48:13 UTC,,29.61373,,,,,13,51.12375,100.843,19,22,,,
2026-05-31 13:49:13 UTC,,29.56418,,,,,13,50.31585,100.843,18,21,,,
2026-05-31 13:50:13 UTC,,29.51527,,,,,13,49.4656,100.843,18,21,,,
2026-05-31 13:51:13 UTC,,29.47299,,,,,13,48.76432,100.843,19,22,,,
2026-05-31 13:52:13 UTC,,29.41524,,,,,13,49.18306,100.842,18,21,,,
2026-05-31 13:53:14 UTC,,29.39095,,,,,12,49.01582,100.841,17,20,,,
2026-05-31 13:54:14 UTC,,29.39757,,,,,12,49.01013,100.841,17,20,,,
2026-05-31 13:55:14 UTC,,29.39315,,,,,12,49.88398,100.842,17,20,,,
2026-05-31 13:56:14 UTC,,29.37264,,,,,13,50.39602,100.843,18,21,,,
2026-05-31 13:57:14 UTC,,29.37643,,,,,13,50.39653,100.844,18,21,,,
2026-05-31 13:58:14 UTC,,29.467,,,,,12,49.62372,100.845,17,20,,,
2026-05-31 13:59:14 UTC,,29.50234,,,,,12,50.75077,100.846,17,20,,,
2026-05-31 14:00:14 UTC,,29.52348,,,,,12,51.11157,100.846,17,20,,,
2026-05-31 14:01:14 UTC,,29.57775,,,,,12,50.89341,100.848,17,20,,,
2026-05-31 14:02:14 UTC,,29.64812,,,,,12,50.5982,100.849,17,20,,,
2026-05-31 14:03:14 UTC,,29.67684,,,,,12,51.684,100.85,17,20,,,
2026-05-31 14:04:14 UTC,,29.67684,,,,,12,52.1172,100.851,17,19,,,
2026-05-31 14:05:14 UTC,,29.70682,,,,,12,51.68143,100.852,17,20,,,
2026-05-31 14:06:15 UTC,,29.75005,,,,,12,51.59414,100.853,17,20,,,
2026-05-31 14:07:15 UTC,,29.75825,,,,,12,52.56934,100.854,17,20,,,
2026-05-31 14:08:15 UTC,,29.74879,,,,,12,52.04034,100.856,17,20,,,
2026-05-31 14:09:15 UTC,,29.70902,,,,,12,51.11673,100.857,17,20,,,
2026-05-31 14:10:15 UTC,,29.63581,,,,,12,50.47085,100.858,17,19,,,
2026-05-31 14:11:15 UTC,,29.56387,,,,,12,49.47201,100.858,17,20,,,
2026-05-31 14:12:15 UTC,,29.44017,,,,,12,49.35712,100.858,17,20,,,
2026-05-31 14:13:15 UTC,,29.35624,,,,,11,49.56964,100.858,16,18,,,
2026-05-31 14:14:15 UTC,,29.31679,,,,,12,49.19643,100.858,17,19,,,
2026-05-31 14:15:15 UTC,,29.32058,,,,,11,49.17723,100.86,16,18,,,
2026-05-31 14:16:15 UTC,,29.28902,,,,,12,50.14716,100.86,17,20,,,
2026-05-31 14:17:15 UTC,,29.3089,,,,,11,49.99149,100.862,16,18,,,
2026-05-31 14:18:16 UTC,,29.28681,,,,,11,50.37797,100.863,16,18,,,
2026-05-31 14:19:16 UTC,,29.33951,,,,,11,50.0483,100.864,16,18,,,
2026-05-31 14:20:16 UTC,,29.31427,,,,,11,51.30235,100.865,16,18,,,
2026-05-31 14:21:16 UTC,,29.34077,,,,,12,51.1599,100.865,17,19,,,
2026-05-31 14:22:16 UTC,,29.37264,,,,,12,51.07795,100.866,17,19,,,
2026-05-31 14:23:16 UTC,,29.43102,,,,,12,50.87367,100.867,17,19,,,
2026-05-31 14:24:16 UTC,,29.46447,,,,,12,51.77489,100.868,17,19,,,
2026-05-31 14:25:16 UTC,,29.46353,,,,,11,51.98129,100.868,16,18,,,
2026-05-31 14:26:16 UTC,,29.49918,,,,,11,51.65314,100.87,16,18,,,
2026-05-31 14:27:16 UTC,,29.56071,,,,,12,51.52182,100.87,17,19,,,
2026-05-31 14:28:16 UTC,,29.59038,,,,,11,52.38573,100.871,16,18,,,
2026-05-31 14:29:16 UTC,,29.55283,,,,,11,52.09353,100.87,16,18,,,
2026-05-31 14:30:17 UTC,,29.50928,,,,,11,50.95048,100.87,16,18,,,
2026-05-31 14:31:17 UTC,,29.46163,,,,,11,50.0975,100.869,16,18,,,
2026-05-31 14:32:17 UTC,,29.37675,,,,,11,49.45395,100.868,16,18,,,
2026-05-31 14:33:17 UTC,,29.28997,,,,,11,48.99608,100.866,16,18,,,
2026-05-31 14:34:17 UTC,,29.20667,,,,,11,49.54996,100.864,16,18,,,
2026-05-31 14:35:17 UTC,,29.14513,,,,,11,49.32499,100.864,16,18,,,
2026-05-31 14:36:17 UTC,,29.18647,,,,,11,48.95636,100.864,16,18,,,
2026-05-31 14:37:17 UTC,,29.14576,,,,,11,50.60373,100.864,15,17,,,
2026-05-31 14:38:17 UTC,,29.11295,,,,,11,50.30859,100.864,16,18,,,
2026-05-31 14:39:17 UTC,,29.14355,,,,,11,50.10146,100.865,16,18,,,
2026-05-31 14:40:17 UTC,,29.19436,,,,,11,50.04225,100.865,16,18,,,
2026-05-31 14:41:17 UTC,,29.18899,,,,,11,51.29206,100.866,16,18,,,
2026-05-31 14:42:18 UTC,,29.17385,,,,,11,51.34977,100.866,16,18,,,
2026-05-31 14:43:18 UTC,,29.20635,,,,,11,51.06881,100.866,16,18,,,
2026-05-31 14:44:18 UTC,,29.26946,,,,,11,50.93809,100.867,15,17,,,
2026-05-31 14:45:18 UTC,,29.28524,,,,,11,51.83703,100.866,15,17,,,
2026-05-31 14:46:18 UTC,,29.2824,,,,,11,52.20323,100.866,16,18,,,
2026-05-31 14:47:18 UTC,,29.30575,,,,,11,52.02637,100.867,16,18,,,
2026-05-31 14:48:18 UTC,,29.3758,,,,,11,51.61641,100.867,15,17,,,
2026-05-31 14:49:18 UTC,,29.40452,,,,,11,52.26003,100.867,16,18,,,
2026-05-31 14:50:18 UTC,,29.38874,,,,,10,51.84448,100.866,14,15,,,
2026-05-31 14:51:18 UTC,,29.35908,,,,,11,50.76465,100.865,15,17,,,
2026-05-31 14:52:18 UTC,,29.30575,,,,,11,50.12958,100.864,15,17,,,
2026-05-31 14:53:18 UTC,,29.24706,,,,,11,49.14136,100.863,16,18,,,
2026-05-31 14:54:19 UTC,,29.16312,,,,,11,49.0648,100.862,16,18,,,
2026-05-31 14:55:19 UTC,,29.11831,,,,,11,49.15735,100.86,16,18,,,
2026-05-31 14:56:19 UTC,,29.09969,,,,,11,49.24681,100.86,16,18,,,
2026-05-31 14:57:19 UTC,,29.07066,,,,,11,49.40063,100.859,16,18,,,
2026-05-31 14:58:19 UTC,,29.04132,,,,,11,50.51707,100.858,16,18,,,
2026-05-31 14:59:19 UTC,,29.04037,,,,,10,50.36497,100.857,14,15,,,
2026-05-31 15:00:19 UTC,,29.07445,,,,,10,50.20446,100.858,14,15,,,
2026-05-31 15:01:19 UTC,,29.11926,,,,,10,50.19721,100.859,14,14,,,
2026-05-31 15:02:19 UTC,,29.15428,,,,,11,51.15466,100.859,15,17,,,
2026-05-31 15:03:19 UTC,,29.21645,,,,,11,50.67934,100.86,16,18,,,
2026-05-31 15:04:19 UTC,,29.23222,,,,,10,50.91983,100.86,14,15,,,
2026-05-31 15:05:19 UTC,,29.27388,,,,,11,51.14425,100.86,15,17,,,
2026-05-31 15:06:19 UTC,,29.2641,,,,,11,52.13403,100.861,15,17,,,
2026-05-31 15:07:20 UTC,,29.29186,,,,,10,51.91786,100.861,14,14,,,
2026-05-31 15:08:20 UTC,,29.31395,,,,,10,51.7078,100.861,14,14,,,
2026-05-31 15:09:20 UTC,,29.35687,,,,,10,51.75357,100.861,14,14,,,
2026-05-31 15:10:20 UTC,,29.35087,,,,,10,52.64017,100.861,14,15,,,
2026-05-31 15:11:20 UTC,,29.34645,,,,,10,52.7399,100.861,14,14,,,
2026-05-31 15:12:20 UTC,,29.37548,,,,,10,52.4163,100.861,14,14,,,
2026-05-31 15:13:20 UTC,,29.41556,,,,,10,52.42181,100.86,14,15,,,
2026-05-31 15:14:20 UTC,,29.36791,,,,,10,53.15821,100.859,14,15,,,
2026-05-31 15:15:20 UTC,,29.36097,,,,,10,51.78077,100.86,14,14,,,
2026-05-31 15:16:20 UTC,,29.29628,,,,,10,50.97483,100.859,14,14,,,
2026-05-31 15:17:20 UTC,,29.25526,,,,,10,50.16247,100.857,14,14,,,
2026-05-31 15:18:20 UTC,,29.17732,,,,,10,49.5724,100.857,14,15,,,
2026-05-31 15:19:21 UTC,,29.07824,,,,,10,50.03347,100.855,14,14,,,
2026-05-31 15:20:21 UTC,,29.06498,,,,,10,49.57737,100.854,14,14,,,
2026-05-31 15:21:21 UTC,,29.04226,,,,,10,49.68621,100.853,14,14,,,
2026-05-31 15:22:21 UTC,,28.9943,,,,,10,50.62981,100.852,14,14,,,
2026-05-31 15:23:21 UTC,,28.98893,,,,,10,50.90043,100.851,14,14,,,
2026-05-31 15:24:21 UTC,,29.03374,,,,,10,50.42354,100.85,14,14,,,
2026-05-31 15:25:21 UTC,,29.06656,,,,,10,50.48738,100.85,14,14,,,
2026-05-31 15:26:21 UTC,,29.09275,,,,,10,51.17289,100.85,14,14,,,
2026-05-31 15:27:21 UTC,,29.09843,,,,,10,51.52559,100.851,14,14,,,
2026-05-31 15:28:21 UTC,,29.11768,,,,,10,51.43516,100.852,14,14,,,
2026-05-31 15:29:21 UTC,,29.15018,,,,,10,51.30673,100.852,14,14,,,
2026-05-31 15:30:21 UTC,,29.14355,,,,,10,52.07753,100.852,14,14,,,
2026-05-31 15:31:22 UTC,,29.18331,,,,,10,52.16299,100.852,14,14,,,
2026-05-31 15:32:22 UTC,,29.23317,,,,,10,51.89653,100.853,14,14,,,
2026-05-31 15:33:22 UTC,,29.30133,,,,,10,51.75267,100.854,14,14,,,
2026-05-31 15:34:22 UTC,,29.35497,,,,,10,52.13979,100.855,14,14,,,
2026-05-31 15:35:22 UTC,,29.36602,,,,,10,52.60882,100.855,14,14,,,
2026-05-31 15:36:22 UTC,,29.36097,,,,,10,52.77537,100.856,14,14,,,
2026-05-31 15:37:22 UTC,,29.39978,,,,,10,52.40628,100.857,14,14,,,
2026-05-31 15:38:22 UTC,,29.43292,,,,,10,52.83217,100.858,14,14,,,
2026-05-31 15:39:22 UTC,,29.44806,,,,,9,52.42628,100.858,13,13,,,
2026-05-31 15:40:22 UTC,,29.43134,,,,,9,51.55745,100.858,13,13,,,
2026-05-31 15:41:22 UTC,,29.3717,,,,,10,50.6869,100.858,14,14,,,
2026-05-31 15:42:22 UTC,,29.29565,,,,,10,49.82498,100.856,14,14,,,
2026-05-31 15:43:23 UTC,,29.20572,,,,,10,49.51038,100.856,14,14,,,
2026-05-31 15:44:22 UTC,,29.07256,,,,,10,50.2306,100.855,14,14,,,
2026-05-31 15:45:23 UTC,,29.07666,,,,,10,49.7039,100.855,14,14,,,
2026-05-31 15:46:23 UTC,,29.10569,,,,,10,49.42494,100.856,14,14,,,
2026-05-31 15:47:23 UTC,,29.09464,,,,,10,50.55062,100.857,14,14,,,
2026-05-31 15:48:23 UTC,,29.09969,,,,,10,50.50502,100.858,14,14,,,
2026-05-31 15:49:23 UTC,,29.11926,,,,,10,50.32263,100.858,14,14,,,
2026-05-31 15:50:23 UTC,,29.18394,,,,,10,50.18599,100.859,14,14,,,
2026-05-31 15:51:23 UTC,,29.12494,,,,,10,52.04834,100.859,14,14,,,
2026-05-31 15:52:23 UTC,,29.09969,,,,,10,51.81177,100.859,14,14,,,
2026-05-31 15:53:23 UTC,,29.12304,,,,,9,51.57545,100.858,13,13,,,
2026-05-31 15:54:23 UTC,,29.21581,,,,,9,50.97064,100.86,13,13,,,
2026-05-31 15:55:23 UTC,,29.24737,,,,,9,52.08506,100.86,13,13,,,
2026-05-31 15:56:23 UTC,,29.22181,,,,,9,52.43525,100.859,13,13,,,
2026-05-31 15:57:24 UTC,,29.26851,,,,,9,52.00129,100.858,13,13,,,
2026-05-31 15:58:24 UTC,,29.32184,,,,,10,51.96192,100.859,14,14,,,
2026-05-31 15:59:24 UTC,,29.31269,,,,,9,52.96286,100.858,13,13,,,
2026-05-31 16:00:24 UTC,,29.28902,,,,,10,53.09361,100.859,14,14,,,
2026-05-31 16:01:24 UTC,,29.29691,,,,,9,52.86023,100.859,13,13,,,
2026-05-31 16:02:24 UTC,,29.33572,,,,,8,52.81874,100.859,11,11,,,
2026-05-31 16:03:24 UTC,,29.3717,,,,,9,52.99115,100.859,13,13,,,
2026-05-31 16:04:24 UTC,,29.36097,,,,,9,52.10727,100.859,13,13,,,
2026-05-31 16:05:24 UTC,,29.34551,,,,,9,51.3265,100.859,13,13,,,
2026-05-31 16:06:24 UTC,,29.30985,,,,,8,50.44712,100.857,11,11,,,
2026-05-31 16:07:24 UTC,,29.25904,,,,,8,49.55027,100.857,11,11,,,
2026-05-31 16:08:24 UTC,,29.16249,,,,,8,49.45868,100.855,12,12,,,
2026-05-31 16:09:25 UTC,,29.06656,,,,,8,50.06488,100.854,11,11,,,
2026-05-31 16:10:25 UTC,,29.0391,,,,,9,49.58054,100.853,13,13,,,
2026-05-31 16:11:25 UTC,,29.05488,,,,,8,49.41827,100.852,11,11,,,
2026-05-31 16:12:25 UTC,,29.03563,,,,,8,50.57581,100.852,11,11,,,
2026-05-31 16:13:25 UTC,,29.02617,,,,,8,50.44896,100.851,11,11,,,
2026-05-31 16:14:25 UTC,,29.05394,,,,,8,50.33376,100.851,11,11,,,
2026-05-31 16:15:25 UTC,,29.10695,,,,,8,50.34741,100.852,11,11,,,
2026-05-31 16:16:25 UTC,,29.13188,,,,,8,51.25116,100.852,11,11,,,
2026-05-31 16:17:25 UTC,,29.11863,,,,,8,51.52167,100.853,11,11,,,
2026-05-31 16:18:25 UTC,,29.14292,,,,,8,51.3456,100.854,11,11,,,
2026-05-31 16:19:25 UTC,,29.21518,,,,,8,50.97719,100.855,11,11,,,
2026-05-31 16:20:25 UTC,,29.25179,,,,,8,51.77255,100.855,11,11,,,
2026-05-31 16:21:26 UTC,,29.24674,,,,,9,52.05164,100.855,13,13,,,
2026-05-31 16:22:26 UTC,,29.27577,,,,,8,51.92898,100.854,11,11,,,
2026-05-31 16:23:26 UTC,,29.32215,,,,,8,51.8021,100.855,11,11,,,
2026-05-31 16:24:26 UTC,,29.31774,,,,,8,52.83633,100.855,11,11,,,
2026-05-31 16:25:26 UTC,,29.31332,,,,,8,52.80225,100.855,11,11,,,
2026-05-31 16:26:26 UTC,,29.33541,,,,,8,52.57786,100.857,11,11,,,
2026-05-31 16:27:26 UTC,,29.36065,,,,,8,52.52117,100.857,11,11,,,
2026-05-31 16:28:26 UTC,,29.35308,,,,,8,53.07569,100.858,11,11,,,
2026-05-31 16:29:26 UTC,,29.30385,,,,,8,52.69388,100.857,11,11,,,
2026-05-31 16:30:26 UTC,,29.27672,,,,,8,51.48328,100.857,11,11,,,
2026-05-31 16:31:26 UTC,,29.22307,,,,,8,50.72656,100.856,11,11,,,
2026-05-31 16:32:26 UTC,,29.1527,,,,,7,49.9049,100.854,10,10,,,
2026-05-31 16:33:26 UTC,,29.03216,,,,,8,49.99441,100.853,11,11,,,
2026-05-31 16:34:27 UTC,,28.99998,,,,,8,49.65434,100.851,11,11,,,
2026-05-31 16:35:27 UTC,,29.00945,,,,,8,49.60296,100.851,11,11,,,
2026-05-31 16:36:27 UTC,,29.01449,,,,,7,49.93276,100.851,10,10,,,
2026-05-31 16:37:27 UTC,,29.01891,,,,,8,50.67278,100.851,11,11,,,
2026-05-31 16:38:27 UTC,,29.01828,,,,,8,50.59993,100.85,11,11,,,
2026-05-31 16:39:27 UTC,,29.03311,,,,,8,50.64821,100.851,11,11,,,
2026-05-31 16:40:27 UTC,,29.07729,,,,,8,50.66735,100.852,11,11,,,
2026-05-31 16:41:27 UTC,,29.08676,,,,,8,51.5373,100.852,11,11,,,
2026-05-31 16:42:27 UTC,,29.12304,,,,,7,51.4824,100.852,10,10,,,
2026-05-31 16:43:27 UTC,,29.1546,,,,,7,51.34053,100.852,10,10,,,
2026-05-31 16:44:27 UTC,,29.21834,,,,,7,51.26948,100.852,10,10,,,
2026-05-31 16:45:27 UTC,,29.248,,,,,8,52.09848,100.851,11,11,,,
2026-05-31 16:46:28 UTC,,29.29849,,,,,8,51.81219,100.851,11,11,,,
2026-05-31 16:47:28 UTC,,29.3231,,,,,8,51.93544,100.851,11,11,,,
2026-05-31 16:48:28 UTC,,29.34014,,,,,7,52.14444,100.851,10,10,,,
2026-05-31 16:49:28 UTC,,29.34204,,,,,8,52.90665,100.851,11,11,,,
2026-05-31 16:50:28 UTC,,29.37454,,,,,7,52.6033,100.85,10,10,,,
2026-05-31 16:51:28 UTC,,29.38811,,,,,8,52.53164,100.849,11,11,,,
2026-05-31 16:52:28 UTC,,29.37643,,,,,8,52.91142,100.847,11,11,,,
2026-05-31 16:53:28 UTC,,29.35371,,,,,7,53.29711,100.846,10,10,,,
2026-05-31 16:54:28 UTC,,29.33352,,,,,8,51.90356,100.845,11,11,,,
2026-05-31 16:55:28 UTC,,29.29786,,,,,7,51.04797,100.844,10,10,,,
2026-05-31 16:56:28 UTC,,29.23191,,,,,7,50.25838,100.842,10,10,,,
2026-05-31 16:57:28 UTC,,29.16501,,,,,7,49.46558,100.84,10,10,,,
2026-05-31 16:58:29 UTC,,29.02869,,,,,7,49.94781,100.838,10,10,,,
2026-05-31 16:59:29 UTC,,28.95896,,,,,7,49.98472,100.837,10,10,,,
2026-05-31 17:00:29 UTC,,28.95675,,,,,6,49.49083,100.836,9,9,,,
2026-05-31 17:01:29 UTC,,28.94823,,,,,7,49.89766,100.834,10,10,,,
2026-05-31 17:02:29 UTC,,28.91636,,,,,7,50.95032,100.833,10,10,,,
2026-05-31 17:03:29 UTC,,28.93687,,,,,7,50.57585,100.832,10,10,,,
2026-05-31 17:04:29 UTC,,28.98767,,,,,7,50.23914,100.833,10,10,,,
2026-05-31 17:05:29 UTC,,28.98925,,,,,7,51.03961,100.832,10,10,,,
2026-05-31 17:06:29 UTC,,29.00408,,,,,7,51.4663,100.832,10,10,,,
2026-05-31 17:07:29 UTC,,29.02301,,,,,7,51.38252,100.832,10,10,,,
2026-05-31 17:08:29 UTC,,29.05709,,,,,7,51.35391,100.832,10,10,,,
2026-05-31 17:09:29 UTC,,29.10695,,,,,8,51.58657,100.832,11,11,,,
2026-05-31 17:10:30 UTC,,29.11831,,,,,7,52.38098,100.832,10,10,,,
2026-05-31 17:11:30 UTC,,29.12778,,,,,7,52.2688,100.832,10,10,,,
2026-05-31 17:12:30 UTC,,29.15049,,,,,7,52.06516,100.832,10,10,,,
2026-05-31 17:13:30 UTC,,29.19152,,,,,7,52.29756,100.832,10,10,,,
2026-05-31 17:14:30 UTC,,29.20351,,,,,8,52.88748,100.832,11,11,,,
2026-05-31 17:15:30 UTC,,29.23632,,,,,7,52.73808,100.832,10,10,,,
2026-05-31 17:16:30 UTC,,29.27861,,,,,7,52.52324,100.831,10,10,,,
2026-05-31 17:17:30 UTC,,29.32405,,,,,7,52.68997,100.831,10,10,,,
2026-05-31 17:18:30 UTC,,29.31932,,,,,7,52.9236,100.83,10,10,,,
2026-05-31 17:19:30 UTC,,29.27514,,,,,7,52.1889,100.829,10,10,,,
2026-05-31 17:20:30 UTC,,29.22433,,,,,6,51.0845,100.827,9,9,,,
2026-05-31 17:21:30 UTC,,29.12367,,,,,7,50.54788,100.825,10,10,,,
2026-05-31 17:22:31 UTC,,29.01765,,,,,8,49.7817,100.823,11,11,,,
2026-05-31 17:23:31 UTC,,28.93718,,,,,7,50.24564,100.822,10,10,,,
2026-05-31 17:24:31 UTC,,28.90184,,,,,7,49.94424,100.82,10,10,,,
2026-05-31 17:25:31 UTC,,28.91509,,,,,7,49.78135,100.819,10,10,,,
2026-05-31 17:26:31 UTC,,28.92077,,,,,7,50.73244,100.817,10,10,,,
2026-05-31 17:27:31 UTC,,28.87754,,,,,6,51.05775,100.816,8,8,,,
2026-05-31 17:28:31 UTC,,28.91446,,,,,6,50.65221,100.816,8,8,,,
2026-05-31 17:29:31 UTC,,28.97694,,,,,6,50.48866,100.815,8,8,,,
2026-05-31 17:30:31 UTC,,29.00408,,,,,7,51.51945,100.814,10,10,,,
2026-05-31 17:31:31 UTC,,29.04542,,,,,7,51.37226,100.813,10,10,,,
2026-05-31 17:32:31 UTC,,29.0694,,,,,7,51.36886,100.811,10,10,,,
2026-05-31 17:33:31 UTC,,29.11957,,,,,7,51.3358,100.81,10,10,,,
2026-05-31 17:34:31 UTC,,29.1363,,,,,7,52.26997,100.809,10,10,,,
2026-05-31 17:35:32 UTC,,29.13125,,,,,7,52.36272,100.808,10,10,,,
2026-05-31 17:36:32 UTC,,29.14955,,,,,7,52.27845,100.806,10,10,,,
2026-05-31 17:37:32 UTC,,29.20982,,,,,6,51.95996,100.805,8,8,,,
2026-05-31 17:38:32 UTC,,29.22938,,,,,6,52.89106,100.804,9,9,,,
2026-05-31 17:39:32 UTC,,29.21865,,,,,7,53.07045,100.802,10,10,,,
2026-05-31 17:40:32 UTC,,29.25526,,,,,7,52.66042,100.801,10,10,,,
2026-05-31 17:41:32 UTC,,29.30291,,,,,7,52.64693,100.8,10,10,,,
2026-05-31 17:42:32 UTC,,29.30953,,,,,6,53.12328,100.8,8,8,,,
2026-05-31 17:43:32 UTC,,29.28429,,,,,6,52.57749,100.799,9,9,,,
2026-05-31 17:44:32 UTC,,29.2622,,,,,7,51.46137,100.797,10,10,,,
2026-05-31 17:45:32 UTC,,29.18615,,,,,7,50.84078,100.795,10,10,,,
2026-05-31 17:46:32 UTC,,29.13598,,,,,7,49.97518,100.793,10,10,,,
2026-05-31 17:47:33 UTC,,29.07192,,,,,7,49.8086,100.791,10,10,,,
2026-05-31 17:48:33 UTC,,29.02932,,,,,7,49.89519,100.789,10,10,,,
2026-05-31 17:49:33 UTC,,29.02838,,,,,6,49.75019,100.787,9,9,,,
2026-05-31 17:50:33 UTC,,29.04416,,,,,7,49.8708,100.786,10,10,,,
2026-05-31 17:51:33 UTC,,29.03974,,,,,7,50.73512,100.785,10,10,,,
2026-05-31 17:52:33 UTC,,29.05141,,,,,7,50.66389,100.783,10,10,,,
2026-05-31 17:53:33 UTC,,29.04763,,,,,7,50.57079,100.782,10,10,,,
2026-05-31 17:54:33 UTC,,29.08612,,,,,7,50.84061,100.781,10,10,,,
2026-05-31 17:55:33 UTC,,29.1019,,,,,7,51.57259,100.781,10,10,,,
2026-05-31 17:56:33 UTC,,29.09938,,,,,6,51.672,100.78,9,9,,,
2026-05-31 17:57:33 UTC,,29.07824,,,,,8,51.97533,100.78,11,11,,,
2026-05-31 17:58:33 UTC,,29.11768,,,,,9,51.8009,100.779,13,13,,,
2026-05-31 17:59:34 UTC,,29.12115,,,,,8,52.59515,100.778,11,11,,,
2026-05-31 18:00:34 UTC,,29.15428,,,,,7,52.38592,100.778,10,10,,,
2026-05-31 18:01:34 UTC,,29.18836,,,,,7,52.35053,100.778,10,10,,,
2026-05-31 18:02:34 UTC,,29.23443,,,,,8,52.51047,100.779,11,11,,,
2026-05-31 18:03:34 UTC,,29.25147,,,,,7,53.10851,100.779,10,10,,,
2026-05-31 18:04:34 UTC,,29.2641,,,,,7,52.95615,100.779,10,10,,,
2026-05-31 18:05:34 UTC,,29.27798,,,,,7,52.99826,100.778,10,10,,,
2026-05-31 18:06:34 UTC,,29.32058,,,,,8,52.95726,100.777,11,11,,,
2026-05-31 18:07:34 UTC,,29.24137,,,,,8,53.82572,100.775,11,11,,,
2026-05-31 18:08:34 UTC,,29.22654,,,,,7,52.40252,100.774,10,10,,,
2026-05-31 18:09:34 UTC,,29.19404,,,,,8,51.17329,100.773,11,11,,,
2026-05-31 18:10:34 UTC,,29.15365,,,,,8,50.40648,100.772,11,11,,,
2026-05-31 18:11:35 UTC,,29.00787,,,,,8,50.22861,100.77,11,11,,,
2026-05-31 18:12:35 UTC,,28.92456,,,,,8,50.3958,100.769,11,11,,,
2026-05-31 18:13:35 UTC,,28.89174,,,,,7,50.20002,100.768,10,10,,,
2026-05-31 18:14:35 UTC,,28.92803,,,,,8,49.87524,100.766,11,11,,,
2026-05-31 18:15:35 UTC,,28.91983,,,,,8,50.94416,100.764,11,11,,,
2026-05-31 18:16:35 UTC,,28.90405,,,,,7,51.07457,100.763,10,10,,,
2026-05-31 18:17:35 UTC,,28.93213,,,,,7,50.83985,100.762,10,10,,,
2026-05-31 18:18:35 UTC,,28.97189,,,,,7,50.91802,100.761,10,10,,,
2026-05-31 18:19:35 UTC,,28.96464,,,,,8,52.1331,100.759,11,11,,,
2026-05-31 18:20:35 UTC,,28.97347,,,,,8,52.00102,100.759,11,11,,,
2026-05-31 18:21:35 UTC,,29.00787,,,,,7,51.89247,100.756,10,10,,,
2026-05-31 18:22:35 UTC,,29.07918,,,,,7,51.60275,100.756,10,10,,,
2026-05-31 18:23:36 UTC,,29.09622,,,,,8,52.66525,100.756,11,11,,,
2026-05-31 18:24:36 UTC,,29.10158,,,,,8,52.64593,100.757,11,11,,,
2026-05-31 18:25:36 UTC,,29.10789,,,,,8,52.73374,100.756,11,11,,,
2026-05-31 18:26:36 UTC,,29.15554,,,,,9,52.51967,100.757,13,13,,,
2026-05-31 18:27:36 UTC,,29.18899,,,,,8,53.03283,100.757,11,11,,,
2026-05-31 18:28:36 UTC,,29.177,,,,,9,53.35976,100.756,13,13,,,
2026-05-31 18:29:36 UTC,,29.20067,,,,,8,53.15509,100.757,11,11,,,
2026-05-31 18:30:36 UTC,,29.25904,,,,,8,52.74791,100.756,11,11,,,
2026-05-31 18:31:36 UTC,,29.24264,,,,,8,53.59054,100.757,11,11,,,
2026-05-31 18:32:36 UTC,,29.25147,,,,,8,52.89412,100.757,11,11,,,
2026-05-31 18:33:36 UTC,,29.18773,,,,,8,51.97694,100.756,11,11,,,
2026-05-31 18:34:36 UTC,,29.15365,,,,,9,50.84967,100.756,13,13,,,
2026-05-31 18:35:36 UTC,,29.08423,,,,,8,50.25196,100.755,11,11,,,
2026-05-31 18:36:37 UTC,,28.97095,,,,,8,50.37556,100.754,11,11,,,
2026-05-31 18:37:37 UTC,,28.93781,,,,,8,50.14676,100.753,11,11,,,
2026-05-31 18:38:37 UTC,,28.94949,,,,,8,49.9703,100.752,11,11,,,
2026-05-31 18:39:37 UTC,,28.96811,,,,,8,50.11119,100.75,11,11,,,
2026-05-31 18:40:37 UTC,,28.95706,,,,,9,51.04192,100.749,13,13,,,
2026-05-31 18:41:37 UTC,,28.97379,,,,,8,50.91165,100.747,11,11,,,
2026-05-31 18:42:37 UTC,,28.96495,,,,,8,51.02972,100.746,11,11,,,
2026-05-31 18:43:37 UTC,,28.97,,,,,8,51.48827,100.745,11,11,,,
2026-05-31 18:44:37 UTC,,28.9741,,,,,8,52.28112,100.745,11,11,,,
2026-05-31 18:45:37 UTC,,28.96369,,,,,8,52.23299,100.745,11,11,,,
2026-05-31 18:46:37 UTC,,28.98862,,,,,9,52.02974,100.744,13,13,,,
2026-05-31 18:47:37 UTC,,29.0369,,,,,9,52.18965,100.745,13,13,,,
2026-05-31 18:48:37 UTC,,29.07224,,,,,8,52.61515,100.746,11,11,,,
2026-05-31 18:49:37 UTC,,29.07855,,,,,9,52.87021,100.747,13,13,,,
2026-05-31 18:50:38 UTC,,29.10979,,,,,8,52.60696,100.748,12,12,,,
2026-05-31 18:51:38 UTC,,29.11926,,,,,9,52.916,100.748,13,13,,,
2026-05-31 18:52:38 UTC,,29.10443,,,,,9,53.75946,100.749,13,13,,,
2026-05-31 18:53:38 UTC,,29.09117,,,,,9,53.65002,100.749,13,13,,,
2026-05-31 18:54:38 UTC,,29.12336,,,,,8,53.37243,100.75,11,11,,,
2026-05-31 18:55:38 UTC,,29.17227,,,,,9,53.42623,100.751,13,13,,,
2026-05-31 18:56:38 UTC,,29.2054,,,,,9,53.43085,100.751,13,13,,,
2026-05-31 18:57:38 UTC,,29.18489,,,,,9,52.47694,100.75,13,13,,,
2026-05-31 18:58:38 UTC,,29.1221,,,,,8,51.81481,100.75,11,11,,,
2026-05-31 18:59:38 UTC,,29.06404,,,,,9,50.67219,100.75,13,13,,,
2026-05-31 19:00:38 UTC,,29.0066,,,,,8,50.1097,100.749,11,11,,,
2026-05-31 19:01:38 UTC,,28.95927,,,,,8,50.40042,100.748,12,12,,,
2026-05-31 19:02:39 UTC,,28.94886,,,,,9,50.27358,100.748,13,13,,,
2026-05-31 19:03:39 UTC,,28.9457,,,,,9,50.30617,100.749,13,13,,,
2026-05-31 19:04:39 UTC,,28.93592,,,,,9,51.03908,100.749,13,13,,,
2026-05-31 19:05:39 UTC,,28.92393,,,,,9,51.26957,100.75,13,13,,,
2026-05-31 19:06:39 UTC,,28.93939,,,,,8,51.18542,100.752,11,11,,,
2026-05-31 19:07:39 UTC,,28.98104,,,,,9,51.00538,100.752,13,13,,,
2026-05-31 19:08:39 UTC,,28.97158,,,,,9,52.5612,100.753,13,13,,,
2026-05-31 19:09:39 UTC,,28.95044,,,,,9,52.40469,100.752,13,13,,,
2026-05-31 19:10:39 UTC,,28.97505,,,,,9,52.08786,100.751,13,13,,,
2026-05-31 19:11:39 UTC,,29.01039,,,,,9,52.2127,100.752,13,13,,,
2026-05-31 19:12:39 UTC,,29.01954,,,,,9,53.12326,100.751,13,13,,,
2026-05-31 19:13:39 UTC,,29.02238,,,,,10,53.17058,100.75,14,14,,,
2026-05-31 19:14:40 UTC,,29.03879,,,,,9,52.8848,100.75,13,13,,,
2026-05-31 19:15:40 UTC,,29.10158,,,,,8,52.51225,100.75,11,11,,,
2026-05-31 19:16:40 UTC,,29.07382,,,,,8,53.93682,100.749,11,11,,,
2026-05-31 19:17:40 UTC,,29.04605,,,,,9,54.00025,100.75,13,13,,,
2026-05-31 19:18:40 UTC,,29.07697,,,,,8,53.45323,100.751,11,11,,,
2026-05-31 19:19:40 UTC,,29.14702,,,,,9,53.08061,100.751,13,13,,,
2026-05-31 19:20:40 UTC,,29.17574,,,,,8,53.94439,100.751,11,11,,,
2026-05-31 19:21:40 UTC,,29.17732,,,,,9,54.16017,100.751,13,13,,,
2026-05-31 19:22:40 UTC,,29.21518,,,,,10,53.78841,100.752,14,14,,,
2026-05-31 19:23:40 UTC,,29.26472,,,,,9,53.66085,100.75,13,13,,,
2026-05-31 19:24:40 UTC,,29.28145,,,,,8,54.34346,100.751,11,11,,,
2026-05-31 19:25:40 UTC,,29.20919,,,,,9,53.78758,100.75,13,13,,,
2026-05-31 19:26:41 UTC,,29.18331,,,,,9,52.42997,100.749,13,13,,,
2026-05-31 19:27:41 UTC,,29.13314,,,,,8,51.3974,100.747,12,12,,,
2026-05-31 19:28:41 UTC,,29.03185,,,,,8,51.0122,100.747,11,11,,,
2026-05-31 19:29:41 UTC,,28.96937,,,,,9,50.87132,100.745,13,13,,,
2026-05-31 19:30:41 UTC,,28.94381,,,,,9,50.80169,100.743,13,13,,,
2026-05-31 19:31:41 UTC,,28.94823,,,,,9,50.49805,100.742,13,13,,,
2026-05-31 19:32:41 UTC,,28.94349,,,,,9,50.82151,100.741,13,13,,,
2026-05-31 19:33:41 UTC,,28.9031,,,,,9,51.97145,100.74,13,13,,,
2026-05-31 19:34:41 UTC,,28.88196,,,,,9,51.98856,100.739,13,13,,,
2026-05-31 19:35:41 UTC,,28.90847,,,,,9,51.76582,100.739,13,13,,,
2026-05-31 19:36:41 UTC,,28.89742,,,,,9,52.48423,100.739,13,13,,,
2026-05-31 19:37:41 UTC,,28.86555,,,,,9,53.32316,100.739,13,13,,,
2026-05-31 19:38:41 UTC,,28.87344,,,,,9,53.12312,100.74,13,13,,,
2026-05-31 19:39:42 UTC,,28.91131,,,,,9,52.69328,100.74,13,13,,,
2026-05-31 19:40:42 UTC,,28.93908,,,,,9,52.96474,100.741,13,13,,,
2026-05-31 19:41:42 UTC,,28.94381,,,,,9,53.70338,100.743,13,13,,,
2026-05-31 19:42:42 UTC,,28.94886,,,,,9,53.83184,100.743,13,13,,,
2026-05-31 19:43:42 UTC,,29.01071,,,,,9,53.35004,100.744,13,13,,,
2026-05-31 19:44:42 UTC,,29.06435,,,,,9,53.51191,100.744,13,13,,,
2026-05-31 19:45:42 UTC,,29.09685,,,,,10,53.98717,100.744,14,14,,,
2026-05-31 19:46:42 UTC,,29.08581,,,,,9,54.28211,100.743,13,13,,,
2026-05-31 19:47:42 UTC,,29.11768,,,,,9,53.93624,100.743,13,13,,,
2026-05-31 19:48:42 UTC,,29.15523,,,,,10,54.11662,100.743,14,14,,,
2026-05-31 19:49:42 UTC,,29.17889,,,,,9,53.9583,100.743,13,13,,,
2026-05-31 19:50:42 UTC,,29.16943,,,,,10,52.77568,100.744,14,14,,,
2026-05-31 19:51:43 UTC,,29.08644,,,,,9,52.03642,100.743,13,13,,,
2026-05-31 19:52:43 UTC,,29.04195,,,,,9,51.00693,100.742,13,13,,,
2026-05-31 19:53:43 UTC,,28.94065,,,,,9,50.41116,100.742,13,13,,,
2026-05-31 19:54:43 UTC,,28.89553,,,,,9,50.86806,100.741,13,13,,,
2026-05-31 19:55:43 UTC,,28.88669,,,,,9,50.66835,100.741,13,13,,,
2026-05-31 19:56:43 UTC,,28.91415,,,,,9,50.40762,100.741,13,13,,,
2026-05-31 19:57:43 UTC,,28.8848,,,,,9,51.59636,100.742,13,13,,,
2026-05-31 19:58:43 UTC,,28.85956,,,,,9,51.7991,100.743,13,13,,,
2026-05-31 19:59:43 UTC,,28.8583,,,,,8,51.67254,100.742,11,11,,,
2026-05-31 20:00:43 UTC,,28.91573,,,,,9,51.34811,100.742,13,13,,,
2026-05-31 20:01:43 UTC,,28.90531,,,,,9,52.57215,100.742,13,13,,,
2026-05-31 20:02:43 UTC,,28.9192,,,,,9,52.56069,100.742,13,13,,,
2026-05-31 20:03:44 UTC,,28.93845,,,,,9,52.34964,100.743,13,13,,,
2026-05-31 20:04:44 UTC,,29.01071,,,,,9,52.07273,100.746,13,13,,,
2026-05-31 20:05:44 UTC,,29.0167,,,,,10,53.07596,100.747,14,14,,,
2026-05-31 20:06:44 UTC,,28.99019,,,,,9,53.50157,100.747,13,13,,,
2026-05-31 20:07:44 UTC,,29.01449,,,,,9,53.20971,100.748,13,13,,,
2026-05-31 20:08:44 UTC,,29.06593,,,,,9,52.92872,100.748,13,13,,,
2026-05-31 20:09:44 UTC,,29.08644,,,,,9,53.89822,100.75,13,13,,,
2026-05-31 20:10:44 UTC,,29.05047,,,,,9,54.24342,100.75,13,13,,,
2026-05-31 20:11:44 UTC,,29.07792,,,,,9,53.82972,100.749,13,13,,,
2026-05-31 20:12:44 UTC,,29.14829,,,,,8,53.36919,100.75,12,12,,,
2026-05-31 20:13:44 UTC,,29.12841,,,,,9,54.26788,100.75,13,13,,,
2026-05-31 20:14:44 UTC,,29.11326,,,,,9,53.23684,100.751,13,13,,,
2026-05-31 20:15:45 UTC,,29.08202,,,,,9,52.30257,100.751,13,13,,,
2026-05-31 20:16:45 UTC,,29.00755,,,,,9,51.49999,100.752,13,13,,,
2026-05-31 20:17:45 UTC,,28.94318,,,,,10,50.64282,100.752,14,14,,,
2026-05-31 20:18:45 UTC,,28.85293,,,,,8,51.08097,100.752,11,11,,,
2026-05-31 20:19:45 UTC,,28.80118,,,,,9,50.93488,100.753,13,13,,,
2026-05-31 20:20:45 UTC,,28.81349,,,,,9,50.56602,100.755,13,13,,,
2026-05-31 20:21:45 UTC,,28.77057,,,,,10,51.64072,100.756,14,14,,,
2026-05-31 20:22:45 UTC,,28.75543,,,,,8,51.78497,100.757,11,11,,,
2026-05-31 20:23:45 UTC,,28.77594,,,,,8,51.67469,100.758,11,11,,,
2026-05-31 20:24:45 UTC,,28.79865,,,,,9,51.66446,100.759,13,13,,,
2026-05-31 20:25:45 UTC,,28.84378,,,,,9,52.17661,100.759,13,13,,,
2026-05-31 20:26:45 UTC,,28.87092,,,,,9,52.62756,100.76,13,13,,,
2026-05-31 20:27:46 UTC,,28.90247,,,,,8,52.37809,100.761,11,11,,,
2026-05-31 20:28:46 UTC,,28.93876,,,,,9,52.30965,100.761,13,13,,,
2026-05-31 20:29:46 UTC,,28.94886,,,,,9,52.9594,100.763,13,13,,,
2026-05-31 20:30:46 UTC,,28.98578,,,,,8,53.15209,100.764,11,11,,,
2026-05-31 20:31:46 UTC,,28.99272,,,,,8,53.22009,100.764,11,11,,,
2026-05-31 20:32:46 UTC,,29.00187,,,,,9,53.0806,100.766,13,13,,,
2026-05-31 20:33:46 UTC,,29.02459,,,,,9,53.74156,100.766,13,13,,,
2026-05-31 20:34:46 UTC,,29.03216,,,,,9,53.95118,100.767,13,13,,,
2026-05-31 20:35:46 UTC,,29.05362,,,,,8,53.89361,100.767,11,11,,,
2026-05-31 20:36:46 UTC,,29.08486,,,,,9,53.71637,100.768,13,13,,,
2026-05-31 20:37:46 UTC,,29.09023,,,,,8,54.20857,100.768,11,11,,,
2026-05-31 20:38:46 UTC,,29.0978,,,,,9,54.44571,100.769,13,13,,,
2026-05-31 20:39:46 UTC,,29.13377,,,,,9,54.29561,100.771,13,13,,,
2026-05-31 20:40:47 UTC,,29.17227,,,,,8,54.03144,100.772,12,12,,,
2026-05-31 20:41:47 UTC,,29.17479,,,,,9,54.70651,100.773,13,13,,,
2026-05-31 20:42:47 UTC,,29.14766,,,,,9,54.28409,100.774,13,13,,,
2026-05-31 20:43:47 UTC,,29.11673,,,,,8,53.05632,100.774,11,11,,,
2026-05-31 20:44:47 UTC,,29.02932,,,,,8,52.66941,100.773,11,11,,,
2026-05-31 20:45:47 UTC,,28.95675,,,,,9,51.34037,100.772,13,13,,,
2026-05-31 20:46:47 UTC,,28.86397,,,,,9,51.07582,100.771,13,13,,,
2026-05-31 20:47:47 UTC,,28.73965,,,,,9,51.67642,100.77,13,13,,,
2026-05-31 20:48:47 UTC,,28.73996,,,,,9,51.17186,100.77,13,13,,,
2026-05-31 20:49:47 UTC,,28.72482,,,,,9,51.12341,100.77,13,13,,,
2026-05-31 20:50:47 UTC,,28.72134,,,,,9,51.96669,100.77,13,13,,,
2026-05-31 20:51:47 UTC,,28.72071,,,,,8,52.21981,100.77,11,11,,,
2026-05-31 20:52:48 UTC,,28.76552,,,,,8,51.82627,100.77,11,11,,,
2026-05-31 20:53:48 UTC,,28.81475,,,,,9,51.75975,100.771,13,13,,,
2026-05-31 20:54:48 UTC,,28.86114,,,,,9,52.75324,100.771,13,13,,,
2026-05-31 20:55:48 UTC,,28.86682,,,,,8,52.72728,100.771,11,11,,,
2026-05-31 20:56:48 UTC,,28.89995,,,,,9,52.58478,100.771,13,13,,,
2026-05-31 20:57:48 UTC,,28.9233,,,,,9,52.75512,100.772,13,13,,,
2026-05-31 20:58:48 UTC,,28.95422,,,,,9,53.39587,100.772,13,13,,,
2026-05-31 20:59:48 UTC,,28.95896,,,,,9,53.45694,100.772,13,13,,,
2026-05-31 21:00:48 UTC,,28.99493,,,,,9,53.26735,100.773,13,13,,,
2026-05-31 21:01:48 UTC,,29.02522,,,,,9,53.37219,100.773,13,13,,,
2026-05-31 21:02:48 UTC,,29.04447,,,,,10,54.11453,100.773,14,14,,,
2026-05-31 21:03:48 UTC,,29.03879,,,,,9,54.12046,100.773,13,13,,,
2026-05-31 21:04:49 UTC,,29.05741,,,,,9,53.94125,100.773,13,13,,,
2026-05-31 21:05:49 UTC,,29.07855,,,,,9,53.90384,100.773,13,13,,,
2026-05-31 21:06:49 UTC,,29.08486,,,,,8,54.82896,100.773,11,11,,,
2026-05-31 21:07:49 UTC,,29.08959,,,,,9,54.67416,100.772,13,13,,,
2026-05-31 21:08:49 UTC,,29.10474,,,,,9,54.56821,100.771,13,13,,,
2026-05-31 21:09:49 UTC,,29.15554,,,,,9,54.24474,100.772,13,13,,,
2026-05-31 21:10:49 UTC,,29.18458,,,,,8,54.66735,100.773,11,11,,,
2026-05-31 21:11:49 UTC,,29.17353,,,,,8,53.60104,100.773,11,11,,,
2026-05-31 21:12:49 UTC,,29.10537,,,,,9,52.96096,100.773,13,13,,,
2026-05-31 21:13:49 UTC,,29.05204,,,,,9,51.59906,100.774,13,13,,,
2026-05-31 21:14:49 UTC,,28.97978,,,,,9,51.01183,100.775,13,13,,,
2026-05-31 21:15:49 UTC,,28.88764,,,,,9,51.34432,100.775,13,13,,,
2026-05-31 21:16:50 UTC,,28.86019,,,,,8,51.02892,100.775,11,11,,,
2026-05-31 21:17:50 UTC,,28.84378,,,,,9,51.10625,100.774,13,13,,,
2026-05-31 21:18:50 UTC,,28.86019,,,,,9,51.69276,100.775,13,13,,,
2026-05-31 21:19:50 UTC,,28.87502,,,,,9,51.86109,100.775,13,13,,,
2026-05-31 21:20:50 UTC,,28.89679,,,,,8,51.82412,100.776,11,11,,,
2026-05-31 21:21:50 UTC,,28.92551,,,,,10,51.73487,100.776,14,14,,,
2026-05-31 21:22:50 UTC,,28.95233,,,,,9,52.4183,100.777,13,13,,,
2026-05-31 21:23:50 UTC,,28.93056,,,,,9,52.98366,100.778,13,13,,,
2026-05-31 21:24:50 UTC,,28.94128,,,,,9,52.86464,100.779,13,13,,,
2026-05-31 21:25:50 UTC,,28.97947,,,,,8,52.55561,100.78,11,11,,,
2026-05-31 21:26:50 UTC,,29.01576,,,,,9,53.04903,100.781,13,13,,,
2026-05-31 21:27:50 UTC,,29.01891,,,,,8,53.53916,100.782,11,11,,,
2026-05-31 21:28:51 UTC,,29.05425,,,,,9,53.26217,100.783,13,13,,,
2026-05-31 21:29:51 UTC,,29.06088,,,,,9,53.47786,100.784,13,13,,,
2026-05-31 21:30:51 UTC,,29.04573,,,,,9,54.15514,100.785,13,13,,,
2026-05-31 21:31:51 UTC,,29.09496,,,,,9,53.95999,100.786,13,13,,,
2026-05-31 21:32:51 UTC,,29.11484,,,,,9,54.07726,100.786,13,13,,,
2026-05-31 21:33:51 UTC,,29.12904,,,,,9,53.85035,100.788,13,13,,,
2026-05-31 21:34:51 UTC,,29.14829,,,,,9,54.41236,100.789,13,13,,,
2026-05-31 21:35:51 UTC,,29.09654,,,,,9,55.1013,100.79,13,13,,,
2026-05-31 21:36:51 UTC,,29.10663,,,,,9,54.68333,100.792,13,13,,,
2026-05-31 21:37:51 UTC,,29.13661,,,,,9,54.44445,100.793,13,13,,,
2026-05-31 21:38:51 UTC,,29.16596,,,,,9,54.71202,100.796,13,13,,,
2026-05-31 21:39:51 UTC,,29.18174,,,,,9,54.22146,100.799,13,13,,,
2026-05-31 21:40:51 UTC,,29.13945,,,,,9,53.22706,100.801,13,13,,,
2026-05-31 21:41:52 UTC,,29.07382,,,,,8,52.3415,100.803,11,11,,,
2026-05-31 21:42:52 UTC,,29.00187,,,,,8,51.3863,100.805,11,11,,,
2026-05-31 21:43:52 UTC,,28.87249,,,,,9,51.48837,100.806,13,13,,,
2026-05-31 21:44:52 UTC,,28.81538,,,,,9,51.6202,100.808,13,13,,,
2026-05-31 21:45:52 UTC,,28.82548,,,,,9,51.29613,100.81,13,13,,,
2026-05-31 21:46:52 UTC,,28.82926,,,,,8,51.66196,100.811,11,11,,,
2026-05-31 21:47:52 UTC,,28.79329,,,,,9,52.4833,100.812,13,13,,,
2026-05-31 21:48:52 UTC,,28.77625,,,,,9,52.36081,100.812,13,13,,,
2026-05-31 21:49:52 UTC,,28.80055,,,,,9,52.20404,100.812,13,13,,,
2026-05-31 21:50:52 UTC,,28.83242,,,,,9,52.63564,100.813,13,13,,,
2026-05-31 21:51:52 UTC,,28.8665,,,,,9,53.14227,100.814,13,13,,,
2026-05-31 21:52:52 UTC,,28.9192,,,,,10,52.77462,100.815,14,14,,,
2026-05-31 21:53:52 UTC,,28.95012,,,,,9,52.74544,100.816,13,13,,,
2026-05-31 21:54:52 UTC,,28.98231,,,,,9,53.23206,100.816,13,13,,,
2026-05-31 21:55:53 UTC,,28.99808,,,,,9,53.65719,100.817,13,13,,,
2026-05-31 21:56:53 UTC,,29.01923,,,,,9,53.68031,100.818,13,13,,,
2026-05-31 21:57:53 UTC,,29.04478,,,,,9,53.53605,100.818,13,13,,,
2026-05-31 21:58:53 UTC,,29.05236,,,,,10,54.08194,100.819,14,14,,,
2026-05-31 21:59:53 UTC,,29.07413,,,,,9,54.26698,100.82,13,13,,,
2026-05-31 22:00:53 UTC,,29.06561,,,,,9,54.42767,100.821,13,13,,,
2026-05-31 22:01:53 UTC,,29.08139,,,,,9,54.11297,100.823,13,13,,,
2026-05-31 22:02:53 UTC,,29.09086,,,,,9,54.41773,100.824,13,13,,,
2026-05-31 22:03:53 UTC,,29.09149,,,,,10,55.02611,100.825,14,14,,,
2026-05-31 22:04:53 UTC,,29.106,,,,,10,54.9402,100.827,14,14,,,
2026-05-31 22:05:53 UTC,,29.14229,,,,,9,54.60055,100.827,13,13,,,
2026-05-31 22:06:53 UTC,,29.16407,,,,,9,54.71175,100.828,13,13,,,
2026-05-31 22:07:54 UTC,,29.16438,,,,,9,54.65773,100.829,13,13,,,
2026-05-31 22:08:54 UTC,,29.13156,,,,,9,53.57504,100.828,13,13,,,
2026-05-31 22:09:54 UTC,,29.04731,,,,,9,53.04,100.828,13,13,,,
2026-05-31 22:10:54 UTC,,28.97852,,,,,10,51.84189,100.828,14,14,,,
2026-05-31 22:11:54 UTC,,28.81791,,,,,9,51.74688,100.826,13,13,,,
2026-05-31 22:12:54 UTC,,28.80781,,,,,10,51.41323,100.825,14,14,,,
2026-05-31 22:13:54 UTC,,28.80339,,,,,9,51.29979,100.825,13,13,,,
2026-05-31 22:14:54 UTC,,28.81223,,,,,9,51.4271,100.825,13,13,,,
2026-05-31 22:15:54 UTC,,28.81569,,,,,9,52.39291,100.826,13,13,,,
2026-05-31 22:16:54 UTC,,28.77972,,,,,9,52.50148,100.826,13,13,,,
2026-05-31 22:17:54 UTC,,28.80528,,,,,9,52.21136,100.827,13,13,,,
2026-05-31 22:18:54 UTC,,28.83494,,,,,10,52.14873,100.827,14,14,,,
2026-05-31 22:19:55 UTC,,28.82705,,,,,10,53.46544,100.828,14,14,,,
2026-05-31 22:20:55 UTC,,28.81569,,,,,9,53.41688,100.83,13,13,,,
2026-05-31 22:21:55 UTC,,28.84504,,,,,10,53.0522,100.831,14,14,,,
2026-05-31 22:22:55 UTC,,28.899,,,,,9,52.91904,100.832,13,13,,,
2026-05-31 22:23:55 UTC,,28.89143,,,,,9,54.03915,100.834,13,13,,,
2026-05-31 22:24:55 UTC,,28.88669,,,,,10,54.08562,100.835,14,14,,,
2026-05-31 22:25:55 UTC,,28.90689,,,,,9,53.752,100.837,13,13,,,
2026-05-31 22:26:55 UTC,,28.95643,,,,,9,53.5506,100.838,13,13,,,
2026-05-31 22:27:55 UTC,,29.00061,,,,,9,54.1151,100.839,13,13,,,
2026-05-31 22:28:55 UTC,,28.99556,,,,,10,54.62706,100.84,14,14,,,
2026-05-31 22:29:55 UTC,,29.02207,,,,,10,54.3473,100.841,14,14,,,
2026-05-31 22:30:55 UTC,,29.06845,,,,,9,54.13811,100.843,13,13,,,
2026-05-31 22:31:56 UTC,,29.05836,,,,,10,54.92665,100.843,14,14,,,
2026-05-31 22:32:56 UTC,,29.04605,,,,,10,55.10765,100.843,14,14,,,
2026-05-31 22:33:56 UTC,,29.05646,,,,,9,54.88579,100.844,13,13,,,
2026-05-31 22:34:56 UTC,,29.07256,,,,,9,54.69876,100.845,13,13,,,
2026-05-31 22:35:56 UTC,,29.112,,,,,10,54.95458,100.846,14,14,,,
2026-05-31 22:36:56 UTC,,29.04573,,,,,10,54.50586,100.846,14,14,,,
2026-05-31 22:37:56 UTC,,29.02049,,,,,10,53.01619,100.847,14,14,,,
2026-05-31 22:38:56 UTC,,28.98483,,,,,9,51.78284,100.846,13,13,,,
2026-05-31 22:39:56 UTC,,28.87344,,,,,9,51.46193,100.845,13,13,,,
2026-05-31 22:40:56 UTC,,28.75195,,,,,10,52.11742,100.844,14,14,,,
2026-05-31 22:41:56 UTC,,28.71409,,,,,9,51.56663,100.845,13,13,,,
2026-05-31 22:42:56 UTC,,28.72229,,,,,10,51.4548,100.847,14,14,,,
2026-05-31 22:43:57 UTC,,28.686,,,,,10,52.54873,100.846,14,14,,,
2026-05-31 22:44:57 UTC,,28.69232,,,,,10,52.48282,100.848,14,14,,,
2026-05-31 22:45:57 UTC,,28.72134,,,,,10,52.19323,100.849,14,14,,,
2026-05-31 22:46:57 UTC,,28.76899,,,,,10,52.08642,100.851,14,14,,,
2026-05-31 22:47:57 UTC,,28.7996,,,,,9,53.01244,100.853,13,13,,,
2026-05-31 22:48:57 UTC,,28.82264,,,,,10,53.0893,100.854,14,14,,,
2026-05-31 22:49:57 UTC,,28.84914,,,,,9,53.11976,100.855,13,13,,,
2026-05-31 22:50:57 UTC,,28.89711,,,,,10,52.85855,100.855,14,14,,,
2026-05-31 22:51:57 UTC,,28.92267,,,,,10,53.54589,100.855,14,14,,,
2026-05-31 22:52:57 UTC,,28.91888,,,,,10,53.85456,100.855,14,14,,,
2026-05-31 22:53:57 UTC,,28.9517,,,,,10,53.71793,100.856,14,14,,,
2026-05-31 22:54:57 UTC,,28.98231,,,,,9,53.5878,100.857,13,13,,,
2026-05-31 22:55:57 UTC,,28.95864,,,,,9,54.60832,100.858,13,13,,,
2026-05-31 22:56:58 UTC,,28.92204,,,,,10,54.87346,100.859,14,14,,,
2026-05-31 22:57:58 UTC,,28.95896,,,,,10,54.33166,100.86,14,14,,,
2026-05-31 22:58:58 UTC,,29.00629,,,,,10,54.14958,100.862,14,14,,,
2026-05-31 22:59:58 UTC,,29.02112,,,,,10,54.82667,100.865,14,14,,,
2026-05-31 23:00:58 UTC,,29.02585,,,,,10,55.0303,100.867,14,14,,,
2026-05-31 23:01:58 UTC,,29.07098,,,,,10,54.64449,100.869,14,14,,,
2026-05-31 23:02:58 UTC,,29.10285,,,,,10,54.64225,100.87,14,14,,,
2026-05-31 23:03:58 UTC,,29.06151,,,,,10,55.54375,100.871,14,14,,,
2026-05-31 23:04:58 UTC,,29.03595,,,,,10,54.77468,100.871,14,15,,,
2026-05-31 23:05:58 UTC,,29.00945,,,,,11,53.37,100.872,15,17,,,
2026-05-31 23:06:58 UTC,,28.95896,,,,,10,52.49267,100.873,14,15,,,
2026-05-31 23:07:58 UTC,,28.89869,,,,,10,51.24627,100.873,14,15,,,
2026-05-31 23:08:59 UTC,,28.83463,,,,,10,51.35709,100.873,14,14,,,
2026-05-31 23:09:59 UTC,,28.83936,,,,,10,51.08576,100.874,14,14,,,
2026-05-31 23:10:59 UTC,,28.80434,,,,,10,51.4526,100.874,14,14,,,
2026-05-31 23:11:59 UTC,,28.80244,,,,,10,51.57192,100.875,14,14,,,
2026-05-31 23:12:59 UTC,,28.77877,,,,,10,52.55478,100.876,14,15,,,
2026-05-31 23:13:59 UTC,,28.73838,,,,,10,52.70961,100.877,14,14,,,
2026-05-31 23:14:59 UTC,,28.75574,,,,,10,52.29796,100.879,14,15,,,
2026-05-31 23:15:59 UTC,,28.80276,,,,,10,52.42451,100.879,14,15,,,
2026-05-31 23:16:59 UTC,,28.80307,,,,,10,53.38829,100.881,14,14,,,
2026-05-31 23:17:59 UTC,,28.81475,,,,,10,53.12171,100.883,14,15,,,
2026-05-31 23:18:59 UTC,,28.85861,,,,,10,52.76627,100.883,14,15,,,
2026-05-31 23:19:59 UTC,,28.90216,,,,,10,53.14051,100.884,14,14,,,
2026-05-31 23:21:00 UTC,,28.91446,,,,,11,53.77323,100.885,15,17,,,
2026-05-31 23:22:00 UTC,,28.90752,,,,,10,53.92697,100.885,14,14,,,
2026-05-31 23:23:00 UTC,,28.92014,,,,,10,53.76058,100.886,14,14,,,
2026-05-31 23:24:00 UTC,,28.9356,,,,,10,53.88381,100.888,14,15,,,
2026-05-31 23:25:00 UTC,,28.95138,,,,,10,54.17555,100.888,14,15,,,
2026-05-31 23:26:00 UTC,,28.97316,,,,,10,54.37414,100.889,14,15,,,
2026-05-31 23:27:00 UTC,,28.99209,,,,,10,54.26891,100.89,14,15,,,
2026-05-31 23:28:00 UTC,,29.02301,,,,,10,54.3407,100.891,14,15,,,
2026-05-31 23:29:00 UTC,,29.04005,,,,,11,54.71444,100.892,15,17,,,
2026-05-31 23:30:00 UTC,,29.03879,,,,,10,54.86975,100.892,14,15,,,
2026-05-31 23:31:00 UTC,,29.0533,,,,,10,54.67577,100.894,14,15,,,
2026-05-31 23:32:00 UTC,,29.03658,,,,,11,54.84916,100.895,16,18,,,
2026-05-31 23:33:01 UTC,,29.01007,,,,,11,55.62462,100.896,15,17,,,
2026-05-31 23:34:01 UTC,,28.99335,,,,,10,55.67654,100.897,14,15,,,
2026-05-31 23:35:01 UTC,,29.02301,,,,,11,55.18565,100.899,15,17,,,
2026-05-31 23:36:01 UTC,,29.0533,,,,,11,55.27128,100.9,16,18,,,
2026-05-31 23:37:01 UTC,,29.02932,,,,,10,55.47807,100.9,14,15,,,
2026-05-31 23:38:01 UTC,,28.99777,,,,,10,54.20229,100.9,14,15,,,
2026-05-31 23:39:01 UTC,,28.95391,,,,,10,52.94672,100.901,14,15,,,
2026-05-31 23:40:01 UTC,,28.90499,,,,,11,51.97837,100.901,16,18,,,
2026-05-31 23:41:01 UTC,,28.78793,,,,,11,51.85592,100.902,16,18,,,
2026-05-31 23:42:01 UTC,,28.73081,,,,,11,52.04125,100.903,15,17,,,
2026-05-31 23:43:01 UTC,,28.73113,,,,,11,51.71516,100.904,15,17,,,
2026-05-31 23:44:01 UTC,,28.7529,,,,,10,51.50543,100.905,14,15,,,
2026-05-31 23:45:02 UTC,,28.74848,,,,,11,52.54394,100.905,15,17,,,
2026-05-31 23:46:02 UTC,,28.71219,,,,,10,52.98028,100.907,14,14,,,
2026-05-31 23:47:02 UTC,,28.73775,,,,,10,52.52911,100.907,14,15,,,
2026-05-31 23:48:02 UTC,,28.78414,,,,,11,52.2018,100.908,15,17,,,
2026-05-31 23:49:02 UTC,,28.79297,,,,,11,53.48084,100.908,15,17,,,
2026-05-31 23:50:02 UTC,,28.78477,,,,,10,53.45285,100.909,14,14,,,
2026-05-31 23:51:02 UTC,,28.80938,,,,,11,53.2282,100.909,16,18,,,
2026-05-31 23:52:02 UTC,,28.85072,,,,,11,52.97263,100.91,16,18,,,
2026-05-31 23:53:02 UTC,,28.88701,,,,,11,53.76266,100.912,15,17,,,
2026-05-31 23:54:02 UTC,,28.90941,,,,,11,53.87342,100.913,15,17,,,
2026-05-31 23:55:02 UTC,,28.93592,,,,,11,53.74934,100.914,16,18,,,
2026-05-31 23:56:02 UTC,,28.96811,,,,,11,53.62612,100.916,16,18,,,
2026-05-31 23:57:02 UTC,,29.0025,,,,,10,54.14905,100.918,14,15,,,
2026-05-31 23:58:03 UTC,,28.96243,,,,,10,54.6764,100.918,14,14,,,
2026-05-31 23:59:03 UTC,,28.99083,,,,,11,54.32942,100.92,15,17,,,
2026-06-01 00:00:03 UTC,,29.0309,,,,,10,54.11262,100.921,14,15,,,
2026-06-01 00:01:03 UTC,,29.05741,,,,,11,54.75745,100.923,16,18,,,
2026-06-01 00:02:03 UTC,,29.05646,,,,,11,54.91962,100.923,16,18,,,
2026-06-01 00:03:03 UTC,,29.08833,,,,,11,54.57265,100.925,15,17,,,
2026-06-01 00:04:03 UTC,,29.11894,,,,,11,54.48245,100.927,15,17,,,
2026-06-01 00:05:03 UTC,,29.13977,,,,,10,54.97206,100.928,14,14,,,
2026-06-01 00:06:03 UTC,,29.11831,,,,,10,55.36871,100.93,14,15,,,
2026-06-01 00:07:03 UTC,,29.13251,,,,,10,54.95074,100.932,14,15,,,
2026-06-01 00:08:03 UTC,,29.14166,,,,,10,54.91821,100.933,14,15,,,
2026-06-01 00:09:03 UTC,,29.16817,,,,,10,55.21315,100.934,14,15,,,
2026-06-01 00:10:04 UTC,,29.16217,,,,,10,54.185,100.936,14,15,,,
2026-06-01 00:11:04 UTC,,29.1101,,,,,10,53.0018,100.935,14,14,,,
2026-06-01 00:12:04 UTC,,29.02301,,,,,11,52.428,100.936,15,17,,,
2026-06-01 00:13:04 UTC,,28.88512,,,,,10,52.08892,100.936,14,15,,,
2026-06-01 00:14:04 UTC,,28.79234,,,,,10,52.42308,100.936,14,15,,,
2026-06-01 00:15:04 UTC,,28.76931,,,,,10,51.89333,100.938,14,14,,,
2026-06-01 00:16:04 UTC,,28.76552,,,,,10,51.90613,100.941,14,15,,,
2026-06-01 00:17:04 UTC,,28.7873,,,,,10,52.29559,100.943,14,15,,,
2026-06-01 00:18:04 UTC,,28.74501,,,,,11,52.94464,100.945,15,17,,,
2026-06-01 00:19:04 UTC,,28.7712,,,,,10,52.5337,100.945,14,15,,,
2026-06-01 00:20:04 UTC,,28.80149,,,,,11,52.43768,100.947,15,17,,,
2026-06-01 00:21:04 UTC,,28.79613,,,,,11,53.56856,100.947,15,17,,,
2026-06-01 00:22:05 UTC,,28.79424,,,,,11,53.61531,100.947,15,17,,,
2026-06-01 00:23:05 UTC,,28.83147,,,,,10,53.21785,100.948,14,14,,,
2026-06-01 00:24:05 UTC,,28.84788,,,,,10,53.22683,100.949,14,15,,,
2026-06-01 00:25:05 UTC,,28.81885,,,,,10,54.27148,100.95,14,14,,,
2026-06-01 00:26:05 UTC,,28.80339,,,,,10,54.24909,100.95,14,15,,,
2026-06-01 00:27:05 UTC,,28.84157,,,,,10,54.00523,100.951,14,14,,,
2026-06-01 00:28:05 UTC,,28.86271,,,,,10,53.99473,100.954,14,14,,,
2026-06-01 00:29:05 UTC,,28.86713,,,,,10,54.54137,100.955,14,14,,,
2026-06-01 00:30:05 UTC,,28.88385,,,,,11,54.61124,100.956,15,17,,,
2026-06-01 00:31:05 UTC,,28.90594,,,,,10,54.57386,100.958,14,15,,,
2026-06-01 00:32:05 UTC,,28.96558,,,,,10,54.15733,100.959,14,15,,,
2026-06-01 00:33:05 UTC,,28.99272,,,,,10,54.72123,100.959,14,15,,,
2026-06-01 00:34:06 UTC,,29.02112,,,,,10,54.63743,100.96,14,15,,,
2026-06-01 00:35:06 UTC,,29.05457,,,,,10,54.50035,100.96,14,14,,,
2026-06-01 00:36:06 UTC,,29.10064,,,,,10,54.41912,100.962,14,15,,,
2026-06-01 00:37:06 UTC,,29.11799,,,,,10,54.88102,100.963,14,15,,,
2026-06-01 00:38:06 UTC,,29.11547,,,,,10,54.38747,100.964,14,15,,,
2026-06-01 00:39:06 UTC,,29.07382,,,,,10,53.33198,100.965,14,14,,,
2026-06-01 00:40:06 UTC,,29.00282,,,,,10,52.49201,100.965,14,14,,,
2026-06-01 00:41:06 UTC,,28.94318,,,,,10,51.51786,100.965,14,14,,,
2026-06-01 00:42:06 UTC,,28.79865,,,,,10,52.13711,100.966,14,15,,,
2026-06-01 00:43:06 UTC,,28.76142,,,,,10,51.8124,100.967,14,14,,,
2026-06-01 00:44:06 UTC,,28.77278,,,,,10,51.5812,100.967,14,15,,,
2026-06-01 00:45:06 UTC,,28.78225,,,,,10,51.86181,100.967,14,14,,,
2026-06-01 00:46:06 UTC,,28.73902,,,,,10,52.89698,100.968,14,14,,,
2026-06-01 00:47:06 UTC,,28.73018,,,,,10,52.7018,100.968,14,14,,,
2026-06-01 00:48:07 UTC,,28.7529,,,,,10,52.52451,100.97,14,14,,,
2026-06-01 00:49:07 UTC,,28.77152,,,,,10,52.7476,100.971,14,14,,,
2026-06-01 00:50:07 UTC,,28.77846,,,,,10,53.52581,100.973,14,14,,,
2026-06-01 00:51:07 UTC,,28.81349,,,,,10,53.30924,100.974,14,15,,,
2026-06-01 00:52:07 UTC,,28.8441,,,,,10,53.17268,100.975,14,14,,,
2026-06-01 00:53:07 UTC,,28.88669,,,,,10,53.31269,100.977,14,14,,,
2026-06-01 00:54:07 UTC,,28.8848,,,,,10,53.86996,100.979,14,15,,,
2026-06-01 00:55:07 UTC,,28.91131,,,,,10,53.82658,100.979,14,14,,,
2026-06-01 00:56:07 UTC,,28.95075,,,,,10,53.64386,100.981,14,14,,,
2026-06-01 00:57:07 UTC,,28.96779,,,,,10,53.8614,100.981,14,14,,,
2026-06-01 00:58:07 UTC,,28.96747,,,,,9,54.5488,100.982,13,13,,,
2026-06-01 00:59:07 UTC,,28.9741,,,,,10,54.42149,100.983,14,14,,,
2026-06-01 01:00:07 UTC,,28.99935,,,,,10,54.14861,100.983,14,14,,,
2026-06-01 01:01:08 UTC,,28.99461,,,,,10,54.48513,100.984,14,14,,,
2026-06-01 01:02:08 UTC,,28.98199,,,,,10,55.13915,100.985,14,14,,,
2026-06-01 01:03:08 UTC,,28.9842,,,,,10,54.9973,100.984,14,14,,,
2026-06-01 01:04:08 UTC,,29.01638,,,,,10,54.69081,100.984,14,14,,,
2026-06-01 01:05:08 UTC,,29.03532,,,,,10,54.90985,100.984,14,14,,,
2026-06-01 01:06:08 UTC,,29.04416,,,,,10,54.66096,100.983,14,14,,,
2026-06-01 01:07:08 UTC,,29.01481,,,,,10,53.39758,100.983,14,14,,,
2026-06-01 01:08:08 UTC,,28.96874,,,,,10,52.71457,100.983,14,14,,,
2026-06-01 01:09:08 UTC,,28.91636,,,,,10,51.88003,100.982,14,14,,,
2026-06-01 01:10:08 UTC,,28.83873,,,,,10,51.67654,100.982,14,14,,,
2026-06-01 01:11:08 UTC,,28.77183,,,,,10,51.90033,100.982,14,14,,,
2026-06-01 01:12:08 UTC,,28.74627,,,,,10,51.83696,100.981,14,14,,,
2026-06-01 01:13:09 UTC,,28.75669,,,,,10,51.57903,100.982,14,14,,,
2026-06-01 01:14:09 UTC,,28.70557,,,,,9,52.81878,100.98,13,13,,,
2026-06-01 01:15:09 UTC,,28.68916,,,,,10,52.78976,100.979,14,14,,,
2026-06-01 01:16:09 UTC,,28.71251,,,,,9,52.41882,100.979,13,13,,,
2026-06-01 01:17:09 UTC,,28.76363,,,,,10,52.27902,100.98,14,14,,,
2026-06-01 01:18:09 UTC,,28.75227,,,,,9,53.4886,100.98,13,13,,,
2026-06-01 01:19:09 UTC,,28.76458,,,,,10,53.51045,100.981,14,14,,,
2026-06-01 01:20:09 UTC,,28.78603,,,,,9,53.33225,100.981,13,13,,,
2026-06-01 01:21:09 UTC,,28.81759,,,,,10,53.1489,100.981,14,14,,,
2026-06-01 01:22:09 UTC,,28.82895,,,,,10,54.65751,100.98,14,14,,,
2026-06-01 01:23:09 UTC,,28.88796,,,,,10,54.25425,100.98,14,14,,,
2026-06-01 01:24:09 UTC,,28.93529,,,,,9,54.22046,100.98,13,13,,,
2026-06-01 01:25:10 UTC,,28.95612,,,,,9,54.18969,100.98,13,13,,,
2026-06-01 01:26:10 UTC,,28.97095,,,,,9,54.85336,100.979,13,13,,,
2026-06-01 01:27:10 UTC,,28.9599,,,,,9,55.01414,100.979,13,13,,,
2026-06-01 01:28:10 UTC,,28.98578,,,,,9,54.77432,100.979,13,13,,,
2026-06-01 01:29:10 UTC,,29.00534,,,,,10,54.64871,100.98,14,14,,,
2026-06-01 01:30:10 UTC,,29.00439,,,,,9,55.37954,100.979,13,13,,,
2026-06-01 01:31:10 UTC,,28.99745,,,,,10,55.48028,100.978,14,14,,,
2026-06-01 01:32:10 UTC,,29.0533,,,,,9,54.953,100.978,13,13,,,
2026-06-01 01:33:10 UTC,,29.08171,,,,,9,55.01794,100.978,13,13,,,
2026-06-01 01:34:10 UTC,,29.0167,,,,,10,56.36703,100.978,14,14,,,
2026-06-01 01:35:10 UTC,,29.00124,,,,,9,54.74949,100.979,13,13,,,
2026-06-01 01:36:10 UTC,,28.96905,,,,,10,53.79432,100.978,14,14,,,
2026-06-01 01:37:11 UTC,,28.93655,,,,,9,52.57644,100.977,13,13,,,
2026-06-01 01:38:11 UTC,,28.82264,,,,,9,52.21373,100.977,13,13,,,
2026-06-01 01:39:11 UTC,,28.6718,,,,,9,52.70046,100.977,13,13,,,
2026-06-01 01:40:11 UTC,,28.66392,,,,,9,52.17873,100.977,13,13,,,
2026-06-01 01:41:11 UTC,,28.68253,,,,,9,51.8017,100.977,13,13,,,
2026-06-01 01:42:11 UTC,,28.67212,,,,,9,52.45335,100.976,13,13,,,
2026-06-01 01:43:11 UTC,,28.65666,,,,,9,53.22046,100.976,13,13,,,
2026-06-01 01:44:11 UTC,,28.71661,,,,,10,52.69994,100.976,14,14,,,
2026-06-01 01:45:11 UTC,,28.74785,,,,,9,52.64407,100.975,13,13,,,
2026-06-01 01:46:11 UTC,,28.7548,,,,,10,53.00624,100.974,14,14,,,
2026-06-01 01:47:11 UTC,,28.77625,,,,,9,53.88169,100.973,13,13,,,
2026-06-01 01:48:11 UTC,,28.80465,,,,,9,53.71756,100.973,13,13,,,
2026-06-01 01:49:12 UTC,,28.83747,,,,,9,53.5676,100.973,13,13,,,
2026-06-01 01:50:12 UTC,,28.86713,,,,,9,53.80696,100.973,13,13,,,
2026-06-01 01:51:12 UTC,,28.83968,,,,,9,54.84149,100.972,13,13,,,
2026-06-01 01:52:12 UTC,,28.88512,,,,,9,54.33475,100.972,13,13,,,
2026-06-01 01:53:12 UTC,,28.92204,,,,,9,54.16469,100.972,13,13,,,
2026-06-01 01:54:12 UTC,,28.97221,,,,,9,54.07743,100.971,13,13,,,
2026-06-01 01:55:12 UTC,,28.96937,,,,,9,55.1509,100.971,13,13,,,
2026-06-01 01:56:12 UTC,,28.94917,,,,,9,55.17512,100.972,13,13,,,
2026-06-01 01:57:12 UTC,,28.97631,,,,,8,54.80003,100.97,11,11,,,
2026-06-01 01:58:12 UTC,,29.01291,,,,,8,54.73763,100.969,11,11,,,
2026-06-01 01:59:12 UTC,,29.02207,,,,,9,55.4838,100.969,13,13,,,
2026-06-01 02:00:12 UTC,,29.03879,,,,,9,55.16757,100.968,13,13,,,
2026-06-01 02:01:12 UTC,,29.03847,,,,,9,55.35729,100.967,13,13,,,
2026-06-01 02:02:13 UTC,,29.07539,,,,,9,55.01028,100.966,13,13,,,
2026-06-01 02:03:13 UTC,,29.08644,,,,,9,55.27602,100.965,13,13,,,
2026-06-01 02:04:13 UTC,,29.07949,,,,,9,53.91071,100.966,13,13,,,
2026-06-01 02:05:13 UTC,,29.04384,,,,,9,52.93236,100.966,13,13,,,
2026-06-01 02:06:13 UTC,,28.99903,,,,,8,52.00451,100.966,11,11,,,
2026-06-01 02:07:13 UTC,,28.91888,,,,,9,51.907,100.966,13,13,,,
2026-06-01 02:08:13 UTC,,28.8523,,,,,9,52.18444,100.966,13,13,,,
2026-06-01 02:09:13 UTC,,28.79077,,,,,8,52.31609,100.966,11,11,,,
2026-06-01 02:10:13 UTC,,28.80434,,,,,9,51.92471,100.966,13,13,,,
2026-06-01 02:11:13 UTC,,28.76363,,,,,8,53.32243,100.966,11,11,,,
2026-06-01 02:12:13 UTC,,28.72482,,,,,9,53.2634,100.965,13,13,,,
2026-06-01 02:13:13 UTC,,28.74627,,,,,9,52.95821,100.965,13,13,,,
2026-06-01 02:14:14 UTC,,28.78098,,,,,8,52.81578,100.965,11,11,,,
2026-06-01 02:15:14 UTC,,28.79708,,,,,9,53.85769,100.966,13,13,,,
2026-06-01 02:16:14 UTC,,28.77215,,,,,8,54.18404,100.965,11,11,,,
2026-06-01 02:17:14 UTC,,28.79361,,,,,8,53.89757,100.967,11,11,,,
2026-06-01 02:18:14 UTC,,28.82137,,,,,8,53.61909,100.966,11,11,,,
2026-06-01 02:19:14 UTC,,28.85451,,,,,9,54.43161,100.966,13,13,,,
2026-06-01 02:20:14 UTC,,28.89932,,,,,8,54.32327,100.965,11,11,,,
2026-06-01 02:21:14 UTC,,28.92772,,,,,8,54.30029,100.965,11,11,,,
2026-06-01 02:22:14 UTC,,28.97032,,,,,8,54.12432,100.964,11,11,,,
2026-06-01 02:23:14 UTC,,28.98862,,,,,9,55.01146,100.964,13,13,,,
2026-06-01 02:24:14 UTC,,29.00187,,,,,8,54.91862,100.963,11,11,,,
2026-06-01 02:25:14 UTC,,29.04416,,,,,8,54.59341,100.962,11,11,,,
2026-06-01 02:26:15 UTC,,29.0694,,,,,8,54.54971,100.963,11,11,,,
2026-06-01 02:27:15 UTC,,29.06814,,,,,8,55.42257,100.964,11,11,,,
2026-06-01 02:28:15 UTC,,29.05646,,,,,8,55.52266,100.964,11,11,,,
2026-06-01 02:29:15 UTC,,29.09717,,,,,7,55.325,100.963,10,10,,,
2026-06-01 02:30:15 UTC,,29.1385,,,,,8,54.99219,100.962,11,11,,,
2026-06-01 02:31:15 UTC,,29.1527,,,,,8,55.57721,100.961,11,11,,,
2026-06-01 02:32:15 UTC,,29.16091,,,,,8,54.42763,100.96,11,11,,,
2026-06-01 02:33:15 UTC,,29.0634,,,,,8,54.03635,100.958,11,11,,,
2026-06-01 02:34:15 UTC,,29.00629,,,,,8,52.91377,100.956,11,11,,,
2026-06-01 02:35:15 UTC,,28.9517,,,,,7,52.158,100.955,10,10,,,
2026-06-01 02:36:15 UTC,,28.83842,,,,,7,52.56964,100.953,10,10,,,
2026-06-01 02:37:15 UTC,,28.84536,,,,,7,52.15682,100.952,10,10,,,
2026-06-01 02:38:16 UTC,,28.89679,,,,,8,51.88402,100.951,11,11,,,
2026-06-01 02:39:16 UTC,,28.91288,,,,,7,52.55983,100.95,10,10,,,
2026-06-01 02:40:16 UTC,,28.90657,,,,,8,53.51678,100.951,11,11,,,
2026-06-01 02:41:16 UTC,,28.92109,,,,,7,53.43154,100.95,10,10,,,
2026-06-01 02:42:16 UTC,,28.95044,,,,,7,53.08688,100.95,10,10,,,
2026-06-01 02:43:16 UTC,,28.99619,,,,,7,53.36145,100.95,10,10,,,
2026-06-01 02:44:16 UTC,,29.00755,,,,,7,54.23737,100.95,10,10,,,
2026-06-01 02:45:16 UTC,,29.06151,,,,,8,53.86107,100.949,11,11,,,
2026-06-01 02:46:16 UTC,,29.06246,,,,,7,54.19118,100.949,10,10,,,
2026-06-01 02:47:16 UTC,,29.09086,,,,,7,54.34352,100.949,10,10,,,
2026-06-01 02:48:16 UTC,,29.08076,,,,,7,55.04489,100.947,10,10,,,
2026-06-01 02:49:16 UTC,,29.10379,,,,,7,54.96695,100.946,10,10,,,
2026-06-01 02:50:17 UTC,,29.13503,,,,,7,54.78875,100.945,10,10,,,
2026-06-01 02:51:17 UTC,,29.18899,,,,,7,54.55989,100.945,10,10,,,
2026-06-01 02:52:17 UTC,,29.22339,,,,,7,55.27527,100.944,10,10,,,
2026-06-01 02:53:17 UTC,,29.25968,,,,,7,55.13137,100.943,10,10,,,
2026-06-01 02:54:17 UTC,,29.27892,,,,,7,55.42564,100.942,10,10,,,
2026-06-01 02:55:17 UTC,,29.30764,,,,,7,55.38906,100.942,10,10,,,
2026-06-01 02:56:17 UTC,,29.36476,,,,,7,55.11928,100.941,10,10,,,
2026-06-01 02:57:17 UTC,,29.38527,,,,,6,53.98058,100.94,9,9,,,
2026-06-01 02:58:17 UTC,,29.36318,,,,,7,53.17767,100.94,10,10,,,
2026-06-01 02:59:17 UTC,,29.33699,,,,,7,52.21072,100.937,10,10,,,
2026-06-01 03:00:17 UTC,,29.2966,,,,,6,51.47933,100.936,8,8,,,
2026-06-01 03:01:17 UTC,,29.29502,,,,,6,52.61909,100.934,8,8,,,
2026-06-01 03:02:17 UTC,,29.31553,,,,,6,56.88152,100.933,8,8,,,
2026-06-01 03:03:18 UTC,,29.33888,,,,,5,57.63831,100.932,7,7,,,
2026-06-01 03:04:18 UTC,,29.34204,,,,,6,56.4552,100.931,8,8,,,
2026-06-01 03:05:18 UTC,,29.35561,,,,,5,57.57217,100.93,7,7,,,
2026-06-01 03:06:18 UTC,,29.3575,,,,,5,57.93635,100.929,7,7,,,
2026-06-01 03:07:18 UTC,,29.3818,,,,,5,57.68583,100.926,7,7,,,
2026-06-01 03:08:18 UTC,,29.39852,,,,,5,57.11941,100.924,7,7,,,
2026-06-01 03:09:18 UTC,,29.44585,,,,,5,57.20166,100.922,7,7,,,
2026-06-01 03:10:18 UTC,,29.4468,,,,,5,57.77785,100.92,7,7,,,
2026-06-01 03:11:18 UTC,,29.45122,,,,,5,57.71671,100.918,7,7,,,
2026-06-01 03:12:18 UTC,,29.46889,,,,,5,57.2941,100.917,7,7,,,
2026-06-01 03:13:18 UTC,,29.51906,,,,,5,57.34946,100.917,7,7,,,
2026-06-01 03:14:18 UTC,,29.55062,,,,,5,56.44465,100.917,7,7,,,
2026-06-01 03:15:19 UTC,,29.57744,,,,,5,55.83546,100.916,7,7,,,
2026-06-01 03:16:19 UTC,,29.58059,,,,,5,55.65236,100.915,7,7,,,
2026-06-01 03:17:19 UTC,,29.60047,,,,,6,54.943,100.914,8,8,,,
2026-06-01 03:18:19 UTC,,29.57397,,,,,5,53.91957,100.913,7,7,,,
2026-06-01 03:19:19 UTC,,29.55598,,,,,5,54.19336,100.911,7,7,,,
2026-06-01 03:20:19 UTC,,29.53358,,,,,4,54.34536,100.909,6,6,,,
2026-06-01 03:21:19 UTC,,29.52947,,,,,4,54.39203,100.908,6,6,,,
2026-06-01 03:22:19 UTC,,29.53168,,,,,5,54.5139,100.907,7,7,,,
2026-06-01 03:23:19 UTC,,29.54147,,,,,5,55.3412,100.906,7,7,,,
2026-06-01 03:24:19 UTC,,29.5421,,,,,4,55.37522,100.905,6,6,,,
2026-06-01 03:25:19 UTC,,29.55125,,,,,4,55.35617,100.905,6,6,,,
2026-06-01 03:26:19 UTC,,29.56766,,,,,4,55.43996,100.902,6,6,,,
2026-06-01 03:27:20 UTC,,29.56387,,,,,5,56.31018,100.901,7,7,,,
2026-06-01 03:28:20 UTC,,29.59795,,,,,4,56.05621,100.901,6,6,,,
2026-06-01 03:29:20 UTC,,29.60994,,,,,5,56.18055,100.899,7,7,,,
2026-06-01 03:30:20 UTC,,29.63266,,,,,5,56.09528,100.898,7,7,,,
2026-06-01 03:31:20 UTC,,29.65885,,,,,5,56.12634,100.896,7,7,,,
2026-06-01 03:32:20 UTC,,29.64528,,,,,4,54.86816,100.896,6,6,,,
2026-06-01 03:33:20 UTC,,29.62888,,,,,4,53.8061,100.895,6,6,,,
2026-06-01 03:34:20 UTC,,29.57996,,,,,5,53.76557,100.894,7,7,,,
2026-06-01 03:35:20 UTC,,29.51401,,,,,4,54.47762,100.892,5,5,,,
2026-06-01 03:36:20 UTC,,29.50675,,,,,5,54.53064,100.89,7,7,,,
2026-06-01 03:37:20 UTC,,29.53011,,,,,5,54.1425,100.888,7,7,,,
2026-06-01 03:38:20 UTC,,29.53957,,,,,4,55.31379,100.888,6,6,,,
2026-06-01 03:39:21 UTC,,29.52316,,,,,4,55.50824,100.887,6,6,,,
2026-06-01 03:40:21 UTC,,29.54273,,,,,5,55.4228,100.886,7,7,,,
2026-06-01 03:41:21 UTC,,29.56545,,,,,5,55.14799,100.886,7,7,,,
2026-06-01 03:42:21 UTC,,29.56734,,,,,4,56.09943,100.885,6,6,,,
2026-06-01 03:43:21 UTC,,29.55219,,,,,4,54.61817,100.884,6,6,,,
2026-06-01 03:44:21 UTC,,29.51433,,,,,4,53.8102,100.882,6,6,,,
2026-06-01 03:45:21 UTC,,29.46226,,,,,4,52.88312,100.881,6,6,,,
2026-06-01 03:46:21 UTC,,29.36791,,,,,4,52.3418,100.878,6,6,,,
2026-06-01 03:47:21 UTC,,29.26504,,,,,4,51.94085,100.875,6,6,,,
2026-06-01 03:48:21 UTC,,29.22875,,,,,4,52.22925,100.873,5,5,,,
2026-06-01 03:49:21 UTC,,29.23128,,,,,4,51.95623,100.87,6,6,,,
2026-06-01 03:50:21 UTC,,29.25147,,,,,4,51.83243,100.869,5,5,,,
2026-06-01 03:51:21 UTC,,29.21581,,,,,4,53.654,100.867,5,5,,,
2026-06-01 03:52:21 UTC,,29.17732,,,,,4,53.56126,100.865,5,5,,,
2026-06-01 03:53:22 UTC,,29.21992,,,,,4,53.13095,100.864,6,6,,,
2026-06-01 03:54:22 UTC,,29.25494,,,,,4,52.92807,100.863,6,6,,,
2026-06-01 03:55:22 UTC,,29.24074,,,,,4,54.79701,100.863,6,6,,,
2026-06-01 03:56:22 UTC,,29.24548,,,,,4,54.65572,100.862,6,6,,,
2026-06-01 03:57:22 UTC,,29.29123,,,,,4,54.14252,100.862,6,6,,,
2026-06-01 03:58:22 UTC,,29.32026,,,,,4,54.22077,100.861,6,6,,,
2026-06-01 03:59:22 UTC,,29.31237,,,,,4,55.41009,100.86,5,5,,,
2026-06-01 04:00:22 UTC,,29.34172,,,,,4,55.21763,100.86,5,5,,,
2026-06-01 04:01:22 UTC,,29.38053,,,,,4,55.08088,100.86,6,6,,,
2026-06-01 04:02:22 UTC,,29.42566,,,,,4,54.80302,100.86,5,5,,,
2026-06-01 04:03:22 UTC,,29.33225,,,,,4,56.93182,100.858,6,6,,,
2026-06-01 04:04:22 UTC,,29.33857,,,,,4,54.73654,100.858,5,5,,,
2026-06-01 04:05:23 UTC,,29.33446,,,,,4,53.65716,100.856,5,5,,,
2026-06-01 04:06:23 UTC,,29.27703,,,,,4,54.0125,100.854,5,5,,,
2026-06-01 04:07:23 UTC,,29.29975,,,,,4,53.67247,100.852,6,6,,,
2026-06-01 04:08:23 UTC,,29.33131,,,,,4,53.55589,100.852,5,5,,,
2026-06-01 04:09:23 UTC,,29.34488,,,,,4,54.0153,100.85,5,5,,,
2026-06-01 04:10:23 UTC,,29.37233,,,,,3,54.66697,100.851,4,4,,,
2026-06-01 04:11:23 UTC,,29.41714,,,,,3,54.38288,100.85,4,4,,,
2026-06-01 04:12:23 UTC,,29.44712,,,,,3,54.27915,100.847,4,4,,,
2026-06-01 04:13:23 UTC,,29.4752,,,,,4,54.38435,100.845,5,5,,,
2026-06-01 04:14:23 UTC,,29.47962,,,,,4,55.31875,100.845,5,5,,,
2026-06-01 04:15:23 UTC,,29.49824,,,,,3,55.32142,100.844,4,4,,,
2026-06-01 04:16:23 UTC,,29.51717,,,,,4,55.15463,100.844,5,5,,,
2026-06-01 04:17:23 UTC,,29.53231,,,,,3,55.12292,100.843,4,4,,,
2026-06-01 04:18:24 UTC,,29.49508,,,,,3,56.15707,100.843,4,4,,,
2026-06-01 04:19:24 UTC,,29.48088,,,,,3,54.4054,100.842,4,4,,,
2026-06-01 04:20:24 UTC,,29.43923,,,,,3,53.59116,100.841,4,4,,,
2026-06-01 04:21:24 UTC,,29.3818,,,,,3,54.21597,100.839,4,4,,,
2026-06-01 04:22:24 UTC,,29.41051,,,,,4,53.58713,100.837,5,5,,,
2026-06-01 04:23:24 UTC,,29.43481,,,,,4,53.56364,100.835,5,5,,,
2026-06-01 04:24:24 UTC,,29.41651,,,,,4,54.65972,100.834,5,5,,,
2026-06-01 04:25:24 UTC,,29.43544,,,,,4,54.69622,100.832,5,5,,,
2026-06-01 04:26:24 UTC,,29.46857,,,,,3,54.33616,100.829,4,4,,,
2026-06-01 04:27:24 UTC,,29.49098,,,,,3,54.44735,100.828,4,4,,,
2026-06-01 04:28:24 UTC,,29.44964,,,,,3,56.01429,100.827,4,4,,,
2026-06-01 04:29:24 UTC,,29.49603,,,,,4,55.31432,100.827,5,5,,,
2026-06-01 04:30:25 UTC,,29.54746,,,,,4,54.98282,100.826,5,5,,,
2026-06-01 04:31:25 UTC,,29.5787,,,,,3,55.17699,100.824,4,4,,,
2026-06-01 04:32:25 UTC,,29.4853,,,,,3,56.44196,100.823,4,4,,,
2026-06-01 04:33:25 UTC,,29.49224,,,,,3,55.16462,100.822,4,4,,,
2026-06-01 04:34:25 UTC,,29.48435,,,,,3,54.06189,100.82,4,4,,,
2026-06-01 04:35:25 UTC,,29.42534,,,,,3,53.58921,100.819,4,4,,,
2026-06-01 04:36:25 UTC,,29.41966,,,,,3,53.83055,100.818,4,4,,,
2026-06-01 04:37:25 UTC,,29.39568,,,,,3,53.9551,100.816,4,4,,,
2026-06-01 04:38:25 UTC,,29.40956,,,,,4,53.65423,100.814,5,5,,,
2026-06-01 04:39:25 UTC,,29.41809,,,,,3,54.63967,100.813,4,4,,,
2026-06-01 04:40:25 UTC,,29.42219,,,,,4,54.64025,100.811,5,5,,,
2026-06-01 04:41:25 UTC,,29.43891,,,,,3,54.64938,100.81,4,4,,,
2026-06-01 04:42:26 UTC,,29.46384,,,,,3,54.40299,100.809,4,4,,,
2026-06-01 04:43:26 UTC,,29.47709,,,,,4,55.31161,100.807,6,6,,,
2026-06-01 04:44:26 UTC,,29.52001,,,,,5,55.14826,100.806,7,7,,,
2026-06-01 04:45:26 UTC,,29.55503,,,,,4,55.07874,100.804,6,6,,,
2026-06-01 04:46:26 UTC,,29.57649,,,,,5,55.06824,100.803,7,7,,,
2026-06-01 04:47:26 UTC,,29.51307,,,,,5,56.56883,100.802,7,7,,,
2026-06-01 04:48:26 UTC,,29.50076,,,,,5,55.08452,100.801,7,7,,,
2026-06-01 04:49:26 UTC,,29.45626,,,,,5,54.11185,100.799,7,7,,,
2026-06-01 04:50:26 UTC,,29.40578,,,,,5,54.80019,100.797,7,7,,,
2026-06-01 04:51:26 UTC,,29.39158,,,,,5,54.57508,100.796,7,7,,,
2026-06-01 04:52:26 UTC,,29.44585,,,,,5,54.04973,100.795,7,7,,,
2026-06-01 04:53:26 UTC,,29.42692,,,,,6,55.23661,100.793,8,8,,,
2026-06-01 04:54:27 UTC,,29.43575,,,,,6,55.14298,100.792,8,8,,,
2026-06-01 04:55:27 UTC,,29.48151,,,,,6,54.72305,100.79,8,8,,,
2026-06-01 04:56:27 UTC,,29.53389,,,,,6,54.61557,100.788,8,8,,,
2026-06-01 04:57:27 UTC,,29.49445,,,,,6,55.94592,100.787,8,8,,,
2026-06-01 04:58:27 UTC,,29.51149,,,,,6,55.82593,100.786,8,8,,,
2026-06-01 04:59:27 UTC,,29.54967,,,,,6,55.38986,100.784,8,8,,,
2026-06-01 05:00:27 UTC,,29.60016,,,,,6,55.30214,100.782,8,8,,,
2026-06-01 05:01:27 UTC,,29.5219,,,,,6,56.31089,100.781,8,8,,,
2026-06-01 05:02:27 UTC,,29.53768,,,,,6,54.92727,100.779,8,8,,,
2026-06-01 05:03:27 UTC,,29.53105,,,,,6,53.87986,100.778,8,8,,,
2026-06-01 05:04:27 UTC,,29.51149,,,,,7,54.18707,100.777,10,10,,,
2026-06-01 05:05:27 UTC,,29.47773,,,,,6,54.25649,100.775,8,8,,,
2026-06-01 05:06:28 UTC,,29.461,,,,,6,54.51738,100.773,9,9,,,
2026-06-01 05:07:28 UTC,,29.4853,,,,,6,54.41278,100.771,8,8,,,
2026-06-01 05:08:28 UTC,,29.52096,,,,,6,54.98581,100.77,8,8,,,
2026-06-01 05:09:28 UTC,,29.52821,,,,,6,55.32572,100.767,8,8,,,
2026-06-01 05:10:28 UTC,,29.55377,,,,,6,55.19376,100.765,8,8,,,
2026-06-01 05:11:28 UTC,,29.5727,,,,,5,55.31175,100.763,7,7,,,
2026-06-01 05:12:28 UTC,,29.59984,,,,,6,55.93395,100.761,8,8,,,
2026-06-01 05:13:28 UTC,,29.60079,,,,,6,54.52371,100.76,8,8,,,
2026-06-01 05:14:28 UTC,,29.58375,,,,,5,53.85361,100.759,7,7,,,
2026-06-01 05:15:28 UTC,,29.53673,,,,,6,53.49053,100.757,8,8,,,
2026-06-01 05:16:28 UTC,,29.50202,,,,,6,53.71427,100.755,8,8,,,
2026-06-01 05:17:28 UTC,,29.50959,,,,,6,53.63462,100.751,8,8,,,
2026-06-01 05:18:28 UTC,,29.54809,,,,,6,53.53245,100.751,8,8,,,
2026-06-01 05:19:29 UTC,,29.55693,,,,,6,54.28793,100.75,8,8,,,
2026-06-01 05:20:29 UTC,,29.55977,,,,,5,54.65981,100.748,7,7,,,
2026-06-01 05:21:29 UTC,,29.5746,,,,,6,54.74306,100.747,8,8,,,
2026-06-01 05:22:29 UTC,,29.60079,,,,,6,54.78738,100.744,8,8,,,
2026-06-01 05:23:29 UTC,,29.64465,,,,,6,55.09834,100.742,8,8,,,
2026-06-01 05:24:29 UTC,,29.67337,,,,,5,54.5205,100.74,7,7,,,
2026-06-01 05:25:29 UTC,,29.64591,,,,,5,53.45877,100.737,7,7,,,
2026-06-01 05:26:29 UTC,,29.61152,,,,,5,52.74978,100.734,7,7,,,
2026-06-01 05:27:29 UTC,,29.54241,,,,,5,53.37714,100.731,7,7,,,
2026-06-01 05:28:29 UTC,,29.52253,,,,,5,53.26023,100.729,7,7,,,
2026-06-01 05:29:29 UTC,,29.54967,,,,,6,53.14324,100.726,8,8,,,
2026-06-01 05:30:29 UTC,,29.55882,,,,,6,53.57428,100.723,8,8,,,
2026-06-01 05:31:30 UTC,,29.58059,,,,,6,54.25755,100.721,8,8,,,
2026-06-01 05:32:30 UTC,,29.59479,,,,,6,54.22582,100.719,8,8,,,
2026-06-01 05:33:30 UTC,,29.60742,,,,,5,54.32207,100.717,7,7,,,
2026-06-01 05:34:30 UTC,,29.63456,,,,,6,54.60284,100.715,8,8,,,
2026-06-01 05:35:30 UTC,,29.66642,,,,,5,54.37092,100.712,7,7,,,
2026-06-01 05:36:30 UTC,,29.66895,,,,,5,53.23367,100.711,7,7,,,
2026-06-01 05:37:30 UTC,,29.65033,,,,,5,52.50094,100.708,7,7,,,
2026-06-01 05:38:30 UTC,,29.62446,,,,,5,52.37038,100.705,7,7,,,
2026-06-01 05:39:30 UTC,,29.59574,,,,,5,52.71414,100.703,7,7,,,
2026-06-01 05:40:30 UTC,,29.57807,,,,,5,52.78533,100.701,7,7,,,
2026-06-01 05:41:30 UTC,,29.5869,,,,,5,52.81333,100.699,7,7,,,
2026-06-01 05:42:30 UTC,,29.58659,,,,,5,53.67232,100.697,7,7,,,
2026-06-01 05:43:31 UTC,,29.57933,,,,,5,53.96074,100.695,7,7,,,
2026-06-01 05:44:31 UTC,,29.58375,,,,,5,53.88728,100.695,7,7,,,
2026-06-01 05:45:31 UTC,,29.60805,,,,,5,53.87049,100.694,7,7,,,
2026-06-01 05:46:31 UTC,,29.65001,,,,,5,54.59153,100.693,7,7,,,
2026-06-01 05:47:31 UTC,,29.65917,,,,,5,53.42703,100.691,7,7,,,
2026-06-01 05:48:31 UTC,,29.64118,,,,,5,52.49299,100.69,7,7,,,
2026-06-01 05:49:31 UTC,,29.60047,,,,,4,51.86005,100.688,6,6,,,
2026-06-01 05:50:31 UTC,,29.54841,,,,,4,52.17298,100.687,6,6,,,
2026-06-01 05:51:31 UTC,,29.52001,,,,,4,52.29591,100.685,6,6,,,
2026-06-01 05:52:31 UTC,,29.54273,,,,,5,52.11215,100.684,7,7,,,
2026-06-01 05:53:31 UTC,,29.56166,,,,,5,52.40184,100.683,7,7,,,
2026-06-01 05:54:31 UTC,,29.59921,,,,,5,53.00262,100.681,7,7,,,
2026-06-01 05:55:32 UTC,,29.61057,,,,,5,53.15173,100.681,7,7,,,
2026-06-01 05:56:32 UTC,,29.61941,,,,,4,53.32074,100.68,6,6,,,
2026-06-01 05:57:32 UTC,,29.65159,,,,,4,53.15073,100.679,6,6,,,
2026-06-01 05:58:32 UTC,,29.68252,,,,,5,53.67232,100.68,7,7,,,
2026-06-01 05:59:32 UTC,,29.68031,,,,,4,52.45827,100.679,6,6,,,
2026-06-01 06:00:32 UTC,,29.65254,,,,,5,51.7273,100.677,7,7,,,
2026-06-01 06:01:32 UTC,,29.63014,,,,,5,51.84412,100.676,7,7,,,
2026-06-01 06:02:32 UTC,,29.59669,,,,,5,51.81956,100.675,7,7,,,
2026-06-01 06:03:32 UTC,,29.5604,,,,,5,52.27476,100.673,7,7,,,
2026-06-01 06:04:32 UTC,,29.58249,,,,,4,53.24174,100.671,6,6,,,
2026-06-01 06:05:32 UTC,,29.60899,,,,,4,56.83563,100.672,6,6,,,
2026-06-01 06:06:32 UTC,,29.64434,,,,,4,56.47879,100.671,6,6,,,
2026-06-01 06:07:33 UTC,,29.68126,,,,,4,56.62754,100.671,6,6,,,
2026-06-01 06:08:33 UTC,,29.71849,,,,,4,56.11456,100.669,6,6,,,
2026-06-01 06:09:33 UTC,,29.74973,,,,,4,56.67171,100.668,6,6,,,
2026-06-01 06:10:33 UTC,,29.76677,,,,,4,55.27178,100.667,6,6,,,
2026-06-01 06:11:33 UTC,,29.74121,,,,,4,54.35453,100.666,6,6,,,
2026-06-01 06:12:33 UTC,,29.70114,,,,,4,53.27172,100.663,5,5,,,
2026-06-01 06:13:33 UTC,,29.64939,,,,,3,53.45255,100.659,4,4,,,
2026-06-01 06:14:33 UTC,,29.597,,,,,4,53.76124,100.657,6,6,,,
2026-06-01 06:15:33 UTC,,29.59385,,,,,4,54.73227,100.656,5,5,,,
2026-06-01 06:16:33 UTC,,29.58785,,,,,4,54.54215,100.653,5,5,,,
2026-06-01 06:17:33 UTC,,29.60458,,,,,4,55.76458,100.653,5,5,,,
2026-06-01 06:18:33 UTC,,29.6112,,,,,3,56.1603,100.652,4,4,,,
2026-06-01 06:19:33 UTC,,29.59637,,,,,4,58.12315,100.651,5,5,,,
2026-06-01 06:20:34 UTC,,29.63108,,,,,4,57.35913,100.65,6,6,,,
2026-06-01 06:21:34 UTC,,29.63045,,,,,3,58.56911,100.649,4,4,,,
2026-06-01 06:22:34 UTC,,29.63613,,,,,3,56.74392,100.649,4,4,,,
2026-06-01 06:23:34 UTC,,29.61152,,,,,3,55.58208,100.648,4,4,,,
2026-06-01 06:24:34 UTC,,29.56576,,,,,3,54.78238,100.646,4,4,,,
2026-06-01 06:25:34 UTC,,29.51906,,,,,3,54.37031,100.645,4,4,,,
2026-06-01 06:26:34 UTC,,29.50644,,,,,4,54.47655,100.644,5,5,,,
2026-06-01 06:27:34 UTC,,29.53295,,,,,4,54.20359,100.643,5,5,,,
2026-06-01 06:28:34 UTC,,29.53326,,,,,3,54.37231,100.641,4,4,,,
2026-06-01 06:29:34 UTC,,29.53926,,,,,3,55.22558,100.64,4,4,,,
2026-06-01 06:30:34 UTC,,29.56071,,,,,3,55.03212,100.637,4,4,,,
2026-06-01 06:31:34 UTC,,29.6213,,,,,3,54.62123,100.635,4,4,,,
2026-06-01 06:32:35 UTC,,29.66201,,,,,3,54.64732,100.632,4,4,,,
2026-06-01 06:33:35 UTC,,29.67179,,,,,3,55.29206,100.631,4,4,,,
2026-06-01 06:34:35 UTC,,29.65443,,,,,3,54.32198,100.63,4,4,,,
2026-06-01 06:35:35 UTC,,29.62667,,,,,3,53.06677,100.629,4,4,,,
2026-06-01 06:36:35 UTC,,29.53705,,,,,3,53.38982,100.628,4,4,,,
2026-06-01 06:37:35 UTC,,29.52853,,,,,3,53.09335,100.627,4,4,,,
2026-06-01 06:38:35 UTC,,29.56734,,,,,3,52.7169,100.626,4,4,,,
2026-06-01 06:39:35 UTC,,29.58659,,,,,3,52.75973,100.625,4,4,,,
2026-06-01 06:40:35 UTC,,29.57965,,,,,3,54.05511,100.623,4,4,,,
2026-06-01 06:41:35 UTC,,29.5929,,,,,3,53.89529,100.623,4,4,,,
2026-06-01 06:42:35 UTC,,29.60584,,,,,3,53.6683,100.62,4,4,,,
2026-06-01 06:43:35 UTC,,29.62351,,,,,3,53.94001,100.617,4,4,,,
2026-06-01 06:44:35 UTC,,29.65475,,,,,3,55.00493,100.615,4,4,,,
2026-06-01 06:45:35 UTC,,29.68694,,,,,3,54.76583,100.614,4,4,,,
2026-06-01 06:46:36 UTC,,29.71818,,,,,3,54.49308,100.612,4,4,,,
2026-06-01 06:47:36 UTC,,29.73332,,,,,3,54.52902,100.611,4,4,,,
2026-06-01 06:48:36 UTC,,29.72922,,,,,3,54.54195,100.609,4,4,,,
2026-06-01 06:49:36 UTC,,29.74121,,,,,3,54.38153,100.61,4,4,,,
2026-06-01 06:50:36 UTC,,29.75415,,,,,3,54.28212,100.609,4,4,,,
2026-06-01 06:51:36 UTC,,29.75162,,,,,3,54.2615,100.609,4,4,,,
2026-06-01 06:52:36 UTC,,29.74184,,,,,3,54.23313,100.608,4,4,,,
2026-06-01 06:53:36 UTC,,29.7491,,,,,3,54.28814,100.608,4,4,,,
2026-06-01 06:54:36 UTC,,29.72953,,,,,3,54.47443,100.607,4,4,,,
2026-06-01 06:55:36 UTC,,29.72133,,,,,3,54.62871,100.607,4,4,,,
2026-06-01 06:56:36 UTC,,29.72891,,,,,3,54.65006,100.607,4,4,,,
2026-06-01 06:57:36 UTC,,29.74437,,,,,3,54.75372,100.606,4,4,,,
2026-06-01 06:58:37 UTC,,29.75415,,,,,3,54.60634,100.606,4,4,,,
2026-06-01 06:59:37 UTC,,29.77592,,,,,3,54.06259,100.607,4,4,,,
2026-06-01 07:00:37 UTC,,29.76898,,,,,4,53.57683,100.607,5,5,,,
2026-06-01 07:01:37 UTC,,29.73806,,,,,3,52.45287,100.606,4,4,,,
2026-06-01 07:02:37 UTC,,29.69262,,,,,3,51.87265,100.605,4,4,,,
2026-06-01 07:03:37 UTC,,29.62162,,,,,3,52.20306,100.604,4,4,,,
2026-06-01 07:04:37 UTC,,29.62193,,,,,3,51.91629,100.603,4,4,,,
2026-06-01 07:05:37 UTC,,29.6415,,,,,4,51.89231,100.601,5,5,,,
2026-06-01 07:06:37 UTC,,29.61909,,,,,3,52.60362,100.601,4,4,,,
2026-06-01 07:07:37 UTC,,29.57712,,,,,3,53.44243,100.601,4,4,,,
2026-06-01 07:08:37 UTC,,29.58564,,,,,3,53.20864,100.6,4,4,,,
2026-06-01 07:09:37 UTC,,29.61688,,,,,3,52.90456,100.6,4,4,,,
2026-06-01 07:10:38 UTC,,29.63361,,,,,3,53.67891,100.6,4,4,,,
2026-06-01 07:11:38 UTC,,29.61152,,,,,3,54.23493,100.598,4,4,,,
2026-06-01 07:12:38 UTC,,29.6314,,,,,3,54.03545,100.597,4,4,,,
2026-06-01 07:13:38 UTC,,29.6538,,,,,3,53.95776,100.598,4,4,,,
2026-06-01 07:14:38 UTC,,29.68189,,,,,2,54.26513,100.598,3,3,,,
2026-06-01 07:15:38 UTC,,29.68536,,,,,3,53.83424,100.597,4,4,,,
2026-06-01 07:16:38 UTC,,29.66201,,,,,2,53.04488,100.597,3,3,,,
2026-06-01 07:17:38 UTC,,29.62603,,,,,2,51.92352,100.597,3,3,,,
2026-06-01 07:18:38 UTC,,29.59542,,,,,2,52.29293,100.596,3,3,,,
2026-06-01 07:19:38 UTC,,29.59227,,,,,3,52.07225,100.595,4,4,,,
2026-06-01 07:20:38 UTC,,29.6273,,,,,3,51.86372,100.594,4,4,,,
2026-06-01 07:21:38 UTC,,29.63992,,,,,2,52.49282,100.594,3,3,,,
2026-06-01 07:22:39 UTC,,29.63834,,,,,2,53.14888,100.594,3,3,,,
2026-06-01 07:23:39 UTC,,29.66516,,,,,3,52.81748,100.594,4,4,,,
2026-06-01 07:24:39 UTC,,29.70114,,,,,2,52.78898,100.593,3,3,,,
2026-06-01 07:25:39 UTC,,29.74184,,,,,3,53.14317,100.594,4,4,,,
2026-06-01 07:26:39 UTC,,29.72764,,,,,3,53.99512,100.593,4,4,,,
2026-06-01 07:27:39 UTC,,29.7551,,,,,3,53.67579,100.593,4,4,,,
2026-06-01 07:28:39 UTC,,29.78286,,,,,3,53.45778,100.593,4,4,,,
2026-06-01 07:29:39 UTC,,29.77151,,,,,3,54.26432,100.593,4,4,,,
2026-06-01 07:30:39 UTC,,29.76803,,,,,2,54.05473,100.593,3,3,,,
2026-06-01 07:31:39 UTC,,29.73522,,,,,2,52.93438,100.592,3,3,,,
2026-06-01 07:32:39 UTC,,29.68062,,,,,3,51.94432,100.591,4,4,,,
2026-06-01 07:33:39 UTC,,29.64118,,,,,2,51.1673,100.591,3,3,,,
2026-06-01 07:34:39 UTC,,29.54273,,,,,2,51.87882,100.59,3,3,,,
2026-06-01 07:35:40 UTC,,29.52632,,,,,2,51.55706,100.591,3,3,,,
2026-06-01 07:36:40 UTC,,29.54967,,,,,2,51.36078,100.592,3,3,,,
2026-06-01 07:37:40 UTC,,29.56734,,,,,2,51.84887,100.592,3,3,,,
2026-06-01 07:38:40 UTC,,29.56576,,,,,3,52.60294,100.592,4,4,,,
2026-06-01 07:39:40 UTC,,29.60616,,,,,3,52.22096,100.593,4,4,,,
2026-06-01 07:40:40 UTC,,29.64875,,,,,2,52.13337,100.594,3,3,,,
2026-06-01 07:41:40 UTC,,29.65033,,,,,3,52.64808,100.595,4,4,,,
2026-06-01 07:42:40 UTC,,29.68883,,,,,3,53.18275,100.595,4,4,,,
2026-06-01 07:43:40 UTC,,29.7248,,,,,2,53.02007,100.596,3,3,,,
2026-06-01 07:44:40 UTC,,29.76141,,,,,3,52.93132,100.597,4,4,,,
2026-06-01 07:45:40 UTC,,29.76709,,,,,3,53.53624,100.596,4,4,,,
2026-06-01 07:46:40 UTC,,29.78539,,,,,2,53.55224,100.596,3,3,,,
2026-06-01 07:47:41 UTC,,29.77277,,,,,2,52.19712,100.595,3,3,,,
2026-06-01 07:48:41 UTC,,29.72133,,,,,2,51.51041,100.596,3,3,,,
2026-06-01 07:49:41 UTC,,29.69482,,,,,2,51.59993,100.595,3,3,,,
2026-06-01 07:50:41 UTC,,29.68189,,,,,3,51.65807,100.596,4,4,,,
2026-06-01 07:51:41 UTC,,29.70271,,,,,3,51.54113,100.596,4,4,,,
2026-06-01 07:52:41 UTC,,29.70303,,,,,3,52.32776,100.596,4,4,,,
2026-06-01 07:53:41 UTC,,29.68851,,,,,3,52.76044,100.596,4,4,,,
2026-06-01 07:54:41 UTC,,29.71439,,,,,3,52.45629,100.597,4,4,,,
2026-06-01 07:55:41 UTC,,29.74311,,,,,3,52.4001,100.598,4,4,,,
2026-06-01 07:56:41 UTC,,29.77782,,,,,2,52.95371,100.598,3,3,,,
2026-06-01 07:57:41 UTC,,29.76898,,,,,2,52.60427,100.598,3,3,,,
2026-06-01 07:58:41 UTC,,29.73585,,,,,3,51.83191,100.596,4,4,,,
2026-06-01 07:59:42 UTC,,29.70524,,,,,2,50.93047,100.596,3,3,,,
2026-06-01 08:00:42 UTC,,29.6172,,,,,3,51.69585,100.596,4,4,,,
2026-06-01 08:01:42 UTC,,29.61688,,,,,2,51.14409,100.596,3,3,,,
2026-06-01 08:02:42 UTC,,29.63298,,,,,2,51.17282,100.598,3,3,,,
2026-06-01 08:03:42 UTC,,29.65412,,,,,3,51.55447,100.599,4,4,,,
2026-06-01 08:04:42 UTC,,29.65159,,,,,2,52.20718,100.599,3,3,,,
2026-06-01 08:05:42 UTC,,29.66611,,,,,2,52.18246,100.6,3,3,,,
2026-06-01 08:06:42 UTC,,29.68978,,,,,3,52.03226,100.6,4,4,,,
2026-06-01 08:07:42 UTC,,29.72828,,,,,2,52.28448,100.6,3,3,,,
2026-06-01 08:08:42 UTC,,29.7349,,,,,2,52.31879,100.601,3,3,,,
2026-06-01 08:09:42 UTC,,29.71218,,,,,2,51.7088,100.601,3,3,,,
2026-06-01 08:10:42 UTC,,29.67242,,,,,3,50.79349,100.6,4,4,,,
2026-06-01 08:11:43 UTC,,29.57365,,,,,3,50.37659,100.599,4,4,,,
2026-06-01 08:12:43 UTC,,29.50896,,,,,2,51.0698,100.598,3,3,,,
2026-06-01 08:13:43 UTC,,29.49918,,,,,3,50.63779,100.599,4,4,,,
2026-06-01 08:14:43 UTC,,29.51401,,,,,2,50.51408,100.599,3,3,,,
2026-06-01 08:15:43 UTC,,29.50139,,,,,2,51.57361,100.6,3,3,,,
2026-06-01 08:16:43 UTC,,29.4954,,,,,3,51.82573,100.602,4,4,,,
2026-06-01 08:17:43 UTC,,29.5361,,,,,2,51.4254,100.604,3,3,,,
2026-06-01 08:18:43 UTC,,29.56324,,,,,3,51.49557,100.605,4,4,,,
2026-06-01 08:19:43 UTC,,29.60016,,,,,2,52.10002,100.605,3,3,,,
2026-06-01 08:20:43 UTC,,29.60426,,,,,3,52.66178,100.606,4,4,,,
2026-06-01 08:21:43 UTC,,29.65443,,,,,2,52.14749,100.607,3,3,,,
2026-06-01 08:22:43 UTC,,29.69167,,,,,2,52.33288,100.608,3,3,,,
2026-06-01 08:23:44 UTC,,29.70208,,,,,2,53.05715,100.61,3,3,,,
2026-06-01 08:24:44 UTC,,29.69167,,,,,2,52.50664,100.61,3,3,,,
2026-06-01 08:25:44 UTC,,29.66201,,,,,2,51.50235,100.61,3,3,,,
2026-06-01 08:26:44 UTC,,29.6153,,,,,2,50.87858,100.61,3,3,,,
2026-06-01 08:27:44 UTC,,29.56955,,,,,3,50.12504,100.609,4,4,,,
2026-06-01 08:28:44 UTC,,29.52664,,,,,3,50.41658,100.61,4,4,,,
2026-06-01 08:29:44 UTC,,29.4834,,,,,3,50.49675,100.61,4,4,,,
2026-06-01 08:30:44 UTC,,29.48183,,,,,2,50.35111,100.609,3,3,,,
2026-06-01 08:31:44 UTC,,29.49129,,,,,2,50.98783,100.611,3,3,,,
2026-06-01 08:32:44 UTC,,29.47204,,,,,2,51.48318,100.611,3,3,,,
2026-06-01 08:33:44 UTC,,29.5036,,,,,2,51.28811,100.611,3,3,,,
2026-06-01 08:34:44 UTC,,29.51401,,,,,3,51.3493,100.611,4,4,,,
2026-06-01 08:35:44 UTC,,29.50675,,,,,3,52.02721,100.611,4,4,,,
2026-06-01 08:36:45 UTC,,29.52632,,,,,3,52.49721,100.613,4,4,,,
2026-06-01 08:37:45 UTC,,29.58312,,,,,2,52.07767,100.612,3,3,,,
2026-06-01 08:38:45 UTC,,29.61089,,,,,2,52.10816,100.613,3,3,,,
2026-06-01 08:39:45 UTC,,29.6071,,,,,3,53.02383,100.613,4,4,,,
2026-06-01 08:40:45 UTC,,29.63045,,,,,2,52.13086,100.613,3,3,,,
2026-06-01 08:41:45 UTC,,29.62446,,,,,3,51.33105,100.614,4,4,,,
2026-06-01 08:42:45 UTC,,29.60584,,,,,2,50.44039,100.614,3,3,,,
2026-06-01 08:43:45 UTC,,29.51149,,,,,2,50.82486,100.614,3,3,,,
2026-06-01 08:44:45 UTC,,29.48372,,,,,2,50.82112,100.615,3,3,,,
2026-06-01 08:45:45 UTC,,29.44617,,,,,2,50.96186,100.615,3,3,,,
2026-06-01 08:46:45 UTC,,29.46794,,,,,2,50.83888,100.617,3,3,,,
2026-06-01 08:47:45 UTC,,29.47362,,,,,3,51.87604,100.617,4,4,,,
2026-06-01 08:48:46 UTC,,29.4793,,,,,3,51.7636,100.618,4,4,,,
2026-06-01 08:49:46 UTC,,29.49666,,,,,2,51.59293,100.62,3,3,,,
2026-06-01 08:50:46 UTC,,29.51812,,,,,2,51.70897,100.62,3,3,,,
2026-06-01 08:51:46 UTC,,29.50486,,,,,3,53.00292,100.622,4,4,,,
2026-06-01 08:52:46 UTC,,29.51275,,,,,3,52.80306,100.623,4,4,,,
2026-06-01 08:53:46 UTC,,29.54052,,,,,2,52.47243,100.624,3,3,,,
2026-06-01 08:54:46 UTC,,29.57397,,,,,3,52.5372,100.626,4,4,,,
2026-06-01 08:55:46 UTC,,29.5746,,,,,2,53.58994,100.627,3,3,,,
2026-06-01 08:56:46 UTC,,29.58438,,,,,2,51.96449,100.627,3,3,,,
2026-06-01 08:57:46 UTC,,29.58154,,,,,3,50.89392,100.627,4,4,,,
2026-06-01 08:58:46 UTC,,29.48687,,,,,2,50.69572,100.626,3,3,,,
2026-06-01 08:59:46 UTC,,29.39347,,,,,2,51.48582,100.626,3,3,,,
2026-06-01 09:00:47 UTC,,29.37517,,,,,3,51.09156,100.626,4,4,,,
2026-06-01 09:01:47 UTC,,29.41367,,,,,2,50.65281,100.626,3,3,,,
2026-06-01 09:02:47 UTC,,29.37422,,,,,3,51.89578,100.628,4,4,,,
2026-06-01 09:03:47 UTC,,29.38779,,,,,3,51.78442,100.628,4,4,,,
2026-06-01 09:04:47 UTC,,29.41777,,,,,2,51.5689,100.628,3,3,,,
2026-06-01 09:05:47 UTC,,29.4326,,,,,3,51.78386,100.628,4,4,,,
2026-06-01 09:06:47 UTC,,29.37517,,,,,3,53.34038,100.629,4,4,,,
2026-06-01 09:07:47 UTC,,29.41272,,,,,2,52.69553,100.628,3,3,,,
2026-06-01 09:08:47 UTC,,29.49824,,,,,3,52.3263,100.629,4,4,,,
2026-06-01 09:09:47 UTC,,29.53295,,,,,3,52.47807,100.629,4,4,,,
2026-06-01 09:10:47 UTC,,29.56829,,,,,2,53.01173,100.629,3,3,,,
2026-06-01 09:11:47 UTC,,29.59069,,,,,3,52.20548,100.63,4,4,,,
2026-06-01 09:12:48 UTC,,29.57744,,,,,2,51.37784,100.629,3,3,,,
2026-06-01 09:13:48 UTC,,29.52285,,,,,2,51.25751,100.628,3,3,,,
2026-06-01 09:14:48 UTC,,29.50581,,,,,2,51.27514,100.628,3,3,,,
2026-06-01 09:15:48 UTC,,29.49981,,,,,3,51.16146,100.63,4,4,,,
2026-06-01 09:16:48 UTC,,29.51969,,,,,3,51.00493,100.631,4,4,,,
2026-06-01 09:17:48 UTC,,29.46321,,,,,2,52.4952,100.632,3,3,,,
2026-06-01 09:18:48 UTC,,29.44901,,,,,2,52.33958,100.633,3,3,,,
2026-06-01 09:19:48 UTC,,29.45564,,,,,2,52.04688,100.634,3,3,,,
2026-06-01 09:20:48 UTC,,29.48435,,,,,3,51.96413,100.635,4,4,,,
2026-06-01 09:21:48 UTC,,29.43828,,,,,3,53.6448,100.636,4,4,,,
2026-06-01 09:22:48 UTC,,29.44522,,,,,3,53.25617,100.637,4,4,,,
2026-06-01 09:23:48 UTC,,29.50423,,,,,3,52.72155,100.638,4,4,,,
2026-06-01 09:24:49 UTC,,29.56513,,,,,3,52.60955,100.639,4,4,,,
2026-06-01 09:25:49 UTC,,29.49255,,,,,3,54.14394,100.641,4,4,,,
2026-06-01 09:26:49 UTC,,29.51433,,,,,3,52.54235,100.642,4,4,,,
2026-06-01 09:27:49 UTC,,29.52379,,,,,3,51.51015,100.643,4,4,,,
2026-06-01 09:28:49 UTC,,29.47078,,,,,3,51.74912,100.645,4,4,,,
2026-06-01 09:29:49 UTC,,29.49603,,,,,3,51.32693,100.646,4,4,,,
2026-06-01 09:30:49 UTC,,29.46794,,,,,3,51.56242,100.647,4,4,,,
2026-06-01 09:31:49 UTC,,29.48687,,,,,3,51.49849,100.648,4,4,,,
2026-06-01 09:32:49 UTC,,29.45626,,,,,4,52.52765,100.65,5,5,,,
2026-06-01 09:33:49 UTC,,29.44459,,,,,3,52.62634,100.651,4,4,,,
2026-06-01 09:34:49 UTC,,29.45879,,,,,3,52.40104,100.651,4,4,,,
2026-06-01 09:35:49 UTC,,29.49855,,,,,3,52.27962,100.652,4,4,,,
2026-06-01 09:36:49 UTC,,29.5137,,,,,3,53.42014,100.653,4,4,,,
2026-06-01 09:37:50 UTC,,29.55725,,,,,4,53.07724,100.654,5,5,,,
2026-06-01 09:38:50 UTC,,29.58754,,,,,3,52.90719,100.656,4,4,,,
2026-06-01 09:39:50 UTC,,29.63392,,,,,3,52.85334,100.657,4,4,,,
2026-06-01 09:40:50 UTC,,29.64907,,,,,4,53.3786,100.657,5,5,,,
2026-06-01 09:41:50 UTC,,29.63266,,,,,3,52.31139,100.659,4,4,,,
2026-06-01 09:42:50 UTC,,29.60521,,,,,4,51.30853,100.659,5,5,,,
2026-06-01 09:43:50 UTC,,29.5787,,,,,4,51.16548,100.66,6,6,,,
2026-06-01 09:44:50 UTC,,29.53768,,,,,4,51.39239,100.661,6,6,,,
2026-06-01 09:45:50 UTC,,29.49634,,,,,4,51.6328,100.663,6,6,,,
2026-06-01 09:46:50 UTC,,29.50896,,,,,4,51.28884,100.663,6,6,,,
2026-06-01 09:47:50 UTC,,29.50928,,,,,3,52.23436,100.665,4,4,,,
2026-06-01 09:48:50 UTC,,29.56639,,,,,4,51.82209,100.666,5,5,,,
2026-06-01 09:49:50 UTC,,29.56292,,,,,4,52.07491,100.667,6,6,,,
2026-06-01 09:50:50 UTC,,29.58059,,,,,4,52.02397,100.667,6,6,,,
2026-06-01 09:51:51 UTC,,29.56418,,,,,4,53.37346,100.668,6,6,,,
2026-06-01 09:52:51 UTC,,29.57428,,,,,4,52.89194,100.669,6,6,,,
2026-06-01 09:53:51 UTC,,29.62036,,,,,4,52.57704,100.67,6,6,,,
2026-06-01 09:54:51 UTC,,29.63834,,,,,4,52.72003,100.672,6,6,,,
2026-06-01 09:55:51 UTC,,29.64023,,,,,4,53.3035,100.673,6,6,,,
2026-06-01 09:56:51 UTC,,29.65065,,,,,4,52.11361,100.675,6,6,,,
2026-06-01 09:57:51 UTC,,29.6172,,,,,5,51.37659,100.676,7,7,,,
2026-06-01 09:58:51 UTC,,29.47678,,,,,5,52.4436,100.677,7,7,,,
2026-06-01 09:59:51 UTC,,29.49382,,,,,4,51.48614,100.678,6,6,,,
2026-06-01 10:00:51 UTC,,29.48372,,,,,4,51.60447,100.679,6,6,,,
2026-06-01 10:01:51 UTC,,29.48151,,,,,5,52.15714,100.68,7,7,,,
2026-06-01 10:02:51 UTC,,29.51338,,,,,5,52.3885,100.68,7,7,,,
2026-06-01 10:03:52 UTC,,29.55314,,,,,4,52.14694,100.68,6,6,,,
2026-06-01 10:04:52 UTC,,29.57712,,,,,5,52.25702,100.68,7,7,,,
2026-06-01 10:05:52 UTC,,29.54588,,,,,5,52.87461,100.681,7,7,,,
2026-06-01 10:06:52 UTC,,29.57018,,,,,6,53.18635,100.683,8,8,,,
2026-06-01 10:07:52 UTC,,29.61657,,,,,5,52.83754,100.684,7,7,,,
2026-06-01 10:08:52 UTC,,29.61089,,,,,5,53.15177,100.685,7,7,,,
2026-06-01 10:09:52 UTC,,29.59669,,,,,5,53.86889,100.685,7,7,,,
2026-06-01 10:10:52 UTC,,29.56766,,,,,5,53.70329,100.686,7,7,,,
2026-06-01 10:11:52 UTC,,29.55977,,,,,6,52.16119,100.687,8,8,,,
2026-06-01 10:12:52 UTC,,29.54651,,,,,6,51.20096,100.687,8,8,,,
2026-06-01 10:13:52 UTC,,29.46542,,,,,5,51.60863,100.686,7,7,,,
2026-06-01 10:14:52 UTC,,29.43607,,,,,6,51.42513,100.685,8,8,,,
2026-06-01 10:15:53 UTC,,29.43449,,,,,6,51.47808,100.685,8,8,,,
2026-06-01 10:16:53 UTC,,29.43323,,,,,6,51.85721,100.686,8,8,,,
2026-06-01 10:17:53 UTC,,29.41398,,,,,6,52.50846,100.686,8,8,,,
2026-06-01 10:18:53 UTC,,29.47678,,,,,6,51.8898,100.686,8,8,,,
2026-06-01 10:19:53 UTC,,29.48845,,,,,6,52.13807,100.686,8,8,,,
2026-06-01 10:20:53 UTC,,29.47646,,,,,6,52.70434,100.686,8,8,,,
2026-06-01 10:21:53 UTC,,29.49508,,,,,6,53.19603,100.686,8,8,,,
2026-06-01 10:22:53 UTC,,29.53231,,,,,6,52.7723,100.686,8,8,,,
2026-06-01 10:23:53 UTC,,29.53957,,,,,6,52.94073,100.686,8,8,,,
2026-06-01 10:24:53 UTC,,29.5462,,,,,6,53.49186,100.687,9,9,,,
2026-06-01 10:25:53 UTC,,29.55409,,,,,6,53.27134,100.687,9,9,,,
2026-06-01 10:26:53 UTC,,29.56071,,,,,6,51.90793,100.687,9,9,,,
2026-06-01 10:27:54 UTC,,29.56418,,,,,6,50.84519,100.688,9,9,,,
2026-06-01 10:28:54 UTC,,29.51307,,,,,7,50.38832,100.688,10,10,,,
2026-06-01 10:29:54 UTC,,29.44585,,,,,7,49.51564,100.688,10,10,,,
2026-06-01 10:30:54 UTC,,29.3777,,,,,7,49.59221,100.688,10,10,,,
2026-06-01 10:31:54 UTC,,29.33446,,,,,6,49.54046,100.689,8,8,,,
2026-06-01 10:32:54 UTC,,29.35087,,,,,7,49.39797,100.69,10,10,,,
2026-06-01 10:33:54 UTC,,29.36002,,,,,7,49.60303,100.69,10,10,,,
2026-06-01 10:34:54 UTC,,29.32689,,,,,7,50.91268,100.691,10,10,,,
2026-06-01 10:35:54 UTC,,29.28871,,,,,7,51.11971,100.693,10,10,,,
2026-06-01 10:36:54 UTC,,29.28776,,,,,7,50.93393,100.694,10,10,,,
2026-06-01 10:37:54 UTC,,29.31427,,,,,7,50.87123,100.695,10,10,,,
2026-06-01 10:38:54 UTC,,29.29943,,,,,8,52.27898,100.697,11,11,,,
2026-06-01 10:39:55 UTC,,29.33225,,,,,7,51.76353,100.699,10,10,,,
2026-06-01 10:40:55 UTC,,29.34235,,,,,7,51.75161,100.7,10,10,,,
2026-06-01 10:41:55 UTC,,29.40325,,,,,7,51.54698,100.702,10,10,,,
2026-06-01 10:42:55 UTC,,29.3982,,,,,7,52.90773,100.704,10,10,,,
2026-06-01 10:43:55 UTC,,29.43039,,,,,7,52.52409,100.707,10,10,,,
2026-06-01 10:44:55 UTC,,29.46447,,,,,7,52.32167,100.708,10,10,,,
2026-06-01 10:45:55 UTC,,29.52222,,,,,7,52.38305,100.71,10,10,,,
2026-06-01 10:46:55 UTC,,29.54683,,,,,7,53.12943,100.712,10,10,,,
2026-06-01 10:47:55 UTC,,29.56008,,,,,8,52.24801,100.714,11,11,,,
2026-06-01 10:48:55 UTC,,29.53673,,,,,9,51.8247,100.716,13,13,,,
2026-06-01 10:49:55 UTC,,29.52853,,,,,10,51.78362,100.717,14,14,,,
2026-06-01 10:50:55 UTC,,29.52947,,,,,11,51.91699,100.718,15,17,,,
2026-06-01 10:51:55 UTC,,29.53831,,,,,11,52.15158,100.719,16,18,,,
2026-06-01 10:52:56 UTC,,29.54683,,,,,11,52.79438,100.72,16,18,,,
2026-06-01 10:53:56 UTC,,29.56892,,,,,11,52.61676,100.722,16,18,,,
2026-06-01 10:54:56 UTC,,29.57586,,,,,11,53.89964,100.723,16,18,,,
2026-06-01 10:55:56 UTC,,29.60079,,,,,11,54.0918,100.725,16,18,,,
2026-06-01 10:56:56 UTC,,29.6112,,,,,11,54.18767,100.726,16,18,,,
2026-06-01 10:57:56 UTC,,29.36981,,,,,12,55.2081,100.728,17,19,,,
2026-06-01 10:58:56 UTC,,29.36097,,,,,11,54.43568,100.728,16,18,,,
2026-06-01 10:59:56 UTC,,29.37233,,,,,12,53.25944,100.729,17,20,,,
2026-06-01 11:00:56 UTC,,29.3982,,,,,12,52.47956,100.729,17,20,,,
2026-06-01 11:01:56 UTC,,29.39726,,,,,12,52.27238,100.73,17,20,,,
2026-06-01 11:02:56 UTC,,29.3799,,,,,12,51.94321,100.729,17,20,,,
2026-06-01 11:03:56 UTC,,29.37675,,,,,12,51.56998,100.729,17,20,,,
2026-06-01 11:04:57 UTC,,29.36097,,,,,13,51.59444,100.729,18,21,,,
2026-06-01 11:05:57 UTC,,29.3392,,,,,12,51.09997,100.73,17,20,,,
2026-06-01 11:06:57 UTC,,29.32657,,,,,13,50.91264,100.731,19,22,,,
2026-06-01 11:07:57 UTC,,29.27482,,,,,13,50.80632,100.733,18,21,,,
2026-06-01 11:08:57 UTC,,29.25021,,,,,13,50.81626,100.734,19,22,,,
2026-06-01 11:09:57 UTC,,29.21581,,,,,13,50.91763,100.737,19,22,,,
2026-06-01 11:10:57 UTC,,29.18363,,,,,13,50.71466,100.738,19,22,,,
2026-06-01 11:11:57 UTC,,29.13977,,,,,13,50.79483,100.739,19,22,,,
2026-06-01 11:12:57 UTC,,29.10064,,,,,13,50.86243,100.74,18,21,,,
2026-06-01 11:13:57 UTC,,29.05709,,,,,12,50.75066,100.741,17,20,,,
2026-06-01 11:14:57 UTC,,29.03437,,,,,12,50.76748,100.742,17,20,,,
2026-06-01 11:15:57 UTC,,29.01355,,,,,12,50.74484,100.742,17,20,,,
2026-06-01 11:16:58 UTC,,28.98704,,,,,12,50.63544,100.744,17,20,,,
2026-06-01 11:17:58 UTC,,28.95706,,,,,12,50.62483,100.746,17,20,,,
2026-06-01 11:18:58 UTC,,28.92235,,,,,12,50.67971,100.747,17,20,,,
2026-06-01 11:19:58 UTC,,28.88701,,,,,12,50.69484,100.748,17,20,,,
2026-06-01 11:20:58 UTC,,28.86682,,,,,12,50.83111,100.75,17,20,,,
2026-06-01 11:21:58 UTC,,28.83147,,,,,12,50.79991,100.751,17,20,,,
2026-06-01 11:22:58 UTC,,28.78982,,,,,12,50.78772,100.754,17,20,,,
2026-06-01 11:23:58 UTC,,28.75069,,,,,12,50.87515,100.755,17,20,,,
2026-06-01 11:24:58 UTC,,28.72008,,,,,12,50.85782,100.757,17,19,,,
2026-06-01 11:25:58 UTC,,28.70462,,,,,12,50.76972,100.759,17,20,,,
2026-06-01 11:26:58 UTC,,28.67464,,,,,12,51.07691,100.761,17,20,,,
2026-06-01 11:27:58 UTC,,28.63299,,,,,12,50.92561,100.763,17,19,,,
2026-06-01 11:28:59 UTC,,28.5702,,,,,12,49.80837,100.764,17,20,,,
2026-06-01 11:29:59 UTC,,28.49857,,,,,12,49.33241,100.765,17,19,,,
2026-06-01 11:30:59 UTC,,28.4424,,,,,11,48.48709,100.766,16,18,,,
2026-06-01 11:31:59 UTC,,28.39538,,,,,11,47.79659,100.767,16,18,,,
2026-06-01 11:32:59 UTC,,28.3004,,,,,12,47.68697,100.768,17,19,,,
2026-06-01 11:33:59 UTC,,28.23351,,,,,12,47.02314,100.769,17,19,,,
2026-06-01 11:34:59 UTC,,28.17355,,,,,12,46.61457,100.77,17,19,,,
2026-06-01 11:35:59 UTC,,28.10445,,,,,11,46.17366,100.77,16,18,,,
2026-06-01 11:36:59 UTC,,28.02019,,,,,11,45.84782,100.772,16,18,,,
2026-06-01 11:37:59 UTC,,27.94762,,,,,11,45.56261,100.773,16,18,,,
2026-06-01 11:38:59 UTC,,27.86368,,,,,11,45.29578,100.774,16,18,,,
2026-06-01 11:39:59 UTC,,27.80972,,,,,11,45.00745,100.776,16,18,,,
2026-06-01 11:41:00 UTC,,27.74314,,,,,11,44.77563,100.777,16,18,,,
2026-06-01 11:42:00 UTC,,27.66962,,,,,11,44.58801,100.777,16,18,,,
2026-06-01 11:43:00 UTC,,27.61535,,,,,11,44.23089,100.778,16,18,,,
2026-06-01 11:44:00 UTC,,27.56265,,,,,11,44.47952,100.778,16,18,,,
2026-06-01 11:45:00 UTC,,27.60052,,,,,11,44.34379,100.779,16,18,,,
2026-06-01 11:46:00 UTC,,27.65921,,,,,11,44.28069,100.779,16,18,,,
2026-06-01 11:47:00 UTC,,27.69297,,,,,11,44.91661,100.781,15,17,,,
2026-06-01 11:48:00 UTC,,27.72042,,,,,11,46.08772,100.782,16,18,,,
2026-06-01 11:49:00 UTC,,27.77596,,,,,11,46.14606,100.782,16,18,,,
2026-06-01 11:50:00 UTC,,27.84696,,,,,11,45.90376,100.783,16,18,,,
2026-06-01 11:51:00 UTC,,27.93247,,,,,10,46.29423,100.784,14,15,,,
2026-06-01 11:52:00 UTC,,27.98832,,,,,11,47.576,100.785,15,17,,,
2026-06-01 11:53:00 UTC,,27.99779,,,,,10,46.98067,100.787,14,15,,,
2026-06-01 11:54:01 UTC,,28.00126,,,,,11,46.36723,100.788,16,18,,,
2026-06-01 11:55:01 UTC,,27.98517,,,,,11,45.83066,100.79,15,17,,,
2026-06-01 11:56:01 UTC,,27.95771,,,,,10,45.44831,100.791,14,15,,,
2026-06-01 11:57:01 UTC,,27.90502,,,,,10,45.1278,100.791,14,15,,,
2026-06-01 11:58:01 UTC,,27.84033,,,,,10,44.83845,100.792,14,15,,,
2026-06-01 11:59:01 UTC,,27.7728,,,,,10,44.59398,100.793,14,15,,,
2026-06-01 12:00:01 UTC,,27.71916,,,,,11,44.30057,100.794,15,17,,,
2026-06-01 12:01:01 UTC,,27.65195,,,,,10,44.04428,100.794,14,15,,,
2026-06-01 12:02:01 UTC,,27.55034,,,,,11,44.66309,100.796,15,17,,,
2026-06-01 12:03:01 UTC,,27.56612,,,,,10,44.15501,100.798,14,15,,,
2026-06-01 12:04:01 UTC,,27.61093,,,,,10,43.96946,100.799,14,15,,,
2026-06-01 12:05:01 UTC,,27.67214,,,,,10,44.19943,100.8,14,15,,,
2026-06-01 12:06:02 UTC,,27.72326,,,,,10,45.47111,100.802,14,14,,,
2026-06-01 12:07:02 UTC,,27.75671,,,,,10,45.7063,100.804,14,14,,,
2026-06-01 12:08:02 UTC,,27.83907,,,,,11,45.4467,100.806,15,17,,,
2026-06-01 12:09:02 UTC,,27.89871,,,,,10,45.90367,100.806,14,15,,,
2026-06-01 12:10:02 UTC,,27.93594,,,,,10,47.38117,100.808,14,15,,,
2026-06-01 12:11:02 UTC,,27.9271,,,,,10,46.97184,100.81,14,14,,,
2026-06-01 12:12:02 UTC,,27.88135,,,,,10,46.71391,100.811,14,15,,,
2026-06-01 12:13:02 UTC,,27.84254,,,,,10,46.41855,100.81,14,15,,,
2026-06-01 12:14:02 UTC,,27.75924,,,,,11,46.40825,100.811,15,17,,,
2026-06-01 12:15:02 UTC,,27.71853,,,,,10,45.67594,100.811,14,15,,,
2026-06-01 12:16:02 UTC,,27.67467,,,,,10,45.40747,100.813,14,15,,,
2026-06-01 12:17:02 UTC,,27.62923,,,,,10,44.9601,100.813,14,14,,,
2026-06-01 12:18:03 UTC,,27.58126,,,,,10,44.76897,100.814,14,15,,,
2026-06-01 12:19:03 UTC,,27.54119,,,,,10,44.47696,100.816,14,15,,,
2026-06-01 12:20:03 UTC,,27.50459,,,,,10,44.2623,100.817,14,15,,,
2026-06-01 12:21:03 UTC,,27.444,,,,,10,44.10871,100.818,14,14,,,
2026-06-01 12:22:03 UTC,,27.39762,,,,,10,43.93789,100.819,14,15,,,
2026-06-01 12:23:03 UTC,,27.33893,,,,,10,43.93096,100.82,14,14,,,
2026-06-01 12:24:03 UTC,,27.30769,,,,,10,43.69867,100.821,14,15,,,
2026-06-01 12:25:03 UTC,,27.2572,,,,,10,43.5976,100.821,14,14,,,
2026-06-01 12:26:03 UTC,,27.21744,,,,,10,43.4725,100.822,14,14,,,
2026-06-01 12:27:03 UTC,,27.16727,,,,,10,43.39695,100.821,14,14,,,
2026-06-01 12:28:03 UTC,,27.1313,,,,,10,43.25349,100.821,14,14,,,
2026-06-01 12:29:03 UTC,,27.08681,,,,,10,43.20403,100.822,14,14,,,
2026-06-01 12:30:04 UTC,,27.03758,,,,,10,43.19831,100.822,14,14,,,
2026-06-01 12:31:04 UTC,,26.99309,,,,,9,43.13623,100.823,13,13,,,
2026-06-01 12:32:04 UTC,,26.96248,,,,,10,42.99366,100.823,14,14,,,
2026-06-01 12:33:04 UTC,,26.94292,,,,,10,43.21894,100.823,14,14,,,
2026-06-01 12:34:04 UTC,,26.96343,,,,,10,43.32255,100.824,14,14,,,
2026-06-01 12:35:04 UTC,,27.01581,,,,,10,43.23373,100.824,14,14,,,
2026-06-01 12:36:04 UTC,,27.09627,,,,,9,43.26207,100.825,13,13,,,
2026-06-01 12:37:04 UTC,,27.13288,,,,,9,45.27141,100.825,13,13,,,
2026-06-01 12:38:04 UTC,,27.18526,,,,,10,45.52123,100.826,14,14,,,
2026-06-01 12:39:04 UTC,,27.24679,,,,,9,45.40048,100.827,13,13,,,
2026-06-01 12:40:04 UTC,,27.32788,,,,,9,45.40388,100.828,13,13,,,
2026-06-01 12:41:04 UTC,,27.39194,,,,,10,47.1704,100.829,14,14,,,
2026-06-01 12:42:05 UTC,,27.43328,,,,,10,46.78748,100.83,14,14,,,
2026-06-01 12:43:05 UTC,,27.44085,,,,,9,46.39474,100.831,13,13,,,
2026-06-01 12:44:05 UTC,,27.4481,,,,,9,45.73929,100.832,13,13,,,
2026-06-01 12:45:05 UTC,,27.44653,,,,,9,45.37339,100.833,13,13,,,
2026-06-01 12:46:05 UTC,,27.42255,,,,,10,45.06952,100.834,14,14,,,
2026-06-01 12:47:05 UTC,,27.39667,,,,,9,44.70214,100.836,13,13,,,
2026-06-01 12:48:05 UTC,,27.3667,,,,,9,44.43703,100.836,13,13,,,
2026-06-01 12:49:05 UTC,,27.31684,,,,,9,44.20818,100.837,13,13,,,
2026-06-01 12:50:05 UTC,,27.27771,,,,,9,43.91738,100.838,13,13,,,
2026-06-01 12:51:05 UTC,,27.22186,,,,,9,43.89175,100.838,13,13,,,
2026-06-01 12:52:05 UTC,,27.16916,,,,,9,43.75856,100.839,13,13,,,
2026-06-01 12:53:05 UTC,,27.11205,,,,,9,43.59962,100.839,13,13,,,
2026-06-01 12:54:05 UTC,,27.07608,,,,,9,43.87458,100.839,13,13,,,
2026-06-01 12:55:05 UTC,,27.05083,,,,,9,44.08765,100.839,13,13,,,
2026-06-01 12:56:05 UTC,,27.0663,,,,,9,44.14671,100.84,13,13,,,
2026-06-01 12:57:06 UTC,,27.11962,,,,,9,44.1721,100.842,13,13,,,
2026-06-01 12:58:06 UTC,,27.18746,,,,,9,44.18649,100.843,13,13,,,
2026-06-01 12:59:06 UTC,,27.27203,,,,,9,44.31747,100.844,13,13,,,
2026-06-01 13:00:06 UTC,,27.34997,,,,,9,44.3968,100.845,13,13,,,
2026-06-01 13:01:06 UTC,,27.43107,,,,,10,44.68711,100.846,14,14,,,
2026-06-01 13:02:06 UTC,,27.52447,,,,,9,44.79409,100.848,13,13,,,
2026-06-01 13:03:06 UTC,,27.6245,,,,,9,44.89558,100.849,13,13,,,
2026-06-01 13:04:06 UTC,,27.71632,,,,,9,45.17541,100.851,13,13,,,
2026-06-01 13:05:06 UTC,,27.79647,,,,,9,45.24277,100.852,13,13,,,
2026-06-01 13:06:06 UTC,,27.89019,,,,,9,45.60698,100.853,13,13,,,
2026-06-01 13:07:06 UTC,,27.98832,,,,,9,45.34939,100.855,13,13,,,
2026-06-01 13:08:06 UTC,,28.08551,,,,,9,45.32273,100.856,13,13,,,
2026-06-01 13:09:07 UTC,,28.16693,,,,,8,45.42246,100.858,11,11,,,
2026-06-01 13:10:07 UTC,,28.24834,,,,,9,45.62505,100.858,13,13,,,
2026-06-01 13:11:07 UTC,,28.32691,,,,,8,45.6411,100.859,11,11,,,
2026-06-01 13:12:07 UTC,,28.3796,,,,,8,45.86624,100.859,12,12,,,
2026-06-01 13:13:07 UTC,,28.44776,,,,,9,45.81027,100.859,13,13,,,
2026-06-01 13:14:07 UTC,,28.52791,,,,,9,45.81371,100.859,13,13,,,
2026-06-01 13:15:07 UTC,,28.5926,,,,,8,45.86029,100.859,11,11,,,
2026-06-01 13:16:07 UTC,,28.65034,,,,,9,46.0671,100.86,13,13,,,
2026-06-01 13:17:07 UTC,,28.71346,,,,,9,46.01046,100.861,13,13,,,
2026-06-01 13:18:07 UTC,,28.76773,,,,,9,46.08163,100.863,13,13,,,
2026-06-01 13:19:07 UTC,,28.83147,,,,,9,46.19272,100.865,13,13,,,
2026-06-01 13:20:07 UTC,,28.8949,,,,,9,46.10383,100.866,13,13,,,
2026-06-01 13:21:08 UTC,,28.94696,,,,,9,46.36202,100.868,13,13,,,
2026-06-01 13:22:08 UTC,,29.00408,,,,,9,46.27872,100.868,13,13,,,
2026-06-01 13:23:08 UTC,,29.05394,,,,,9,46.38182,100.869,13,13,,,
2026-06-01 13:24:08 UTC,,29.10569,,,,,8,46.38827,100.87,11,11,,,
2026-06-01 13:25:08 UTC,,29.15491,,,,,9,46.49137,100.872,13,13,,,
2026-06-01 13:26:08 UTC,,29.18931,,,,,8,46.76099,100.872,11,11,,,
2026-06-01 13:27:08 UTC,,29.23569,,,,,9,46.73444,100.873,13,13,,,
2026-06-01 13:28:08 UTC,,29.29344,,,,,8,46.62516,100.874,11,11,,,
2026-06-01 13:29:08 UTC,,29.34109,,,,,9,46.68293,100.874,13,13,,,
2026-06-01 13:30:08 UTC,,29.38053,,,,,9,46.73969,100.875,13,13,,,
2026-06-01 13:31:08 UTC,,29.41524,,,,,9,46.8218,100.876,13,13,,,
2026-06-01 13:32:08 UTC,,29.45122,,,,,8,46.9171,100.877,11,11,,,
2026-06-01 13:33:09 UTC,,29.4894,,,,,8,46.91542,100.878,11,11,,,
2026-06-01 13:34:09 UTC,,29.52348,,,,,8,46.99757,100.879,11,11,,,
2026-06-01 13:35:09 UTC,,29.56892,,,,,8,46.97087,100.879,11,11,,,
2026-06-01 13:36:09 UTC,,29.61373,,,,,8,47.08686,100.881,11,11,,,
2026-06-01 13:37:09 UTC,,29.66043,,,,,8,47.05383,100.881,11,11,,,
2026-06-01 13:38:09 UTC,,29.71123,,,,,8,47.07974,100.881,11,11,,,
2026-06-01 13:39:09 UTC,,29.75699,,,,,8,47.05958,100.882,11,11,,,
2026-06-01 13:40:09 UTC,,29.79265,,,,,8,47.14853,100.883,11,11,,,
2026-06-01 13:41:09 UTC,,29.82389,,,,,8,47.22396,100.884,11,11,,,
2026-06-01 13:42:09 UTC,,29.84692,,,,,8,47.44147,100.884,11,11,,,
2026-06-01 13:43:09 UTC,,29.87911,,,,,8,47.25699,100.886,11,11,,,
2026-06-01 13:44:09 UTC,,29.91477,,,,,8,47.34605,100.887,11,11,,,
2026-06-01 13:45:10 UTC,,29.92613,,,,,9,47.65344,100.887,13,13,,,
2026-06-01 13:46:10 UTC,,29.93055,,,,,8,47.96048,100.888,11,11,,,
2026-06-01 13:47:10 UTC,,29.9621,,,,,8,47.66457,100.888,11,11,,,
2026-06-01 13:48:10 UTC,,29.98798,,,,,8,47.72003,100.888,11,11,,,
2026-06-01 13:49:10 UTC,,30.01922,,,,,8,47.67842,100.888,11,11,,,
2026-06-01 13:50:10 UTC,,30.06055,,,,,8,47.70979,100.887,11,11,,,
2026-06-01 13:51:10 UTC,,30.08674,,,,,8,47.90882,100.886,11,11,,,
2026-06-01 13:52:10 UTC,,30.12997,,,,,8,47.79696,100.886,11,11,,,
2026-06-01 13:53:10 UTC,,30.171,,,,,8,47.92621,100.886,11,11,,,
2026-06-01 13:54:10 UTC,,30.20382,,,,,8,47.9435,100.886,11,11,,,
2026-06-01 13:55:10 UTC,,30.23001,,,,,8,48.13631,100.886,11,11,,,
2026-06-01 13:56:10 UTC,,30.25872,,,,,8,48.15963,100.886,11,11,,,
2026-06-01 13:57:10 UTC,,30.28334,,,,,8,48.2282,100.887,11,11,,,
2026-06-01 13:58:11 UTC,,30.30195,,,,,7,48.4138,100.887,10,10,,,
2026-06-01 13:59:11 UTC,,30.32909,,,,,8,48.46317,100.888,11,11,,,
2026-06-01 14:00:11 UTC,,30.35497,,,,,8,48.55823,100.89,11,11,,,
2026-06-01 14:01:11 UTC,,30.40356,,,,,8,48.44667,100.891,11,11,,,
2026-06-01 14:02:11 UTC,,30.43196,,,,,8,48.7125,100.892,11,11,,,
2026-06-01 14:03:11 UTC,,30.44932,,,,,8,48.84597,100.893,11,11,,,
2026-06-01 14:04:11 UTC,,30.45437,,,,,8,49.17507,100.895,11,11,,,
2026-06-01 14:05:11 UTC,,30.46068,,,,,8,49.33375,100.895,11,11,,,
2026-06-01 14:06:11 UTC,,30.46983,,,,,8,49.3613,100.895,11,11,,,
2026-06-01 14:07:11 UTC,,30.48845,,,,,8,49.47567,100.896,11,11,,,
2026-06-01 14:08:11 UTC,,30.50044,,,,,8,49.52337,100.897,11,11,,,
2026-06-01 14:09:11 UTC,,30.52032,,,,,7,49.59189,100.897,10,10,,,
2026-06-01 14:10:12 UTC,,30.56986,,,,,7,50.10005,100.898,10,10,,,
2026-06-01 14:11:12 UTC,,30.56166,,,,,9,51.77843,100.897,13,13,,,
2026-06-01 14:12:12 UTC,,30.52127,,,,,9,50.76215,100.897,13,13,,,
2026-06-01 14:13:12 UTC,,30.43796,,,,,8,50.07579,100.897,11,11,,,
2026-06-01 14:14:12 UTC,,30.34645,,,,,8,49.23973,100.897,11,11,,,
2026-06-01 14:15:12 UTC,,30.22496,,,,,8,48.57403,100.896,11,11,,,
2026-06-01 14:16:12 UTC,,30.13282,,,,,8,47.84951,100.895,11,11,,,
2026-06-01 14:17:12 UTC,,30.03342,,,,,8,47.21163,100.895,11,11,,,
2026-06-01 14:18:12 UTC,,29.91603,,,,,9,46.76183,100.895,13,13,,,
2026-06-01 14:19:12 UTC,,29.76898,,,,,8,46.35486,100.895,12,12,,,
2026-06-01 14:20:12 UTC,,29.63992,,,,,8,45.88031,100.894,11,11,,,
2026-06-01 14:21:12 UTC,,29.52443,,,,,9,45.46034,100.894,13,13,,,
2026-06-01 14:22:13 UTC,,29.41556,,,,,8,45.00383,100.893,11,11,,,
2026-06-01 14:23:13 UTC,,29.28965,,,,,8,45.12958,100.892,11,11,,,
2026-06-01 14:24:13 UTC,,29.24264,,,,,8,44.89939,100.891,11,11,,,
2026-06-01 14:25:13 UTC,,29.20824,,,,,8,45.12604,100.891,11,11,,,
2026-06-01 14:26:13 UTC,,29.22213,,,,,8,45.07,100.891,11,11,,,
2026-06-01 14:27:13 UTC,,29.20635,,,,,8,46.291,100.891,11,11,,,
2026-06-01 14:28:13 UTC,,29.20856,,,,,9,46.33649,100.892,13,13,,,
2026-06-01 14:29:13 UTC,,29.22591,,,,,8,46.30637,100.892,11,11,,,
2026-06-01 14:30:13 UTC,,29.26062,,,,,8,46.41408,100.892,11,11,,,
2026-06-01 14:31:13 UTC,,29.27324,,,,,8,47.70016,100.892,11,11,,,
2026-06-01 14:32:13 UTC,,29.25463,,,,,8,46.88582,100.892,11,11,,,
2026-06-01 14:33:13 UTC,,29.22307,,,,,8,46.22851,100.892,11,11,,,
2026-06-01 14:34:14 UTC,,29.16469,,,,,8,45.76347,100.89,11,11,,,
2026-06-01 14:35:14 UTC,,29.07887,,,,,8,45.34774,100.889,11,11,,,
2026-06-01 14:36:14 UTC,,28.98641,,,,,7,44.82342,100.889,10,10,,,
2026-06-01 14:37:14 UTC,,28.92361,,,,,8,44.36823,100.888,11,11,,,
2026-06-01 14:38:14 UTC,,28.81128,,,,,8,44.31004,100.887,11,11,,,
2026-06-01 14:39:14 UTC,,28.69011,,,,,7,44.51897,100.886,10,10,,,
2026-06-01 14:40:14 UTC,,28.68758,,,,,7,44.39731,100.884,10,10,,,
2026-06-01 14:41:14 UTC,,28.74091,,,,,7,43.95734,100.883,10,10,,,
2026-06-01 14:42:14 UTC,,28.78445,,,,,7,44.74774,100.882,10,10,,,
2026-06-01 14:43:14 UTC,,28.77657,,,,,8,45.79284,100.882,11,11,,,
2026-06-01 14:44:14 UTC,,28.81254,,,,,8,45.45,100.881,11,11,,,
2026-06-01 14:45:14 UTC,,28.84473,,,,,8,45.40897,100.881,11,11,,,
2026-06-01 14:46:15 UTC,,28.86682,,,,,8,46.32621,100.88,11,11,,,
2026-06-01 14:47:15 UTC,,28.90436,,,,,7,46.78349,100.88,10,10,,,
2026-06-01 14:48:15 UTC,,28.91699,,,,,7,46.97292,100.88,10,10,,,
2026-06-01 14:49:15 UTC,,28.94223,,,,,8,46.95665,100.88,11,11,,,
2026-06-01 14:50:15 UTC,,28.98704,,,,,8,47.50106,100.88,11,11,,,
2026-06-01 14:51:15 UTC,,28.98925,,,,,8,47.89182,100.88,11,11,,,
2026-06-01 14:52:15 UTC,,28.95201,,,,,7,47.12646,100.878,10,10,,,
2026-06-01 14:53:15 UTC,,28.90752,,,,,7,46.53157,100.878,10,10,,,
2026-06-01 14:54:15 UTC,,28.84504,,,,,7,45.99451,100.878,10,10,,,
2026-06-01 14:55:15 UTC,,28.77152,,,,,7,45.43855,100.876,10,10,,,
2026-06-01 14:56:15 UTC,,28.70935,,,,,7,44.92427,100.874,10,10,,,
2026-06-01 14:57:15 UTC,,28.62289,,,,,7,44.79857,100.873,10,10,,,
2026-06-01 14:58:15 UTC,,28.59575,,,,,7,44.9233,100.871,10,10,,,
2026-06-01 14:59:16 UTC,,28.60081,,,,,7,44.76392,100.871,10,10,,,
2026-06-01 15:00:16 UTC,,28.61595,,,,,8,44.51643,100.87,11,11,,,
2026-06-01 15:01:16 UTC,,28.61911,,,,,7,46.2567,100.869,10,10,,,
2026-06-01 15:02:16 UTC,,28.61532,,,,,6,46.23687,100.869,9,9,,,
2026-06-01 15:03:16 UTC,,28.67307,,,,,7,45.90239,100.869,10,10,,,
2026-06-01 15:04:16 UTC,,28.72545,,,,,7,45.84447,100.869,10,10,,,
2026-06-01 15:05:16 UTC,,28.73744,,,,,7,47.45639,100.869,10,10,,,
2026-06-01 15:06:16 UTC,,28.73681,,,,,7,47.37188,100.869,10,10,,,
2026-06-01 15:07:16 UTC,,28.76836,,,,,7,47.29795,100.871,10,10,,,
2026-06-01 15:08:16 UTC,,28.82579,,,,,7,47.10406,100.871,10,10,,,
2026-06-01 15:09:16 UTC,,28.8523,,,,,7,48.12199,100.871,10,10,,,
2026-06-01 15:10:16 UTC,,28.83968,,,,,7,47.90528,100.872,10,10,,,
2026-06-01 15:11:17 UTC,,28.79645,,,,,7,47.09388,100.871,10,10,,,
2026-06-01 15:12:17 UTC,,28.75543,,,,,7,46.41566,100.871,10,10,,,
2026-06-01 15:13:17 UTC,,28.67149,,,,,7,45.92152,100.87,10,10,,,
2026-06-01 15:14:17 UTC,,28.58913,,,,,7,45.64755,100.87,10,10,,,
2026-06-01 15:15:17 UTC,,28.47585,,,,,7,45.90384,100.869,10,10,,,
2026-06-01 15:16:17 UTC,,28.46701,,,,,7,45.56829,100.868,10,10,,,
2026-06-01 15:17:17 UTC,,28.48058,,,,,7,45.28104,100.866,10,10,,,
2026-06-01 15:18:17 UTC,,28.52002,,,,,7,45.23453,100.866,10,10,,,
2026-06-01 15:19:17 UTC,,28.53233,,,,,7,46.42666,100.864,10,10,,,
2026-06-01 15:20:17 UTC,,28.55347,,,,,7,46.54556,100.863,10,10,,,
2026-06-01 15:21:17 UTC,,28.59449,,,,,7,46.4021,100.864,10,10,,,
2026-06-01 15:22:17 UTC,,28.63867,,,,,7,46.35594,100.863,10,10,,,
2026-06-01 15:23:18 UTC,,28.67622,,,,,7,47.65664,100.862,10,10,,,
2026-06-01 15:24:18 UTC,,28.67212,,,,,6,47.76672,100.861,8,8,,,
2026-06-01 15:25:18 UTC,,28.71409,,,,,7,47.51842,100.86,10,10,,,
2026-06-01 15:26:18 UTC,,28.76079,,,,,7,47.53084,100.861,10,10,,,
2026-06-01 15:27:18 UTC,,28.78951,,,,,7,48.62987,100.861,10,10,,,
2026-06-01 15:28:18 UTC,,28.78225,,,,,6,48.00219,100.863,8,8,,,
2026-06-01 15:29:18 UTC,,28.73586,,,,,7,47.36526,100.862,10,10,,,
2026-06-01 15:30:18 UTC,,28.68285,,,,,7,46.61989,100.861,10,10,,,
2026-06-01 15:31:18 UTC,,28.60081,,,,,6,46.18347,100.86,8,8,,,
2026-06-01 15:32:18 UTC,,28.53138,,,,,7,45.74335,100.86,10,10,,,
2026-06-01 15:33:18 UTC,,28.44966,,,,,7,45.98431,100.858,10,10,,,
2026-06-01 15:34:18 UTC,,28.40264,,,,,7,45.92702,100.858,10,10,,,
2026-06-01 15:35:19 UTC,,28.45313,,,,,7,45.4574,100.857,10,10,,,
2026-06-01 15:36:19 UTC,,28.48815,,,,,7,46.13083,100.856,10,10,,,
2026-06-01 15:37:19 UTC,,28.47743,,,,,7,46.92419,100.855,10,10,,,
2026-06-01 15:38:19 UTC,,28.50835,,,,,7,46.83743,100.855,10,10,,,
2026-06-01 15:39:19 UTC,,28.54369,,,,,7,46.7642,100.856,10,10,,,
2026-06-01 15:40:19 UTC,,28.58629,,,,,7,47.47623,100.857,10,10,,,
2026-06-01 15:41:19 UTC,,28.6494,,,,,7,47.71828,100.857,10,10,,,
2026-06-01 15:42:19 UTC,,28.66013,,,,,6,48.05175,100.858,8,8,,,
2026-06-01 15:43:19 UTC,,28.67054,,,,,6,48.03352,100.859,8,8,,,
2026-06-01 15:44:19 UTC,,28.69863,,,,,6,48.44167,100.859,8,8,,,
2026-06-01 15:45:19 UTC,,28.68853,,,,,6,48.88512,100.859,8,8,,,
2026-06-01 15:46:19 UTC,,28.66675,,,,,6,48.15039,100.859,8,8,,,
2026-06-01 15:47:19 UTC,,28.60491,,,,,7,47.51757,100.859,10,10,,,
2026-06-01 15:48:19 UTC,,28.5134,,,,,7,46.87043,100.858,10,10,,,
2026-06-01 15:49:20 UTC,,28.46449,,,,,7,46.11502,100.858,10,10,,,
2026-06-01 15:50:20 UTC,,28.37266,,,,,6,46.81398,100.859,8,8,,,
2026-06-01 15:51:20 UTC,,28.36036,,,,,6,46.43112,100.859,8,8,,,
2026-06-01 15:52:20 UTC,,28.41147,,,,,6,46.01181,100.859,9,9,,,
2026-06-01 15:53:20 UTC,,28.42441,,,,,7,46.65228,100.858,10,10,,,
2026-06-01 15:54:20 UTC,,28.43924,,,,,7,47.56806,100.857,10,10,,,
2026-06-01 15:55:20 UTC,,28.46417,,,,,6,47.40234,100.856,8,8,,,
2026-06-01 15:56:20 UTC,,28.50204,,,,,6,47.1865,100.856,8,8,,,
2026-06-01 15:57:20 UTC,,28.55221,,,,,6,47.74496,100.856,9,9,,,
2026-06-01 15:58:20 UTC,,28.58692,,,,,6,48.29673,100.856,8,8,,,
2026-06-01 15:59:20 UTC,,28.58503,,,,,7,48.50544,100.855,10,10,,,
2026-06-01 16:00:20 UTC,,28.63173,,,,,6,48.36776,100.855,8,8,,,
2026-06-01 16:01:20 UTC,,28.66265,,,,,6,48.79666,100.854,8,8,,,
2026-06-01 16:02:21 UTC,,28.66802,,,,,7,49.21015,100.854,10,10,,,
2026-06-01 16:03:21 UTC,,28.64782,,,,,7,48.41555,100.854,10,10,,,
2026-06-01 16:04:21 UTC,,28.60017,,,,,7,47.74454,100.853,10,10,,,
2026-06-01 16:05:21 UTC,,28.55442,,,,,6,46.99862,100.851,9,9,,,
2026-06-01 16:06:21 UTC,,28.45628,,,,,7,46.9604,100.852,10,10,,,
2026-06-01 16:07:21 UTC,,28.46007,,,,,7,46.70846,100.852,10,10,,,
2026-06-01 16:08:21 UTC,,28.49636,,,,,7,46.41573,100.853,10,10,,,
2026-06-01 16:09:21 UTC,,28.52223,,,,,7,46.4254,100.853,10,10,,,
2026-06-01 16:10:21 UTC,,28.49793,,,,,7,47.89425,100.854,10,10,,,
2026-06-01 16:11:21 UTC,,28.49289,,,,,7,47.95221,100.855,10,10,,,
2026-06-01 16:12:21 UTC,,28.50772,,,,,7,47.81087,100.857,10,10,,,
2026-06-01 16:13:21 UTC,,28.54211,,,,,7,47.73716,100.859,10,10,,,
2026-06-01 16:14:22 UTC,,28.55821,,,,,8,48.94025,100.859,11,11,,,
2026-06-01 16:15:22 UTC,,28.56168,,,,,7,48.35223,100.86,10,10,,,
2026-06-01 16:16:22 UTC,,28.48532,,,,,7,48.08807,100.861,10,10,,,
2026-06-01 16:17:22 UTC,,28.44208,,,,,7,47.30868,100.861,10,10,,,
2026-06-01 16:18:22 UTC,,28.3187,,,,,7,47.44889,100.86,10,10,,,
2026-06-01 16:19:22 UTC,,28.26853,,,,,7,47.37764,100.859,10,10,,,
2026-06-01 16:20:22 UTC,,28.31618,,,,,7,46.83928,100.858,10,10,,,
2026-06-01 16:21:22 UTC,,28.35531,,,,,8,46.93479,100.857,11,11,,,
2026-06-01 16:22:22 UTC,,28.34048,,,,,8,48.19341,100.857,11,11,,,
2026-06-01 16:23:22 UTC,,28.35878,,,,,7,48.03932,100.855,10,10,,,
2026-06-01 16:24:22 UTC,,28.44114,,,,,8,47.76337,100.856,11,11,,,
2026-06-01 16:25:22 UTC,,28.50204,,,,,8,47.73208,100.856,11,11,,,
2026-06-01 16:26:23 UTC,,28.53264,,,,,7,48.97624,100.856,10,10,,,
2026-06-01 16:27:23 UTC,,28.57462,,,,,8,48.70675,100.856,11,11,,,
2026-06-01 16:28:23 UTC,,28.61122,,,,,7,48.84236,100.856,10,10,,,
2026-06-01 16:29:23 UTC,,28.6595,,,,,7,48.82243,100.858,10,10,,,
2026-06-01 16:30:23 UTC,,28.68663,,,,,7,49.42918,100.858,10,10,,,
2026-06-01 16:31:23 UTC,,28.65729,,,,,8,48.88761,100.857,11,11,,,
2026-06-01 16:32:23 UTC,,28.62005,,,,,8,48.04011,100.855,11,11,,,
2026-06-01 16:33:23 UTC,,28.54779,,,,,8,47.48435,100.856,11,11,,,
2026-06-01 16:34:23 UTC,,28.47869,,,,,8,46.87255,100.854,11,11,,,
2026-06-01 16:35:23 UTC,,28.41147,,,,,7,46.59896,100.853,10,10,,,
2026-06-01 16:36:23 UTC,,28.36414,,,,,7,46.7547,100.853,10,10,,,
2026-06-01 16:37:23 UTC,,28.38749,,,,,8,46.51198,100.853,11,11,,,
2026-06-01 16:38:24 UTC,,28.41652,,,,,8,46.57374,100.853,11,11,,,
2026-06-01 16:39:24 UTC,,28.41021,,,,,8,47.9612,100.852,11,11,,,
2026-06-01 16:40:24 UTC,,28.40359,,,,,8,47.77161,100.851,11,11,,,
2026-06-01 16:41:24 UTC,,28.41999,,,,,8,47.88432,100.85,11,11,,,
2026-06-01 16:42:24 UTC,,28.44839,,,,,7,47.8684,100.848,10,10,,,
2026-06-01 16:43:24 UTC,,28.48468,,,,,7,48.84562,100.848,10,10,,,
2026-06-01 16:44:24 UTC,,28.54053,,,,,8,48.48012,100.848,11,11,,,
2026-06-01 16:45:24 UTC,,28.57619,,,,,8,48.62194,100.847,11,11,,,
2026-06-01 16:46:24 UTC,,28.62668,,,,,8,48.66116,100.848,11,11,,,
2026-06-01 16:47:24 UTC,,28.63015,,,,,8,49.84259,100.848,11,11,,,
2026-06-01 16:48:24 UTC,,28.60743,,,,,8,48.82224,100.848,11,11,,,
2026-06-01 16:49:24 UTC,,28.53643,,,,,9,48.15979,100.846,13,13,,,
2026-06-01 16:50:25 UTC,,28.47427,,,,,9,47.566,100.845,13,13,,,
2026-06-01 16:51:25 UTC,,28.38686,,,,,9,47.21738,100.846,13,13,,,
2026-06-01 16:52:25 UTC,,28.30861,,,,,8,47.71402,100.846,11,11,,,
2026-06-01 16:53:25 UTC,,28.33133,,,,,9,47.2104,100.846,13,13,,,
2026-06-01 16:54:25 UTC,,28.37329,,,,,9,47.0018,100.846,13,13,,,
2026-06-01 16:55:25 UTC,,28.37897,,,,,9,48.26355,100.846,13,13,,,
2026-06-01 16:56:25 UTC,,28.37266,,,,,9,48.51732,100.844,13,13,,,
2026-06-01 16:57:25 UTC,,28.36856,,,,,9,48.37967,100.844,13,13,,,
2026-06-01 16:58:25 UTC,,28.42946,,,,,9,48.06137,100.843,13,13,,,
2026-06-01 16:59:25 UTC,,28.46891,,,,,9,49.11212,100.842,13,13,,,
2026-06-01 17:00:25 UTC,,28.50488,,,,,9,49.2873,100.84,13,13,,,
2026-06-01 17:01:25 UTC,,28.5093,,,,,9,49.34037,100.839,13,13,,,
2026-06-01 17:02:25 UTC,,28.56104,,,,,9,49.1372,100.838,13,13,,,
2026-06-01 17:03:26 UTC,,28.57493,,,,,8,50.16468,100.838,11,11,,,
2026-06-01 17:04:26 UTC,,28.53927,,,,,9,49.66618,100.837,13,13,,,
2026-06-01 17:05:26 UTC,,28.49793,,,,,9,48.79498,100.836,13,13,,,
2026-06-01 17:06:26 UTC,,28.4241,,,,,8,48.1715,100.835,11,11,,,
2026-06-01 17:07:26 UTC,,28.36793,,,,,9,47.49407,100.834,13,13,,,
2026-06-01 17:08:26 UTC,,28.2821,,,,,9,47.0681,100.833,13,13,,,
2026-06-01 17:09:26 UTC,,28.22467,,,,,10,47.41105,100.832,14,14,,,
2026-06-01 17:10:26 UTC,,28.22845,,,,,9,47.09376,100.829,13,13,,,
2026-06-01 17:11:26 UTC,,28.28084,,,,,9,46.77663,100.827,13,13,,,
2026-06-01 17:12:26 UTC,,28.31586,,,,,9,47.66942,100.825,13,13,,,
2026-06-01 17:13:26 UTC,,28.31082,,,,,9,48.00715,100.823,13,13,,,
2026-06-01 17:14:26 UTC,,28.34553,,,,,9,47.93994,100.822,13,13,,,
2026-06-01 17:15:27 UTC,,28.40863,,,,,10,47.72671,100.821,14,14,,,
2026-06-01 17:16:27 UTC,,28.40516,,,,,9,49.16284,100.82,13,13,,,
2026-06-01 17:17:27 UTC,,28.42473,,,,,9,48.97535,100.819,13,13,,,
2026-06-01 17:18:27 UTC,,28.45344,,,,,10,49.03802,100.817,14,14,,,
2026-06-01 17:19:27 UTC,,28.51782,,,,,9,48.91537,100.815,13,13,,,
2026-06-01 17:20:27 UTC,,28.56073,,,,,9,49.59667,100.814,13,13,,,
2026-06-01 17:21:27 UTC,,28.57241,,,,,9,48.99449,100.813,13,13,,,
2026-06-01 17:22:27 UTC,,28.55126,,,,,10,48.33132,100.812,14,14,,,
2026-06-01 17:23:27 UTC,,28.48184,,,,,9,47.78806,100.81,13,13,,,
2026-06-01 17:24:27 UTC,,28.38371,,,,,9,47.45061,100.808,13,13,,,
2026-06-01 17:25:27 UTC,,28.33259,,,,,10,47.25595,100.806,14,14,,,
2026-06-01 17:26:27 UTC,,28.29882,,,,,10,47.10259,100.804,14,14,,,
2026-06-01 17:27:28 UTC,,28.32564,,,,,9,46.93755,100.804,13,13,,,
2026-06-01 17:28:28 UTC,,28.32975,,,,,9,47.3594,100.804,13,13,,,
2026-06-01 17:29:28 UTC,,28.34805,,,,,9,48.18134,100.804,13,13,,,
2026-06-01 17:30:28 UTC,,28.35057,,,,,9,48.08389,100.805,13,13,,,
2026-06-01 17:31:28 UTC,,28.37929,,,,,9,48.10059,100.805,13,13,,,
2026-06-01 17:32:28 UTC,,28.4039,,,,,9,48.36462,100.804,13,13,,,
2026-06-01 17:33:28 UTC,,28.45029,,,,,10,49.14903,100.804,14,14,,,
2026-06-01 17:34:28 UTC,,28.48626,,,,,10,48.8851,100.804,14,14,,,
2026-06-01 17:35:28 UTC,,28.51908,,,,,10,48.96793,100.804,14,14,,,
2026-06-01 17:36:28 UTC,,28.56578,,,,,10,49.21651,100.803,14,14,,,
2026-06-01 17:37:28 UTC,,28.57051,,,,,9,49.87423,100.803,13,13,,,
2026-06-01 17:38:28 UTC,,28.52097,,,,,10,49.09266,100.803,14,14,,,
2026-06-01 17:39:29 UTC,,28.46449,,,,,10,48.51606,100.802,14,14,,,
2026-06-01 17:40:29 UTC,,28.35973,,,,,10,47.84411,100.8,14,14,,,
2026-06-01 17:41:29 UTC,,28.3329,,,,,10,48.12725,100.8,14,14,,,
2026-06-01 17:42:29 UTC,,28.33164,,,,,10,47.99027,100.799,14,14,,,
2026-06-01 17:43:29 UTC,,28.36477,,,,,10,47.7992,100.799,14,14,,,
2026-06-01 17:44:29 UTC,,28.39349,,,,,10,48.59187,100.799,14,14,,,
2026-06-01 17:45:29 UTC,,28.41684,,,,,10,48.67332,100.8,14,14,,,
2026-06-01 17:46:29 UTC,,28.44366,,,,,10,48.70293,100.8,14,14,,,
2026-06-01 17:47:29 UTC,,28.50551,,,,,10,48.49521,100.8,14,14,,,
2026-06-01 17:48:29 UTC,,28.51939,,,,,10,49.56498,100.8,14,14,,,
2026-06-01 17:49:29 UTC,,28.4831,,,,,10,49.26479,100.799,14,14,,,
2026-06-01 17:50:29 UTC,,28.44713,,,,,10,48.42892,100.798,14,14,,,
2026-06-01 17:51:30 UTC,,28.3815,,,,,10,47.82735,100.795,14,14,,,
2026-06-01 17:52:30 UTC,,28.30419,,,,,10,47.84355,100.793,14,14,,,
2026-06-01 17:53:30 UTC,,28.27421,,,,,10,47.85926,100.793,14,14,,,
2026-06-01 17:54:30 UTC,,28.33038,,,,,10,47.31406,100.792,14,14,,,
2026-06-01 17:55:30 UTC,,28.36036,,,,,10,47.62957,100.791,14,14,,,
2026-06-01 17:56:30 UTC,,28.37077,,,,,10,48.44524,100.79,14,14,,,
2026-06-01 17:57:30 UTC,,28.41116,,,,,10,48.35903,100.79,14,14,,,
2026-06-01 17:58:30 UTC,,28.43956,,,,,10,48.41489,100.79,14,14,,,
2026-06-01 17:59:30 UTC,,28.48342,,,,,10,48.68191,100.79,14,14,,,
2026-06-01 18:00:30 UTC,,28.51434,,,,,10,49.40011,100.789,14,14,,,
2026-06-01 18:01:30 UTC,,28.53927,,,,,10,49.33772,100.789,14,14,,,
2026-06-01 18:02:30 UTC,,28.54937,,,,,10,49.56233,100.789,14,14,,,
2026-06-01 18:03:30 UTC,,28.58818,,,,,10,49.61342,100.789,14,14,,,
2026-06-01 18:04:31 UTC,,28.57998,,,,,10,50.08624,100.788,14,14,,,
2026-06-01 18:05:31 UTC,,28.56452,,,,,10,49.15732,100.788,14,14,,,
2026-06-01 18:06:31 UTC,,28.51403,,,,,10,48.45058,100.787,14,15,,,
2026-06-01 18:07:31 UTC,,28.44745,,,,,10,47.80972,100.787,14,14,,,
2026-06-01 18:08:31 UTC,,28.36824,,,,,10,47.83217,100.787,14,14,,,
2026-06-01 18:09:31 UTC,,28.33259,,,,,10,47.80162,100.786,14,14,,,
2026-06-01 18:10:31 UTC,,28.35184,,,,,10,47.56349,100.786,14,14,,,
2026-06-01 18:11:31 UTC,,28.36635,,,,,10,47.77338,100.785,14,14,,,
2026-06-01 18:12:31 UTC,,28.40264,,,,,10,48.42974,100.785,14,14,,,
2026-06-01 18:13:31 UTC,,28.38812,,,,,10,48.80696,100.785,14,14,,,
2026-06-01 18:14:31 UTC,,28.39254,,,,,10,48.65711,100.784,14,14,,,
2026-06-01 18:15:31 UTC,,28.41999,,,,,10,49.05989,100.784,14,14,,,
2026-06-01 18:16:32 UTC,,28.43041,,,,,10,49.9743,100.785,14,14,,,
2026-06-01 18:17:32 UTC,,28.46386,,,,,10,49.55771,100.785,14,14,,,
2026-06-01 18:18:32 UTC,,28.50267,,,,,10,49.6285,100.786,14,14,,,
2026-06-01 18:19:32 UTC,,28.53264,,,,,10,49.96801,100.786,14,15,,,
2026-06-01 18:20:32 UTC,,28.53517,,,,,10,50.42332,100.786,14,14,,,
2026-06-01 18:21:32 UTC,,28.50519,,,,,10,49.50399,100.785,14,14,,,
2026-06-01 18:22:32 UTC,,28.4465,,,,,11,48.86032,100.784,15,17,,,
2026-06-01 18:23:32 UTC,,28.37708,,,,,11,48.12637,100.784,15,17,,,
2026-06-01 18:24:32 UTC,,28.27831,,,,,10,48.45295,100.782,14,15,,,
2026-06-01 18:25:32 UTC,,28.25307,,,,,10,48.28005,100.781,14,14,,,
2026-06-01 18:26:32 UTC,,28.29346,,,,,10,47.80965,100.781,14,14,,,
2026-06-01 18:27:32 UTC,,28.32186,,,,,10,48.16494,100.781,14,15,,,
2026-06-01 18:28:33 UTC,,28.33133,,,,,10,49.02219,100.781,14,15,,,
2026-06-01 18:29:33 UTC,,28.34805,,,,,10,48.89341,100.78,14,15,,,
2026-06-01 18:30:33 UTC,,28.39191,,,,,10,48.80091,100.78,14,14,,,
2026-06-01 18:31:33 UTC,,28.42757,,,,,10,49.17229,100.78,14,14,,,
2026-06-01 18:32:33 UTC,,28.45502,,,,,10,49.79982,100.781,14,15,,,
2026-06-01 18:33:33 UTC,,28.47458,,,,,10,49.80238,100.781,14,14,,,
2026-06-01 18:34:33 UTC,,28.49604,,,,,10,49.62107,100.781,14,15,,,
2026-06-01 18:35:33 UTC,,28.52791,,,,,10,50.17825,100.781,14,15,,,
2026-06-01 18:36:33 UTC,,28.54716,,,,,10,50.3325,100.78,14,15,,,
2026-06-01 18:37:33 UTC,,28.54274,,,,,10,49.39069,100.78,14,15,,,
2026-06-01 18:38:33 UTC,,28.51182,,,,,10,48.50909,100.779,14,14,,,
2026-06-01 18:39:33 UTC,,28.42978,,,,,11,48.21787,100.778,15,17,,,
2026-06-01 18:40:34 UTC,,28.33006,,,,,11,48.42043,100.776,15,17,,,
2026-06-01 18:41:34 UTC,,28.28715,,,,,10,48.42797,100.776,14,15,,,
2026-06-01 18:42:34 UTC,,28.31429,,,,,10,47.90341,100.774,14,14,,,
2026-06-01 18:43:34 UTC,,28.36099,,,,,10,48.21559,100.773,14,14,,,
2026-06-01 18:44:34 UTC,,28.36225,,,,,11,49.00655,100.773,15,17,,,
2026-06-01 18:45:34 UTC,,28.36604,,,,,10,48.93501,100.772,14,15,,,
2026-06-01 18:46:34 UTC,,28.41526,,,,,11,48.69273,100.772,15,17,,,
2026-06-01 18:47:34 UTC,,28.44492,,,,,10,49.55523,100.772,14,15,,,
2026-06-01 18:48:34 UTC,,28.48973,,,,,10,49.85043,100.772,14,14,,,
2026-06-01 18:49:34 UTC,,28.51056,,,,,10,49.74133,100.772,14,15,,,
2026-06-01 18:50:34 UTC,,28.53833,,,,,11,49.90949,100.771,16,18,,,
2026-06-01 18:51:34 UTC,,28.58345,,,,,11,50.24495,100.771,15,17,,,
2026-06-01 18:52:34 UTC,,28.5926,,,,,11,50.30554,100.771,15,17,,,
2026-06-01 18:53:34 UTC,,28.56673,,,,,11,49.46605,100.77,15,17,,,
2026-06-01 18:54:35 UTC,,28.50551,,,,,11,48.84177,100.77,16,18,,,
2026-06-01 18:55:35 UTC,,28.44587,,,,,10,48.59209,100.769,14,15,,,
2026-06-01 18:56:35 UTC,,28.41747,,,,,10,48.49042,100.77,14,15,,,
2026-06-01 18:57:35 UTC,,28.44524,,,,,11,48.23942,100.771,15,17,,,
2026-06-01 18:58:35 UTC,,28.45029,,,,,11,48.4228,100.771,15,17,,,
2026-06-01 18:59:35 UTC,,28.46638,,,,,11,49.28229,100.771,16,18,,,
2026-06-01 19:00:35 UTC,,28.44903,,,,,10,49.42442,100.77,14,15,,,
2026-06-01 19:01:35 UTC,,28.44871,,,,,10,49.42437,100.77,14,15,,,
2026-06-01 19:02:35 UTC,,28.4383,,,,,11,49.65952,100.77,16,18,,,
2026-06-01 19:03:35 UTC,,28.45092,,,,,11,50.37915,100.769,16,18,,,
2026-06-01 19:04:35 UTC,,28.4506,,,,,11,49.3196,100.769,15,17,,,
2026-06-01 19:05:35 UTC,,28.39791,,,,,11,48.68395,100.769,16,18,,,
2026-06-01 19:06:36 UTC,,28.33953,,,,,11,48.20633,100.769,16,18,,,
2026-06-01 19:07:36 UTC,,28.23729,,,,,11,48.48033,100.768,16,18,,,
2026-06-01 19:08:36 UTC,,28.23445,,,,,11,48.01696,100.768,16,18,,,
2026-06-01 19:09:36 UTC,,28.25843,,,,,11,47.79219,100.768,16,18,,,
2026-06-01 19:10:36 UTC,,28.3023,,,,,11,48.03863,100.768,16,18,,,
2026-06-01 19:11:36 UTC,,28.30324,,,,,11,49.01201,100.767,16,18,,,
2026-06-01 19:12:36 UTC,,28.28273,,,,,11,49.06175,100.767,15,17,,,
2026-06-01 19:13:36 UTC,,28.28873,,,,,10,49.11493,100.766,14,15,,,
2026-06-01 19:14:36 UTC,,28.3348,,,,,11,49.35701,100.765,15,17,,,
2026-06-01 19:15:36 UTC,,28.34868,,,,,10,50.13482,100.764,14,15,,,
2026-06-01 19:16:36 UTC,,28.38907,,,,,11,49.9491,100.764,15,17,,,
2026-06-01 19:17:36 UTC,,28.43577,,,,,11,49.77098,100.765,16,18,,,
2026-06-01 19:18:36 UTC,,28.48058,,,,,11,49.98749,100.765,16,18,,,
2026-06-01 19:19:37 UTC,,28.48216,,,,,11,50.48892,100.764,16,18,,,
2026-06-01 19:20:37 UTC,,28.46102,,,,,11,49.60334,100.763,16,18,,,
2026-06-01 19:21:37 UTC,,28.40453,,,,,11,48.8418,100.762,16,18,,,
2026-06-01 19:22:37 UTC,,28.36383,,,,,11,48.94781,100.76,16,18,,,
2026-06-01 19:23:37 UTC,,28.36635,,,,,11,48.56224,100.759,15,17,,,
2026-06-01 19:24:37 UTC,,28.39538,,,,,11,48.46146,100.758,16,18,,,
2026-06-01 19:25:37 UTC,,28.38749,,,,,11,49.04258,100.758,16,18,,,
2026-06-01 19:26:37 UTC,,28.38781,,,,,11,49.791,100.756,16,18,,,
2026-06-01 19:27:37 UTC,,28.38623,,,,,11,49.54756,100.756,16,18,,,
2026-06-01 19:28:37 UTC,,28.41999,,,,,11,49.42719,100.757,15,17,,,
2026-06-01 19:29:37 UTC,,28.45344,,,,,11,49.85883,100.758,16,18,,,
2026-06-01 19:30:37 UTC,,28.46733,,,,,11,50.18343,100.758,16,18,,,
2026-06-01 19:31:38 UTC,,28.45565,,,,,11,49.25464,100.757,16,18,,,
2026-06-01 19:32:38 UTC,,28.41715,,,,,11,48.52958,100.756,16,18,,,
2026-06-01 19:33:38 UTC,,28.34269,,,,,11,48.13501,100.755,16,18,,,
2026-06-01 19:34:38 UTC,,28.25812,,,,,11,48.69862,100.755,16,18,,,
2026-06-01 19:35:38 UTC,,28.27011,,,,,11,48.11923,100.754,15,17,,,
2026-06-01 19:36:38 UTC,,28.32533,,,,,11,47.83323,100.755,16,18,,,
2026-06-01 19:37:38 UTC,,28.30198,,,,,11,49.15599,100.753,16,18,,,
2026-06-01 19:38:38 UTC,,28.26727,,,,,11,49.51231,100.752,16,18,,,
2026-06-01 19:39:38 UTC,,28.27768,,,,,11,49.40206,100.752,16,18,,,
2026-06-01 19:40:38 UTC,,28.32912,,,,,11,49.21851,100.752,16,18,,,
2026-06-01 19:41:38 UTC,,28.31839,,,,,11,50.16377,100.751,16,18,,,
2026-06-01 19:42:38 UTC,,28.35121,,,,,11,50.28019,100.751,16,18,,,
2026-06-01 19:43:39 UTC,,28.38181,,,,,12,50.09305,100.75,17,19,,,
2026-06-01 19:44:39 UTC,,28.42694,,,,,11,50.14515,100.75,16,18,,,
2026-06-01 19:45:39 UTC,,28.45597,,,,,11,50.77624,100.749,16,18,,,
2026-06-01 19:46:39 UTC,,28.46102,,,,,12,50.1035,100.749,17,19,,,
2026-06-01 19:47:39 UTC,,28.43325,,,,,12,49.39609,100.747,17,19,,,
2026-06-01 19:48:39 UTC,,28.38118,,,,,11,48.67526,100.745,16,18,,,
2026-06-01 19:49:39 UTC,,28.33606,,,,,11,48.11462,100.743,16,18,,,
2026-06-01 19:50:39 UTC,,28.30009,,,,,11,48.36436,100.742,16,18,,,
2026-06-01 19:51:39 UTC,,28.30577,,,,,11,47.97395,100.741,16,18,,,
2026-06-01 19:52:39 UTC,,28.32502,,,,,11,47.90477,100.74,16,18,,,
2026-06-01 19:53:39 UTC,,28.32596,,,,,11,48.93637,100.739,16,18,,,
2026-06-01 19:54:39 UTC,,28.32502,,,,,11,49.30324,100.739,16,18,,,
2026-06-01 19:55:40 UTC,,28.3329,,,,,11,49.08791,100.739,16,18,,,
2026-06-01 19:56:40 UTC,,28.34489,,,,,12,49.20744,100.74,17,19,,,
2026-06-01 19:57:40 UTC,,28.35247,,,,,11,49.97721,100.741,16,18,,,
2026-06-01 19:58:40 UTC,,28.38939,,,,,11,50.05452,100.741,16,18,,,
2026-06-01 19:59:40 UTC,,28.41589,,,,,12,50.01849,100.741,17,19,,,
2026-06-01 20:00:40 UTC,,28.43766,,,,,11,50.10701,100.741,16,18,,,
2026-06-01 20:01:40 UTC,,28.46323,,,,,11,50.7243,100.741,16,18,,,
2026-06-01 20:02:40 UTC,,28.45912,,,,,12,50.20872,100.74,17,19,,,
2026-06-01 20:03:40 UTC,,28.44082,,,,,11,49.36427,100.74,16,18,,,
2026-06-01 20:04:40 UTC,,28.37329,,,,,11,48.75271,100.741,16,18,,,
2026-06-01 20:05:40 UTC,,28.30009,,,,,11,48.1752,100.74,16,18,,,
2026-06-01 20:06:40 UTC,,28.20321,,,,,11,48.20846,100.74,16,18,,,
2026-06-01 20:07:41 UTC,,28.10287,,,,,11,48.5545,100.74,16,18,,,
2026-06-01 20:08:41 UTC,,28.1319,,,,,12,47.97786,100.741,17,20,,,
2026-06-01 20:09:41 UTC,,28.15367,,,,,11,47.91553,100.74,16,18,,,
2026-06-01 20:10:41 UTC,,28.17324,,,,,11,48.97553,100.74,16,18,,,
2026-06-01 20:11:41 UTC,,28.17324,,,,,11,49.04756,100.739,16,18,,,
2026-06-01 20:12:41 UTC,,28.20668,,,,,11,48.90786,100.739,16,18,,,
2026-06-01 20:13:41 UTC,,28.24518,,,,,11,48.94555,100.739,16,18,,,
2026-06-01 20:14:41 UTC,,28.25275,,,,,11,50.11558,100.739,16,18,,,
2026-06-01 20:15:41 UTC,,28.27705,,,,,11,49.88831,100.739,16,18,,,
2026-06-01 20:16:41 UTC,,28.31744,,,,,11,49.86729,100.74,16,18,,,
2026-06-01 20:17:41 UTC,,28.36666,,,,,12,49.84743,100.74,17,19,,,
2026-06-01 20:18:41 UTC,,28.39475,,,,,11,50.66891,100.74,16,18,,,
2026-06-01 20:19:41 UTC,,28.39601,,,,,12,49.58169,100.739,17,19,,,
2026-06-01 20:20:42 UTC,,28.36225,,,,,12,48.92142,100.738,17,19,,,
2026-06-01 20:21:42 UTC,,28.27926,,,,,12,48.74058,100.736,17,19,,,
2026-06-01 20:22:42 UTC,,28.18838,,,,,12,49.18056,100.735,17,19,,,
2026-06-01 20:23:42 UTC,,28.20984,,,,,11,48.63359,100.735,16,18,,,
2026-06-01 20:24:42 UTC,,28.24297,,,,,12,48.45494,100.734,17,19,,,
2026-06-01 20:25:42 UTC,,28.27547,,,,,12,49.34928,100.734,17,20,,,
2026-06-01 20:26:42 UTC,,28.27137,,,,,11,49.84151,100.734,16,18,,,
2026-06-01 20:27:42 UTC,,28.28273,,,,,11,49.69831,100.734,16,18,,,
2026-06-01 20:28:42 UTC,,28.33669,,,,,12,49.37038,100.735,17,19,,,
2026-06-01 20:29:42 UTC,,28.37424,,,,,11,50.3954,100.735,16,18,,,
2026-06-01 20:30:42 UTC,,28.41147,,,,,12,50.38052,100.735,17,19,,,
2026-06-01 20:31:42 UTC,,28.42473,,,,,11,50.36908,100.735,16,18,,,
2026-06-01 20:32:43 UTC,,28.479,,,,,12,50.25751,100.735,17,19,,,
2026-06-01 20:33:43 UTC,,28.48815,,,,,11,51.15131,100.735,16,18,,,
2026-06-01 20:34:43 UTC,,28.47932,,,,,11,50.28394,100.735,16,18,,,
2026-06-01 20:35:43 UTC,,28.43641,,,,,11,49.48843,100.733,16,18,,,
2026-06-01 20:36:43 UTC,,28.3755,,,,,12,48.81188,100.734,17,19,,,
2026-06-01 20:37:43 UTC,,28.31997,,,,,11,48.08649,100.733,16,18,,,
2026-06-01 20:38:43 UTC,,28.22435,,,,,12,48.66813,100.733,17,20,,,
2026-06-01 20:39:43 UTC,,28.21173,,,,,11,48.47052,100.732,16,18,,,
2026-06-01 20:40:43 UTC,,28.25023,,,,,12,47.90828,100.734,17,19,,,
2026-06-01 20:41:43 UTC,,28.26411,,,,,11,48.85637,100.735,16,18,,,
2026-06-01 20:42:43 UTC,,28.29093,,,,,11,49.11522,100.737,16,18,,,
2026-06-01 20:43:43 UTC,,28.28021,,,,,12,49.2515,100.738,17,19,,,
2026-06-01 20:44:44 UTC,,28.3023,,,,,11,49.26093,100.74,16,18,,,
2026-06-01 20:45:44 UTC,,28.3329,,,,,11,49.9549,100.742,16,18,,,
2026-06-01 20:46:44 UTC,,28.34805,,,,,11,50.30616,100.744,16,18,,,
2026-06-01 20:47:44 UTC,,28.37014,,,,,12,50.26291,100.745,17,19,,,
2026-06-01 20:48:44 UTC,,28.39664,,,,,11,50.16751,100.746,16,18,,,
2026-06-01 20:49:44 UTC,,28.4465,,,,,11,50.63614,100.747,16,18,,,
2026-06-01 20:50:44 UTC,,28.46259,,,,,11,50.18281,100.748,16,18,,,
2026-06-01 20:51:44 UTC,,28.45818,,,,,12,49.30746,100.748,17,19,,,
2026-06-01 20:52:44 UTC,,28.40611,,,,,12,48.52815,100.748,17,20,,,
2026-06-01 20:53:44 UTC,,28.32975,,,,,11,48.21812,100.748,16,18,,,
2026-06-01 20:54:44 UTC,,28.22057,,,,,11,48.28241,100.747,16,18,,,
2026-06-01 20:55:44 UTC,,28.23193,,,,,12,47.78233,100.747,17,19,,,
2026-06-01 20:56:45 UTC,,28.26506,,,,,12,47.5785,100.748,17,20,,,
2026-06-01 20:57:45 UTC,,28.2821,,,,,11,47.86678,100.748,16,18,,,
2026-06-01 20:58:45 UTC,,28.30734,,,,,12,48.61345,100.748,17,20,,,
2026-06-01 20:59:45 UTC,,28.31744,,,,,12,48.60822,100.748,17,20,,,
2026-06-01 21:00:45 UTC,,28.35341,,,,,11,48.65861,100.748,16,18,,,
2026-06-01 21:01:45 UTC,,28.37771,,,,,11,48.76637,100.748,16,18,,,
2026-06-01 21:02:45 UTC,,28.39223,,,,,11,49.87053,100.748,16,18,,,
2026-06-01 21:03:45 UTC,,28.40611,,,,,12,49.64216,100.749,17,19,,,
2026-06-01 21:04:45 UTC,,28.39727,,,,,11,49.83171,100.749,16,18,,,
2026-06-01 21:05:45 UTC,,28.42662,,,,,11,50.15828,100.751,16,18,,,
2026-06-01 21:06:45 UTC,,28.43703,,,,,11,50.66132,100.752,16,18,,,
2026-06-01 21:07:45 UTC,,28.41715,,,,,11,49.57132,100.753,16,18,,,
2026-06-01 21:08:46 UTC,,28.36604,,,,,12,48.89573,100.753,17,19,,,
2026-06-01 21:09:46 UTC,,28.28399,,,,,12,48.42104,100.754,17,20,,,
2026-06-01 21:10:46 UTC,,28.25528,,,,,11,48.56103,100.755,16,18,,,
2026-06-01 21:11:46 UTC,,28.30135,,,,,12,48.11019,100.755,17,19,,,
2026-06-01 21:12:46 UTC,,28.33984,,,,,11,48.12162,100.756,16,18,,,
2026-06-01 21:13:46 UTC,,28.3348,,,,,11,49.15369,100.758,16,18,,,
2026-06-01 21:14:46 UTC,,28.35057,,,,,11,49.27377,100.759,16,18,,,
2026-06-01 21:15:46 UTC,,28.3572,,,,,11,49.29432,100.76,16,18,,,
2026-06-01 21:16:46 UTC,,28.40832,,,,,11,49.11081,100.762,16,18,,,
2026-06-01 21:17:46 UTC,,28.43483,,,,,11,50.15936,100.764,16,18,,,
2026-06-01 21:18:46 UTC,,28.43451,,,,,12,50.3044,100.765,17,20,,,
2026-06-01 21:19:46 UTC,,28.45628,,,,,11,50.1556,100.766,16,18,,,
2026-06-01 21:20:46 UTC,,28.50519,,,,,12,50.08297,100.768,17,19,,,
2026-06-01 21:21:47 UTC,,28.51876,,,,,12,50.8971,100.769,17,19,,,
2026-06-01 21:22:47 UTC,,28.50866,,,,,12,50.13615,100.769,17,19,,,
2026-06-01 21:23:47 UTC,,28.47332,,,,,12,49.21759,100.77,17,19,,,
2026-06-01 21:24:47 UTC,,28.41084,,,,,11,48.48957,100.77,16,18,,,
2026-06-01 21:25:47 UTC,,28.34584,,,,,11,47.92045,100.77,16,18,,,
2026-06-01 21:26:47 UTC,,28.22435,,,,,12,47.96358,100.77,17,20,,,
2026-06-01 21:27:47 UTC,,28.17607,,,,,12,47.92489,100.769,17,20,,,
2026-06-01 21:28:47 UTC,,28.19027,,,,,11,47.54956,100.771,16,18,,,
2026-06-01 21:29:47 UTC,,28.20763,,,,,11,47.74023,100.771,16,18,,,
2026-06-01 21:30:47 UTC,,28.23666,,,,,11,48.77433,100.773,16,18,,,
2026-06-01 21:31:47 UTC,,28.26632,,,,,11,48.51019,100.774,16,18,,,
2026-06-01 21:32:47 UTC,,28.28021,,,,,11,48.83882,100.776,16,18,,,
2026-06-01 21:33:48 UTC,,28.30387,,,,,11,49.05138,100.775,16,18,,,
2026-06-01 21:34:48 UTC,,28.32627,,,,,12,49.69743,100.777,17,20,,,
2026-06-01 21:35:48 UTC,,28.36067,,,,,12,49.51794,100.778,17,19,,,
2026-06-01 21:36:48 UTC,,28.35657,,,,,12,49.78032,100.78,17,20,,,
2026-06-01 21:37:48 UTC,,28.37866,,,,,11,50.22446,100.781,16,18,,,
2026-06-01 21:38:48 UTC,,28.39317,,,,,11,50.67532,100.783,16,18,,,
2026-06-01 21:39:48 UTC,,28.3856,,,,,11,49.5212,100.784,16,18,,,
2026-06-01 21:40:48 UTC,,28.36888,,,,,11,48.64099,100.785,16,18,,,
2026-06-01 21:41:48 UTC,,28.28588,,,,,12,48.57803,100.786,17,20,,,
2026-06-01 21:42:48 UTC,,28.27958,,,,,12,48.37477,100.787,17,19,,,
2026-06-01 21:43:48 UTC,,28.30009,,,,,12,48.2078,100.788,17,20,,,
2026-06-01 21:44:48 UTC,,28.32975,,,,,12,48.25724,100.788,17,19,,,
2026-06-01 21:45:48 UTC,,28.349,,,,,11,49.18176,100.789,16,18,,,
2026-06-01 21:46:48 UTC,,28.36036,,,,,11,49.23569,100.79,16,18,,,
2026-06-01 21:47:49 UTC,,28.36036,,,,,11,49.34722,100.79,16,18,,,
2026-06-01 21:48:49 UTC,,28.40705,,,,,11,49.35986,100.79,16,18,,,
2026-06-01 21:49:49 UTC,,28.41463,,,,,11,50.37435,100.791,16,18,,,
2026-06-01 21:50:49 UTC,,28.42883,,,,,12,50.25088,100.792,17,19,,,
2026-06-01 21:51:49 UTC,,28.44303,,,,,11,50.35831,100.792,16,18,,,
2026-06-01 21:52:49 UTC,,28.48468,,,,,11,50.50247,100.793,15,17,,,
2026-06-01 21:53:49 UTC,,28.50267,,,,,12,50.90818,100.794,17,19,,,
2026-06-01 21:54:49 UTC,,28.47238,,,,,11,50.03911,100.794,16,18,,,
2026-06-01 21:55:49 UTC,,28.42473,,,,,11,49.2375,100.795,16,18,,,
2026-06-01 21:56:49 UTC,,28.36477,,,,,11,48.43794,100.795,16,18,,,
2026-06-01 21:57:49 UTC,,28.26979,,,,,11,48.23654,100.796,16,18,,,
2026-06-01 21:58:49 UTC,,28.18238,,,,,12,48.73463,100.797,17,19,,,
2026-06-01 21:59:50 UTC,,28.1846,,,,,11,48.26476,100.797,16,18,,,
2026-06-01 22:00:50 UTC,,28.21331,,,,,11,48.13805,100.797,16,18,,,
2026-06-01 22:01:50 UTC,,28.25212,,,,,11,49.03157,100.799,16,18,,,
2026-06-01 22:02:50 UTC,,28.29441,,,,,11,48.93883,100.799,16,18,,,
2026-06-01 22:03:50 UTC,,28.29693,,,,,11,49.17499,100.799,16,18,,,
2026-06-01 22:04:50 UTC,,28.34332,,,,,12,49.22036,100.8,17,19,,,
2026-06-01 22:05:50 UTC,,28.34332,,,,,12,50.31212,100.799,17,19,,,
2026-06-01 22:07:50 UTC,,28.35657,,,,,11,50.55811,100.8,16,18,,,
2026-06-01 22:08:50 UTC,,28.39033,,,,,11,50.37772,100.801,16,18,,,
2026-06-01 22:09:50 UTC,,28.41621,,,,,12,50.81062,100.802,17,19,,,
2026-06-01 22:10:50 UTC,,28.41211,,,,,11,49.80077,100.803,16,18,,,
2026-06-01 22:11:51 UTC,,28.36572,,,,,12,49.0332,100.802,17,19,,,
2026-06-01 22:12:51 UTC,,28.32785,,,,,11,48.37445,100.803,16,18,,,
2026-06-01 22:13:51 UTC,,28.24581,,,,,11,48.63167,100.805,16,18,,,
2026-06-01 22:14:51 UTC,,28.22214,,,,,12,48.49798,100.805,17,19,,,
2026-06-01 22:15:51 UTC,,28.25275,,,,,11,48.11049,100.806,16,18,,,
2026-06-01 22:16:51 UTC,,28.28494,,,,,11,48.5975,100.806,16,18,,,
2026-06-01 22:17:51 UTC,,28.3004,,,,,11,49.16889,100.807,16,18,,,
2026-06-01 22:18:51 UTC,,28.31681,,,,,11,49.11203,100.807,16,18,,,
2026-06-01 22:19:51 UTC,,28.33511,,,,,11,49.24553,100.808,16,18,,,
2026-06-01 22:20:51 UTC,,28.33448,,,,,11,50.01436,100.808,16,18,,,
2026-06-01 22:21:51 UTC,,28.38181,,,,,12,49.9679,100.809,17,19,,,
2026-06-01 22:22:51 UTC,,28.40043,,,,,11,49.97036,100.811,16,18,,,
2026-06-01 22:23:51 UTC,,28.42252,,,,,11,50.14455,100.811,16,18,,,
2026-06-01 22:24:52 UTC,,28.43356,,,,,11,50.68729,100.813,16,18,,,
2026-06-01 22:25:52 UTC,,28.43577,,,,,11,50.46296,100.813,16,18,,,
2026-06-01 22:26:52 UTC,,28.41747,,,,,11,49.47939,100.814,16,18,,,
2026-06-01 22:27:52 UTC,,28.39286,,,,,11,48.55912,100.813,16,18,,,
2026-06-01 22:28:52 UTC,,28.26285,,,,,11,48.94129,100.814,16,18,,,
2026-06-01 22:29:52 UTC,,28.19658,,,,,11,48.57307,100.816,16,18,,,
2026-06-01 22:30:52 UTC,,28.2253,,,,,11,48.40046,100.817,16,18,,,
2026-06-01 22:31:52 UTC,,28.25938,,,,,12,48.22216,100.818,17,19,,,
2026-06-01 22:32:52 UTC,,28.29851,,,,,11,49.12932,100.819,16,18,,,
2026-06-01 22:33:52 UTC,,28.31933,,,,,11,49.16479,100.82,16,18,,,
2026-06-01 22:34:52 UTC,,28.32691,,,,,11,49.25757,100.821,16,18,,,
2026-06-01 22:35:52 UTC,,28.35594,,,,,11,49.56987,100.823,16,18,,,
2026-06-01 22:36:53 UTC,,28.37077,,,,,11,50.2564,100.824,16,18,,,
2026-06-01 22:37:53 UTC,,28.42504,,,,,11,49.98018,100.825,16,18,,,
2026-06-01 22:38:53 UTC,,28.44903,,,,,11,50.08216,100.826,16,18,,,
2026-06-01 22:39:53 UTC,,28.47206,,,,,11,50.41496,100.827,16,18,,,
2026-06-01 22:40:53 UTC,,28.4465,,,,,11,51.10597,100.827,16,18,,,
2026-06-01 22:41:53 UTC,,28.45849,,,,,12,50.10317,100.827,17,19,,,
2026-06-01 22:42:53 UTC,,28.42536,,,,,11,49.32286,100.827,16,18,,,
2026-06-01 22:43:53 UTC,,28.35278,,,,,11,49.31998,100.827,16,18,,,
2026-06-01 22:44:53 UTC,,28.34205,,,,,11,49.02359,100.826,16,18,,,
2026-06-01 22:45:53 UTC,,28.37455,,,,,11,48.83138,100.826,16,18,,,
2026-06-01 22:46:53 UTC,,28.42126,,,,,11,48.87669,100.826,16,18,,,
2026-06-01 22:47:53 UTC,,28.42978,,,,,12,49.72415,100.826,17,20,,,
2026-06-01 22:48:54 UTC,,28.43609,,,,,12,49.73156,100.825,17,19,,,
2026-06-01 22:49:54 UTC,,28.45881,,,,,11,49.7477,100.825,16,18,,,
2026-06-01 22:50:54 UTC,,28.49352,,,,,12,50.01554,100.826,17,19,,,
2026-06-01 22:51:54 UTC,,28.49951,,,,,12,50.35259,100.827,17,19,,,
2026-06-01 22:52:54 UTC,,28.49225,,,,,11,49.49573,100.829,16,18,,,
2026-06-01 22:53:54 UTC,,28.43798,,,,,12,48.67604,100.83,17,20,,,
2026-06-01 22:54:54 UTC,,28.38749,,,,,12,48.17986,100.83,17,20,,,
2026-06-01 22:55:54 UTC,,28.29472,,,,,12,48.65104,100.833,17,19,,,
2026-06-01 22:56:54 UTC,,28.2903,,,,,12,48.34354,100.835,17,19,,,
2026-06-01 22:57:54 UTC,,28.33669,,,,,12,48.02348,100.836,17,19,,,
2026-06-01 22:58:54 UTC,,28.30513,,,,,12,49.09086,100.838,17,19,,,
2026-06-01 22:59:54 UTC,,28.28778,,,,,12,49.50186,100.841,17,20,,,
2026-06-01 23:00:55 UTC,,28.30419,,,,,12,49.24805,100.84,17,19,,,
2026-06-01 23:01:55 UTC,,28.32722,,,,,11,49.26417,100.84,16,18,,,
2026-06-01 23:02:55 UTC,,28.32249,,,,,12,50.28299,100.84,17,20,,,
2026-06-01 23:03:55 UTC,,28.29567,,,,,12,50.53022,100.84,17,19,,,
2026-06-01 23:04:55 UTC,,28.35341,,,,,11,50.08273,100.841,16,18,,,
2026-06-01 23:05:55 UTC,,28.39475,,,,,12,50.23978,100.842,17,19,,,
2026-06-01 23:06:55 UTC,,28.42978,,,,,12,50.7529,100.842,17,20,,,
2026-06-01 23:07:55 UTC,,28.42631,,,,,12,50.07257,100.842,17,20,,,
2026-06-01 23:08:55 UTC,,28.37645,,,,,12,49.4806,100.842,17,19,,,
2026-06-01 23:09:55 UTC,,28.27736,,,,,12,48.67495,100.842,17,20,,,
2026-06-01 23:10:55 UTC,,28.20479,,,,,12,48.8618,100.842,17,19,,,
2026-06-01 23:11:55 UTC,,28.19406,,,,,12,48.74268,100.841,17,19,,,
2026-06-01 23:12:56 UTC,,28.19343,,,,,12,48.7099,100.841,17,19,,,
2026-06-01 23:13:56 UTC,,28.22404,,,,,12,48.82502,100.84,17,19,,,
2026-06-01 23:14:56 UTC,,28.24139,,,,,11,49.43015,100.84,16,18,,,
2026-06-01 23:15:56 UTC,,28.26758,,,,,12,49.20396,100.84,17,19,,,
2026-06-01 23:16:56 UTC,,28.27768,,,,,12,49.28396,100.839,17,19,,,
2026-06-01 23:17:56 UTC,,28.29377,,,,,12,49.92342,100.84,17,20,,,
2026-06-01 23:18:56 UTC,,28.2881,,,,,12,50.42359,100.84,17,19,,,
2026-06-01 23:19:56 UTC,,28.33827,,,,,12,50.04779,100.841,17,19,,,
2026-06-01 23:20:56 UTC,,28.36572,,,,,12,50.15024,100.841,17,20,,,
2026-06-01 23:21:56 UTC,,28.39885,,,,,12,50.51089,100.842,17,20,,,
2026-06-01 23:22:56 UTC,,28.40453,,,,,12,50.60412,100.842,17,20,,,
2026-06-01 23:23:56 UTC,,28.39033,,,,,12,49.58752,100.843,17,20,,,
2026-06-01 23:24:56 UTC,,28.33795,,,,,12,48.82664,100.842,17,20,,,
2026-06-01 23:25:57 UTC,,28.28494,,,,,12,48.33632,100.841,17,20,,,
2026-06-01 23:26:57 UTC,,28.20416,,,,,12,48.87481,100.841,17,20,,,
2026-06-01 23:27:57 UTC,,28.1868,,,,,12,48.67636,100.839,17,20,,,
2026-06-01 23:28:57 UTC,,28.21142,,,,,12,48.23559,100.837,17,20,,,
2026-06-01 23:29:57 UTC,,28.22372,,,,,12,49.30975,100.836,17,19,,,
2026-06-01 23:30:57 UTC,,28.23256,,,,,12,49.33713,100.836,17,19,,,
2026-06-01 23:31:57 UTC,,28.23477,,,,,12,49.3899,100.837,17,20,,,
2026-06-01 23:32:57 UTC,,28.28525,,,,,12,49.05552,100.837,17,19,,,
2026-06-01 23:33:57 UTC,,28.29125,,,,,13,50.29865,100.837,18,21,,,
2026-06-01 23:34:57 UTC,,28.278,,,,,13,50.45525,100.839,18,21,,,
2026-06-01 23:35:57 UTC,,28.28967,,,,,12,50.18635,100.841,17,20,,,
2026-06-01 23:36:57 UTC,,28.33133,,,,,12,49.85596,100.843,17,20,,,
2026-06-01 23:37:58 UTC,,28.36351,,,,,13,50.75731,100.845,18,21,,,
2026-06-01 23:38:58 UTC,,28.343,,,,,13,49.92989,100.846,19,22,,,
2026-06-01 23:39:58 UTC,,28.31113,,,,,13,49.22929,100.848,19,22,,,
2026-06-01 23:40:58 UTC,,28.23792,,,,,13,48.80066,100.849,19,22,,,
2026-06-01 23:41:58 UTC,,28.16156,,,,,14,49.25575,100.851,20,23,,,
2026-06-01 23:42:58 UTC,,28.16566,,,,,14,48.81096,100.852,20,23,,,
2026-06-01 23:43:58 UTC,,28.20006,,,,,14,48.68461,100.854,20,23,,,
2026-06-01 23:44:58 UTC,,28.17955,,,,,14,49.74398,100.855,20,23,,,
2026-06-01 23:45:58 UTC,,28.17702,,,,,13,49.82256,100.857,19,22,,,
2026-06-01 23:46:58 UTC,,28.1887,,,,,14,49.65972,100.858,20,23,,,
2026-06-01 23:47:58 UTC,,28.25307,,,,,14,49.33981,100.859,20,23,,,
2026-06-01 23:48:58 UTC,,28.26758,,,,,14,50.40767,100.861,20,23,,,
2026-06-01 23:49:59 UTC,,28.26727,,,,,14,50.5925,100.861,20,23,,,
2026-06-01 23:50:59 UTC,,28.31144,,,,,14,50.1299,100.862,20,23,,,
2026-06-01 23:51:59 UTC,,28.37045,,,,,14,50.0652,100.863,20,23,,,
2026-06-01 23:52:59 UTC,,28.40043,,,,,14,50.7953,100.864,20,23,,,
2026-06-01 23:53:59 UTC,,28.40169,,,,,14,49.99686,100.866,20,23,,,
2026-06-01 23:54:59 UTC,,28.38371,,,,,15,49.18628,100.867,21,24,,,
2026-06-01 23:55:59 UTC,,28.33069,,,,,15,48.4858,100.867,21,24,,,
2026-06-01 23:56:59 UTC,,28.25023,,,,,15,48.93966,100.867,22,25,,,
2026-06-01 23:57:59 UTC,,28.26033,,,,,15,48.65968,100.87,21,24,,,
2026-06-01 23:58:59 UTC,,28.30419,,,,,15,48.38446,100.871,22,25,,,
2026-06-01 23:59:59 UTC,,28.29819,,,,,15,49.02445,100.872,21,24,,,
2026-06-02 00:00:59 UTC,,28.32091,,,,,16,49.47992,100.873,23,26,,,
2026-06-02 00:02:00 UTC,,28.33069,,,,,16,49.54031,100.873,23,26,,,
2026-06-02 00:03:00 UTC,,28.34931,,,,,15,49.43109,100.874,22,25,,,
2026-06-02 00:04:00 UTC,,28.33259,,,,,15,50.15247,100.874,21,24,,,
2026-06-02 00:05:00 UTC,,28.34048,,,,,15,50.54277,100.875,22,25,,,
2026-06-02 00:06:00 UTC,,28.38371,,,,,16,50.24492,100.876,23,26,,,
2026-06-02 00:07:00 UTC,,28.41116,,,,,15,50.30791,100.876,22,25,,,
2026-06-02 00:08:00 UTC,,28.45123,,,,,16,50.53106,100.877,23,26,,,
2026-06-02 00:09:00 UTC,,28.4383,,,,,15,50.70776,100.879,22,25,,,
2026-06-02 00:10:00 UTC,,28.42063,,,,,15,49.71637,100.88,21,24,,,
2026-06-02 00:11:00 UTC,,28.37393,,,,,15,49.09323,100.88,22,25,,,
2026-06-02 00:12:00 UTC,,28.31586,,,,,15,48.31418,100.882,22,25,,,
2026-06-02 00:13:00 UTC,,28.25054,,,,,15,48.65843,100.882,22,25,,,
2026-06-02 00:14:01 UTC,,28.20226,,,,,15,48.49543,100.882,22,25,,,
2026-06-02 00:15:01 UTC,,28.22341,,,,,15,48.34801,100.883,22,25,,,
2026-06-02 00:16:01 UTC,,28.24644,,,,,15,48.7102,100.885,21,24,,,
2026-06-02 00:17:01 UTC,,28.24234,,,,,14,49.52876,100.887,20,23,,,
2026-06-02 00:18:01 UTC,,28.24676,,,,,15,49.53591,100.888,21,24,,,
2026-06-02 00:19:01 UTC,,28.27989,,,,,15,49.3433,100.89,21,24,,,
2026-06-02 00:20:01 UTC,,28.29377,,,,,14,50.03535,100.892,20,23,,,
2026-06-02 00:21:01 UTC,,28.28873,,,,,15,50.61516,100.893,22,25,,,
2026-06-02 00:22:01 UTC,,28.32502,,,,,15,50.3163,100.896,22,25,,,
2026-06-02 00:23:01 UTC,,28.34332,,,,,15,50.4441,100.897,22,25,,,
2026-06-02 00:24:01 UTC,,28.36856,,,,,15,50.68526,100.897,22,25,,,
2026-06-02 00:25:01 UTC,,28.38213,,,,,15,50.75978,100.897,22,25,,,
2026-06-02 00:26:01 UTC,,28.35057,,,,,15,50.26032,100.898,22,25,,,
2026-06-02 00:27:02 UTC,,28.31397,,,,,15,49.0265,100.898,22,25,,,
2026-06-02 00:28:02 UTC,,28.26727,,,,,15,48.59523,100.898,21,24,,,
2026-06-02 00:29:02 UTC,,28.19974,,,,,15,49.10995,100.9,21,24,,,
2026-06-02 00:30:02 UTC,,28.16882,,,,,15,49.0339,100.9,22,25,,,
2026-06-02 00:31:02 UTC,,28.20164,,,,,15,48.50188,100.901,22,25,,,
2026-06-02 00:32:02 UTC,,28.23193,,,,,15,49.32394,100.902,21,24,,,
2026-06-02 00:33:02 UTC,,28.26096,,,,,15,49.62974,100.903,21,24,,,
2026-06-02 00:34:02 UTC,,28.27958,,,,,15,49.51391,100.904,21,24,,,
2026-06-02 00:35:02 UTC,,28.31586,,,,,14,49.56463,100.906,20,23,,,
2026-06-02 00:36:02 UTC,,28.34679,,,,,14,50.36536,100.906,20,23,,,
2026-06-02 00:37:02 UTC,,28.34174,,,,,15,50.86686,100.906,21,24,,,
2026-06-02 00:38:02 UTC,,28.38308,,,,,14,50.5154,100.906,20,23,,,
2026-06-02 00:39:03 UTC,,28.4181,,,,,15,50.46722,100.907,21,24,,,
2026-06-02 00:40:03 UTC,,28.45597,,,,,14,51.12049,100.907,20,23,,,
2026-06-02 00:41:03 UTC,,28.45092,,,,,15,50.66977,100.908,21,24,,,
2026-06-02 00:42:03 UTC,,28.44051,,,,,14,49.94928,100.908,20,23,,,
2026-06-02 00:43:03 UTC,,28.40737,,,,,14,49.1369,100.909,20,23,,,
2026-06-02 00:44:03 UTC,,28.33574,,,,,15,49.40963,100.909,21,24,,,
2026-06-02 00:45:03 UTC,,28.32312,,,,,15,49.42768,100.909,21,24,,,
2026-06-02 00:46:03 UTC,,28.3755,,,,,15,48.9166,100.909,21,24,,,
2026-06-02 00:47:03 UTC,,28.37329,,,,,14,49.9207,100.909,20,23,,,
2026-06-02 00:48:03 UTC,,28.37708,,,,,15,50.30999,100.91,21,24,,,
2026-06-02 00:49:03 UTC,,28.41432,,,,,14,50.11711,100.91,20,23,,,
2026-06-02 00:50:03 UTC,,28.44997,,,,,15,50.13499,100.909,22,25,,,
2026-06-02 00:51:03 UTC,,28.44997,,,,,15,50.96072,100.908,21,24,,,
2026-06-02 00:52:03 UTC,,28.46733,,,,,15,51.24133,100.908,21,24,,,
2026-06-02 00:53:04 UTC,,28.50299,,,,,14,51.12017,100.907,20,23,,,
2026-06-02 00:54:04 UTC,,28.50835,,,,,14,51.18716,100.906,20,23,,,
2026-06-02 00:55:04 UTC,,28.54243,,,,,14,51.4372,100.905,20,23,,,
2026-06-02 00:56:04 UTC,,28.55978,,,,,14,51.2007,100.904,20,23,,,
2026-06-02 00:57:04 UTC,,28.556,,,,,14,50.19515,100.904,20,23,,,
2026-06-02 00:58:04 UTC,,28.50866,,,,,14,49.53072,100.903,20,23,,,
2026-06-02 00:59:04 UTC,,28.44303,,,,,14,48.91878,100.903,20,23,,,
2026-06-02 01:00:04 UTC,,28.40106,,,,,14,48.50137,100.902,20,23,,,
2026-06-02 01:01:04 UTC,,28.3755,,,,,14,48.62223,100.901,20,23,,,
2026-06-02 01:02:04 UTC,,28.35973,,,,,14,48.54832,100.899,20,23,,,
2026-06-02 01:03:04 UTC,,28.36982,,,,,14,48.58882,100.899,20,23,,,
2026-06-02 01:04:04 UTC,,28.35121,,,,,13,49.83225,100.898,19,22,,,
2026-06-02 01:05:05 UTC,,28.36572,,,,,14,49.76179,100.898,20,23,,,
2026-06-02 01:06:05 UTC,,28.38623,,,,,13,49.77764,100.899,19,22,,,
2026-06-02 01:07:05 UTC,,28.42946,,,,,13,49.54664,100.9,19,22,,,
2026-06-02 01:08:05 UTC,,28.43546,,,,,14,50.97203,100.901,20,23,,,
2026-06-02 01:09:05 UTC,,28.45565,,,,,14,50.90191,100.901,20,23,,,
2026-06-02 01:10:05 UTC,,28.47332,,,,,13,50.83809,100.901,19,22,,,
2026-06-02 01:11:05 UTC,,28.48626,,,,,13,50.77367,100.901,19,22,,,
2026-06-02 01:12:05 UTC,,28.48784,,,,,13,51.80192,100.901,19,22,,,
2026-06-02 01:13:05 UTC,,28.48342,,,,,14,50.79313,100.9,20,23,,,
2026-06-02 01:14:05 UTC,,28.45281,,,,,13,50.04971,100.9,19,22,,,
2026-06-02 01:15:05 UTC,,28.40169,,,,,13,49.32635,100.899,19,22,,,
2026-06-02 01:16:05 UTC,,28.34458,,,,,13,48.76208,100.898,19,22,,,
2026-06-02 01:17:06 UTC,,28.24265,,,,,13,49.1614,100.899,19,22,,,
2026-06-02 01:18:06 UTC,,28.2051,,,,,13,49.07789,100.9,19,22,,,
2026-06-02 01:19:06 UTC,,28.22341,,,,,13,48.68762,100.899,19,22,,,
2026-06-02 01:20:06 UTC,,28.24045,,,,,13,49.21355,100.899,19,22,,,
2026-06-02 01:21:06 UTC,,28.24549,,,,,13,50.17393,100.899,19,22,,,
2026-06-02 01:22:06 UTC,,28.28715,,,,,13,49.85674,100.9,19,22,,,
2026-06-02 01:23:06 UTC,,28.32375,,,,,14,49.88129,100.901,20,23,,,
2026-06-02 01:24:06 UTC,,28.35752,,,,,13,50.28762,100.901,19,22,,,
2026-06-02 01:25:06 UTC,,28.35909,,,,,13,51.00817,100.902,19,22,,,
2026-06-02 01:26:06 UTC,,28.42315,,,,,13,50.66608,100.902,19,22,,,
2026-06-02 01:27:06 UTC,,28.46354,,,,,13,50.64502,100.902,19,22,,,
2026-06-02 01:28:06 UTC,,28.47963,,,,,13,51.25624,100.904,19,22,,,
2026-06-02 01:29:06 UTC,,28.46922,,,,,13,51.41406,100.904,18,21,,,
2026-06-02 01:30:07 UTC,,28.44776,,,,,12,50.5438,100.906,17,20,,,
2026-06-02 01:31:07 UTC,,28.40106,,,,,13,49.79273,100.906,19,22,,,
2026-06-02 01:32:07 UTC,,28.30103,,,,,13,49.45107,100.904,18,21,,,
2026-06-02 01:33:07 UTC,,28.23256,,,,,13,49.90879,100.903,18,21,,,
2026-06-02 01:34:07 UTC,,28.21931,,,,,12,49.61116,100.902,17,20,,,
2026-06-02 01:35:07 UTC,,28.25244,,,,,13,49.25445,100.901,19,22,,,
2026-06-02 01:36:07 UTC,,28.26411,,,,,13,50.41381,100.902,18,21,,,
2026-06-02 01:37:07 UTC,,28.29788,,,,,12,50.41828,100.902,17,20,,,
2026-06-02 01:38:07 UTC,,28.33732,,,,,12,50.33113,100.902,17,20,,,
2026-06-02 01:39:07 UTC,,28.37329,,,,,12,50.44147,100.901,17,20,,,
2026-06-02 01:40:07 UTC,,28.35152,,,,,13,51.40486,100.901,18,21,,,
2026-06-02 01:41:07 UTC,,28.35562,,,,,13,51.68433,100.901,18,21,,,
2026-06-02 01:42:08 UTC,,28.40705,,,,,12,51.25977,100.901,17,20,,,
2026-06-02 01:43:08 UTC,,28.44303,,,,,12,51.42381,100.9,17,20,,,
2026-06-02 01:44:08 UTC,,28.45092,,,,,12,52.06979,100.899,17,20,,,
2026-06-02 01:45:08 UTC,,28.42946,,,,,12,51.66771,100.899,17,20,,,
2026-06-02 01:46:08 UTC,,28.40169,,,,,12,50.63679,100.899,17,20,,,
2026-06-02 01:47:08 UTC,,28.34489,,,,,12,49.94988,100.898,17,19,,,
2026-06-02 01:48:08 UTC,,28.26885,,,,,12,49.72279,100.897,17,20,,,
2026-06-02 01:49:08 UTC,,28.23634,,,,,12,49.68567,100.896,17,20,,,
2026-06-02 01:50:08 UTC,,28.25402,,,,,12,49.43836,100.895,17,20,,,
2026-06-02 01:51:08 UTC,,28.26474,,,,,12,49.28228,100.895,17,19,,,
2026-06-02 01:52:08 UTC,,28.24549,,,,,12,50.95327,100.895,17,19,,,
2026-06-02 01:53:08 UTC,,28.27863,,,,,12,50.53457,100.895,17,19,,,
2026-06-02 01:54:09 UTC,,28.31681,,,,,12,50.39439,100.895,17,20,,,
2026-06-02 01:55:09 UTC,,28.33006,,,,,12,50.43575,100.896,17,20,,,
2026-06-02 01:56:09 UTC,,28.36067,,,,,11,51.57206,100.895,16,18,,,
2026-06-02 01:57:09 UTC,,28.34521,,,,,11,51.85577,100.896,16,18,,,
2026-06-02 01:58:09 UTC,,28.37582,,,,,12,51.44131,100.896,17,19,,,
2026-06-02 01:59:09 UTC,,28.40611,,,,,11,51.47858,100.895,16,18,,,
2026-06-02 02:00:09 UTC,,28.40927,,,,,12,52.46412,100.896,17,19,,,
2026-06-02 02:01:09 UTC,,28.40169,,,,,12,51.44479,100.895,17,19,,,
2026-06-02 02:02:09 UTC,,28.38244,,,,,11,50.4889,100.895,16,18,,,
2026-06-02 02:03:09 UTC,,28.33858,,,,,11,49.72535,100.894,16,18,,,
2026-06-02 02:04:09 UTC,,28.28904,,,,,11,50.13354,100.893,16,18,,,
2026-06-02 02:05:09 UTC,,28.27011,,,,,12,49.9598,100.893,17,19,,,
2026-06-02 02:06:10 UTC,,28.29819,,,,,11,49.62803,100.892,16,18,,,
2026-06-02 02:07:10 UTC,,28.2821,,,,,12,50.44259,100.892,17,19,,,
2026-06-02 02:08:10 UTC,,28.29377,,,,,11,50.97296,100.892,16,18,,,
2026-06-02 02:09:10 UTC,,28.34174,,,,,11,50.6883,100.893,16,18,,,
2026-06-02 02:10:10 UTC,,28.37708,,,,,11,50.81864,100.893,16,18,,,
2026-06-02 02:11:10 UTC,,28.38781,,,,,11,51.36993,100.893,16,18,,,
2026-06-02 02:12:10 UTC,,28.38118,,,,,11,52.16688,100.893,16,18,,,
2026-06-02 02:13:10 UTC,,28.4282,,,,,11,51.69413,100.891,16,18,,,
2026-06-02 02:14:10 UTC,,28.45439,,,,,11,51.60463,100.891,16,18,,,
2026-06-02 02:15:10 UTC,,28.46354,,,,,11,52.25142,100.891,16,18,,,
2026-06-02 02:16:10 UTC,,28.47522,,,,,11,51.91331,100.89,16,18,,,
2026-06-02 02:17:10 UTC,,28.45565,,,,,11,51.08732,100.888,16,18,,,
2026-06-02 02:18:11 UTC,,28.42757,,,,,11,50.24411,100.886,16,18,,,
2026-06-02 02:19:11 UTC,,28.38781,,,,,11,49.64634,100.885,16,18,,,
2026-06-02 02:20:11 UTC,,28.29093,,,,,11,50.23925,100.883,16,18,,,
2026-06-02 02:21:11 UTC,,28.26664,,,,,11,49.86061,100.883,16,18,,,
2026-06-02 02:22:11 UTC,,28.30577,,,,,11,49.50421,100.882,16,18,,,
2026-06-02 02:23:11 UTC,,28.31713,,,,,11,50.36804,100.881,16,18,,,
2026-06-02 02:24:11 UTC,,28.3187,,,,,11,50.91672,100.879,16,18,,,
2026-06-02 02:25:11 UTC,,28.37108,,,,,11,50.54683,100.877,15,17,,,
2026-06-02 02:26:11 UTC,,28.38939,,,,,11,50.76736,100.875,15,17,,,
2026-06-02 02:27:11 UTC,,28.37014,,,,,11,51.47374,100.874,16,18,,,
2026-06-02 02:28:11 UTC,,28.37108,,,,,11,51.97905,100.873,16,18,,,
2026-06-02 02:29:11 UTC,,28.41211,,,,,10,51.65208,100.87,14,15,,,
2026-06-02 02:30:11 UTC,,28.42725,,,,,10,51.78707,100.867,14,15,,,
2026-06-02 02:31:12 UTC,,28.46007,,,,,11,52.16429,100.865,15,17,,,
2026-06-02 02:32:12 UTC,,28.45471,,,,,11,51.84399,100.864,15,17,,,
2026-06-02 02:33:12 UTC,,28.43735,,,,,10,50.91932,100.862,14,15,,,
2026-06-02 02:34:12 UTC,,28.38592,,,,,10,50.33095,100.861,14,15,,,
2026-06-02 02:35:12 UTC,,28.30987,,,,,11,49.71502,100.86,16,18,,,
2026-06-02 02:36:12 UTC,,28.18333,,,,,11,50.54834,100.859,15,17,,,
2026-06-02 02:37:12 UTC,,28.17386,,,,,10,49.95374,100.859,14,14,,,
2026-06-02 02:38:12 UTC,,28.22688,,,,,10,49.62528,100.858,14,14,,,
2026-06-02 02:39:12 UTC,,28.24897,,,,,10,50.33923,100.858,14,15,,,
2026-06-02 02:40:12 UTC,,28.27958,,,,,10,50.93796,100.857,14,14,,,
2026-06-02 02:41:12 UTC,,28.33448,,,,,10,50.62785,100.856,14,14,,,
2026-06-02 02:42:12 UTC,,28.36919,,,,,11,50.65229,100.856,15,17,,,
2026-06-02 02:43:13 UTC,,28.39254,,,,,10,51.4502,100.857,14,14,,,
2026-06-02 02:44:13 UTC,,28.37393,,,,,10,51.3548,100.858,14,14,,,
2026-06-02 02:45:13 UTC,,28.3531,,,,,10,50.6039,100.858,14,14,,,
2026-06-02 02:46:13 UTC,,28.29156,,,,,10,49.831,100.858,14,14,,,
2026-06-02 02:47:13 UTC,,28.25117,,,,,10,49.20839,100.859,14,14,,,
2026-06-02 02:48:13 UTC,,28.21457,,,,,10,49.35448,100.859,14,14,,,
2026-06-02 02:49:13 UTC,,28.21425,,,,,10,49.07252,100.859,14,14,,,
2026-06-02 02:50:13 UTC,,28.24518,,,,,10,48.97829,100.859,14,14,,,
2026-06-02 02:53:51 UTC,,28.32281,,,,,10,50.13139,100.859,14,14,,,
2026-06-02 02:54:51 UTC,,28.33069,,,,,10,50.46884,100.859,14,14,,,
2026-06-02 02:55:51 UTC,,28.32943,,,,,10,51.60106,100.859,14,14,,,
2026-06-02 02:56:51 UTC,,28.36477,,,,,10,51.42656,100.858,14,14,,,
2026-06-02 02:57:51 UTC,,28.38939,,,,,10,51.76864,100.856,14,14,,,
2026-06-02 02:58:51 UTC,,28.44713,,,,,9,51.42436,100.856,13,13,,,
2026-06-02 02:59:51 UTC,,28.4749,,,,,10,52.55988,100.856,14,14,,,
2026-06-02 03:00:51 UTC,,28.47332,,,,,10,51.66699,100.855,14,14,,,
2026-06-02 03:01:51 UTC,,28.46449,,,,,10,50.77738,100.855,14,14,,,
2026-06-02 03:02:51 UTC,,28.44524,,,,,10,50.13437,100.853,14,14,,,
2026-06-02 03:03:51 UTC,,28.41652,,,,,9,49.51211,100.852,13,13,,,
2026-06-02 03:04:51 UTC,,28.37582,,,,,10,48.825,100.85,14,14,,,
2026-06-02 03:05:52 UTC,,28.32123,,,,,9,48.50418,100.849,13,13,,,
2026-06-02 03:06:52 UTC,,28.26191,,,,,9,48.00092,100.847,13,13,,,
2026-06-02 03:07:52 UTC,,28.20384,,,,,9,48.35203,100.846,13,13,,,
2026-06-02 03:08:52 UTC,,28.19564,,,,,10,48.52723,100.845,14,14,,,
2026-06-02 03:09:52 UTC,,28.19658,,,,,9,48.50776,100.845,13,13,,,
2026-06-02 03:10:52 UTC,,28.21363,,,,,9,48.92838,100.843,13,13,,,
2026-06-02 03:11:52 UTC,,28.24234,,,,,9,49.96932,100.842,13,13,,,
2026-06-02 03:12:52 UTC,,28.2638,,,,,9,49.98531,100.841,13,13,,,
2026-06-02 03:13:52 UTC,,28.30198,,,,,8,50.12865,100.84,11,11,,,
2026-06-02 03:14:52 UTC,,28.35973,,,,,9,50.42648,100.839,13,13,,,
2026-06-02 03:15:52 UTC,,28.40106,,,,,8,50.85491,100.839,11,11,,,
2026-06-02 03:16:52 UTC,,28.39475,,,,,9,50.18044,100.837,13,13,,,
2026-06-02 03:17:52 UTC,,28.39223,,,,,8,49.4367,100.836,11,11,,,
2026-06-02 03:18:53 UTC,,28.36036,,,,,8,48.80993,100.833,11,11,,,
2026-06-02 03:19:53 UTC,,28.33133,,,,,8,48.37489,100.832,12,12,,,
2026-06-02 03:20:53 UTC,,28.29409,,,,,8,48.68365,100.83,11,11,,,
2026-06-02 03:21:53 UTC,,28.31082,,,,,8,48.50283,100.829,11,11,,,
2026-06-02 03:22:53 UTC,,28.31397,,,,,9,48.7516,100.827,13,13,,,
2026-06-02 03:23:53 UTC,,28.3187,,,,,9,49.49933,100.825,13,13,,,
2026-06-02 03:24:53 UTC,,28.32438,,,,,8,50.30302,100.823,11,11,,,
2026-06-02 03:25:53 UTC,,28.34363,,,,,8,50.266,100.822,12,12,,,
2026-06-02 03:26:53 UTC,,28.38939,,,,,9,50.31821,100.82,13,13,,,
2026-06-02 03:27:53 UTC,,28.42725,,,,,8,50.66002,100.819,11,11,,,
2026-06-02 03:28:53 UTC,,28.4648,,,,,8,51.09517,100.82,11,11,,,
2026-06-02 03:29:53 UTC,,28.48626,,,,,8,50.27826,100.819,11,11,,,
2026-06-02 03:30:54 UTC,,28.479,,,,,8,49.62541,100.817,11,11,,,
2026-06-02 03:31:54 UTC,,28.46985,,,,,8,48.83061,100.816,11,11,,,
2026-06-02 03:32:54 UTC,,28.44871,,,,,7,48.3051,100.815,10,10,,,
2026-06-02 03:33:54 UTC,,28.42662,,,,,8,48.32838,100.815,11,11,,,
2026-06-02 03:34:54 UTC,,28.41968,,,,,8,48.50376,100.814,11,11,,,
2026-06-02 03:35:54 UTC,,28.43293,,,,,8,48.58387,100.814,11,11,,,
2026-06-02 03:36:54 UTC,,28.45439,,,,,8,48.74356,100.813,11,11,,,
2026-06-02 03:37:54 UTC,,28.47837,,,,,8,49.77657,100.813,11,11,,,
2026-06-02 03:38:54 UTC,,28.48594,,,,,8,50.06066,100.812,11,11,,,
2026-06-02 03:39:54 UTC,,28.50898,,,,,8,50.07029,100.812,11,11,,,
2026-06-02 03:40:54 UTC,,28.55221,,,,,8,50.05622,100.812,11,11,,,
2026-06-02 03:41:54 UTC,,28.5967,,,,,8,51.11284,100.812,11,11,,,
2026-06-02 03:42:55 UTC,,28.60364,,,,,8,50.21465,100.811,11,11,,,
2026-06-02 03:43:55 UTC,,28.59575,,,,,8,49.50269,100.812,11,11,,,
2026-06-02 03:44:55 UTC,,28.59197,,,,,7,48.82023,100.81,10,10,,,
2026-06-02 03:45:55 UTC,,28.56515,,,,,7,48.16347,100.81,10,10,,,
2026-06-02 03:46:55 UTC,,28.53202,,,,,7,47.76841,100.809,10,10,,,
2026-06-02 03:47:55 UTC,,28.49225,,,,,7,47.47733,100.807,10,10,,,
2026-06-02 03:48:55 UTC,,28.41147,,,,,7,47.87672,100.805,10,10,,,
2026-06-02 03:49:55 UTC,,28.40295,,,,,7,47.77152,100.804,10,10,,,
2026-06-02 03:50:55 UTC,,28.42441,,,,,7,47.83281,100.803,10,10,,,
2026-06-02 03:51:55 UTC,,28.44271,,,,,7,48.23909,100.803,10,10,,,
2026-06-02 03:52:55 UTC,,28.42914,,,,,7,49.52689,100.802,10,10,,,
2026-06-02 03:53:55 UTC,,28.44492,,,,,7,49.48297,100.8,10,10,,,
2026-06-02 03:54:55 UTC,,28.49036,,,,,7,49.38385,100.799,10,10,,,
2026-06-02 03:55:55 UTC,,28.52002,,,,,7,49.80177,100.798,10,10,,,
2026-06-02 03:56:56 UTC,,28.55095,,,,,7,50.6897,100.796,10,10,,,
2026-06-02 03:57:56 UTC,,28.54779,,,,,6,49.73964,100.794,9,9,,,
2026-06-02 03:58:56 UTC,,28.54811,,,,,7,48.99134,100.793,10,10,,,
2026-06-02 03:59:55 UTC,,29.44995,,,,,8,48.11396,100.786,11,11,,,
2026-06-02 04:00:20 UTC,,29.37896,,,,,4,48.08524,100.781,5,5,,,
2026-06-02 04:01:21 UTC,,29.10789,,,,,6,48.1287,100.78,9,9,,,
2026-06-02 04:02:21 UTC,,28.8624,,,,,7,47.76492,100.78,10,10,,,
2026-06-02 04:03:21 UTC,,28.64277,,,,,7,47.48988,100.778,10,10,,,
2026-06-02 04:04:21 UTC,,28.45092,,,,,6,47.81015,100.778,9,9,,,
2026-06-02 04:05:21 UTC,,28.34742,,,,,7,47.8816,100.776,10,10,,,
2026-06-02 04:06:21 UTC,,28.28936,,,,,6,55.72501,100.777,8,8,,,
2026-06-02 04:07:21 UTC,,28.26885,,,,,8,50.50024,100.777,11,11,,,
2026-06-02 04:08:21 UTC,,28.24676,,,,,6,55.09556,100.777,8,8,,,
2026-06-02 04:09:21 UTC,,28.24865,,,,,6,55.68526,100.777,9,9,,,
2026-06-02 04:10:21 UTC,,28.26853,,,,,6,55.24754,100.777,8,8,,,
2026-06-02 04:11:21 UTC,,28.28715,,,,,6,54.08916,100.775,8,8,,,
2026-06-02 04:12:21 UTC,,28.27894,,,,,6,55.41158,100.773,8,8,,,
2026-06-02 04:13:22 UTC,,28.23224,,,,,6,54.38454,100.771,8,8,,,
2026-06-02 04:14:22 UTC,,28.18554,,,,,6,53.45695,100.77,8,8,,,
2026-06-02 04:15:22 UTC,,28.1177,,,,,6,52.76479,100.766,8,8,,,
2026-06-02 04:16:22 UTC,,28.03597,,,,,7,52.0135,100.763,10,10,,,
2026-06-02 04:17:22 UTC,,27.95677,,,,,6,51.63056,100.761,8,8,,,
2026-06-02 04:18:22 UTC,,27.87725,,,,,7,51.01007,100.76,10,10,,,
2026-06-02 04:19:22 UTC,,27.76776,,,,,7,50.62537,100.759,10,10,,,
2026-06-02 04:20:22 UTC,,27.6753,,,,,7,50.10553,100.757,10,10,,,
2026-06-02 04:21:22 UTC,,27.61251,,,,,8,50.20922,100.755,11,11,,,
2026-06-02 04:22:22 UTC,,27.61535,,,,,7,50.15692,100.753,10,10,,,
2026-06-02 04:23:22 UTC,,27.66615,,,,,8,49.89379,100.748,11,11,,,
2026-06-02 04:24:22 UTC,,27.70054,,,,,8,50.39215,100.746,11,11,,,
2026-06-02 04:25:22 UTC,,27.71758,,,,,8,51.88403,100.742,11,11,,,
2026-06-02 04:26:23 UTC,,27.78038,,,,,7,51.40782,100.74,10,10,,,
2026-06-02 04:27:23 UTC,,27.85485,,,,,8,51.27196,100.738,11,11,,,
2026-06-02 04:28:23 UTC,,27.90186,,,,,8,51.84905,100.737,11,11,,,
2026-06-02 04:29:23 UTC,,27.93152,,,,,9,52.61912,100.737,13,13,,,
2026-06-02 04:30:23 UTC,,27.91417,,,,,7,51.89725,100.736,10,10,,,
2026-06-02 04:31:23 UTC,,27.87441,,,,,8,51.40715,100.733,11,11,,,
2026-06-02 04:32:23 UTC,,27.82519,,,,,8,50.71223,100.73,11,11,,,
2026-06-02 04:33:23 UTC,,27.76334,,,,,8,50.13683,100.728,11,11,,,
2026-06-02 04:34:23 UTC,,27.69392,,,,,8,49.7988,100.725,11,11,,,
2026-06-02 04:35:23 UTC,,27.64059,,,,,8,49.32584,100.722,11,11,,,
2026-06-02 04:36:23 UTC,,27.61535,,,,,8,49.06059,100.72,11,11,,,
2026-06-02 04:37:23 UTC,,27.59894,,,,,8,49.24837,100.716,11,11,,,
2026-06-02 04:38:24 UTC,,27.63112,,,,,8,49.23943,100.714,11,11,,,
2026-06-02 04:39:24 UTC,,27.69044,,,,,8,49.15539,100.714,11,11,,,
2026-06-02 04:40:24 UTC,,27.71695,,,,,8,50.47346,100.712,11,11,,,
2026-06-02 04:41:24 UTC,,27.74788,,,,,8,50.82752,100.711,11,11,,,
2026-06-02 04:42:24 UTC,,27.82014,,,,,8,50.48049,100.71,11,11,,,
2026-06-02 04:43:24 UTC,,27.88609,,,,,7,50.5486,100.711,10,10,,,
2026-06-02 04:44:24 UTC,,27.92395,,,,,8,52.01165,100.711,11,11,,,
2026-06-02 04:45:24 UTC,,27.90723,,,,,8,51.64381,100.71,11,11,,,
2026-06-02 04:46:24 UTC,,27.86715,,,,,8,51.12787,100.71,11,11,,,
2026-06-02 04:47:24 UTC,,27.83434,,,,,7,50.38342,100.708,10,10,,,
2026-06-02 04:48:24 UTC,,27.79363,,,,,8,49.77239,100.707,11,11,,,
2026-06-02 04:49:24 UTC,,27.7646,,,,,8,49.25015,100.705,11,11,,,
2026-06-02 04:50:25 UTC,,27.71285,,,,,8,48.79842,100.705,11,11,,,
2026-06-02 04:51:25 UTC,,27.66457,,,,,8,48.35485,100.703,11,11,,,
2026-06-02 04:52:25 UTC,,27.5942,,,,,7,48.37846,100.702,10,10,,,
2026-06-02 04:53:25 UTC,,27.58726,,,,,7,48.54718,100.701,10,10,,,
2026-06-02 04:54:25 UTC,,27.6286,,,,,7,48.2981,100.7,10,10,,,
2026-06-02 04:55:25 UTC,,27.68066,,,,,7,48.38298,100.7,10,10,,,
2026-06-02 04:56:25 UTC,,27.69644,,,,,7,49.91748,100.698,10,10,,,
2026-06-02 04:57:25 UTC,,27.73147,,,,,7,50.10631,100.696,10,10,,,
2026-06-02 04:58:25 UTC,,27.79458,,,,,7,49.90401,100.696,10,10,,,
2026-06-02 04:59:25 UTC,,27.84948,,,,,7,50.03622,100.693,10,10,,,
2026-06-02 05:00:25 UTC,,27.8782,,,,,8,51.34136,100.692,11,11,,,
2026-06-02 05:01:25 UTC,,27.87946,,,,,7,51.06993,100.691,10,10,,,
2026-06-02 05:02:26 UTC,,27.85926,,,,,7,50.51204,100.69,10,10,,,
2026-06-02 05:03:26 UTC,,27.84632,,,,,7,49.84502,100.687,10,10,,,
2026-06-02 05:04:26 UTC,,27.80436,,,,,7,49.27496,100.686,10,10,,,
2026-06-02 05:05:26 UTC,,27.74693,,,,,8,48.77012,100.684,11,11,,,
2026-06-02 05:06:26 UTC,,27.69613,,,,,7,48.43061,100.683,10,10,,,
2026-06-02 05:07:26 UTC,,27.6529,,,,,6,48.38596,100.682,9,9,,,
2026-06-02 05:08:26 UTC,,27.61724,,,,,6,48.72733,100.681,8,8,,,
2026-06-02 05:09:26 UTC,,27.64911,,,,,7,48.62691,100.681,10,10,,,
2026-06-02 05:10:26 UTC,,27.68982,,,,,7,48.58642,100.678,10,10,,,
2026-06-02 05:11:26 UTC,,27.71537,,,,,7,50.05812,100.676,10,10,,,
2026-06-02 05:12:26 UTC,,27.77407,,,,,7,49.829,100.675,10,10,,,
2026-06-02 05:13:26 UTC,,27.83844,,,,,6,49.73882,100.673,8,8,,,
2026-06-02 05:14:27 UTC,,27.88419,,,,,6,49.75794,100.671,8,8,,,
2026-06-02 05:15:27 UTC,,27.91133,,,,,6,51.2265,100.669,8,8,,,
2026-06-02 05:16:27 UTC,,27.90376,,,,,6,50.50474,100.668,8,8,,,
2026-06-02 05:17:27 UTC,,27.8864,,,,,6,49.69908,100.666,8,8,,,
2026-06-02 05:18:27 UTC,,27.8214,,,,,6,49.16578,100.664,9,9,,,
2026-06-02 05:19:27 UTC,,27.76113,,,,,6,48.61515,100.662,8,8,,,
2026-06-02 05:20:27 UTC,,27.69802,,,,,6,48.13755,100.662,8,8,,,
2026-06-02 05:21:27 UTC,,27.6062,,,,,6,48.55613,100.66,8,8,,,
2026-06-02 05:22:27 UTC,,27.57622,,,,,7,48.33706,100.66,10,10,,,
2026-06-02 05:23:27 UTC,,27.60209,,,,,6,48.12536,100.658,8,8,,,
2026-06-02 05:24:27 UTC,,27.63554,,,,,6,48.16217,100.657,8,8,,,
2026-06-02 05:25:27 UTC,,27.66173,,,,,7,49.59098,100.657,10,10,,,
2026-06-02 05:26:27 UTC,,27.70875,,,,,7,49.6168,100.656,10,10,,,
2026-06-02 05:27:28 UTC,,27.7706,,,,,6,49.35582,100.657,8,8,,,
2026-06-02 05:28:28 UTC,,27.81161,,,,,6,49.52515,100.656,8,8,,,
2026-06-02 05:29:28 UTC,,27.86179,,,,,6,50.82283,100.657,8,8,,,
2026-06-02 05:30:28 UTC,,27.91196,,,,,6,50.76339,100.656,8,8,,,
2026-06-02 05:31:28 UTC,,27.96813,,,,,5,50.62549,100.658,7,7,,,
2026-06-02 05:32:28 UTC,,28.01577,,,,,6,50.47994,100.658,8,8,,,
2026-06-02 05:33:28 UTC,,28.04197,,,,,6,51.84802,100.659,8,8,,,
2026-06-02 05:34:28 UTC,,28.03187,,,,,6,51.03068,100.658,8,8,,,
2026-06-02 05:35:28 UTC,,27.99495,,,,,6,50.20023,100.657,8,8,,,
2026-06-02 05:36:28 UTC,,27.95551,,,,,6,49.73439,100.656,8,8,,,
2026-06-02 05:37:28 UTC,,27.8924,,,,,5,49.02435,100.653,7,7,,,
2026-06-02 05:38:28 UTC,,27.81982,,,,,6,48.57044,100.652,8,8,,,
2026-06-02 05:39:29 UTC,,27.71474,,,,,6,48.60267,100.65,8,8,,,
2026-06-02 05:40:29 UTC,,27.65794,,,,,6,48.80444,100.648,8,8,,,
2026-06-02 05:41:29 UTC,,27.66173,,,,,6,48.43274,100.647,8,8,,,
2026-06-02 05:42:29 UTC,,27.70717,,,,,6,48.25597,100.646,8,8,,,
2026-06-02 05:43:29 UTC,,27.73178,,,,,6,49.28522,100.644,8,8,,,
2026-06-02 05:44:29 UTC,,27.77122,,,,,6,49.82206,100.643,8,8,,,
2026-06-02 05:45:29 UTC,,27.82266,,,,,6,49.69733,100.643,8,8,,,
2026-06-02 05:46:29 UTC,,27.8823,,,,,6,49.49497,100.641,8,8,,,
2026-06-02 05:47:29 UTC,,27.92017,,,,,6,50.62574,100.641,9,9,,,
2026-06-02 05:48:29 UTC,,27.95235,,,,,6,51.00683,100.639,8,8,,,
2026-06-02 05:49:29 UTC,,28.00031,,,,,6,50.85445,100.638,8,8,,,
2026-06-02 05:50:29 UTC,,28.05869,,,,,6,50.61767,100.636,8,8,,,
2026-06-02 05:51:30 UTC,,28.08835,,,,,6,51.45576,100.633,8,8,,,
2026-06-02 05:52:30 UTC,,28.06689,,,,,5,51.55243,100.631,7,7,,,
2026-06-02 05:53:30 UTC,,28.03566,,,,,6,50.58161,100.628,8,8,,,
2026-06-02 05:54:30 UTC,,27.99842,,,,,6,49.94387,100.627,8,8,,,
2026-06-02 05:55:30 UTC,,27.95014,,,,,5,49.40537,100.624,7,7,,,
2026-06-02 05:56:30 UTC,,27.87599,,,,,6,48.76056,100.622,8,8,,,
2026-06-02 05:57:30 UTC,,27.80783,,,,,6,48.23622,100.621,8,8,,,
2026-06-02 05:58:30 UTC,,27.7403,,,,,6,48.46888,100.619,8,8,,,
2026-06-02 05:59:30 UTC,,27.72957,,,,,6,48.3175,100.619,8,8,,,
2026-06-02 06:00:30 UTC,,27.75608,,,,,5,48.18401,100.619,7,7,,,
2026-06-02 06:01:30 UTC,,27.78385,,,,,5,48.53971,100.618,7,7,,,
2026-06-02 06:02:30 UTC,,27.82329,,,,,6,49.62516,100.618,8,8,,,
2026-06-02 06:03:31 UTC,,27.87378,,,,,5,49.5792,100.617,7,7,,,
2026-06-02 06:04:31 UTC,,27.92143,,,,,6,49.4935,100.617,8,8,,,
2026-06-02 06:05:31 UTC,,27.95803,,,,,6,49.6493,100.616,8,8,,,
2026-06-02 06:06:31 UTC,,27.98706,,,,,5,50.97176,100.616,7,7,,,
2026-06-02 06:07:31 UTC,,28.0224,,,,,5,50.98308,100.615,7,7,,,
2026-06-02 06:08:31 UTC,,28.06626,,,,,6,50.81032,100.613,8,8,,,
2026-06-02 06:09:31 UTC,,28.11044,,,,,5,50.72365,100.611,7,7,,,
2026-06-02 06:10:31 UTC,,28.12243,,,,,5,51.99859,100.609,7,7,,,
2026-06-02 06:11:31 UTC,,28.10129,,,,,5,51.13265,100.608,7,7,,,
2026-06-02 06:12:31 UTC,,28.07037,,,,,5,50.26948,100.607,7,7,,,
2026-06-02 06:13:31 UTC,,28.02051,,,,,5,49.71002,100.606,7,7,,,
2026-06-02 06:14:31 UTC,,27.96213,,,,,5,49.14469,100.605,7,7,,,
2026-06-02 06:15:32 UTC,,27.8823,,,,,6,48.84638,100.603,8,8,,,
2026-06-02 06:16:32 UTC,,27.79773,,,,,5,48.45665,100.601,7,7,,,
2026-06-02 06:17:32 UTC,,27.74535,,,,,6,48.74378,100.6,8,8,,,
2026-06-02 06:18:32 UTC,,27.73241,,,,,5,48.61147,100.6,7,7,,,
2026-06-02 06:19:32 UTC,,27.76144,,,,,5,48.44548,100.599,7,7,,,
2026-06-02 06:20:32 UTC,,27.7848,,,,,5,49.64641,100.598,7,7,,,
2026-06-02 06:21:32 UTC,,27.81824,,,,,5,49.92027,100.598,7,7,,,
2026-06-02 06:22:32 UTC,,27.86179,,,,,5,49.7813,100.598,7,7,,,
2026-06-02 06:23:32 UTC,,27.92269,,,,,6,49.61185,100.598,8,8,,,
2026-06-02 06:24:32 UTC,,27.95866,,,,,5,50.63744,100.599,7,7,,,
2026-06-02 06:25:32 UTC,,27.994,,,,,6,51.08521,100.599,8,8,,,
2026-06-02 06:26:32 UTC,,28.04197,,,,,5,50.8666,100.598,7,7,,,
2026-06-02 06:27:32 UTC,,28.09151,,,,,5,50.82029,100.597,7,7,,,
2026-06-02 06:28:33 UTC,,28.12306,,,,,6,51.60646,100.596,8,8,,,
2026-06-02 06:29:33 UTC,,28.12748,,,,,6,51.66682,100.595,8,8,,,
2026-06-02 06:30:33 UTC,,28.10539,,,,,5,51.014,100.595,7,7,,,
2026-06-02 06:31:33 UTC,,28.06343,,,,,5,50.14994,100.592,7,7,,,
2026-06-02 06:32:33 UTC,,28.00378,,,,,5,49.53704,100.591,7,7,,,
2026-06-02 06:33:33 UTC,,27.94415,,,,,5,48.88705,100.589,7,7,,,
2026-06-02 06:34:33 UTC,,27.89334,,,,,5,49.18819,100.587,7,7,,,
2026-06-02 06:35:33 UTC,,27.88798,,,,,5,48.93214,100.585,7,7,,,
2026-06-02 06:36:33 UTC,,27.91512,,,,,5,48.85061,100.584,7,7,,,
2026-06-02 06:37:33 UTC,,27.92237,,,,,5,49.79578,100.583,7,7,,,
2026-06-02 06:38:33 UTC,,27.95614,,,,,5,50.20829,100.584,7,7,,,
2026-06-02 06:39:33 UTC,,27.98927,,,,,5,50.15336,100.585,7,7,,,
2026-06-02 06:40:34 UTC,,28.03818,,,,,5,50.04782,100.586,7,7,,,
2026-06-02 06:41:34 UTC,,28.05522,,,,,5,50.78241,100.586,7,7,,,
2026-06-02 06:42:34 UTC,,28.04733,,,,,5,51.36401,100.585,7,7,,,
2026-06-02 06:43:34 UTC,,28.02335,,,,,6,50.54036,100.584,8,8,,,
2026-06-02 06:44:34 UTC,,27.97917,,,,,5,49.7835,100.582,7,7,,,
2026-06-02 06:45:34 UTC,,27.91291,,,,,5,49.32838,100.58,7,7,,,
2026-06-02 06:46:34 UTC,,27.84759,,,,,5,48.73077,100.579,7,7,,,
2026-06-02 06:47:34 UTC,,27.77975,,,,,5,48.91165,100.578,7,7,,,
2026-06-02 06:48:34 UTC,,27.75608,,,,,5,48.7909,100.578,7,7,,,
2026-06-02 06:49:34 UTC,,27.77249,,,,,5,48.55784,100.577,7,7,,,
2026-06-02 06:50:34 UTC,,27.7728,,,,,5,48.67543,100.576,7,7,,,
2026-06-02 06:51:34 UTC,,27.79521,,,,,5,50.10152,100.575,7,7,,,
2026-06-02 06:52:35 UTC,,27.8438,,,,,5,49.90387,100.575,7,7,,,
2026-06-02 06:53:35 UTC,,27.89177,,,,,5,49.8115,100.573,7,7,,,
2026-06-02 06:54:35 UTC,,27.92332,,,,,6,49.88798,100.574,8,8,,,
2026-06-02 06:55:35 UTC,,27.9249,,,,,5,51.66612,100.574,7,7,,,
2026-06-02 06:56:35 UTC,,27.95803,,,,,5,51.53779,100.574,7,7,,,
2026-06-02 06:57:35 UTC,,28.0082,,,,,5,51.15333,100.574,7,7,,,
2026-06-02 06:58:35 UTC,,28.03597,,,,,5,51.15042,100.574,7,7,,,
2026-06-02 06:59:35 UTC,,28.06437,,,,,5,52.27039,100.574,7,7,,,
2026-06-02 07:00:35 UTC,,28.04796,,,,,5,51.70261,100.573,7,7,,,
2026-06-02 07:01:35 UTC,,28.02935,,,,,5,50.95093,100.572,7,7,,,
2026-06-02 07:02:35 UTC,,27.99179,,,,,5,50.12733,100.57,7,7,,,
2026-06-02 07:03:35 UTC,,27.9432,,,,,5,49.52259,100.568,7,7,,,
2026-06-02 07:04:35 UTC,,27.88577,,,,,4,49.397,100.567,6,6,,,
2026-06-02 07:05:35 UTC,,27.82392,,,,,6,49.0155,100.565,8,8,,,
2026-06-02 07:06:36 UTC,,27.77375,,,,,5,48.8324,100.563,7,7,,,
2026-06-02 07:07:36 UTC,,27.71474,,,,,5,48.58309,100.563,7,7,,,
2026-06-02 07:08:36 UTC,,27.66142,,,,,5,48.28925,100.563,7,7,,,
2026-06-02 07:09:36 UTC,,27.60556,,,,,4,48.19092,100.562,6,6,,,
2026-06-02 07:10:36 UTC,,27.53898,,,,,5,48.52796,100.562,7,7,,,
2026-06-02 07:11:36 UTC,,27.52668,,,,,5,48.63082,100.561,7,7,,,
2026-06-02 07:12:36 UTC,,27.55949,,,,,5,48.47839,100.561,7,7,,,
2026-06-02 07:13:36 UTC,,27.59452,,,,,5,48.60686,100.562,7,7,,,
2026-06-02 07:14:36 UTC,,27.61661,,,,,5,50.57238,100.562,7,7,,,
2026-06-02 07:15:36 UTC,,27.66931,,,,,5,50.30894,100.562,7,7,,,
2026-06-02 07:16:36 UTC,,27.73872,,,,,5,50.0941,100.563,7,7,,,
2026-06-02 07:17:36 UTC,,27.79363,,,,,5,50.35167,100.564,7,7,,,
2026-06-02 07:18:37 UTC,,27.81919,,,,,5,52.69057,100.566,7,7,,,
2026-06-02 07:19:37 UTC,,27.83718,,,,,5,53.17438,100.567,7,7,,,
2026-06-02 07:20:37 UTC,,27.8397,,,,,6,52.58658,100.569,8,8,,,
2026-06-02 07:21:37 UTC,,27.81004,,,,,5,51.69715,100.571,7,7,,,
2026-06-02 07:22:37 UTC,,27.79048,,,,,5,50.84641,100.573,7,7,,,
2026-06-02 07:23:37 UTC,,27.76081,,,,,5,50.22213,100.573,7,7,,,
2026-06-02 07:24:37 UTC,,27.71601,,,,,5,49.91346,100.573,7,7,,,
2026-06-02 07:25:37 UTC,,27.66773,,,,,5,49.26382,100.574,7,7,,,
2026-06-02 07:26:37 UTC,,27.61724,,,,,6,48.87112,100.574,8,8,,,
2026-06-02 07:27:37 UTC,,27.57969,,,,,6,48.38313,100.574,8,8,,,
2026-06-02 07:28:37 UTC,,27.5169,,,,,5,48.53167,100.574,7,7,,,
2026-06-02 07:29:37 UTC,,27.4907,,,,,5,49.14924,100.575,7,7,,,
2026-06-02 07:30:38 UTC,,27.53993,,,,,6,48.76968,100.577,8,8,,,
2026-06-02 07:31:38 UTC,,27.61724,,,,,5,48.64242,100.578,7,7,,,
2026-06-02 07:33:46 UTC,,27.75198,,,,,5,49.91159,100.581,7,7,,,
2026-06-02 07:34:46 UTC,,27.82802,,,,,5,49.75717,100.582,7,7,,,
2026-06-02 07:35:46 UTC,,27.89429,,,,,5,49.73296,100.583,7,7,,,
2026-06-02 07:36:46 UTC,,27.93121,,,,,5,51.18941,100.582,7,7,,,
2026-06-02 07:37:47 UTC,,27.93878,,,,,5,50.56878,100.583,7,7,,,
2026-06-02 07:38:47 UTC,,27.93121,,,,,5,49.90874,100.582,7,7,,,
2026-06-02 07:39:47 UTC,,27.91764,,,,,5,51.66513,100.581,7,7,,,
2026-06-02 07:40:47 UTC,,27.92648,,,,,6,54.79352,100.582,9,9,,,
2026-06-02 07:41:47 UTC,,27.94415,,,,,6,56.55944,100.583,8,8,,,
2026-06-02 07:42:47 UTC,,27.98138,,,,,6,57.71283,100.585,9,9,,,
2026-06-02 07:43:47 UTC,,28.00726,,,,,6,56.50723,100.586,9,9,,,
2026-06-02 07:44:47 UTC,,28.00568,,,,,7,55.24408,100.588,10,10,,,
2026-06-02 07:45:47 UTC,,27.99653,,,,,7,54.08895,100.59,10,10,,,
2026-06-02 07:46:47 UTC,,27.97823,,,,,7,53.10006,100.591,10,10,,,
2026-06-02 07:47:47 UTC,,27.9331,,,,,7,52.20594,100.592,10,10,,,
2026-06-02 07:48:47 UTC,,27.89492,,,,,7,51.54922,100.593,10,10,,,
2026-06-02 07:49:47 UTC,,27.8498,,,,,7,50.8014,100.594,10,10,,,
2026-06-02 07:50:48 UTC,,27.8072,,,,,7,50.16235,100.594,10,10,,,
2026-06-02 07:51:48 UTC,,27.75513,,,,,7,49.60971,100.593,10,10,,,
2026-06-02 07:52:48 UTC,,27.70938,,,,,7,49.03344,100.593,10,10,,,
2026-06-02 07:53:48 UTC,,27.66773,,,,,7,49.12627,100.592,10,10,,,
2026-06-02 07:54:48 UTC,,27.68382,,,,,7,48.97125,100.591,10,10,,,
2026-06-02 07:55:48 UTC,,27.73715,,,,,7,48.9127,100.59,10,10,,,
2026-06-02 07:56:48 UTC,,27.75766,,,,,7,49.21648,100.589,10,10,,,
2026-06-02 07:57:48 UTC,,27.80215,,,,,6,50.29348,100.589,8,8,,,
2026-06-02 07:58:48 UTC,,27.86841,,,,,6,50.26264,100.589,8,8,,,
2026-06-02 07:59:48 UTC,,27.95361,,,,,6,50.0433,100.589,8,8,,,
2026-06-02 08:00:48 UTC,,28.01798,,,,,7,50.06492,100.589,10,10,,,
2026-06-02 08:01:48 UTC,,28.06469,,,,,7,51.55212,100.589,10,10,,,
2026-06-02 08:02:48 UTC,,28.06974,,,,,7,50.87693,100.589,10,10,,,
2026-06-02 08:03:49 UTC,,28.0549,,,,,6,50.24108,100.589,8,8,,,
2026-06-02 08:04:49 UTC,,28.01262,,,,,6,49.71557,100.587,9,9,,,
2026-06-02 08:05:49 UTC,,27.96939,,,,,7,49.09977,100.587,10,10,,,
2026-06-02 08:06:49 UTC,,27.91638,,,,,7,48.60894,100.587,10,10,,,
2026-06-02 08:07:49 UTC,,27.85769,,,,,7,48.14483,100.587,10,10,,,
2026-06-02 08:08:49 UTC,,27.78259,,,,,7,47.85544,100.587,10,10,,,
2026-06-02 08:09:49 UTC,,27.71411,,,,,6,47.54792,100.587,9,9,,,
2026-06-02 08:10:49 UTC,,27.62544,,,,,6,47.2255,100.585,8,8,,,
2026-06-02 08:11:49 UTC,,27.54876,,,,,6,46.9764,100.585,8,8,,,
2026-06-02 08:12:49 UTC,,27.45473,,,,,6,46.7643,100.585,8,8,,,
2026-06-02 08:13:49 UTC,,27.35502,,,,,7,47.08166,100.584,10,10,,,
2026-06-02 08:14:49 UTC,,27.33767,,,,,7,46.93073,100.583,10,10,,,
2026-06-02 08:15:50 UTC,,27.38941,,,,,6,46.7562,100.584,8,8,,,
2026-06-02 08:16:50 UTC,,27.46167,,,,,7,46.70703,100.583,10,10,,,
2026-06-02 08:17:50 UTC,,27.50743,,,,,7,48.3674,100.584,10,10,,,
2026-06-02 08:18:50 UTC,,27.58221,,,,,6,48.22704,100.584,8,8,,,
2026-06-02 08:19:50 UTC,,27.67877,,,,,6,48.00491,100.584,8,8,,,
2026-06-02 08:20:50 UTC,,27.75482,,,,,6,48.09268,100.584,8,8,,,
2026-06-02 08:21:50 UTC,,27.81509,,,,,6,49.74234,100.584,8,8,,,
2026-06-02 08:22:50 UTC,,27.83497,,,,,6,49.23961,100.583,8,8,,,
2026-06-02 08:23:50 UTC,,27.8214,,,,,6,48.6882,100.583,9,9,,,
2026-06-02 08:24:50 UTC,,27.79268,,,,,6,48.18867,100.581,8,8,,,
2026-06-02 08:25:50 UTC,,27.74882,,,,,6,47.79264,100.579,8,8,,,
2026-06-02 08:26:50 UTC,,27.69013,,,,,6,47.53192,100.578,8,8,,,
2026-06-02 08:27:51 UTC,,27.62734,,,,,6,47.19336,100.576,8,8,,,
2026-06-02 08:28:51 UTC,,27.58095,,,,,6,47.59606,100.576,8,8,,,
2026-06-02 08:29:51 UTC,,27.59168,,,,,6,47.33792,100.575,9,9,,,
2026-06-02 08:30:51 UTC,,27.62355,,,,,6,47.22527,100.575,8,8,,,
2026-06-02 08:31:51 UTC,,27.66142,,,,,6,47.8466,100.576,8,8,,,
2026-06-02 08:32:51 UTC,,27.68887,,,,,6,48.89996,100.576,8,8,,,
2026-06-02 08:33:51 UTC,,27.73273,,,,,6,48.71602,100.577,8,8,,,
2026-06-02 08:34:51 UTC,,27.80846,,,,,6,48.3993,100.578,8,8,,,
2026-06-02 08:35:51 UTC,,27.85958,,,,,6,49.30835,100.579,8,8,,,
2026-06-02 08:36:51 UTC,,27.88419,,,,,6,49.77108,100.579,8,8,,,
2026-06-02 08:37:51 UTC,,27.87094,,,,,5,49.14598,100.58,7,7,,,
2026-06-02 08:38:51 UTC,,27.85232,,,,,6,48.60725,100.58,8,8,,,
2026-06-02 08:39:52 UTC,,27.81982,,,,,6,47.99027,100.58,8,8,,,
2026-06-02 08:40:52 UTC,,27.77501,,,,,6,47.67897,100.581,8,8,,,
2026-06-02 08:41:52 UTC,,27.73683,,,,,6,47.67416,100.582,8,8,,,
2026-06-02 08:42:52 UTC,,27.75608,,,,,6,47.56619,100.585,8,8,,,
2026-06-02 08:43:52 UTC,,27.79268,,,,,5,47.46045,100.586,7,7,,,
2026-06-02 08:44:52 UTC,,27.83907,,,,,6,47.68057,100.587,8,8,,,
2026-06-02 08:45:52 UTC,,27.86778,,,,,6,48.90992,100.59,8,8,,,
2026-06-02 08:46:52 UTC,,27.90565,,,,,6,48.89516,100.591,9,9,,,
2026-06-02 08:47:52 UTC,,27.98201,,,,,6,48.55858,100.593,8,8,,,
2026-06-02 08:48:52 UTC,,28.02335,,,,,6,49.14606,100.595,8,8,,,
2026-06-02 08:49:52 UTC,,28.01451,,,,,5,50.63824,100.597,7,7,,,
2026-06-02 08:50:52 UTC,,28.00978,,,,,6,49.49187,100.597,8,8,,,
2026-06-02 08:51:53 UTC,,27.99022,,,,,6,48.86028,100.599,8,8,,,
2026-06-02 08:52:53 UTC,,27.95109,,,,,6,48.22842,100.6,8,8,,,
2026-06-02 08:53:53 UTC,,27.90502,,,,,6,47.83192,100.601,8,8,,,
2026-06-02 08:54:53 UTC,,27.83686,,,,,5,47.77128,100.602,7,7,,,
2026-06-02 08:55:53 UTC,,27.7889,,,,,6,48.19471,100.602,8,8,,,
2026-06-02 08:56:53 UTC,,27.80183,,,,,6,48.18984,100.604,8,8,,,
2026-06-02 08:57:53 UTC,,27.84727,,,,,6,48.34556,100.605,8,8,,,
2026-06-02 08:58:53 UTC,,27.87946,,,,,6,49.50117,100.604,8,8,,,
2026-06-02 08:59:53 UTC,,27.91732,,,,,6,49.82143,100.603,8,8,,,
2026-06-02 09:00:53 UTC,,27.96687,,,,,6,49.80161,100.603,8,8,,,
2026-06-02 09:01:53 UTC,,28.02304,,,,,5,49.88788,100.604,7,7,,,
2026-06-02 09:02:53 UTC,,28.0792,,,,,6,50.87819,100.604,8,8,,,
2026-06-02 09:03:53 UTC,,28.09813,,,,,6,50.45124,100.604,8,8,,,
2026-06-02 09:04:54 UTC,,28.0975,,,,,5,49.94371,100.603,7,7,,,
2026-06-02 09:05:54 UTC,,28.07888,,,,,5,49.2778,100.603,7,7,,,
2026-06-02 09:06:54 UTC,,28.03944,,,,,5,48.9517,100.602,7,7,,,
2026-06-02 09:07:54 UTC,,27.97412,,,,,6,48.55104,100.602,8,8,,,
2026-06-02 09:08:54 UTC,,27.91512,,,,,6,48.09353,100.602,8,8,,,
2026-06-02 09:09:54 UTC,,27.87441,,,,,6,47.59409,100.602,8,8,,,
2026-06-02 09:10:54 UTC,,27.82582,,,,,6,47.28303,100.601,8,8,,,
2026-06-02 09:11:54 UTC,,27.75576,,,,,6,47.20295,100.6,8,8,,,
2026-06-02 09:12:54 UTC,,27.69423,,,,,6,46.97512,100.599,8,8,,,
2026-06-02 09:13:54 UTC,,27.66047,,,,,6,47.19102,100.599,8,8,,,
2026-06-02 09:14:54 UTC,,27.68066,,,,,5,47.05756,100.599,7,7,,,
2026-06-02 09:15:54 UTC,,27.69833,,,,,5,47.17633,100.599,7,7,,,
2026-06-02 09:16:55 UTC,,27.73241,,,,,5,48.14844,100.6,7,7,,,
2026-06-02 09:17:55 UTC,,27.75229,,,,,5,49.01934,100.6,7,7,,,
2026-06-02 09:18:55 UTC,,27.79868,,,,,6,48.92064,100.601,8,8,,,
2026-06-02 09:19:55 UTC,,27.85926,,,,,5,48.93497,100.603,7,7,,,
2026-06-02 09:20:55 UTC,,27.90912,,,,,5,49.7349,100.603,7,7,,,
2026-06-02 09:21:55 UTC,,27.94352,,,,,6,49.91693,100.605,8,8,,,
2026-06-02 09:22:55 UTC,,27.9574,,,,,5,49.31449,100.604,7,7,,,
2026-06-02 09:23:55 UTC,,27.94572,,,,,5,48.70417,100.604,7,7,,,
2026-06-02 09:24:55 UTC,,27.92206,,,,,5,48.23124,100.604,7,7,,,
2026-06-02 09:25:55 UTC,,27.88135,,,,,5,47.7249,100.603,7,7,,,
2026-06-02 09:26:55 UTC,,27.82424,,,,,5,47.46442,100.602,7,7,,,
2026-06-02 09:27:55 UTC,,27.7586,,,,,5,47.15796,100.6,7,7,,,
2026-06-02 09:28:56 UTC,,27.70465,,,,,6,46.86,100.6,8,8,,,
2026-06-02 09:29:56 UTC,,27.64564,,,,,6,46.53614,100.601,8,8,,,
2026-06-02 09:30:56 UTC,,27.58253,,,,,6,46.2704,100.6,8,8,,,
2026-06-02 09:31:56 UTC,,27.51721,,,,,6,46.29459,100.6,8,8,,,
2026-06-02 09:32:56 UTC,,27.47051,,,,,6,46.66939,100.601,8,8,,,
2026-06-02 09:33:56 UTC,,27.47619,,,,,6,46.48293,100.6,8,8,,,
2026-06-02 09:34:56 UTC,,27.50427,,,,,5,46.63482,100.6,7,7,,,
2026-06-02 09:35:56 UTC,,27.53046,,,,,5,47.4275,100.6,7,7,,,
2026-06-02 09:36:56 UTC,,27.56234,,,,,6,48.32877,100.599,8,8,,,
2026-06-02 09:37:56 UTC,,27.61724,,,,,6,48.18589,100.599,8,8,,,
2026-06-02 09:38:56 UTC,,27.68003,,,,,5,48.25904,100.6,7,7,,,
2026-06-02 09:39:56 UTC,,27.72768,,,,,5,48.73498,100.599,7,7,,,
2026-06-02 09:40:57 UTC,,27.75955,,,,,5,49.39373,100.599,7,7,,,
2026-06-02 09:41:57 UTC,,27.76113,,,,,6,48.94196,100.599,8,8,,,
2026-06-02 09:42:57 UTC,,27.74598,,,,,5,48.50222,100.6,7,7,,,
2026-06-02 09:43:57 UTC,,27.71569,,,,,6,47.95102,100.599,8,8,,,
2026-06-02 09:44:57 UTC,,27.68698,,,,,6,47.44717,100.599,8,8,,,
2026-06-02 09:45:57 UTC,,27.64911,,,,,7,47.1896,100.597,10,10,,,
2026-06-02 09:46:57 UTC,,27.59231,,,,,6,46.89775,100.597,8,8,,,
2026-06-02 09:47:57 UTC,,27.54687,,,,,6,46.52392,100.597,9,9,,,
2026-06-02 09:48:57 UTC,,27.50333,,,,,6,46.82203,100.596,8,8,,,
2026-06-02 09:49:57 UTC,,27.52005,,,,,6,46.85643,100.596,8,8,,,
2026-06-02 09:50:57 UTC,,27.55571,,,,,6,46.78976,100.597,8,8,,,
2026-06-02 09:51:57 UTC,,27.60683,,,,,6,47.43709,100.598,8,8,,,
2026-06-02 09:52:58 UTC,,27.63649,,,,,6,48.50128,100.598,8,8,,,
2026-06-02 09:53:58 UTC,,27.6854,,,,,6,48.39663,100.6,8,8,,,
2026-06-02 09:54:58 UTC,,27.73809,,,,,6,48.40988,100.601,8,8,,,
2026-06-02 09:55:58 UTC,,27.79521,,,,,6,48.81555,100.602,9,9,,,
2026-06-02 09:56:58 UTC,,27.82455,,,,,5,49.60562,100.604,7,7,,,
2026-06-02 09:57:58 UTC,,27.8296,,,,,6,49.02933,100.605,8,8,,,
2026-06-02 09:58:58 UTC,,27.80941,,,,,6,48.43856,100.606,8,8,,,
2026-06-02 09:59:58 UTC,,27.78827,,,,,6,47.99928,100.607,8,8,,,
2026-06-02 10:00:58 UTC,,27.73967,,,,,6,47.5836,100.607,8,8,,,
2026-06-02 10:01:58 UTC,,27.67372,,,,,6,47.251,100.608,9,9,,,
2026-06-02 10:02:58 UTC,,27.63491,,,,,6,46.89658,100.608,8,8,,,
2026-06-02 10:03:58 UTC,,27.5759,,,,,6,46.57269,100.609,8,8,,,
2026-06-02 10:04:58 UTC,,27.53046,,,,,6,46.28332,100.609,8,8,,,
2026-06-02 10:05:58 UTC,,27.47966,,,,,6,46.36084,100.61,8,8,,,
2026-06-02 10:06:59 UTC,,27.46231,,,,,6,46.63609,100.61,8,8,,,
2026-06-02 10:07:59 UTC,,27.48692,,,,,6,46.40687,100.611,8,8,,,
2026-06-02 10:08:59 UTC,,27.5333,,,,,6,46.3868,100.613,8,8,,,
2026-06-02 10:09:59 UTC,,27.5778,,,,,6,47.77103,100.614,8,8,,,
2026-06-02 10:10:59 UTC,,27.61377,,,,,6,48.00967,100.617,8,8,,,
2026-06-02 10:11:59 UTC,,27.66962,,,,,6,48.06232,100.619,8,8,,,
2026-06-02 10:12:59 UTC,,27.74472,,,,,6,47.85714,100.62,8,8,,,
2026-06-02 10:13:59 UTC,,27.79552,,,,,6,49.28693,100.622,8,8,,,
2026-06-02 10:14:59 UTC,,27.81477,,,,,6,49.21078,100.624,8,8,,,
2026-06-02 10:15:59 UTC,,27.81319,,,,,6,48.50431,100.625,8,8,,,
2026-06-02 10:16:59 UTC,,27.79489,,,,,6,47.96107,100.626,8,8,,,
2026-06-02 10:17:59 UTC,,27.72989,,,,,6,48.10904,100.626,8,8,,,
2026-06-02 10:18:59 UTC,,27.72105,,,,,6,47.98423,100.626,9,9,,,
2026-06-02 10:20:00 UTC,,27.7545,,,,,6,47.72187,100.627,8,8,,,
2026-06-02 10:21:00 UTC,,27.76681,,,,,6,47.86644,100.627,8,8,,,
2026-06-02 10:22:00 UTC,,27.77375,,,,,6,49.23167,100.627,8,8,,,
2026-06-02 10:23:00 UTC,,27.81225,,,,,6,49.15804,100.628,9,9,,,
2026-06-02 10:24:00 UTC,,27.86305,,,,,6,48.88968,100.628,8,8,,,
2026-06-02 10:25:00 UTC,,27.91669,,,,,7,48.77888,100.627,10,10,,,
2026-06-02 10:26:00 UTC,,27.94825,,,,,7,50.18091,100.629,10,10,,,
2026-06-02 10:27:00 UTC,,27.94383,,,,,6,49.62774,100.63,8,8,,,
2026-06-02 10:28:00 UTC,,27.91764,,,,,6,48.87055,100.629,8,8,,,
2026-06-02 10:29:00 UTC,,27.88829,,,,,6,48.14873,100.63,9,9,,,
2026-06-02 10:30:00 UTC,,27.84254,,,,,7,47.60306,100.629,10,10,,,
2026-06-02 10:31:00 UTC,,27.78574,,,,,6,47.48554,100.628,8,8,,,
2026-06-02 10:32:01 UTC,,27.74535,,,,,6,47.66874,100.627,9,9,,,
2026-06-02 10:33:01 UTC,,27.75734,,,,,6,47.54687,100.627,9,9,,,
2026-06-02 10:34:01 UTC,,27.77122,,,,,7,47.42532,100.628,10,10,,,
2026-06-02 10:35:01 UTC,,27.79048,,,,,7,48.80841,100.629,10,10,,,
2026-06-02 10:36:01 UTC,,27.78606,,,,,7,48.97788,100.629,10,10,,,
2026-06-02 10:37:01 UTC,,27.83875,,,,,7,48.65776,100.631,10,10,,,
2026-06-02 10:38:01 UTC,,27.90691,,,,,7,48.43146,100.631,10,10,,,
2026-06-02 10:39:01 UTC,,27.94162,,,,,7,49.77201,100.632,10,10,,,
2026-06-02 10:40:01 UTC,,27.93973,,,,,8,49.39746,100.632,11,11,,,
2026-06-02 10:41:01 UTC,,27.91985,,,,,8,48.56367,100.632,11,11,,,
2026-06-02 10:42:01 UTC,,27.88451,,,,,8,48.01149,100.631,11,11,,,
2026-06-02 10:43:01 UTC,,27.84443,,,,,8,48.28,100.631,11,11,,,
2026-06-02 10:44:02 UTC,,27.82866,,,,,8,48.2519,100.631,11,11,,,
2026-06-02 10:45:02 UTC,,27.86526,,,,,8,47.97651,100.633,11,11,,,
2026-06-02 10:46:02 UTC,,27.85485,,,,,8,48.77747,100.633,11,11,,,
2026-06-02 10:47:02 UTC,,27.86747,,,,,8,49.60464,100.633,11,11,,,
2026-06-02 10:48:02 UTC,,27.91922,,,,,9,49.48009,100.634,13,13,,,
2026-06-02 10:49:02 UTC,,27.98611,,,,,9,49.1609,100.635,13,13,,,
2026-06-02 10:50:02 UTC,,28.03534,,,,,8,49.44269,100.636,11,11,,,
2026-06-02 10:51:02 UTC,,28.06027,,,,,9,50.40005,100.638,13,13,,,
2026-06-02 10:52:02 UTC,,28.05932,,,,,8,49.52459,100.638,12,12,,,
2026-06-02 10:53:02 UTC,,28.03566,,,,,10,48.78766,100.639,14,14,,,
2026-06-02 10:54:02 UTC,,28.00063,,,,,9,48.19564,100.64,13,13,,,
2026-06-02 10:55:02 UTC,,27.91259,,,,,10,48.12577,100.64,14,14,,,
2026-06-02 10:56:03 UTC,,27.88609,,,,,9,48.168,100.64,13,13,,,
2026-06-02 10:57:03 UTC,,27.8823,,,,,9,48.14797,100.642,13,13,,,
2026-06-02 10:58:03 UTC,,27.91417,,,,,9,47.91114,100.643,13,13,,,
2026-06-02 10:59:03 UTC,,27.93941,,,,,10,49.08935,100.644,14,14,,,
2026-06-02 11:00:03 UTC,,27.98043,,,,,9,49.16671,100.645,13,13,,,
2026-06-02 11:01:03 UTC,,28.02966,,,,,9,48.91771,100.647,13,13,,,
2026-06-02 11:02:03 UTC,,28.09182,,,,,9,48.72952,100.649,13,13,,,
2026-06-02 11:03:03 UTC,,28.13316,,,,,9,50.07349,100.652,13,13,,,
2026-06-02 11:04:03 UTC,,28.13411,,,,,9,49.46869,100.654,13,13,,,
2026-06-02 11:05:03 UTC,,28.10949,,,,,9,48.73179,100.656,13,13,,,
2026-06-02 11:06:03 UTC,,28.07952,,,,,10,48.2057,100.657,14,14,,,
2026-06-02 11:07:03 UTC,,28.00663,,,,,10,48.11169,100.656,14,14,,,
2026-06-02 11:08:04 UTC,,28.00063,,,,,10,47.96117,100.657,14,14,,,
2026-06-02 11:09:04 UTC,,28.00631,,,,,10,47.92284,100.657,14,14,,,
2026-06-02 11:10:04 UTC,,28.03439,,,,,10,48.01102,100.657,14,14,,,
2026-06-02 11:11:04 UTC,,28.06469,,,,,10,49.68293,100.657,14,14,,,
2026-06-02 11:12:04 UTC,,28.07763,,,,,10,49.68462,100.658,14,14,,,
2026-06-02 11:13:04 UTC,,28.11959,,,,,10,49.70983,100.66,14,15,,,
2026-06-02 11:14:04 UTC,,28.17892,,,,,10,49.45483,100.661,14,14,,,
2026-06-02 11:15:04 UTC,,28.22593,,,,,10,50.73239,100.662,14,14,,,
2026-06-02 11:16:04 UTC,,28.24518,,,,,11,50.03553,100.663,15,17,,,
2026-06-02 11:17:04 UTC,,28.22972,,,,,11,49.38269,100.663,16,18,,,
2026-06-02 11:18:04 UTC,,28.19848,,,,,11,48.78903,100.664,15,17,,,
2026-06-02 11:19:04 UTC,,28.15462,,,,,11,48.26745,100.663,16,18,,,
2026-06-02 11:20:04 UTC,,28.10634,,,,,11,47.7599,100.663,16,18,,,
2026-06-02 11:21:05 UTC,,28.05522,,,,,11,47.26645,100.664,16,18,,,
2026-06-02 11:22:05 UTC,,27.99463,,,,,11,46.9997,100.663,16,18,,,
2026-06-02 11:23:05 UTC,,27.93752,,,,,11,47.0573,100.662,16,18,,,
2026-06-02 11:24:05 UTC,,27.92521,,,,,11,47.0234,100.662,16,18,,,
2026-06-02 11:25:05 UTC,,27.95519,,,,,11,46.87183,100.663,16,18,,,
2026-06-02 11:26:05 UTC,,27.98454,,,,,11,46.9596,100.663,16,18,,,
2026-06-02 11:27:05 UTC,,28.01483,,,,,11,48.27567,100.664,16,18,,,
2026-06-02 11:28:05 UTC,,28.0467,,,,,11,48.40368,100.665,16,18,,,
2026-06-02 11:29:05 UTC,,28.08961,,,,,12,48.40265,100.666,17,19,,,
2026-06-02 11:30:05 UTC,,28.15146,,,,,11,48.39753,100.667,16,18,,,
2026-06-02 11:31:05 UTC,,28.18523,,,,,11,49.70527,100.668,16,18,,,
2026-06-02 11:32:05 UTC,,28.19974,,,,,11,49.12305,100.668,16,18,,,
2026-06-02 11:33:06 UTC,,28.18838,,,,,11,48.52629,100.669,16,18,,,
2026-06-02 11:34:06 UTC,,28.17292,,,,,12,47.99609,100.669,17,19,,,
2026-06-02 11:35:06 UTC,,28.1319,,,,,12,47.48373,100.669,17,19,,,
2026-06-02 11:36:06 UTC,,28.07257,,,,,12,47.06773,100.669,17,20,,,
2026-06-02 11:37:06 UTC,,28.00978,,,,,12,46.60713,100.669,17,20,,,
2026-06-02 11:38:06 UTC,,27.94004,,,,,12,46.57909,100.669,17,19,,,
2026-06-02 11:39:06 UTC,,27.88987,,,,,12,46.56641,100.67,17,20,,,
2026-06-02 11:40:06 UTC,,27.89808,,,,,12,46.50286,100.67,17,19,,,
2026-06-02 11:41:06 UTC,,27.89555,,,,,12,46.70923,100.67,17,20,,,
2026-06-02 11:42:06 UTC,,27.92932,,,,,12,46.95917,100.672,17,20,,,
2026-06-02 11:43:06 UTC,,27.96276,,,,,13,49.33485,100.674,19,22,,,
2026-06-02 11:44:06 UTC,,28.01104,,,,,13,49.3936,100.677,19,22,,,
2026-06-02 11:45:07 UTC,,28.05743,,,,,14,49.70169,100.679,20,23,,,
2026-06-02 11:46:07 UTC,,28.13474,,,,,14,48.89856,100.681,20,23,,,
2026-06-02 11:47:07 UTC,,28.17103,,,,,17,50.7317,100.684,25,29,,,
2026-06-02 11:48:07 UTC,,28.1846,,,,,26,50.04732,100.686,38,44,,,
2026-06-02 11:49:07 UTC,,28.18302,,,,,27,49.32412,100.689,39,46,,,
2026-06-02 11:50:07 UTC,,28.15556,,,,,27,49.14354,100.69,39,46,,,
2026-06-03 03:10:22 UTC,,27.96056,,,,,7,54.11084,100.755,10,10,,,
2026-06-03 03:11:22 UTC,,27.72452,,,,,9,54.08469,100.755,13,13,,,
2026-06-03 03:12:22 UTC,,27.53835,,,,,8,53.16012,100.754,11,11,,,
2026-06-03 03:13:22 UTC,,27.38689,,,,,8,52.41834,100.754,11,11,,,
2026-06-03 03:14:22 UTC,,27.28434,,,,,8,51.80582,100.753,11,11,,,
2026-06-03 03:15:23 UTC,,27.20387,,,,,8,51.09256,100.751,11,11,,,
2026-06-03 03:16:23 UTC,,27.14518,,,,,8,50.49709,100.749,11,11,,,
2026-06-03 03:17:23 UTC,,27.08933,,,,,8,50.12096,100.748,11,11,,,
2026-06-03 03:18:23 UTC,,27.0786,,,,,8,50.27093,100.745,11,11,,,
2026-06-03 03:19:23 UTC,,27.10763,,,,,8,50.06416,100.745,11,11,,,
2026-06-03 03:20:23 UTC,,27.16096,,,,,8,50.13691,100.744,11,11,,,
2026-06-03 03:21:23 UTC,,27.22186,,,,,8,50.7381,100.744,11,11,,,
2026-06-03 03:22:23 UTC,,27.29002,,,,,8,51.49473,100.743,11,11,,,
2026-06-03 03:23:23 UTC,,27.36638,,,,,8,51.29287,100.742,11,11,,,
2026-06-03 03:24:23 UTC,,27.45031,,,,,8,51.46312,100.741,11,11,,,
2026-06-03 03:25:23 UTC,,27.53551,,,,,9,52.33854,100.741,13,13,,,
2026-06-03 03:26:23 UTC,,27.6084,,,,,9,52.24186,100.741,13,13,,,
2026-06-03 03:27:24 UTC,,27.64722,,,,,9,51.33698,100.74,13,13,,,
2026-06-03 03:28:24 UTC,,27.69044,,,,,9,51.82056,100.74,13,13,,,
2026-06-03 03:29:24 UTC,,27.68824,,,,,8,51.60111,100.74,11,11,,,
2026-06-03 03:30:24 UTC,,27.68729,,,,,9,50.8922,100.74,13,13,,,
2026-06-03 03:31:24 UTC,,27.67435,,,,,10,50.27005,100.738,14,14,,,
2026-06-03 03:32:24 UTC,,27.6529,,,,,10,49.70803,100.737,14,14,,,
2026-06-03 03:33:24 UTC,,27.62197,,,,,10,49.2317,100.737,14,14,,,
2026-06-03 03:34:24 UTC,,27.59704,,,,,10,48.777,100.735,14,14,,,
2026-06-03 03:35:24 UTC,,27.55981,,,,,10,48.40017,100.734,14,14,,,
2026-06-03 03:36:24 UTC,,27.51942,,,,,10,48.06929,100.732,14,14,,,
2026-06-03 03:37:24 UTC,,27.46009,,,,,10,47.82765,100.731,14,14,,,
2026-06-03 03:38:24 UTC,,27.40551,,,,,10,47.61942,100.73,14,14,,,
2026-06-03 03:39:25 UTC,,27.34492,,,,,10,48.0667,100.728,14,14,,,
2026-06-03 03:40:25 UTC,,27.33767,,,,,10,48.1569,100.726,14,14,,,
2026-06-03 03:41:25 UTC,,27.38815,,,,,10,48.11773,100.726,14,14,,,
2026-06-03 03:42:25 UTC,,27.45599,,,,,10,48.32826,100.724,14,14,,,
2026-06-03 03:43:25 UTC,,27.53646,,,,,10,49.54845,100.724,14,14,,,
2026-06-03 03:44:25 UTC,,27.61377,,,,,10,49.47319,100.722,14,14,,,
2026-06-03 03:45:25 UTC,,27.70717,,,,,9,49.36726,100.722,13,13,,,
2026-06-03 03:46:25 UTC,,27.787,,,,,9,49.50883,100.72,13,13,,,
2026-06-03 03:47:25 UTC,,27.84759,,,,,9,50.75484,100.719,13,13,,,
2026-06-03 03:48:25 UTC,,27.88261,,,,,10,50.08664,100.718,14,14,,,
2026-06-03 03:49:25 UTC,,27.88041,,,,,9,49.50129,100.718,13,13,,,
2026-06-03 03:50:25 UTC,,27.86053,,,,,9,49.01367,100.717,13,13,,,
2026-06-03 03:51:26 UTC,,27.82866,,,,,10,48.51934,100.714,14,14,,,
2026-06-03 03:52:26 UTC,,27.78921,,,,,9,48.14915,100.712,13,13,,,
2026-06-03 03:53:26 UTC,,27.7362,,,,,9,47.78454,100.711,13,13,,,
2026-06-03 03:54:26 UTC,,27.68445,,,,,9,47.53121,100.708,13,13,,,
2026-06-03 03:55:26 UTC,,27.63743,,,,,9,47.18166,100.706,13,13,,,
2026-06-03 03:56:26 UTC,,27.59515,,,,,10,47.06631,100.704,14,14,,,
2026-06-03 03:57:26 UTC,,27.54656,,,,,9,46.71756,100.702,13,13,,,
2026-06-03 03:58:26 UTC,,27.49859,,,,,8,46.55667,100.699,11,11,,,
2026-06-03 03:59:26 UTC,,27.45852,,,,,9,46.3389,100.696,13,13,,,
2026-06-03 04:00:26 UTC,,27.44527,,,,,9,46.67271,100.694,13,13,,,
2026-06-03 04:01:26 UTC,,27.46483,,,,,9,46.72034,100.691,13,13,,,
2026-06-03 04:02:26 UTC,,27.52699,,,,,9,46.80559,100.69,13,13,,,
2026-06-03 04:03:26 UTC,,27.6002,,,,,9,48.14465,100.689,13,13,,,
2026-06-03 04:04:27 UTC,,27.64911,,,,,8,48.44416,100.687,11,11,,,
2026-06-03 04:05:27 UTC,,27.71948,,,,,9,48.47926,100.686,13,13,,,
2026-06-03 04:06:27 UTC,,27.80625,,,,,8,48.42511,100.684,11,11,,,
2026-06-03 04:07:27 UTC,,27.88577,,,,,9,49.63987,100.684,13,13,,,
2026-06-03 04:08:27 UTC,,27.93247,,,,,8,49.72481,100.683,11,11,,,
2026-06-03 04:09:27 UTC,,27.94667,,,,,8,49.09029,100.681,11,11,,,
2026-06-03 04:10:27 UTC,,27.93941,,,,,9,48.62496,100.679,13,13,,,
2026-06-03 04:11:27 UTC,,27.90849,,,,,8,48.35338,100.678,11,11,,,
2026-06-03 04:12:27 UTC,,27.8722,,,,,8,47.89931,100.676,11,11,,,
2026-06-03 04:13:27 UTC,,27.82392,,,,,8,47.73064,100.673,11,11,,,
2026-06-03 04:14:27 UTC,,27.76996,,,,,8,47.39921,100.671,11,11,,,
2026-06-03 04:15:27 UTC,,27.71348,,,,,9,47.15232,100.669,13,13,,,
2026-06-03 04:16:28 UTC,,27.6794,,,,,8,47.38783,100.666,11,11,,,
2026-06-03 04:17:28 UTC,,27.68476,,,,,8,51.35526,100.663,11,11,,,
2026-06-03 04:18:28 UTC,,27.71127,,,,,8,56.00221,100.661,11,11,,,
2026-06-03 04:19:28 UTC,,27.73967,,,,,8,57.93107,100.662,11,11,,,
2026-06-03 04:20:28 UTC,,27.77533,,,,,7,58.49268,100.663,10,10,,,
2026-06-03 04:21:28 UTC,,27.81161,,,,,8,59.3045,100.662,11,11,,,
2026-06-03 04:22:28 UTC,,27.86053,,,,,8,59.40851,100.663,11,11,,,
2026-06-03 04:23:28 UTC,,27.90028,,,,,7,59.77416,100.662,10,10,,,
2026-06-03 04:24:28 UTC,,27.95393,,,,,7,59.96234,100.663,10,10,,,
2026-06-03 04:25:28 UTC,,27.99243,,,,,7,60.56504,100.663,10,10,,,
2026-06-03 04:26:28 UTC,,28.05396,,,,,7,60.52574,100.662,10,10,,,
2026-06-03 04:27:28 UTC,,28.10476,,,,,7,60.8256,100.661,10,10,,,
2026-06-03 04:28:29 UTC,,28.14105,,,,,6,60.98434,100.66,8,8,,,
2026-06-03 04:29:29 UTC,,28.19059,,,,,7,61.01282,100.659,10,10,,,
2026-06-03 04:30:29 UTC,,28.25465,,,,,8,61.10626,100.657,11,11,,,
2026-06-03 04:31:29 UTC,,28.31176,,,,,8,61.35919,100.656,11,11,,,
2026-06-03 04:32:29 UTC,,28.36541,,,,,8,61.43027,100.655,11,11,,,
2026-06-03 04:33:29 UTC,,28.42126,,,,,7,61.38302,100.654,10,10,,,
2026-06-03 04:34:29 UTC,,28.45534,,,,,7,61.41619,100.653,10,10,,,
2026-06-03 04:35:29 UTC,,28.51908,,,,,8,60.93073,100.65,11,11,,,
2026-06-03 04:36:29 UTC,,28.5825,,,,,7,60.57842,100.647,10,10,,,
2026-06-03 04:37:29 UTC,,28.64561,,,,,7,60.21966,100.646,10,10,,,
2026-06-03 04:38:29 UTC,,28.69484,,,,,7,60.15771,100.644,10,10,,,
2026-06-03 04:39:29 UTC,,28.74438,,,,,6,60.28332,100.641,8,8,,,
2026-06-03 04:40:30 UTC,,28.79108,,,,,6,60.09597,100.639,8,8,,,
2026-06-03 04:41:30 UTC,,28.83589,,,,,6,58.88465,100.638,8,8,,,
2026-06-03 04:42:30 UTC,,28.82926,,,,,6,57.38499,100.636,8,8,,,
2026-06-03 04:43:30 UTC,,28.78698,,,,,6,56.51096,100.633,8,8,,,
2026-06-03 04:44:30 UTC,,28.73618,,,,,6,55.53785,100.631,9,9,,,
2026-06-03 04:45:30 UTC,,28.67906,,,,,6,54.77142,100.63,8,8,,,
2026-06-03 04:46:30 UTC,,28.60869,,,,,6,53.98607,100.629,9,9,,,
2026-06-03 04:47:30 UTC,,28.52917,,,,,6,53.20951,100.628,8,8,,,
2026-06-03 04:48:30 UTC,,28.45281,,,,,6,52.6036,100.626,9,9,,,
2026-06-03 04:49:30 UTC,,28.38434,,,,,6,51.9875,100.625,9,9,,,
2026-06-03 04:50:30 UTC,,28.31365,,,,,6,51.46613,100.625,8,8,,,
2026-06-03 04:51:30 UTC,,28.2395,,,,,6,51.01205,100.624,8,8,,,
2026-06-03 04:52:31 UTC,,28.15367,,,,,5,50.52461,100.623,7,7,,,
2026-06-03 04:53:31 UTC,,28.08299,,,,,6,49.99446,100.62,8,8,,,
2026-06-03 04:54:31 UTC,,28.01988,,,,,6,49.55884,100.618,8,8,,,
2026-06-03 04:55:31 UTC,,27.94857,,,,,6,49.17569,100.615,8,8,,,
2026-06-03 04:56:31 UTC,,27.88104,,,,,6,49.53419,100.612,8,8,,,
2026-06-03 04:57:31 UTC,,27.88041,,,,,6,49.45535,100.61,8,8,,,
2026-06-03 04:58:31 UTC,,27.91606,,,,,5,49.56501,100.609,7,7,,,
2026-06-03 04:59:31 UTC,,27.929,,,,,6,50.70617,100.608,8,8,,,
2026-06-03 05:00:31 UTC,,27.97728,,,,,6,50.91092,100.606,8,8,,,
2026-06-03 05:01:31 UTC,,28.02619,,,,,6,50.82483,100.604,8,8,,,
2026-06-03 05:02:31 UTC,,28.07952,,,,,6,50.83192,100.602,8,8,,,
2026-06-03 05:03:31 UTC,,28.14389,,,,,6,51.15159,100.602,8,8,,,
2026-06-03 05:04:31 UTC,,28.17229,,,,,5,52.17846,100.602,7,7,,,
2026-06-03 05:05:32 UTC,,28.17008,,,,,6,51.10211,100.601,8,8,,,
2026-06-03 05:06:32 UTC,,28.12906,,,,,5,50.68648,100.6,7,7,,,
2026-06-03 05:07:32 UTC,,28.09908,,,,,6,49.9505,100.599,8,8,,,
2026-06-03 05:08:32 UTC,,28.05648,,,,,6,49.45201,100.597,9,9,,,
2026-06-03 05:09:32 UTC,,28.02082,,,,,6,48.94275,100.596,8,8,,,
2026-06-03 05:10:32 UTC,,27.9574,,,,,5,48.46404,100.596,7,7,,,
2026-06-03 05:11:32 UTC,,27.89271,,,,,5,48.02556,100.595,7,7,,,
2026-06-03 05:12:32 UTC,,27.84632,,,,,6,48.14339,100.594,8,8,,,
2026-06-03 05:13:32 UTC,,27.8356,,,,,6,48.14202,100.593,8,8,,,
2026-06-03 05:14:32 UTC,,27.84917,,,,,6,48.24149,100.591,8,8,,,
2026-06-03 05:15:32 UTC,,27.88482,,,,,6,48.29166,100.588,8,8,,,
2026-06-03 05:16:32 UTC,,27.92553,,,,,5,49.60564,100.587,7,7,,,
2026-06-03 05:17:33 UTC,,27.9716,,,,,5,49.51316,100.586,7,7,,,
2026-06-03 05:18:33 UTC,,28.00915,,,,,6,49.57715,100.585,8,8,,,
2026-06-03 05:19:33 UTC,,28.06658,,,,,5,49.53867,100.583,7,7,,,
2026-06-03 05:20:33 UTC,,28.09529,,,,,5,51.17159,100.581,7,7,,,
2026-06-03 05:21:33 UTC,,28.09782,,,,,5,50.55682,100.579,7,7,,,
2026-06-03 05:22:33 UTC,,28.08267,,,,,6,49.74445,100.576,8,8,,,
2026-06-03 05:23:33 UTC,,28.04607,,,,,5,49.18176,100.574,7,7,,,
2026-06-03 05:24:33 UTC,,28.00473,,,,,5,48.74444,100.572,7,7,,,
2026-06-03 05:25:33 UTC,,27.95046,,,,,5,48.22182,100.569,7,7,,,
2026-06-03 05:26:33 UTC,,27.90186,,,,,5,48.37862,100.566,7,7,,,
2026-06-03 05:27:33 UTC,,27.88167,,,,,5,48.29779,100.564,7,7,,,
2026-06-03 05:28:33 UTC,,27.90502,,,,,5,48.15738,100.561,7,7,,,
2026-06-03 05:29:34 UTC,,27.94446,,,,,5,48.18847,100.559,7,7,,,
2026-06-03 05:30:34 UTC,,27.9574,,,,,5,49.71492,100.558,7,7,,,
2026-06-03 05:31:34 UTC,,27.98769,,,,,5,49.78461,100.558,7,7,,,
2026-06-03 05:32:34 UTC,,28.02935,,,,,5,49.60606,100.556,7,7,,,
2026-06-03 05:33:34 UTC,,28.07573,,,,,5,49.50703,100.555,7,7,,,
2026-06-03 05:34:34 UTC,,28.12306,,,,,5,51.04947,100.552,7,7,,,
2026-06-03 05:35:34 UTC,,28.13253,,,,,5,50.68692,100.55,7,7,,,
2026-06-03 05:36:34 UTC,,28.12275,,,,,5,49.87464,100.549,7,7,,,
2026-06-03 05:37:34 UTC,,28.10413,,,,,5,49.30076,100.547,7,7,,,
2026-06-03 05:38:34 UTC,,28.05806,,,,,5,48.65981,100.546,7,7,,,
2026-06-03 05:39:34 UTC,,27.99558,,,,,5,48.27321,100.545,7,7,,,
2026-06-03 05:40:34 UTC,,27.92963,,,,,5,47.80903,100.543,7,7,,,
2026-06-03 05:41:35 UTC,,27.8722,,,,,5,47.69127,100.541,7,7,,,
2026-06-03 05:42:35 UTC,,27.84349,,,,,5,47.98026,100.539,7,7,,,
2026-06-03 05:43:35 UTC,,27.84569,,,,,5,47.81141,100.538,7,7,,,
2026-06-03 05:44:35 UTC,,27.88482,,,,,5,47.66686,100.536,7,7,,,
2026-06-03 05:45:35 UTC,,27.90912,,,,,5,49.13127,100.535,7,7,,,
2026-06-03 05:46:35 UTC,,27.94699,,,,,5,49.30001,100.533,7,7,,,
2026-06-03 05:47:35 UTC,,28.00852,,,,,5,49.08519,100.532,7,7,,,
2026-06-03 05:48:35 UTC,,28.04796,,,,,5,49.23445,100.53,7,7,,,
2026-06-03 05:49:35 UTC,,28.08898,,,,,5,50.06109,100.529,7,7,,,
2026-06-03 05:50:35 UTC,,28.10318,,,,,5,50.22107,100.529,7,7,,,
2026-06-03 05:51:35 UTC,,28.08867,,,,,4,49.73208,100.528,6,6,,,
2026-06-03 05:52:35 UTC,,28.05269,,,,,4,49.03851,100.527,6,6,,,
2026-06-03 05:53:36 UTC,,27.99905,,,,,5,48.58689,100.526,7,7,,,
2026-06-03 05:54:36 UTC,,27.94919,,,,,5,48.03925,100.526,7,7,,,
2026-06-03 05:55:36 UTC,,27.9066,,,,,4,47.58516,100.525,6,6,,,
2026-06-03 05:56:36 UTC,,27.86305,,,,,4,47.68361,100.525,6,6,,,
2026-06-03 05:57:36 UTC,,27.83339,,,,,5,47.75135,100.524,7,7,,,
2026-06-03 05:58:36 UTC,,27.84412,,,,,4,47.70721,100.524,6,6,,,
2026-06-03 05:59:36 UTC,,27.86242,,,,,5,47.76151,100.525,7,7,,,
2026-06-03 06:00:36 UTC,,27.87346,,,,,4,49.3954,100.525,6,6,,,
2026-06-03 06:01:36 UTC,,27.9148,,,,,4,49.23029,100.525,6,6,,,
2026-06-03 06:02:36 UTC,,27.97065,,,,,4,49.00171,100.524,6,6,,,
2026-06-03 06:03:36 UTC,,28.03345,,,,,4,48.83316,100.523,6,6,,,
2026-06-03 06:04:36 UTC,,28.03786,,,,,4,51.05133,100.523,6,6,,,
2026-06-03 06:05:36 UTC,,28.04197,,,,,4,50.26574,100.523,6,6,,,
2026-06-03 06:06:37 UTC,,28.01925,,,,,5,49.44716,100.524,7,7,,,
2026-06-03 06:07:37 UTC,,27.97065,,,,,4,48.81852,100.524,6,6,,,
2026-06-03 06:08:37 UTC,,27.91638,,,,,4,48.32178,100.524,6,6,,,
2026-06-03 06:09:37 UTC,,27.86431,,,,,4,47.85928,100.524,6,6,,,
2026-06-03 06:10:37 UTC,,27.81824,,,,,4,47.95102,100.524,6,6,,,
2026-06-03 06:11:37 UTC,,27.82014,,,,,5,47.76917,100.523,7,7,,,
2026-06-03 06:12:37 UTC,,27.83276,,,,,5,47.80977,100.519,7,7,,,
2026-06-03 06:13:37 UTC,,27.86526,,,,,4,47.76188,100.516,6,6,,,
2026-06-03 06:14:37 UTC,,27.86999,,,,,4,49.42119,100.514,6,6,,,
2026-06-03 06:15:37 UTC,,27.89555,,,,,4,49.65429,100.513,6,6,,,
2026-06-03 06:16:37 UTC,,27.94068,,,,,4,49.22709,100.512,6,6,,,
2026-06-03 06:17:37 UTC,,28.00599,,,,,4,49.02593,100.511,6,6,,,
2026-06-03 06:18:37 UTC,,28.05837,,,,,5,50.45259,100.51,7,7,,,
2026-06-03 06:19:37 UTC,,28.09025,,,,,4,50.6615,100.508,6,6,,,
2026-06-03 06:20:38 UTC,,28.14231,,,,,4,50.52971,100.507,6,6,,,
2026-06-03 06:21:38 UTC,,28.20447,,,,,4,50.23444,100.507,6,6,,,
2026-06-03 06:22:38 UTC,,28.22025,,,,,5,51.77238,100.507,7,7,,,
2026-06-03 06:23:38 UTC,,28.22562,,,,,4,51.12278,100.505,6,6,,,
2026-06-03 06:24:38 UTC,,28.20952,,,,,4,50.23509,100.504,6,6,,,
2026-06-03 06:25:38 UTC,,28.16787,,,,,4,49.91347,100.503,5,5,,,
2026-06-03 06:26:38 UTC,,28.12275,,,,,4,49.11308,100.502,6,6,,,
2026-06-03 06:27:38 UTC,,28.06343,,,,,5,48.52985,100.501,7,7,,,
2026-06-03 06:28:38 UTC,,27.99968,,,,,4,47.97406,100.499,6,6,,,
2026-06-03 06:29:38 UTC,,27.92963,,,,,4,47.72452,100.497,6,6,,,
2026-06-03 06:30:38 UTC,,27.86053,,,,,4,47.38465,100.496,6,6,,,
2026-06-03 06:31:38 UTC,,27.81004,,,,,4,47.1968,100.494,6,6,,,
2026-06-03 06:32:39 UTC,,27.79679,,,,,4,47.31828,100.494,6,6,,,
2026-06-03 06:33:39 UTC,,27.81067,,,,,4,47.2552,100.494,6,6,,,
2026-06-03 06:34:39 UTC,,27.84475,,,,,4,47.20762,100.494,6,6,,,
2026-06-03 06:35:39 UTC,,27.83875,,,,,4,49.12872,100.494,6,6,,,
2026-06-03 06:36:39 UTC,,27.87536,,,,,4,49.04833,100.494,6,6,,,
2026-06-03 06:37:39 UTC,,27.91512,,,,,5,49.04692,100.495,7,7,,,
2026-06-03 06:38:39 UTC,,27.96876,,,,,4,48.66139,100.497,6,6,,,
2026-06-03 06:39:39 UTC,,28.02082,,,,,5,50.15092,100.499,7,7,,,
2026-06-03 06:40:39 UTC,,28.06374,,,,,5,50.42691,100.499,7,7,,,
2026-06-03 06:41:39 UTC,,28.12275,,,,,5,50.91705,100.5,7,7,,,
2026-06-03 06:42:39 UTC,,28.17544,,,,,4,50.84469,100.5,6,6,,,
2026-06-03 06:43:39 UTC,,28.20795,,,,,5,52.04345,100.5,7,7,,,
2026-06-03 06:44:40 UTC,,28.22499,,,,,5,51.79297,100.498,7,7,,,
2026-06-03 06:45:17 UTC,,29.21455,,,,,7,50.67909,100.497,10,10,,,
2026-06-03 06:46:17 UTC,,28.96085,,,,,5,50.75764,100.496,7,7,,,
2026-06-03 06:47:17 UTC,,28.75574,,,,,5,50.17541,100.496,7,7,,,
2026-06-03 06:48:17 UTC,,28.58692,,,,,5,49.73162,100.495,7,7,,,
2026-06-03 06:49:17 UTC,,28.45186,,,,,5,49.17546,100.493,7,7,,,
2026-06-03 06:50:17 UTC,,28.32785,,,,,5,48.81226,100.491,7,7,,,
2026-06-03 06:51:17 UTC,,28.22435,,,,,5,48.39381,100.489,7,7,,,
2026-06-03 06:52:17 UTC,,28.10571,,,,,5,48.17645,100.487,7,7,,,
2026-06-03 06:53:17 UTC,,28.00946,,,,,5,47.82565,100.487,7,7,,,
2026-06-03 06:54:18 UTC,,27.94194,,,,,5,47.45978,100.486,7,7,,,
2026-06-03 06:55:18 UTC,,27.88041,,,,,5,47.21858,100.486,7,7,,,
2026-06-03 06:56:18 UTC,,27.83528,,,,,5,47.49178,100.486,7,7,,,
2026-06-03 06:57:18 UTC,,27.82203,,,,,5,47.60048,100.485,7,7,,,
2026-06-03 06:58:18 UTC,,27.84002,,,,,5,47.58326,100.487,7,7,,,
2026-06-03 06:59:18 UTC,,27.87378,,,,,5,47.67197,100.486,7,7,,,
2026-06-03 07:00:18 UTC,,27.89524,,,,,5,49.58857,100.485,7,7,,,
2026-06-03 07:01:18 UTC,,27.93657,,,,,5,49.53485,100.485,7,7,,,
2026-06-03 07:02:18 UTC,,27.98832,,,,,5,49.45626,100.485,7,7,,,
2026-06-03 07:03:18 UTC,,28.05711,,,,,4,49.09148,100.484,6,6,,,
2026-06-03 07:04:18 UTC,,28.10697,,,,,5,50.7364,100.484,7,7,,,
2026-06-03 07:05:18 UTC,,28.14421,,,,,4,50.042,100.483,6,6,,,
2026-06-03 07:06:18 UTC,,28.15588,,,,,5,49.47809,100.484,7,7,,,
2026-06-03 07:07:19 UTC,,28.15683,,,,,5,48.9996,100.484,7,7,,,
2026-06-03 07:08:19 UTC,,28.12685,,,,,5,48.57718,100.483,7,7,,,
2026-06-03 07:09:19 UTC,,28.08898,,,,,5,48.01797,100.482,7,7,,,
2026-06-03 07:10:19 UTC,,28.03755,,,,,4,47.8032,100.48,6,6,,,
2026-06-03 07:11:19 UTC,,27.97917,,,,,5,47.53588,100.479,7,7,,,
2026-06-03 07:12:19 UTC,,27.9148,,,,,5,47.30717,100.477,7,7,,,
2026-06-03 07:13:19 UTC,,27.85989,,,,,5,46.8082,100.476,7,7,,,
2026-06-03 07:14:19 UTC,,27.81982,,,,,5,46.55127,100.476,7,7,,,
2026-06-03 07:15:19 UTC,,27.78322,,,,,5,47.02506,100.478,7,7,,,
2026-06-03 07:16:19 UTC,,27.81004,,,,,4,46.93781,100.477,6,6,,,
2026-06-03 07:17:19 UTC,,27.84917,,,,,4,47.11748,100.477,6,6,,,
2026-06-03 07:18:19 UTC,,27.88577,,,,,4,47.69298,100.476,6,6,,,
2026-06-03 07:19:20 UTC,,27.9271,,,,,5,49.03537,100.477,7,7,,,
2026-06-03 07:20:20 UTC,,27.98201,,,,,5,48.92465,100.478,7,7,,,
2026-06-03 07:21:20 UTC,,28.03566,,,,,5,48.83344,100.478,7,7,,,
2026-06-03 07:22:20 UTC,,28.09151,,,,,5,49.08938,100.478,7,7,,,
2026-06-03 07:23:20 UTC,,28.11612,,,,,4,50.03173,100.479,6,6,,,
2026-06-03 07:24:20 UTC,,28.12969,,,,,4,49.52063,100.481,6,6,,,
2026-06-03 07:25:20 UTC,,28.12306,,,,,4,49.04107,100.483,5,5,,,
2026-06-03 07:26:20 UTC,,28.0975,,,,,5,48.57341,100.483,7,7,,,
2026-06-03 07:27:20 UTC,,28.06216,,,,,5,48.24912,100.484,7,7,,,
2026-06-03 07:28:20 UTC,,28.01483,,,,,4,47.76781,100.484,6,6,,,
2026-06-03 07:29:20 UTC,,27.97191,,,,,4,47.41164,100.484,6,6,,,
2026-06-03 07:30:20 UTC,,27.9208,,,,,4,47.02283,100.484,6,6,,,
2026-06-03 07:31:21 UTC,,27.86305,,,,,4,46.84093,100.483,6,6,,,
2026-06-03 07:32:21 UTC,,27.85674,,,,,4,47.24801,100.483,6,6,,,
2026-06-03 07:33:21 UTC,,27.87378,,,,,4,51.08903,100.484,6,6,,,
2026-06-03 07:34:21 UTC,,27.89902,,,,,5,55.36435,100.485,7,7,,,
2026-06-03 07:35:21 UTC,,27.9271,,,,,6,55.10442,100.486,8,8,,,
2026-06-03 07:36:21 UTC,,27.94162,,,,,5,53.94009,100.486,7,7,,,
2026-06-03 07:37:21 UTC,,27.95109,,,,,5,53.2905,100.487,7,7,,,
2026-06-03 07:38:21 UTC,,27.95456,,,,,5,52.65564,100.487,7,7,,,
2026-06-03 07:39:21 UTC,,27.95172,,,,,5,51.78931,100.487,7,7,,,
2026-06-03 07:40:21 UTC,,27.95393,,,,,5,52.14883,100.488,7,7,,,
2026-06-03 07:41:21 UTC,,27.99274,,,,,6,54.50597,100.488,8,8,,,
2026-06-03 07:42:21 UTC,,28.02114,,,,,6,56.88424,100.489,8,8,,,
2026-06-03 07:43:21 UTC,,28.04039,,,,,6,56.68238,100.49,8,8,,,
2026-06-03 07:44:22 UTC,,28.04007,,,,,5,55.56055,100.491,7,7,,,
2026-06-03 07:45:22 UTC,,28.03629,,,,,5,54.44467,100.49,7,7,,,
2026-06-03 07:46:22 UTC,,28.02745,,,,,5,53.52225,100.49,7,7,,,
2026-06-03 07:47:22 UTC,,28.00221,,,,,5,52.56871,100.489,7,7,,,
2026-06-03 07:48:22 UTC,,27.97633,,,,,5,51.75941,100.488,7,7,,,
2026-06-03 07:49:22 UTC,,27.94446,,,,,5,51.16468,100.487,7,7,,,
2026-06-03 07:50:22 UTC,,27.91196,,,,,4,50.49262,100.486,6,6,,,
2026-06-03 07:51:22 UTC,,27.88072,,,,,5,49.76406,100.486,7,7,,,
2026-06-03 07:52:22 UTC,,27.85674,,,,,5,49.43259,100.486,7,7,,,
2026-06-03 07:53:22 UTC,,27.82424,,,,,5,49.03517,100.485,7,7,,,
2026-06-03 07:54:22 UTC,,27.76176,,,,,4,48.8374,100.486,6,6,,,
2026-06-03 07:55:22 UTC,,27.73052,,,,,4,48.42848,100.487,6,6,,,
2026-06-03 07:56:23 UTC,,27.73399,,,,,5,48.60514,100.487,7,7,,,
2026-06-03 07:57:23 UTC,,27.76397,,,,,4,48.74617,100.487,6,6,,,
2026-06-03 07:58:23 UTC,,27.81067,,,,,5,48.74564,100.488,7,7,,,
2026-06-03 07:59:23 UTC,,27.84601,,,,,5,49.9239,100.489,7,7,,,
2026-06-03 08:00:23 UTC,,27.88609,,,,,5,50.52879,100.489,7,7,,,
2026-06-03 08:01:23 UTC,,27.9514,,,,,5,50.27357,100.49,7,7,,,
2026-06-03 08:02:23 UTC,,28.02398,,,,,5,50.3359,100.492,7,7,,,
2026-06-03 08:03:23 UTC,,28.08141,,,,,5,51.28239,100.494,7,7,,,
2026-06-03 08:04:23 UTC,,28.11391,,,,,5,51.06149,100.494,7,7,,,
2026-06-03 08:05:23 UTC,,28.12275,,,,,5,50.5073,100.495,7,7,,,
2026-06-03 08:06:23 UTC,,28.11707,,,,,5,49.88706,100.496,7,7,,,
2026-06-03 08:07:23 UTC,,28.11107,,,,,5,49.41974,100.497,7,7,,,
2026-06-03 08:08:24 UTC,,28.08488,,,,,5,48.80054,100.497,7,7,,,
2026-06-03 08:09:24 UTC,,28.04291,,,,,5,48.50763,100.497,7,7,,,
2026-06-03 08:10:24 UTC,,27.99306,,,,,5,48.0253,100.497,7,7,,,
2026-06-03 08:11:24 UTC,,27.93405,,,,,6,47.71207,100.498,8,8,,,
2026-06-03 08:12:24 UTC,,27.88735,,,,,5,47.38803,100.499,7,7,,,
2026-06-03 08:13:24 UTC,,27.85358,,,,,5,47.36433,100.498,7,7,,,
2026-06-03 08:14:24 UTC,,27.85201,,,,,5,47.36412,100.498,7,7,,,
2026-06-03 08:15:24 UTC,,27.87315,,,,,5,47.39921,100.499,7,7,,,
2026-06-03 08:16:24 UTC,,27.91417,,,,,5,47.43681,100.5,7,7,,,
2026-06-03 08:17:24 UTC,,27.9473,,,,,5,48.76974,100.501,7,7,,,
2026-06-03 08:18:24 UTC,,27.98454,,,,,5,49.3836,100.502,7,7,,,
2026-06-03 08:19:24 UTC,,28.03692,,,,,5,49.08231,100.503,7,7,,,
2026-06-03 08:20:25 UTC,,28.09214,,,,,5,49.25985,100.505,7,7,,,
2026-06-03 08:21:25 UTC,,28.14263,,,,,5,50.32517,100.506,7,7,,,
2026-06-03 08:22:25 UTC,,28.18081,,,,,5,50.5282,100.508,7,7,,,
2026-06-03 08:23:25 UTC,,28.20826,,,,,5,50.20198,100.509,7,7,,,
2026-06-03 08:24:25 UTC,,28.21268,,,,,6,49.51832,100.509,8,8,,,
2026-06-03 08:25:25 UTC,,28.19312,,,,,5,49.17463,100.509,7,7,,,
2026-06-03 08:26:25 UTC,,28.15367,,,,,5,48.63943,100.508,7,7,,,
2026-06-03 08:27:25 UTC,,28.13158,,,,,5,48.17324,100.506,7,7,,,
2026-06-03 08:28:25 UTC,,28.08236,,,,,5,47.76987,100.504,7,7,,,
2026-06-03 08:29:25 UTC,,28.02714,,,,,5,47.47052,100.503,7,7,,,
2026-06-03 08:30:25 UTC,,27.97759,,,,,5,47.24374,100.503,7,7,,,
2026-06-03 08:31:25 UTC,,27.92868,,,,,5,46.82324,100.503,7,7,,,
2026-06-03 08:32:26 UTC,,27.88325,,,,,5,46.50748,100.502,7,7,,,
2026-06-03 08:33:26 UTC,,27.83118,,,,,5,47.01163,100.502,7,7,,,
2026-06-03 08:34:26 UTC,,27.84286,,,,,5,46.87722,100.501,7,7,,,
2026-06-03 08:35:26 UTC,,27.87851,,,,,5,46.99814,100.501,7,7,,,
2026-06-03 08:36:26 UTC,,27.92932,,,,,5,47.17286,100.502,7,7,,,
2026-06-03 08:37:26 UTC,,27.98391,,,,,5,48.51312,100.502,7,7,,,
2026-06-03 08:38:26 UTC,,28.03629,,,,,5,48.59167,100.503,7,7,,,
2026-06-03 08:39:26 UTC,,28.09971,,,,,5,48.57369,100.503,7,7,,,
2026-06-03 08:40:26 UTC,,28.15809,,,,,5,48.45058,100.504,7,7,,,
2026-06-03 08:41:26 UTC,,28.1887,,,,,5,49.98861,100.504,7,7,,,
2026-06-03 08:42:26 UTC,,28.19722,,,,,5,49.60826,100.502,7,7,,,
2026-06-03 08:43:26 UTC,,28.18207,,,,,5,49.08146,100.501,7,7,,,
2026-06-03 08:44:26 UTC,,28.1644,,,,,5,48.42529,100.5,7,7,,,
2026-06-03 08:45:27 UTC,,28.12969,,,,,5,47.87994,100.5,7,7,,,
2026-06-03 08:46:27 UTC,,28.08078,,,,,5,47.51624,100.5,7,7,,,
2026-06-03 08:47:27 UTC,,28.04386,,,,,5,47.09653,100.501,7,7,,,
2026-06-03 08:48:27 UTC,,27.98832,,,,,5,46.87596,100.502,7,7,,,
2026-06-03 08:49:27 UTC,,27.94446,,,,,6,46.74762,100.502,8,8,,,
2026-06-03 08:50:27 UTC,,27.89745,,,,,5,46.39954,100.503,7,7,,,
2026-06-03 08:51:27 UTC,,27.84854,,,,,6,46.10347,100.504,8,8,,,
2026-06-03 08:52:27 UTC,,27.83749,,,,,6,46.23094,100.505,8,8,,,
2026-06-03 08:53:27 UTC,,27.85832,,,,,6,46.29152,100.507,8,8,,,
2026-06-03 08:54:27 UTC,,27.89618,,,,,5,46.6124,100.507,7,7,,,
2026-06-03 08:55:27 UTC,,27.93499,,,,,5,48.07,100.507,7,7,,,
2026-06-03 08:56:48 UTC,,28.00031,,,,,6,49.18895,100.508,8,8,,,
2026-06-03 08:57:49 UTC,,28.06847,,,,,6,49.20434,100.508,8,8,,,
2026-06-03 08:58:49 UTC,,28.15556,,,,,6,49.14354,100.508,8,8,,,
2026-06-03 08:59:49 UTC,,28.22246,,,,,6,50.14454,100.51,8,8,,,
2026-06-03 09:00:49 UTC,,28.24834,,,,,6,50.08864,100.511,8,8,,,
2026-06-03 09:01:49 UTC,,28.26948,,,,,5,49.51917,100.511,7,7,,,
2026-06-03 09:02:49 UTC,,28.27736,,,,,5,49.0283,100.512,7,7,,,
2026-06-03 09:03:49 UTC,,28.26506,,,,,6,48.82378,100.513,8,8,,,
2026-06-03 09:04:49 UTC,,28.23066,,,,,7,49.11396,100.514,10,10,,,
2026-06-03 09:05:49 UTC,,28.18365,,,,,6,48.53875,100.514,8,8,,,
2026-06-03 09:06:49 UTC,,28.136,,,,,6,47.99791,100.513,8,8,,,
2026-06-03 09:07:49 UTC,,28.08173,,,,,6,47.55532,100.512,8,8,,,
2026-06-03 09:08:49 UTC,,28.03849,,,,,6,47.3292,100.511,9,9,,,
2026-06-03 09:09:49 UTC,,28.01735,,,,,6,47.48877,100.511,8,8,,,
2026-06-03 09:10:49 UTC,,28.03976,,,,,6,47.25802,100.512,8,8,,,
2026-06-03 09:11:50 UTC,,28.08173,,,,,6,47.1855,100.513,8,8,,,
2026-06-03 09:12:50 UTC,,28.10097,,,,,6,48.77645,100.514,8,8,,,
2026-06-03 09:13:50 UTC,,28.10949,,,,,6,49.11792,100.514,8,8,,,
2026-06-03 09:14:50 UTC,,28.16156,,,,,5,48.73849,100.514,7,7,,,
2026-06-03 09:15:50 UTC,,28.22152,,,,,6,48.73968,100.513,8,8,,,
2026-06-03 09:16:50 UTC,,28.24329,,,,,6,49.94311,100.514,8,8,,,
2026-06-03 09:17:50 UTC,,28.23982,,,,,5,49.69269,100.514,7,7,,,
2026-06-03 09:18:50 UTC,,28.22467,,,,,6,49.11974,100.516,8,8,,,
2026-06-03 09:19:50 UTC,,28.19217,,,,,6,48.59864,100.516,8,8,,,
2026-06-03 09:20:50 UTC,,28.12811,,,,,6,48.10763,100.517,8,8,,,
2026-06-03 09:21:50 UTC,,28.08456,,,,,5,47.57516,100.518,7,7,,,
2026-06-03 09:22:50 UTC,,28.04323,,,,,6,47.0835,100.518,8,8,,,
2026-06-03 09:23:51 UTC,,28.00883,,,,,5,47.04033,100.519,7,7,,,
2026-06-03 09:24:51 UTC,,28.0224,,,,,6,46.99023,100.52,8,8,,,
2026-06-03 09:25:51 UTC,,28.05175,,,,,5,47.06512,100.521,7,7,,,
2026-06-03 09:26:51 UTC,,28.07825,,,,,5,47.34069,100.522,7,7,,,
2026-06-03 09:27:51 UTC,,28.12243,,,,,5,48.41338,100.523,7,7,,,
2026-06-03 09:28:51 UTC,,28.18049,,,,,6,48.42735,100.526,8,8,,,
2026-06-03 09:29:51 UTC,,28.23445,,,,,5,48.17333,100.527,7,7,,,
2026-06-03 09:30:51 UTC,,28.28084,,,,,6,48.27708,100.529,8,8,,,
2026-06-03 09:31:51 UTC,,28.29062,,,,,6,50.002,100.529,8,8,,,
2026-06-03 09:32:51 UTC,,28.27989,,,,,5,49.08759,100.53,7,7,,,
2026-06-03 09:33:51 UTC,,28.24897,,,,,5,48.50142,100.53,7,7,,,
2026-06-03 09:34:51 UTC,,28.20164,,,,,5,47.93465,100.53,7,7,,,
2026-06-03 09:35:51 UTC,,28.15651,,,,,5,47.61675,100.531,7,7,,,
2026-06-03 09:36:52 UTC,,28.10003,,,,,5,46.99347,100.531,7,7,,,
2026-06-03 09:37:52 UTC,,28.03629,,,,,5,47.13445,100.531,7,7,,,
2026-06-03 09:38:52 UTC,,28.02587,,,,,5,47.12018,100.532,7,7,,,
2026-06-03 09:39:52 UTC,,28.04512,,,,,6,47.17444,100.532,8,8,,,
2026-06-03 09:40:52 UTC,,28.04859,,,,,6,47.4278,100.531,8,8,,,
2026-06-03 09:41:52 UTC,,28.07636,,,,,5,48.60335,100.532,7,7,,,
2026-06-03 09:42:52 UTC,,28.12054,,,,,5,48.59596,100.533,7,7,,,
2026-06-03 09:43:52 UTC,,28.17702,,,,,5,48.37469,100.533,7,7,,,
2026-06-03 09:44:52 UTC,,28.23224,,,,,5,48.40135,100.534,7,7,,,
2026-06-03 09:45:52 UTC,,28.25528,,,,,5,49.99736,100.535,7,7,,,
2026-06-03 09:46:52 UTC,,28.25307,,,,,5,49.21519,100.537,7,7,,,
2026-06-03 09:47:52 UTC,,28.21363,,,,,5,48.81714,100.538,7,7,,,
2026-06-03 09:48:52 UTC,,28.16408,,,,,5,48.22301,100.539,7,7,,,
2026-06-03 09:49:52 UTC,,28.12275,,,,,5,47.66446,100.54,7,7,,,
2026-06-03 09:50:53 UTC,,28.07731,,,,,5,47.12016,100.54,7,7,,,
2026-06-03 09:51:53 UTC,,28.02808,,,,,5,47.5031,100.541,7,7,,,
2026-06-03 09:52:53 UTC,,28.01546,,,,,5,47.46905,100.542,7,7,,,
2026-06-03 09:53:53 UTC,,28.05522,,,,,5,47.23403,100.543,7,7,,,
2026-06-03 09:54:53 UTC,,28.08204,,,,,5,48.06267,100.543,7,7,,,
2026-06-03 09:55:53 UTC,,28.10697,,,,,5,48.69877,100.543,7,7,,,
2026-06-03 09:56:53 UTC,,28.15904,,,,,5,48.67279,100.544,7,7,,,
2026-06-03 09:57:53 UTC,,28.20321,,,,,5,48.56086,100.545,7,7,,,
2026-06-03 09:58:53 UTC,,28.25307,,,,,5,48.91385,100.547,7,7,,,
2026-06-03 09:59:53 UTC,,28.25591,,,,,5,49.81974,100.549,7,7,,,
2026-06-03 10:00:53 UTC,,28.24897,,,,,5,49.08358,100.549,7,7,,,
2026-06-03 10:01:53 UTC,,28.22246,,,,,5,48.36094,100.551,7,7,,,
2026-06-03 10:02:54 UTC,,28.17513,,,,,5,47.9443,100.551,7,7,,,
2026-06-03 10:03:54 UTC,,28.1319,,,,,5,47.26961,100.551,7,7,,,
2026-06-03 10:04:54 UTC,,28.08898,,,,,5,46.79797,100.551,7,7,,,
2026-06-03 10:05:54 UTC,,28.04386,,,,,6,47.1678,100.551,8,8,,,
2026-06-03 10:07:54 UTC,,28.06027,,,,,6,47.09858,100.552,8,8,,,
2026-06-03 10:08:54 UTC,,28.05901,,,,,5,47.74089,100.552,7,7,,,
2026-06-03 10:09:54 UTC,,28.08741,,,,,5,48.70933,100.554,7,7,,,
2026-06-03 10:10:54 UTC,,28.14263,,,,,5,48.40944,100.555,7,7,,,
2026-06-03 10:11:54 UTC,,28.19627,,,,,6,48.16846,100.556,8,8,,,
2026-06-03 10:12:54 UTC,,28.21425,,,,,6,49.3085,100.556,8,8,,,
2026-06-03 10:13:54 UTC,,28.23634,,,,,5,50.60822,100.556,7,7,,,
2026-06-03 10:14:54 UTC,,28.24013,,,,,5,49.79137,100.556,7,7,,,
2026-06-03 10:15:55 UTC,,28.23035,,,,,5,49.06806,100.558,7,7,,,
2026-06-03 10:16:55 UTC,,28.19217,,,,,6,48.39621,100.558,8,8,,,
2026-06-03 10:17:55 UTC,,28.14578,,,,,6,47.83645,100.559,8,8,,,
2026-06-03 10:18:55 UTC,,28.09845,,,,,6,47.29134,100.56,8,8,,,
2026-06-03 10:19:55 UTC,,28.03818,,,,,6,46.91453,100.562,8,8,,,
2026-06-03 10:20:55 UTC,,27.97886,,,,,5,46.68727,100.563,7,7,,,
2026-06-03 10:21:55 UTC,,27.95677,,,,,6,46.74915,100.563,8,8,,,
2026-06-03 10:22:55 UTC,,27.94509,,,,,6,46.78649,100.565,8,8,,,
2026-06-03 10:23:55 UTC,,27.97002,,,,,6,46.68618,100.566,8,8,,,
2026-06-03 10:24:55 UTC,,27.99274,,,,,6,47.81052,100.567,8,8,,,
2026-06-03 10:25:55 UTC,,28.0041,,,,,6,48.4439,100.569,8,8,,,
2026-06-03 10:26:55 UTC,,28.05301,,,,,5,48.11108,100.571,7,7,,,
2026-06-03 10:27:56 UTC,,28.11517,,,,,5,48.00177,100.572,7,7,,,
2026-06-03 10:28:56 UTC,,28.12906,,,,,5,49.2122,100.575,7,7,,,
2026-06-03 10:29:56 UTC,,28.12496,,,,,5,49.61853,100.577,7,7,,,
2026-06-03 10:30:56 UTC,,28.10192,,,,,5,48.84852,100.578,7,7,,,
2026-06-03 10:31:56 UTC,,28.07668,,,,,5,48.19882,100.579,7,7,,,
2026-06-03 10:32:56 UTC,,28.02966,,,,,6,47.59422,100.58,8,8,,,
2026-06-03 10:33:56 UTC,,27.96939,,,,,6,47.15846,100.581,8,8,,,
2026-06-03 10:34:56 UTC,,27.91796,,,,,5,46.66678,100.582,7,7,,,
2026-06-03 10:35:56 UTC,,27.85895,,,,,6,47.16405,100.583,8,8,,,
2026-06-03 10:36:56 UTC,,27.83276,,,,,5,47.81627,100.584,7,7,,,
2026-06-03 10:37:56 UTC,,27.86463,,,,,6,47.56688,100.585,8,8,,,
2026-06-03 10:38:56 UTC,,27.9006,,,,,6,48.34585,100.585,8,8,,,
2026-06-03 10:39:57 UTC,,27.93594,,,,,6,49.63328,100.586,8,8,,,
2026-06-03 10:40:57 UTC,,27.99432,,,,,6,49.43736,100.587,8,8,,,
2026-06-03 10:41:57 UTC,,28.05554,,,,,6,49.51753,100.588,8,8,,,
2026-06-03 10:42:57 UTC,,28.1136,,,,,6,49.43975,100.589,8,8,,,
2026-06-03 10:43:57 UTC,,28.14831,,,,,6,50.64277,100.591,9,9,,,
2026-06-03 10:44:57 UTC,,28.15462,,,,,6,49.95779,100.592,9,9,,,
2026-06-03 10:45:57 UTC,,28.14862,,,,,7,49.33933,100.594,10,10,,,
2026-06-03 10:46:57 UTC,,28.12843,,,,,6,48.76691,100.595,8,8,,,
2026-06-03 10:47:57 UTC,,28.10413,,,,,7,48.75724,100.596,10,10,,,
2026-06-03 10:48:57 UTC,,28.11612,,,,,7,51.9312,100.599,10,10,,,
2026-06-03 10:49:57 UTC,,28.13915,,,,,10,55.37136,100.601,14,14,,,
2026-06-03 10:50:57 UTC,,28.17386,,,,,10,57.52863,100.604,14,14,,,
2026-06-03 10:51:58 UTC,,28.21899,,,,,10,58.91668,100.608,14,14,,,
2026-06-03 10:52:58 UTC,,28.25086,,,,,11,59.21822,100.612,15,17,,,
2026-06-03 10:53:58 UTC,,28.26222,,,,,10,57.9118,100.615,14,15,,,
2026-06-03 10:54:58 UTC,,28.26285,,,,,11,56.53731,100.619,15,17,,,
2026-06-03 10:55:58 UTC,,28.25086,,,,,10,55.47535,100.621,14,15,,,
2026-06-03 10:56:58 UTC,,28.23666,,,,,10,54.43234,100.623,14,14,,,
2026-06-03 10:57:58 UTC,,28.20826,,,,,10,53.63455,100.625,14,14,,,
2026-06-03 10:58:58 UTC,,28.17828,,,,,10,53.14769,100.627,14,15,,,
2026-06-03 10:59:58 UTC,,28.14452,,,,,10,52.34796,100.629,14,15,,,
2026-06-03 11:00:58 UTC,,28.11234,,,,,10,51.59838,100.63,14,14,,,
2026-06-03 11:01:58 UTC,,28.07352,,,,,10,51.24157,100.631,14,14,,,
2026-06-03 11:02:58 UTC,,28.0325,,,,,10,50.82567,100.633,14,14,,,
2026-06-03 11:03:58 UTC,,27.99179,,,,,10,50.31186,100.633,14,14,,,
2026-06-03 11:04:59 UTC,,27.93499,,,,,10,49.91582,100.634,14,15,,,
2026-06-03 11:05:59 UTC,,27.88735,,,,,10,49.58097,100.633,14,15,,,
2026-06-03 11:06:59 UTC,,27.84317,,,,,11,49.80516,100.634,15,17,,,
2026-06-03 11:07:59 UTC,,27.79552,,,,,11,49.22795,100.634,15,17,,,
2026-06-03 11:08:59 UTC,,27.72957,,,,,11,48.76789,100.634,15,17,,,
2026-06-03 11:09:59 UTC,,27.66583,,,,,11,48.37457,100.635,16,18,,,
2026-06-03 11:10:59 UTC,,27.63523,,,,,10,48.56638,100.636,14,14,,,
2026-06-03 11:11:59 UTC,,27.63207,,,,,10,48.56598,100.638,14,15,,,
2026-06-03 11:12:59 UTC,,27.65826,,,,,10,48.47796,100.639,14,15,,,
2026-06-03 11:13:59 UTC,,27.67656,,,,,10,49.80312,100.64,14,14,,,
2026-06-03 11:14:59 UTC,,27.71758,,,,,11,49.97944,100.64,16,18,,,
2026-06-03 11:15:59 UTC,,27.78385,,,,,11,49.67913,100.641,16,18,,,
2026-06-03 11:17:00 UTC,,27.85706,,,,,10,49.78068,100.643,14,15,,,
2026-06-03 11:18:00 UTC,,27.90376,,,,,10,50.6698,100.643,14,14,,,
2026-06-03 11:19:00 UTC,,27.9066,,,,,10,51.17287,100.643,14,15,,,
2026-06-03 11:20:00 UTC,,27.90313,,,,,10,50.25404,100.644,14,15,,,
2026-06-03 11:21:00 UTC,,27.87599,,,,,11,49.55979,100.644,16,18,,,
2026-06-03 11:22:00 UTC,,27.85011,,,,,11,48.92726,100.644,15,17,,,
2026-06-03 11:23:00 UTC,,27.81824,,,,,10,48.40055,100.644,14,15,,,
2026-06-03 11:24:00 UTC,,27.7706,,,,,10,48.49886,100.644,14,15,,,
2026-06-03 11:25:00 UTC,,27.74661,,,,,10,48.47621,100.644,14,15,,,
2026-06-03 11:26:00 UTC,,27.7747,,,,,10,48.33629,100.645,14,15,,,
2026-06-03 11:27:00 UTC,,27.79647,,,,,10,48.31952,100.646,14,14,,,
2026-06-03 11:28:00 UTC,,27.81225,,,,,10,49.90632,100.648,14,15,,,
2026-06-03 11:29:04 UTC,,27.85169,,,,,10,49.72083,100.649,14,15,,,
2026-06-03 11:30:04 UTC,,27.89713,,,,,10,49.66106,100.65,14,15,,,
2026-06-03 11:31:06 UTC,,27.95866,,,,,10,49.63625,100.652,14,14,,,
2026-06-03 11:32:07 UTC,,27.99495,,,,,10,51.11182,100.653,14,15,,,
2026-06-03 11:33:07 UTC,,28.00599,,,,,10,50.29396,100.653,14,14,,,
2026-06-03 11:34:07 UTC,,28.00221,,,,,10,49.53685,100.653,14,15,,,
2026-06-03 11:35:07 UTC,,27.97728,,,,,10,48.82591,100.654,14,14,,,
2026-06-03 11:36:07 UTC,,27.95014,,,,,10,48.19571,100.652,14,14,,,
2026-06-03 11:37:07 UTC,,27.91859,,,,,10,47.70362,100.65,14,14,,,
2026-06-03 11:38:07 UTC,,27.8681,,,,,10,47.22999,100.65,14,14,,,
2026-06-03 11:39:07 UTC,,27.79741,,,,,10,46.84568,100.649,14,14,,,
2026-06-03 11:40:07 UTC,,27.75261,,,,,10,47.12483,100.648,14,14,,,
2026-06-03 11:41:07 UTC,,27.7362,,,,,10,47.17459,100.648,14,14,,,
2026-06-03 11:42:07 UTC,,27.76681,,,,,10,47.1266,100.649,14,14,,,
2026-06-03 11:43:07 UTC,,27.80593,,,,,10,47.79987,100.65,14,14,,,
2026-06-03 11:44:08 UTC,,27.84601,,,,,10,48.43019,100.652,14,14,,,
2026-06-03 11:45:08 UTC,,27.89713,,,,,10,48.37802,100.653,14,14,,,
2026-06-03 11:46:08 UTC,,27.95172,,,,,10,48.22199,100.655,14,14,,,
2026-06-03 11:47:08 UTC,,28.00568,,,,,9,48.84919,100.657,13,13,,,
2026-06-03 11:48:08 UTC,,28.04607,,,,,10,49.75937,100.659,14,14,,,
2026-06-03 11:49:08 UTC,,28.0852,,,,,10,49.85657,100.66,14,14,,,
2026-06-03 11:50:08 UTC,,28.15841,,,,,10,49.53751,100.661,14,14,,,
2026-06-03 11:51:08 UTC,,28.16377,,,,,10,50.53254,100.663,14,14,,,
2026-06-03 11:52:08 UTC,,28.17355,,,,,10,50.98339,100.663,14,14,,,
2026-06-03 11:53:08 UTC,,28.17671,,,,,10,49.94753,100.664,14,14,,,
2026-06-03 11:54:08 UTC,,28.16156,,,,,10,49.28198,100.666,14,14,,,
2026-06-03 11:55:08 UTC,,28.11833,,,,,9,48.66101,100.667,13,13,,,
2026-06-03 11:56:08 UTC,,28.06595,,,,,9,48.16486,100.667,13,13,,,
2026-06-03 11:57:09 UTC,,28.01577,,,,,9,47.52102,100.668,13,13,,,
2026-06-03 11:58:09 UTC,,27.94825,,,,,9,48.04565,100.669,13,13,,,
2026-06-03 11:59:09 UTC,,27.96592,,,,,9,47.61864,100.671,13,13,,,
2026-06-03 12:00:09 UTC,,27.99053,,,,,9,47.78424,100.672,13,13,,,
2026-06-03 12:01:09 UTC,,27.99306,,,,,9,48.80833,100.673,13,13,,,
2026-06-03 12:02:09 UTC,,28.03534,,,,,10,48.85301,100.675,14,14,,,
2026-06-03 12:03:09 UTC,,28.07668,,,,,10,48.84527,100.677,14,14,,,
2026-06-03 12:04:09 UTC,,28.1502,,,,,9,48.73702,100.679,13,13,,,
2026-06-03 12:05:09 UTC,,28.18806,,,,,9,49.55452,100.681,13,13,,,
2026-06-03 12:06:09 UTC,,28.20037,,,,,9,50.04281,100.682,13,13,,,
2026-06-03 12:07:09 UTC,,28.18838,,,,,8,49.32482,100.683,11,11,,,
2026-06-03 12:08:09 UTC,,28.1603,,,,,9,48.64681,100.684,13,13,,,
2026-06-03 12:09:09 UTC,,28.1177,,,,,9,48.06722,100.686,13,13,,,
2026-06-03 12:10:10 UTC,,28.04859,,,,,9,47.55115,100.686,13,13,,,
2026-06-03 12:11:10 UTC,,28.00284,,,,,9,47.94842,100.686,13,13,,,
2026-06-03 12:12:10 UTC,,28.00505,,,,,10,47.78607,100.687,14,14,,,
2026-06-03 12:13:10 UTC,,28.04386,,,,,10,47.62849,100.688,14,14,,,
2026-06-03 12:14:10 UTC,,28.06279,,,,,8,48.78461,100.689,11,11,,,
2026-06-03 12:15:10 UTC,,28.07668,,,,,9,49.15298,100.691,13,13,,,
2026-06-03 12:16:10 UTC,,28.1035,,,,,9,48.95997,100.692,13,13,,,
2026-06-03 12:17:10 UTC,,28.16661,,,,,10,48.79146,100.694,14,14,,,
2026-06-03 12:18:10 UTC,,28.20195,,,,,9,49.82582,100.696,13,13,,,
2026-06-03 12:19:10 UTC,,28.2029,,,,,8,50.16832,100.697,11,11,,,
2026-06-03 12:20:10 UTC,,28.19027,,,,,9,49.29228,100.699,13,13,,,
2026-06-03 12:21:10 UTC,,28.16124,,,,,9,48.50975,100.7,13,13,,,
2026-06-03 12:22:11 UTC,,28.11802,,,,,8,48.00864,100.701,11,11,,,
2026-06-03 12:23:11 UTC,,28.06974,,,,,8,47.45642,100.702,11,11,,,
2026-06-03 12:24:11 UTC,,28.01546,,,,,8,46.89228,100.703,11,11,,,
2026-06-03 12:25:11 UTC,,27.95551,,,,,9,46.54227,100.704,13,13,,,
2026-06-03 12:26:11 UTC,,27.89776,,,,,9,46.50283,100.704,13,13,,,
2026-06-03 12:27:11 UTC,,27.89082,,,,,8,46.4826,100.703,11,11,,,
2026-06-03 12:28:11 UTC,,27.89113,,,,,9,46.48264,100.704,13,13,,,
2026-06-03 12:29:11 UTC,,27.90975,,,,,8,46.53014,100.704,11,11,,,
2026-06-03 12:30:11 UTC,,27.92332,,,,,9,47.94484,100.704,13,13,,,
2026-06-03 12:31:11 UTC,,27.94888,,,,,9,48.176,100.704,13,13,,,
2026-06-03 12:32:11 UTC,,27.98548,,,,,9,47.99829,100.704,13,13,,,
2026-06-03 12:33:11 UTC,,28.03534,,,,,8,47.69239,100.705,11,11,,,
2026-06-03 12:34:12 UTC,,28.03439,,,,,9,49.82359,100.705,13,13,,,
2026-06-03 12:35:12 UTC,,28.06974,,,,,8,49.57192,100.707,11,11,,,
2026-06-03 12:36:12 UTC,,28.13789,,,,,8,49.16091,100.707,11,11,,,
2026-06-03 12:37:12 UTC,,28.20447,,,,,9,49.10402,100.709,13,13,,,
2026-06-03 12:38:12 UTC,,28.2253,,,,,8,50.66621,100.71,11,11,,,
2026-06-03 12:39:12 UTC,,28.18649,,,,,8,50.31778,100.709,11,11,,,
2026-06-03 12:40:12 UTC,,28.16503,,,,,8,49.2562,100.71,11,11,,,
2026-06-03 12:41:12 UTC,,28.14547,,,,,8,48.5861,100.71,11,11,,,
2026-06-03 12:42:12 UTC,,28.0893,,,,,8,47.97894,100.711,11,11,,,
2026-06-03 12:43:12 UTC,,28.02997,,,,,8,47.45141,100.711,11,11,,,
2026-06-03 12:44:12 UTC,,27.97759,,,,,8,47.08823,100.713,11,11,,,
2026-06-03 12:45:12 UTC,,27.93247,,,,,8,47.14087,100.714,11,11,,,
2026-06-03 12:46:12 UTC,,27.923,,,,,8,47.03606,100.714,11,11,,,
2026-06-03 12:47:12 UTC,,27.94762,,,,,8,46.9744,100.714,11,11,,,
2026-06-03 12:48:13 UTC,,27.96339,,,,,8,47.20954,100.714,11,11,,,
2026-06-03 12:49:13 UTC,,27.96434,,,,,8,48.62816,100.716,11,11,,,
2026-06-03 12:50:13 UTC,,28.00126,,,,,8,48.42396,100.717,11,11,,,
2026-06-03 12:51:25 UTC,,28.06374,,,,,8,48.00174,100.717,11,11,,,
2026-06-03 12:52:25 UTC,,28.06216,,,,,9,49.40682,100.718,13,13,,,
2026-06-03 12:53:25 UTC,,28.11234,,,,,8,49.66946,100.719,11,11,,,
2026-06-03 12:54:26 UTC,,28.17607,,,,,8,49.55296,100.72,11,11,,,
2026-06-03 12:55:26 UTC,,28.25307,,,,,8,49.4645,100.722,11,11,,,
2026-06-03 12:56:26 UTC,,28.28904,,,,,8,50.00179,100.723,11,11,,,
2026-06-03 12:57:26 UTC,,28.29535,,,,,8,50.69535,100.723,11,11,,,
2026-06-03 12:58:26 UTC,,28.27705,,,,,8,49.75674,100.724,11,11,,,
2026-06-03 12:59:26 UTC,,28.24486,,,,,7,49.00445,100.725,10,10,,,
2026-06-03 13:00:26 UTC,,28.19532,,,,,8,48.33136,100.724,11,11,,,
2026-06-03 13:01:26 UTC,,28.15493,,,,,8,47.85713,100.725,11,11,,,
2026-06-03 13:02:26 UTC,,28.09782,,,,,7,47.74581,100.727,10,10,,,
2026-06-03 13:03:26 UTC,,28.08456,,,,,8,47.80916,100.728,11,11,,,
2026-06-03 13:04:26 UTC,,28.11044,,,,,8,47.64341,100.729,11,11,,,
2026-06-03 13:05:26 UTC,,28.13853,,,,,7,47.62747,100.729,10,10,,,
2026-06-03 13:06:26 UTC,,28.15178,,,,,8,48.99894,100.73,11,11,,,
2026-06-03 13:07:27 UTC,,28.17134,,,,,8,48.99493,100.732,11,11,,,
2026-06-03 13:08:27 UTC,,28.20195,,,,,7,48.86797,100.734,10,10,,,
2026-06-03 13:09:27 UTC,,28.22751,,,,,8,48.92364,100.736,11,11,,,
2026-06-03 13:10:27 UTC,,28.22909,,,,,8,50.46857,100.738,11,11,,,
2026-06-03 13:11:27 UTC,,28.15083,,,,,8,50.29329,100.739,11,11,,,
2026-06-03 13:12:27 UTC,,28.12369,,,,,7,49.41482,100.74,10,10,,,
2026-06-03 13:13:27 UTC,,28.1016,,,,,7,48.46945,100.741,10,10,,,
2026-06-03 13:14:27 UTC,,28.05995,,,,,7,47.91664,100.741,10,10,,,
2026-06-03 13:15:27 UTC,,28.01704,,,,,8,47.79409,100.741,11,11,,,
2026-06-03 13:16:27 UTC,,27.99653,,,,,7,47.84352,100.742,10,10,,,
2026-06-03 13:17:27 UTC,,28.02051,,,,,7,47.5476,100.743,10,10,,,
2026-06-03 13:18:27 UTC,,28.06784,,,,,7,47.46917,100.743,10,10,,,
2026-06-03 13:19:28 UTC,,28.09182,,,,,8,48.89956,100.746,11,11,,,
2026-06-03 13:20:28 UTC,,28.12338,,,,,8,49.02147,100.746,11,11,,,
2026-06-03 13:21:28 UTC,,28.18744,,,,,7,48.64377,100.748,10,10,,,
2026-06-03 13:22:28 UTC,,28.25244,,,,,7,48.61946,100.749,10,10,,,
2026-06-03 13:23:28 UTC,,28.22404,,,,,7,50.56694,100.749,10,10,,,
2026-06-03 13:24:28 UTC,,28.20384,,,,,8,50.0762,100.75,11,11,,,
2026-06-03 13:25:28 UTC,,28.15809,,,,,8,49.46524,100.751,11,11,,,
2026-06-03 13:26:28 UTC,,28.12243,,,,,7,48.45907,100.75,10,10,,,
2026-06-03 13:27:28 UTC,,28.06784,,,,,6,48.01528,100.75,9,9,,,
2026-06-03 13:28:28 UTC,,28.03471,,,,,7,48.26517,100.75,10,10,,,
2026-06-03 13:29:28 UTC,,28.03597,,,,,7,48.08286,100.75,10,10,,,
2026-06-03 13:30:28 UTC,,28.08583,,,,,7,47.87437,100.75,10,10,,,
2026-06-03 13:31:29 UTC,,28.09245,,,,,7,49.23367,100.75,10,10,,,
2026-06-03 13:32:29 UTC,,28.12811,,,,,7,49.27108,100.751,10,10,,,
2026-06-03 13:33:29 UTC,,28.17639,,,,,7,49.21834,100.752,10,10,,,
2026-06-03 13:34:29 UTC,,28.24297,,,,,7,48.86018,100.754,10,10,,,
2026-06-03 13:35:29 UTC,,28.21931,,,,,7,50.85715,100.755,10,10,,,
2026-06-03 13:36:29 UTC,,28.2152,,,,,7,50.44034,100.757,10,10,,,
2026-06-03 13:37:29 UTC,,28.1928,,,,,7,49.64054,100.758,10,10,,,
2026-06-03 13:38:29 UTC,,28.16377,,,,,7,48.83688,100.759,10,10,,,
2026-06-03 13:39:29 UTC,,28.12022,,,,,7,48.15224,100.759,10,10,,,
2026-06-03 13:40:29 UTC,,28.07194,,,,,7,48.53747,100.759,10,10,,,
2026-06-03 13:41:29 UTC,,28.0852,,,,,7,48.25859,100.759,10,10,,,
2026-06-03 13:42:29 UTC,,28.12937,,,,,7,48.12734,100.759,10,10,,,
2026-06-03 13:43:30 UTC,,28.14547,,,,,7,49.03087,100.76,10,10,,,
2026-06-03 13:44:30 UTC,,28.18113,,,,,7,49.32388,100.761,10,10,,,
2026-06-03 13:45:30 UTC,,28.23066,,,,,7,49.21227,100.762,10,10,,,
2026-06-03 13:46:30 UTC,,28.29598,,,,,7,49.10278,100.763,10,10,,,
2026-06-03 13:47:30 UTC,,28.28841,,,,,7,50.39723,100.764,10,10,,,
2026-06-03 13:48:30 UTC,,28.21994,,,,,7,51.38054,100.765,10,10,,,
2026-06-03 13:49:30 UTC,,28.20416,,,,,7,49.94455,100.765,10,10,,,
2026-06-03 13:50:30 UTC,,28.17418,,,,,7,48.85131,100.765,10,10,,,
2026-06-03 13:51:30 UTC,,28.12748,,,,,6,48.46624,100.764,8,8,,,
2026-06-03 13:52:30 UTC,,28.04796,,,,,7,48.31251,100.763,10,10,,,
2026-06-03 13:53:30 UTC,,28.03408,,,,,7,48.17384,100.763,10,10,,,
2026-06-03 13:54:30 UTC,,28.06406,,,,,6,48.00178,100.764,9,9,,,
2026-06-03 13:55:30 UTC,,28.11644,,,,,6,47.85874,100.765,8,8,,,
2026-06-03 13:56:31 UTC,,28.13915,,,,,7,49.19385,100.767,10,10,,,
2026-06-03 13:57:31 UTC,,28.15714,,,,,6,49.33388,100.769,8,8,,,
2026-06-03 13:58:31 UTC,,28.21678,,,,,7,49.04666,100.771,10,10,,,
2026-06-03 13:59:31 UTC,,28.28525,,,,,6,48.88528,100.772,8,8,,,
2026-06-03 14:00:31 UTC,,28.25212,,,,,6,51.0336,100.774,9,9,,,
2026-06-03 14:01:31 UTC,,28.25149,,,,,6,50.14176,100.775,8,8,,,
2026-06-03 14:02:31 UTC,,28.2354,,,,,7,49.1539,100.776,10,10,,,
2026-06-03 14:03:31 UTC,,28.20605,,,,,6,48.60695,100.777,8,8,,,
2026-06-03 14:04:31 UTC,,28.14957,,,,,6,47.90199,100.775,8,8,,,
2026-06-03 14:05:31 UTC,,28.09151,,,,,7,47.43969,100.775,10,10,,,
2026-06-03 14:06:31 UTC,,28.03502,,,,,6,46.94003,100.777,9,9,,,
2026-06-03 14:07:31 UTC,,27.97476,,,,,6,47.26931,100.776,8,8,,,
2026-06-03 14:08:32 UTC,,27.95109,,,,,6,47.13025,100.776,8,8,,,
2026-06-03 14:09:32 UTC,,27.98454,,,,,6,46.9596,100.776,8,8,,,
2026-06-03 14:10:32 UTC,,27.98548,,,,,6,47.6666,100.777,8,8,,,
2026-06-03 14:11:32 UTC,,28.01451,,,,,6,48.43871,100.777,9,9,,,
2026-06-03 14:12:32 UTC,,28.06374,,,,,6,48.3602,100.776,8,8,,,
2026-06-03 14:13:32 UTC,,28.11296,,,,,6,48.28822,100.776,8,8,,,
2026-06-03 14:14:32 UTC,,28.11265,,,,,6,49.09211,100.776,9,9,,,
2026-06-03 14:15:32 UTC,,28.14105,,,,,6,49.87046,100.776,8,8,,,
2026-06-03 14:16:32 UTC,,28.19532,,,,,6,49.58174,100.777,8,8,,,
2026-06-03 14:17:32 UTC,,28.26979,,,,,6,49.37479,100.778,8,8,,,
2026-06-03 14:18:32 UTC,,28.29725,,,,,6,49.97654,100.778,8,8,,,
2026-06-03 14:19:32 UTC,,28.26474,,,,,6,50.91614,100.78,8,8,,,
2026-06-03 14:20:33 UTC,,28.23256,,,,,6,50.38324,100.78,8,8,,,
2026-06-03 14:21:33 UTC,,28.21078,,,,,6,49.1376,100.782,8,8,,,
2026-06-03 14:22:33 UTC,,28.16251,,,,,5,48.49685,100.783,7,7,,,
2026-06-03 14:23:33 UTC,,28.1218,,,,,6,47.95704,100.784,8,8,,,
2026-06-03 14:24:33 UTC,,28.05774,,,,,6,48.12472,100.786,8,8,,,
2026-06-03 14:25:33 UTC,,28.02493,,,,,6,47.93821,100.788,8,8,,,
2026-06-03 14:26:33 UTC,,28.04954,,,,,6,47.83073,100.79,8,8,,,
2026-06-03 14:27:33 UTC,,28.08141,,,,,5,47.8608,100.791,7,7,,,
2026-06-03 14:28:33 UTC,,28.10571,,,,,6,49.03227,100.792,8,8,,,
2026-06-03 14:29:33 UTC,,28.136,,,,,6,49.15411,100.792,8,8,,,
2026-06-03 14:30:33 UTC,,28.1969,,,,,5,48.78228,100.793,7,7,,,
2026-06-03 14:31:33 UTC,,28.25054,,,,,5,48.80883,100.792,7,7,,,
2026-06-03 14:32:34 UTC,,28.23697,,,,,6,50.75368,100.792,8,8,,,
2026-06-03 14:33:34 UTC,,28.22719,,,,,6,49.89493,100.792,8,8,,,
2026-06-03 14:34:34 UTC,,28.19753,,,,,6,49.03106,100.791,8,8,,,
2026-06-03 14:35:34 UTC,,28.17134,,,,,5,48.29568,100.79,7,7,,,
2026-06-03 14:36:34 UTC,,28.13411,,,,,6,47.6724,100.789,8,8,,,
2026-06-03 14:37:34 UTC,,28.07573,,,,,5,47.74951,100.788,7,7,,,
2026-06-03 14:38:34 UTC,,28.05617,,,,,5,47.62355,100.788,7,7,,,
2026-06-03 14:39:34 UTC,,28.0751,,,,,5,47.50254,100.787,7,7,,,
2026-06-03 14:40:34 UTC,,28.10097,,,,,6,47.55126,100.786,8,8,,,
2026-06-03 14:41:34 UTC,,28.10918,,,,,6,48.97379,100.786,8,8,,,
2026-06-03 14:42:34 UTC,,28.13884,,,,,6,48.91217,100.786,8,8,,,
2026-06-03 14:43:34 UTC,,28.18049,,,,,6,48.58407,100.786,8,8,,,
2026-06-03 14:44:35 UTC,,28.23066,,,,,5,48.53825,100.785,7,7,,,
2026-06-03 14:45:35 UTC,,28.24234,,,,,5,50.31197,100.786,7,7,,,
2026-06-03 14:46:35 UTC,,28.23445,,,,,5,49.73144,100.786,7,7,,,
2026-06-03 14:47:35 UTC,,28.19848,,,,,5,48.75632,100.786,7,7,,,
2026-06-03 14:48:35 UTC,,28.1644,,,,,5,48.18395,100.786,7,7,,,
2026-06-03 14:49:35 UTC,,28.12054,,,,,5,47.55373,100.785,7,7,,,
2026-06-03 14:50:35 UTC,,28.06437,,,,,5,47.07966,100.784,7,7,,,
2026-06-03 14:51:35 UTC,,28.00568,,,,,5,46.75524,100.784,7,7,,,
2026-06-03 14:52:35 UTC,,27.95708,,,,,6,46.94323,100.783,8,8,,,
2026-06-03 14:53:35 UTC,,27.95109,,,,,5,46.92954,100.783,7,7,,,
2026-06-03 14:54:35 UTC,,27.97854,,,,,5,46.8424,100.782,7,7,,,
2026-06-03 14:55:35 UTC,,27.96339,,,,,5,48.28215,100.781,7,7,,,
2026-06-03 14:56:35 UTC,,27.99716,,,,,5,48.29298,100.781,7,7,,,
2026-06-03 14:57:36 UTC,,28.04481,,,,,5,48.09702,100.781,7,7,,,
2026-06-03 14:58:36 UTC,,28.11265,,,,,5,47.96238,100.781,7,7,,,
2026-06-03 14:59:36 UTC,,28.10949,,,,,6,49.62966,100.78,8,8,,,
2026-06-03 15:00:36 UTC,,28.14357,,,,,5,49.66039,100.781,7,7,,,
2026-06-03 15:01:36 UTC,,28.1988,,,,,5,49.45086,100.782,7,7,,,
2026-06-03 15:02:36 UTC,,28.26411,,,,,5,49.21007,100.781,7,7,,,
2026-06-03 15:03:36 UTC,,28.25938,,,,,5,50.70379,100.78,7,7,,,
2026-06-03 15:04:36 UTC,,28.23003,,,,,5,50.79905,100.78,7,7,,,
2026-06-03 15:05:36 UTC,,28.19248,,,,,5,49.91669,100.778,7,7,,,
2026-06-03 15:06:36 UTC,,28.16219,,,,,5,49.01339,100.776,7,7,,,
2026-06-03 15:07:36 UTC,,28.12212,,,,,5,48.26982,100.774,7,7,,,
2026-06-03 15:08:36 UTC,,28.06343,,,,,5,47.65046,100.772,7,7,,,
2026-06-03 15:09:37 UTC,,28.01325,,,,,5,47.14452,100.772,7,7,,,
2026-06-03 15:10:37 UTC,,27.99116,,,,,5,48.23353,100.77,7,7,,,
2026-06-03 15:11:37 UTC,,28.02493,,,,,5,53.67625,100.769,7,7,,,
2026-06-03 15:12:37 UTC,,28.09151,,,,,7,59.80985,100.771,10,10,,,
2026-06-03 15:13:37 UTC,,28.17292,,,,,7,57.20004,100.773,10,10,,,
2026-06-03 15:14:37 UTC,,28.24518,,,,,7,62.77065,100.774,10,10,,,
2026-06-03 15:15:37 UTC,,28.3187,,,,,8,63.47912,100.777,11,11,,,
2026-06-03 15:16:37 UTC,,28.40264,,,,,8,63.80293,100.778,11,11,,,
2026-06-03 15:17:37 UTC,,28.46259,,,,,7,61.6479,100.78,10,10,,,
2026-06-03 15:18:37 UTC,,28.51087,,,,,7,61.18045,100.78,10,10,,,
2026-06-03 15:19:37 UTC,,28.52349,,,,,7,59.16234,100.779,10,10,,,
2026-06-03 15:20:37 UTC,,28.4891,,,,,7,58.05511,100.777,10,10,,,
2026-06-03 15:21:38 UTC,,28.45597,,,,,7,56.55843,100.776,10,10,,,
2026-06-03 15:22:38 UTC,,28.40611,,,,,7,55.33482,100.775,10,10,,,
2026-06-03 15:23:38 UTC,,28.35846,,,,,7,54.52364,100.774,10,10,,,
2026-06-03 15:24:38 UTC,,28.30671,,,,,7,53.42007,100.773,10,10,,,
2026-06-03 15:26:38 UTC,,28.23697,,,,,7,53.16247,100.769,10,10,,,
2026-06-03 15:27:38 UTC,,28.24991,,,,,7,53.03035,100.768,10,10,,,
2026-06-03 15:28:38 UTC,,28.27074,,,,,7,53.02654,100.767,10,10,,,
2026-06-03 15:29:38 UTC,,28.28178,,,,,7,54.16918,100.767,10,10,,,
2026-06-03 15:30:38 UTC,,28.30955,,,,,7,54.09229,100.767,10,10,,,
2026-06-03 15:31:38 UTC,,28.35973,,,,,6,53.85715,100.767,8,8,,,
2026-06-03 15:32:38 UTC,,28.41021,,,,,6,53.71634,100.767,8,8,,,
2026-06-03 15:33:39 UTC,,28.40548,,,,,7,55.14514,100.766,10,10,,,
2026-06-03 15:34:39 UTC,,28.4222,,,,,7,53.47631,100.767,10,10,,,
2026-06-03 15:35:39 UTC,,28.41021,,,,,6,52.60444,100.765,8,8,,,
2026-06-03 15:36:39 UTC,,28.38181,,,,,6,51.73438,100.763,8,8,,,
2026-06-03 15:37:39 UTC,,28.33322,,,,,6,51.1173,100.762,8,8,,,
2026-06-03 15:38:39 UTC,,28.2881,,,,,6,50.31802,100.76,8,8,,,
2026-06-03 15:39:39 UTC,,28.24581,,,,,6,50.08831,100.758,8,8,,,
2026-06-03 15:40:39 UTC,,28.22845,,,,,6,50.17827,100.756,8,8,,,
2026-06-03 15:41:39 UTC,,28.23098,,,,,6,50.25113,100.754,8,8,,,
2026-06-03 15:42:39 UTC,,28.25686,,,,,6,50.18861,100.753,8,8,,,
2026-06-03 15:43:39 UTC,,28.27926,,,,,6,51.38852,100.752,8,8,,,
2026-06-03 15:44:39 UTC,,28.30703,,,,,6,51.34581,100.751,8,8,,,
2026-06-03 15:45:39 UTC,,28.35562,,,,,6,51.13356,100.751,8,8,,,
2026-06-03 15:46:39 UTC,,28.39633,,,,,6,51.18539,100.751,8,8,,,
2026-06-03 15:47:39 UTC,,28.37487,,,,,6,53.04757,100.752,8,8,,,
2026-06-03 15:48:39 UTC,,28.37077,,,,,6,51.75284,100.752,8,8,,,
2026-06-03 15:49:40 UTC,,28.35184,,,,,6,50.79543,100.751,8,8,,,
2026-06-03 15:50:40 UTC,,28.31839,,,,,6,50.18355,100.752,8,8,,,
2026-06-03 15:51:40 UTC,,28.27232,,,,,6,50.22361,100.752,9,9,,,
2026-06-03 15:52:40 UTC,,28.27674,,,,,6,50.10556,100.751,8,8,,,
2026-06-03 15:53:40 UTC,,28.30703,,,,,6,50.05027,100.751,8,8,,,
2026-06-03 15:54:40 UTC,,28.33827,,,,,6,50.08732,100.752,8,8,,,
2026-06-03 15:55:40 UTC,,28.35594,,,,,6,51.12034,100.751,8,8,,,
2026-06-03 15:56:40 UTC,,28.38749,,,,,5,51.08482,100.751,7,7,,,
2026-06-03 15:57:40 UTC,,28.41526,,,,,6,51.0223,100.75,8,8,,,
2026-06-03 15:58:40 UTC,,28.46512,,,,,5,51.16148,100.751,7,7,,,
2026-06-03 15:59:40 UTC,,28.48405,,,,,6,51.88789,100.751,8,8,,,
2026-06-03 16:00:40 UTC,,28.46891,,,,,6,51.20177,100.751,8,8,,,
2026-06-03 16:01:41 UTC,,28.43987,,,,,6,50.3447,100.751,9,9,,,
2026-06-03 16:02:41 UTC,,28.3938,,,,,6,49.81152,100.751,8,8,,,
2026-06-03 16:03:41 UTC,,28.35909,,,,,6,49.53745,100.752,8,8,,,
2026-06-03 16:04:41 UTC,,28.34458,,,,,5,49.53554,100.753,7,7,,,
2026-06-03 16:05:41 UTC,,28.34805,,,,,5,49.56228,100.753,7,7,,,
2026-06-03 16:06:41 UTC,,28.35783,,,,,5,49.60297,100.753,7,7,,,
2026-06-03 16:07:41 UTC,,28.35468,,,,,6,50.96123,100.753,8,8,,,
2026-06-03 16:08:41 UTC,,28.39096,,,,,6,50.64197,100.754,8,8,,,
2026-06-03 16:09:41 UTC,,28.4282,,,,,6,50.57423,100.755,8,8,,,
2026-06-03 16:10:41 UTC,,28.46985,,,,,6,50.5005,100.754,8,8,,,
2026-06-03 16:11:41 UTC,,28.47711,,,,,6,52.0001,100.754,8,8,,,
2026-06-03 16:12:41 UTC,,28.47932,,,,,5,50.98452,100.754,7,7,,,
2026-06-03 16:13:42 UTC,,28.44997,,,,,5,50.14159,100.752,7,7,,,
2026-06-03 16:14:42 UTC,,28.41021,,,,,5,49.42591,100.751,7,7,,,
2026-06-03 16:15:42 UTC,,28.36067,,,,,5,49.56393,100.751,7,7,,,
2026-06-03 16:16:42 UTC,,28.33953,,,,,5,49.60059,100.75,7,7,,,
2026-06-03 16:17:42 UTC,,28.34269,,,,,6,49.66014,100.75,8,8,,,
2026-06-03 16:18:42 UTC,,28.35941,,,,,6,49.76754,100.75,8,8,,,
2026-06-03 16:19:42 UTC,,28.36351,,,,,6,50.72425,100.75,8,8,,,
2026-06-03 16:20:42 UTC,,28.40832,,,,,5,50.49894,100.751,7,7,,,
2026-06-03 16:21:42 UTC,,28.47112,,,,,6,50.36203,100.752,8,8,,,
2026-06-03 16:22:42 UTC,,28.52255,,,,,5,50.42826,100.753,7,7,,,
2026-06-03 16:23:42 UTC,,28.51277,,,,,6,51.8319,100.752,8,8,,,
2026-06-03 16:24:42 UTC,,28.49793,,,,,5,50.64959,100.752,7,7,,,
2026-06-03 16:25:43 UTC,,28.46733,,,,,5,49.82117,100.751,7,7,,,
2026-06-03 16:26:43 UTC,,28.41842,,,,,5,49.47951,100.75,7,7,,,
2026-06-03 16:27:43 UTC,,28.34868,,,,,5,49.12272,100.749,7,7,,,
2026-06-03 16:28:43 UTC,,28.3187,,,,,5,49.19093,100.748,7,7,,,
2026-06-03 16:29:43 UTC,,28.31839,,,,,5,49.09258,100.747,7,7,,,
2026-06-03 16:30:43 UTC,,28.35247,,,,,5,48.99873,100.746,7,7,,,
2026-06-03 16:31:43 UTC,,28.36477,,,,,5,50.12376,100.745,7,7,,,
2026-06-03 16:32:43 UTC,,28.38812,,,,,5,50.2455,100.743,7,7,,,
2026-06-03 16:33:43 UTC,,28.41905,,,,,5,50.27597,100.743,7,7,,,
2026-06-03 16:34:43 UTC,,28.46354,,,,,5,49.99842,100.744,7,7,,,
2026-06-03 16:35:43 UTC,,28.49036,,,,,5,51.24442,100.744,7,7,,,
2026-06-03 16:36:43 UTC,,28.48689,,,,,5,50.66795,100.744,7,7,,,
2026-06-03 16:37:44 UTC,,28.4667,,,,,5,49.78819,100.743,7,7,,,
2026-06-03 16:38:44 UTC,,28.43135,,,,,5,49.22525,100.742,7,7,,,
2026-06-03 16:39:44 UTC,,28.35752,,,,,4,49.56351,100.74,6,6,,,
2026-06-03 16:40:44 UTC,,28.34237,,,,,5,49.43019,100.74,7,7,,,
2026-06-03 16:41:44 UTC,,28.36162,,,,,4,49.24897,100.739,6,6,,,
2026-06-03 16:42:44 UTC,,28.35373,,,,,5,50.10253,100.738,7,7,,,
2026-06-03 16:43:44 UTC,,28.37487,,,,,5,50.55394,100.738,7,7,,,
2026-06-03 16:44:44 UTC,,28.39633,,,,,5,50.47093,100.737,7,7,,,
2026-06-03 16:45:44 UTC,,28.43735,,,,,5,50.29158,100.736,7,7,,,
2026-06-03 16:46:44 UTC,,28.47269,,,,,5,50.68589,100.736,7,7,,,
2026-06-03 16:47:44 UTC,,28.47048,,,,,5,51.65996,100.734,7,7,,,
2026-06-03 16:48:44 UTC,,28.45628,,,,,4,50.61761,100.733,6,6,,,
2026-06-03 16:49:44 UTC,,28.4181,,,,,5,49.76208,100.731,7,7,,,
2026-06-03 16:50:45 UTC,,28.35941,,,,,5,49.11101,100.73,7,7,,,
2026-06-03 16:51:45 UTC,,28.30987,,,,,5,49.37344,100.729,7,7,,,
2026-06-03 16:52:45 UTC,,28.30829,,,,,5,49.11747,100.728,7,7,,,
2026-06-03 16:53:45 UTC,,28.3064,,,,,5,49.21556,100.727,7,7,,,
2026-06-03 16:54:45 UTC,,28.31082,,,,,5,49.57712,100.726,7,7,,,
2026-06-03 16:55:45 UTC,,28.34237,,,,,4,50.23285,100.727,6,6,,,
2026-06-03 16:56:45 UTC,,28.38276,,,,,5,50.13272,100.727,7,7,,,
2026-06-03 16:57:45 UTC,,28.43262,,,,,4,49.99435,100.728,6,6,,,
2026-06-03 16:58:45 UTC,,28.47301,,,,,4,50.33588,100.728,6,6,,,
2026-06-03 16:59:45 UTC,,28.39822,,,,,4,51.77649,100.727,6,6,,,
2026-06-03 17:00:45 UTC,,28.38087,,,,,4,50.60759,100.727,6,6,,,
2026-06-03 17:01:45 UTC,,28.34489,,,,,4,49.48304,100.726,6,6,,,
2026-06-03 17:02:46 UTC,,28.30829,,,,,4,49.01265,100.726,6,6,,,
2026-06-03 17:03:46 UTC,,28.2739,,,,,4,48.54382,100.725,6,6,,,
2026-06-03 17:04:46 UTC,,28.26569,,,,,4,48.5885,100.724,6,6,,,
2026-06-03 17:05:46 UTC,,28.2679,,,,,5,48.6672,100.725,7,7,,,
2026-06-03 17:06:46 UTC,,28.28936,,,,,4,48.6046,100.725,5,5,,,
2026-06-03 17:07:46 UTC,,28.29062,,,,,5,49.97566,100.725,7,7,,,
2026-06-03 17:08:46 UTC,,28.3004,,,,,4,49.92428,100.726,6,6,,,
2026-06-03 17:09:46 UTC,,28.34489,,,,,4,49.73275,100.727,6,6,,,
2026-06-03 17:10:46 UTC,,28.39443,,,,,4,49.60777,100.728,6,6,,,
2026-06-03 17:11:46 UTC,,28.39096,,,,,4,51.24434,100.727,6,6,,,
2026-06-03 17:12:46 UTC,,28.39096,,,,,4,50.20631,100.726,6,6,,,
2026-06-03 17:13:46 UTC,,28.36698,,,,,4,49.78169,100.725,6,6,,,
2026-06-03 17:14:47 UTC,,28.34489,,,,,5,48.80791,100.724,7,7,,,
2026-06-03 17:15:47 UTC,,28.31334,,,,,4,48.94782,100.723,6,6,,,
2026-06-03 17:16:47 UTC,,28.31239,,,,,4,48.84953,100.722,6,6,,,
2026-06-03 17:17:47 UTC,,28.33006,,,,,5,48.80601,100.722,7,7,,,
2026-06-03 17:18:47 UTC,,28.34111,,,,,4,49.12829,100.723,6,6,,,
2026-06-03 17:19:47 UTC,,28.33416,,,,,4,50.17244,100.723,6,6,,,
2026-06-03 17:20:47 UTC,,28.33606,,,,,4,50.12656,100.723,6,6,,,
2026-06-03 17:21:47 UTC,,28.39254,,,,,4,49.78504,100.725,6,6,,,
2026-06-03 17:22:47 UTC,,28.43262,,,,,4,50.0734,100.724,5,5,,,
2026-06-03 17:23:47 UTC,,28.4058,,,,,4,51.2397,100.724,6,6,,,
2026-06-03 17:24:47 UTC,,28.38939,,,,,4,49.97549,100.723,6,6,,,
2026-06-03 17:25:47 UTC,,28.35215,,,,,4,49.32646,100.722,6,6,,,
2026-06-03 17:26:48 UTC,,28.31271,,,,,4,48.64029,100.722,6,6,,,
2026-06-03 17:27:48 UTC,,28.27105,,,,,4,48.92926,100.721,6,6,,,
2026-06-03 17:28:48 UTC,,28.26695,,,,,4,48.77824,100.719,6,6,,,
2026-06-03 17:29:48 UTC,,28.28683,,,,,4,48.67618,100.719,6,6,,,
2026-06-03 17:30:48 UTC,,28.29598,,,,,4,49.33882,100.719,6,6,,,
2026-06-03 17:31:48 UTC,,28.31555,,,,,4,49.91969,100.719,6,6,,,
2026-06-03 17:32:48 UTC,,28.34679,,,,,4,49.86456,100.718,5,5,,,
2026-06-03 17:36:21 UTC,,28.3774,,,,,4,50.32322,100.716,5,5,,,
2026-06-03 17:37:32 UTC,,28.3673,,,,,4,49.12515,100.716,6,6,,,
2026-06-03 17:38:32 UTC,,28.36162,,,,,4,48.5747,100.715,5,5,,,
2026-06-03 17:39:32 UTC,,28.37108,,,,,4,48.73935,100.714,6,6,,,
2026-06-03 17:40:32 UTC,,28.38718,,,,,4,48.83956,100.713,6,6,,,
2026-06-03 17:41:33 UTC,,28.42631,,,,,4,48.61571,100.712,6,6,,,
2026-06-03 17:42:33 UTC,,28.46354,,,,,4,49.59053,100.71,6,6,,,
2026-06-03 17:43:33 UTC,,28.49068,,,,,4,49.72556,100.708,6,6,,,
2026-06-03 17:44:33 UTC,,28.52981,,,,,4,49.59263,100.707,6,6,,,
2026-06-03 17:45:33 UTC,,28.58755,,,,,4,49.48848,100.707,6,6,,,
2026-06-03 17:46:33 UTC,,28.53517,,,,,4,51.1311,100.705,5,5,,,
2026-06-03 17:47:33 UTC,,28.52854,,,,,4,50.56115,100.704,5,5,,,
2026-06-03 17:51:11 UTC,,28.51087,,,,,4,48.54163,100.7,5,5,,,
2026-06-03 17:52:11 UTC,,28.54338,,,,,4,48.46088,100.699,6,6,,,
2026-06-03 17:53:11 UTC,,28.54558,,,,,4,48.66377,100.698,6,6,,,
2026-06-03 17:54:11 UTC,,28.57777,,,,,4,49.63178,100.697,6,6,,,
2026-06-03 17:55:11 UTC,,28.58282,,,,,4,49.64558,100.696,5,5,,,
2026-06-03 17:56:11 UTC,,28.64435,,,,,4,49.2858,100.697,6,6,,,
2026-06-03 17:57:11 UTC,,28.6838,,,,,4,49.36316,100.696,6,6,,,
2026-06-03 18:08:28 UTC,,28.66802,,,,,4,49.2692,100.689,5,5,,,
2026-06-03 18:09:28 UTC,,28.67938,,,,,4,50.43587,100.688,6,6,,,
2026-06-03 18:10:28 UTC,,28.66644,,,,,4,49.85394,100.687,5,5,,,
2026-06-03 18:11:28 UTC,,28.63141,,,,,4,49.22506,100.687,5,5,,,
2026-06-03 18:12:28 UTC,,28.56736,,,,,4,48.50317,100.685,5,5,,,
2026-06-03 18:13:28 UTC,,28.50204,,,,,3,47.90128,100.684,4,4,,,
2026-06-03 18:14:29 UTC,,28.45502,,,,,3,47.75212,100.682,4,4,,,
2026-06-03 18:15:29 UTC,,28.43577,,,,,4,47.66513,100.68,6,6,,,
2026-06-03 18:16:29 UTC,,28.42347,,,,,4,47.8392,100.679,5,5,,,
2026-06-03 18:17:29 UTC,,28.43451,,,,,4,47.98384,100.677,6,6,,,
2026-06-03 18:18:29 UTC,,28.44366,,,,,4,48.97781,100.675,5,5,,,
2026-06-03 18:19:29 UTC,,28.45786,,,,,4,49.00584,100.674,5,5,,,
2026-06-03 18:20:29 UTC,,28.47711,,,,,4,48.89701,100.673,5,5,,,
2026-06-03 18:21:29 UTC,,28.5134,,,,,4,48.86243,100.674,5,5,,,
2026-06-03 18:22:29 UTC,,28.51561,,,,,4,50.24916,100.673,6,6,,,
2026-06-03 18:23:29 UTC,,28.50109,,,,,4,49.20153,100.673,6,6,,,
2026-06-03 18:24:29 UTC,,28.44776,,,,,4,48.63153,100.673,5,5,,,
2026-06-03 18:25:29 UTC,,28.40643,,,,,4,48.29316,100.672,5,5,,,
2026-06-03 18:26:30 UTC,,28.38592,,,,,4,48.40147,100.672,5,5,,,
2026-06-03 18:27:30 UTC,,28.39664,,,,,3,48.22016,100.671,4,4,,,
2026-06-03 18:28:30 UTC,,28.40232,,,,,4,48.35137,100.67,5,5,,,
2026-06-03 18:29:30 UTC,,28.3998,,,,,4,49.58219,100.669,5,5,,,
2026-06-03 18:30:30 UTC,,28.39696,,,,,4,49.50955,100.669,5,5,,,
2026-06-03 18:31:30 UTC,,28.40958,,,,,4,49.39957,100.669,5,5,,,
2026-06-03 18:32:30 UTC,,28.4525,,,,,4,49.28703,100.67,5,5,,,
2026-06-03 18:33:30 UTC,,28.45439,,,,,4,50.6438,100.67,5,5,,,
2026-06-03 18:34:30 UTC,,28.4525,,,,,4,49.91136,100.67,5,5,,,
2026-06-03 18:35:30 UTC,,28.42126,,,,,3,49.0142,100.669,4,4,,,
2026-06-03 18:36:30 UTC,,28.39443,,,,,4,48.66389,100.669,5,5,,,
2026-06-03 18:37:30 UTC,,28.37613,,,,,4,48.77925,100.667,5,5,,,
2026-06-03 18:38:31 UTC,,28.3796,,,,,4,48.71428,100.666,5,5,,,
2026-06-03 18:39:31 UTC,,28.40516,,,,,4,48.62606,100.666,5,5,,,
2026-06-03 18:40:31 UTC,,28.42725,,,,,4,49.63178,100.665,6,6,,,
2026-06-03 18:41:31 UTC,,28.44398,,,,,4,49.54197,100.665,6,6,,,
2026-06-03 18:42:31 UTC,,28.48374,,,,,4,49.49461,100.666,5,5,,,
2026-06-03 18:43:31 UTC,,28.50993,,,,,4,49.46521,100.667,5,5,,,
2026-06-03 18:44:31 UTC,,28.47458,,,,,4,51.19588,100.666,6,6,,,
2026-06-03 18:45:31 UTC,,28.45691,,,,,4,49.83954,100.666,6,6,,,
2026-06-03 18:46:31 UTC,,28.43388,,,,,4,49.10757,100.665,5,5,,,
2026-06-03 18:47:31 UTC,,28.40012,,,,,3,48.37067,100.663,4,4,,,
2026-06-03 18:48:31 UTC,,28.39033,,,,,4,48.53919,100.661,5,5,,,
2026-06-03 18:49:31 UTC,,28.40958,,,,,4,48.26095,100.66,6,6,,,
2026-06-03 18:50:31 UTC,,28.44524,,,,,4,48.23942,100.658,5,5,,,
2026-06-03 18:51:31 UTC,,28.40106,,,,,4,49.69408,100.657,5,5,,,
2026-06-03 18:52:32 UTC,,28.41558,,,,,4,49.57111,100.656,6,6,,,
2026-06-03 18:53:32 UTC,,28.45313,,,,,4,49.44464,100.656,6,6,,,
2026-06-03 18:54:32 UTC,,28.49951,,,,,4,49.31285,100.655,6,6,,,
2026-06-03 18:55:32 UTC,,28.51655,,,,,4,50.40105,100.655,6,6,,,
2026-06-03 18:56:32 UTC,,28.49951,,,,,4,50.22725,100.654,6,6,,,
2026-06-03 18:57:32 UTC,,28.47017,,,,,4,49.1254,100.654,6,6,,,
2026-06-03 18:58:32 UTC,,28.43672,,,,,5,48.44718,100.653,7,7,,,
2026-06-03 18:59:32 UTC,,28.39349,,,,,4,48.25236,100.653,5,5,,,
2026-06-03 19:00:32 UTC,,28.3856,,,,,5,48.19265,100.652,7,7,,,
2026-06-03 19:01:32 UTC,,28.38181,,,,,4,48.30958,100.652,5,5,,,
2026-06-03 19:02:32 UTC,,28.40264,,,,,5,48.12313,100.653,7,7,,,
2026-06-03 19:03:32 UTC,,28.39948,,,,,5,49.45734,100.652,7,7,,,
2026-06-03 19:04:33 UTC,,28.42063,,,,,4,49.10584,100.653,6,6,,,
2026-06-03 19:05:33 UTC,,28.46386,,,,,5,49.11802,100.653,7,7,,,
2026-06-03 19:06:33 UTC,,28.4973,,,,,4,49.14202,100.653,6,6,,,
2026-06-03 19:07:33 UTC,,28.4241,,,,,5,51.21564,100.654,7,7,,,
2026-06-03 19:08:33 UTC,,28.40927,,,,,5,49.61628,100.654,7,7,,,
2026-06-03 19:09:33 UTC,,28.38434,,,,,5,48.81955,100.655,7,7,,,
2026-06-03 19:10:33 UTC,,28.34868,,,,,5,48.05107,100.656,7,7,,,
2026-06-03 19:11:33 UTC,,28.30135,,,,,4,48.36452,100.657,6,6,,,
2026-06-03 19:12:33 UTC,,28.30608,,,,,4,48.03911,100.656,6,6,,,
2026-06-03 19:13:33 UTC,,28.33732,,,,,5,47.89984,100.656,7,7,,,
2026-06-03 19:14:33 UTC,,28.3206,,,,,5,48.75246,100.656,7,7,,,
2026-06-03 19:15:33 UTC,,28.3329,,,,,5,49.3502,100.656,7,7,,,
2026-06-03 19:16:34 UTC,,28.37487,,,,,5,48.98198,100.656,7,7,,,
2026-06-03 19:17:34 UTC,,28.43356,,,,,5,48.7932,100.656,7,7,,,
2026-06-03 19:18:34 UTC,,28.45944,,,,,4,49.55056,100.656,6,6,,,
2026-06-03 19:19:34 UTC,,28.44398,,,,,5,50.18694,100.656,7,7,,,
2026-06-03 19:20:34 UTC,,28.43388,,,,,5,48.99619,100.657,7,7,,,
2026-06-03 19:21:34 UTC,,28.37172,,,,,4,48.49107,100.657,6,6,,,
2026-06-03 19:22:34 UTC,,28.31649,,,,,5,48.04045,100.657,7,7,,,
2026-06-03 19:23:34 UTC,,28.29882,,,,,4,48.1229,100.657,6,6,,,
2026-06-03 19:24:34 UTC,,28.30072,,,,,5,48.09056,100.656,7,7,,,
2026-06-03 19:25:34 UTC,,28.343,,,,,5,47.855,100.657,7,7,,,
2026-06-03 19:26:34 UTC,,28.34363,,,,,5,49.25319,100.657,7,7,,,
2026-06-03 19:27:34 UTC,,28.33984,,,,,5,49.26581,100.656,7,7,,,
2026-06-03 19:28:35 UTC,,28.3613,,,,,5,49.03917,100.655,7,7,,,
2026-06-03 19:29:35 UTC,,28.40832,,,,,5,49.05183,100.654,7,7,,,
2026-06-03 19:30:35 UTC,,28.39033,,,,,5,50.41073,100.652,7,7,,,
2026-06-03 19:31:35 UTC,,28.3897,,,,,5,49.4298,100.651,7,7,,,
2026-06-03 19:32:35 UTC,,28.37014,,,,,5,48.80464,100.65,7,7,,,
2026-06-03 19:33:35 UTC,,28.32502,,,,,5,48.04153,100.65,7,7,,,
2026-06-03 19:34:35 UTC,,28.27863,,,,,5,48.43341,100.65,7,7,,,
2026-06-03 19:36:45 UTC,,28.29535,,,,,6,48.17459,100.651,8,8,,,
2026-06-03 19:37:45 UTC,,28.30924,,,,,6,49.15038,100.651,8,8,,,
2026-06-03 19:38:45 UTC,,28.32754,,,,,5,49.25111,100.651,7,7,,,
2026-06-03 19:39:45 UTC,,28.36225,,,,,5,49.0262,100.653,7,7,,,
2026-06-03 19:40:45 UTC,,28.42536,,,,,5,48.92304,100.653,7,7,,,
2026-06-03 19:41:45 UTC,,28.41116,,,,,5,50.14306,100.654,7,7,,,
2026-06-03 19:42:45 UTC,,28.3815,,,,,5,50.11937,100.655,7,7,,,
2026-06-03 19:43:46 UTC,,28.35783,,,,,5,49.1108,100.656,7,7,,,
2026-06-03 19:44:46 UTC,,28.32785,,,,,5,48.12009,100.657,7,7,,,
2026-06-03 19:45:46 UTC,,28.28525,,,,,6,47.5096,100.657,8,8,,,
2026-06-03 19:46:46 UTC,,28.23697,,,,,6,47.67242,100.656,8,8,,,
2026-06-03 19:47:46 UTC,,28.22246,,,,,6,47.67059,100.654,8,8,,,
2026-06-03 19:48:46 UTC,,28.24013,,,,,6,47.55587,100.652,9,9,,,
2026-06-03 19:49:46 UTC,,28.23571,,,,,7,48.06923,100.651,10,10,,,
2026-06-03 19:50:46 UTC,,28.24455,,,,,6,48.9062,100.65,8,8,,,
2026-06-03 19:51:46 UTC,,28.27421,,,,,6,48.62226,100.649,8,8,,,
2026-06-03 19:52:46 UTC,,28.33101,,,,,5,48.36179,100.647,7,7,,,
2026-06-03 19:53:46 UTC,,28.36951,,,,,6,48.92236,100.647,8,8,,,
2026-06-03 19:54:46 UTC,,28.40012,,,,,6,49.62166,100.646,8,8,,,
2026-06-03 19:55:47 UTC,,28.43514,,,,,6,49.5211,100.647,8,8,,,
2026-06-03 19:56:47 UTC,,28.4891,,,,,6,49.46248,100.647,8,8,,,
2026-06-03 19:57:47 UTC,,28.51497,,,,,6,49.89984,100.647,8,8,,,
2026-06-03 19:58:47 UTC,,28.50204,,,,,6,50.41233,100.648,8,8,,,
2026-06-03 19:59:47 UTC,,28.49005,,,,,7,49.42977,100.648,10,10,,,
2026-06-03 20:00:47 UTC,,28.43861,,,,,7,48.45395,100.648,10,10,,,
2026-06-03 20:01:47 UTC,,28.39475,,,,,6,48.0374,100.648,8,8,,,
2026-06-03 20:02:47 UTC,,28.34048,,,,,6,48.08912,100.648,8,8,,,
2026-06-03 20:03:47 UTC,,28.32785,,,,,6,48.0419,100.648,8,8,,,
2026-06-03 20:04:47 UTC,,28.33858,,,,,7,47.97161,100.648,10,10,,,
2026-06-03 20:05:47 UTC,,28.35341,,,,,7,48.35162,100.648,10,10,,,
2026-06-03 20:06:47 UTC,,28.36698,,,,,7,49.05302,100.648,10,10,,,
2026-06-03 20:07:47 UTC,,28.37866,,,,,6,48.90391,100.648,8,8,,,
2026-06-03 20:08:48 UTC,,28.44051,,,,,6,48.7156,100.648,8,8,,,
2026-06-03 20:09:48 UTC,,28.45155,,,,,7,49.65469,100.649,10,10,,,
2026-06-03 20:10:48 UTC,,28.39727,,,,,7,50.31926,100.649,10,10,,,
2026-06-03 20:11:48 UTC,,28.37771,,,,,7,49.06096,100.648,10,10,,,
2026-06-03 20:12:48 UTC,,28.34742,,,,,7,48.29865,100.647,10,10,,,
2026-06-03 20:13:48 UTC,,28.32281,,,,,7,48.3999,100.648,10,10,,,
2026-06-03 20:14:48 UTC,,28.31713,,,,,7,48.37308,100.647,10,10,,,
2026-06-03 20:15:48 UTC,,28.32912,,,,,6,48.29631,100.648,8,8,,,
2026-06-03 20:16:48 UTC,,28.32943,,,,,7,49.32349,100.648,10,10,,,
2026-06-03 20:17:48 UTC,,28.34616,,,,,7,49.27975,100.649,10,10,,,
2026-06-03 20:18:48 UTC,,28.39191,,,,,7,49.22012,100.649,10,10,,,
2026-06-03 20:19:48 UTC,,28.44776,,,,,7,48.99143,100.65,10,10,,,
2026-06-03 20:20:49 UTC,,28.47711,,,,,6,49.76325,100.65,8,8,,,
2026-06-03 20:21:49 UTC,,28.46827,,,,,7,49.65687,100.652,10,10,,,
2026-06-03 20:22:49 UTC,,28.4383,,,,,7,48.89853,100.652,10,10,,,
2026-06-03 20:23:49 UTC,,28.40138,,,,,7,48.14252,100.651,10,10,,,
2026-06-03 20:24:49 UTC,,28.349,,,,,8,47.8102,100.652,11,11,,,
2026-06-03 20:25:49 UTC,,28.31397,,,,,7,47.98151,100.652,10,10,,,
2026-06-03 20:26:49 UTC,,28.31302,,,,,7,47.88372,100.652,10,10,,,
2026-06-03 20:27:49 UTC,,28.33227,,,,,7,47.74304,100.651,10,10,,,
2026-06-03 20:28:49 UTC,,28.32943,,,,,7,48.95646,100.652,10,10,,,
2026-06-03 20:29:49 UTC,,28.34616,,,,,7,48.88006,100.653,10,10,,,
2026-06-03 20:30:49 UTC,,28.35815,,,,,7,48.88162,100.653,10,10,,,
2026-06-03 20:31:49 UTC,,28.39917,,,,,7,48.75606,100.655,10,10,,,
2026-06-03 20:32:50 UTC,,28.41494,,,,,7,50.04471,100.656,10,10,,,
2026-06-03 20:33:50 UTC,,28.42315,,,,,7,50.05239,100.656,10,10,,,
2026-06-03 20:34:50 UTC,,28.46038,,,,,7,49.77421,100.656,10,10,,,
2026-06-03 20:35:50 UTC,,28.51782,,,,,7,49.72912,100.655,10,10,,,
2026-06-03 20:36:50 UTC,,28.49857,,,,,7,51.17923,100.654,10,10,,,
2026-06-03 20:37:50 UTC,,28.47995,,,,,7,50.02692,100.653,10,10,,,
2026-06-03 20:38:50 UTC,,28.46133,,,,,7,49.10458,100.654,10,10,,,
2026-06-03 20:46:20 UTC,,28.54338,,,,,7,49.25295,100.648,10,10,,,
2026-06-03 20:47:20 UTC,,28.57777,,,,,8,49.62521,100.648,11,11,,,
2026-06-03 20:48:20 UTC,,28.56578,,,,,7,50.50663,100.649,10,10,,,
2026-06-03 20:49:20 UTC,,28.54527,,,,,8,49.18105,100.648,11,11,,,
2026-06-03 20:50:20 UTC,,28.49415,,,,,8,48.63099,100.647,11,11,,,
2026-06-03 20:51:20 UTC,,28.43451,,,,,8,48.26414,100.645,11,11,,,
2026-06-03 20:52:20 UTC,,28.4058,,,,,7,48.39751,100.643,10,10,,,
2026-06-03 20:53:20 UTC,,28.4039,,,,,8,48.21456,100.642,11,11,,,
2026-06-03 20:54:20 UTC,,28.42063,,,,,8,48.17757,100.641,11,11,,,
2026-06-03 20:55:21 UTC,,28.42757,,,,,8,49.27066,100.64,11,11,,,
2026-06-03 20:56:21 UTC,,28.44051,,,,,7,49.10843,100.64,10,10,,,
2026-06-03 20:57:21 UTC,,28.45754,,,,,8,49.11064,100.639,11,11,,,
2026-06-03 20:58:21 UTC,,28.50393,,,,,8,48.96597,100.638,11,11,,,
2026-06-03 20:59:21 UTC,,28.41021,,,,,8,51.02824,100.637,11,11,,,
2026-06-03 21:00:21 UTC,,28.38213,,,,,7,49.98111,100.637,10,10,,,
2026-06-03 21:01:21 UTC,,28.3572,,,,,7,48.89459,100.636,10,10,,,
2026-06-03 21:02:21 UTC,,28.33953,,,,,8,48.51959,100.637,11,11,,,
2026-06-03 21:03:21 UTC,,28.31302,,,,,8,48.66647,100.638,11,11,,,
2026-06-03 21:04:21 UTC,,28.34174,,,,,7,48.40234,100.639,10,10,,,
2026-06-03 21:05:21 UTC,,28.37014,,,,,8,48.4974,100.641,11,11,,,
2026-06-03 21:06:21 UTC,,28.39696,,,,,7,49.3651,100.643,10,10,,,
2026-06-03 21:07:22 UTC,,28.42662,,,,,8,49.35585,100.646,11,11,,,
2026-06-03 21:08:22 UTC,,28.46512,,,,,8,49.25588,100.648,11,11,,,
2026-06-03 21:09:22 UTC,,28.50014,,,,,8,49.27356,100.651,11,11,,,
2026-06-03 21:10:22 UTC,,28.44871,,,,,8,51.02015,100.653,11,11,,,
2026-06-03 21:11:22 UTC,,28.43388,,,,,7,49.36336,100.654,10,10,,,
2026-06-03 21:12:22 UTC,,28.40453,,,,,8,48.65865,100.654,11,11,,,
2026-06-03 21:13:22 UTC,,28.35909,,,,,7,48.30014,100.654,10,10,,,
2026-06-03 21:14:22 UTC,,28.33322,,,,,8,48.42735,100.655,11,11,,,
2026-06-03 21:15:22 UTC,,28.32943,,,,,8,48.42034,100.655,11,11,,,
2026-06-03 21:16:22 UTC,,28.35215,,,,,8,48.27317,100.654,11,11,,,
2026-06-03 21:17:22 UTC,,28.36982,,,,,8,49.1779,100.654,11,11,,,
2026-06-03 21:18:22 UTC,,28.39917,,,,,7,49.10962,100.655,10,10,,,
2026-06-03 21:19:22 UTC,,28.44619,,,,,8,48.95193,100.655,11,11,,,
2026-06-03 21:20:23 UTC,,28.48026,,,,,8,49.03495,100.656,11,11,,,
2026-06-03 21:21:23 UTC,,28.46796,,,,,8,50.27584,100.656,11,11,,,
2026-06-03 21:22:23 UTC,,28.44682,,,,,8,49.56862,100.657,11,11,,,
2026-06-03 21:23:23 UTC,,28.42536,,,,,8,48.62211,100.657,11,11,,,
2026-06-03 21:24:23 UTC,,28.38371,,,,,8,48.38815,100.659,11,11,,,
2026-06-03 21:25:23 UTC,,28.3389,,,,,8,48.47379,100.66,11,11,,,
2026-06-03 21:26:23 UTC,,28.34963,,,,,8,48.32503,100.66,11,11,,,
2026-06-03 21:27:23 UTC,,28.36351,,,,,7,48.37249,100.66,10,10,,,
2026-06-03 21:28:23 UTC,,28.38087,,,,,7,49.3827,100.66,10,10,,,
2026-06-03 21:29:23 UTC,,28.4039,,,,,8,49.18889,100.66,11,11,,,
2026-06-03 21:30:23 UTC,,28.4241,,,,,8,49.12596,100.66,11,11,,,
2026-06-03 21:31:23 UTC,,28.47112,,,,,8,49.17796,100.66,11,11,,,
2026-06-03 21:32:24 UTC,,28.4525,,,,,8,50.44537,100.658,11,11,,,
2026-06-03 21:33:24 UTC,,28.42788,,,,,8,49.27727,100.658,11,11,,,
2026-06-03 21:34:24 UTC,,28.39254,,,,,8,48.46762,100.659,11,11,,,
2026-06-03 21:35:24 UTC,,28.36099,,,,,9,47.97447,100.659,13,13,,,
2026-06-03 21:36:24 UTC,,28.33101,,,,,8,48.19219,100.659,11,11,,,
2026-06-03 21:37:24 UTC,,28.32312,,,,,8,48.11297,100.658,11,11,,,
2026-06-03 21:38:24 UTC,,28.33006,,,,,8,48.13341,100.658,11,11,,,
2026-06-03 21:39:24 UTC,,28.32344,,,,,8,49.19155,100.658,11,11,,,
2026-06-03 21:40:24 UTC,,28.32217,,,,,9,49.23728,100.658,13,13,,,
2026-06-03 21:41:24 UTC,,28.32943,,,,,8,49.15955,100.658,11,11,,,
2026-06-03 21:42:24 UTC,,28.38339,,,,,8,48.96999,100.66,11,11,,,
2026-06-03 21:43:24 UTC,,28.3957,,,,,8,50.029,100.661,11,11,,,
2026-06-03 21:44:25 UTC,,28.39475,,,,,8,49.27296,100.662,11,11,,,
2026-06-03 21:45:24 UTC,,28.33353,,,,,9,48.83916,100.663,13,13,,,
2026-06-03 21:46:25 UTC,,28.27642,,,,,8,48.87105,100.662,11,11,,,
2026-06-03 21:47:25 UTC,,28.25528,,,,,7,48.71134,100.662,10,10,,,
2026-06-03 21:48:25 UTC,,28.28178,,,,,9,48.50563,100.661,13,13,,,
2026-06-03 21:49:25 UTC,,28.2862,,,,,8,48.6238,100.661,11,11,,,
2026-06-03 21:50:25 UTC,,28.3004,,,,,8,49.62175,100.661,11,11,,,
2026-06-03 21:51:25 UTC,,28.33448,,,,,8,49.3176,100.659,11,11,,,
2026-06-03 21:52:25 UTC,,28.37676,,,,,8,49.24438,100.66,11,11,,,
2026-06-03 21:53:25 UTC,,28.4222,,,,,8,49.35527,100.66,11,11,,,
2026-06-03 21:54:25 UTC,,28.43546,,,,,8,50.199,100.661,11,11,,,
2026-06-03 21:55:25 UTC,,28.40295,,,,,8,49.36588,100.662,11,11,,,
2026-06-03 21:56:25 UTC,,28.35973,,,,,8,48.60713,100.663,11,11,,,
2026-06-03 21:57:25 UTC,,28.31681,,,,,9,48.83046,100.664,13,13,,,
2026-06-03 21:58:26 UTC,,28.32627,,,,,9,48.62896,100.666,13,13,,,
2026-06-03 21:59:26 UTC,,28.33606,,,,,8,48.60408,100.665,11,11,,,
2026-06-03 22:00:26 UTC,,28.35909,,,,,9,49.3208,100.664,13,13,,,
2026-06-03 22:01:26 UTC,,28.36004,,,,,8,49.38654,100.664,11,11,,,
2026-06-03 22:02:26 UTC,,28.38812,,,,,8,49.37051,100.665,11,11,,,
2026-06-03 22:03:26 UTC,,28.43483,,,,,8,49.27161,100.666,11,11,,,
2026-06-03 22:04:26 UTC,,28.44619,,,,,7,50.12132,100.667,10,10,,,
2026-06-03 22:05:26 UTC,,28.43167,,,,,8,49.73098,100.667,11,11,,,
2026-06-03 22:06:26 UTC,,28.41179,,,,,8,48.84275,100.667,11,11,,,
2026-06-03 22:07:26 UTC,,28.3796,,,,,8,48.67505,100.666,11,11,,,
2026-06-03 22:08:26 UTC,,28.36635,,,,,8,48.70604,100.666,11,11,,,
2026-06-03 22:09:26 UTC,,28.3856,,,,,8,48.56471,100.666,11,11,,,
2026-06-03 22:10:27 UTC,,28.40232,,,,,9,48.59954,100.666,13,13,,,
2026-06-03 22:11:27 UTC,,28.41274,,,,,8,49.53789,100.665,11,11,,,
2026-06-03 22:12:27 UTC,,28.42063,,,,,8,49.53891,100.665,11,11,,,
2026-06-03 22:13:27 UTC,,28.43956,,,,,8,49.39034,100.666,11,11,,,
2026-06-03 22:14:27 UTC,,28.48973,,,,,8,49.2394,100.665,11,11,,,
2026-06-03 22:15:27 UTC,,28.47963,,,,,8,50.56125,100.666,11,11,,,
2026-06-03 22:16:27 UTC,,28.4749,,,,,8,49.27028,100.666,11,11,,,
2026-06-03 22:17:27 UTC,,28.44334,,,,,8,48.57215,100.666,11,11,,,
2026-06-03 22:18:27 UTC,,28.37172,,,,,8,48.21045,100.668,12,12,,,
2026-06-03 22:19:27 UTC,,28.34679,,,,,8,48.31814,100.669,11,11,,,
2026-06-03 22:20:27 UTC,,28.32975,,,,,8,48.28333,100.67,11,11,,,
2026-06-03 22:21:27 UTC,,28.35152,,,,,8,48.14266,100.671,11,11,,,
2026-06-03 22:22:27 UTC,,28.35121,,,,,8,49.13617,100.673,11,11,,,
2026-06-03 22:23:28 UTC,,28.34931,,,,,8,49.22113,100.674,11,11,,,
2026-06-03 22:24:28 UTC,,28.36666,,,,,9,49.08574,100.676,13,13,,,
2026-06-03 22:25:28 UTC,,28.41747,,,,,8,48.93512,100.676,11,11,,,
2026-06-03 22:26:28 UTC,,28.40232,,,,,9,50.31993,100.675,13,13,,,
2026-06-03 22:27:28 UTC,,28.40012,,,,,8,49.29334,100.674,11,11,,,
2026-06-03 22:28:28 UTC,,28.37897,,,,,8,48.45935,100.673,11,11,,,
2026-06-03 22:29:28 UTC,,28.3613,,,,,8,48.20259,100.672,11,11,,,
2026-06-03 22:30:28 UTC,,28.35594,,,,,8,48.28017,100.671,11,11,,,
2026-06-03 22:31:28 UTC,,28.36698,,,,,8,48.22288,100.671,11,11,,,
2026-06-03 22:32:28 UTC,,28.36666,,,,,9,48.35984,100.672,13,13,,,
2026-06-03 22:33:28 UTC,,28.37172,,,,,8,49.30932,100.673,11,11,,,
2026-06-03 22:34:28 UTC,,28.39254,,,,,8,49.09565,100.673,11,11,,,
2026-06-03 22:35:29 UTC,,28.42441,,,,,8,48.96876,100.674,11,11,,,
2026-06-03 22:36:29 UTC,,28.42852,,,,,9,49.33641,100.674,13,13,,,
2026-06-03 22:37:29 UTC,,28.40516,,,,,8,50.47871,100.675,11,11,,,
2026-06-03 22:38:29 UTC,,28.39349,,,,,8,49.33184,100.675,11,11,,,
2026-06-03 22:39:29 UTC,,28.37172,,,,,8,48.21045,100.675,11,11,,,
2026-06-03 22:40:29 UTC,,28.35184,,,,,8,48.32532,100.676,11,11,,,
2026-06-03 22:41:29 UTC,,28.33669,,,,,8,48.36905,100.677,11,11,,,
2026-06-03 22:42:29 UTC,,28.36793,,,,,8,48.17084,100.679,11,11,,,
2026-06-03 22:43:29 UTC,,28.3755,,,,,8,48.76609,100.68,11,11,,,
2026-06-03 22:44:29 UTC,,28.37108,,,,,8,49.34861,100.681,11,11,,,
2026-06-03 22:45:29 UTC,,28.39822,,,,,8,49.14226,100.682,11,11,,,
2026-06-03 22:46:29 UTC,,28.42347,,,,,8,49.09967,100.682,11,11,,,
2026-06-03 22:47:30 UTC,,28.42189,,,,,8,49.74285,100.683,11,11,,,
2026-06-03 22:48:30 UTC,,28.41147,,,,,8,49.64943,100.683,11,11,,,
2026-06-03 22:49:30 UTC,,28.38907,,,,,8,48.87253,100.683,11,11,,,
2026-06-03 22:50:30 UTC,,28.36383,,,,,8,48.35948,100.684,11,11,,,
2026-06-03 22:51:30 UTC,,28.35184,,,,,8,48.42974,100.684,11,11,,,
2026-06-03 22:52:30 UTC,,28.35625,,,,,8,48.39767,100.685,11,11,,,
2026-06-03 22:53:30 UTC,,28.3673,,,,,8,48.3534,100.687,11,11,,,
2026-06-03 22:54:30 UTC,,28.32281,,,,,8,49.69698,100.688,11,11,,,
2026-06-03 22:55:30 UTC,,28.32722,,,,,8,49.41508,100.69,11,11,,,
2026-06-03 22:56:30 UTC,,28.35878,,,,,8,49.2486,100.692,11,11,,,
2026-06-03 22:57:30 UTC,,28.4039,,,,,8,49.08401,100.693,11,11,,,
2026-06-03 22:58:30 UTC,,28.36509,,,,,8,50.71785,100.693,11,11,,,
2026-06-03 22:59:31 UTC,,28.35121,,,,,8,49.60869,100.695,11,11,,,
2026-06-03 23:00:31 UTC,,28.33133,,,,,8,48.78001,100.695,11,11,,,
2026-06-03 23:01:31 UTC,,28.30513,,,,,8,48.29323,100.696,11,11,,,
2026-06-03 23:02:31 UTC,,28.29535,,,,,8,48.3768,100.697,11,11,,,
2026-06-03 23:03:31 UTC,,28.31334,,,,,8,48.29428,100.699,11,11,,,
2026-06-03 23:04:31 UTC,,28.32407,,,,,8,48.35438,100.701,11,11,,,
2026-06-03 23:05:31 UTC,,28.3348,,,,,7,49.23893,100.703,10,10,,,
2026-06-03 23:06:31 UTC,,28.32785,,,,,8,49.38892,100.704,11,11,,,
2026-06-03 23:07:31 UTC,,28.35625,,,,,8,49.27451,100.705,11,11,,,
2026-06-03 23:08:31 UTC,,28.39096,,,,,7,49.10854,100.706,10,10,,,
2026-06-03 23:09:31 UTC,,28.34868,,,,,8,50.79502,100.707,11,11,,,
2026-06-03 23:10:31 UTC,,28.34048,,,,,8,49.44964,100.708,11,11,,,
2026-06-03 23:11:32 UTC,,28.3004,,,,,8,48.56029,100.709,11,11,,,
2026-06-03 23:12:32 UTC,,28.28967,,,,,8,48.59158,100.71,11,11,,,
2026-06-03 23:13:32 UTC,,28.28305,,,,,8,48.63647,100.711,11,11,,,
2026-06-03 23:14:32 UTC,,28.29346,,,,,8,48.54633,100.713,11,11,,,
2026-06-03 23:15:32 UTC,,28.33006,,,,,9,48.70136,100.714,13,13,,,
2026-06-03 23:16:32 UTC,,28.35815,,,,,8,49.24197,100.716,11,11,,,
2026-06-03 23:17:32 UTC,,28.39443,,,,,8,49.12211,100.718,11,11,,,
2026-06-03 23:18:32 UTC,,28.4323,,,,,8,49.14669,100.722,11,11,,,
2026-06-03 23:19:32 UTC,,28.47364,,,,,8,49.51957,100.724,11,11,,,
2026-06-03 23:20:32 UTC,,28.44966,,,,,8,49.86491,100.726,11,11,,,
2026-06-03 23:21:32 UTC,,28.42946,,,,,8,48.8843,100.727,11,11,,,
2026-06-03 23:22:32 UTC,,28.38907,,,,,8,48.2257,100.729,11,11,,,
2026-06-03 23:23:32 UTC,,28.34679,,,,,9,47.46542,100.729,13,13,,,
2026-06-03 23:24:33 UTC,,28.27579,,,,,8,46.7954,100.729,11,11,,,
2026-06-03 23:25:33 UTC,,28.19753,,,,,9,46.39154,100.729,13,13,,,
2026-06-03 23:26:33 UTC,,28.13379,,,,,9,46.51274,100.728,13,13,,,
2026-06-03 23:27:33 UTC,,28.09876,,,,,9,46.48902,100.728,13,13,,,
2026-06-03 23:28:33 UTC,,28.10445,,,,,8,46.45099,100.727,11,11,,,
2026-06-03 23:29:33 UTC,,28.10728,,,,,8,46.62571,100.727,11,11,,,
2026-06-03 23:30:33 UTC,,28.11991,,,,,8,47.7226,100.727,11,11,,,
2026-06-03 23:31:33 UTC,,28.12748,,,,,8,47.68456,100.727,11,11,,,
2026-06-03 23:32:33 UTC,,28.17892,,,,,9,47.3923,100.727,13,13,,,
2026-06-03 23:33:33 UTC,,28.21331,,,,,9,47.78647,100.729,13,13,,,
2026-06-03 23:34:33 UTC,,28.23351,,,,,8,48.83279,100.731,11,11,,,
2026-06-03 23:35:33 UTC,,28.25591,,,,,8,48.70488,100.733,11,11,,,
2026-06-03 23:36:34 UTC,,28.30703,,,,,9,48.51542,100.735,13,13,,,
2026-06-03 23:37:34 UTC,,28.31523,,,,,8,49.05285,100.735,11,11,,,
2026-06-03 23:38:34 UTC,,28.30009,,,,,9,49.77291,100.737,13,13,,,
2026-06-03 23:39:34 UTC,,28.27547,,,,,8,48.59628,100.738,11,11,,,
2026-06-03 23:40:34 UTC,,28.22877,,,,,9,47.91857,100.739,13,13,,,
2026-06-03 23:41:34 UTC,,28.20132,,,,,9,48.08438,100.742,13,13,,,
2026-06-03 23:42:34 UTC,,28.19027,,,,,9,48.00483,100.744,13,13,,,
2026-06-03 23:43:34 UTC,,28.20921,,,,,9,47.96817,100.747,13,13,,,
2026-06-03 23:44:34 UTC,,28.20416,,,,,8,48.54792,100.749,11,11,,,
2026-06-03 23:45:34 UTC,,28.20637,,,,,9,49.21568,100.751,13,13,,,
2026-06-03 23:46:34 UTC,,28.23319,,,,,9,48.98983,100.754,13,13,,,
2026-06-03 23:47:34 UTC,,28.28273,,,,,9,48.80644,100.755,13,13,,,
2026-06-03 23:48:35 UTC,,28.23792,,,,,9,49.85028,100.756,13,13,,,
2026-06-03 23:49:35 UTC,,28.2578,,,,,9,50.10308,100.759,13,13,,,
2026-06-03 23:50:35 UTC,,28.30103,,,,,10,49.87172,100.761,14,14,,,
2026-06-03 23:51:35 UTC,,28.34616,,,,,9,49.84474,100.763,13,13,,,
2026-06-03 23:52:35 UTC,,28.36288,,,,,9,50.16964,100.765,13,13,,,
2026-06-03 23:53:35 UTC,,28.36541,,,,,10,50.69805,100.767,14,14,,,
2026-06-03 23:54:35 UTC,,28.35594,,,,,9,49.6553,100.769,13,13,,,
2026-06-03 23:55:35 UTC,,28.32502,,,,,9,48.77264,100.77,13,13,,,
2026-06-03 23:56:35 UTC,,28.30482,,,,,10,48.61313,100.77,14,14,,,
2026-06-03 23:57:35 UTC,,28.27989,,,,,9,48.75374,100.771,13,13,,,
2026-06-03 23:58:35 UTC,,28.28999,,,,,9,48.57855,100.772,13,13,,,
2026-06-03 23:59:35 UTC,,28.3004,,,,,9,48.62563,100.774,13,13,,,
2026-06-04 00:00:36 UTC,,28.32186,,,,,9,49.55229,100.776,13,13,,,
2026-06-04 00:01:36 UTC,,28.3348,,,,,9,49.73143,100.779,13,13,,,
2026-06-04 00:02:36 UTC,,28.36477,,,,,9,49.46594,100.782,13,13,,,
2026-06-04 00:03:36 UTC,,28.40106,,,,,9,49.39845,100.784,13,13,,,
2026-06-04 00:04:36 UTC,,28.41589,,,,,9,50.69817,100.786,13,13,,,
2026-06-04 00:05:36 UTC,,28.44114,,,,,9,50.5099,100.788,13,13,,,
2026-06-04 00:06:36 UTC,,28.48153,,,,,9,50.36341,100.789,13,13,,,
2026-06-04 00:07:36 UTC,,28.50456,,,,,9,50.27409,100.791,13,13,,,
2026-06-04 00:08:36 UTC,,28.50898,,,,,9,51.44597,100.793,13,13,,,
2026-06-04 00:09:36 UTC,,28.49541,,,,,9,50.27947,100.795,13,13,,,
2026-06-04 00:10:36 UTC,,28.46386,,,,,9,49.45261,100.796,13,13,,,
2026-06-04 00:11:36 UTC,,28.42536,,,,,9,49.47385,100.798,13,13,,,
2026-06-04 00:12:37 UTC,,28.41116,,,,,9,49.51141,100.8,13,13,,,
2026-06-04 00:13:37 UTC,,28.41652,,,,,10,49.45957,100.803,14,14,,,
2026-06-04 00:14:37 UTC,,28.41463,,,,,10,49.59069,100.805,14,14,,,
2026-06-04 00:15:37 UTC,,28.39443,,,,,10,50.74159,100.807,14,14,,,
2026-06-04 00:16:37 UTC,,28.41053,,,,,10,50.59171,100.81,14,14,,,
2026-06-04 00:17:37 UTC,,28.43766,,,,,10,50.50284,100.812,14,14,,,
2026-06-04 00:18:37 UTC,,28.46354,,,,,10,50.43364,100.815,14,14,,,
2026-06-04 00:19:37 UTC,,28.4648,,,,,10,51.69241,100.817,14,14,,,
2026-06-04 00:20:37 UTC,,28.44555,,,,,10,50.68229,100.82,14,14,,,
2026-06-04 00:21:37 UTC,,28.41779,,,,,10,49.61739,100.821,14,14,,,
2026-06-04 00:22:37 UTC,,28.36698,,,,,10,49.14476,100.822,14,14,,,
2026-06-04 00:23:37 UTC,,28.32344,,,,,10,49.3949,100.822,14,14,,,
2026-06-04 00:24:37 UTC,,28.31082,,,,,10,49.23581,100.823,14,14,,,
2026-06-04 00:25:38 UTC,,28.32912,,,,,10,49.10708,100.823,14,15,,,
2026-06-04 00:26:38 UTC,,28.30797,,,,,10,50.30086,100.824,14,14,,,
2026-06-04 00:27:38 UTC,,28.30009,,,,,10,50.55062,100.826,14,14,,,
2026-06-04 00:28:38 UTC,,28.33637,,,,,10,50.27822,100.828,14,14,,,
2026-06-04 00:29:38 UTC,,28.36888,,,,,10,50.15066,100.829,14,14,,,
2026-06-04 00:30:38 UTC,,28.40611,,,,,10,50.67703,100.831,14,14,,,
2026-06-04 00:31:38 UTC,,28.40832,,,,,10,50.9353,100.833,14,14,,,
2026-06-04 00:32:38 UTC,,28.36793,,,,,10,50.30878,100.835,14,14,,,
2026-06-04 00:33:38 UTC,,28.32912,,,,,10,49.33658,100.836,14,15,,,
2026-06-04 00:34:38 UTC,,28.27863,,,,,10,48.79937,100.837,14,14,,,
2026-06-04 00:35:38 UTC,,28.2212,,,,,10,48.73964,100.838,14,14,,,
2026-06-04 00:36:38 UTC,,28.19185,,,,,10,48.84704,100.84,14,15,,,
2026-06-04 00:37:39 UTC,,28.19469,,,,,10,48.72969,100.842,14,14,,,
2026-06-04 00:38:39 UTC,,28.21363,,,,,10,48.79752,100.845,14,14,,,
2026-06-04 00:39:39 UTC,,28.23382,,,,,10,49.90895,100.847,14,15,,,
2026-06-04 00:40:39 UTC,,28.25812,,,,,10,49.83976,100.85,14,15,,,
2026-06-04 00:41:39 UTC,,28.30072,,,,,10,49.68752,100.851,14,15,,,
2026-06-04 00:42:39 UTC,,28.33195,,,,,10,49.93501,100.852,14,14,,,
2026-06-04 00:43:39 UTC,,28.35278,,,,,10,50.92789,100.853,14,14,,,
2026-06-04 00:44:39 UTC,,28.38939,,,,,10,50.91291,100.854,14,14,,,
2026-06-04 00:45:39 UTC,,28.43451,,,,,10,50.68081,100.855,14,15,,,
2026-06-04 00:46:39 UTC,,28.45565,,,,,10,50.88205,100.856,14,15,,,
2026-06-04 00:47:39 UTC,,28.43609,,,,,11,52.06111,100.857,15,17,,,
2026-06-04 00:48:39 UTC,,28.41968,,,,,10,50.8177,100.857,14,14,,,
2026-06-04 00:49:39 UTC,,28.38055,,,,,10,49.94799,100.856,14,14,,,
2026-06-04 00:50:39 UTC,,28.32123,,,,,10,49.32243,100.856,14,15,,,
2026-06-04 00:51:40 UTC,,28.26285,,,,,11,49.70228,100.855,16,18,,,
2026-06-04 00:52:40 UTC,,28.24518,,,,,10,49.5554,100.854,14,15,,,
2026-06-04 00:53:40 UTC,,28.26222,,,,,10,49.34756,100.853,14,15,,,
2026-06-04 00:54:40 UTC,,28.25244,,,,,11,50.24076,100.851,15,17,,,
2026-06-04 00:55:40 UTC,,28.26033,,,,,10,50.71713,100.851,14,14,,,
2026-06-04 00:56:40 UTC,,28.28904,,,,,10,50.46992,100.851,14,15,,,
2026-06-04 00:57:40 UTC,,28.32659,,,,,10,50.40888,100.851,14,15,,,
2026-06-04 00:58:40 UTC,,28.36761,,,,,10,50.92324,100.852,14,14,,,
2026-06-04 00:59:40 UTC,,28.35341,,,,,10,51.4383,100.853,14,15,,,
2026-06-04 01:00:40 UTC,,28.33385,,,,,10,50.53529,100.854,14,15,,,
2026-06-04 01:01:40 UTC,,28.28967,,,,,10,49.94921,100.855,14,15,,,
2026-06-04 01:02:40 UTC,,28.26474,,,,,10,50.03811,100.857,14,14,,,
2026-06-04 01:03:40 UTC,,28.26001,,,,,10,49.99798,100.858,14,15,,,
2026-06-04 01:04:41 UTC,,28.29914,,,,,10,49.77279,100.858,14,15,,,
2026-06-04 01:05:41 UTC,,28.31492,,,,,10,50.78391,100.859,14,14,,,
2026-06-04 01:06:41 UTC,,28.32407,,,,,10,51.06308,100.86,14,14,,,
2026-06-04 01:07:41 UTC,,28.35215,,,,,10,50.86824,100.861,14,15,,,
2026-06-04 01:08:41 UTC,,28.39475,,,,,11,50.76147,100.862,15,17,,,
2026-06-04 01:09:41 UTC,,28.39885,,,,,11,51.80318,100.862,15,17,,,
2026-06-04 01:10:41 UTC,,28.39002,,,,,11,51.30389,100.863,15,17,,,
2026-06-04 01:11:41 UTC,,28.37771,,,,,10,50.30348,100.864,14,14,,,
2026-06-04 01:12:41 UTC,,28.343,,,,,10,49.66676,100.864,14,15,,,
2026-06-04 01:13:41 UTC,,28.29819,,,,,11,49.53605,100.864,15,17,,,
2026-06-04 01:14:41 UTC,,28.278,,,,,11,49.67797,100.863,15,17,,,
2026-06-04 01:15:41 UTC,,28.29283,,,,,10,49.53535,100.863,14,15,,,
2026-06-04 01:16:42 UTC,,28.29914,,,,,10,49.65445,100.863,14,15,,,
2026-06-04 01:17:42 UTC,,28.29882,,,,,11,50.82806,100.863,15,17,,,
2026-06-04 01:20:11 UTC,,28.35089,,,,,10,50.57057,100.864,14,15,,,
2026-06-04 01:21:11 UTC,,28.37487,,,,,10,51.54076,100.866,14,15,,,
2026-06-04 01:22:11 UTC,,28.3004,,,,,11,51.78321,100.867,15,17,,,
2026-06-04 01:23:11 UTC,,28.28242,,,,,11,50.73329,100.868,15,17,,,
2026-06-04 01:24:11 UTC,,28.26254,,,,,10,49.77457,100.868,14,15,,,
2026-06-04 01:25:11 UTC,,28.23697,,,,,11,49.12133,100.869,15,17,,,
2026-06-04 01:26:11 UTC,,28.22309,,,,,10,49.21785,100.869,14,15,,,
2026-06-04 01:27:11 UTC,,28.2436,,,,,11,49.05668,100.869,16,18,,,
2026-06-04 01:28:11 UTC,,28.25623,,,,,11,49.15004,100.869,15,17,,,
2026-06-04 01:29:11 UTC,,28.25433,,,,,11,50.33994,100.868,16,18,,,
2026-06-04 01:30:11 UTC,,28.28683,,,,,11,50.34424,100.868,15,17,,,
2026-06-04 01:31:11 UTC,,28.30797,,,,,11,50.34044,100.869,16,18,,,
2026-06-04 01:32:12 UTC,,28.3531,,,,,10,50.31342,100.869,14,15,,,
2026-06-04 01:33:12 UTC,,28.37298,,,,,11,51.15575,100.871,15,17,,,
2026-06-04 01:34:12 UTC,,28.36383,,,,,11,51.39325,100.872,15,17,,,
2026-06-04 01:35:12 UTC,,28.34616,,,,,11,50.23336,100.873,15,17,,,
2026-06-04 01:36:12 UTC,,28.30009,,,,,11,49.7466,100.872,16,18,,,
2026-06-04 01:37:12 UTC,,28.25402,,,,,10,50.04987,100.872,14,15,,,
2026-06-04 01:38:12 UTC,,28.26285,,,,,11,49.78118,100.871,15,17,,,
2026-06-04 01:39:12 UTC,,28.2922,,,,,11,49.6864,100.871,16,18,,,
2026-06-04 01:40:12 UTC,,28.27642,,,,,11,50.89123,100.871,16,18,,,
2026-06-04 01:41:12 UTC,,28.2881,,,,,11,51.02517,100.872,16,18,,,
2026-06-04 01:42:12 UTC,,28.29504,,,,,11,51.00623,100.873,16,18,,,
2026-06-04 01:43:12 UTC,,28.34111,,,,,11,50.82708,100.872,15,17,,,
2026-06-04 01:44:12 UTC,,28.33669,,,,,11,52.30746,100.872,16,18,,,
2026-06-04 01:45:13 UTC,,28.33195,,,,,11,51.50842,100.872,16,18,,,
2026-06-04 01:46:13 UTC,,28.31807,,,,,11,50.79755,100.871,16,18,,,
2026-06-04 01:47:13 UTC,,28.27484,,,,,11,49.94067,100.871,15,17,,,
2026-06-04 01:48:13 UTC,,28.23761,,,,,11,49.39684,100.87,16,18,,,
2026-06-04 01:49:13 UTC,,28.18649,,,,,11,49.54774,100.87,16,18,,,
2026-06-04 01:50:13 UTC,,28.15966,,,,,11,49.72823,100.868,16,18,,,
2026-06-04 01:51:13 UTC,,28.19438,,,,,11,49.31904,100.868,16,18,,,
2026-06-04 01:52:13 UTC,,28.21299,,,,,11,49.84701,100.867,16,18,,,
2026-06-04 01:53:13 UTC,,28.22435,,,,,11,50.58681,100.867,16,18,,,
2026-06-04 01:54:13 UTC,,28.26411,,,,,11,50.53264,100.867,16,18,,,
2026-06-04 01:55:13 UTC,,28.30355,,,,,11,50.39924,100.866,16,18,,,
2026-06-04 01:56:13 UTC,,28.33606,,,,,11,50.98523,100.865,16,18,,,
2026-06-04 01:57:14 UTC,,28.34332,,,,,11,51.33741,100.866,16,18,,,
2026-06-04 01:58:14 UTC,,28.33543,,,,,11,50.51568,100.865,16,18,,,
2026-06-04 01:59:14 UTC,,28.30513,,,,,11,49.99074,100.865,16,18,,,
2026-06-04 02:00:14 UTC,,28.24486,,,,,11,49.53567,100.864,16,18,,,
2026-06-04 02:01:14 UTC,,28.2029,,,,,11,49.74704,100.863,16,18,,,
2026-06-04 02:02:14 UTC,,28.1846,,,,,11,49.71176,100.862,16,18,,,
2026-06-04 02:03:14 UTC,,28.21142,,,,,11,49.69555,100.863,16,18,,,
2026-06-04 02:04:14 UTC,,28.1685,,,,,11,51.32058,100.862,16,18,,,
2026-06-04 02:05:14 UTC,,28.18806,,,,,10,50.99195,100.862,14,15,,,
2026-06-04 02:06:14 UTC,,28.21899,,,,,11,50.90342,100.863,16,18,,,
2026-06-04 02:07:14 UTC,,28.26474,,,,,11,50.80368,100.864,16,18,,,
2026-06-04 02:08:14 UTC,,28.26348,,,,,11,51.89792,100.864,16,18,,,
2026-06-04 02:09:15 UTC,,28.23982,,,,,11,52.03446,100.864,15,17,,,
2026-06-04 02:10:15 UTC,,28.23256,,,,,11,50.88538,100.864,16,18,,,
2026-06-04 02:11:15 UTC,,28.19943,,,,,10,50.10197,100.864,14,14,,,
2026-06-04 02:12:15 UTC,,28.15998,,,,,11,49.64939,100.863,16,18,,,
2026-06-04 02:13:15 UTC,,28.11202,,,,,11,49.4855,100.863,16,18,,,
2026-06-04 02:14:15 UTC,,28.12527,,,,,11,49.45441,100.862,15,17,,,
2026-06-04 02:15:15 UTC,,28.13789,,,,,10,49.3773,100.862,14,15,,,
2026-06-04 02:16:15 UTC,,28.16251,,,,,11,49.53148,100.862,15,17,,,
2026-06-04 02:17:15 UTC,,28.17671,,,,,10,50.79856,100.861,14,15,,,
2026-06-04 02:18:15 UTC,,28.20668,,,,,11,50.78934,100.86,16,18,,,
2026-06-04 02:19:15 UTC,,28.23666,,,,,10,50.68093,100.86,14,15,,,
2026-06-04 02:20:15 UTC,,28.27831,,,,,10,50.4817,100.857,14,15,,,
2026-06-04 02:21:16 UTC,,28.29662,,,,,10,52.0222,100.855,14,15,,,
2026-06-04 02:22:16 UTC,,28.27894,,,,,10,51.07693,100.855,14,15,,,
2026-06-04 02:23:16 UTC,,28.25591,,,,,11,50.20826,100.854,15,17,,,
2026-06-04 02:24:16 UTC,,28.21867,,,,,11,49.73594,100.853,16,18,,,
2026-06-04 02:25:16 UTC,,28.17292,,,,,11,49.42779,100.851,16,18,,,
2026-06-04 02:26:16 UTC,,28.14578,,,,,11,49.67383,100.851,15,17,,,
2026-06-04 02:27:16 UTC,,28.14073,,,,,11,49.57461,100.85,15,17,,,
2026-06-04 02:28:16 UTC,,28.15746,,,,,11,49.57023,100.849,16,18,,,
2026-06-04 02:29:16 UTC,,28.17923,,,,,11,50.9312,100.848,15,17,,,
2026-06-04 02:30:16 UTC,,28.21457,,,,,10,50.94915,100.846,14,15,,,
2026-06-04 02:31:16 UTC,,28.24581,,,,,10,50.80776,100.845,14,15,,,
2026-06-04 02:32:16 UTC,,28.28904,,,,,10,50.58879,100.843,14,14,,,
2026-06-04 02:33:17 UTC,,28.26443,,,,,11,52.7047,100.843,15,17,,,
2026-06-04 02:34:17 UTC,,28.25433,,,,,10,51.4847,100.844,14,14,,,
2026-06-04 02:35:17 UTC,,28.23319,,,,,10,50.66065,100.843,14,14,,,
2026-06-04 02:36:17 UTC,,28.18806,,,,,10,50.12683,100.842,14,15,,,
2026-06-04 02:37:17 UTC,,28.11549,,,,,11,49.95924,100.84,15,17,,,
2026-06-04 02:38:17 UTC,,28.10981,,,,,10,49.79402,100.838,14,15,,,
2026-06-04 02:39:17 UTC,,28.1218,,,,,10,49.76929,100.837,14,14,,,
2026-06-04 02:40:17 UTC,,28.14988,,,,,10,49.70065,100.834,14,15,,,
2026-06-04 02:41:17 UTC,,28.17702,,,,,10,50.87798,100.832,14,14,,,
2026-06-04 02:42:17 UTC,,28.20637,,,,,10,51.08046,100.831,14,14,,,
2026-06-04 02:43:17 UTC,,28.24865,,,,,10,50.88752,100.831,14,14,,,
2026-06-04 02:44:17 UTC,,28.29567,,,,,10,50.74828,100.831,14,15,,,
2026-06-04 02:45:17 UTC,,28.28336,,,,,10,52.46027,100.83,14,14,,,
2026-06-04 02:46:18 UTC,,28.26979,,,,,10,51.88548,100.829,14,14,,,
2026-06-04 02:47:18 UTC,,28.23666,,,,,10,51.03815,100.828,14,14,,,
2026-06-04 02:48:18 UTC,,28.19185,,,,,10,50.06803,100.828,14,14,,,
2026-06-04 02:49:18 UTC,,28.1543,,,,,10,49.36631,100.825,14,14,,,
2026-06-04 02:50:18 UTC,,28.13095,,,,,10,49.56676,100.824,14,14,,,
2026-06-04 02:51:18 UTC,,28.12716,,,,,10,49.51374,100.822,14,14,,,
2026-06-04 02:52:18 UTC,,28.15683,,,,,10,49.36008,100.821,14,14,,,
2026-06-04 02:53:18 UTC,,28.18775,,,,,9,50.00165,100.82,13,13,,,
2026-06-04 02:54:18 UTC,,28.20006,,,,,10,50.97368,100.819,14,14,,,
2026-06-04 02:55:18 UTC,,28.22341,,,,,10,50.6924,100.818,14,14,,,
2026-06-04 02:56:18 UTC,,28.27579,,,,,10,50.41535,100.817,14,14,,,
2026-06-04 02:57:18 UTC,,28.30072,,,,,10,51.49759,100.816,14,14,,,
2026-06-04 02:58:19 UTC,,28.26474,,,,,9,52.15105,100.815,13,13,,,
2026-06-04 02:59:19 UTC,,28.24991,,,,,9,50.92739,100.814,13,13,,,
2026-06-04 03:00:19 UTC,,28.22277,,,,,9,50.1973,100.813,13,13,,,
2026-06-04 03:01:19 UTC,,28.18365,,,,,9,49.40294,100.811,13,13,,,
2026-06-04 03:02:19 UTC,,28.12117,,,,,9,49.38825,100.81,13,13,,,
2026-06-04 03:03:19 UTC,,28.1158,,,,,9,49.35475,100.809,13,13,,,
2026-06-04 03:04:19 UTC,,28.13253,,,,,9,49.24542,100.806,13,13,,,
2026-06-04 03:05:19 UTC,,28.14168,,,,,9,49.41716,100.804,13,13,,,
2026-06-04 03:06:19 UTC,,28.13568,,,,,9,50.91216,100.801,13,13,,,
2026-06-04 03:07:19 UTC,,28.16156,,,,,9,50.75027,100.8,13,13,,,
2026-06-04 03:08:19 UTC,,28.20195,,,,,9,50.531,100.8,13,13,,,
2026-06-04 03:09:19 UTC,,28.24676,,,,,9,50.36532,100.799,13,13,,,
2026-06-04 03:10:20 UTC,,28.19785,,,,,9,52.729,100.799,13,13,,,
2026-06-04 03:11:20 UTC,,28.17955,,,,,9,51.40166,100.8,13,13,,,
2026-06-04 03:12:20 UTC,,28.15588,,,,,9,50.49849,100.799,13,13,,,
2026-06-04 03:13:20 UTC,,28.13127,,,,,9,49.79683,100.8,13,13,,,
2026-06-04 03:14:20 UTC,,28.09782,,,,,9,49.36552,100.8,13,13,,,
2026-06-04 03:15:20 UTC,,28.0833,,,,,9,49.44238,100.8,13,13,,,
2026-06-04 03:16:20 UTC,,28.09466,,,,,8,49.42417,100.8,12,12,,,
2026-06-04 03:17:20 UTC,,28.12843,,,,,8,49.42857,100.799,11,11,,,
2026-06-04 03:18:20 UTC,,28.12748,,,,,8,50.81186,100.8,11,11,,,
2026-06-04 03:19:20 UTC,,28.13884,,,,,8,51.1973,100.8,11,11,,,
2026-06-04 03:20:20 UTC,,28.19027,,,,,8,50.74748,100.799,11,11,,,
2026-06-04 03:21:20 UTC,,28.22909,,,,,8,50.73281,100.799,11,11,,,
2026-06-04 03:22:21 UTC,,28.25623,,,,,8,51.6709,100.798,11,11,,,
2026-06-04 03:23:21 UTC,,28.23382,,,,,9,51.99371,100.797,13,13,,,
2026-06-04 03:24:21 UTC,,28.21425,,,,,8,51.01529,100.795,11,11,,,
2026-06-04 03:25:21 UTC,,28.1726,,,,,8,50.14455,100.794,11,11,,,
2026-06-04 03:26:21 UTC,,28.12874,,,,,8,49.74389,100.793,11,11,,,
2026-06-04 03:27:21 UTC,,28.06279,,,,,8,49.70897,100.792,11,11,,,
2026-06-04 03:28:21 UTC,,28.06343,,,,,8,49.61707,100.79,11,11,,,
2026-06-04 03:29:21 UTC,,28.08456,,,,,8,49.58698,100.789,11,11,,,
2026-06-04 03:30:21 UTC,,28.10476,,,,,8,49.60933,100.788,11,11,,,
2026-06-04 03:31:21 UTC,,28.11959,,,,,7,50.99604,100.788,10,10,,,
2026-06-04 03:32:21 UTC,,28.12654,,,,,8,51.29507,100.788,11,11,,,
2026-06-04 03:33:21 UTC,,28.17671,,,,,7,50.84486,100.788,10,10,,,
2026-06-04 03:34:22 UTC,,28.21268,,,,,7,50.73063,100.788,10,10,,,
2026-06-04 03:35:22 UTC,,28.22688,,,,,8,52.37251,100.789,11,11,,,
2026-06-04 03:36:22 UTC,,28.21489,,,,,8,51.50595,100.788,11,11,,,
2026-06-04 03:37:22 UTC,,28.19816,,,,,8,50.656,100.789,11,11,,,
2026-06-04 03:38:22 UTC,,28.16282,,,,,8,50.08397,100.788,11,11,,,
2026-06-04 03:39:22 UTC,,28.11865,,,,,7,49.5783,100.787,10,10,,,
2026-06-04 03:40:22 UTC,,28.03849,,,,,7,49.69923,100.786,10,10,,,
2026-06-04 03:41:22 UTC,,28.03345,,,,,7,49.55405,100.785,10,10,,,
2026-06-04 03:42:22 UTC,,28.04102,,,,,7,49.37126,100.786,10,10,,,
2026-06-04 03:43:22 UTC,,28.07163,,,,,7,49.349,100.786,10,10,,,
2026-06-04 03:44:22 UTC,,28.10602,,,,,7,50.69663,100.785,10,10,,,
2026-06-04 03:45:22 UTC,,28.12559,,,,,7,50.89759,100.785,10,10,,,
2026-06-04 03:46:22 UTC,,28.15904,,,,,8,50.68384,100.785,11,11,,,
2026-06-04 03:47:22 UTC,,28.19911,,,,,8,50.54383,100.784,11,11,,,
2026-06-04 03:48:22 UTC,,28.20353,,,,,7,52.26933,100.783,10,10,,,
2026-06-04 03:49:23 UTC,,28.19122,,,,,7,51.48285,100.781,10,10,,,
2026-06-04 03:50:23 UTC,,28.16598,,,,,7,50.55265,100.781,10,10,,,
2026-06-04 03:51:23 UTC,,28.12527,,,,,7,50.07245,100.779,10,10,,,
2026-06-04 03:52:23 UTC,,28.08961,,,,,7,49.89004,100.777,10,10,,,
2026-06-04 03:53:23 UTC,,28.06437,,,,,7,50.03151,100.775,10,10,,,
2026-06-04 03:54:23 UTC,,28.08393,,,,,6,49.89587,100.773,9,9,,,
2026-06-04 03:55:23 UTC,,28.10886,,,,,7,49.84651,100.772,10,10,,,
2026-06-04 03:56:23 UTC,,28.13221,,,,,7,51.28257,100.77,10,10,,,
2026-06-04 03:57:23 UTC,,28.16535,,,,,7,51.2605,100.767,10,10,,,
2026-06-04 03:58:23 UTC,,28.21363,,,,,7,51.04832,100.766,10,10,,,
2026-06-04 03:59:23 UTC,,28.24739,,,,,7,50.93367,100.764,10,10,,,
2026-06-04 04:00:23 UTC,,28.23003,,,,,7,52.79356,100.763,10,10,,,
2026-06-04 04:01:24 UTC,,28.22877,,,,,7,51.70042,100.761,10,10,,,
2026-06-04 04:02:24 UTC,,28.20921,,,,,6,50.97491,100.758,9,9,,,
2026-06-04 04:03:24 UTC,,28.17513,,,,,7,50.35586,100.756,10,10,,,
2026-06-04 04:04:24 UTC,,28.14767,,,,,7,49.96346,100.755,10,10,,,
2026-06-04 04:05:24 UTC,,28.13947,,,,,6,50.05455,100.753,9,9,,,
2026-06-04 04:06:24 UTC,,28.14736,,,,,7,49.97659,100.751,10,10,,,
2026-06-04 04:07:24 UTC,,28.16535,,,,,7,50.04479,100.749,10,10,,,
2026-06-04 04:08:24 UTC,,28.18712,,,,,6,51.34298,100.746,8,8,,,
2026-06-04 04:09:24 UTC,,28.22088,,,,,6,51.50011,100.745,8,8,,,
2026-06-04 04:10:24 UTC,,28.24897,,,,,6,51.37118,100.744,9,9,,,
2026-06-04 04:11:24 UTC,,28.28431,,,,,6,51.23666,100.743,8,8,,,
2026-06-04 04:12:24 UTC,,28.29725,,,,,7,52.65577,100.741,10,10,,,
2026-06-04 04:13:25 UTC,,28.28873,,,,,6,52.11434,100.74,9,9,,,
2026-06-04 04:14:25 UTC,,28.272,,,,,6,51.44726,100.737,8,8,,,
2026-06-04 04:15:25 UTC,,28.22435,,,,,7,50.68591,100.733,10,10,,,
2026-06-04 04:16:25 UTC,,28.18523,,,,,6,50.10668,100.729,8,8,,,
2026-06-04 04:17:25 UTC,,28.1502,,,,,6,50.0889,100.727,8,8,,,
2026-06-04 04:18:25 UTC,,28.15241,,,,,6,50.10894,100.725,9,9,,,
2026-06-04 04:19:25 UTC,,28.1726,,,,,6,50.1182,100.723,9,9,,,
2026-06-04 04:20:25 UTC,,28.18554,,,,,5,50.86588,100.72,7,7,,,
2026-06-04 04:21:25 UTC,,28.21678,,,,,6,51.6058,100.718,8,8,,,
2026-06-04 04:22:25 UTC,,28.25275,,,,,6,51.37831,100.717,8,8,,,
2026-06-04 04:23:25 UTC,,28.29945,,,,,7,51.29173,100.716,10,10,,,
2026-06-04 04:24:25 UTC,,28.33764,,,,,7,51.82149,100.715,10,10,,,
2026-06-04 04:25:26 UTC,,28.31365,,,,,6,52.97891,100.714,8,8,,,
2026-06-04 04:26:26 UTC,,28.28052,,,,,6,51.76058,100.712,8,8,,,
2026-06-04 04:27:26 UTC,,28.24865,,,,,6,51.15899,100.71,8,8,,,
2026-06-04 04:28:26 UTC,,28.20037,,,,,6,50.40538,100.706,8,8,,,
2026-06-04 04:29:26 UTC,,28.15525,,,,,6,50.15545,100.703,8,8,,,
2026-06-04 04:30:26 UTC,,28.14168,,,,,6,50.16024,100.7,8,8,,,
2026-06-04 04:31:26 UTC,,28.15746,,,,,6,50.05692,100.698,8,8,,,
2026-06-04 04:32:26 UTC,,28.19154,,,,,6,50.00214,100.697,8,8,,,
2026-06-04 04:33:26 UTC,,28.19848,,,,,6,51.53694,100.696,8,8,,,
2026-06-04 04:34:26 UTC,,28.21678,,,,,6,51.80516,100.696,8,8,,,
2026-06-04 04:35:26 UTC,,28.24928,,,,,5,51.48403,100.695,7,7,,,
2026-06-04 04:36:26 UTC,,28.29756,,,,,5,51.3777,100.694,7,7,,,
2026-06-04 04:37:27 UTC,,28.31523,,,,,5,52.55138,100.692,7,7,,,
2026-06-04 04:38:27 UTC,,28.31933,,,,,5,51.992,100.691,7,7,,,
2026-06-04 04:39:27 UTC,,28.28967,,,,,5,51.48946,100.689,7,7,,,
2026-06-04 04:40:27 UTC,,28.26348,,,,,5,50.72417,100.689,7,7,,,
2026-06-04 04:41:27 UTC,,28.2171,,,,,5,50.24929,100.687,7,7,,,
2026-06-04 04:42:27 UTC,,28.15493,,,,,5,49.76048,100.685,7,7,,,
2026-06-04 04:43:27 UTC,,28.11296,,,,,6,49.72868,100.684,8,8,,,
2026-06-04 04:44:27 UTC,,28.09529,,,,,6,49.70665,100.682,8,8,,,
2026-06-04 04:45:27 UTC,,28.11265,,,,,6,49.66949,100.68,8,8,,,
2026-06-04 04:46:27 UTC,,28.12275,,,,,5,49.8549,100.678,7,7,,,
2026-06-04 04:47:27 UTC,,28.10665,,,,,5,51.57769,100.676,7,7,,,
2026-06-04 04:48:27 UTC,,28.13379,,,,,5,51.37562,100.674,7,7,,,
2026-06-04 04:49:27 UTC,,28.16503,,,,,5,51.27371,100.673,7,7,,,
2026-06-04 04:50:28 UTC,,28.20952,,,,,5,51.12062,100.672,7,7,,,
2026-06-04 04:51:28 UTC,,28.21457,,,,,5,52.73129,100.671,7,7,,,
2026-06-04 04:52:28 UTC,,28.20542,,,,,5,51.82356,100.67,7,7,,,
2026-06-04 04:53:28 UTC,,28.18302,,,,,5,50.97803,100.67,7,7,,,
2026-06-04 04:54:28 UTC,,28.14799,,,,,5,50.45784,100.668,7,7,,,
2026-06-04 04:55:28 UTC,,28.11202,,,,,5,50.23542,100.667,7,7,,,
2026-06-04 04:56:28 UTC,,28.06942,,,,,5,49.74928,100.664,7,7,,,
2026-06-04 04:57:28 UTC,,28.02556,,,,,5,49.38237,100.662,7,7,,,
2026-06-04 04:58:28 UTC,,27.96655,,,,,5,48.98809,100.658,7,7,,,
2026-06-04 04:59:28 UTC,,27.9189,,,,,6,48.75302,100.656,8,8,,,
2026-06-04 05:00:28 UTC,,27.87346,,,,,5,48.84524,100.653,7,7,,,
2026-06-04 05:01:28 UTC,,27.86274,,,,,5,48.90926,100.651,7,7,,,
2026-06-04 05:02:29 UTC,,27.89145,,,,,5,48.84101,100.65,7,7,,,
2026-06-04 05:03:29 UTC,,27.92521,,,,,5,49.02203,100.649,7,7,,,
2026-06-04 05:04:29 UTC,,27.94919,,,,,5,50.33921,100.648,7,7,,,
2026-06-04 05:05:29 UTC,,27.97633,,,,,5,51.03651,100.648,7,7,,,
2026-06-04 05:06:29 UTC,,28.01641,,,,,5,50.84998,100.648,7,7,,,
2026-06-04 05:07:29 UTC,,28.06942,,,,,5,50.98935,100.648,7,7,,,
2026-06-04 05:08:29 UTC,,28.1117,,,,,5,52.08367,100.648,7,7,,,
2026-06-04 05:09:29 UTC,,28.13221,,,,,5,51.71397,100.646,7,7,,,
2026-06-04 05:10:29 UTC,,28.14199,,,,,5,51.11159,100.646,7,7,,,
2026-06-04 05:11:29 UTC,,28.13505,,,,,5,50.50233,100.644,7,7,,,
2026-06-04 05:12:29 UTC,,28.09403,,,,,4,50.00908,100.643,6,6,,,
2026-06-04 05:13:29 UTC,,28.04417,,,,,5,49.76571,100.64,7,7,,,
2026-06-04 05:14:30 UTC,,27.98485,,,,,5,49.26559,100.638,7,7,,,
2026-06-04 05:15:30 UTC,,27.93437,,,,,5,48.85308,100.636,7,7,,,
2026-06-04 05:16:30 UTC,,27.88546,,,,,5,48.35044,100.634,7,7,,,
2026-06-04 05:17:30 UTC,,27.8356,,,,,5,48.24628,100.631,7,7,,,
2026-06-04 05:18:30 UTC,,27.80625,,,,,5,48.28165,100.63,7,7,,,
2026-06-04 05:19:30 UTC,,27.80373,,,,,4,48.37261,100.63,6,6,,,
2026-06-04 05:20:30 UTC,,27.82613,,,,,5,48.38852,100.63,7,7,,,
2026-06-04 05:21:30 UTC,,27.86368,,,,,5,48.49771,100.63,7,7,,,
2026-06-04 05:22:30 UTC,,27.89334,,,,,5,49.91694,100.63,7,7,,,
2026-06-04 05:23:30 UTC,,27.92174,,,,,4,50.42133,100.628,6,6,,,
2026-06-04 05:24:30 UTC,,27.96655,,,,,4,50.1899,100.627,6,6,,,
2026-06-04 05:25:30 UTC,,28.02903,,,,,5,50.21789,100.626,7,7,,,
2026-06-04 05:26:31 UTC,,28.0691,,,,,4,51.71211,100.626,6,6,,,
2026-06-04 05:27:31 UTC,,28.09025,,,,,4,50.95903,100.625,6,6,,,
2026-06-04 05:28:31 UTC,,28.08299,,,,,4,50.44924,100.625,6,6,,,
2026-06-04 05:29:31 UTC,,28.07068,,,,,4,49.91387,100.624,6,6,,,
2026-06-04 05:30:31 UTC,,28.03187,,,,,4,49.46193,100.622,6,6,,,
2026-06-04 05:31:31 UTC,,27.99432,,,,,4,49.15541,100.622,6,6,,,
2026-06-04 05:32:31 UTC,,27.95582,,,,,4,48.71854,100.62,6,6,,,
2026-06-04 05:33:23 UTC,,,,,,,,,,,,4,6,6
2026-06-04 05:34:23 UTC,,,28.22221,46.52358,1.006196,97939.64,,,,,,4,6,6
2026-06-04 05:35:23 UTC,,,28.12375,46.43118,1.006126,106939.2,,,,,,4,6,6
2026-06-04 05:36:23 UTC,,,28.2525,46.45977,1.006146,111019.7,,,,,,4,6,6
2026-06-04 05:37:23 UTC,,,28.35344,46.44412,1.006125,113331.1,,,,,,4,6,6
2026-06-04 05:38:23 UTC,,,28.46957,46.50344,1.006127,114952.3,,,,,,4,6,6
2026-06-04 05:39:23 UTC,,,28.48474,47.7389,1.006076,114952.3,,,,,,4,6,6
2026-06-04 05:40:23 UTC,,,28.51504,48.35602,1.006073,114484.4,,,,,,4,6,6
2026-06-04 05:41:23 UTC,,,28.63113,48.22174,1.006047,114329.3,,,,,,4,5,5
2026-06-04 05:42:23 UTC,,,28.73211,48.15234,1.006076,115266.4,,,,,,4,6,6
2026-06-04 05:43:23 UTC,,,28.71699,49.05153,1.00603,113866.4,,,,,,4,6,6
2026-06-04 05:44:23 UTC,,,28.61096,49.34967,1.006019,114174.6,,,,,,4,6,6
2026-06-04 05:45:23 UTC,,,28.54277,48.66935,1.006006,115030.7,,,,,,4,6,6
2026-06-04 05:46:23 UTC,,,28.51753,48.24158,1.005977,115979.4,,,,,,4,6,6
2026-06-04 05:47:23 UTC,,,28.39636,47.68658,1.005964,117513.9,,,,,,4,6,6
2026-06-04 05:48:23 UTC,,,28.41911,47.24184,1.005956,118255.1,,,,,,4,6,6
2026-06-04 05:49:23 UTC,,,28.3181,46.78093,1.005958,120278,,,,,,4,6,6
2026-06-04 05:50:24 UTC,,,28.24237,46.44831,1.005999,120449.7,,,,,,4,6,6
2026-06-04 05:51:24 UTC,,,28.21716,46.42872,1.005963,121228.5,,,,,,4,6,6
2026-06-04 05:52:24 UTC,,,28.13887,46.64788,1.005983,120967.7,,,,,,4,6,6
2026-06-04 05:53:24 UTC,,,28.27266,46.48054,1.005943,119936,,,,,,4,6,6
2026-06-04 05:54:24 UTC,,,28.42416,47.9454,1.005942,116862.9,,,,,,4,6,6
2026-06-04 05:55:24 UTC,,,28.46704,47.88442,1.005934,116299.1,,,,,,4,6,6
2026-06-04 05:56:24 UTC,,,28.58064,49.7813,1.005918,113103.2,,,,,,4,6,6
2026-06-04 05:57:24 UTC,,,28.63116,50.77461,1.005907,109863.3,,,,,,4,6,6
2026-06-04 05:58:24 UTC,,,28.72456,50.84875,1.005918,109649.1,,,,,,4,5,5
2026-06-04 05:59:24 UTC,,,28.81796,50.67989,1.005909,108730.7,,,,,,4,6,6
2026-06-04 06:00:24 UTC,,,28.74476,51.15253,1.005868,108730.7,,,,,,5,7,7
2026-06-04 06:01:24 UTC,,,28.64631,50.98083,1.005851,109082.1,,,,,,4,6,6
2026-06-04 06:02:24 UTC,,,28.59332,50.39879,1.005865,109863.3,,,,,,4,5,5
2026-06-04 06:03:24 UTC,,,28.50242,49.71623,1.005829,111829,,,,,,4,5,5
2026-06-04 06:04:24 UTC,,,28.40646,49.13248,1.005856,113027.5,,,,,,4,6,6
2026-06-04 06:05:24 UTC,,,28.4216,48.3809,1.005818,114484.4,,,,,,4,5,5
2026-06-04 06:06:24 UTC,,,28.29791,47.8527,1.005801,115979.4,,,,,,4,5,5
2026-06-04 06:07:24 UTC,,,28.26007,47.32263,1.005828,116943.9,,,,,,4,5,5
2026-06-04 06:08:24 UTC,,,28.20703,47.58532,1.005828,116782,,,,,,4,6,6
2026-06-04 06:09:24 UTC,,,28.42416,47.27859,1.005822,115740.7,,,,,,4,6,6
2026-06-04 06:10:24 UTC,,,28.49733,47.38144,1.005792,115109.1,,,,,,4,5,5
2026-06-04 06:11:24 UTC,,,28.56044,47.68473,1.005779,113866.4,,,,,,5,7,7
2026-06-04 06:12:24 UTC,,,28.61851,48.84495,1.005792,111459.7,,,,,,4,5,5
2026-06-04 06:13:24 UTC,,,28.64631,48.82644,1.005791,110728.4,,,,,,4,6,6
2026-06-04 06:14:24 UTC,,,28.75735,48.59447,1.005742,110438.5,,,,,,4,6,6
2026-06-04 06:15:25 UTC,,,28.83308,48.48411,1.005733,110366.3,,,,,,3,4,4
2026-06-04 06:16:25 UTC,,,28.72201,50.19959,1.005734,107896.4,,,,,,4,6,6
2026-06-04 06:17:25 UTC,,,28.63113,49.32362,1.005718,109082.1,,,,,,4,6,6
2026-06-04 06:18:25 UTC,,,28.57054,48.7062,1.005657,110294.1,,,,,,5,7,7
2026-06-04 06:19:25 UTC,,,28.48219,48.15083,1.005625,111459.7,,,,,,4,6,6
2026-06-04 06:20:25 UTC,,,28.41655,47.58408,1.005603,112425.1,,,,,,4,5,5
2026-06-04 06:21:25 UTC,,,28.33072,47.09994,1.005616,113866.4,,,,,,4,5,5
2026-06-04 06:22:25 UTC,,,28.2626,46.68979,1.005581,115109.1,,,,,,4,6,6
2026-06-04 06:23:25 UTC,,,28.20955,46.75039,1.005561,114639.9,,,,,,4,5,5
2026-06-04 06:24:25 UTC,,,28.15654,46.63589,1.005578,115187.7,,,,,,4,6,6
2026-06-04 06:25:25 UTC,,,28.14392,46.40226,1.00551,115109.1,,,,,,4,6,6
2026-06-04 06:26:25 UTC,,,28.19949,46.2576,1.005551,114874.1,,,,,,4,6,6
2026-06-04 06:27:25 UTC,,,28.30296,46.39415,1.005562,113103.2,,,,,,4,5,5
2026-06-04 06:28:25 UTC,,,28.4216,46.36217,1.005558,112725.4,,,,,,3,4,4
2026-06-04 06:29:25 UTC,,,28.50743,46.42441,1.00555,111533.4,,,,,,4,5,5
2026-06-04 06:30:25 UTC,,,28.47209,47.98386,1.005538,108941.3,,,,,,4,5,5
2026-06-04 06:31:25 UTC,,,28.58569,48.25421,1.005544,107142.9,,,,,,4,5,5
2026-06-04 06:32:25 UTC,,,28.6665,48.16955,1.005497,106332.7,,,,,,4,5,5
2026-06-04 06:33:25 UTC,,,28.71699,48.32365,1.005484,105402.9,,,,,,3,4,4
2026-06-04 06:34:25 UTC,,,28.74473,49.62686,1.005471,102708.5,,,,,,4,6,6
2026-06-04 06:35:25 UTC,,,28.75738,49.16792,1.005435,102583.6,,,,,,4,5,5
2026-06-04 06:36:25 UTC,,,28.60083,48.7672,1.005415,103846.2,,,,,,4,6,6
2026-06-04 06:37:25 UTC,,,28.59831,48.30988,1.005395,104424.5,,,,,,4,6,6
2026-06-04 06:38:25 UTC,,,28.4519,47.85413,1.005393,105733.1,,,,,,4,5,5
2026-06-04 06:39:25 UTC,,,28.4595,47.26157,1.005376,105998.7,,,,,,4,5,5
2026-06-04 06:40:25 UTC,,,28.36354,46.93322,1.005346,106803.8,,,,,,3,4,4
2026-06-04 06:41:26 UTC,,,28.32066,46.56516,1.005337,107621.2,,,,,,4,5,5
2026-06-04 06:42:26 UTC,,,28.43173,47.36003,1.005328,106132.1,,,,,,4,5,5
2026-06-04 06:43:26 UTC,,,28.41154,51.92675,1.005386,100029.6,,,,,,4,6,6
2026-06-04 06:44:26 UTC,,,28.44183,50.76614,1.005384,99675.13,,,,,,4,5,5
2026-06-04 06:45:26 UTC,,,28.39892,50.03806,1.005398,101169.1,,,,,,4,5,5
2026-06-04 06:46:26 UTC,,,28.34085,49.38203,1.005359,102272.7,,,,,,4,6,6
2026-06-04 06:47:26 UTC,,,28.25761,48.89634,1.005344,103211,,,,,,4,6,6
2026-06-04 06:48:26 UTC,,,28.27519,48.25551,1.005343,103782.3,,,,,,4,5,5
2026-06-04 06:49:26 UTC,,,28.19188,47.99295,1.005337,105402.9,,,,,,4,6,6
2026-06-04 06:50:26 UTC,,,28.12877,47.36171,1.005296,106132.1,,,,,,4,6,6
2026-06-04 06:51:26 UTC,,,28.15149,47.04527,1.005301,106736.2,,,,,,4,6,6
2026-06-04 06:52:26 UTC,,,28.17926,46.74994,1.005323,106668.8,,,,,,4,6,6
2026-06-04 06:53:26 UTC,,,27.92177,46.95021,1.005305,107689.9,,,,,,4,6,6
2026-06-04 06:54:26 UTC,,,27.95459,46.54696,1.005315,108381.5,,,,,,4,5,5
2026-06-04 06:56:26 UTC,,,28.05812,46.08681,1.005258,105932.2,,,,,,4,5,5
2026-06-04 06:57:26 UTC,,,28.15907,46.06145,1.005342,106332.7,,,,,,4,6,6
2026-06-04 06:58:26 UTC,,,28.27522,46.32716,1.005309,99852.07,,,,,,4,6,6
2026-06-04 06:59:26 UTC,,,28.38121,46.35374,1.005279,99498.82,,,,,,4,5,5
2026-06-04 07:00:26 UTC,,,28.40396,48.08953,1.005357,95231.38,,,,,,4,6,6
2026-06-04 07:01:26 UTC,,,28.50743,47.94426,1.005317,94484.88,,,,,,4,5,5
2026-06-04 07:02:26 UTC,,,28.56044,48.00653,1.005297,93958.8,,,,,,3,4,4
2026-06-04 07:03:26 UTC,,,28.69679,47.5878,1.005262,94326.44,,,,,,4,5,5
2026-06-04 07:04:26 UTC,,,28.66398,49.59,1.005309,93417.85,,,,,,4,5,5
2026-06-04 07:05:26 UTC,,,28.57307,48.93859,1.005246,94252.69,,,,,,4,5,5
2026-06-04 07:06:26 UTC,,,28.4696,48.59009,1.005246,95209.89,,,,,,4,5,5
2026-06-04 07:07:27 UTC,,,28.39387,47.9685,1.00527,93854.28,,,,,,3,4,4
2026-06-04 07:08:27 UTC,,,28.39131,47.39245,1.005254,92801.37,,,,,,3,4,4
2026-06-04 07:09:27 UTC,,,28.37872,47.23461,1.005224,91791.78,,,,,,4,5,5
2026-06-04 07:10:27 UTC,,,28.32571,49.78667,1.005217,91295.18,,,,,,4,6,6
2026-06-04 07:11:27 UTC,,,28.38626,51.79567,1.005253,90511.7,,,,,,4,6,6
2026-06-04 07:12:27 UTC,,,28.54284,52.94632,1.005245,89551.05,,,,,,3,4,4
2026-06-04 07:13:27 UTC,,,28.65391,54.62757,1.005266,88332.3,,,,,,4,6,6
2026-06-04 07:14:27 UTC,,,28.67666,56.59722,1.005296,86609.53,,,,,,4,6,6
2026-06-04 07:15:27 UTC,,,28.58074,56.04197,1.005367,87689.67,,,,,,4,6,6
2026-06-04 07:16:27 UTC,,,28.4873,54.93847,1.005358,89551.05,,,,,,4,6,6
2026-06-04 07:17:27 UTC,,,28.49743,53.61559,1.005343,90803.92,,,,,,4,6,6
2026-06-04 07:18:27 UTC,,,28.54035,52.85162,1.005345,92192.97,,,,,,5,7,7
2026-06-04 07:19:27 UTC,,,28.52267,52.06786,1.00531,93417.85,,,,,,4,6,6
2026-06-04 07:20:27 UTC,,,28.49487,51.42781,1.005273,95102.57,,,,,,4,6,6
2026-06-04 07:21:27 UTC,,,28.38636,51.00414,1.005296,94484.88,,,,,,4,5,5
2026-06-04 07:22:27 UTC,,,28.36865,50.40479,1.005249,95392.88,,,,,,4,6,6
2026-06-04 07:23:27 UTC,,,28.38127,49.84486,1.005258,95989.76,,,,,,4,6,6
2026-06-04 07:24:27 UTC,,,28.31816,49.43451,1.005253,96594.16,,,,,,3,4,4
2026-06-04 07:25:27 UTC,,,28.26771,48.98405,1.005206,95771.85,,,,,,5,7,7
2026-06-04 07:26:27 UTC,,,28.26263,48.66782,1.005205,94856.66,,,,,,4,6,6
2026-06-04 07:27:27 UTC,,,28.29794,48.09929,1.005197,95231.38,,,,,,4,6,6
2026-06-04 07:28:27 UTC,,,28.23483,48.01384,1.005188,95446.84,,,,,,4,5,5
2026-06-04 07:29:27 UTC,,,28.22975,48.16284,1.005179,95392.88,,,,,,4,5,5
2026-06-04 07:30:28 UTC,,,28.14647,47.62595,1.005205,96704.88,,,,,,4,5,5
2026-06-04 07:31:28 UTC,,,28.09094,47.2704,1.005205,97599.77,,,,,,4,5,5
2026-06-04 07:32:28 UTC,,,28.05304,46.7751,1.005209,98568.93,,,,,,3,4,4
2026-06-04 07:33:28 UTC,,,28.15149,46.61706,1.005222,98053.45,,,,,,3,4,4
2026-06-04 07:34:28 UTC,,,28.15152,46.80936,1.005202,97769.41,,,,,,3,4,4
2026-06-04 07:35:28 UTC,,,28.30299,46.72772,1.005263,97487,,,,,,4,5,5
2026-06-04 07:36:28 UTC,,,28.38121,46.76121,1.005258,96594.16,,,,,,4,5,5
2026-06-04 07:37:28 UTC,,,28.46455,48.07508,1.005282,94803.37,,,,,,4,6,6
2026-06-04 07:38:28 UTC,,,28.47212,48.59083,1.005283,95317.44,,,,,,4,5,5
2026-06-04 07:39:28 UTC,,,28.56297,48.31306,1.00523,95209.89,,,,,,4,5,5
2026-06-04 07:40:28 UTC,,,28.62359,48.41623,1.005263,94569.61,,,,,,4,5,5
2026-06-04 07:41:28 UTC,,,28.59582,49.98341,1.005265,92699.41,,,,,,3,4,4
2026-06-04 07:42:28 UTC,,,28.50999,49.48966,1.005301,93314.53,,,,,,4,5,5
2026-06-04 07:43:28 UTC,,,28.42668,48.75661,1.005291,95102.57,,,,,,4,6,6
2026-06-04 07:44:28 UTC,,,28.39636,48.08582,1.005291,94590.8,,,,,,4,5,5
2026-06-04 07:45:28 UTC,,,28.32315,47.58858,1.00529,95717.52,,,,,,4,6,6
2026-06-04 07:46:28 UTC,,,28.23988,47.17622,1.005282,96208.67,,,,,,4,5,5
2026-06-04 07:47:28 UTC,,,28.23231,46.63665,1.005277,97430.72,,,,,,5,7,7
2026-06-04 07:48:28 UTC,,,28.18179,46.38769,1.005272,98167.55,,,,,,4,6,6
2026-06-04 07:49:28 UTC,,,28.26512,46.25344,1.00526,97826.09,,,,,,4,5,5
2026-06-04 07:50:28 UTC,,,28.40649,46.09402,1.005314,97769.41,,,,,,4,6,6
2026-06-04 07:51:28 UTC,,,28.4595,46.26347,1.005306,96594.16,,,,,,4,6,6
2026-06-04 07:52:29 UTC,,,28.57307,46.59648,1.005271,95717.52,,,,,,4,6,6
2026-06-04 07:53:29 UTC,,,28.5731,48.0504,1.005275,95209.89,,,,,,4,6,6
2026-06-04 07:54:29 UTC,,,28.70433,47.88348,1.005263,94147.52,,,,,,5,7,7
2026-06-04 07:55:29 UTC,,,28.78007,47.64534,1.005268,94252.69,,,,,,4,6,6
2026-06-04 07:56:29 UTC,,,28.82554,47.83195,1.005294,93314.53,,,,,,4,6,6
2026-06-04 07:57:29 UTC,,,28.80026,49.23958,1.005337,91791.78,,,,,,4,6,6
2026-06-04 07:58:29 UTC,,,28.65637,48.53105,1.005313,93314.53,,,,,,4,6,6
2026-06-04 07:59:29 UTC,,,28.48979,48.21091,1.005352,94358.09,,,,,,5,7,7
2026-06-04 08:00:29 UTC,,,28.47465,47.6169,1.00535,93802.12,,,,,,5,7,7
2026-06-04 08:01:29 UTC,,,28.31558,47.30755,1.00536,94750.14,,,,,,5,7,7
2026-06-04 08:02:29 UTC,,,28.33076,46.70748,1.005351,95826.23,,,,,,5,7,7
2026-06-04 08:03:29 UTC,,,28.29037,46.32095,1.005334,96704.88,,,,,,5,7,7
2026-06-04 08:04:29 UTC,,,28.22218,45.99607,1.005349,97206.22,,,,,,4,6,6
2026-06-04 08:05:29 UTC,,,28.19949,45.61103,1.005347,98167.55,,,,,,5,7,7
2026-06-04 08:06:29 UTC,,,28.19192,45.25275,1.005335,98511.38,,,,,,5,7,7
2026-06-04 08:07:29 UTC,,,28.29791,45.27743,1.005344,97996.51,,,,,,5,7,7
2026-06-04 08:08:29 UTC,,,28.3383,45.30773,1.005368,98053.45,,,,,,5,7,7
2026-06-04 08:09:29 UTC,,,28.39134,45.50053,1.005363,97712.8,,,,,,5,7,7
2026-06-04 08:10:29 UTC,,,28.4797,45.92845,1.005324,96099.09,,,,,,4,6,6
2026-06-04 08:11:29 UTC,,,28.50743,47.28192,1.005319,94116.02,,,,,,5,7,7
2026-06-04 08:12:29 UTC,,,28.69679,46.91278,1.005299,94995.51,,,,,,5,7,7
2026-06-04 08:13:29 UTC,,,28.71446,46.90522,1.005339,94888.67,,,,,,5,7,7
2026-06-04 08:14:30 UTC,,,28.80033,46.93134,1.005331,94147.52,,,,,,5,7,7
2026-06-04 08:15:30 UTC,,,28.68676,48.61268,1.00533,92192.97,,,,,,5,7,7
2026-06-04 08:16:30 UTC,,,28.6009,47.90402,1.005397,93521.39,,,,,,5,7,7
2026-06-04 08:17:30 UTC,,,28.51005,47.44281,1.005379,94147.52,,,,,,5,7,7
2026-06-04 08:18:30 UTC,,,28.43681,46.85839,1.00538,94116.02,,,,,,5,7,7
2026-06-04 08:19:30 UTC,,,28.38127,46.45015,1.005349,95070.43,,,,,,5,7,7
2026-06-04 08:20:30 UTC,,,28.32826,45.98471,1.005323,96318.49,,,,,,5,7,7
2026-06-04 08:21:30 UTC,,,28.23994,45.70274,1.005314,96815.84,,,,,,5,7,7
2026-06-04 08:22:30 UTC,,,28.14906,45.41386,1.005346,97430.72,,,,,,5,7,7
2026-06-04 08:23:30 UTC,,,28.19195,45.02897,1.005355,98167.55,,,,,,5,7,7
2026-06-04 08:24:30 UTC,,,28.27781,45.04887,1.005378,97996.51,,,,,,5,7,7
2026-06-04 08:25:30 UTC,,,28.43684,44.89962,1.005389,97430.72,,,,,,5,7,7
2026-06-04 08:26:30 UTC,,,28.52769,44.9444,1.005383,96483.7,,,,,,5,7,7
2026-06-04 08:27:30 UTC,,,28.52009,45.87154,1.005382,95554.92,,,,,,5,7,7
2026-06-04 08:28:30 UTC,,,28.59831,46.71329,1.005411,94888.67,,,,,,5,7,7
2026-06-04 08:29:30 UTC,,,28.70181,46.58752,1.005416,94358.09,,,,,,5,7,7
2026-06-04 08:30:30 UTC,,,28.74981,46.39075,1.005446,94888.67,,,,,,5,7,7
2026-06-04 08:31:30 UTC,,,28.80029,47.07168,1.005395,93211.45,,,,,,4,6,6
2026-06-04 08:32:30 UTC,,,28.70433,48.25286,1.005456,91791.78,,,,,,5,7,7
2026-06-04 08:33:30 UTC,,,28.55795,47.73777,1.005498,93211.45,,,,,,5,7,7
2026-06-04 08:34:30 UTC,,,28.52766,46.99687,1.005523,94463.73,,,,,,5,7,7
2026-06-04 08:35:30 UTC,,,28.42918,46.58493,1.005523,93645.95,,,,,,5,7,7
2026-06-04 08:36:30 UTC,,,28.39383,46.0243,1.005543,95124.02,,,,,,6,8,8
2026-06-04 08:37:30 UTC,,,28.26007,45.77168,1.005496,95771.85,,,,,,5,7,7
2026-06-04 08:38:30 UTC,,,28.23735,45.33151,1.005538,96649.48,,,,,,5,7,7
2026-06-04 08:39:30 UTC,,,28.2348,44.92202,1.005501,97487,,,,,,5,7,7
2026-06-04 08:40:31 UTC,,,28.25247,44.82878,1.005558,97543.35,,,,,,5,7,7
2026-06-04 08:41:31 UTC,,,28.34843,44.78081,1.005564,96815.84,,,,,,5,7,7
2026-06-04 08:42:31 UTC,,,28.41151,44.85965,1.005573,96594.16,,,,,,5,7,7
2026-06-04 08:43:31 UTC,,,28.53776,44.76551,1.005592,95609.07,,,,,,5,7,7
2026-06-04 08:44:31 UTC,,,28.50491,46.43171,1.005578,95102.57,,,,,,5,7,7
2026-06-04 08:45:31 UTC,,,28.563,46.78453,1.005612,94569.61,,,,,,5,7,7
2026-06-04 08:46:31 UTC,,,28.64375,46.55792,1.005627,94358.09,,,,,,6,8,8
2026-06-04 08:47:31 UTC,,,28.72709,46.26256,1.005632,93729.17,,,,,,5,7,7
2026-06-04 08:48:31 UTC,,,28.69929,47.94583,1.005634,91991.95,,,,,,5,7,7
2026-06-04 08:49:31 UTC,,,28.79777,48.09447,1.005584,90901.76,,,,,,5,7,7
2026-06-04 08:50:31 UTC,,,28.8937,47.82526,1.005615,90608.89,,,,,,5,7,7
2026-06-04 08:51:31 UTC,,,28.89872,47.87978,1.005643,90706.3,,,,,,5,7,7
2026-06-04 08:52:31 UTC,,,28.79774,49.49021,1.005679,88610.59,,,,,,5,7,7
2026-06-04 08:53:31 UTC,,,28.72709,48.87117,1.005678,89551.05,,,,,,4,6,6
2026-06-04 08:54:31 UTC,,,28.68414,48.09289,1.005716,91196.5,,,,,,5,7,7
2026-06-04 08:55:31 UTC,,,28.47714,47.68675,1.005691,92597.67,,,,,,5,7,7
2026-06-04 08:56:31 UTC,,,28.43931,47.03232,1.005686,93833.41,,,,,,5,7,7
2026-06-04 08:57:31 UTC,,,28.45947,46.39114,1.005681,94569.61,,,,,,5,7,7
2026-06-04 08:58:31 UTC,,,28.36105,46.07656,1.005688,94168.52,,,,,,5,7,7
2026-06-04 08:59:31 UTC,,,28.31813,45.58757,1.005684,94963.42,,,,,,5,7,7
2026-06-04 09:00:31 UTC,,,28.22218,45.3138,1.005709,95989.76,,,,,,5,7,7
2026-06-04 09:01:31 UTC,,,28.23231,44.92673,1.005688,96871.41,,,,,,5,7,7
2026-06-04 09:02:32 UTC,,,28.32823,44.93424,1.005727,96373.51,,,,,,5,7,7
2026-06-04 09:03:32 UTC,,,28.4696,45.02054,1.005712,95446.84,,,,,,5,7,7
2026-06-04 09:04:32 UTC,,,28.58821,44.92639,1.005725,94696.98,,,,,,4,6,6
2026-06-04 09:05:32 UTC,,,28.52009,46.40103,1.005724,94675.73,,,,,,4,6,6
2026-06-04 09:06:32 UTC,,,28.51753,46.98692,1.005746,93937.88,,,,,,5,7,7
2026-06-04 09:07:32 UTC,,,28.69171,46.4618,1.005779,93625.17,,,,,,5,7,7
2026-06-04 09:08:32 UTC,,,28.82046,46.20306,1.005785,93108.59,,,,,,4,6,6
2026-06-04 09:09:32 UTC,,,28.78767,47.71722,1.005774,90803.92,,,,,,5,7,7
2026-06-04 09:10:32 UTC,,,28.80531,48.30151,1.005845,90124.98,,,,,,5,7,7
2026-06-04 09:11:32 UTC,,,28.89619,48.05469,1.005852,89646.2,,,,,,5,7,7
2026-06-04 09:12:32 UTC,,,28.9694,47.73482,1.005837,89932.86,,,,,,4,6,6
2026-06-04 09:13:32 UTC,,,28.8836,49.08067,1.00589,88332.3,,,,,,4,6,6
2026-06-04 09:14:32 UTC,,,28.75987,49.22026,1.005925,88517.63,,,,,,4,6,6
2026-06-04 09:15:32 UTC,,,28.70689,48.46535,1.005907,89741.55,,,,,,5,7,7
2026-06-04 09:16:32 UTC,,,28.60588,47.72468,1.005933,91295.18,,,,,,4,6,6
2026-06-04 09:17:32 UTC,,,28.50999,47.33134,1.005892,92394.88,,,,,,4,6,6
2026-06-04 09:18:32 UTC,,,28.48979,46.87143,1.005844,93211.45,,,,,,4,6,6
2026-06-04 09:19:32 UTC,,,28.60336,46.75736,1.005909,92903.55,,,,,,4,6,6
2026-06-04 09:20:32 UTC,,,28.6589,46.80203,1.005906,92801.37,,,,,,4,6,6
2026-06-04 09:21:32 UTC,,,28.76495,46.6605,1.005925,92092.34,,,,,,5,7,7
2026-06-04 09:22:32 UTC,,,28.68165,48.21833,1.005954,90608.89,,,,,,5,7,7
2026-06-04 09:23:32 UTC,,,28.79777,48.19862,1.005966,90028.81,,,,,,5,7,7
2026-06-04 09:24:32 UTC,,,28.92904,48.02392,1.005991,89361.37,,,,,,5,7,7
2026-06-04 09:25:33 UTC,,,28.92907,47.94329,1.006002,89172.48,,,,,,5,7,7
2026-06-04 09:26:33 UTC,,,28.8735,49.36879,1.00604,87326.65,,,,,,4,6,6
2026-06-04 09:27:33 UTC,,,28.74977,49.38203,1.006056,87963.93,,,,,,5,7,7
2026-06-04 09:28:33 UTC,,,28.71948,48.53973,1.006088,89266.84,,,,,,4,6,6
2026-06-04 09:29:33 UTC,,,28.72201,47.74269,1.006098,90608.89,,,,,,5,7,7
2026-06-04 09:30:33 UTC,,,28.52513,47.36935,1.006122,91891.75,,,,,,5,7,7
2026-06-04 09:31:33 UTC,,,28.49229,46.72396,1.006083,92903.55,,,,,,4,6,6
2026-06-04 09:32:33 UTC,,,28.42918,46.25446,1.00611,94042.59,,,,,,5,7,7
2026-06-04 09:33:33 UTC,,,28.45698,45.9765,1.006142,94675.73,,,,,,4,6,6
2026-06-04 09:34:33 UTC,,,28.54281,45.90096,1.006104,94358.09,,,,,,5,7,7
2026-06-04 09:35:33 UTC,,,28.61346,45.91056,1.006081,93833.41,,,,,,4,6,6
2026-06-04 09:36:33 UTC,,,28.72958,45.9284,1.006123,93417.85,,,,,,5,7,7
2026-06-04 09:37:33 UTC,,,28.68165,47.45062,1.006151,91493.16,,,,,,5,7,7
2026-06-04 09:38:33 UTC,,,28.66145,47.87351,1.006201,90803.92,,,,,,5,7,7
2026-06-04 09:39:33 UTC,,,28.78764,47.45145,1.006174,90608.89,,,,,,5,7,7
2026-06-04 09:40:33 UTC,,,28.88865,47.32279,1.006204,90317.92,,,,,,5,7,7
2026-06-04 09:41:33 UTC,,,28.85836,48.90012,1.006199,87963.93,,,,,,5,7,7
2026-06-04 09:42:33 UTC,,,28.75738,48.45148,1.006248,88797.09,,,,,,4,6,6
2026-06-04 09:43:33 UTC,,,28.65893,47.83726,1.00624,90608.89,,,,,,5,7,7
2026-06-04 09:44:33 UTC,,,28.60083,47.12177,1.006229,91493.16,,,,,,5,7,7
2026-06-04 09:45:33 UTC,,,28.53018,46.73071,1.006206,92496.16,,,,,,5,7,7
2026-06-04 09:46:33 UTC,,,28.6867,46.51233,1.006235,92192.97,,,,,,5,7,7
2026-06-04 09:47:33 UTC,,,28.74223,46.52967,1.006232,92092.34,,,,,,5,7,7
2026-06-04 09:48:34 UTC,,,28.84823,46.46451,1.006221,91295.18,,,,,,5,7,7
2026-06-04 09:49:34 UTC,,,28.78515,47.82863,1.00623,89741.55,,,,,,5,7,7
2026-06-04 09:50:34 UTC,,,28.86845,48.10361,1.006253,88797.09,,,,,,5,7,7
2026-06-04 09:51:34 UTC,,,28.86842,48.07989,1.006247,88890.65,,,,,,4,6,6
2026-06-04 09:52:34 UTC,,,28.91891,47.91119,1.006227,88890.65,,,,,,5,7,7
2026-06-04 09:53:34 UTC,,,28.93914,49.00304,1.006271,87146.25,,,,,,5,7,7
2026-06-04 09:54:34 UTC,,,28.77757,49.16932,1.006279,87326.65,,,,,,5,7,7
2026-06-04 09:55:34 UTC,,,28.59074,49.26032,1.006251,88517.63,,,,,,5,7,7
2026-06-04 09:56:34 UTC,,,28.64375,48.29742,1.006267,89361.37,,,,,,5,7,7
2026-06-04 09:57:34 UTC,,,28.65385,47.80959,1.006253,89646.2,,,,,,5,7,7
2026-06-04 09:58:34 UTC,,,28.5832,47.48257,1.006239,90706.3,,,,,,5,7,7
2026-06-04 09:59:34 UTC,,,28.51756,46.97202,1.006274,91891.75,,,,,,5,7,7
2026-06-04 10:00:34 UTC,,,28.40646,46.74546,1.006275,92597.67,,,,,,5,7,7
2026-06-04 10:01:34 UTC,,,28.44937,46.07243,1.006308,93521.39,,,,,,5,7,7
2026-06-04 10:02:34 UTC,,,28.39892,45.83099,1.00633,93937.88,,,,,,5,7,7
2026-06-04 10:03:34 UTC,,,28.34843,45.50593,1.00633,94252.69,,,,,,5,7,7
2026-06-04 10:04:34 UTC,,,28.31305,45.28177,1.006349,95209.89,,,,,,6,8,8
2026-06-04 10:05:34 UTC,,,28.25755,44.94548,1.006347,94063.55,,,,,,6,8,8
2026-06-04 10:06:34 UTC,,,28.20706,44.78188,1.006334,94432.01,,,,,,5,7,7
2026-06-04 10:07:34 UTC,,,28.18179,44.86362,1.006327,94590.8,,,,,,5,7,7
2026-06-04 10:08:34 UTC,,,28.38124,44.71139,1.006382,93854.28,,,,,,5,7,7
2026-06-04 10:09:35 UTC,,,28.48979,44.8446,1.00637,94569.61,,,,,,5,7,7
2026-06-04 10:10:35 UTC,,,28.62106,44.86784,1.006319,93833.41,,,,,,5,7,7
2026-06-04 10:11:35 UTC,,,28.60841,46.23543,1.006339,91991.95,,,,,,6,8,8
2026-06-04 10:12:35 UTC,,,28.55297,46.97308,1.006344,90608.89,,,,,,5,7,7
2026-06-04 10:13:35 UTC,,,28.77508,46.40655,1.006346,90124.98,,,,,,5,7,7
2026-06-04 10:14:35 UTC,,,28.86094,46.63707,1.006352,89456.12,,,,,,5,7,7
2026-06-04 10:15:35 UTC,,,28.80793,48.06839,1.006374,87236.36,,,,,,5,7,7
2026-06-04 10:16:35 UTC,,,28.70945,48.16721,1.006351,87236.36,,,,,,5,7,7
2026-06-04 10:17:35 UTC,,,28.65896,47.51033,1.006337,88332.3,,,,,,5,7,7
2026-06-04 10:18:35 UTC,,,28.56811,47.13043,1.006384,88984.39,,,,,,5,7,7
2026-06-04 10:19:35 UTC,,,28.48733,46.69289,1.006315,90124.98,,,,,,5,7,7
2026-06-04 10:20:35 UTC,,,28.49992,46.09212,1.006351,90901.76,,,,,,6,8,8
2026-06-04 10:21:35 UTC,,,28.37374,45.88524,1.006332,91692.02,,,,,,5,7,7
2026-06-04 10:22:35 UTC,,,28.37374,45.41317,1.006297,92699.41,,,,,,6,8,8
2026-06-04 10:23:35 UTC,,,28.31312,45.11045,1.006314,93417.85,,,,,,5,7,7
2026-06-04 10:24:35 UTC,,,28.24243,44.89371,1.006279,94042.59,,,,,,6,8,8
2026-06-04 10:25:35 UTC,,,28.17936,44.62264,1.006238,94782.08,,,,,,6,8,8
2026-06-04 10:26:35 UTC,,,28.27528,44.64825,1.006273,94463.73,,,,,,6,8,8
2026-06-04 10:27:35 UTC,,,28.43678,44.55577,1.006255,94042.59,,,,,,5,7,7
2026-06-04 10:28:35 UTC,,,28.54028,44.64473,1.006271,93314.53,,,,,,6,8,8
2026-06-04 10:29:35 UTC,,,28.55792,44.73347,1.006234,92293.81,,,,,,5,7,7
2026-06-04 10:30:35 UTC,,,28.64631,46.45214,1.006238,89361.37,,,,,,6,8,8
2026-06-04 10:31:36 UTC,,,28.77757,46.16105,1.006249,89078.34,,,,,,6,8,8
2026-06-04 10:32:36 UTC,,,28.86088,46.27241,1.006212,88424.87,,,,,,7,10,10
2026-06-04 10:33:36 UTC,,,28.93911,45.89756,1.006255,87872.32,,,,,,6,8,8
2026-06-04 10:34:36 UTC,,,28.82049,48.05557,1.006257,85555.67,,,,,,6,8,8
2026-06-04 10:35:36 UTC,,,28.75233,47.45399,1.006244,86698.52,,,,,,6,8,8
2026-06-04 10:36:36 UTC,,,28.67404,46.8358,1.006233,87417.13,,,,,,6,8,8
2026-06-04 10:37:36 UTC,,,28.60087,46.41817,1.00622,88703.74,,,,,,6,8,8
2026-06-04 10:38:36 UTC,,,28.5529,45.94336,1.006238,89456.12,,,,,,6,8,8
2026-06-04 10:39:36 UTC,,,28.46455,45.74541,1.006257,90414.7,,,,,,6,8,8
2026-06-04 10:40:36 UTC,,,28.44685,45.22361,1.006295,91295.18,,,,,,7,10,10
2026-06-04 10:41:36 UTC,,,28.46707,45.43909,1.006299,90999.79,,,,,,6,8,8
2026-06-04 10:42:36 UTC,,,28.51248,49.84409,1.006333,86167.28,,,,,,8,11,11
2026-06-04 10:43:36 UTC,,,28.33833,50.36092,1.006389,85469,,,,,,9,13,13
2026-06-04 10:44:36 UTC,,,28.20959,49.70167,1.006353,86432.09,,,,,,10,14,14
2026-06-04 10:45:36 UTC,,,28.16159,48.76707,1.006373,88424.87,,,,,,10,14,14
2026-06-04 10:46:36 UTC,,,28.19696,47.85432,1.006382,89456.12,,,,,,10,14,14
2026-06-04 10:47:36 UTC,,,28.13638,48.2809,1.006377,89646.2,,,,,,9,13,13
2026-06-04 10:48:36 UTC,,,28.39387,47.82181,1.006357,88890.65,,,,,,10,14,14
2026-06-04 10:49:36 UTC,,,28.57307,47.60042,1.00636,88147.73,,,,,,10,14,14
2026-06-04 10:50:36 UTC,,,28.59834,48.35722,1.00637,86966.6,,,,,,9,13,13
2026-06-04 10:51:36 UTC,,,28.64883,48.80589,1.006359,86079.38,,,,,,9,13,13
2026-06-04 10:52:36 UTC,,,28.78515,48.53977,1.006396,85469,,,,,,9,13,13
2026-06-04 10:53:37 UTC,,,28.86842,48.35777,1.006408,85642.52,,,,,,9,13,13
2026-06-04 10:54:37 UTC,,,28.81292,49.43472,1.006404,84527.15,,,,,,9,13,13
2026-06-04 10:55:37 UTC,,,28.78767,49.67179,1.006449,83688.75,,,,,,9,13,13
2026-06-04 10:56:37 UTC,,,28.55287,49.13631,1.006448,85816.73,,,,,,9,13,13
2026-06-04 10:57:37 UTC,,,28.56048,48.1908,1.006462,86787.7,,,,,,9,13,13
2026-06-04 10:58:37 UTC,,,28.41403,47.62657,1.006443,88797.09,,,,,,8,11,11
2026-06-04 10:59:37 UTC,,,28.32318,47.13573,1.006416,89932.86,,,,,,8,11,11
2026-06-04 11:00:37 UTC,,,28.19696,46.76389,1.006446,91098.05,,,,,,8,11,11
2026-06-04 11:01:37 UTC,,,28.18939,46.08768,1.006454,92192.97,,,,,,8,11,11
2026-06-04 11:02:37 UTC,,,28.20955,45.75676,1.006471,92801.37,,,,,,8,11,11
2026-06-04 11:03:37 UTC,,,28.33328,45.64435,1.006481,92293.81,,,,,,9,13,13
2026-06-04 11:04:37 UTC,,,28.44688,45.59425,1.006528,91592.49,,,,,,9,13,13
2026-06-04 11:05:37 UTC,,,28.57307,45.55784,1.006551,91196.5,,,,,,8,11,11
2026-06-04 11:06:37 UTC,,,28.5453,47.01657,1.006547,89456.12,,,,,,9,13,13
2026-06-04 11:07:37 UTC,,,28.64126,47.2318,1.006586,88239.91,,,,,,9,13,13
2026-06-04 11:08:37 UTC,,,28.70689,46.96069,1.00658,88517.63,,,,,,8,11,11
2026-06-04 11:09:37 UTC,,,28.876,46.71576,1.006596,87689.67,,,,,,7,10,10
2026-06-04 11:10:37 UTC,,,28.78764,48.24234,1.006624,86520.72,,,,,,8,11,11
2026-06-04 11:11:37 UTC,,,28.5832,48.53185,1.006665,86255.38,,,,,,8,11,11
2026-06-04 11:12:37 UTC,,,28.46452,47.90918,1.006638,88055.73,,,,,,8,12,12
2026-06-04 11:13:37 UTC,,,28.4494,47.10236,1.006654,89078.34,,,,,,8,12,12
2026-06-04 11:14:37 UTC,,,28.3484,46.57777,1.006672,90221.34,,,,,,8,11,11
2026-06-04 11:15:38 UTC,,,28.25752,46.21029,1.006709,91394.06,,,,,,8,11,11
2026-06-04 11:16:38 UTC,,,28.22221,46.50334,1.006706,91791.78,,,,,,8,11,11
2026-06-04 11:17:38 UTC,,,28.49737,46.08133,1.006757,90706.3,,,,,,8,11,11
2026-06-04 11:18:38 UTC,,,28.64381,45.92077,1.006784,90414.7,,,,,,8,11,11
2026-06-04 11:19:38 UTC,,,28.67161,47.29284,1.006788,88332.3,,,,,,8,11,11
2026-06-04 11:20:38 UTC,,,28.69433,47.33905,1.006813,88239.91,,,,,,8,11,11
2026-06-04 11:21:38 UTC,,,28.79275,47.15156,1.006778,87689.67,,,,,,7,10,10
2026-06-04 11:22:38 UTC,,,28.9291,46.95848,1.006769,87236.36,,,,,,8,11,11
2026-06-04 11:23:38 UTC,,,28.89376,48.14431,1.006788,86255.38,,,,,,8,11,11
2026-06-04 11:24:38 UTC,,,28.75741,48.51512,1.006831,85555.67,,,,,,8,11,11
2026-06-04 11:25:38 UTC,,,28.58323,48.03597,1.006847,86966.6,,,,,,7,10,10
2026-06-04 11:26:38 UTC,,,28.51258,47.33789,1.006835,88055.73,,,,,,8,11,11
2026-06-04 11:27:38 UTC,,,28.41403,46.92783,1.006838,89456.12,,,,,,8,11,11
2026-06-04 11:28:38 UTC,,,28.3762,46.32118,1.006878,90511.7,,,,,,8,11,11
2026-06-04 11:29:38 UTC,,,28.31309,45.73271,1.00686,91891.75,,,,,,7,10,10
2026-06-04 11:30:38 UTC,,,28.25247,45.36517,1.006888,93005.96,,,,,,7,10,10
2026-06-04 11:31:38 UTC,,,28.18179,44.98008,1.006904,93625.17,,,,,,7,10,10
2026-06-04 11:32:38 UTC,,,28.30804,44.93178,1.006923,93314.53,,,,,,7,10,10
2026-06-04 11:33:38 UTC,,,28.43426,44.86695,1.006956,93108.59,,,,,,7,10,10
2026-06-04 11:34:38 UTC,,,28.55287,44.80418,1.006952,92192.97,,,,,,7,10,10
2026-06-04 11:35:38 UTC,,,28.64126,45.20496,1.006928,91098.05,,,,,,7,10,10
2026-06-04 11:36:38 UTC,,,28.61349,46.57462,1.006962,89741.55,,,,,,7,10,10
2026-06-04 11:37:38 UTC,,,28.67912,46.35394,1.006973,89266.84,,,,,,7,10,10
2026-06-04 11:38:38 UTC,,,28.84823,45.87849,1.007006,89078.34,,,,,,7,10,10
2026-06-04 11:39:38 UTC,,,28.84826,46.75667,1.007033,87780.9,,,,,,7,10,10
2026-06-04 11:40:38 UTC,,,28.75233,47.71338,1.007038,86877.06,,,,,,7,10,10
2026-06-04 11:41:39 UTC,,,28.61093,47.19809,1.007064,88055.73,,,,,,7,10,10
2026-06-04 11:42:39 UTC,,,28.4494,46.8506,1.007052,89266.84,,,,,,6,9,9
2026-06-04 11:43:39 UTC,,,28.34587,46.40581,1.00704,90221.34,,,,,,7,10,10
2026-06-04 11:44:39 UTC,,,28.356,45.65953,1.007019,91493.16,,,,,,7,10,10
2026-06-04 11:45:39 UTC,,,28.30551,45.17392,1.007027,92496.16,,,,,,7,10,10
2026-06-04 11:46:39 UTC,,,28.28027,44.73609,1.007038,93108.59,,,,,,7,10,10
2026-06-04 11:47:39 UTC,,,28.33577,44.83003,1.007062,93211.45,,,,,,7,10,10
2026-06-04 11:48:39 UTC,,,28.48727,44.70189,1.007079,92394.88,,,,,,7,10,10
2026-06-04 11:49:39 UTC,,,28.57057,44.92382,1.007093,91891.75,,,,,,7,10,10
2026-06-04 11:50:39 UTC,,,28.61093,45.69328,1.007095,90608.89,,,,,,7,10,10
2026-06-04 11:51:39 UTC,,,28.60841,46.45679,1.007105,89172.48,,,,,,7,10,10
2026-06-04 11:52:39 UTC,,,28.74476,46.1651,1.007135,89078.34,,,,,,7,10,10
2026-06-04 11:53:39 UTC,,,28.89622,45.68559,1.007149,88332.3,,,,,,6,9,9
2026-06-04 11:54:39 UTC,,,28.84826,46.73597,1.007142,87507.79,,,,,,7,10,10
2026-06-04 11:55:39 UTC,,,28.6867,47.70585,1.007165,86432.09,,,,,,7,10,10
2026-06-04 11:56:39 UTC,,,28.51251,47.2194,1.007185,87963.93,,,,,,7,10,10
2026-06-04 11:57:39 UTC,,,28.4595,46.69075,1.007221,89361.37,,,,,,7,10,10
2026-06-04 11:58:39 UTC,,,28.38377,46.01645,1.007236,90414.7,,,,,,7,10,10
2026-06-04 11:59:39 UTC,,,28.28781,45.71246,1.007224,91493.16,,,,,,7,10,10
2026-06-04 12:00:39 UTC,,,28.17421,45.36652,1.007241,92903.55,,,,,,6,9,9
2026-06-04 12:01:39 UTC,,,28.21463,45.25716,1.007267,92801.37,,,,,,6,9,9
2026-06-04 12:02:39 UTC,,,28.39639,44.96895,1.00732,92496.16,,,,,,7,10,10
2026-06-04 12:03:40 UTC,,,28.54025,44.84909,1.007351,92092.34,,,,,,6,9,9
2026-06-04 12:04:40 UTC,,,28.59329,45.04759,1.007367,91394.06,,,,,,6,8,8
2026-06-04 12:05:40 UTC,,,28.57562,46.51591,1.00741,89266.84,,,,,,7,10,10
2026-06-04 12:06:40 UTC,,,28.69929,46.46363,1.007395,88517.63,,,,,,7,10,10
2026-06-04 12:07:40 UTC,,,28.79774,46.16164,1.00741,88332.3,,,,,,6,9,9
2026-06-04 12:08:40 UTC,,,28.84574,46.32891,1.0074,87598.63,,,,,,7,10,10
2026-06-04 12:09:40 UTC,,,28.80029,47.7604,1.007425,86255.38,,,,,,6,8,8
2026-06-04 12:10:40 UTC,,,28.79774,47.81742,1.007459,85991.65,,,,,,6,8,8
2026-06-04 12:11:40 UTC,,,28.97701,47.54412,1.007473,85296.2,,,,,,7,10,10
2026-06-04 12:12:40 UTC,,,29.00222,47.49992,1.007491,85210.06,,,,,,6,9,9
2026-06-04 12:13:40 UTC,,,28.86341,49.0035,1.007534,83523.07,,,,,,6,8,8
2026-06-04 12:14:40 UTC,,,28.73968,48.46079,1.007555,84867.23,,,,,,6,8,8
2026-06-04 12:15:40 UTC,,,28.60841,47.78828,1.007562,86520.72,,,,,,6,8,8
2026-06-04 12:16:40 UTC,,,28.49986,47.12305,1.007547,88332.3,,,,,,6,8,8
2026-06-04 12:17:40 UTC,,,28.45193,46.65241,1.007535,89172.48,,,,,,6,8,8
2026-06-04 12:18:40 UTC,,,28.40901,46.0226,1.007572,90414.7,,,,,,6,8,8
2026-06-04 12:19:40 UTC,,,28.26007,45.7364,1.007564,91394.06,,,,,,6,8,8
2026-06-04 12:20:40 UTC,,,28.20712,45.28623,1.007553,92597.67,,,,,,7,10,10
2026-06-04 12:21:40 UTC,,,28.20965,44.74446,1.007581,93625.17,,,,,,6,8,8
2026-06-04 12:22:40 UTC,,,28.2904,44.755,1.007596,93005.96,,,,,,6,8,8
2026-06-04 12:23:40 UTC,,,28.39895,44.71216,1.007591,92801.37,,,,,,6,8,8
2026-06-04 12:24:40 UTC,,,28.52772,44.64459,1.007642,92293.81,,,,,,6,8,8
2026-06-04 12:25:41 UTC,,,28.505,45.86415,1.007673,90317.92,,,,,,6,8,8
2026-06-04 12:26:41 UTC,,,28.59332,46.25066,1.007704,89266.84,,,,,,6,8,8
2026-06-04 12:27:41 UTC,,,28.6564,46.05302,1.007678,89078.34,,,,,,6,8,8
2026-06-04 12:28:41 UTC,,,28.82803,45.89652,1.007699,88703.74,,,,,,6,8,8
2026-06-04 12:29:41 UTC,,,28.81292,46.71222,1.007704,87146.25,,,,,,7,10,10
2026-06-04 12:30:41 UTC,,,28.78515,47.61138,1.007689,86167.28,,,,,,6,8,8
2026-06-04 12:31:41 UTC,,,28.89872,47.44121,1.007732,85991.65,,,,,,6,8,8
2026-06-04 12:32:41 UTC,,,28.9795,47.16589,1.00773,85904.09,,,,,,6,8,8
2026-06-04 12:33:41 UTC,,,28.91642,48.18635,1.007787,84696.85,,,,,,6,8,8
2026-06-04 12:34:41 UTC,,,28.81544,48.67723,1.007806,84189.8,,,,,,6,8,8
2026-06-04 12:35:41 UTC,,,28.64122,48.18431,1.007803,85729.53,,,,,,6,8,8
2026-06-04 12:36:41 UTC,,,28.563,47.43384,1.007825,87056.34,,,,,,6,8,8
2026-06-04 12:37:41 UTC,,,28.40649,46.94687,1.007805,88610.59,,,,,,6,8,8
2026-06-04 12:38:41 UTC,,,28.39639,46.3403,1.007818,89646.2,,,,,,6,8,8
2026-06-04 12:39:41 UTC,,,28.35597,45.66265,1.007815,90803.92,,,,,,5,7,7
2026-06-04 12:40:41 UTC,,,28.31309,45.2479,1.007856,91791.78,,,,,,5,7,7
2026-06-04 12:41:41 UTC,,,28.23735,44.87283,1.007874,92801.37,,,,,,5,7,7
2026-06-04 12:42:41 UTC,,,28.23231,44.67234,1.007899,93417.85,,,,,,7,10,10
2026-06-04 12:43:41 UTC,,,28.36105,44.45488,1.007924,92801.37,,,,,,6,8,8
2026-06-04 12:44:41 UTC,,,28.48471,44.51416,1.007947,92192.97,,,,,,6,8,8
2026-06-04 12:45:41 UTC,,,28.5554,44.50061,1.007994,92092.34,,,,,,6,8,8
2026-06-04 12:46:41 UTC,,,28.54785,46.12262,1.008009,89932.86,,,,,,6,8,8
2026-06-04 12:47:42 UTC,,,28.61096,46.15108,1.008036,89456.12,,,,,,6,8,8
2026-06-04 12:48:42 UTC,,,28.74473,45.9122,1.008062,88703.74,,,,,,6,8,8
2026-06-04 12:49:42 UTC,,,28.82302,45.89715,1.008097,88147.73,,,,,,6,8,8
2026-06-04 12:50:42 UTC,,,28.79777,47.35177,1.008108,86698.52,,,,,,6,8,8
2026-06-04 12:51:42 UTC,,,28.80784,47.47003,1.008114,86432.09,,,,,,6,8,8
2026-06-04 12:52:42 UTC,,,28.93658,47.11164,1.00814,85816.73,,,,,,7,10,10
2026-06-04 12:53:42 UTC,,,29.00225,47.24048,1.008164,85038.3,,,,,,6,8,8
2026-06-04 12:54:42 UTC,,,28.7801,48.97078,1.008145,84105.87,,,,,,6,8,8
2026-06-04 12:55:42 UTC,,,28.75735,48.3933,1.008184,84781.96,,,,,,6,8,8
2026-06-04 12:56:42 UTC,,,28.61346,47.85531,1.00814,86432.09,,,,,,6,8,8
2026-06-04 12:57:42 UTC,,,28.56044,47.23581,1.008165,87780.9,,,,,,6,8,8
2026-06-04 12:58:42 UTC,,,28.40144,46.70704,1.008152,89172.48,,,,,,5,7,7
2026-06-04 12:59:42 UTC,,,28.35095,46.12144,1.008159,90124.98,,,,,,5,7,7
2026-06-04 13:00:42 UTC,,,28.31561,45.5947,1.008165,90999.79,,,,,,5,7,7
2026-06-04 13:01:42 UTC,,,27.894,46.04406,1.008207,92801.37,,,,,,5,7,7
2026-06-04 13:02:42 UTC,,,28.35095,45.12463,1.008205,92192.97,,,,,,6,8,8
2026-06-04 13:03:42 UTC,,,28.47212,45.09159,1.008211,91692.02,,,,,,5,7,7
2026-06-04 13:04:42 UTC,,,28.62863,45.00076,1.008228,90803.92,,,,,,5,7,7
2026-06-04 13:05:42 UTC,,,28.49481,46.72719,1.008244,89266.84,,,,,,6,8,8
2026-06-04 13:06:42 UTC,,,28.65388,46.64475,1.008266,88055.73,,,,,,5,7,7
2026-06-04 13:07:42 UTC,,,28.77757,46.34478,1.008254,87417.13,,,,,,6,8,8
2026-06-04 13:08:42 UTC,,,28.88862,46.11468,1.008271,87056.34,,,,,,6,8,8
2026-06-04 13:09:42 UTC,,,28.79777,47.56652,1.008293,85729.53,,,,,,5,7,7
2026-06-04 13:10:43 UTC,,,28.86845,47.79206,1.008342,85296.2,,,,,,6,8,8
2026-06-04 13:11:43 UTC,,,29.00225,47.45682,1.008371,84781.96,,,,,,6,8,8
2026-06-04 13:12:43 UTC,,,29.06785,47.47606,1.008411,84273.88,,,,,,5,7,7
2026-06-04 13:13:43 UTC,,,29.00222,48.30237,1.008433,83688.75,,,,,,6,8,8
2026-06-04 13:14:43 UTC,,,28.84068,48.67174,1.00846,83938.52,,,,,,5,7,7
2026-06-04 13:15:43 UTC,,,28.69679,48.13365,1.008448,85296.2,,,,,,5,7,7
2026-06-04 13:16:43 UTC,,,28.56051,47.36822,1.008444,86787.7,,,,,,6,8,8
2026-06-04 13:17:43 UTC,,,28.46707,46.88915,1.00842,87963.93,,,,,,5,7,7
2026-06-04 13:18:43 UTC,,,28.41413,46.17769,1.00841,89078.34,,,,,,5,7,7
2026-06-04 13:19:43 UTC,,,28.39141,45.67561,1.008385,90124.98,,,,,,5,7,7
2026-06-04 13:20:43 UTC,,,28.23234,46.03136,1.008397,90901.76,,,,,,5,7,7
2026-06-04 13:21:43 UTC,,,28.4772,45.59867,1.008461,90317.92,,,,,,6,8,8
2026-06-04 13:22:43 UTC,,,28.62617,45.47805,1.00846,89837.1,,,,,,6,8,8
2026-06-04 13:23:43 UTC,,,28.68171,45.72935,1.008466,89551.05,,,,,,5,7,7
2026-06-04 13:24:43 UTC,,,28.77256,46.6088,1.008488,87507.79,,,,,,5,7,7
2026-06-04 13:25:43 UTC,,,28.83065,46.82023,1.008493,86966.6,,,,,,5,7,7
2026-06-04 13:26:43 UTC,,,28.92396,46.44208,1.008491,86520.72,,,,,,5,7,7
2026-06-04 13:27:43 UTC,,,28.94419,46.64692,1.008514,86167.28,,,,,,5,7,7
2026-06-04 13:28:43 UTC,,,28.83564,48.17229,1.008517,84611.91,,,,,,5,7,7
2026-06-04 13:29:43 UTC,,,28.69171,47.63794,1.008535,86079.38,,,,,,5,7,7
2026-06-04 13:30:43 UTC,,,28.55287,47.07134,1.00853,87326.65,,,,,,5,7,7
2026-06-04 13:31:43 UTC,,,28.44183,46.42053,1.008511,88703.74,,,,,,5,7,7
2026-06-04 13:32:43 UTC,,,28.3762,45.96909,1.008531,89932.86,,,,,,5,7,7
2026-06-04 13:33:44 UTC,,,28.43422,45.75766,1.008519,90124.98,,,,,,5,7,7
2026-06-04 13:34:44 UTC,,,28.53018,45.75159,1.008554,89837.1,,,,,,5,7,7
2026-06-04 13:35:44 UTC,,,28.69932,45.49811,1.008524,89456.12,,,,,,5,7,7
2026-06-04 13:36:44 UTC,,,28.70686,45.81303,1.008561,88703.74,,,,,,5,7,7
2026-06-04 13:37:44 UTC,,,28.70433,46.96711,1.008563,87056.34,,,,,,5,7,7
2026-06-04 13:38:44 UTC,,,28.79525,46.94227,1.00857,86167.28,,,,,,4,6,6
2026-06-04 13:39:44 UTC,,,28.93661,46.61381,1.008579,86255.38,,,,,,4,6,6
2026-06-04 13:40:44 UTC,,,28.86085,47.24409,1.008595,85816.73,,,,,,4,6,6
2026-06-04 13:41:44 UTC,,,28.75738,48.5551,1.008601,84611.91,,,,,,5,7,7
2026-06-04 13:42:44 UTC,,,28.68919,47.84914,1.0086,86079.38,,,,,,4,6,6
2026-06-04 13:43:44 UTC,,,28.52763,47.23057,1.008599,87326.65,,,,,,4,6,6
2026-06-04 13:44:44 UTC,,,28.47465,46.62683,1.008603,88239.91,,,,,,5,7,7
2026-06-04 13:45:44 UTC,,,28.37111,46.07342,1.008563,89646.2,,,,,,5,7,7
2026-06-04 13:46:44 UTC,,,28.42921,46.09387,1.008604,89456.12,,,,,,5,7,7
2026-06-04 13:47:44 UTC,,,28.62103,45.86364,1.008633,88890.65,,,,,,4,6,6
2026-06-04 13:48:44 UTC,,,28.76748,45.64532,1.008624,88610.59,,,,,,5,7,7
2026-06-04 13:49:44 UTC,,,28.7624,46.56572,1.008633,87507.79,,,,,,5,7,7
2026-06-04 13:50:44 UTC,,,28.77757,47.15225,1.008628,86609.53,,,,,,5,7,7
2026-06-04 13:51:44 UTC,,,28.84068,47.02028,1.008667,86167.28,,,,,,5,7,7
2026-06-04 13:52:44 UTC,,,28.99215,46.72821,1.008643,85904.09,,,,,,5,7,7
2026-06-04 13:53:44 UTC,,,28.83308,48.06836,1.008679,85038.3,,,,,,5,7,7
2026-06-04 13:54:45 UTC,,,28.75738,48.43112,1.008701,84358.13,,,,,,5,7,7
2026-06-04 13:55:45 UTC,,,28.61096,47.8022,1.008688,85991.65,,,,,,5,7,7
2026-06-04 13:56:45 UTC,,,28.55792,47.1593,1.008713,87236.36,,,,,,5,7,7
2026-06-04 13:57:45 UTC,,,28.42665,46.72258,1.008711,88517.63,,,,,,5,7,7
2026-06-04 13:58:45 UTC,,,28.4418,45.96715,1.008726,89741.55,,,,,,5,7,7
2026-06-04 13:59:45 UTC,,,28.32066,45.43946,1.008739,90901.76,,,,,,4,6,6
2026-06-04 14:00:45 UTC,,,28.31309,45.18503,1.008756,91592.49,,,,,,5,7,7
2026-06-04 14:01:45 UTC,,,28.43675,45.02081,1.008767,91295.18,,,,,,5,7,7
2026-06-04 14:02:45 UTC,,,28.61346,44.90279,1.008805,90803.92,,,,,,5,7,7
2026-06-04 14:03:45 UTC,,,28.68417,44.94675,1.008789,90124.98,,,,,,5,7,7
2026-06-04 14:04:45 UTC,,,28.65388,46.27397,1.008787,88703.74,,,,,,5,7,7
2026-06-04 14:05:45 UTC,,,28.59831,46.73281,1.008792,88055.73,,,,,,5,7,7
2026-06-04 14:06:45 UTC,,,28.79777,46.26559,1.008814,87872.32,,,,,,5,7,7
2026-06-04 14:07:45 UTC,,,28.89622,46.09209,1.008783,87146.25,,,,,,5,7,7
2026-06-04 14:08:45 UTC,,,28.82046,47.68108,1.008781,85555.67,,,,,,5,7,7
2026-06-04 14:09:45 UTC,,,28.70433,47.63992,1.008745,85729.53,,,,,,5,7,7
2026-06-04 14:10:45 UTC,,,28.48222,47.20211,1.00869,87417.13,,,,,,4,6,6
2026-06-04 14:11:45 UTC,,,28.48727,46.58776,1.008692,88424.87,,,,,,5,7,7
2026-06-04 14:12:45 UTC,,,28.47717,46.27262,1.008676,89172.48,,,,,,5,7,7
2026-06-04 14:13:45 UTC,,,28.56808,46.20551,1.008696,88703.74,,,,,,5,7,7
2026-06-04 14:14:45 UTC,,,28.6943,46.09714,1.008692,88517.63,,,,,,5,7,7
2026-06-04 14:15:45 UTC,,,28.75236,46.10506,1.008724,87963.93,,,,,,5,7,7
2026-06-04 14:16:46 UTC,,,28.73472,47.46008,1.008718,86079.38,,,,,,5,7,7
2026-06-04 14:17:46 UTC,,,28.8155,47.36399,1.008738,85816.73,,,,,,5,7,7
2026-06-04 14:18:46 UTC,,,28.94422,47.02618,1.008731,85296.2,,,,,,5,7,7
2026-06-04 14:19:46 UTC,,,28.9594,47.12866,1.008726,85124.1,,,,,,5,7,7
2026-06-04 14:20:46 UTC,,,28.85085,48.60729,1.008732,83855.1,,,,,,5,7,7
2026-06-04 14:21:46 UTC,,,28.68168,48.22926,1.008718,84952.69,,,,,,5,7,7
2026-06-04 14:22:46 UTC,,,28.52012,47.78408,1.008679,85904.09,,,,,,5,7,7
2026-06-04 14:23:46 UTC,,,28.49238,46.94369,1.008689,87326.65,,,,,,5,7,7
2026-06-04 14:24:46 UTC,,,28.43432,46.28675,1.008652,88984.39,,,,,,5,7,7
2026-06-04 14:25:46 UTC,,,28.34593,45.79029,1.008632,89932.86,,,,,,5,7,7
2026-06-04 14:26:46 UTC,,,28.22978,45.52504,1.008624,90999.79,,,,,,5,7,7
2026-06-04 14:27:46 UTC,,,28.34587,45.36598,1.008603,90901.76,,,,,,4,6,6
2026-06-04 14:28:46 UTC,,,28.57562,45.02649,1.00863,90124.98,,,,,,4,6,6
2026-06-04 14:29:46 UTC,,,28.67912,44.98389,1.008615,89837.1,,,,,,4,6,6
2026-06-04 14:30:46 UTC,,,28.66899,45.95999,1.008589,88797.09,,,,,,5,7,7
2026-06-04 14:31:46 UTC,,,28.68162,46.59408,1.008554,87236.36,,,,,,4,6,6
2026-06-04 14:32:46 UTC,,,28.82049,46.4501,1.00859,87056.34,,,,,,4,6,6
2026-06-04 14:33:46 UTC,,,28.89875,46.17189,1.008546,86787.7,,,,,,5,7,7
2026-06-04 14:34:46 UTC,,,28.81289,47.35838,1.008552,85555.67,,,,,,5,7,7
2026-06-04 14:35:46 UTC,,,28.73718,47.88831,1.008582,85210.06,,,,,,4,6,6
2026-06-04 14:36:46 UTC,,,28.59329,47.3223,1.008567,86255.38,,,,,,5,7,7
2026-06-04 14:37:46 UTC,,,28.50743,46.83168,1.008553,87598.63,,,,,,4,6,6
2026-06-04 14:38:46 UTC,,,28.40393,46.45247,1.008567,88797.09,,,,,,4,6,6
2026-06-04 14:39:46 UTC,,,28.47717,46.40826,1.008536,88424.87,,,,,,4,6,6
2026-06-04 14:40:46 UTC,,,28.63116,46.26363,1.008534,88055.73,,,,,,5,7,7
2026-06-04 14:41:46 UTC,,,28.74476,46.14258,1.008555,87872.32,,,,,,4,6,6
2026-06-04 14:42:47 UTC,,,28.71446,47.49747,1.008566,86255.38,,,,,,4,6,6
2026-06-04 14:43:47 UTC,,,28.59579,48.43628,1.008522,65043.94,,,,,,4,6,6
2026-06-04 14:44:47 UTC,,,28.91894,47.1031,1.008554,83358.04,,,,,,4,6,6
2026-06-04 14:45:47 UTC,,,28.9972,47.03197,1.008542,83855.1,,,,,,5,7,7
2026-06-04 14:46:47 UTC,,,28.76744,48.99912,1.008557,83029.91,,,,,,4,6,6
2026-06-04 14:47:47 UTC,,,28.68666,48.48915,1.008576,83688.75,,,,,,4,6,6
2026-06-04 14:48:47 UTC,,,28.60592,47.80838,1.008549,85642.52,,,,,,5,7,7
2026-06-04 14:49:47 UTC,,,28.52005,47.18521,1.008571,86787.7,,,,,,4,6,6
2026-06-04 14:50:47 UTC,,,28.29033,47.00791,1.008537,87872.32,,,,,,4,6,6
2026-06-04 14:51:47 UTC,,,28.54785,46.53251,1.008526,87689.67,,,,,,4,6,6
2026-06-04 14:52:47 UTC,,,28.66148,46.42567,1.008542,87326.65,,,,,,4,6,6
2026-06-04 14:53:47 UTC,,,28.77511,46.37505,1.008543,87326.65,,,,,,4,6,6
2026-06-04 14:54:47 UTC,,,28.73722,47.4433,1.008551,85904.09,,,,,,4,6,6
2026-06-04 14:55:47 UTC,,,28.86596,47.5028,1.008551,84867.23,,,,,,4,6,6
2026-06-04 14:56:47 UTC,,,28.95937,47.33249,1.008534,84527.15,,,,,,4,6,6
2026-06-04 14:57:47 UTC,,,29.01746,47.2101,1.008552,84358.13,,,,,,4,6,6
2026-06-04 14:58:47 UTC,,,28.93665,48.5493,1.008528,83111.71,,,,,,5,7,7
2026-06-04 14:59:47 UTC,,,28.86593,48.55931,1.008512,83275.77,,,,,,4,6,6
2026-06-04 15:00:47 UTC,,,28.6564,48.19802,1.008505,84867.23,,,,,,5,7,7
2026-06-04 15:01:47 UTC,,,28.48474,47.66836,1.008491,86255.38,,,,,,4,6,6
2026-06-04 15:02:47 UTC,,,28.43422,46.90081,1.008488,87598.63,,,,,,4,5,5
2026-06-04 15:03:47 UTC,,,28.43173,46.26318,1.008489,88703.74,,,,,,4,6,6
2026-06-04 15:04:47 UTC,,,28.37367,45.81127,1.008467,89551.05,,,,,,4,6,6
2026-06-04 15:05:48 UTC,,,28.50746,45.66792,1.008489,89551.05,,,,,,4,6,6
2026-06-04 15:06:48 UTC,,,28.61598,45.67964,1.008525,88703.74,,,,,,4,6,6
2026-06-04 15:07:48 UTC,,,28.7523,45.47691,1.008546,88610.59,,,,,,4,6,6
2026-06-04 15:08:48 UTC,,,28.64122,47.01098,1.008546,87146.25,,,,,,4,5,5
2026-06-04 15:09:48 UTC,,,28.70942,47.19157,1.008583,86255.38,,,,,,5,7,7
2026-06-04 15:10:48 UTC,,,28.86088,46.8278,1.008586,86167.28,,,,,,5,7,7
2026-06-04 15:11:48 UTC,,,28.98959,46.62294,1.008595,85469,,,,,,4,6,6
2026-06-04 15:12:48 UTC,,,28.80026,48.35232,1.008598,84358.13,,,,,,4,6,6
2026-06-04 15:13:48 UTC,,,28.63368,48.32343,1.008589,84696.85,,,,,,4,6,6
2026-06-04 15:14:48 UTC,,,28.58064,47.52343,1.008591,85991.65,,,,,,4,6,6
2026-06-04 15:15:48 UTC,,,28.53772,46.84538,1.008601,87598.63,,,,,,4,6,6
2026-06-04 15:16:48 UTC,,,28.4595,46.27322,1.008593,88610.59,,,,,,4,6,6
2026-06-04 15:17:48 UTC,,,28.32571,45.93993,1.0086,89837.1,,,,,,4,6,6
2026-06-04 15:18:48 UTC,,,28.33072,45.84513,1.008604,90028.81,,,,,,4,6,6
2026-06-04 15:19:48 UTC,,,28.4595,45.70095,1.008592,90028.81,,,,,,4,6,6
2026-06-04 15:20:48 UTC,,,28.63873,45.47476,1.008622,89266.84,,,,,,4,6,6
2026-06-04 15:21:48 UTC,,,28.69932,45.79587,1.00864,88797.09,,,,,,4,6,6
2026-06-04 15:22:48 UTC,,,28.74476,46.82824,1.008659,87056.34,,,,,,4,6,6
2026-06-04 15:23:48 UTC,,,28.84574,46.74007,1.008666,86432.09,,,,,,4,6,6
2026-06-04 15:24:48 UTC,,,28.92144,46.60955,1.008668,85991.65,,,,,,4,6,6
2026-06-04 15:25:48 UTC,,,28.91894,47.10507,1.008655,85382.52,,,,,,4,6,6
2026-06-04 15:26:48 UTC,,,28.80534,48.28588,1.008664,84189.8,,,,,,4,5,5
2026-06-04 15:27:49 UTC,,,28.69424,47.60467,1.008654,85382.52,,,,,,4,5,5
2026-06-04 15:28:49 UTC,,,28.53523,47.14624,1.008619,87146.25,,,,,,4,6,6
2026-06-04 15:29:49 UTC,,,28.42921,46.5377,1.00862,88703.74,,,,,,4,6,6
2026-06-04 15:30:49 UTC,,,28.33072,46.649,1.008575,89551.05,,,,,,4,6,6
2026-06-04 15:31:49 UTC,,,28.59831,46.16305,1.008611,88239.91,,,,,,4,6,6
2026-06-04 15:32:49 UTC,,,28.73214,46.047,1.008614,87963.93,,,,,,4,6,6
2026-06-04 15:33:49 UTC,,,28.74731,46.24008,1.008632,87056.34,,,,,,4,6,6
2026-06-04 15:34:49 UTC,,,28.7801,47.38736,1.008592,85991.65,,,,,,5,7,7
2026-06-04 15:35:49 UTC,,,28.80541,47.49957,1.008633,85904.09,,,,,,4,6,6
2026-06-04 15:36:49 UTC,,,28.93163,47.1896,1.008616,85382.52,,,,,,4,6,6
2026-06-04 15:37:49 UTC,,,28.94166,47.23288,1.008612,84696.85,,,,,,4,6,6
2026-06-04 15:38:49 UTC,,,28.84068,48.73616,1.00862,83523.07,,,,,,4,6,6
2026-06-04 15:39:49 UTC,,,28.63621,48.33084,1.008631,84781.96,,,,,,4,6,6
2026-06-04 15:40:49 UTC,,,28.55543,47.66602,1.008605,86167.28,,,,,,4,6,6
2026-06-04 15:41:49 UTC,,,28.37115,47.17788,1.008614,87780.9,,,,,,4,6,6
2026-06-04 15:42:49 UTC,,,28.4494,46.83363,1.008607,88332.3,,,,,,4,6,6
2026-06-04 15:43:49 UTC,,,28.57307,46.73883,1.008604,87780.9,,,,,,4,6,6
2026-06-04 15:44:49 UTC,,,28.71194,46.57754,1.00862,87056.34,,,,,,4,5,5
2026-06-04 15:45:49 UTC,,,28.74981,46.8744,1.008616,86787.7,,,,,,4,6,6
2026-06-04 15:46:49 UTC,,,28.74223,47.92699,1.00861,84952.69,,,,,,4,6,6
2026-06-04 15:47:49 UTC,,,28.876,47.61654,1.008578,84867.23,,,,,,4,6,6
2026-06-04 15:48:49 UTC,,,28.96943,47.48666,1.008574,84358.13,,,,,,4,6,6
2026-06-04 15:49:50 UTC,,,28.97196,47.81724,1.008595,83938.52,,,,,,4,6,6
2026-06-04 15:50:50 UTC,,,28.87852,49.04658,1.00856,82704.38,,,,,,4,6,6
2026-06-04 15:51:50 UTC,,,28.69427,48.46117,1.008536,84358.13,,,,,,4,6,6
2026-06-04 15:52:50 UTC,,,28.57054,47.84674,1.008525,85729.53,,,,,,4,5,5
2026-06-04 15:53:50 UTC,,,28.45698,47.31858,1.008495,87146.25,,,,,,4,5,5
2026-06-04 15:54:50 UTC,,,28.47465,46.52042,1.008499,87872.32,,,,,,3,4,4
2026-06-04 15:55:50 UTC,,,28.58821,46.48214,1.008506,88147.73,,,,,,4,5,5
2026-06-04 15:56:50 UTC,,,28.69676,46.3395,1.008512,87689.67,,,,,,4,6,6
2026-06-04 15:57:50 UTC,,,28.73466,46.4406,1.008518,87417.13,,,,,,4,6,6
2026-06-04 15:58:50 UTC,,,28.71446,47.4217,1.008507,86343.64,,,,,,4,6,6
2026-06-04 15:59:50 UTC,,,28.79774,47.79973,1.008536,85469,,,,,,5,7,7
2026-06-04 16:00:50 UTC,,,28.91386,47.46088,1.008537,84952.69,,,,,,4,6,6
2026-06-04 16:01:50 UTC,,,29.05021,47.29097,1.008589,84273.88,,,,,,4,6,6
2026-06-04 16:02:50 UTC,,,28.95425,48.45801,1.008572,83275.77,,,,,,4,6,6
2026-06-04 16:03:50 UTC,,,28.82302,48.72204,1.008585,83605.83,,,,,,4,6,6
2026-06-04 16:04:50 UTC,,,28.73466,47.92785,1.008574,85296.2,,,,,,4,6,6
2026-06-04 16:05:50 UTC,,,28.55035,47.41348,1.008548,86698.52,,,,,,4,6,6
2026-06-04 16:06:50 UTC,,,28.46704,46.82533,1.008498,88055.73,,,,,,4,6,6
2026-06-04 16:07:50 UTC,,,28.42918,46.31263,1.008498,88890.65,,,,,,4,6,6
2026-06-04 16:08:50 UTC,,,28.42918,45.91681,1.008465,89837.1,,,,,,4,6,6
2026-06-04 16:09:50 UTC,,,28.54785,45.90392,1.008469,89172.48,,,,,,4,6,6
2026-06-04 16:10:50 UTC,,,28.64126,45.87046,1.008433,88610.59,,,,,,4,5,5
2026-06-04 16:11:51 UTC,,,28.73211,45.96226,1.008465,88147.73,,,,,,4,6,6
2026-06-04 16:12:51 UTC,,,28.71696,47.34673,1.008439,86609.53,,,,,,4,6,6
2026-06-04 16:13:51 UTC,,,28.77505,47.20594,1.008421,86343.64,,,,,,4,6,6
2026-06-04 16:14:51 UTC,,,28.9038,47.06997,1.008392,85816.73,,,,,,4,6,6
2026-06-04 16:15:51 UTC,,,28.96691,47.00032,1.008401,85296.2,,,,,,4,6,6
2026-06-04 16:16:51 UTC,,,28.87104,48.4969,1.008407,83605.83,,,,,,4,5,5
2026-06-04 16:17:51 UTC,,,28.72964,47.95886,1.008413,84867.23,,,,,,4,6,6
2026-06-04 16:18:51 UTC,,,28.55798,47.36552,1.008414,86609.53,,,,,,4,6,6
2026-06-04 16:19:51 UTC,,,28.52267,46.66082,1.008397,87780.9,,,,,,4,6,6
2026-06-04 16:20:51 UTC,,,28.3182,46.42478,1.008362,89172.48,,,,,,4,6,6
2026-06-04 16:21:51 UTC,,,28.41662,45.84364,1.008353,89932.86,,,,,,4,6,6
2026-06-04 16:22:51 UTC,,,28.57562,45.60415,1.008364,89551.05,,,,,,4,6,6
2026-06-04 16:23:51 UTC,,,28.66142,45.64709,1.00832,88703.74,,,,,,4,6,6
2026-06-04 16:24:51 UTC,,,28.77253,45.52244,1.008344,88797.09,,,,,,4,6,6
2026-06-04 16:25:51 UTC,,,28.71194,47.10142,1.008354,87146.25,,,,,,4,5,5
2026-06-04 16:26:51 UTC,,,28.76492,47.01682,1.008316,86609.53,,,,,,4,6,6
2026-06-04 16:27:51 UTC,,,28.89367,46.77016,1.00831,86079.38,,,,,,4,6,6
2026-06-04 16:28:51 UTC,,,28.91137,46.81644,1.008295,85642.52,,,,,,4,6,6
2026-06-04 16:29:51 UTC,,,28.81039,48.3425,1.008282,84611.91,,,,,,4,6,6
2026-06-04 16:30:51 UTC,,,28.65637,48.15268,1.008306,84952.69,,,,,,4,5,5
2026-06-04 16:31:51 UTC,,,28.63116,47.36867,1.008286,86079.38,,,,,,4,6,6
2026-06-04 16:32:51 UTC,,,28.57815,46.67105,1.008297,87598.63,,,,,,4,6,6
2026-06-04 16:33:52 UTC,,,28.62103,46.72591,1.008258,87417.13,,,,,,4,6,6
2026-06-04 16:34:52 UTC,,,28.74473,46.57231,1.008266,87236.36,,,,,,4,6,6
2026-06-04 16:35:52 UTC,,,28.82806,46.49353,1.008228,86877.06,,,,,,4,6,6
2026-06-04 16:36:52 UTC,,,28.76495,47.84659,1.008229,85382.52,,,,,,4,6,6
2026-06-04 16:37:52 UTC,,,28.77253,47.9687,1.008208,85210.06,,,,,,4,6,6
2026-06-04 16:38:52 UTC,,,28.84065,47.79529,1.008207,84952.69,,,,,,4,6,6
2026-06-04 16:39:52 UTC,,,29.07037,47.41066,1.0082,84105.87,,,,,,4,6,6
2026-06-04 16:40:52 UTC,,,28.89875,48.98432,1.008184,83193.66,,,,,,5,7,7
2026-06-04 16:41:52 UTC,,,28.78512,48.78629,1.008183,83523.07,,,,,,4,6,6
2026-06-04 16:42:52 UTC,,,28.66394,48.01088,1.008164,85124.1,,,,,,4,5,5
2026-06-04 16:43:52 UTC,,,28.53268,47.55149,1.008156,86255.38,,,,,,4,6,6
2026-06-04 16:44:52 UTC,,,28.48724,46.72125,1.008146,88147.73,,,,,,4,6,6
2026-06-04 16:45:52 UTC,,,28.33072,46.38863,1.008124,88984.39,,,,,,4,6,6
2026-06-04 16:46:52 UTC,,,28.35344,45.96394,1.008112,90221.34,,,,,,4,6,6
2026-06-04 16:47:52 UTC,,,28.5529,45.68258,1.008095,89266.84,,,,,,4,6,6
2026-06-04 16:48:52 UTC,,,28.65893,45.611,1.008094,88984.39,,,,,,4,6,6
2026-06-04 16:49:52 UTC,,,28.71443,45.64978,1.008103,88890.65,,,,,,5,7,7
2026-06-04 16:50:52 UTC,,,28.74728,46.89483,1.008119,86698.52,,,,,,4,6,6
2026-06-04 16:51:52 UTC,,,28.71446,47.13363,1.00812,86698.52,,,,,,4,6,6
2026-06-04 16:52:52 UTC,,,28.91389,46.6448,1.008127,85816.73,,,,,,4,6,6
2026-06-04 16:56:16 UTC,,,28.8457,48.37255,1.008124,65447.57,,,,,,4,6,6
2026-06-04 16:57:16 UTC,,,28.80026,49.01699,1.008124,56506.16,,,,,,4,5,5
2026-06-04 16:58:16 UTC,,,29.04513,47.96247,1.008122,76690.61,,,,,,4,6,6
2026-06-04 16:59:16 UTC,,,28.91891,49.20101,1.008136,78473.77,,,,,,4,6,6
2026-06-04 17:00:16 UTC,,,28.80026,48.50575,1.008104,81427.33,,,,,,4,6,6
2026-06-04 17:01:16 UTC,,,28.57559,48.12077,1.008095,83523.07,,,,,,4,6,6
2026-06-04 17:02:16 UTC,,,28.59077,47.29755,1.008075,85210.06,,,,,,4,6,6
2026-06-04 17:03:16 UTC,,,28.48727,46.61139,1.008106,86966.6,,,,,,4,5,5
2026-06-04 17:04:16 UTC,,,28.5554,46.61432,1.008077,87056.34,,,,,,4,6,6
2026-06-04 17:05:16 UTC,,,28.75485,46.30226,1.008073,86787.7,,,,,,4,6,6
2026-06-04 17:06:17 UTC,,,28.78515,46.41551,1.008059,86520.72,,,,,,4,6,6
2026-06-04 17:07:17 UTC,,,28.67912,47.54812,1.008033,86343.64,,,,,,4,5,5
2026-06-04 17:08:17 UTC,,,28.76744,47.78023,1.00806,85469,,,,,,4,6,6
2026-06-04 17:09:17 UTC,,,28.87347,47.5191,1.008066,84867.23,,,,,,4,6,6
2026-06-04 17:10:17 UTC,,,29.0527,47.32634,1.008079,84358.13,,,,,,4,6,6
2026-06-04 17:11:17 UTC,,,28.97701,48.26604,1.008051,83523.07,,,,,,4,6,6
2026-06-04 17:12:17 UTC,,,28.86088,48.5774,1.00806,83193.66,,,,,,4,6,6
2026-06-04 17:15:42 UTC,,,28.09097,48.34266,1.007951,40028.18,,,,,,4,6,6
2026-06-04 17:16:42 UTC,,,28.51002,46.76255,1.007929,75795.01,,,,,,4,6,6
2026-06-04 17:17:42 UTC,,,28.68171,46.51013,1.007929,81505.99,,,,,,4,6,6
2026-06-04 17:18:42 UTC,,,28.78774,46.42956,1.007951,83855.1,,,,,,4,5,5
2026-06-04 17:19:42 UTC,,,28.7801,47.42293,1.007972,83523.07,,,,,,4,6,6
2026-06-04 17:20:42 UTC,,,28.84826,47.51563,1.007956,83523.07,,,,,,4,6,6
2026-06-04 17:21:42 UTC,,,28.95678,47.28872,1.007953,83688.75,,,,,,4,5,5
2026-06-04 17:22:42 UTC,,,29.07542,47.09182,1.007942,83605.83,,,,,,4,6,6
2026-06-04 17:23:42 UTC,,,28.95428,48.53835,1.007927,83029.91,,,,,,4,6,6
2026-06-04 17:24:42 UTC,,,28.79777,48.55851,1.007902,83358.04,,,,,,4,6,6
2026-06-04 17:25:42 UTC,,,28.69676,47.89257,1.007869,84781.96,,,,,,4,5,5
2026-06-04 17:26:43 UTC,,,28.563,47.37014,1.007831,86167.28,,,,,,4,6,6
2026-06-04 17:27:43 UTC,,,28.48474,46.6605,1.007809,87689.67,,,,,,4,6,6
2026-06-04 17:28:43 UTC,,,28.59831,46.57,1.007805,88147.73,,,,,,4,6,6
2026-06-04 17:29:43 UTC,,,28.70184,46.50086,1.007801,87689.67,,,,,,5,7,7
2026-06-04 17:30:43 UTC,,,28.85331,46.3331,1.007753,86877.06,,,,,,4,5,5
2026-06-04 17:31:43 UTC,,,28.79774,47.25735,1.007754,86343.64,,,,,,4,5,5
2026-06-04 17:32:43 UTC,,,28.84318,47.56441,1.007755,85729.53,,,,,,3,4,4
2026-06-04 17:33:43 UTC,,,28.82554,47.71827,1.007724,85555.67,,,,,,4,5,5
2026-06-04 17:34:43 UTC,,,28.99467,47.35643,1.007703,85469,,,,,,4,5,5
2026-06-04 17:35:43 UTC,,,28.9593,48.26948,1.007675,84696.85,,,,,,4,5,5
2026-06-04 17:36:43 UTC,,,28.86088,48.57726,1.007663,83771.84,,,,,,4,5,5
2026-06-04 17:37:43 UTC,,,28.70686,48.07194,1.00766,85642.52,,,,,,4,5,5
2026-06-04 17:38:43 UTC,,,28.6488,47.35929,1.007632,86787.7,,,,,,4,5,5
2026-06-04 17:39:43 UTC,,,28.46202,47.00277,1.007565,88424.87,,,,,,4,5,5
2026-06-04 17:40:43 UTC,,,28.48976,46.77631,1.007551,88703.74,,,,,,3,4,4
2026-06-04 17:41:43 UTC,,,28.68417,46.55373,1.007544,88239.91,,,,,,4,5,5
2026-06-04 17:42:43 UTC,,,28.78512,46.55313,1.007547,87872.32,,,,,,4,6,6
2026-06-04 17:43:43 UTC,,,28.76744,47.0873,1.007561,87689.67,,,,,,4,5,5
2026-06-04 17:44:43 UTC,,,28.79269,47.97154,1.007511,85382.52,,,,,,3,4,4
2026-06-04 17:45:43 UTC,,,28.91137,47.62495,1.007497,85904.09,,,,,,4,5,5
2026-06-04 17:46:43 UTC,,,29.02746,47.41455,1.007524,85469,,,,,,4,5,5
2026-06-04 17:47:43 UTC,,,28.98455,47.99348,1.007473,84952.69,,,,,,4,5,5
2026-06-04 17:48:43 UTC,,,28.876,48.82728,1.007458,83688.75,,,,,,3,4,4
2026-06-04 17:49:43 UTC,,,28.72961,48.04651,1.00745,85296.2,,,,,,4,5,5
2026-06-04 17:50:43 UTC,,,28.62611,47.55934,1.007437,86787.7,,,,,,4,5,5
2026-06-04 17:51:43 UTC,,,28.45193,47.10168,1.007428,87872.32,,,,,,4,5,5
2026-06-04 17:52:43 UTC,,,28.40898,46.48503,1.007405,89266.84,,,,,,4,5,5
2026-06-04 17:53:44 UTC,,,28.51248,46.26685,1.007409,89361.37,,,,,,4,5,5
2026-06-04 17:54:44 UTC,,,28.70942,45.9723,1.007383,88984.39,,,,,,3,4,4
2026-06-04 17:55:44 UTC,,,28.76997,45.98573,1.007394,88610.59,,,,,,4,5,5
2026-06-04 17:56:44 UTC,,,28.72709,46.66419,1.007368,87963.93,,,,,,4,5,5
2026-06-04 17:57:44 UTC,,,28.74981,47.54992,1.007375,86698.52,,,,,,4,5,5
2026-06-04 17:58:44 UTC,,,28.84823,47.25151,1.007355,86432.09,,,,,,4,5,5
2026-06-04 17:59:44 UTC,,,28.95934,47.07318,1.007367,85991.65,,,,,,4,5,5
2026-06-04 18:00:44 UTC,,,28.92399,47.80198,1.007355,85382.52,,,,,,4,5,5
2026-06-04 18:01:44 UTC,,,28.71191,48.69021,1.007333,85038.3,,,,,,4,5,5
2026-06-04 18:02:44 UTC,,,28.6387,47.99705,1.007324,85904.09,,,,,,4,5,5
2026-06-04 18:03:44 UTC,,,28.54028,47.20503,1.007347,87146.25,,,,,,4,5,5
2026-06-04 18:04:44 UTC,,,28.51248,46.54395,1.00729,88797.09,,,,,,3,4,4
2026-06-04 18:05:44 UTC,,,28.39639,46.27101,1.007303,89741.55,,,,,,4,5,5
2026-06-04 18:06:44 UTC,,,28.47468,46.16208,1.007323,89741.55,,,,,,3,4,4
2026-06-04 18:07:44 UTC,,,28.67915,45.8991,1.007308,89172.48,,,,,,3,4,4
2026-06-04 18:08:44 UTC,,,28.82813,45.75072,1.007329,88984.39,,,,,,4,5,5
2026-06-04 18:09:44 UTC,,,28.73472,47.12172,1.007325,87507.79,,,,,,4,5,5
2026-06-04 18:10:44 UTC,,,28.77256,47.20792,1.007325,86966.6,,,,,,3,4,4
2026-06-04 18:11:44 UTC,,,28.88619,46.91429,1.007324,86520.72,,,,,,3,4,4
2026-06-04 18:12:44 UTC,,,29.0427,46.67149,1.007333,86343.64,,,,,,4,5,5
2026-06-04 18:13:44 UTC,,,28.93159,48.13465,1.007314,85124.1,,,,,,3,4,4
2026-06-04 18:14:44 UTC,,,28.74731,48.20203,1.007323,85816.73,,,,,,3,4,4
2026-06-04 18:15:44 UTC,,,28.6388,47.51469,1.007324,86167.28,,,,,,3,4,4
2026-06-04 18:16:45 UTC,,,28.5807,46.8187,1.007338,88147.73,,,,,,3,4,4
2026-06-04 18:17:45 UTC,,,28.45953,46.25036,1.007285,89172.48,,,,,,3,4,4
2026-06-04 18:18:45 UTC,,,28.40403,45.6752,1.007272,90706.3,,,,,,4,5,5
2026-06-04 18:19:45 UTC,,,28.44946,45.68666,1.00726,90706.3,,,,,,4,5,5
2026-06-04 18:20:45 UTC,,,28.63368,45.45633,1.007284,90414.7,,,,,,4,5,5
2026-06-04 18:21:45 UTC,,,28.70433,45.42543,1.00727,89741.55,,,,,,4,5,5
2026-06-04 18:22:45 UTC,,,28.66142,46.03427,1.007273,89172.48,,,,,,3,4,4
2026-06-04 18:23:45 UTC,,,28.72709,46.85583,1.007269,87507.79,,,,,,3,4,4
2026-06-04 18:24:45 UTC,,,28.7801,46.71466,1.007273,87780.9,,,,,,3,4,4
2026-06-04 18:25:45 UTC,,,28.91386,46.57027,1.007262,87236.36,,,,,,3,4,4
2026-06-04 18:26:45 UTC,,,28.84823,47.37135,1.007266,86432.09,,,,,,4,5,5
2026-06-04 18:27:45 UTC,,,28.8735,48.00512,1.007273,84952.69,,,,,,3,4,4
2026-06-04 18:28:45 UTC,,,28.92901,47.82866,1.007266,85296.2,,,,,,3,4,4
2026-06-04 18:29:45 UTC,,,29.05775,47.58801,1.007262,84781.96,,,,,,3,4,4
2026-06-04 18:30:45 UTC,,,28.98455,48.30183,1.007278,84442.55,,,,,,4,5,5
2026-06-04 18:31:45 UTC,,,28.89872,48.98092,1.007266,83523.07,,,,,,4,5,5
2026-06-04 18:32:45 UTC,,,28.79522,48.218,1.007228,84611.91,,,,,,3,4,4
2026-06-04 18:33:45 UTC,,,28.59077,47.71314,1.007223,86432.09,,,,,,3,4,4
2026-06-04 18:34:45 UTC,,,28.51504,47.05228,1.007189,88147.73,,,,,,3,4,4
2026-06-04 18:35:45 UTC,,,28.53271,47.02853,1.007209,88055.73,,,,,,4,5,5
2026-06-04 18:36:45 UTC,,,28.66903,46.85725,1.007187,87780.9,,,,,,3,4,4
2026-06-04 18:37:45 UTC,,,28.81036,46.70238,1.00719,87146.25,,,,,,4,5,5
2026-06-04 18:38:45 UTC,,,28.78259,47.4337,1.007202,86877.06,,,,,,4,5,5
2026-06-04 18:39:46 UTC,,,28.80787,47.93981,1.007191,85382.52,,,,,,4,5,5
2026-06-04 18:40:46 UTC,,,28.90881,47.74051,1.0072,85729.53,,,,,,4,5,5
2026-06-04 18:41:46 UTC,,,29.09565,47.63211,1.007216,84781.96,,,,,,3,4,4
2026-06-04 18:42:46 UTC,,,29.0073,48.59471,1.007208,83440.47,,,,,,3,4,4
2026-06-04 18:43:46 UTC,,,28.87095,48.76901,1.007207,83523.07,,,,,,4,5,5
2026-06-04 18:44:46 UTC,,,28.72958,48.1367,1.007184,85124.1,,,,,,4,5,5
2026-06-04 18:45:46 UTC,,,28.62106,47.22777,1.007162,86787.7,,,,,,4,5,5
2026-06-04 18:46:46 UTC,,,28.50242,46.84214,1.007147,88239.91,,,,,,3,4,4
2026-06-04 18:47:46 UTC,,,28.48724,46.41957,1.007141,88797.09,,,,,,4,5,5
2026-06-04 18:48:46 UTC,,,28.63621,46.21736,1.007124,89172.48,,,,,,3,4,4
2026-06-04 18:49:46 UTC,,,28.76243,46.14118,1.007121,88424.87,,,,,,4,5,5
2026-06-04 18:50:46 UTC,,,28.72456,46.45661,1.007105,88055.73,,,,,,3,4,4
2026-06-04 18:51:46 UTC,,,28.7599,47.5224,1.007128,86520.72,,,,,,4,5,5
2026-06-04 18:52:46 UTC,,,28.82049,47.44096,1.0071,86432.09,,,,,,4,5,5
2026-06-04 18:53:46 UTC,,,28.95678,47.23936,1.007088,85469,,,,,,4,5,5
2026-06-04 18:54:46 UTC,,,28.98458,47.27272,1.007068,85296.2,,,,,,4,5,5
2026-06-04 18:55:46 UTC,,,28.91389,48.55533,1.007075,84442.55,,,,,,3,4,4
2026-06-04 18:56:46 UTC,,,28.82551,48.00036,1.007086,84867.23,,,,,,3,4,4
2026-06-04 18:57:46 UTC,,,28.61349,47.4417,1.007088,86877.06,,,,,,4,5,5
2026-06-04 18:58:46 UTC,,,28.56048,46.72229,1.007059,88239.91,,,,,,3,4,4
2026-06-04 18:59:46 UTC,,,28.43675,46.21497,1.007076,89456.12,,,,,,3,4,4
2026-06-04 19:00:46 UTC,,,28.57054,46.00775,1.007064,90124.98,,,,,,3,4,4
2026-06-04 19:01:47 UTC,,,28.6665,45.97105,1.00709,88890.65,,,,,,3,4,4
2026-06-04 19:02:47 UTC,,,28.77502,45.84502,1.007081,88984.39,,,,,,4,5,5
2026-06-04 19:03:47 UTC,,,28.73463,46.86219,1.007099,88147.73,,,,,,3,4,4
2026-06-04 19:04:47 UTC,,,28.77253,47.22113,1.007121,86877.06,,,,,,3,4,4
2026-06-04 19:05:47 UTC,,,28.88357,46.92799,1.007149,86698.52,,,,,,4,5,5
2026-06-04 19:06:47 UTC,,,28.93153,46.90765,1.00715,86255.38,,,,,,3,4,4
2026-06-04 19:07:47 UTC,,,28.93153,47.48709,1.007146,85729.53,,,,,,3,4,4
2026-06-04 19:08:47 UTC,,,28.93153,48.28852,1.007165,84527.15,,,,,,4,5,5
2026-06-04 19:09:47 UTC,,,29.02749,48.06654,1.007171,84022.12,,,,,,3,4,4
2026-06-04 19:10:47 UTC,,,29.15876,47.75612,1.007152,84189.8,,,,,,3,4,4
2026-06-04 19:11:47 UTC,,,29.07546,48.72662,1.007164,83029.91,,,,,,3,4,4
2026-06-04 19:12:47 UTC,,,28.92399,49.1176,1.007189,83029.91,,,,,,3,4,4
2026-06-04 19:13:47 UTC,,,28.8155,48.27573,1.007161,84781.96,,,,,,3,4,4
2026-06-04 19:14:47 UTC,,,28.67161,47.68934,1.007151,85991.65,,,,,,3,4,4
2026-06-04 19:15:47 UTC,,,28.57565,47.00472,1.007155,87598.63,,,,,,3,4,4
2026-06-04 19:16:47 UTC,,,28.53782,46.59439,1.007181,88797.09,,,,,,3,4,4
2026-06-04 19:17:47 UTC,,,28.70696,46.38821,1.007185,87780.9,,,,,,3,4,4
2026-06-04 19:18:47 UTC,,,28.79275,46.39378,1.007162,87780.9,,,,,,4,5,5
2026-06-04 19:19:47 UTC,,,28.82305,46.5512,1.007172,87417.13,,,,,,3,4,4
2026-06-04 19:20:47 UTC,,,28.89114,47.43428,1.007183,85904.09,,,,,,4,5,5
2026-06-04 19:21:47 UTC,,,28.91891,47.5066,1.007187,85555.67,,,,,,3,4,4
2026-06-04 19:22:47 UTC,,,29.02245,47.26081,1.007168,85469,,,,,,3,4,4
2026-06-04 19:23:48 UTC,,,29.04264,47.35891,1.007189,84952.69,,,,,,3,4,4
2026-06-04 19:24:48 UTC,,,28.876,48.86156,1.007157,83855.1,,,,,,3,4,4
2026-06-04 19:25:48 UTC,,,28.79777,48.28981,1.007168,84781.96,,,,,,4,5,5
2026-06-04 19:26:48 UTC,,,28.64378,47.75016,1.007158,86079.38,,,,,,3,4,4
2026-06-04 19:27:48 UTC,,,28.55035,46.95827,1.007163,87963.93,,,,,,3,4,4
2026-06-04 19:28:48 UTC,,,28.43675,46.74215,1.007151,88890.65,,,,,,3,4,4
2026-06-04 19:29:48 UTC,,,28.59329,46.48127,1.00716,88424.87,,,,,,4,5,5
2026-06-04 19:30:48 UTC,,,28.73214,46.35455,1.007168,87963.93,,,,,,3,4,4
2026-06-04 19:31:48 UTC,,,28.79016,46.33749,1.007162,88239.91,,,,,,4,5,5
2026-06-04 19:32:48 UTC,,,28.78007,47.56594,1.0072,86432.09,,,,,,3,4,4
2026-06-04 19:33:48 UTC,,,28.82554,47.51023,1.007214,86255.38,,,,,,3,4,4
2026-06-04 19:34:48 UTC,,,28.9593,47.2599,1.007219,85382.52,,,,,,3,4,4
2026-06-04 19:35:48 UTC,,,29.03507,47.22836,1.007252,85296.2,,,,,,3,4,4
2026-06-04 19:36:48 UTC,,,28.84065,48.85851,1.007262,83938.52,,,,,,4,5,5
2026-06-04 19:37:48 UTC,,,28.77505,48.23603,1.007285,84867.23,,,,,,3,4,4
2026-06-04 19:38:48 UTC,,,28.65135,47.66383,1.007295,86343.64,,,,,,3,4,4
2026-06-04 19:39:48 UTC,,,28.58067,47.04008,1.00732,87326.65,,,,,,3,4,4
2026-06-04 19:40:48 UTC,,,28.50491,46.39155,1.007304,88610.59,,,,,,4,5,5
2026-06-04 19:41:48 UTC,,,28.40649,46.20001,1.007321,89837.1,,,,,,3,4,4
2026-06-04 19:42:48 UTC,,,28.62359,45.91016,1.007313,89741.55,,,,,,3,4,4
2026-06-04 19:43:48 UTC,,,28.74977,45.82742,1.007349,88984.39,,,,,,3,4,4
2026-06-04 19:44:48 UTC,,,28.74728,45.94131,1.007294,88610.59,,,,,,4,5,5
2026-06-04 19:45:49 UTC,,,28.76495,47.11927,1.007324,86966.6,,,,,,3,4,4
2026-06-04 19:46:49 UTC,,,28.84318,47.09116,1.007347,86520.72,,,,,,4,5,5
2026-06-04 19:47:49 UTC,,,28.93406,46.86691,1.007362,86432.09,,,,,,3,4,4
2026-06-04 19:48:49 UTC,,,28.97196,46.92604,1.007358,86079.38,,,,,,4,6,6
2026-06-04 19:49:49 UTC,,,28.83311,48.51639,1.007331,84611.91,,,,,,3,4,4
2026-06-04 19:50:49 UTC,,,28.71699,47.95771,1.007348,85210.06,,,,,,3,4,4
2026-06-04 19:51:49 UTC,,,28.59582,47.26363,1.007331,87146.25,,,,,,3,4,4
2026-06-04 19:52:49 UTC,,,28.51248,46.63656,1.007318,88517.63,,,,,,3,4,4
2026-06-04 19:53:49 UTC,,,28.4595,46.03889,1.007314,89361.37,,,,,,4,5,5
2026-06-04 19:54:49 UTC,,,28.38629,46.06163,1.007313,90124.98,,,,,,3,4,4
2026-06-04 19:55:49 UTC,,,28.55035,45.81459,1.00733,89837.1,,,,,,4,5,5
2026-06-04 19:56:49 UTC,,,28.64122,45.80032,1.007328,89551.05,,,,,,4,5,5
2026-06-04 19:57:49 UTC,,,28.70184,46.01535,1.007317,88703.74,,,,,,4,5,5
2026-06-04 19:58:49 UTC,,,28.67155,47.23288,1.007331,87417.13,,,,,,4,5,5
2026-06-04 19:59:49 UTC,,,28.80784,46.87345,1.007331,86877.06,,,,,,3,4,4
2026-06-04 20:00:49 UTC,,,28.91389,46.71442,1.007326,86520.72,,,,,,3,4,4
2026-06-04 20:01:49 UTC,,,28.8836,47.20792,1.007335,86343.64,,,,,,4,5,5
2026-06-04 20:02:49 UTC,,,28.78259,48.26309,1.007343,85038.3,,,,,,4,5,5
2026-06-04 20:03:49 UTC,,,28.65637,47.5935,1.007391,86167.28,,,,,,3,4,4
2026-06-04 20:04:49 UTC,,,28.51248,46.98019,1.00739,88055.73,,,,,,3,4,4
2026-06-04 20:05:49 UTC,,,28.47724,46.4548,1.007426,89078.34,,,,,,3,4,4
2026-06-04 20:06:49 UTC,,,28.35603,46.01828,1.007407,90414.7,,,,,,3,4,4
2026-06-04 20:07:49 UTC,,,28.34596,46.13086,1.007402,90124.98,,,,,,3,4,4
2026-06-04 20:08:50 UTC,,,28.53274,45.82756,1.00747,90221.34,,,,,,3,4,4
2026-06-04 20:09:50 UTC,,,28.64385,45.7438,1.007469,89646.2,,,,,,3,4,4
2026-06-04 20:10:50 UTC,,,28.50248,46.88702,1.007486,88610.59,,,,,,4,5,5
2026-06-04 20:11:50 UTC,,,28.67915,47.03069,1.007487,87598.63,,,,,,3,4,4
2026-06-04 20:12:50 UTC,,,28.79278,46.80762,1.00749,87056.34,,,,,,3,4,4
2026-06-04 20:13:50 UTC,,,28.91393,46.64796,1.007479,86877.06,,,,,,3,4,4
2026-06-04 20:14:50 UTC,,,28.86088,47.53734,1.007475,86255.38,,,,,,3,4,4
2026-06-04 20:15:50 UTC,,,28.85075,48.12282,1.007454,85038.3,,,,,,3,4,4
2026-06-04 20:16:50 UTC,,,28.97953,47.83224,1.00747,85124.1,,,,,,4,5,5
2026-06-04 20:17:50 UTC,,,29.07798,47.70733,1.007473,84358.13,,,,,,4,5,5
2026-06-04 20:18:50 UTC,,,28.96687,48.69486,1.007461,83440.47,,,,,,3,4,4
2026-06-04 20:19:50 UTC,,,28.84574,48.86042,1.00745,83275.77,,,,,,3,4,4
2026-06-04 20:20:50 UTC,,,28.73211,48.20638,1.007474,84867.23,,,,,,3,4,4
2026-06-04 20:21:50 UTC,,,28.60844,47.48613,1.007448,86255.38,,,,,,4,5,5
2026-06-04 20:22:50 UTC,,,28.52261,46.86464,1.007421,88424.87,,,,,,4,5,5
2026-06-04 20:23:50 UTC,,,28.41151,46.37707,1.007437,88984.39,,,,,,4,5,5
2026-06-04 20:24:50 UTC,,,28.32568,46.68639,1.007439,89741.55,,,,,,3,4,4
2026-06-04 20:25:50 UTC,,,28.51756,46.3524,1.007479,88797.09,,,,,,3,4,4
2026-06-04 20:26:50 UTC,,,28.6665,46.18741,1.007479,88984.39,,,,,,3,4,4
2026-06-04 20:27:50 UTC,,,28.69171,47.08286,1.007517,87689.67,,,,,,4,5,5
2026-06-04 20:28:50 UTC,,,28.70437,47.56705,1.007527,86609.53,,,,,,3,4,4
2026-06-04 20:29:50 UTC,,,28.88613,47.09225,1.007534,86167.28,,,,,,3,4,4
2026-06-04 20:30:51 UTC,,,28.95678,47.03165,1.007529,86079.38,,,,,,3,4,4
2026-06-04 20:31:51 UTC,,,28.88862,48.09798,1.007554,84696.85,,,,,,3,4,4
2026-06-04 20:32:51 UTC,,,28.75485,48.36068,1.007552,84867.23,,,,,,4,5,5
2026-06-04 20:33:51 UTC,,,28.66903,47.56639,1.007571,86432.09,,,,,,4,5,5
2026-06-04 20:34:51 UTC,,,28.50491,47.03531,1.007535,88239.91,,,,,,4,5,5
2026-06-04 20:35:51 UTC,,,28.50238,46.33653,1.007542,88890.65,,,,,,3,4,4
2026-06-04 20:36:51 UTC,,,28.50996,46.19553,1.007537,89646.2,,,,,,4,5,5
2026-06-04 20:37:51 UTC,,,28.64883,45.94089,1.007542,89646.2,,,,,,3,4,4
2026-06-04 20:38:51 UTC,,,28.66903,46.16247,1.007516,88890.65,,,,,,4,5,5
2026-06-04 20:39:51 UTC,,,28.68414,46.28738,1.007547,88610.59,,,,,,4,6,6
2026-06-04 20:40:51 UTC,,,28.73715,47.38198,1.007542,86877.06,,,,,,4,5,5
2026-06-04 20:41:51 UTC,,,28.83059,47.1162,1.007542,86520.72,,,,,,4,5,5
2026-06-04 20:42:51 UTC,,,28.92144,46.95181,1.007544,85991.65,,,,,,3,4,4
2026-06-04 20:43:51 UTC,,,28.91891,47.20123,1.007555,86520.72,,,,,,3,4,4
2026-06-04 20:44:51 UTC,,,28.82554,48.45124,1.007578,84442.55,,,,,,3,4,4
2026-06-04 20:45:51 UTC,,,28.59329,48.05851,1.007584,86167.28,,,,,,3,4,4
2026-06-04 20:46:51 UTC,,,28.48471,47.35885,1.007558,87598.63,,,,,,4,5,5
2026-06-04 20:47:51 UTC,,,28.42163,46.68053,1.007532,88797.09,,,,,,3,4,4
2026-06-04 20:48:51 UTC,,,28.3762,46.25475,1.00753,89741.55,,,,,,3,4,4
2026-06-04 20:49:51 UTC,,,28.49229,46.1824,1.007557,89456.12,,,,,,3,4,4
2026-06-04 20:50:51 UTC,,,28.61601,46.1052,1.007571,89551.05,,,,,,4,5,5
2026-06-04 20:51:51 UTC,,,28.74977,45.93962,1.007553,88984.39,,,,,,3,4,4
2026-06-04 20:52:51 UTC,,,28.6589,47.26985,1.007558,87598.63,,,,,,3,4,4
2026-06-04 20:53:51 UTC,,,28.73466,47.25557,1.007567,86966.6,,,,,,3,4,4
2026-06-04 20:54:51 UTC,,,28.80029,47.12495,1.007574,86698.52,,,,,,3,4,4
2026-06-04 20:55:51 UTC,,,28.8735,47.01939,1.007581,86432.09,,,,,,4,5,5
2026-06-04 20:56:52 UTC,,,28.84577,48.2861,1.007595,85296.2,,,,,,3,4,4
2026-06-04 20:57:52 UTC,,,28.89376,48.23764,1.007584,84696.85,,,,,,3,4,4
2026-06-04 20:58:52 UTC,,,28.96694,48.05822,1.007581,84273.88,,,,,,4,5,5
2026-06-04 20:59:52 UTC,,,29.05277,48.10582,1.00758,84358.13,,,,,,3,4,4
2026-06-04 21:00:52 UTC,,,28.79026,49.63878,1.007584,83523.07,,,,,,3,4,4
2026-06-04 21:01:52 UTC,,,28.80285,48.88859,1.007613,83605.83,,,,,,3,4,4
2026-06-04 21:02:52 UTC,,,28.69177,48.15048,1.007609,85469,,,,,,4,5,5
2026-06-04 21:03:52 UTC,,,28.56811,47.39886,1.00762,86698.52,,,,,,3,4,4
2026-06-04 21:04:52 UTC,,,28.55044,46.74625,1.007629,87780.9,,,,,,4,5,5
2026-06-04 21:05:52 UTC,,,28.50242,46.04238,1.007633,89361.37,,,,,,4,5,5
2026-06-04 21:06:52 UTC,,,28.4595,45.7411,1.007654,90414.7,,,,,,3,4,4
2026-06-04 21:07:52 UTC,,,28.48724,45.84109,1.00766,90124.98,,,,,,3,4,4
2026-06-04 21:08:52 UTC,,,28.64883,45.66713,1.007717,89741.55,,,,,,3,4,4
2026-06-04 21:09:52 UTC,,,28.70437,45.66504,1.007727,89741.55,,,,,,4,5,5
2026-06-04 21:10:52 UTC,,,28.73718,46.86845,1.00773,87598.63,,,,,,3,4,4
2026-06-04 21:11:52 UTC,,,28.7422,46.96632,1.007728,87507.79,,,,,,3,4,4
2026-06-04 21:12:52 UTC,,,28.85836,46.6585,1.007745,87236.36,,,,,,4,5,5
2026-06-04 21:13:52 UTC,,,28.91894,46.6417,1.00778,86966.6,,,,,,4,5,5
2026-06-04 21:14:52 UTC,,,28.82803,48.07439,1.007773,85816.73,,,,,,4,5,5
2026-06-04 21:15:52 UTC,,,28.84826,48.18861,1.007791,85124.1,,,,,,3,4,4
2026-06-04 21:16:52 UTC,,,28.90885,47.99951,1.007795,84867.23,,,,,,4,5,5
2026-06-04 21:17:52 UTC,,,29.02494,48.04771,1.007766,84952.69,,,,,,4,5,5
2026-06-04 21:18:53 UTC,,,28.92901,49.20015,1.007791,83111.71,,,,,,3,4,4
2026-06-04 21:19:53 UTC,,,28.77505,48.82492,1.007775,84189.8,,,,,,3,4,4
2026-06-04 21:20:53 UTC,,,28.64122,48.07996,1.007773,86255.38,,,,,,4,5,5
2026-06-04 21:21:53 UTC,,,28.56553,47.32851,1.007777,87146.25,,,,,,3,4,4
2026-06-04 21:22:53 UTC,,,28.38882,46.90253,1.007761,88890.65,,,,,,4,5,5
2026-06-04 21:23:53 UTC,,,28.43927,46.7283,1.00775,89361.37,,,,,,4,5,5
2026-06-04 21:24:53 UTC,,,28.52261,46.70211,1.007783,89078.34,,,,,,3,4,4
2026-06-04 21:25:53 UTC,,,28.70689,46.42913,1.007793,88424.87,,,,,,4,5,5
2026-06-04 21:26:53 UTC,,,28.73463,46.89023,1.007829,87689.67,,,,,,3,4,4
2026-06-04 21:27:53 UTC,,,28.80784,47.61302,1.007823,86343.64,,,,,,4,5,5
2026-06-04 21:28:53 UTC,,,28.87098,47.37687,1.007792,86255.38,,,,,,3,4,4
2026-06-04 21:29:53 UTC,,,28.95173,47.31229,1.007792,85642.52,,,,,,4,5,5
2026-06-04 21:30:53 UTC,,,28.95678,47.6995,1.007815,85469,,,,,,4,5,5
2026-06-04 21:31:53 UTC,,,28.81544,48.62561,1.007831,84611.91,,,,,,3,4,4
2026-06-04 21:32:53 UTC,,,28.6488,48.02172,1.007801,86079.38,,,,,,4,5,5
2026-06-04 21:33:53 UTC,,,28.54277,47.4217,1.007793,87326.65,,,,,,3,4,4
2026-06-04 21:34:53 UTC,,,28.54281,46.78113,1.007795,88610.59,,,,,,3,4,4
2026-06-04 21:35:53 UTC,,,28.47209,47.07384,1.007798,88703.74,,,,,,3,4,4
2026-06-04 21:36:53 UTC,,,28.70184,46.7348,1.007834,87963.93,,,,,,4,5,5
2026-06-04 21:37:53 UTC,,,28.84574,46.53451,1.007836,87507.79,,,,,,3,4,4
2026-06-04 21:38:53 UTC,,,28.80531,47.77306,1.007876,86343.64,,,,,,3,4,4
2026-06-04 21:39:53 UTC,,,28.80279,47.76529,1.007886,86343.64,,,,,,3,4,4
2026-06-04 21:40:54 UTC,,,28.89875,47.60183,1.007876,86079.38,,,,,,3,4,4
2026-06-04 21:41:54 UTC,,,29.00225,47.43465,1.007923,84952.69,,,,,,3,4,4
2026-06-04 21:42:54 UTC,,,28.85075,48.9497,1.00792,84022.12,,,,,,3,4,4
2026-06-04 21:43:54 UTC,,,28.77,48.35011,1.007924,85382.52,,,,,,3,4,4
2026-06-04 21:44:54 UTC,,,28.67155,47.75479,1.007888,86343.64,,,,,,3,4,4
2026-06-04 21:45:54 UTC,,,28.61346,46.85395,1.007902,87872.32,,,,,,3,4,4
2026-06-04 21:46:54 UTC,,,28.48979,46.38997,1.007873,89456.12,,,,,,3,4,4
2026-06-04 21:47:54 UTC,,,28.4595,45.79106,1.007869,90511.7,,,,,,3,4,4
2026-06-04 21:48:54 UTC,,,28.38377,46.08042,1.007898,90706.3,,,,,,3,4,4
2026-06-04 21:49:54 UTC,,,28.6488,45.77671,1.007912,89741.55,,,,,,4,5,5
2026-06-04 21:50:54 UTC,,,28.74981,45.71907,1.007932,89837.1,,,,,,3,4,4
2026-06-04 21:51:54 UTC,,,28.70689,46.94439,1.007922,88332.3,,,,,,3,4,4
2026-06-04 21:52:54 UTC,,,28.74735,47.09283,1.007951,87507.79,,,,,,3,4,4
2026-06-04 21:53:54 UTC,,,28.85842,46.85519,1.007958,87507.79,,,,,,3,4,4
2026-06-04 21:54:54 UTC,,,28.94674,46.74306,1.007985,87056.34,,,,,,3,4,4
2026-06-04 21:55:54 UTC,,,28.90888,47.97665,1.008027,85729.53,,,,,,3,4,4
2026-06-04 21:56:54 UTC,,,28.96697,47.93878,1.008036,84611.91,,,,,,3,4,4
2026-06-04 21:57:54 UTC,,,28.99726,47.95419,1.008061,84867.23,,,,,,3,4,4
2026-06-04 21:58:54 UTC,,,29.09821,47.90343,1.008095,84273.88,,,,,,3,4,4
2026-06-04 21:59:54 UTC,,,28.95182,49.12324,1.008089,83771.84,,,,,,4,5,5
2026-06-04 22:00:54 UTC,,,28.80793,48.80325,1.008084,84105.87,,,,,,3,4,4
2026-06-04 22:01:54 UTC,,,28.71197,48.05653,1.008094,85904.09,,,,,,4,5,5
2026-06-04 22:02:55 UTC,,,28.62617,47.29592,1.008116,87056.34,,,,,,4,5,5
2026-06-04 22:03:55 UTC,,,28.57064,46.56068,1.008127,88610.59,,,,,,4,5,5
2026-06-04 22:04:55 UTC,,,28.64381,46.55783,1.008133,88610.59,,,,,,4,6,6
2026-06-04 22:05:55 UTC,,,28.71194,46.5456,1.008156,87872.32,,,,,,4,5,5
2026-06-04 22:06:55 UTC,,,28.7902,46.50077,1.008161,88332.3,,,,,,3,4,4
2026-06-04 22:07:55 UTC,,,28.75482,47.47733,1.008182,86877.06,,,,,,4,6,6
2026-06-04 22:08:55 UTC,,,28.88613,47.4804,1.008202,86255.38,,,,,,4,5,5
2026-06-04 22:09:55 UTC,,,28.90127,47.5406,1.008213,86167.28,,,,,,4,5,5
2026-06-04 22:10:55 UTC,,,29.04261,47.25467,1.008227,85469,,,,,,4,5,5
2026-06-04 22:11:55 UTC,,,28.95934,48.38162,1.008232,84696.85,,,,,,4,5,5
2026-06-04 22:12:55 UTC,,,28.85583,48.50018,1.008234,84527.15,,,,,,3,4,4
2026-06-04 22:13:55 UTC,,,28.67152,47.90833,1.008245,86343.64,,,,,,4,5,5
2026-06-04 22:14:55 UTC,,,28.61093,47.01668,1.008229,87689.67,,,,,,3,4,4
2026-06-04 22:15:55 UTC,,,28.48727,46.59049,1.008213,89266.84,,,,,,4,5,5
2026-06-04 22:16:55 UTC,,,28.55795,46.16182,1.008252,89551.05,,,,,,3,4,4
2026-06-04 22:17:55 UTC,,,28.59579,46.22335,1.00823,88984.39,,,,,,3,4,4
2026-06-04 22:18:55 UTC,,,28.71191,46.10149,1.008219,89172.48,,,,,,3,4,4
2026-06-04 22:19:55 UTC,,,28.74223,46.22303,1.008226,88890.65,,,,,,3,4,4
2026-06-04 22:20:55 UTC,,,28.75485,47.33914,1.008255,87236.36,,,,,,4,5,5
2026-06-04 22:21:55 UTC,,,28.76748,47.42162,1.008236,86877.06,,,,,,4,5,5
2026-06-04 22:22:55 UTC,,,28.94163,47.01657,1.008222,86787.7,,,,,,4,5,5
2026-06-04 22:23:55 UTC,,,28.87852,47.32716,1.008225,86609.53,,,,,,3,4,4
2026-06-04 22:24:55 UTC,,,28.79777,48.59691,1.008224,85038.3,,,,,,3,4,4
2026-06-04 22:25:56 UTC,,,28.67657,47.94535,1.008227,86432.09,,,,,,3,4,4
2026-06-04 22:26:56 UTC,,,28.52258,47.32668,1.008211,87417.13,,,,,,4,5,5
2026-06-04 22:27:56 UTC,,,28.53776,46.53098,1.00822,88984.39,,,,,,3,4,4
2026-06-04 22:28:56 UTC,,,28.45694,46.14551,1.008262,89932.86,,,,,,4,5,5
2026-06-04 22:29:56 UTC,,,28.43422,46.36985,1.008248,89932.86,,,,,,3,4,4
2026-06-04 22:30:56 UTC,,,28.64627,46.07198,1.008283,89646.2,,,,,,4,6,6
2026-06-04 22:31:56 UTC,,,28.70437,46.07407,1.008315,89456.12,,,,,,4,5,5
2026-06-04 22:32:56 UTC,,,28.71948,47.31186,1.008335,87507.79,,,,,,3,4,4
2026-06-04 22:33:56 UTC,,,28.80784,47.07776,1.008377,87780.9,,,,,,3,4,4
2026-06-04 22:34:56 UTC,,,28.92147,46.90122,1.008382,86698.52,,,,,,4,5,5
2026-06-04 22:35:56 UTC,,,28.98455,46.91865,1.0084,86609.53,,,,,,4,5,5
2026-06-04 22:36:56 UTC,,,28.81039,48.54259,1.008394,85296.2,,,,,,4,6,6
2026-06-04 22:37:56 UTC,,,28.92147,48.14889,1.008418,85038.3,,,,,,4,6,6
2026-06-04 22:38:56 UTC,,,29.0527,47.9924,1.008442,84527.15,,,,,,4,6,6
2026-06-04 22:39:56 UTC,,,29.06031,47.97537,1.008441,84189.8,,,,,,4,6,6
2026-06-04 22:40:56 UTC,,,29.0073,49.10199,1.008434,83275.77,,,,,,4,6,6
2026-06-04 22:41:56 UTC,,,28.78259,48.8144,1.008452,84189.8,,,,,,4,5,5
2026-06-04 22:42:56 UTC,,,28.64122,48.12662,1.008464,86079.38,,,,,,4,6,6
2026-06-04 22:43:56 UTC,,,28.54533,47.31234,1.008476,87598.63,,,,,,4,6,6
2026-06-04 22:44:56 UTC,,,28.37367,47.54911,1.008467,88055.73,,,,,,4,6,6
2026-06-04 22:45:56 UTC,,,28.70686,46.94098,1.008514,87689.67,,,,,,4,6,6
2026-06-04 22:46:56 UTC,,,28.85078,46.8306,1.008494,87326.65,,,,,,4,6,6
2026-06-04 22:47:57 UTC,,,28.85078,47.03549,1.008497,86966.6,,,,,,4,6,6
2026-06-04 22:48:57 UTC,,,28.89619,47.9187,1.008524,85729.53,,,,,,4,6,6
2026-06-04 22:49:57 UTC,,,28.94166,47.64063,1.008539,85642.52,,,,,,5,7,7
2026-06-04 22:50:57 UTC,,,29.06284,47.5071,1.008562,85124.1,,,,,,4,6,6
2026-06-04 22:51:57 UTC,,,29.03254,47.87301,1.008552,84696.85,,,,,,4,6,6
2026-06-04 22:52:57 UTC,,,28.9013,48.86723,1.008546,83688.75,,,,,,5,7,7
2026-06-04 22:53:57 UTC,,,28.82813,47.98137,1.008585,85296.2,,,,,,4,6,6
2026-06-04 22:54:57 UTC,,,28.66401,47.32645,1.008612,86966.6,,,,,,4,6,6
2026-06-04 22:55:57 UTC,,,28.57821,46.72434,1.008616,88517.63,,,,,,4,6,6
2026-06-04 22:56:57 UTC,,,28.41917,46.21008,1.008582,89741.55,,,,,,4,6,6
2026-06-04 22:57:57 UTC,,,28.42166,45.65388,1.008615,90803.92,,,,,,4,6,6
2026-06-04 22:58:57 UTC,,,28.51254,45.69219,1.008639,90706.3,,,,,,4,6,6
2026-06-04 22:59:57 UTC,,,28.65644,45.51189,1.008636,90317.92,,,,,,4,6,6
2026-06-04 23:00:57 UTC,,,28.73722,45.48901,1.008645,89837.1,,,,,,4,6,6
2026-06-04 23:01:57 UTC,,,28.63876,46.98183,1.00865,88517.63,,,,,,5,7,7
2026-06-04 23:02:57 UTC,,,28.63627,47.02703,1.008688,88239.91,,,,,,4,6,6
2026-06-04 23:03:57 UTC,,,28.7322,46.80005,1.008699,87417.13,,,,,,4,6,6
2026-06-04 23:04:57 UTC,,,28.93917,46.52628,1.008708,87507.79,,,,,,5,7,7
2026-06-04 23:05:57 UTC,,,28.87098,47.82188,1.008728,86255.38,,,,,,4,6,6
2026-06-04 23:06:57 UTC,,,28.88609,47.83915,1.008765,85991.65,,,,,,5,7,7
2026-06-04 23:07:57 UTC,,,29.03759,47.47253,1.008775,85555.67,,,,,,4,6,6
2026-06-04 23:08:57 UTC,,,29.1108,47.57621,1.008796,84781.96,,,,,,5,7,7
2026-06-04 23:09:58 UTC,,,28.96435,48.68575,1.008812,83440.47,,,,,,6,8,8
2026-06-04 23:10:58 UTC,,,28.85328,48.2812,1.008838,84527.15,,,,,,7,10,10
2026-06-04 23:11:58 UTC,,,28.7801,47.65865,1.00883,85642.52,,,,,,8,11,11
2026-06-04 23:12:58 UTC,,,28.64126,46.76846,1.008823,87417.13,,,,,,10,14,14
2026-06-04 23:13:58 UTC,,,28.48976,46.40862,1.008824,88424.87,,,,,,10,14,14
2026-06-04 23:14:58 UTC,,,28.18686,46.30872,1.008877,89551.05,,,,,,10,14,14
2026-06-04 23:15:58 UTC,,,28.46707,45.71211,1.008871,89456.12,,,,,,11,16,18
2026-06-04 23:16:58 UTC,,,28.65385,45.46789,1.008891,89266.84,,,,,,11,16,18
2026-06-04 23:17:58 UTC,,,28.69929,45.58421,1.008915,88797.09,,,,,,11,16,18
2026-06-04 23:18:58 UTC,,,28.65388,45.93944,1.008916,87780.9,,,,,,11,16,18
2026-06-04 23:19:58 UTC,,,28.74981,46.74818,1.008946,86698.52,,,,,,11,16,18
2026-06-04 23:20:58 UTC,,,28.82049,46.52563,1.008974,86698.52,,,,,,11,16,18
2026-06-04 23:21:58 UTC,,,28.89367,46.45222,1.008981,86520.72,,,,,,11,16,18
2026-06-04 23:22:58 UTC,,,28.91386,46.76168,1.009022,85729.53,,,,,,11,16,18
2026-06-04 23:23:58 UTC,,,28.88107,47.92795,1.009034,84189.8,,,,,,12,17,20
2026-06-04 23:24:58 UTC,,,28.94924,47.67942,1.00903,84273.88,,,,,,12,17,20
2026-06-04 23:25:58 UTC,,,29.09814,47.32643,1.009048,83771.84,,,,,,12,17,20
2026-06-04 23:26:58 UTC,,,28.97196,47.96954,1.009032,83688.75,,,,,,13,18,21
2026-06-04 23:27:58 UTC,,,28.94924,48.61404,1.00906,82948.29,,,,,,13,19,22
2026-06-04 23:28:58 UTC,,,28.78764,47.92914,1.009081,83523.07,,,,,,13,19,22
2026-06-04 23:29:58 UTC,,,28.7523,46.98682,1.009105,84867.23,,,,,,13,19,22
2026-06-04 23:30:58 UTC,,,28.62359,46.54246,1.009101,86343.64,,,,,,14,20,23
2026-06-04 23:31:59 UTC,,,28.47717,46.0622,1.009122,87326.65,,,,,,14,20,23
2026-06-04 23:32:59 UTC,,,28.49229,45.66291,1.009144,88424.87,,,,,,14,20,23
2026-06-04 23:33:58 UTC,,,28.55543,45.73036,1.009182,88424.87,,,,,,14,20,23
2026-06-04 23:34:58 UTC,,,28.68165,45.61249,1.009187,87872.32,,,,,,14,20,23
2026-06-04 23:35:59 UTC,,,28.72204,45.69504,1.009175,87236.36,,,,,,14,20,23
2026-06-04 23:36:59 UTC,,,28.6867,46.98557,1.00919,85991.65,,,,,,14,20,23
2026-06-04 23:37:59 UTC,,,28.84065,46.62407,1.009185,85729.53,,,,,,14,20,23
2026-06-04 23:38:59 UTC,,,28.91134,46.54371,1.009167,85555.67,,,,,,14,20,23
2026-06-04 23:39:59 UTC,,,28.95176,46.60873,1.009189,84952.69,,,,,,14,20,23
2026-06-04 23:40:59 UTC,,,28.75987,48.40802,1.009179,83523.07,,,,,,14,20,23
2026-06-04 23:41:59 UTC,,,28.97445,47.83757,1.009202,83193.66,,,,,,14,20,23
2026-06-04 23:42:59 UTC,,,29.04012,47.67863,1.009231,82866.83,,,,,,14,20,23
2026-06-04 23:43:59 UTC,,,29.09565,47.70983,1.009237,82704.38,,,,,,14,20,23
2026-06-04 23:44:59 UTC,,,28.94668,48.97375,1.00924,81742.88,,,,,,14,20,23
2026-06-04 23:45:59 UTC,,,28.85583,48.38213,1.009258,82785.52,,,,,,14,20,23
2026-06-04 23:46:59 UTC,,,28.66145,47.74831,1.009297,84273.88,,,,,,15,21,24
2026-06-04 23:47:59 UTC,,,28.61851,46.93354,1.00929,85642.52,,,,,,14,20,23
2026-06-04 23:48:59 UTC,,,28.48724,46.42818,1.009324,86787.7,,,,,,14,20,23
2026-06-04 23:49:59 UTC,,,28.44183,46.60157,1.00935,86787.7,,,,,,14,20,23
2026-06-04 23:50:59 UTC,,,28.59837,46.374,1.009369,86877.06,,,,,,14,20,23
2026-06-04 23:51:59 UTC,,,28.79783,46.0477,1.009373,86609.53,,,,,,14,20,23
2026-06-04 23:52:59 UTC,,,28.76249,46.60345,1.00941,85555.67,,,,,,14,20,23
2026-06-04 23:53:59 UTC,,,28.80033,47.4348,1.009419,85124.1,,,,,,14,20,23
2026-06-04 23:54:59 UTC,,,28.88114,47.2161,1.009445,84358.13,,,,,,14,20,23
2026-06-04 23:55:59 UTC,,,28.96192,47.11839,1.009466,84358.13,,,,,,14,20,23
2026-06-04 23:56:59 UTC,,,28.98211,47.56002,1.00945,83938.52,,,,,,14,20,23
2026-06-04 23:58:00 UTC,,,28.97956,48.46812,1.009492,82704.38,,,,,,14,20,23
2026-06-04 23:59:00 UTC,,,29.0528,48.14851,1.009495,82301.02,,,,,,14,20,23
2026-06-05 00:00:00 UTC,,,29.0326,48.32322,1.009538,82301.02,,,,,,14,20,23
2026-06-05 00:01:00 UTC,,,29.05277,48.60197,1.009519,81901.58,,,,,,14,20,23
2026-06-05 00:02:00 UTC,,,28.93917,49.27591,1.009505,81427.33,,,,,,14,20,23
2026-06-05 00:03:00 UTC,,,28.83318,48.36742,1.009528,82785.52,,,,,,14,20,23
2026-06-05 00:04:00 UTC,,,28.77764,47.52359,1.009524,84189.8,,,,,,13,19,22
2026-06-05 00:05:00 UTC,,,28.63624,46.97622,1.009518,85991.65,,,,,,14,20,23
2026-06-05 00:06:00 UTC,,,28.50494,46.68181,1.009483,86966.6,,,,,,14,20,23
2026-06-05 00:07:00 UTC,,,28.47966,45.99454,1.009517,87507.79,,,,,,14,20,23
2026-06-05 00:08:00 UTC,,,28.4494,45.51649,1.009493,88984.39,,,,,,14,20,23
2026-06-05 00:09:00 UTC,,,28.38377,45.77667,1.009485,89078.34,,,,,,14,20,23
2026-06-05 00:10:00 UTC,,,28.58316,45.55156,1.009539,88797.09,,,,,,14,20,23
2026-06-05 00:11:00 UTC,,,28.71194,45.41346,1.009536,87963.93,,,,,,14,20,23
2026-06-05 00:12:00 UTC,,,28.69174,46.51514,1.009549,87326.65,,,,,,14,20,23
2026-06-05 00:13:00 UTC,,,28.75233,46.91452,1.009551,85991.65,,,,,,14,20,23
2026-06-05 00:14:00 UTC,,,28.88107,46.55591,1.00956,85469,,,,,,14,20,23
2026-06-05 00:15:00 UTC,,,28.92399,46.5169,1.009559,85904.09,,,,,,14,20,23
2026-06-05 00:16:00 UTC,,,28.91891,47.40445,1.009527,84611.91,,,,,,14,20,23
2026-06-05 00:17:00 UTC,,,28.95678,47.98711,1.009578,84189.8,,,,,,14,20,23
2026-06-05 00:18:00 UTC,,,28.9972,47.76991,1.009575,83605.83,,,,,,14,20,23
2026-06-05 00:19:00 UTC,,,29.04516,47.77892,1.009622,83688.75,,,,,,14,20,23
2026-06-05 00:20:00 UTC,,,28.97445,48.77363,1.009608,82301.02,,,,,,15,21,24
2026-06-05 00:21:01 UTC,,,28.77,49.06487,1.009653,82623.39,,,,,,14,20,23
2026-06-05 00:22:01 UTC,,,28.69424,48.39515,1.009675,83855.1,,,,,,14,20,23
2026-06-05 00:23:01 UTC,,,28.58067,47.65244,1.009632,85904.09,,,,,,14,20,23
2026-06-05 00:24:01 UTC,,,28.52513,46.95631,1.009633,86966.6,,,,,,14,20,23
2026-06-05 00:25:01 UTC,,,28.52766,46.23971,1.009637,87689.67,,,,,,13,19,22
2026-06-05 00:26:01 UTC,,,28.34587,46.15195,1.009616,88703.74,,,,,,14,20,23
2026-06-05 00:27:01 UTC,,,28.5731,45.82209,1.009664,88424.87,,,,,,13,19,22
2026-06-05 00:28:01 UTC,,,28.72961,45.66357,1.009653,88239.91,,,,,,14,20,23
2026-06-05 00:29:01 UTC,,,28.78764,45.64246,1.009689,88055.73,,,,,,14,20,23
2026-06-05 00:30:01 UTC,,,28.7599,47.04598,1.009683,86432.09,,,,,,14,20,23
2026-06-05 00:31:01 UTC,,,28.84574,46.98976,1.009681,86255.38,,,,,,13,19,22
2026-06-05 00:32:01 UTC,,,28.9038,46.87011,1.009667,85382.52,,,,,,14,20,23
2026-06-05 00:33:01 UTC,,,28.96943,46.76681,1.009687,85729.53,,,,,,13,19,22
2026-06-05 00:34:01 UTC,,,28.92399,48.14801,1.00975,84105.87,,,,,,13,19,22
2026-06-05 00:35:01 UTC,,,28.99467,48.10254,1.009702,83523.07,,,,,,14,20,23
2026-06-05 00:36:01 UTC,,,28.93156,48.26262,1.009727,83440.47,,,,,,14,20,23
2026-06-05 00:37:01 UTC,,,29.05526,47.97964,1.009681,83440.47,,,,,,13,19,22
2026-06-05 00:38:01 UTC,,,28.96183,49.23161,1.009755,82060.89,,,,,,13,18,21
2026-06-05 00:39:01 UTC,,,28.91134,48.71449,1.009763,82866.83,,,,,,13,19,22
2026-06-05 00:40:01 UTC,,,28.71951,48.08712,1.009724,84952.69,,,,,,13,19,22
2026-06-05 00:41:01 UTC,,,28.60336,47.48083,1.009748,86079.38,,,,,,13,19,22
2026-06-05 00:42:01 UTC,,,28.55792,46.86679,1.009781,87236.36,,,,,,13,19,22
2026-06-05 00:43:02 UTC,,,28.58572,46.66011,1.009787,87507.79,,,,,,13,18,21
2026-06-05 00:44:02 UTC,,,28.73971,46.50897,1.009762,87326.65,,,,,,12,17,20
2026-06-05 00:45:02 UTC,,,28.82803,46.50638,1.009804,86877.06,,,,,,13,19,22
2026-06-05 00:46:02 UTC,,,28.82298,46.78553,1.009823,86343.64,,,,,,12,17,20
2026-06-05 00:47:02 UTC,,,28.83311,47.7603,1.009792,85124.1,,,,,,13,19,22
2026-06-05 00:48:02 UTC,,,28.92652,47.56304,1.009816,84952.69,,,,,,13,19,22
2026-06-05 00:49:02 UTC,,,28.93406,47.60395,1.009835,84867.23,,,,,,13,18,21
2026-06-05 00:50:02 UTC,,,28.96438,47.88179,1.009807,84358.13,,,,,,13,19,22
2026-06-05 00:51:02 UTC,,,28.87354,48.85921,1.009818,83275.77,,,,,,13,18,21
2026-06-05 00:52:02 UTC,,,28.69181,48.35558,1.009817,84696.85,,,,,,13,18,21
2026-06-05 00:53:02 UTC,,,28.61604,47.55203,1.009815,86343.64,,,,,,13,19,22
2026-06-05 00:54:02 UTC,,,28.56808,46.81061,1.009798,87417.13,,,,,,13,19,22
2026-06-05 00:55:02 UTC,,,28.45956,46.27751,1.009797,88797.09,,,,,,13,19,22
2026-06-05 00:56:02 UTC,,,28.36364,45.8537,1.009815,89741.55,,,,,,13,18,21
2026-06-05 00:57:02 UTC,,,28.3939,45.80066,1.00988,90414.7,,,,,,13,18,21
2026-06-05 00:58:02 UTC,,,28.58074,45.47921,1.009856,89551.05,,,,,,12,17,20
2026-06-05 00:59:02 UTC,,,28.68424,45.50662,1.009836,89551.05,,,,,,13,18,21
2026-06-05 01:00:02 UTC,,,28.69686,45.8737,1.009871,88703.74,,,,,,12,17,20
2026-06-05 01:01:02 UTC,,,28.6842,47.11893,1.009883,87872.32,,,,,,12,17,20
2026-06-05 01:02:02 UTC,,,28.81547,46.75892,1.009906,87056.34,,,,,,13,18,21
2026-06-05 01:03:02 UTC,,,28.9493,46.53637,1.009908,86343.64,,,,,,12,17,20
2026-06-05 01:04:02 UTC,,,28.91645,47.02195,1.009907,86255.38,,,,,,12,17,20
2026-06-05 01:05:03 UTC,,,28.94172,47.89456,1.009953,84952.69,,,,,,13,18,21
2026-06-05 01:06:03 UTC,,,28.95425,47.89861,1.009938,84867.23,,,,,,13,19,22
2026-06-05 01:07:03 UTC,,,29.03002,47.7462,1.009945,84867.23,,,,,,12,17,20
2026-06-05 01:08:03 UTC,,,28.9972,48.13752,1.009961,84022.12,,,,,,12,17,20
2026-06-05 01:09:03 UTC,,,28.88357,49.28015,1.009986,83523.07,,,,,,12,17,20
2026-06-05 01:10:03 UTC,,,28.81036,48.4896,1.010009,84358.13,,,,,,12,17,20
2026-06-05 01:11:03 UTC,,,28.69679,47.80489,1.009954,85642.52,,,,,,12,17,20
2026-06-05 01:12:03 UTC,,,28.61598,47.05882,1.009981,87146.25,,,,,,12,17,20
2026-06-05 01:13:03 UTC,,,28.45442,46.69328,1.01002,88610.59,,,,,,12,17,20
2026-06-05 01:14:03 UTC,,,28.38882,46.52133,1.009996,89361.37,,,,,,12,17,19
2026-06-05 01:15:03 UTC,,,28.59077,46.18045,1.009968,88610.59,,,,,,12,17,19
2026-06-05 01:16:03 UTC,,,28.72453,46.0497,1.009955,88984.39,,,,,,12,17,19
2026-06-05 01:17:03 UTC,,,28.78259,46.01849,1.010001,88610.59,,,,,,12,17,20
2026-06-05 01:18:03 UTC,,,28.70689,47.67799,1.009989,86609.53,,,,,,12,17,20
2026-06-05 01:19:03 UTC,,,28.87852,47.81667,1.009942,86255.38,,,,,,12,17,19
2026-06-05 01:20:03 UTC,,,28.92904,47.94083,1.01,85729.53,,,,,,12,17,19
2026-06-05 01:21:03 UTC,,,28.9795,48.00199,1.009996,85642.52,,,,,,12,17,20
2026-06-05 01:22:03 UTC,,,28.94671,49.37765,1.01001,82704.38,,,,,,11,16,18
2026-06-05 01:23:03 UTC,,,28.85836,49.06438,1.010006,82461.89,,,,,,12,17,19
2026-06-05 01:24:03 UTC,,,28.77754,48.60862,1.010017,82948.29,,,,,,11,16,18
2026-06-05 01:25:03 UTC,,,28.72453,47.79853,1.010035,84189.8,,,,,,12,17,19
2026-06-05 01:26:03 UTC,,,28.62106,47.41846,1.010016,84781.96,,,,,,12,17,19
2026-06-05 01:27:03 UTC,,,28.60844,46.78046,1.010015,85729.53,,,,,,11,16,18
2026-06-05 01:28:04 UTC,,,28.57054,46.28246,1.00996,86787.7,,,,,,11,16,18
2026-06-05 01:29:04 UTC,,,28.51504,45.98174,1.010021,84358.13,,,,,,11,16,18
2026-06-05 01:30:04 UTC,,,28.49737,45.52632,1.009979,83688.75,,,,,,12,17,20
2026-06-05 01:31:04 UTC,,,28.39888,45.30696,1.009959,80265.41,,,,,,11,16,18
2026-06-05 01:32:04 UTC,,,28.34335,45.59629,1.009964,80418.41,,,,,,11,16,18
2026-06-05 01:33:04 UTC,,,28.60588,45.36775,1.009941,79734.46,,,,,,11,16,18
2026-06-05 01:34:04 UTC,,,28.70686,45.6237,1.009974,79584.05,,,,,,11,16,18
2026-06-05 01:35:04 UTC,,,28.73211,45.75686,1.009976,79359.48,,,,,,11,16,18
2026-06-05 01:36:04 UTC,,,28.76492,47.18639,1.010017,77679.07,,,,,,11,16,18
2026-06-05 01:37:04 UTC,,,28.84318,47.01681,1.009964,77894.2,,,,,,12,17,19
2026-06-05 01:38:04 UTC,,,28.90632,47.12544,1.009997,77040.73,,,,,,11,16,18
2026-06-05 01:39:04 UTC,,,28.98959,46.96513,1.010003,76830.27,,,,,,11,16,18
2026-06-05 01:40:04 UTC,,,28.95681,48.77703,1.010024,75120.2,,,,,,11,16,18
2026-06-05 01:41:04 UTC,,,28.83059,48.1334,1.009992,75931.43,,,,,,11,15,17
2026-06-05 01:42:04 UTC,,,28.80279,47.3458,1.009995,77040.73,,,,,,10,14,15
2026-06-05 01:43:04 UTC,,,28.76744,46.82243,1.009983,77536.3,,,,,,10,14,15
2026-06-05 01:44:04 UTC,,,28.64126,46.62347,1.009974,78255.43,,,,,,11,16,18
2026-06-05 01:45:04 UTC,,,28.54028,46.18267,1.009976,79509.05,,,,,,11,15,17
2026-06-05 01:46:04 UTC,,,28.49733,46.04589,1.009971,80037,,,,,,11,15,17
2026-06-05 01:47:04 UTC,,,28.4797,46.14772,1.00996,80112.99,,,,,,10,14,15
2026-06-05 01:48:04 UTC,,,28.67407,46.01114,1.009949,79734.46,,,,,,11,15,17
2026-06-05 01:49:04 UTC,,,28.78764,46.1202,1.009958,79434.2,,,,,,11,15,17
2026-06-05 01:50:05 UTC,,,28.69171,47.32203,1.009966,78620.02,,,,,,10,14,15
2026-06-05 01:51:05 UTC,,,28.78518,47.82278,1.009978,77465.12,,,,,,10,14,15
2026-06-05 01:52:05 UTC,,,28.86596,47.81755,1.009993,77040.73,,,,,,11,15,17
2026-06-05 01:53:05 UTC,,,28.93665,47.7178,1.009958,76830.27,,,,,,10,14,15
2026-06-05 01:54:05 UTC,,,28.92153,48.63183,1.009979,75931.43,,,,,,11,15,17
2026-06-05 01:55:05 UTC,,,28.93665,48.54035,1.009996,75388.67,,,,,,10,14,15
2026-06-05 01:56:05 UTC,,,28.87357,47.93142,1.009987,76620.96,,,,,,10,14,14
2026-06-05 01:57:05 UTC,,,28.76754,47.4273,1.00993,77323.13,,,,,,10,14,14
2026-06-05 01:58:05 UTC,,,28.70945,46.89612,1.009938,78328.08,,,,,,10,14,14
2026-06-05 01:59:05 UTC,,,28.65644,46.3759,1.009927,79284.91,,,,,,10,14,14
2026-06-05 02:00:05 UTC,,,28.54792,46.09614,1.009926,80418.41,,,,,,10,14,15
2026-06-05 02:01:05 UTC,,,28.48733,45.6203,1.009977,80649.02,,,,,,10,14,14
2026-06-05 02:02:05 UTC,,,28.41157,45.38603,1.009923,81901.58,,,,,,10,14,15
2026-06-05 02:03:05 UTC,,,28.36364,44.94241,1.009915,82542.56,,,,,,10,14,15
2026-06-05 02:04:05 UTC,,,28.37875,45.11413,1.009956,82948.29,,,,,,10,14,14
2026-06-05 02:05:05 UTC,,,28.50242,45.09258,1.009926,82301.02,,,,,,9,13,13
2026-06-05 02:06:05 UTC,,,28.61096,45.05832,1.009949,82301.02,,,,,,9,13,13
2026-06-05 02:07:05 UTC,,,28.68162,45.16357,1.009861,82060.89,,,,,,10,14,14
2026-06-05 02:08:05 UTC,,,28.66142,46.73649,1.009911,80495.14,,,,,,10,14,14
2026-06-05 02:09:05 UTC,,,28.69174,46.8615,1.009943,79961.14,,,,,,10,14,14
2026-06-05 02:10:05 UTC,,,28.79525,46.8469,1.00999,79659.18,,,,,,10,14,14
2026-06-05 02:11:05 UTC,,,28.90629,46.75071,1.010012,78693.34,,,,,,10,14,14
2026-06-05 02:12:05 UTC,,,28.86593,48.43201,1.009951,74195.4,,,,,,9,13,13
2026-06-05 02:13:06 UTC,,,28.8558,47.76979,1.010017,73612.81,,,,,,9,13,13
2026-06-05 02:14:06 UTC,,,28.75735,47.23238,1.010001,74787.27,,,,,,9,13,13
2026-06-05 02:15:06 UTC,,,28.68165,46.69297,1.009947,75999.82,,,,,,9,13,13
2026-06-05 02:16:06 UTC,,,28.60087,46.33788,1.009964,76900.3,,,,,,9,13,13
2026-06-05 02:17:06 UTC,,,28.54028,45.7466,1.010088,77750.66,,,,,,9,13,13
2026-06-05 02:18:06 UTC,,,28.46452,46.19771,1.010054,78182.91,,,,,,10,14,14
2026-06-05 02:19:06 UTC,,,28.41911,45.65821,1.010071,79062.04,,,,,,9,13,13
2026-06-05 02:20:06 UTC,,,28.26512,45.59272,1.010027,79734.46,,,,,,9,13,13
2026-06-05 02:21:06 UTC,,,28.33076,45.57201,1.010071,79584.05,,,,,,9,13,13
2026-06-05 02:22:06 UTC,,,28.4797,45.40821,1.010087,79210.48,,,,,,9,13,13
2026-06-05 02:23:06 UTC,,,28.58064,45.36158,1.010082,79136.19,,,,,,8,11,11
2026-06-05 02:24:06 UTC,,,28.54785,47.00002,1.010044,78038.29,,,,,,9,13,13
2026-06-05 02:25:06 UTC,,,28.64126,46.82631,1.010017,78038.29,,,,,,8,11,11
2026-06-05 02:26:06 UTC,,,28.76744,46.59201,1.010048,77536.3,,,,,,9,13,13
2026-06-05 02:27:06 UTC,,,28.78259,46.64579,1.010041,77536.3,,,,,,8,11,11
2026-06-05 02:28:06 UTC,,,28.82302,47.96797,1.010031,76274.64,,,,,,8,11,11
2026-06-05 02:29:06 UTC,,,28.71699,47.74646,1.010041,76551.45,,,,,,8,11,11
2026-06-05 02:30:06 UTC,,,28.64375,47.12881,1.010063,77536.3,,,,,,8,11,11
2026-06-05 02:31:06 UTC,,,28.5832,46.41263,1.010055,78693.34,,,,,,8,11,11
2026-06-05 02:32:06 UTC,,,28.55038,46.48693,1.01003,79359.48,,,,,,8,11,11
2026-06-05 02:33:06 UTC,,,28.66899,46.32666,1.009969,78400.86,,,,,,8,11,11
2026-06-05 02:34:06 UTC,,,28.73211,46.28937,1.01002,78473.77,,,,,,8,11,11
2026-06-05 02:35:06 UTC,,,28.73214,46.77211,1.010029,78546.83,,,,,,8,11,11
2026-06-05 02:36:06 UTC,,,28.77764,47.729,1.010024,77181.67,,,,,,8,11,11
2026-06-05 02:37:06 UTC,,,28.85589,47.56358,1.010008,77536.3,,,,,,8,11,11
2026-06-05 02:38:06 UTC,,,28.85839,47.65731,1.009999,77394.06,,,,,,8,11,11
2026-06-05 02:39:07 UTC,,,28.89878,47.86878,1.010067,77111.13,,,,,,8,11,11
2026-06-05 02:40:07 UTC,,,28.8256,49.06688,1.01,75931.43,,,,,,8,11,11
2026-06-05 02:41:07 UTC,,,28.82055,48.11086,1.010005,77040.73,,,,,,8,11,11
2026-06-05 02:42:07 UTC,,,28.70945,47.62338,1.009994,78182.91,,,,,,8,11,11
2026-06-05 02:43:07 UTC,,,28.70948,46.77519,1.009969,79359.48,,,,,,8,11,11
2026-06-05 02:44:07 UTC,,,28.59588,46.19821,1.009989,80341.84,,,,,,7,10,10
2026-06-05 02:45:07 UTC,,,28.47973,45.95321,1.009967,81663.77,,,,,,7,10,10
2026-06-05 02:46:07 UTC,,,28.46963,45.78628,1.009942,82140.77,,,,,,8,11,11
2026-06-05 02:47:07 UTC,,,28.63621,45.67777,1.009913,81505.99,,,,,,8,11,11
2026-06-05 02:48:07 UTC,,,28.68925,45.63277,1.009857,81348.84,,,,,,8,11,11
2026-06-05 02:49:07 UTC,,,28.72961,45.83009,1.009839,81270.47,,,,,,7,10,10
2026-06-05 02:50:07 UTC,,,28.75485,47.27446,1.009861,80189.13,,,,,,7,10,10
2026-06-05 02:51:07 UTC,,,28.84065,46.95762,1.009868,79885.44,,,,,,7,10,10
2026-06-05 02:52:07 UTC,,,28.90632,46.90096,1.00988,79659.18,,,,,,7,10,10
2026-06-05 02:53:07 UTC,,,28.93661,47.07151,1.009859,79284.91,,,,,,7,10,10
2026-06-05 02:54:07 UTC,,,28.90376,48.42736,1.009844,78110.54,,,,,,7,10,10
2026-06-05 02:55:07 UTC,,,28.86085,47.61087,1.00985,78988.02,,,,,,7,10,10
2026-06-05 02:56:07 UTC,,,28.72961,47.02232,1.009822,80341.84,,,,,,7,10,10
2026-06-05 02:57:07 UTC,,,28.66145,46.53644,1.009815,81270.47,,,,,,7,10,10
2026-06-05 02:58:07 UTC,,,28.54782,46.02929,1.009827,82461.89,,,,,,7,10,10
2026-06-05 02:59:07 UTC,,,28.53523,45.48727,1.009822,83275.77,,,,,,8,11,11
2026-06-05 03:00:07 UTC,,,28.49484,45.11346,1.009849,84358.13,,,,,,7,10,10
2026-06-05 03:01:08 UTC,,,28.37111,45.30897,1.00986,84527.15,,,,,,7,10,10
2026-06-05 03:02:08 UTC,,,28.50491,45.33443,1.009827,84358.13,,,,,,7,10,10
2026-06-05 03:03:08 UTC,,,28.63116,45.31089,1.009866,84189.8,,,,,,7,10,10
2026-06-05 03:04:08 UTC,,,28.62359,45.4775,1.009933,83523.07,,,,,,7,10,10
2026-06-05 03:05:08 UTC,,,28.66142,46.80867,1.009938,82140.77,,,,,,7,10,10
2026-06-05 03:06:08 UTC,,,28.81039,46.57333,1.009898,82461.89,,,,,,7,10,10
2026-06-05 03:07:08 UTC,,,28.83813,46.52638,1.00992,81663.77,,,,,,7,10,10
2026-06-05 03:08:08 UTC,,,28.9038,46.43959,1.009898,81427.33,,,,,,7,10,10
2026-06-05 03:09:08 UTC,,,28.86593,48.03928,1.009898,80418.41,,,,,,7,10,10
2026-06-05 03:10:08 UTC,,,28.75482,47.37531,1.009874,81270.47,,,,,,7,10,10
2026-06-05 03:11:08 UTC,,,28.59831,46.81691,1.009858,82140.77,,,,,,7,10,10
2026-06-05 03:12:08 UTC,,,28.58824,46.12427,1.009853,83440.47,,,,,,7,10,10
2026-06-05 03:13:08 UTC,,,28.53523,45.82726,1.009868,84358.13,,,,,,6,8,8
2026-06-05 03:14:08 UTC,,,28.50996,46.03002,1.009867,84442.55,,,,,,7,10,10
2026-06-05 03:15:08 UTC,,,28.65135,45.92921,1.009828,83938.52,,,,,,7,10,10
2026-06-05 03:16:08 UTC,,,28.78263,45.86804,1.009817,83605.83,,,,,,7,10,10
2026-06-05 03:17:08 UTC,,,28.81544,46.9678,1.009849,82623.39,,,,,,7,10,10
2026-06-05 03:18:08 UTC,,,28.84823,47.3326,1.009892,81742.88,,,,,,7,10,10
2026-06-05 03:19:08 UTC,,,28.94166,47.02287,1.009876,81663.77,,,,,,6,8,8
2026-06-05 03:20:08 UTC,,,29.01235,46.93356,1.009852,81114.21,,,,,,6,8,8
2026-06-05 03:21:08 UTC,,,28.98211,48.17234,1.009833,80341.84,,,,,,6,8,8
2026-06-05 03:22:08 UTC,,,28.73469,48.60408,1.009787,80341.84,,,,,,6,8,8
2026-06-05 03:23:08 UTC,,,28.74473,47.56431,1.009823,81584.8,,,,,,6,8,8
2026-06-05 03:24:09 UTC,,,28.71699,46.76669,1.009757,83029.91,,,,,,6,8,8
2026-06-05 03:25:09 UTC,,,28.55795,46.55647,1.00974,83523.07,,,,,,6,8,8
2026-06-05 03:26:09 UTC,,,28.59074,46.21262,1.009697,84781.96,,,,,,6,8,8
2026-06-05 03:27:09 UTC,,,28.66394,46.15529,1.009664,84273.88,,,,,,6,8,8
2026-06-05 03:28:09 UTC,,,28.7599,46.11981,1.009681,84105.87,,,,,,6,8,8
2026-06-05 03:29:09 UTC,,,28.69932,46.45702,1.009618,83523.07,,,,,,6,8,8
2026-06-05 03:30:09 UTC,,,28.81793,47.54245,1.009684,82301.02,,,,,,6,8,8
2026-06-05 03:31:09 UTC,,,28.85331,47.60879,1.0097,81663.77,,,,,,6,8,8
2026-06-05 03:32:09 UTC,,,28.91137,47.49126,1.00965,81822.16,,,,,,6,8,8
2026-06-05 03:33:09 UTC,,,28.96435,47.42367,1.009628,81901.58,,,,,,5,7,7
2026-06-05 03:34:09 UTC,,,28.82298,49.23377,1.009634,79885.44,,,,,,6,8,8
2026-06-05 03:35:09 UTC,,,28.79522,48.43367,1.009615,81036.31,,,,,,6,8,8
2026-06-05 03:36:09 UTC,,,28.80029,47.54495,1.009612,82140.77,,,,,,6,8,8
2026-06-05 03:37:09 UTC,,,28.67155,47.03209,1.009561,83029.91,,,,,,6,8,8
2026-06-05 03:38:09 UTC,,,28.65388,46.35816,1.009537,84358.13,,,,,,6,8,8
2026-06-05 03:39:09 UTC,,,28.55287,45.9463,1.009506,85210.06,,,,,,5,7,7
2026-06-05 03:40:09 UTC,,,28.50746,45.98309,1.009554,85469,,,,,,6,8,8
2026-06-05 03:41:09 UTC,,,28.47465,46.09403,1.009506,85555.67,,,,,,5,7,7
2026-06-05 03:42:09 UTC,,,28.70686,45.7991,1.009455,84696.85,,,,,,6,8,8
2026-06-05 03:43:09 UTC,,,28.73715,46.04196,1.009479,84867.23,,,,,,5,7,7
2026-06-05 03:44:09 UTC,,,28.73718,47.37064,1.009449,83111.71,,,,,,5,7,7
2026-06-05 03:45:09 UTC,,,28.87098,47.18739,1.009404,82785.52,,,,,,5,7,7
2026-06-05 03:46:09 UTC,,,28.9593,46.99397,1.009407,82542.56,,,,,,6,8,8
2026-06-05 03:47:10 UTC,,,28.97953,47.02491,1.009342,82381.38,,,,,,6,8,8
2026-06-05 03:48:10 UTC,,,28.9038,48.70967,1.009334,80649.02,,,,,,5,7,7
2026-06-05 03:49:10 UTC,,,28.69424,48.30711,1.009331,81427.33,,,,,,6,8,8
2026-06-05 03:50:10 UTC,,,28.60598,47.82688,1.009353,82461.89,,,,,,5,7,7
2026-06-05 03:51:10 UTC,,,28.66653,46.82768,1.009315,83440.47,,,,,,5,7,7
2026-06-05 03:52:10 UTC,,,28.5252,46.44688,1.009274,84781.96,,,,,,5,7,7
2026-06-05 03:53:10 UTC,,,28.51005,45.95687,1.00922,85555.67,,,,,,6,8,8
2026-06-05 03:54:10 UTC,,,28.54536,46.05597,1.009234,85382.52,,,,,,5,7,7
2026-06-05 03:55:10 UTC,,,28.64886,45.97095,1.009223,85469,,,,,,5,7,7
2026-06-05 03:56:10 UTC,,,28.75492,45.91739,1.009229,84867.23,,,,,,5,7,7
2026-06-05 03:57:10 UTC,,,28.7423,47.35643,1.009209,83358.04,,,,,,5,7,7
2026-06-05 03:58:10 UTC,,,28.81042,47.38993,1.009164,82785.52,,,,,,5,7,7
2026-06-05 03:59:10 UTC,,,28.8458,47.3764,1.009169,82461.89,,,,,,5,7,7
2026-06-05 04:00:10 UTC,,,28.93668,47.20434,1.00916,82301.02,,,,,,5,7,7
2026-06-05 04:01:10 UTC,,,28.76751,48.99308,1.009094,81036.31,,,,,,5,7,7
2026-06-05 04:02:10 UTC,,,28.76751,48.78509,1.009129,81114.21,,,,,,5,7,7
2026-06-05 04:03:10 UTC,,,28.7221,47.90113,1.009171,81981.16,,,,,,5,7,7
2026-06-05 04:04:10 UTC,,,28.57821,47.44641,1.009162,83358.04,,,,,,5,7,7
2026-06-05 04:05:10 UTC,,,28.53776,46.96008,1.009152,83688.75,,,,,,5,7,7
2026-06-05 04:06:10 UTC,,,28.54281,46.26332,1.00912,84781.96,,,,,,5,7,7
2026-06-05 04:07:10 UTC,,,28.61346,46.30164,1.00908,84781.96,,,,,,5,7,7
2026-06-05 04:08:10 UTC,,,28.68922,46.28908,1.009118,85124.1,,,,,,5,7,7
2026-06-05 04:09:10 UTC,,,28.7599,46.34401,1.009064,84611.91,,,,,,5,7,7
2026-06-05 04:10:11 UTC,,,28.63113,47.88048,1.009089,83358.04,,,,,,5,7,7
2026-06-05 04:11:11 UTC,,,28.77505,48.06891,1.009093,82060.89,,,,,,4,6,6
2026-06-05 04:12:11 UTC,,,28.91894,47.6766,1.009057,81742.88,,,,,,5,7,7
2026-06-05 04:13:11 UTC,,,28.96438,47.55125,1.009007,81584.8,,,,,,5,7,7
2026-06-05 04:14:11 UTC,,,28.87347,48.9518,1.009003,80803.48,,,,,,5,7,7
2026-06-05 04:15:11 UTC,,,28.85078,48.97354,1.008986,80265.41,,,,,,4,6,6
2026-06-05 04:16:11 UTC,,,28.74728,48.28744,1.009006,81270.47,,,,,,5,7,7
2026-06-05 04:17:11 UTC,,,28.74977,47.49086,1.008995,82140.77,,,,,,5,7,7
2026-06-05 04:18:11 UTC,,,28.71696,46.83379,1.008936,83688.75,,,,,,5,7,7
2026-06-05 04:19:11 UTC,,,28.59582,46.39416,1.008924,84611.91,,,,,,5,7,7
2026-06-05 04:20:11 UTC,,,28.61349,46.46031,1.008907,84022.12,,,,,,5,7,7
2026-06-05 04:21:11 UTC,,,28.73718,46.37035,1.008944,83688.75,,,,,,5,7,7
2026-06-05 04:22:11 UTC,,,28.8659,46.23265,1.008898,84022.12,,,,,,5,7,7
2026-06-05 04:23:11 UTC,,,28.8558,46.9121,1.008873,82866.83,,,,,,5,7,7
2026-06-05 04:24:11 UTC,,,28.83059,48.05889,1.008886,81348.84,,,,,,5,7,7
2026-06-05 04:25:11 UTC,,,28.97953,47.83453,1.008905,81348.84,,,,,,6,8,8
2026-06-05 04:26:11 UTC,,,29.0729,47.59447,1.008827,80726.18,,,,,,5,7,7
2026-06-05 04:27:11 UTC,,,28.84321,49.02498,1.008843,80265.41,,,,,,5,7,7
2026-06-05 04:28:11 UTC,,,28.86593,49.25574,1.008833,79210.48,,,,,,6,8,8
2026-06-05 04:29:11 UTC,,,28.82049,48.37996,1.00879,80189.13,,,,,,6,8,8
2026-06-05 04:30:11 UTC,,,28.76492,47.77771,1.008788,81348.84,,,,,,6,8,8
2026-06-05 04:31:11 UTC,,,28.71951,47.01643,1.008736,82461.89,,,,,,6,8,8
2026-06-05 04:32:12 UTC,,,28.60087,46.66721,1.008714,82866.83,,,,,,6,8,8
2026-06-05 04:33:12 UTC,,,28.46957,46.77051,1.008693,83771.84,,,,,,6,8,8
2026-06-05 04:34:12 UTC,,,28.68922,46.42254,1.008748,83440.47,,,,,,6,8,8
2026-06-05 04:35:12 UTC,,,28.78764,46.34994,1.008751,83605.83,,,,,,6,8,8
2026-06-05 04:36:12 UTC,,,28.80282,46.5479,1.008738,82704.38,,,,,,5,7,7
2026-06-05 04:37:12 UTC,,,28.79525,47.92656,1.008734,81348.84,,,,,,6,8,8
2026-06-05 04:38:12 UTC,,,28.91134,47.9098,1.008736,81036.31,,,,,,6,8,8
2026-06-05 04:39:12 UTC,,,28.91386,47.91719,1.00873,80649.02,,,,,,6,8,8
2026-06-05 04:40:12 UTC,,,28.99467,47.76815,1.008714,80572.01,,,,,,6,8,8
2026-06-05 04:41:12 UTC,,,28.94924,49.3109,1.008699,78620.02,,,,,,6,8,8
2026-06-05 04:42:12 UTC,,,28.86842,48.74569,1.008748,79584.05,,,,,,7,10,10
2026-06-05 04:43:12 UTC,,,28.80534,47.94597,1.008719,80803.48,,,,,,6,8,8
2026-06-05 04:44:12 UTC,,,28.79525,47.17005,1.008697,81901.58,,,,,,6,9,9
2026-06-05 04:45:12 UTC,,,28.6589,46.87491,1.008634,82785.52,,,,,,6,8,8
2026-06-05 04:46:12 UTC,,,28.64627,46.52293,1.00862,83605.83,,,,,,6,8,8
2026-06-05 04:47:12 UTC,,,28.71194,46.46,1.008635,83523.07,,,,,,6,9,9
2026-06-05 04:48:12 UTC,,,28.84321,46.39822,1.008617,82866.83,,,,,,6,9,9
2026-06-05 04:49:12 UTC,,,28.91639,47.04803,1.008569,82301.02,,,,,,6,8,8
2026-06-05 04:50:12 UTC,,,28.8937,48.41233,1.008585,80572.01,,,,,,6,8,8
2026-06-05 04:51:12 UTC,,,28.95934,48.6681,1.008595,80341.84,,,,,,6,8,8
2026-06-05 04:52:12 UTC,,,29.04772,48.64191,1.008613,79809.88,,,,,,7,10,10
2026-06-05 04:53:12 UTC,,,29.08057,48.73255,1.008561,79284.91,,,,,,7,10,10
2026-06-05 04:54:13 UTC,,,29.09063,49.96868,1.008626,78038.29,,,,,,6,9,9
2026-06-05 04:55:13 UTC,,,29.05529,49.38031,1.008597,78038.29,,,,,,6,8,8
2026-06-05 04:56:13 UTC,,,28.95937,48.93989,1.008565,78693.34,,,,,,6,8,8
2026-06-05 04:57:13 UTC,,,28.91143,48.27853,1.008564,79885.44,,,,,,6,8,8
2026-06-05 04:58:13 UTC,,,28.84324,47.6216,1.008467,80726.18,,,,,,6,8,8
2026-06-05 04:59:13 UTC,,,28.81803,47.20455,1.008489,81663.77,,,,,,6,8,8
2026-06-05 05:00:13 UTC,,,28.69938,46.84204,1.008438,82381.38,,,,,,6,8,8
2026-06-05 05:01:13 UTC,,,28.65138,47.87803,1.008468,82623.39,,,,,,6,8,8
2026-06-05 05:02:13 UTC,,,28.56559,48.94386,1.008445,82623.39,,,,,,6,8,8
2026-06-05 05:03:13 UTC,,,28.56811,49.73809,1.008403,83029.91,,,,,,6,8,8
2026-06-05 05:04:13 UTC,,,28.6009,50.00088,1.008426,83523.07,,,,,,5,7,7
2026-06-05 05:05:13 UTC,,,28.58572,50.29227,1.008389,83605.83,,,,,,5,7,7
2026-06-05 05:06:13 UTC,,,28.61346,50.43685,1.008406,84022.12,,,,,,5,7,7
2026-06-05 05:07:13 UTC,,,28.64122,50.82726,1.008363,84273.88,,,,,,5,7,7
2026-06-05 05:08:13 UTC,,,28.65388,51.3342,1.008366,84189.8,,,,,,5,7,7
2026-06-05 05:09:13 UTC,,,28.59326,51.95295,1.008385,83938.52,,,,,,5,7,7
2026-06-05 05:10:13 UTC,,,28.7523,52.47096,1.008375,65856.23,,,,,,5,7,7
2026-06-05 05:11:13 UTC,,,28.83813,53.37239,1.008341,29244.96,,,,,,6,9,9
2026-06-05 05:12:13 UTC,,,28.75738,52.53102,1.00827,29305.85,,,,,,6,8,8
2026-06-05 05:13:13 UTC,,,28.74977,51.28379,1.008278,30869.69,,,,,,6,9,9
2026-06-05 05:14:13 UTC,,,28.73211,50.08392,1.008288,32211.84,,,,,,7,10,10
2026-06-05 05:15:13 UTC,,,28.66398,49.32808,1.00822,33330.49,,,,,,6,8,8
2026-06-05 05:16:13 UTC,,,28.58569,48.73843,1.008198,34389.03,,,,,,6,8,8
2026-06-05 05:17:14 UTC,,,28.50996,48.04352,1.008224,35546.91,,,,,,6,8,8
2026-06-05 05:18:14 UTC,,,28.45442,47.37907,1.008158,36594.22,,,,,,6,8,8
2026-06-05 05:19:14 UTC,,,28.44432,46.75924,1.008156,37437.7,,,,,,6,8,8
2026-06-05 05:20:14 UTC,,,28.39636,46.32536,1.008142,38251.57,,,,,,6,8,8
2026-06-05 05:21:14 UTC,,,28.33076,46.47579,1.00812,38921.41,,,,,,6,9,9
2026-06-05 05:22:14 UTC,,,28.49232,46.27168,1.008141,39430.18,,,,,,6,9,9
2026-06-05 05:23:14 UTC,,,28.65132,46.17444,1.008098,39990.27,,,,,,6,8,8
2026-06-05 05:24:14 UTC,,,28.68922,46.32723,1.008094,40142.33,,,,,,6,8,8
2026-06-05 05:25:14 UTC,,,28.66398,47.86277,1.008124,40762.29,,,,,,5,7,7
2026-06-05 05:26:14 UTC,,,28.80531,47.73622,1.008087,41159.58,,,,,,5,7,7
2026-06-05 05:27:14 UTC,,,28.87855,47.57046,1.008062,41442.32,,,,,,5,7,7
2026-06-05 05:28:14 UTC,,,28.87098,47.909,1.007996,41483.04,,,,,,6,8,8
2026-06-05 05:29:14 UTC,,,28.92144,49.13522,1.007972,42356.8,,,,,,5,7,7
2026-06-05 05:30:14 UTC,,,28.75738,48.40177,1.007938,43091.56,,,,,,5,7,7
2026-06-05 05:31:14 UTC,,,28.70689,47.79458,1.007886,43716.08,,,,,,5,7,7
2026-06-05 05:32:14 UTC,,,28.66394,47.15921,1.007925,44312.41,,,,,,5,7,7
2026-06-05 05:33:14 UTC,,,28.56549,46.63379,1.007897,45117.23,,,,,,5,7,7
2026-06-05 05:34:14 UTC,,,28.50491,46.13344,1.007874,45802.31,,,,,,5,7,7
2026-06-05 05:35:14 UTC,,,28.41655,45.8,1.007843,46559.79,,,,,,5,7,7
2026-06-05 05:36:14 UTC,,,28.3383,45.44953,1.00785,47131.39,,,,,,5,7,7
2026-06-05 05:37:14 UTC,,,28.26509,45.09843,1.007838,47718.02,,,,,,5,7,7
2026-06-05 05:38:14 UTC,,,28.26007,44.67807,1.007854,48319.21,,,,,,5,7,7
2026-06-05 05:39:14 UTC,,,28.2727,44.80778,1.007788,48794.24,,,,,,5,7,7
2026-06-05 05:40:14 UTC,,,28.35092,44.8226,1.007752,49021.03,,,,,,5,7,7
2026-06-05 05:41:14 UTC,,,28.50242,44.62883,1.007831,48822.48,,,,,,5,7,7
2026-06-05 05:42:14 UTC,,,28.57054,44.81147,1.007739,49192.52,,,,,,5,7,7
2026-06-05 05:43:14 UTC,,,28.60083,46.39798,1.007707,49714.24,,,,,,4,6,6
2026-06-05 05:44:14 UTC,,,28.6766,46.43555,1.00775,49714.24,,,,,,5,7,7
2026-06-05 05:45:14 UTC,,,28.7624,46.13288,1.007762,49539.1,,,,,,5,7,7
2026-06-05 05:46:15 UTC,,,28.78259,46.26593,1.007743,49539.1,,,,,,5,7,7
2026-06-05 05:47:15 UTC,,,28.75987,48.07502,1.007716,50008.89,,,,,,4,6,6
2026-06-05 05:48:15 UTC,,,28.70184,47.61615,1.00773,50730.52,,,,,,4,6,6
2026-06-05 05:49:15 UTC,,,28.59579,46.9355,1.00765,51347.98,,,,,,4,6,6
2026-06-05 05:50:15 UTC,,,28.56057,46.37063,1.007681,52109.07,,,,,,4,6,6
2026-06-05 05:51:15 UTC,,,28.51002,45.72388,1.007605,52661.97,,,,,,5,7,7
2026-06-05 05:52:15 UTC,,,28.41665,45.39806,1.007599,53193.17,,,,,,4,6,6
2026-06-05 05:53:15 UTC,,,28.3182,45.0411,1.007602,54044.96,,,,,,4,6,6
2026-06-05 05:54:15 UTC,,,28.26768,44.63789,1.007611,54358.33,,,,,,5,7,7
2026-06-05 05:55:15 UTC,,,28.21217,44.39103,1.007607,55031.96,,,,,,4,6,6
2026-06-05 05:56:15 UTC,,,28.12634,44.40962,1.007573,55429.64,,,,,,5,7,7
2026-06-05 05:57:15 UTC,,,28.26515,44.3089,1.007563,55502.57,,,,,,4,6,6
2026-06-05 05:58:15 UTC,,,28.42166,44.22032,1.007598,55796.19,,,,,,4,6,6
2026-06-05 05:59:15 UTC,,,28.49491,44.27802,1.007623,55649,,,,,,4,5,5
2026-06-05 06:00:15 UTC,,,28.50245,45.7844,1.00764,56055.67,,,,,,4,6,6
2026-06-05 06:01:15 UTC,,,28.53274,46.35062,1.007659,55981.29,,,,,,4,6,6
2026-06-05 06:02:15 UTC,,,28.67919,46.08603,1.007661,56167.62,,,,,,4,6,6
2026-06-05 06:03:15 UTC,,,28.74984,45.98972,1.007673,55907.11,,,,,,4,6,6
2026-06-05 06:04:15 UTC,,,28.75488,47.27987,1.007661,55944.18,,,,,,4,6,6
2026-06-05 06:05:15 UTC,,,28.64122,47.7196,1.007665,56280.02,,,,,,4,6,6
2026-06-05 06:06:15 UTC,,,28.49481,47.14746,1.007581,57156.89,,,,,,4,6,6
2026-06-05 06:07:15 UTC,,,28.53015,46.47824,1.007582,57941.91,,,,,,4,6,6
2026-06-05 06:08:15 UTC,,,28.38374,46.0698,1.007565,58141.54,,,,,,4,6,6
2026-06-05 06:09:15 UTC,,,28.34335,45.62547,1.007547,58995.25,,,,,,4,6,6
2026-06-05 06:10:16 UTC,,,28.31053,45.05184,1.007581,59536.41,,,,,,4,6,6
2026-06-05 06:11:16 UTC,,,28.20703,44.92765,1.007544,60345.45,,,,,,4,6,6
2026-06-05 06:12:16 UTC,,,28.24994,44.96871,1.007512,60302.31,,,,,,5,7,7
2026-06-05 06:13:16 UTC,,,28.40396,44.76537,1.007499,60518.58,,,,,,4,6,6
2026-06-05 06:14:16 UTC,,,28.56297,44.60348,1.007541,60345.45,,,,,,4,5,5
2026-06-05 06:15:16 UTC,,,28.57815,45.01105,1.007527,60431.89,,,,,,5,7,7
2026-06-05 06:16:16 UTC,,,28.59582,46.47545,1.007541,60475.2,,,,,,4,6,6
2026-06-05 06:17:16 UTC,,,28.70686,46.4852,1.007587,60562.02,,,,,,4,6,6
2026-06-05 06:18:16 UTC,,,28.7801,46.30005,1.007519,60431.89,,,,,,4,6,6
2026-06-05 06:19:16 UTC,,,28.82049,46.31261,1.007499,60087.6,,,,,,4,6,6
2026-06-05 06:20:16 UTC,,,28.77253,48.00554,1.007476,60475.2,,,,,,5,7,7
2026-06-05 06:21:16 UTC,,,28.70437,47.37798,1.007485,60780.14,,,,,,4,5,5
2026-06-05 06:22:16 UTC,,,28.61598,46.73111,1.007489,61668.62,,,,,,4,5,5
2026-06-05 06:23:16 UTC,,,28.47966,46.30747,1.00745,62490.74,,,,,,4,5,5
2026-06-05 06:24:16 UTC,,,28.47212,45.75722,1.007467,62957.02,,,,,,4,5,5
2026-06-05 06:25:16 UTC,,,28.35849,45.44419,1.00738,63669.64,,,,,,4,6,6
2026-06-05 06:26:16 UTC,,,28.28276,45.05347,1.007409,64398.57,,,,,,4,6,6
2026-06-05 06:27:16 UTC,,,28.2247,44.77895,1.007377,65043.94,,,,,,4,6,6
2026-06-05 06:28:16 UTC,,,28.19693,44.36272,1.007373,65651.27,,,,,,4,6,6
2026-06-05 06:29:16 UTC,,,28.1212,44.14349,1.007381,66114.25,,,,,,4,5,5
2026-06-05 06:30:16 UTC,,,28.09346,44.38359,1.007419,66741.81,,,,,,4,6,6
2026-06-05 06:31:16 UTC,,,28.26764,44.08992,1.007422,66531.3,,,,,,4,5,5
2026-06-05 06:32:16 UTC,,,28.37869,44.09169,1.007414,66478.88,,,,,,4,5,5
2026-06-05 06:33:16 UTC,,,28.41406,44.32421,1.007406,66426.55,,,,,,4,5,5
2026-06-05 06:34:17 UTC,,,28.47714,45.70962,1.007413,65804.87,,,,,,3,4,4
2026-06-05 06:35:17 UTC,,,28.57562,45.93432,1.007376,66010.8,,,,,,4,5,5
2026-06-05 06:36:17 UTC,,,28.6488,45.91031,1.007406,65959.2,,,,,,4,5,5
2026-06-05 06:37:17 UTC,,,28.67152,46.03479,1.007433,65651.27,,,,,,4,5,5
2026-06-05 06:38:17 UTC,,,28.68417,47.34394,1.007395,65600.22,,,,,,4,6,6
2026-06-05 06:39:17 UTC,,,28.78512,47.52707,1.007408,65295.62,,,,,,4,6,6
2026-06-05 06:40:17 UTC,,,28.88609,47.24133,1.007413,65094.13,,,,,,4,6,6
2026-06-05 06:41:17 UTC,,,28.88862,47.05177,1.007394,64993.84,,,,,,4,6,6
2026-06-05 06:42:17 UTC,,,28.83059,48.76192,1.007375,64893.86,,,,,,4,6,6
2026-06-05 06:43:17 UTC,,,28.71191,48.23505,1.007364,65498.38,,,,,,4,6,6
2026-06-05 06:44:17 UTC,,,28.62863,47.37159,1.007341,66374.3,,,,,,4,5,5
2026-06-05 06:45:17 UTC,,,28.62106,46.62414,1.007282,67220.37,,,,,,4,5,5
2026-06-05 06:46:17 UTC,,,28.48471,46.37197,1.007296,67760.2,,,,,,4,6,6
2026-06-05 06:47:17 UTC,,,28.38882,45.80666,1.007257,68810.15,,,,,,4,5,5
2026-06-05 06:48:17 UTC,,,28.32571,45.37134,1.007241,69490.2,,,,,,4,6,6
2026-06-05 06:49:17 UTC,,,28.27266,45.07377,1.007209,70009.13,,,,,,4,5,5
2026-06-05 06:50:17 UTC,,,28.30557,44.93652,1.007154,70476.95,,,,,,4,5,5
2026-06-05 06:51:17 UTC,,,28.40399,44.90989,1.007182,69951.09,,,,,,4,5,5
2026-06-05 06:52:17 UTC,,,28.52769,44.72829,1.007185,70300.79,,,,,,4,5,5
2026-06-05 06:53:17 UTC,,,28.505,45.10061,1.007153,70009.13,,,,,,3,4,4
2026-06-05 06:54:17 UTC,,,28.6009,46.39612,1.00713,69318.93,,,,,,3,4,4
2026-06-05 06:55:17 UTC,,,28.65391,46.63324,1.007064,69433.02,,,,,,3,4,4
2026-06-05 06:56:17 UTC,,,28.79783,46.33385,1.007119,69604.85,,,,,,4,5,5
2026-06-05 06:57:18 UTC,,,28.82055,46.58316,1.007117,69148.51,,,,,,4,5,5
2026-06-05 06:58:18 UTC,,,28.7978,48.02628,1.007097,68866.3,,,,,,3,4,4
2026-06-05 06:59:18 UTC,,,28.6842,47.31246,1.007065,69604.85,,,,,,4,6,6
2026-06-05 07:00:18 UTC,,,28.61857,46.77898,1.007027,70535.87,,,,,,4,5,5
2026-06-05 07:01:18 UTC,,,28.54536,46.2874,1.007026,71250.64,,,,,,3,4,4
2026-06-05 07:02:18 UTC,,,28.47973,45.78564,1.006989,72164.73,,,,,,3,4,4
2026-06-05 07:03:18 UTC,,,28.40403,45.35521,1.006997,72599.38,,,,,,3,4,4
2026-06-05 07:04:18 UTC,,,28.31063,44.99515,1.006976,73420.64,,,,,,3,4,4
2026-06-05 07:05:18 UTC,,,28.31813,44.55638,1.006961,74195.4,,,,,,3,4,4
2026-06-05 07:06:18 UTC,,,28.24493,44.19901,1.006935,74787.27,,,,,,4,5,5
2026-06-05 07:07:18 UTC,,,28.18936,44.01865,1.00695,75187.13,,,,,,4,5,5
2026-06-05 07:08:18 UTC,,,28.24998,44.0774,1.006901,75659.08,,,,,,3,4,4
2026-06-05 07:09:18 UTC,,,28.39639,43.93067,1.006948,75591.29,,,,,,4,5,5
2026-06-05 07:10:18 UTC,,,28.46199,43.96573,1.006908,75120.2,,,,,,3,4,4
2026-06-05 07:11:18 UTC,,,28.41151,45.69677,1.006902,74457.3,,,,,,4,5,5
2026-06-05 07:12:18 UTC,,,28.563,45.95322,1.006952,74326.12,,,,,,4,5,5
2026-06-05 07:13:18 UTC,,,28.62863,45.92823,1.006921,74391.64,,,,,,3,4,4
2026-06-05 07:14:18 UTC,,,28.72958,45.62008,1.00692,73805.98,,,,,,3,4,4
2026-06-05 07:15:18 UTC,,,28.71194,47.06603,1.006894,73356.81,,,,,,4,5,5
2026-06-05 07:16:18 UTC,,,28.7599,47.37761,1.006883,73102.59,,,,,,3,4,4
2026-06-05 07:17:18 UTC,,,28.8457,47.44658,1.00686,72661.91,,,,,,4,5,5
2026-06-05 07:18:18 UTC,,,28.96183,46.90921,1.006856,72787.27,,,,,,4,5,5
2026-06-05 07:19:19 UTC,,,28.83816,48.41693,1.006911,72103.06,,,,,,3,4,4
2026-06-05 07:20:19 UTC,,,28.83055,48.41005,1.006889,72288.38,,,,,,3,4,4
2026-06-05 07:21:19 UTC,,,28.73466,47.59576,1.006857,73229.48,,,,,,3,4,4
2026-06-05 07:22:19 UTC,,,28.73971,46.87179,1.006821,74391.64,,,,,,3,4,4
2026-06-05 07:23:19 UTC,,,28.65385,46.26234,1.006808,74986.67,,,,,,3,4,4
2026-06-05 07:24:19 UTC,,,28.56553,45.81188,1.006823,75795.01,,,,,,3,4,4
2026-06-05 07:25:19 UTC,,,28.48471,45.41706,1.006739,76900.3,,,,,,4,5,5
2026-06-05 07:26:19 UTC,,,28.4519,44.84832,1.006752,77394.06,,,,,,3,4,4
2026-06-05 07:27:19 UTC,,,28.31305,44.63115,1.006777,78182.91,,,,,,3,4,4
2026-06-05 07:28:19 UTC,,,28.23231,44.41256,1.006738,78914.14,,,,,,4,5,5
2026-06-05 07:29:19 UTC,,,28.18182,44.11437,1.006727,80037,,,,,,4,5,5
2026-06-05 07:30:19 UTC,,,28.17926,43.81588,1.006747,79809.88,,,,,,3,4,4
2026-06-05 07:31:19 UTC,,,28.22473,43.87574,1.006728,80189.13,,,,,,3,4,4
2026-06-05 07:32:19 UTC,,,28.38629,43.76188,1.006736,80189.13,,,,,,3,4,4
2026-06-05 07:33:19 UTC,,,28.48724,43.74624,1.006734,79961.14,,,,,,3,4,4
2026-06-05 07:34:19 UTC,,,28.38121,45.64927,1.006699,78840.41,,,,,,3,4,4
2026-06-05 07:35:19 UTC,,,28.59326,45.6612,1.006787,78693.34,,,,,,3,4,4
2026-06-05 07:36:19 UTC,,,28.68919,45.45335,1.006756,78182.91,,,,,,3,4,4
2026-06-05 07:37:19 UTC,,,28.77253,45.26036,1.006797,78255.43,,,,,,3,4,4
2026-06-05 07:38:19 UTC,,,28.66394,47.13112,1.006784,77394.06,,,,,,4,5,5
2026-06-05 07:39:19 UTC,,,28.78512,47.17445,1.006788,77111.13,,,,,,3,4,4
2026-06-05 07:40:19 UTC,,,28.88613,46.90384,1.006827,76760.38,,,,,,3,4,4
2026-06-05 07:41:20 UTC,,,28.97196,46.62949,1.006782,76551.45,,,,,,3,4,4
2026-06-05 07:42:20 UTC,,,28.82803,48.40788,1.006826,76136.98,,,,,,3,4,4
2026-06-05 07:43:20 UTC,,,28.76997,48.2698,1.00682,76274.64,,,,,,3,4,4
2026-06-05 07:44:20 UTC,,,28.73466,47.58854,1.006786,77040.73,,,,,,3,4,4
2026-06-05 07:45:20 UTC,,,28.63365,46.84505,1.006765,78473.77,,,,,,3,4,4
2026-06-05 07:46:20 UTC,,,28.58569,46.29545,1.006705,79584.05,,,,,,3,4,4
2026-06-05 07:47:20 UTC,,,28.50999,45.67881,1.006789,80265.41,,,,,,3,4,4
2026-06-05 07:48:20 UTC,,,28.46455,45.19304,1.006723,80958.55,,,,,,4,6,6
2026-06-05 07:49:20 UTC,,,28.37364,44.81568,1.006725,81901.58,,,,,,4,5,5
2026-06-05 07:50:20 UTC,,,28.29292,44.49681,1.006725,82785.52,,,,,,4,5,5
2026-06-05 07:51:20 UTC,,,28.2803,44.10681,1.006792,82948.29,,,,,,4,5,5
2026-06-05 07:52:20 UTC,,,28.23994,43.69091,1.006772,83938.52,,,,,,3,4,4
2026-06-05 07:53:20 UTC,,,28.12382,43.58462,1.006765,84527.15,,,,,,3,4,4
2026-06-05 07:54:20 UTC,,,28.08845,43.24727,1.006771,85555.67,,,,,,3,4,4
2026-06-05 07:55:20 UTC,,,28.13641,43.41474,1.006706,84952.69,,,,,,3,4,4
2026-06-05 07:56:20 UTC,,,28.23489,43.33581,1.00674,85124.1,,,,,,4,5,5
2026-06-05 07:57:20 UTC,,,28.38632,43.22287,1.006681,84867.23,,,,,,4,5,5
2026-06-05 07:58:20 UTC,,,28.35603,44.25096,1.006706,84105.87,,,,,,3,4,4
2026-06-05 07:59:20 UTC,,,28.45199,45.28887,1.006736,83771.84,,,,,,3,4,4
2026-06-05 08:00:20 UTC,,,28.58326,45.09274,1.006781,82785.52,,,,,,3,4,4
2026-06-05 08:01:20 UTC,,,28.72709,44.76097,1.006759,82785.52,,,,,,4,5,5
2026-06-05 08:02:20 UTC,,,28.68417,45.73117,1.006772,82220.82,,,,,,4,5,5
2026-06-05 08:03:20 UTC,,,28.72709,46.62414,1.006736,81584.8,,,,,,3,4,4
2026-06-05 08:04:21 UTC,,,28.84823,46.60023,1.006774,81036.31,,,,,,3,4,4
2026-06-05 08:05:21 UTC,,,28.90376,46.50213,1.006724,80803.48,,,,,,3,4,4
2026-06-05 08:06:21 UTC,,,28.92396,46.71158,1.006715,79809.88,,,,,,3,4,4
2026-06-05 08:07:21 UTC,,,28.85836,48.04647,1.006717,79584.05,,,,,,3,4,4
2026-06-05 08:08:21 UTC,,,28.70437,47.50331,1.006784,80803.48,,,,,,3,4,4
2026-06-05 08:09:21 UTC,,,28.61598,46.8499,1.006791,81742.88,,,,,,4,5,5
2026-06-05 08:10:21 UTC,,,28.59326,46.10858,1.006792,82785.52,,,,,,3,4,4
2026-06-05 08:11:21 UTC,,,28.55543,45.54979,1.006791,83688.75,,,,,,3,4,4
2026-06-05 08:12:21 UTC,,,28.44435,45.16653,1.006755,84696.85,,,,,,3,4,4
2026-06-05 08:13:21 UTC,,,28.40393,44.78352,1.006819,85124.1,,,,,,4,5,5
2026-06-05 08:14:21 UTC,,,28.31309,44.38111,1.006744,86255.38,,,,,,3,4,4
2026-06-05 08:15:21 UTC,,,28.27522,44.02038,1.006729,86966.6,,,,,,3,4,4
2026-06-05 08:16:21 UTC,,,28.19946,44.34035,1.006748,87872.32,,,,,,3,4,4
2026-06-05 08:17:21 UTC,,,28.2348,43.98003,1.006682,88517.63,,,,,,3,4,4
2026-06-05 08:18:21 UTC,,,28.21716,43.79083,1.00667,89266.84,,,,,,3,4,4
2026-06-05 08:19:21 UTC,,,28.1591,43.62603,1.006702,90414.7,,,,,,3,4,4
2026-06-05 08:20:21 UTC,,,28.18182,43.55183,1.006673,90221.34,,,,,,4,5,5
2026-06-05 08:21:21 UTC,,,28.11366,43.92844,1.006674,90511.7,,,,,,3,4,4
2026-06-05 08:22:21 UTC,,,28.37111,43.80914,1.006694,90028.81,,,,,,3,4,4
2026-06-05 08:23:21 UTC,,,28.54785,43.65924,1.00662,90124.98,,,,,,4,5,5
2026-06-05 08:24:21 UTC,,,28.54533,44.65741,1.006691,88517.63,,,,,,3,4,4
2026-06-05 08:25:21 UTC,,,28.66394,45.37035,1.006671,87056.34,,,,,,3,4,4
2026-06-05 08:26:22 UTC,,,28.74981,45.35378,1.00669,86609.53,,,,,,3,4,4
2026-06-05 08:27:22 UTC,,,28.84068,45.483,1.006626,85816.73,,,,,,3,4,4
2026-06-05 08:28:22 UTC,,,28.83059,46.11811,1.006597,84952.69,,,,,,4,5,5
2026-06-05 08:29:22 UTC,,,28.72705,47.22891,1.00665,83688.75,,,,,,3,4,4
2026-06-05 08:30:22 UTC,,,28.66903,46.68871,1.006684,84273.88,,,,,,3,4,4
2026-06-05 08:31:22 UTC,,,28.55795,46.25176,1.006656,85210.06,,,,,,3,4,4
2026-06-05 08:32:22 UTC,,,28.51504,45.83846,1.006685,85904.09,,,,,,3,4,4
2026-06-05 08:33:22 UTC,,,28.53523,45.09701,1.006664,86698.52,,,,,,3,4,4
2026-06-05 08:34:22 UTC,,,28.50242,44.75451,1.006665,87236.36,,,,,,4,5,5
2026-06-05 08:35:22 UTC,,,28.44438,44.46175,1.006647,87598.63,,,,,,3,4,4
2026-06-05 08:36:22 UTC,,,28.40403,44.18433,1.006613,88517.63,,,,,,3,4,4
2026-06-05 08:37:22 UTC,,,28.33587,43.81443,1.006669,89646.2,,,,,,3,4,4
2026-06-05 08:38:22 UTC,,,28.29545,43.75266,1.006607,89741.55,,,,,,3,4,4
2026-06-05 08:39:22 UTC,,,28.25761,43.43306,1.006665,90803.92,,,,,,3,4,4
2026-06-05 08:40:22 UTC,,,28.33082,43.64633,1.00665,90317.92,,,,,,3,4,4
2026-06-05 08:41:22 UTC,,,28.44943,43.61144,1.006634,90124.98,,,,,,3,4,4
2026-06-05 08:42:22 UTC,,,28.58323,43.59044,1.00668,90414.7,,,,,,3,4,4
2026-06-05 08:43:22 UTC,,,28.6287,44.05544,1.006677,89078.34,,,,,,3,4,4
2026-06-05 08:44:22 UTC,,,28.69181,45.34377,1.006667,87598.63,,,,,,3,4,4
2026-06-05 08:45:22 UTC,,,28.81042,45.03273,1.006644,87146.25,,,,,,3,4,4
2026-06-05 08:46:22 UTC,,,28.87861,45.19814,1.006718,86432.09,,,,,,3,4,4
2026-06-05 08:47:22 UTC,,,28.95182,45.02546,1.006679,85469,,,,,,3,4,4
2026-06-05 08:48:22 UTC,,,28.85081,46.92475,1.006702,84189.8,,,,,,3,4,4
2026-06-05 08:49:22 UTC,,,28.82809,46.28452,1.00668,84867.23,,,,,,3,4,4
2026-06-05 08:50:22 UTC,,,28.73211,45.89026,1.006667,85469,,,,,,3,4,4
2026-06-05 08:51:22 UTC,,,28.6766,45.35572,1.006709,85991.65,,,,,,3,4,4
2026-06-05 08:52:23 UTC,,,28.64378,44.85289,1.006737,87236.36,,,,,,3,4,4
2026-06-05 08:53:23 UTC,,,28.53776,44.65924,1.006735,87598.63,,,,,,3,4,4
2026-06-05 08:54:23 UTC,,,28.47714,44.39439,1.00679,88332.3,,,,,,3,4,4
2026-06-05 08:55:23 UTC,,,28.43173,44.04754,1.006857,88890.65,,,,,,3,4,4
2026-06-05 08:56:23 UTC,,,28.35348,43.88592,1.006806,89646.2,,,,,,3,4,4
2026-06-05 08:57:23 UTC,,,28.35092,43.56023,1.006829,90317.92,,,,,,3,4,4
2026-06-05 08:58:23 UTC,,,28.28784,43.34527,1.006855,90608.89,,,,,,3,4,4
2026-06-05 08:59:23 UTC,,,28.25499,43.68128,1.006859,91098.05,,,,,,3,4,4
2026-06-05 09:00:23 UTC,,,28.49986,43.48442,1.006848,90414.7,,,,,,3,4,4
2026-06-05 09:01:23 UTC,,,28.65388,43.58018,1.006859,90028.81,,,,,,3,4,4
2026-06-05 09:02:23 UTC,,,28.73718,44.07391,1.006897,88890.65,,,,,,3,4,4
2026-06-05 09:03:23 UTC,,,28.74476,45.2826,1.006933,87146.25,,,,,,3,4,4
2026-06-05 09:04:23 UTC,,,28.82046,45.24869,1.006889,86520.72,,,,,,4,5,5
2026-06-05 09:05:23 UTC,,,28.97701,45.70283,1.006923,86167.28,,,,,,3,4,4
2026-06-05 09:06:23 UTC,,,28.99969,45.72636,1.006921,85038.3,,,,,,3,4,4
2026-06-05 09:07:23 UTC,,,28.88613,46.87867,1.007002,84189.8,,,,,,3,4,4
2026-06-05 09:08:23 UTC,,,28.75738,46.27449,1.007,85210.06,,,,,,3,4,4
2026-06-05 09:09:23 UTC,,,28.73968,45.59349,1.007014,86255.38,,,,,,3,4,4
2026-06-05 09:10:23 UTC,,,28.61093,45.13183,1.007011,87146.25,,,,,,4,5,5
2026-06-05 09:11:23 UTC,,,28.55795,44.63755,1.006976,88703.74,,,,,,3,4,4
2026-06-05 09:12:23 UTC,,,28.4797,44.11626,1.006991,89361.37,,,,,,3,4,4
2026-06-05 09:13:23 UTC,,,28.4418,43.77982,1.00696,89837.1,,,,,,3,4,4
2026-06-05 09:14:24 UTC,,,28.40144,43.35282,1.006945,90803.92,,,,,,3,4,4
2026-06-05 09:15:24 UTC,,,28.28279,43.14924,1.006958,91791.78,,,,,,3,4,4
2026-06-05 09:16:24 UTC,,,28.17169,42.98302,1.006899,92496.16,,,,,,3,4,4
2026-06-05 09:17:24 UTC,,,28.1414,42.7209,1.006894,93005.96,,,,,,3,4,4
2026-06-05 09:18:24 UTC,,,28.05307,42.89439,1.006891,93937.88,,,,,,3,4,4
2026-06-05 09:19:24 UTC,,,28.22221,42.64455,1.00696,93625.17,,,,,,4,5,5
2026-06-05 09:20:24 UTC,,,28.32823,42.58728,1.006966,93625.17,,,,,,3,4,4
2026-06-05 09:21:24 UTC,,,28.43426,42.58923,1.006996,93108.59,,,,,,3,4,4
2026-06-05 09:22:24 UTC,,,28.4519,44.22262,1.006982,91394.06,,,,,,3,4,4
2026-06-05 09:23:24 UTC,,,28.49989,44.67987,1.007023,90706.3,,,,,,3,4,4
2026-06-05 09:24:24 UTC,,,28.64378,44.29953,1.007005,90124.98,,,,,,4,5,5
2026-06-05 09:25:24 UTC,,,28.73463,44.09419,1.00705,89837.1,,,,,,4,5,5
2026-06-05 09:26:24 UTC,,,28.6766,45.48991,1.007024,88610.59,,,,,,3,4,4
2026-06-05 09:27:24 UTC,,,28.6186,45.90055,1.007069,88055.73,,,,,,4,5,5
2026-06-05 09:28:24 UTC,,,28.54792,45.41672,1.007077,89078.34,,,,,,3,4,4
2026-06-05 09:29:24 UTC,,,28.45196,44.86398,1.007065,90221.34,,,,,,3,4,4
2026-06-05 09:30:24 UTC,,,28.41413,44.26997,1.007062,90999.79,,,,,,3,4,4
2026-06-05 09:31:24 UTC,,,28.4116,43.76355,1.007076,91891.75,,,,,,4,5,5
2026-06-05 09:32:24 UTC,,,28.32826,43.44586,1.007074,92903.55,,,,,,4,5,5
2026-06-05 09:33:24 UTC,,,28.28535,43.03224,1.007057,93521.39,,,,,,4,6,6
2026-06-05 09:34:24 UTC,,,28.30053,43.12956,1.007095,93937.88,,,,,,4,6,6
2026-06-05 09:35:24 UTC,,,28.38879,43.05663,1.007091,93729.17,,,,,,4,6,6
2026-06-05 09:36:25 UTC,,,28.43678,43.23125,1.007132,93521.39,,,,,,4,5,5
2026-06-05 09:37:25 UTC,,,28.57057,43.23778,1.007113,93005.96,,,,,,4,6,6
2026-06-05 09:38:25 UTC,,,28.59074,44.61108,1.007192,91196.5,,,,,,4,6,6
2026-06-05 09:39:25 UTC,,,28.71446,44.71029,1.00718,90414.7,,,,,,4,6,6
2026-06-05 09:40:25 UTC,,,28.78263,44.39206,1.007219,90124.98,,,,,,4,6,6
2026-06-05 09:41:25 UTC,,,28.72961,44.90774,1.007197,89932.86,,,,,,5,7,7
2026-06-05 09:42:25 UTC,,,28.77754,46.24276,1.007195,88424.87,,,,,,5,7,7
2026-06-05 09:43:25 UTC,,,28.65135,45.52552,1.007166,89837.1,,,,,,4,6,6
2026-06-05 09:44:25 UTC,,,28.54533,45.18174,1.007195,90221.34,,,,,,4,6,6
2026-06-05 09:45:25 UTC,,,28.54025,44.51274,1.007209,91098.05,,,,,,4,6,6
2026-06-05 09:46:25 UTC,,,28.46455,44.08588,1.007184,92293.81,,,,,,4,6,6
2026-06-05 09:47:25 UTC,,,28.37367,43.76991,1.007176,93729.17,,,,,,4,6,6
2026-06-05 09:48:25 UTC,,,28.36102,43.19579,1.007193,93833.41,,,,,,4,6,6
2026-06-05 09:49:25 UTC,,,28.28529,43.61993,1.007222,93729.17,,,,,,5,7,7
2026-06-05 09:50:25 UTC,,,28.50491,43.24638,1.007196,94463.73,,,,,,5,7,7
2026-06-05 09:51:25 UTC,,,28.59579,43.36743,1.007198,93314.53,,,,,,4,5,5
2026-06-05 09:52:25 UTC,,,28.62359,43.63356,1.007233,93005.96,,,,,,4,5,5
2026-06-05 09:53:25 UTC,,,28.60592,45.01587,1.007254,91692.02,,,,,,4,6,6
2026-06-05 09:54:25 UTC,,,28.72958,44.83587,1.007235,90901.76,,,,,,4,5,5
2026-06-05 09:55:25 UTC,,,28.79777,44.6128,1.007265,90608.89,,,,,,4,5,5
2026-06-05 09:56:25 UTC,,,28.86341,44.94461,1.007232,90028.81,,,,,,5,7,7
2026-06-05 09:57:25 UTC,,,28.78515,46.34133,1.007241,88703.74,,,,,,4,6,6
2026-06-05 09:58:26 UTC,,,28.71696,45.59166,1.007233,89741.55,,,,,,4,6,6
2026-06-05 09:59:26 UTC,,,28.64126,45.08595,1.007223,90221.34,,,,,,5,7,7
2026-06-05 10:00:26 UTC,,,28.5731,44.53418,1.007195,91791.78,,,,,,5,7,7
2026-06-05 10:01:26 UTC,,,28.47209,44.16024,1.007188,92903.55,,,,,,4,6,6
2026-06-05 10:02:26 UTC,,,28.41911,43.68696,1.007214,94042.59,,,,,,5,7,7
2026-06-05 10:03:26 UTC,,,28.40144,43.24475,1.007193,94782.08,,,,,,4,6,6
2026-06-05 10:04:26 UTC,,,28.28532,43.09373,1.007138,95102.57,,,,,,5,7,7
2026-06-05 10:05:26 UTC,,,28.30299,42.91603,1.007159,94168.52,,,,,,4,6,6
2026-06-05 10:06:26 UTC,,,28.41403,42.89336,1.007158,94063.55,,,,,,5,7,7
2026-06-05 10:07:26 UTC,,,28.54277,42.79893,1.007127,95209.89,,,,,,4,6,6
2026-06-05 10:08:26 UTC,,,28.5807,42.83079,1.007116,95102.57,,,,,,4,6,6
2026-06-05 10:09:26 UTC,,,28.65142,44.27887,1.007133,93005.96,,,,,,4,6,6
2026-06-05 10:10:26 UTC,,,28.66401,44.5321,1.0071,92496.16,,,,,,5,7,7
2026-06-05 10:11:26 UTC,,,28.712,44.42099,1.007061,92192.97,,,,,,5,7,7
2026-06-05 10:12:26 UTC,,,28.80036,44.28511,1.007108,92293.81,,,,,,4,6,6
2026-06-05 10:13:26 UTC,,,28.77761,45.9128,1.00708,90221.34,,,,,,4,6,6
2026-06-05 10:14:26 UTC,,,28.86848,45.99996,1.007052,89456.12,,,,,,5,7,7
2026-06-05 10:15:26 UTC,,,28.96694,45.56636,1.007075,89646.2,,,,,,4,6,6
2026-06-05 10:16:26 UTC,,,29.04772,45.71431,1.007071,89078.34,,,,,,4,6,6
2026-06-05 10:17:26 UTC,,,28.94668,47.06944,1.007094,87598.63,,,,,,5,7,7
2026-06-05 10:18:26 UTC,,,28.87603,46.57206,1.007084,88332.3,,,,,,5,7,7
2026-06-05 10:19:26 UTC,,,28.80029,45.9697,1.007045,89361.37,,,,,,5,7,7
2026-06-05 10:20:27 UTC,,,28.73971,45.3209,1.007054,90221.34,,,,,,5,7,7
2026-06-05 10:21:27 UTC,,,28.58067,44.98468,1.00702,91592.49,,,,,,5,7,7
2026-06-05 10:22:27 UTC,,,28.55038,44.49073,1.007039,92903.55,,,,,,6,8,8
2026-06-05 10:23:27 UTC,,,28.52258,43.96058,1.007081,93417.85,,,,,,5,7,7
2026-06-05 10:24:27 UTC,,,28.563,44.04594,1.007072,93833.41,,,,,,6,8,8
2026-06-05 10:25:27 UTC,,,28.65135,43.9315,1.007089,93314.53,,,,,,5,7,7
2026-06-05 10:26:27 UTC,,,28.78764,43.90689,1.007103,93005.96,,,,,,5,7,7
2026-06-05 10:27:27 UTC,,,28.84068,44.4167,1.007114,92092.34,,,,,,6,8,8
2026-06-05 10:28:27 UTC,,,28.85583,45.2837,1.007136,90706.3,,,,,,6,8,8
2026-06-05 10:29:27 UTC,,,28.89367,45.36832,1.007139,90608.89,,,,,,5,7,7
2026-06-05 10:30:27 UTC,,,28.98455,45.11208,1.007136,90124.98,,,,,,5,7,7
2026-06-05 10:31:27 UTC,,,28.96435,45.77888,1.007149,89456.12,,,,,,6,8,8
2026-06-05 10:32:27 UTC,,,28.87603,46.65888,1.007201,88332.3,,,,,,6,8,8
2026-06-05 10:33:27 UTC,,,28.82551,45.81096,1.007217,89741.55,,,,,,6,8,8
2026-06-05 10:34:31 UTC,,,28.6867,45.51583,1.007233,91295.18,,,,,,7,10,10
2026-06-05 10:35:31 UTC,,,28.63618,44.69426,1.00724,91098.05,,,,,,6,8,8
2026-06-05 10:36:31 UTC,,,28.58064,44.37143,1.007271,92496.16,,,,,,6,8,8
2026-06-05 10:37:31 UTC,,,28.62611,44.25033,1.007293,93108.59,,,,,,6,8,8
2026-06-05 10:38:31 UTC,,,28.72958,44.06026,1.00729,92903.55,,,,,,5,7,7
2026-06-05 10:39:31 UTC,,,28.86085,43.99244,1.00735,93005.96,,,,,,6,8,8
2026-06-05 10:40:31 UTC,,,28.85833,44.33322,1.007326,87689.67,,,,,,6,8,8
2026-06-05 10:41:31 UTC,,,28.91642,45.56052,1.007352,89266.84,,,,,,6,8,8
2026-06-05 10:42:31 UTC,,,29.05018,45.35247,1.007412,89837.1,,,,,,6,8,8
2026-06-05 10:43:31 UTC,,,29.10323,45.17102,1.007407,90028.81,,,,,,6,8,8
2026-06-05 10:44:31 UTC,,,29.17892,45.27928,1.007434,89361.37,,,,,,6,8,8
2026-06-05 10:45:31 UTC,,,29.15119,46.52856,1.007426,87872.32,,,,,,6,8,8
2026-06-05 10:46:31 UTC,,,29.01493,45.96957,1.007455,88890.65,,,,,,6,9,9
2026-06-05 10:47:31 UTC,,,28.97707,45.11181,1.007439,90221.34,,,,,,6,8,8
2026-06-05 10:48:31 UTC,,,28.90635,44.60142,1.007422,91592.49,,,,,,6,8,8
2026-06-05 10:49:31 UTC,,,28.83318,44.07048,1.007424,92903.55,,,,,,6,8,8
2026-06-05 10:50:31 UTC,,,28.81803,43.68243,1.007419,93625.17,,,,,,7,10,10
2026-06-05 10:51:31 UTC,,,28.82803,43.88295,1.007403,93625.17,,,,,,6,8,8
2026-06-05 10:52:31 UTC,,,28.91137,43.83403,1.007482,93314.53,,,,,,6,8,8
2026-06-05 10:53:31 UTC,,,29.02245,43.78351,1.007458,93005.96,,,,,,6,8,8
2026-06-05 10:54:31 UTC,,,29.00979,45.01029,1.007438,91692.02,,,,,,7,10,10
2026-06-05 10:55:32 UTC,,,29.03002,45.41085,1.007457,90999.79,,,,,,6,8,8
2026-06-05 10:56:32 UTC,,,29.14867,45.22725,1.007475,90317.92,,,,,,7,10,10
2026-06-05 10:57:32 UTC,,,29.18397,45.04408,1.007484,90511.7,,,,,,7,10,10
2026-06-05 10:58:32 UTC,,,29.0906,46.48147,1.007474,89266.84,,,,,,6,8,8
2026-06-05 10:59:32 UTC,,,28.92399,46.56688,1.007526,89266.84,,,,,,6,8,8
2026-06-05 11:00:32 UTC,,,28.90124,45.86885,1.007536,90317.92,,,,,,7,10,10
2026-06-05 11:01:32 UTC,,,28.80279,45.33801,1.007524,91791.78,,,,,,7,10,10
2026-06-05 11:02:32 UTC,,,28.61096,44.95211,1.007534,92903.55,,,,,,7,10,10
2026-06-05 11:03:32 UTC,,,28.65388,44.51128,1.007549,94252.69,,,,,,7,10,10
2026-06-05 11:04:32 UTC,,,28.82046,44.41465,1.007537,93108.59,,,,,,6,8,8
2026-06-05 11:05:32 UTC,,,28.90885,44.35811,1.007575,93314.53,,,,,,6,8,8
2026-06-05 11:06:32 UTC,,,28.9593,44.3117,1.007593,93211.45,,,,,,6,8,8
2026-06-05 11:07:32 UTC,,,28.98963,45.52463,1.007643,91196.5,,,,,,6,8,8
2026-06-05 11:08:32 UTC,,,29.0174,45.74658,1.007628,91394.06,,,,,,7,10,10
2026-06-05 11:09:32 UTC,,,29.12595,45.42402,1.007659,90221.34,,,,,,7,10,10
2026-06-05 11:10:32 UTC,,,29.20669,45.37453,1.007656,89741.55,,,,,,6,9,9
2026-06-05 11:11:32 UTC,,,29.20168,46.65314,1.007705,88610.59,,,,,,6,9,9
2026-06-05 11:12:32 UTC,,,28.99973,46.62427,1.007681,89078.34,,,,,,6,9,9
2026-06-05 11:13:32 UTC,,,28.96183,45.92779,1.007699,90511.7,,,,,,6,8,8
2026-06-05 11:14:32 UTC,,,28.88107,45.33808,1.0077,91891.75,,,,,,6,8,8
2026-06-05 11:15:32 UTC,,,28.78263,44.81134,1.007725,93314.53,,,,,,7,10,10
2026-06-05 11:16:32 UTC,,,28.81793,44.87278,1.007732,93005.96,,,,,,6,9,9
2026-06-05 11:17:33 UTC,,,28.95678,44.71392,1.007695,92597.67,,,,,,6,8,8
2026-06-05 11:18:33 UTC,,,29.07798,44.56426,1.007764,91991.95,,,,,,7,10,10
2026-06-05 11:19:33 UTC,,,28.99215,45.91282,1.007761,91098.05,,,,,,6,8,8
2026-06-05 11:20:33 UTC,,,29.09309,45.92106,1.007788,90124.98,,,,,,6,8,8
2026-06-05 11:21:33 UTC,,,29.16129,45.79987,1.00781,90221.34,,,,,,6,9,9
2026-06-05 11:22:33 UTC,,,29.23699,45.68245,1.007828,89837.1,,,,,,6,9,9
2026-06-05 11:23:33 UTC,,,29.09562,47.33313,1.007816,88055.73,,,,,,7,10,10
2026-06-05 11:24:33 UTC,,,29.04264,47.09178,1.007818,88517.63,,,,,,7,10,10
2026-06-05 11:25:33 UTC,,,28.96186,46.30701,1.007845,90028.81,,,,,,6,8,8
2026-06-05 11:26:33 UTC,,,28.95173,45.47606,1.007889,91592.49,,,,,,7,10,10
2026-06-05 11:27:33 UTC,,,28.84826,45.00256,1.00786,92597.67,,,,,,7,10,10
2026-06-05 11:28:33 UTC,,,28.73718,44.47694,1.007828,93937.88,,,,,,7,10,10
2026-06-05 11:29:33 UTC,,,28.68162,44.03385,1.007835,94995.51,,,,,,6,8,8
2026-06-05 11:30:33 UTC,,,28.78266,44.09947,1.007874,94463.73,,,,,,6,9,9
2026-06-05 11:31:33 UTC,,,28.77508,44.20052,1.00786,94675.73,,,,,,6,8,8
2026-06-05 11:32:33 UTC,,,28.85081,44.20543,1.007895,94358.09,,,,,,6,8,8
2026-06-05 11:33:33 UTC,,,28.81042,45.42421,1.00788,93005.96,,,,,,6,8,8
2026-06-05 11:34:33 UTC,,,28.93415,45.56599,1.007912,92192.97,,,,,,6,8,8
2026-06-05 11:35:33 UTC,,,29.00484,45.38543,1.007916,91891.75,,,,,,6,8,8
2026-06-05 11:36:33 UTC,,,29.14867,45.08644,1.007933,91493.16,,,,,,6,8,8
2026-06-05 11:37:33 UTC,,,29.0073,46.55807,1.007977,90706.3,,,,,,6,8,8
2026-06-05 11:38:33 UTC,,,28.79016,47.0664,1.007923,90124.98,,,,,,6,8,8
2026-06-05 11:39:33 UTC,,,28.91389,46.02013,1.007956,91295.18,,,,,,6,8,8
2026-06-05 11:40:33 UTC,,,28.82049,45.5178,1.007967,92496.16,,,,,,6,8,8
2026-06-05 11:41:33 UTC,,,28.72453,44.98658,1.007968,93833.41,,,,,,6,8,8
2026-06-05 11:42:34 UTC,,,28.6387,44.5854,1.007945,94782.08,,,,,,5,7,7
2026-06-05 11:43:34 UTC,,,28.82554,44.36281,1.008013,94782.08,,,,,,6,8,8
2026-06-05 11:44:34 UTC,,,28.90127,44.34592,1.008027,94569.61,,,,,,6,8,8
2026-06-05 11:45:34 UTC,,,28.97445,44.37078,1.008045,93833.41,,,,,,6,8,8
2026-06-05 11:46:34 UTC,,,28.91389,45.26432,1.008046,93211.45,,,,,,6,8,8
2026-06-05 11:47:34 UTC,,,28.97701,45.65675,1.008063,92192.97,,,,,,6,8,8
2026-06-05 11:48:34 UTC,,,29.06785,45.57546,1.008062,91791.78,,,,,,6,9,9
2026-06-05 11:49:34 UTC,,,29.20922,45.3702,1.008057,91592.49,,,,,,6,8,8
2026-06-05 11:50:34 UTC,,,29.16381,46.13929,1.008086,91098.05,,,,,,6,9,9
2026-06-05 11:51:34 UTC,,,29.01484,46.89341,1.00812,89646.2,,,,,,6,9,9
2026-06-05 11:52:34 UTC,,,28.97196,46.35758,1.008083,88424.87,,,,,,6,8,8
2026-06-05 11:53:34 UTC,,,28.93661,45.67025,1.008067,88424.87,,,,,,6,8,8
2026-06-05 11:54:34 UTC,,,28.8457,45.29618,1.008045,89361.37,,,,,,6,8,8
2026-06-05 11:55:34 UTC,,,28.79269,44.73265,1.008067,89932.86,,,,,,6,8,8
2026-06-05 11:56:34 UTC,,,28.70437,44.35719,1.008062,90706.3,,,,,,6,8,8
2026-06-05 11:57:34 UTC,,,28.67657,43.9794,1.008051,91394.06,,,,,,6,9,9
2026-06-05 11:58:34 UTC,,,28.63365,43.5379,1.008043,91493.16,,,,,,6,8,8
2026-06-05 11:59:34 UTC,,,28.59077,44.10278,1.008073,91098.05,,,,,,6,8,8
2026-06-05 12:00:34 UTC,,,28.82806,43.81026,1.008057,90608.89,,,,,,6,8,8
2026-06-05 12:01:34 UTC,,,28.9593,43.74601,1.008094,89741.55,,,,,,6,8,8
2026-06-05 12:02:34 UTC,,,28.92399,44.77128,1.008089,88610.59,,,,,,6,8,8
2026-06-05 12:03:34 UTC,,,28.94419,45.43826,1.00815,86787.7,,,,,,6,8,8
2026-06-05 12:04:35 UTC,,,29.03759,45.29907,1.008203,86343.64,,,,,,6,8,8
2026-06-05 12:05:35 UTC,,,29.14863,45.2766,1.008229,85642.52,,,,,,7,10,10
2026-06-05 12:06:35 UTC,,,29.17892,45.78667,1.008301,84781.96,,,,,,6,8,8
2026-06-05 12:07:35 UTC,,,29.04513,46.78533,1.008284,83358.04,,,,,,5,7,7
2026-06-05 12:08:35 UTC,,,29.00982,45.80209,1.008292,83938.52,,,,,,6,8,8
2026-06-05 12:09:35 UTC,,,28.89622,45.42841,1.008325,84358.13,,,,,,6,8,8
2026-06-05 12:10:35 UTC,,,28.82046,44.96507,1.008304,84358.13,,,,,,6,8,8
2026-06-05 12:11:35 UTC,,,28.80279,45.42958,1.00833,85469,,,,,,6,8,8
2026-06-05 12:12:35 UTC,,,28.69679,48.66603,1.008319,84696.85,,,,,,7,10,10
2026-06-05 12:13:35 UTC,,,28.66142,47.4938,1.008358,85729.53,,,,,,6,8,8
2026-06-05 12:14:35 UTC,,,28.6286,46.62562,1.008333,86787.7,,,,,,6,8,8
2026-06-05 12:15:35 UTC,,,28.58572,45.88217,1.008333,87598.63,,,,,,7,10,10
2026-06-05 12:16:35 UTC,,,28.57815,45.24891,1.008337,89172.48,,,,,,7,10,10
2026-06-05 12:17:35 UTC,,,28.49733,44.71915,1.008331,89837.1,,,,,,6,8,8
2026-06-05 12:18:35 UTC,,,28.41659,44.50894,1.008305,90901.76,,,,,,6,8,8
2026-06-05 12:19:35 UTC,,,28.45193,44.5588,1.008341,90901.76,,,,,,6,8,8
2026-06-05 12:20:35 UTC,,,28.58569,44.48943,1.00836,91098.05,,,,,,6,8,8
2026-06-05 12:21:35 UTC,,,28.70948,44.37831,1.008374,90511.7,,,,,,6,8,8
2026-06-05 12:22:35 UTC,,,28.63624,45.57196,1.008398,89551.05,,,,,,6,8,8
2026-06-05 12:23:35 UTC,,,28.65647,46.10783,1.008346,88797.09,,,,,,5,7,7
2026-06-05 12:24:35 UTC,,,28.83065,45.62294,1.008356,88797.09,,,,,,6,8,8
2026-06-05 12:25:35 UTC,,,28.84324,45.96265,1.008343,88239.91,,,,,,6,8,8
2026-06-05 12:26:35 UTC,,,28.88111,46.69998,1.00833,87056.34,,,,,,5,7,7
2026-06-05 12:27:36 UTC,,,28.69935,47.1506,1.008327,87326.65,,,,,,6,8,8
2026-06-05 12:28:36 UTC,,,28.52516,46.62133,1.008315,88332.3,,,,,,5,7,7
2026-06-05 12:29:36 UTC,,,28.54028,45.61772,1.008317,89551.05,,,,,,5,7,7
2026-06-05 12:30:36 UTC,,,28.46707,45.1048,1.008345,91196.5,,,,,,6,8,8
2026-06-05 12:31:36 UTC,,,28.41406,44.52353,1.008328,92192.97,,,,,,6,8,8
2026-06-05 12:32:36 UTC,,,28.40649,44.11457,1.008386,92699.41,,,,,,5,7,7
2026-06-05 12:33:36 UTC,,,28.47966,44.13037,1.008412,93005.96,,,,,,6,8,8
2026-06-05 12:34:36 UTC,,,28.62863,43.96582,1.008426,92597.67,,,,,,6,8,8
2026-06-05 12:35:36 UTC,,,28.70689,43.95672,1.008432,92192.97,,,,,,5,7,7
2026-06-05 12:36:36 UTC,,,28.64883,45.14727,1.008433,91791.78,,,,,,6,9,9
2026-06-05 12:37:36 UTC,,,28.69427,45.64341,1.008446,90608.89,,,,,,6,8,8
2026-06-05 12:38:36 UTC,,,28.80784,45.23138,1.008455,89932.86,,,,,,5,7,7
2026-06-05 12:39:36 UTC,,,28.88609,45.17089,1.008471,89837.1,,,,,,5,7,7
2026-06-05 12:40:36 UTC,,,28.86593,46.12422,1.008485,89078.34,,,,,,6,8,8
2026-06-05 12:41:36 UTC,,,28.75485,46.6819,1.008539,88332.3,,,,,,5,7,7
2026-06-05 12:42:36 UTC,,,28.72453,45.6963,1.008515,89741.55,,,,,,5,7,7
2026-06-05 12:43:36 UTC,,,28.64126,45.0892,1.00853,90999.79,,,,,,5,7,7
2026-06-05 12:44:36 UTC,,,28.563,44.71627,1.008546,92092.34,,,,,,5,7,7
2026-06-05 12:45:36 UTC,,,28.49229,44.225,1.008516,93108.59,,,,,,5,7,7
2026-06-05 12:46:36 UTC,,,28.39888,43.70633,1.008528,94463.73,,,,,,5,7,7
2026-06-05 12:47:36 UTC,,,28.32823,43.76246,1.008537,94463.73,,,,,,5,7,7
2026-06-05 12:48:37 UTC,,,28.45193,43.61604,1.00854,94358.09,,,,,,6,8,8
2026-06-05 12:49:37 UTC,,,28.55287,43.57549,1.008559,94675.73,,,,,,6,8,8
2026-06-05 12:50:37 UTC,,,28.67909,43.40456,1.008572,94252.69,,,,,,6,8,8
2026-06-05 12:51:37 UTC,,,28.71443,44.89061,1.008579,92801.37,,,,,,5,7,7
2026-06-05 12:52:37 UTC,,,28.77757,47.03876,1.008582,90221.34,,,,,,5,7,7
2026-06-05 12:53:37 UTC,,,28.90885,46.85502,1.0086,89172.48,,,,,,6,8,8
2026-06-05 12:54:37 UTC,,,28.96183,46.82392,1.008619,88797.09,,,,,,5,7,7
2026-06-05 12:55:37 UTC,,,28.94415,47.64265,1.008603,88610.59,,,,,,6,8,8
2026-06-05 12:56:37 UTC,,,28.79525,47.45564,1.008601,88984.39,,,,,,5,7,7
2026-06-05 12:57:37 UTC,,,28.75485,46.47243,1.008599,90124.98,,,,,,6,8,8
2026-06-05 12:58:37 UTC,,,28.64375,45.85625,1.008558,91493.16,,,,,,6,8,8
2026-06-05 12:59:37 UTC,,,28.61346,45.14267,1.008568,93314.53,,,,,,6,8,8
2026-06-05 13:00:37 UTC,,,28.49737,44.86639,1.008582,93625.17,,,,,,5,7,7
2026-06-05 13:01:37 UTC,,,28.58067,44.81644,1.008567,94042.59,,,,,,5,7,7
2026-06-05 13:02:37 UTC,,,28.68414,44.75815,1.008616,93521.39,,,,,,5,7,7
2026-06-05 13:03:37 UTC,,,28.82806,44.58735,1.008613,93417.85,,,,,,5,7,7
2026-06-05 13:04:37 UTC,,,28.79272,45.67028,1.008622,91891.75,,,,,,5,7,7
2026-06-05 13:05:37 UTC,,,28.8558,45.82068,1.008628,91891.75,,,,,,5,7,7
2026-06-05 13:06:37 UTC,,,28.94172,45.69108,1.008645,91295.18,,,,,,5,7,7
2026-06-05 13:07:37 UTC,,,29.05277,45.50312,1.008672,90999.79,,,,,,5,7,7
2026-06-05 13:08:37 UTC,,,28.97451,46.59461,1.008684,89741.55,,,,,,5,7,7
2026-06-05 13:09:37 UTC,,,28.94172,46.66762,1.008694,89551.05,,,,,,5,7,7
2026-06-05 13:10:38 UTC,,,28.8155,45.97458,1.008693,90999.79,,,,,,5,7,7
2026-06-05 13:11:38 UTC,,,28.7877,45.19756,1.008689,92699.41,,,,,,5,7,7
2026-06-05 13:12:38 UTC,,,28.68424,44.66511,1.008689,93729.17,,,,,,6,8,8
2026-06-05 13:13:38 UTC,,,28.58831,44.17693,1.008677,94569.61,,,,,,5,7,7
2026-06-05 13:14:38 UTC,,,28.43934,44.61886,1.008665,95102.57,,,,,,5,7,7
2026-06-05 13:15:38 UTC,,,28.66401,44.31427,1.008715,95102.57,,,,,,5,7,7
2026-06-05 13:16:38 UTC,,,28.82813,44.13346,1.008713,94252.69,,,,,,5,7,7
2026-06-05 13:17:38 UTC,,,28.79278,44.72773,1.008764,94252.69,,,,,,5,7,7
2026-06-05 13:18:38 UTC,,,28.83315,45.63934,1.008757,92394.88,,,,,,5,7,7
2026-06-05 13:19:38 UTC,,,28.93415,45.34135,1.008752,91891.75,,,,,,5,7,7
2026-06-05 13:20:38 UTC,,,29.04775,45.21553,1.008791,91891.75,,,,,,5,7,7
2026-06-05 13:21:38 UTC,,,29.03507,45.62172,1.008789,91295.18,,,,,,5,7,7
2026-06-05 13:22:38 UTC,,,29.02245,46.64119,1.008787,89837.1,,,,,,5,7,7
2026-06-05 13:23:38 UTC,,,28.88357,45.94336,1.008797,91592.49,,,,,,5,7,7
2026-06-05 13:24:38 UTC,,,28.78512,45.28713,1.008776,92597.67,,,,,,5,7,7
2026-06-05 13:25:38 UTC,,,28.68922,44.71634,1.008808,94252.69,,,,,,5,7,7
2026-06-05 13:26:38 UTC,,,28.63621,44.16401,1.008791,95102.57,,,,,,5,7,7
2026-06-05 13:27:38 UTC,,,28.56549,43.74381,1.00878,94537.81,,,,,,5,7,7
2026-06-05 13:28:38 UTC,,,28.48222,43.62628,1.008782,95609.07,,,,,,5,7,7
2026-06-05 13:29:38 UTC,,,28.59329,43.57568,1.008798,95338.98,,,,,,5,7,7
2026-06-05 13:30:38 UTC,,,28.70686,43.50514,1.008789,95285.15,,,,,,5,7,7
2026-06-05 13:31:38 UTC,,,28.7725,43.55525,1.008829,94910.01,,,,,,6,8,8
2026-06-05 13:32:39 UTC,,,28.7902,44.89777,1.0088,94463.73,,,,,,5,7,7
2026-06-05 13:33:39 UTC,,,28.84826,44.82745,1.008839,94042.59,,,,,,5,7,7
2026-06-05 13:34:39 UTC,,,28.94163,44.62447,1.008834,93937.88,,,,,,5,7,7
2026-06-05 13:35:39 UTC,,,29.03002,44.62064,1.008841,93833.41,,,,,,5,7,7
2026-06-05 13:36:39 UTC,,,29.00979,45.91073,1.008826,92192.97,,,,,,5,7,7
2026-06-05 13:37:39 UTC,,,28.90632,45.60825,1.008829,92597.67,,,,,,6,8,8
2026-06-05 13:38:39 UTC,,,28.84068,44.92828,1.008826,93625.17,,,,,,5,7,7
2026-06-05 13:39:39 UTC,,,28.72709,44.47687,1.008824,94782.08,,,,,,5,7,7
2026-06-05 13:40:39 UTC,,,28.65637,44.17608,1.008831,94116.02,,,,,,5,7,7
2026-06-05 13:41:39 UTC,,,28.76997,44.04739,1.00885,95317.44,,,,,,5,7,7
2026-06-05 13:42:39 UTC,,,28.82554,44.10327,1.008862,94888.67,,,,,,5,7,7
2026-06-05 13:43:39 UTC,,,28.8659,44.18123,1.008877,95102.57,,,,,,5,7,7
2026-06-05 13:44:39 UTC,,,28.89622,45.32066,1.008899,93211.45,,,,,,5,7,7
2026-06-05 13:45:39 UTC,,,28.90885,45.38576,1.008912,92903.55,,,,,,5,7,7
2026-06-05 13:46:39 UTC,,,29.06284,45.06474,1.008977,93005.96,,,,,,5,7,7
2026-06-05 13:47:39 UTC,,,29.12844,45.14165,1.008986,92699.41,,,,,,5,7,7
2026-06-05 13:48:39 UTC,,,29.10323,46.23464,1.009003,91098.05,,,,,,5,7,7
2026-06-05 13:49:39 UTC,,,28.99969,46.04242,1.009032,91196.5,,,,,,5,7,7
2026-06-05 13:50:39 UTC,,,28.86842,45.45038,1.008985,92801.37,,,,,,5,7,7
2026-06-05 13:51:39 UTC,,,28.77505,44.90649,1.008995,94358.09,,,,,,5,7,7
2026-06-05 13:52:39 UTC,,,28.72453,44.46642,1.009013,94675.73,,,,,,5,7,7
2026-06-05 13:53:39 UTC,,,28.75485,44.51042,1.008992,94675.73,,,,,,5,7,7
2026-06-05 13:54:40 UTC,,,28.85583,44.50534,1.009003,94888.67,,,,,,5,7,7
2026-06-05 13:55:40 UTC,,,29.04008,44.22806,1.009041,94358.09,,,,,,5,7,7
2026-06-05 13:56:40 UTC,,,28.9795,45.39509,1.00904,92903.55,,,,,,6,8,8
2026-06-05 13:57:40 UTC,,,29.03759,45.57601,1.00907,92293.81,,,,,,5,7,7
2026-06-05 13:58:40 UTC,,,29.15876,45.24191,1.009045,92293.81,,,,,,5,7,7
2026-06-05 13:59:40 UTC,,,29.22437,45.26474,1.009076,91592.49,,,,,,5,7,7
2026-06-05 14:00:40 UTC,,,29.12086,46.55352,1.009062,90706.3,,,,,,5,7,7
2026-06-05 14:01:40 UTC,,,29.03759,46.35677,1.009085,90706.3,,,,,,5,7,7
2026-06-05 14:02:40 UTC,,,28.96691,45.44051,1.00904,92092.34,,,,,,5,7,7
2026-06-05 14:03:40 UTC,,,28.90629,44.86746,1.009044,93314.53,,,,,,5,7,7
2026-06-05 14:04:40 UTC,,,28.77253,44.29024,1.009027,94888.67,,,,,,5,7,7
2026-06-05 14:05:40 UTC,,,28.66398,44.06401,1.009027,94379.2,,,,,,5,7,7
2026-06-05 14:06:40 UTC,,,28.55795,44.4418,1.009046,94643.86,,,,,,5,7,7
2026-06-05 14:07:40 UTC,,,28.81295,44.05708,1.009006,94273.74,,,,,,5,7,7
2026-06-05 14:08:40 UTC,,,28.92655,43.94537,1.009007,94116.02,,,,,,5,7,7
2026-06-05 14:09:40 UTC,,,28.93668,44.86714,1.009022,94147.52,,,,,,5,7,7
2026-06-05 14:10:40 UTC,,,28.9493,45.27691,1.008976,93521.39,,,,,,5,7,7
2026-06-05 14:11:40 UTC,,,29.07296,44.98016,1.008989,92699.41,,,,,,5,7,7
2026-06-05 14:12:40 UTC,,,29.16384,44.85458,1.008986,93108.59,,,,,,5,7,7
2026-06-05 14:13:40 UTC,,,29.12853,46.05341,1.008957,91692.02,,,,,,5,7,7
2026-06-05 14:14:40 UTC,,,28.97454,46.23661,1.008968,91295.18,,,,,,6,8,8
2026-06-05 14:15:40 UTC,,,28.96946,45.24877,1.008971,92597.67,,,,,,5,7,7
2026-06-05 14:16:41 UTC,,,28.82813,44.80642,1.008926,94358.09,,,,,,5,7,7
2026-06-05 14:17:41 UTC,,,28.84327,44.61967,1.008943,94888.67,,,,,,4,6,6
2026-06-05 14:18:41 UTC,,,28.92406,44.63533,1.008948,94147.52,,,,,,5,7,7
2026-06-05 14:19:41 UTC,,,29.03762,44.51441,1.008933,94042.59,,,,,,5,7,7
2026-06-05 14:20:41 UTC,,,28.97707,44.90021,1.008925,93625.17,,,,,,5,7,7
2026-06-05 14:21:41 UTC,,,29.03756,45.73196,1.008943,92293.81,,,,,,5,7,7
2026-06-05 14:22:41 UTC,,,29.09313,45.64391,1.008918,92092.34,,,,,,5,7,7
2026-06-05 14:23:41 UTC,,,29.2143,45.42212,1.008945,91891.75,,,,,,5,7,7
2026-06-05 14:24:41 UTC,,,29.18397,45.73396,1.008943,91295.18,,,,,,5,7,7
2026-06-05 14:25:41 UTC,,,29.12847,46.90182,1.008917,89932.86,,,,,,5,7,7
2026-06-05 14:26:41 UTC,,,28.98458,46.26418,1.008902,91295.18,,,,,,5,7,7
2026-06-05 14:27:41 UTC,,,28.94163,45.32666,1.008909,92801.37,,,,,,5,7,7
2026-06-05 14:28:41 UTC,,,28.80784,44.7919,1.008883,94252.69,,,,,,5,7,7
2026-06-05 14:29:41 UTC,,,28.72961,44.23429,1.008883,93958.8,,,,,,4,6,6
2026-06-05 14:30:41 UTC,,,28.68165,43.66861,1.00886,95880.68,,,,,,5,7,7
2026-06-05 14:31:41 UTC,,,28.58064,43.35439,1.008838,96318.49,,,,,,5,7,7
2026-06-05 14:32:41 UTC,,,28.60844,43.39193,1.008846,96538.9,,,,,,5,7,7
2026-06-05 14:33:41 UTC,,,28.74476,43.29238,1.008867,96044.4,,,,,,5,7,7
2026-06-05 14:34:41 UTC,,,28.82551,43.28152,1.008831,96044.4,,,,,,5,7,7
2026-06-05 14:35:41 UTC,,,28.82554,44.03303,1.008851,95285.15,,,,,,5,7,7
2026-06-05 14:36:41 UTC,,,28.81039,44.85133,1.008851,94782.08,,,,,,5,7,7
2026-06-05 14:37:41 UTC,,,28.96687,44.47034,1.008836,94675.73,,,,,,5,7,7
2026-06-05 14:38:41 UTC,,,29.01235,44.41156,1.008873,94252.69,,,,,,5,7,7
2026-06-05 14:39:41 UTC,,,28.96691,45.23066,1.008844,93625.17,,,,,,5,7,7
2026-06-05 14:40:41 UTC,,,29.02746,45.68475,1.008861,92903.55,,,,,,5,7,7
2026-06-05 14:41:41 UTC,,,29.083,45.6861,1.00888,92394.88,,,,,,4,6,6
2026-06-05 14:42:42 UTC,,,29.13099,45.6582,1.008846,92293.81,,,,,,4,6,6
2026-06-05 14:43:42 UTC,,,29.1562,46.21183,1.008865,91592.49,,,,,,5,7,7
2026-06-05 14:44:42 UTC,,,29.09309,46.58723,1.008837,90414.7,,,,,,5,7,7
2026-06-05 14:45:42 UTC,,,28.96943,46.11916,1.0088,91891.75,,,,,,5,7,7
2026-06-05 14:46:42 UTC,,,28.84068,45.5158,1.008806,93108.59,,,,,,5,7,7
2026-06-05 14:47:42 UTC,,,28.74725,44.98195,1.008782,94463.73,,,,,,5,7,7
2026-06-05 14:48:42 UTC,,,28.77505,45.01074,1.008738,94888.67,,,,,,5,7,7
2026-06-05 14:49:42 UTC,,,28.93661,44.79084,1.008752,94252.69,,,,,,5,7,7
2026-06-05 14:50:42 UTC,,,29.03503,44.71713,1.008726,94569.61,,,,,,5,7,7
2026-06-05 14:51:42 UTC,,,28.97196,45.91318,1.008726,92801.37,,,,,,5,7,7
2026-06-05 14:52:42 UTC,,,29.00222,46.03278,1.00869,92394.88,,,,,,4,6,6
2026-06-05 14:53:42 UTC,,,29.05018,45.89792,1.008678,92903.55,,,,,,5,7,7
2026-06-05 14:54:42 UTC,,,29.18397,45.73411,1.008712,91692.02,,,,,,5,7,7
2026-06-05 14:55:42 UTC,,,28.94415,47.62735,1.008656,90317.92,,,,,,5,7,7
2026-06-05 14:56:42 UTC,,,29.02746,46.80418,1.00865,90999.79,,,,,,5,7,7
2026-06-05 14:57:42 UTC,,,28.93409,46.0728,1.008617,92192.97,,,,,,5,7,7
2026-06-05 14:58:42 UTC,,,28.8836,45.22993,1.00861,93625.17,,,,,,5,7,7
2026-06-05 14:59:42 UTC,,,28.75735,44.86792,1.008581,94675.73,,,,,,4,6,6
2026-06-05 15:00:42 UTC,,,28.87095,44.75256,1.008595,95209.89,,,,,,5,7,7
2026-06-05 15:01:42 UTC,,,28.97701,44.73337,1.008604,94675.73,,,,,,4,6,6
2026-06-05 15:02:42 UTC,,,29.03756,44.67276,1.008631,94569.61,,,,,,4,6,6
2026-06-05 15:03:42 UTC,,,29.01989,45.89949,1.008614,93108.59,,,,,,4,6,6
2026-06-05 15:04:43 UTC,,,29.08808,45.80069,1.008609,92496.16,,,,,,5,7,7
2026-06-05 15:05:43 UTC,,,29.15876,45.61726,1.008632,92092.34,,,,,,5,7,7
2026-06-05 15:06:43 UTC,,,29.15876,45.79099,1.008626,91891.75,,,,,,5,7,7
2026-06-05 15:07:43 UTC,,,29.07041,47.14721,1.008603,90803.92,,,,,,5,7,7
2026-06-05 15:08:43 UTC,,,29.02749,46.67514,1.008599,90706.3,,,,,,5,7,7
2026-06-05 15:09:43 UTC,,,28.89373,46.06876,1.008593,92699.41,,,,,,5,7,7
2026-06-05 15:10:43 UTC,,,28.88111,45.16594,1.00858,94252.69,,,,,,4,6,6
2026-06-05 15:11:43 UTC,,,28.87858,45.27369,1.008583,94358.09,,,,,,5,7,7
2026-06-05 15:12:43 UTC,,,29.00985,45.15444,1.0086,93833.41,,,,,,5,7,7
2026-06-05 15:13:43 UTC,,,29.10077,45.0455,1.008565,93521.39,,,,,,4,6,6
2026-06-05 15:14:43 UTC,,,29.10326,45.86632,1.008578,92699.41,,,,,,4,6,6
2026-06-05 15:15:43 UTC,,,29.1487,46.10321,1.008599,91891.75,,,,,,5,7,7
2026-06-05 15:16:43 UTC,,,29.26233,45.85409,1.008619,91394.06,,,,,,4,6,6
2026-06-05 15:17:43 UTC,,,29.27744,45.91501,1.008624,91196.5,,,,,,4,6,6
2026-06-05 15:18:43 UTC,,,29.2522,46.77057,1.008608,90511.7,,,,,,4,6,6
2026-06-05 15:19:43 UTC,,,29.15125,46.9975,1.008598,90124.98,,,,,,4,6,6
2026-06-05 15:20:43 UTC,,,29.00985,46.33659,1.008567,91394.06,,,,,,4,6,6
2026-06-05 15:21:43 UTC,,,28.96183,45.58921,1.008531,88984.39,,,,,,4,6,6
2026-06-05 15:22:43 UTC,,,28.91894,45.38498,1.008522,92801.37,,,,,,5,7,7
2026-06-05 15:23:43 UTC,,,29.02497,45.34432,1.008547,92801.37,,,,,,4,6,6
2026-06-05 15:24:43 UTC,,,29.11329,45.20301,1.008541,93521.39,,,,,,4,6,6
2026-06-05 15:25:43 UTC,,,29.05018,45.69994,1.0085,92801.37,,,,,,4,5,5
2026-06-05 15:26:43 UTC,,,29.11585,46.44681,1.008546,91592.49,,,,,,4,6,6
2026-06-05 15:27:44 UTC,,,29.20168,46.19276,1.008523,91098.05,,,,,,4,6,6
2026-06-05 15:28:44 UTC,,,29.28495,46.04536,1.008536,90901.76,,,,,,4,6,6
2026-06-05 15:29:44 UTC,,,29.28246,46.40848,1.008519,90901.76,,,,,,4,6,6
2026-06-05 15:30:44 UTC,,,29.08808,47.51604,1.008483,89837.1,,,,,,4,6,6
2026-06-05 15:31:44 UTC,,,29.0528,46.69309,1.008464,91196.5,,,,,,4,6,6
2026-06-05 15:32:44 UTC,,,29.01241,45.80827,1.00846,92597.67,,,,,,4,6,6
2026-06-05 15:33:44 UTC,,,28.92655,45.22953,1.008446,93729.17,,,,,,4,6,6
2026-06-05 15:34:44 UTC,,,28.80793,45.42924,1.008422,94252.69,,,,,,4,6,6
2026-06-05 15:35:44 UTC,,,28.96697,45.2342,1.008424,93729.17,,,,,,4,5,5
2026-06-05 15:36:44 UTC,,,29.11086,45.08066,1.008414,93729.17,,,,,,4,6,6
2026-06-05 15:37:44 UTC,,,29.01995,45.96011,1.008408,93417.85,,,,,,4,6,6
2026-06-05 15:38:44 UTC,,,29.1462,46.17712,1.008429,91692.02,,,,,,4,6,6
2026-06-05 15:39:44 UTC,,,29.15882,46.16352,1.008433,91991.95,,,,,,4,5,5
2026-06-05 15:40:44 UTC,,,29.29511,45.90157,1.008443,91493.16,,,,,,4,6,6
2026-06-05 15:41:44 UTC,,,29.26738,46.74839,1.008474,90511.7,,,,,,4,6,6
2026-06-05 15:42:44 UTC,,,29.18407,47.07764,1.008451,89646.2,,,,,,4,6,6
2026-06-05 15:43:44 UTC,,,28.98966,46.5114,1.008404,91098.05,,,,,,4,6,6
2026-06-05 15:44:44 UTC,,,29.02248,45.49442,1.00843,93625.17,,,,,,4,6,6
2026-06-05 15:45:44 UTC,,,28.99221,45.47705,1.008404,93211.45,,,,,,4,6,6
2026-06-05 15:46:44 UTC,,,29.06028,45.44458,1.008401,93625.17,,,,,,4,6,6
2026-06-05 15:47:44 UTC,,,29.12847,45.39715,1.008396,93417.85,,,,,,4,6,6
2026-06-05 15:48:44 UTC,,,29.13352,45.83737,1.008395,92801.37,,,,,,4,6,6
2026-06-05 15:49:45 UTC,,,29.16378,46.47092,1.008395,91493.16,,,,,,4,6,6
2026-06-05 15:50:45 UTC,,,29.24207,46.31916,1.008403,91592.49,,,,,,4,5,5
2026-06-05 15:51:45 UTC,,,29.33295,46.18655,1.008415,90999.79,,,,,,4,5,5
2026-06-05 15:52:45 UTC,,,29.32787,46.63994,1.0084,90901.76,,,,,,4,6,6
2026-06-05 15:53:45 UTC,,,29.2143,47.27444,1.00839,89837.1,,,,,,4,5,5
2026-06-05 15:54:45 UTC,,,29.18653,46.35023,1.008391,91098.05,,,,,,4,5,5
2026-06-05 15:55:45 UTC,,,29.01736,45.81721,1.008366,92293.81,,,,,,4,6,6
2026-06-05 15:56:45 UTC,,,28.89872,45.49751,1.008364,93729.17,,,,,,4,6,6
2026-06-05 15:57:45 UTC,,,29.01235,45.39617,1.00836,94147.52,,,,,,5,7,7
2026-06-05 15:58:45 UTC,,,29.12595,45.3135,1.008361,93417.85,,,,,,4,6,6
2026-06-05 15:59:45 UTC,,,29.16883,45.3065,1.008372,93521.39,,,,,,4,6,6
2026-06-05 16:00:45 UTC,,,29.18148,46.42258,1.008376,91991.95,,,,,,4,6,6
2026-06-05 16:01:45 UTC,,,29.19155,46.33345,1.00841,91394.06,,,,,,4,5,5
2026-06-05 16:02:45 UTC,,,29.22187,46.2969,1.008389,91394.06,,,,,,4,6,6
2026-06-05 16:03:45 UTC,,,29.29003,46.28032,1.008406,90999.79,,,,,,4,6,6
2026-06-05 16:04:45 UTC,,,29.26476,47.41911,1.008397,90028.81,,,,,,4,6,6
2026-06-05 16:05:45 UTC,,,29.08303,47.0672,1.008397,90803.92,,,,,,4,6,6
2026-06-05 16:06:45 UTC,,,29.00225,46.29496,1.008362,92699.41,,,,,,4,6,6
2026-06-05 16:07:45 UTC,,,29.02998,45.30011,1.008373,93625.17,,,,,,4,6,6
2026-06-05 16:08:45 UTC,,,29.08805,45.08147,1.008365,94042.59,,,,,,4,6,6
2026-06-05 16:09:45 UTC,,,29.07795,45.22926,1.008393,93729.17,,,,,,4,6,6
2026-06-05 16:10:45 UTC,,,29.1764,45.12923,1.008379,94042.59,,,,,,4,5,5
2026-06-05 16:11:46 UTC,,,29.10319,45.68411,1.008373,93521.39,,,,,,4,5,5
2026-06-05 16:12:46 UTC,,,29.15876,46.32211,1.008371,92293.81,,,,,,4,5,5
2026-06-05 16:13:46 UTC,,,29.25718,46.08828,1.008352,92092.34,,,,,,4,5,5
2026-06-05 16:14:46 UTC,,,29.3001,46.0513,1.008349,91394.06,,,,,,4,6,6
2026-06-05 16:15:46 UTC,,,29.30515,46.3961,1.008373,91394.06,,,,,,4,6,6
2026-06-05 16:16:46 UTC,,,29.23699,47.19859,1.008329,89837.1,,,,,,3,4,4
2026-06-05 16:17:46 UTC,,,29.11077,46.43449,1.008326,91692.02,,,,,,4,5,5
2026-06-05 16:18:46 UTC,,,28.93661,45.84991,1.008284,93005.96,,,,,,4,6,6
2026-06-05 16:19:46 UTC,,,28.91894,45.16944,1.008305,94463.73,,,,,,4,5,5
2026-06-05 16:20:46 UTC,,,28.9492,45.23337,1.008269,94782.08,,,,,,4,6,6
2026-06-05 16:21:46 UTC,,,29.08808,45.04979,1.008299,94358.09,,,,,,4,6,6
2026-06-05 16:22:46 UTC,,,29.17391,45.00457,1.008278,94147.52,,,,,,4,6,6
2026-06-05 16:23:46 UTC,,,29.0527,46.28123,1.00826,92699.41,,,,,,4,6,6
2026-06-05 16:24:46 UTC,,,29.14362,46.17847,1.008291,92597.67,,,,,,4,6,6
2026-06-05 16:25:46 UTC,,,29.2143,46.05171,1.008295,92293.81,,,,,,4,5,5
2026-06-05 16:26:46 UTC,,,29.3001,45.96958,1.008274,91991.95,,,,,,4,5,5
2026-06-05 16:27:46 UTC,,,29.23194,47.14052,1.008248,90511.7,,,,,,4,5,5
2026-06-05 16:28:46 UTC,,,29.2143,46.76024,1.00826,90608.89,,,,,,4,5,5
2026-06-05 16:29:46 UTC,,,29.07798,46.08854,1.008236,92597.67,,,,,,3,4,4
2026-06-05 16:30:46 UTC,,,28.9694,45.29513,1.008208,94042.59,,,,,,4,5,5
2026-06-05 16:31:46 UTC,,,28.9291,45.00288,1.008192,94063.55,,,,,,4,5,5
2026-06-05 16:32:46 UTC,,,28.92907,45.08077,1.008179,94995.51,,,,,,4,5,5
2026-06-05 16:33:46 UTC,,,29.06038,44.9853,1.008192,94888.67,,,,,,4,5,5
2026-06-05 16:34:47 UTC,,,29.13106,44.93706,1.008176,94252.69,,,,,,3,4,4
2026-06-05 16:35:47 UTC,,,28.97704,46.40852,1.008134,92801.37,,,,,,3,4,4
2026-06-05 16:36:47 UTC,,,29.10578,46.10911,1.008161,93005.96,,,,,,4,5,5
2026-06-05 16:37:47 UTC,,,29.17397,46.01795,1.008151,92496.16,,,,,,4,5,5
2026-06-05 16:38:47 UTC,,,29.25223,45.96253,1.008134,92394.88,,,,,,4,5,5
2026-06-05 16:39:47 UTC,,,29.08054,47.51157,1.008127,91098.05,,,,,,4,5,5
2026-06-05 16:40:47 UTC,,,29.06542,46.65684,1.008119,92496.16,,,,,,4,5,5
2026-06-05 16:41:47 UTC,,,29.0326,45.79377,1.008066,93521.39,,,,,,4,5,5
2026-06-05 16:42:47 UTC,,,28.89626,45.65876,1.008036,94358.09,,,,,,3,4,4
2026-06-05 16:43:47 UTC,,,29.01995,45.50986,1.008033,94569.61,,,,,,4,5,5
2026-06-05 16:44:47 UTC,,,29.09824,45.49326,1.008053,93729.17,,,,,,4,5,5
2026-06-05 16:45:47 UTC,,,29.12601,45.52715,1.008028,94569.61,,,,,,4,6,6
2026-06-05 16:46:47 UTC,,,29.13352,46.52586,1.008029,92496.16,,,,,,4,5,5
2026-06-05 16:47:47 UTC,,,29.20925,46.3518,1.008028,91891.75,,,,,,4,6,6
2026-06-05 16:48:47 UTC,,,29.23699,46.37275,1.008019,91692.02,,,,,,4,5,5
2026-06-05 16:49:47 UTC,,,29.25974,46.41267,1.008017,91791.78,,,,,,3,4,4
2026-06-05 16:50:47 UTC,,,29.17138,47.66802,1.008014,90028.81,,,,,,4,6,6
2026-06-05 16:51:47 UTC,,,29.16125,46.72672,1.008025,91394.06,,,,,,4,5,5
2026-06-05 16:52:47 UTC,,,29.09565,45.78247,1.007987,92801.37,,,,,,4,5,5
2026-06-05 16:53:47 UTC,,,28.97701,45.29563,1.007989,94782.08,,,,,,4,5,5
2026-06-05 16:54:47 UTC,,,28.86085,44.80191,1.007969,94537.81,,,,,,4,5,5
2026-06-05 16:55:47 UTC,,,28.86085,44.78577,1.007945,94326.44,,,,,,4,5,5
2026-06-05 16:56:48 UTC,,,29.04516,44.53858,1.007924,94803.37,,,,,,4,5,5
2026-06-05 16:57:48 UTC,,,29.06788,44.61165,1.007914,93594.01,,,,,,4,5,5
2026-06-05 16:58:48 UTC,,,28.98202,45.76101,1.007902,94675.73,,,,,,3,4,4
2026-06-05 16:59:48 UTC,,,29.02245,45.98669,1.007871,94252.69,,,,,,3,4,4
2026-06-05 17:00:48 UTC,,,29.18906,45.62042,1.007852,93625.17,,,,,,4,5,5
2026-06-05 17:01:48 UTC,,,29.27741,45.52381,1.007813,93211.45,,,,,,4,5,5
2026-06-05 17:02:48 UTC,,,29.22437,46.33607,1.007779,92293.81,,,,,,4,5,5
2026-06-05 17:03:48 UTC,,,29.13853,46.65521,1.007747,92192.97,,,,,,4,5,5
2026-06-05 17:04:48 UTC,,,29.03254,45.86099,1.007754,93521.39,,,,,,4,5,5
2026-06-05 17:05:48 UTC,,,28.93661,45.122,1.00771,93906.52,,,,,,4,5,5
2026-06-05 17:06:48 UTC,,,28.83055,44.7575,1.007708,95124.02,,,,,,3,4,4
2026-06-05 17:07:48 UTC,,,28.92904,44.53987,1.007674,95070.43,,,,,,3,4,4
2026-06-05 17:08:48 UTC,,,28.95681,44.64654,1.007695,94643.86,,,,,,4,5,5
2026-06-05 17:09:48 UTC,,,29.07041,44.50784,1.007681,95070.43,,,,,,4,5,5
2026-06-05 17:10:48 UTC,,,28.9795,45.67929,1.007643,95209.89,,,,,,4,5,5
2026-06-05 17:11:48 UTC,,,29.01231,45.87485,1.007637,94147.52,,,,,,3,4,4
2026-06-05 17:12:48 UTC,,,29.11837,45.67098,1.007618,93937.88,,,,,,3,4,4
2026-06-05 17:13:48 UTC,,,29.16125,45.6428,1.007606,93833.41,,,,,,3,4,4
2026-06-05 17:14:48 UTC,,,29.12591,46.6647,1.00761,93108.59,,,,,,3,4,4
2026-06-05 17:15:48 UTC,,,29.10827,46.48302,1.007595,93108.59,,,,,,4,5,5
2026-06-05 17:16:48 UTC,,,28.93409,46.04263,1.007562,94569.61,,,,,,4,6,6
2026-06-05 17:17:48 UTC,,,28.91137,45.21813,1.007564,93958.8,,,,,,3,4,4
2026-06-05 17:18:48 UTC,,,28.74725,45.68564,1.007529,93854.28,,,,,,3,4,4
2026-06-05 17:19:49 UTC,,,28.98959,45.22858,1.007497,94011.14,,,,,,4,5,5
2026-06-05 17:20:49 UTC,,,29.09313,45.1476,1.007508,94888.67,,,,,,4,5,5
2026-06-05 17:21:49 UTC,,,29.05021,46.01985,1.0075,94042.59,,,,,,3,4,4
2026-06-05 17:22:49 UTC,,,29.08552,46.28419,1.007477,93521.39,,,,,,4,5,5
2026-06-05 17:23:49 UTC,,,29.18401,46.03234,1.007471,93729.17,,,,,,3,4,4
2026-06-05 17:24:49 UTC,,,29.27489,45.89907,1.007414,93108.59,,,,,,4,5,5
2026-06-05 17:25:49 UTC,,,29.1865,47.02446,1.007389,91592.49,,,,,,3,4,4
2026-06-05 17:26:49 UTC,,,29.18145,46.56874,1.007399,91991.95,,,,,,4,5,5
2026-06-05 17:27:49 UTC,,,29.06536,45.87278,1.007356,93314.53,,,,,,3,4,4
2026-06-05 17:28:49 UTC,,,28.92652,45.38831,1.007332,95102.57,,,,,,3,4,4
2026-06-05 17:29:49 UTC,,,29.00222,45.33195,1.007335,94995.51,,,,,,4,5,5
2026-06-05 17:30:49 UTC,,,29.08051,45.34237,1.007349,94675.73,,,,,,4,5,5
2026-06-05 17:31:49 UTC,,,29.1562,45.26276,1.007323,94358.09,,,,,,3,4,4
2026-06-05 17:32:49 UTC,,,29.07798,46.29769,1.007343,93833.41,,,,,,3,4,4
2026-06-05 17:33:49 UTC,,,29.13604,46.39198,1.007331,92699.41,,,,,,4,5,5
2026-06-05 17:34:49 UTC,,,29.22941,46.19658,1.007353,92903.55,,,,,,4,5,5
2026-06-05 17:35:49 UTC,,,29.3279,46.09132,1.007321,92293.81,,,,,,4,5,5
2026-06-05 17:36:49 UTC,,,29.28246,46.96956,1.007324,91196.5,,,,,,4,5,5
2026-06-05 17:37:49 UTC,,,29.1007,47.13107,1.007348,91692.02,,,,,,4,5,5
2026-06-05 17:38:49 UTC,,,28.98458,46.50092,1.007361,92801.37,,,,,,3,4,4
2026-06-05 17:39:49 UTC,,,28.96694,45.57685,1.007354,94888.67,,,,,,4,5,5
2026-06-05 17:40:49 UTC,,,28.99474,45.5591,1.007337,94782.08,,,,,,3,4,4
2026-06-05 17:41:49 UTC,,,29.13355,45.36491,1.007311,94569.61,,,,,,3,4,4
2026-06-05 17:42:49 UTC,,,29.16388,45.39555,1.007295,94675.73,,,,,,3,4,4
2026-06-05 17:43:49 UTC,,,29.15378,46.3087,1.007268,93417.85,,,,,,3,4,4
2026-06-05 17:44:49 UTC,,,29.19918,46.43103,1.007252,93521.39,,,,,,3,4,4
2026-06-05 17:45:50 UTC,,,29.29511,46.17532,1.007253,92699.41,,,,,,4,5,5
2026-06-05 17:46:50 UTC,,,29.32534,46.2293,1.007233,92394.88,,,,,,3,4,4
2026-06-05 17:47:50 UTC,,,29.30262,47.05496,1.007243,91196.5,,,,,,4,5,5
2026-06-05 17:48:50 UTC,,,29.18906,47.11276,1.007196,91098.05,,,,,,3,4,4
2026-06-05 17:49:50 UTC,,,29.08303,46.24731,1.007247,93005.96,,,,,,3,4,4
2026-06-05 17:50:50 UTC,,,28.99969,45.64904,1.007169,94252.69,,,,,,4,5,5
2026-06-05 17:51:50 UTC,,,29.05779,45.60223,1.00718,94569.61,,,,,,3,4,4
2026-06-05 17:52:50 UTC,,,29.15371,45.52885,1.007133,93937.88,,,,,,4,5,5
2026-06-05 17:53:50 UTC,,,29.22941,45.45995,1.007142,93729.17,,,,,,4,5,5
2026-06-05 17:54:50 UTC,,,29.2143,46.3533,1.007121,93108.59,,,,,,4,5,5
2026-06-05 17:55:50 UTC,,,29.22692,46.49821,1.007125,92496.16,,,,,,3,4,4
2026-06-05 17:56:50 UTC,,,29.29505,46.37399,1.007118,91991.95,,,,,,4,6,6
2026-06-05 17:57:50 UTC,,,29.38848,46.26108,1.00713,91592.49,,,,,,4,6,6
2026-06-05 17:58:50 UTC,,,29.05274,48.17061,1.007097,90608.89,,,,,,3,4,4
2026-06-05 17:59:50 UTC,,,29.08805,47.31855,1.007112,91394.06,,,,,,3,4,4
2026-06-05 18:00:50 UTC,,,28.96183,46.64119,1.007102,92801.37,,,,,,3,4,4
2026-06-05 18:01:50 UTC,,,28.95173,45.73679,1.007109,94042.59,,,,,,3,4,4
2026-06-05 18:02:50 UTC,,,29.04513,45.69941,1.007137,94463.73,,,,,,3,4,4
2026-06-05 18:03:50 UTC,,,29.14109,45.54398,1.007104,94463.73,,,,,,3,4,4
2026-06-05 18:04:50 UTC,,,29.24207,45.42851,1.007094,93833.41,,,,,,3,4,4
2026-06-05 18:05:50 UTC,,,29.24456,46.38186,1.007107,93211.45,,,,,,3,4,4
2026-06-05 18:06:50 UTC,,,29.26984,46.41137,1.007102,92293.81,,,,,,3,4,4
2026-06-05 18:07:50 UTC,,,29.32032,46.29084,1.007129,92092.34,,,,,,3,4,4
2026-06-05 18:08:51 UTC,,,29.39098,46.2522,1.007109,91791.78,,,,,,3,4,4
2026-06-05 18:09:51 UTC,,,29.38091,47.07027,1.00713,90901.76,,,,,,3,4,4
2026-06-05 18:10:51 UTC,,,29.24207,47.03251,1.007122,91394.06,,,,,,4,5,5
2026-06-05 18:11:51 UTC,,,29.11585,46.33979,1.00709,92903.55,,,,,,3,4,4
2026-06-05 18:12:51 UTC,,,28.99464,45.72132,1.0071,94252.69,,,,,,3,4,4
2026-06-05 18:13:51 UTC,,,29.06284,45.63171,1.007121,94675.73,,,,,,4,5,5
2026-06-05 18:14:51 UTC,,,29.18653,45.45993,1.007096,93937.88,,,,,,4,5,5
2026-06-05 18:15:51 UTC,,,29.26223,45.4391,1.007106,93833.41,,,,,,4,5,5
2026-06-05 18:16:51 UTC,,,29.21427,46.3007,1.007101,93314.53,,,,,,3,4,4
2026-06-05 18:17:51 UTC,,,29.15116,46.71082,1.007102,92801.37,,,,,,3,4,4
2026-06-05 18:18:51 UTC,,,29.338,46.28825,1.007091,92903.55,,,,,,3,4,4
2026-06-05 18:19:51 UTC,,,29.40363,46.25148,1.007096,91891.75,,,,,,3,4,4
2026-06-05 18:20:51 UTC,,,29.26728,47.41614,1.007063,91098.05,,,,,,4,5,5
2026-06-05 18:21:51 UTC,,,29.25213,46.94714,1.007041,91592.49,,,,,,3,4,4
2026-06-05 18:22:51 UTC,,,29.06031,46.39973,1.007028,93108.59,,,,,,3,4,4
2026-06-05 18:23:51 UTC,,,28.99969,45.74414,1.007041,94463.73,,,,,,4,5,5
2026-06-05 18:24:51 UTC,,,29.05775,45.74033,1.007018,94252.69,,,,,,3,4,4
2026-06-05 18:25:51 UTC,,,29.15876,45.64191,1.007036,94147.52,,,,,,3,4,4
2026-06-05 18:26:51 UTC,,,29.26984,45.50391,1.006998,94569.61,,,,,,3,4,4
2026-06-05 18:27:51 UTC,,,29.25213,46.51,1.007008,93005.96,,,,,,3,4,4
2026-06-05 18:28:51 UTC,,,29.21679,46.62766,1.007007,92801.37,,,,,,4,5,5
2026-06-05 18:29:51 UTC,,,29.37082,46.27477,1.007006,92192.97,,,,,,3,4,4
2026-06-05 18:30:51 UTC,,,29.4137,46.3317,1.007008,91991.95,,,,,,3,4,4
2026-06-05 18:31:52 UTC,,,29.3557,47.3586,1.007004,90608.89,,,,,,4,5,5
2026-06-05 18:32:52 UTC,,,29.31531,46.72941,1.006982,91394.06,,,,,,3,4,4
2026-06-05 18:33:52 UTC,,,29.1285,46.28755,1.006957,92903.55,,,,,,3,4,4
2026-06-05 18:34:52 UTC,,,29.01995,45.58853,1.006925,94675.73,,,,,,3,4,4
2026-06-05 18:35:52 UTC,,,29.12349,45.4421,1.006907,94675.73,,,,,,3,4,4
2026-06-05 18:36:52 UTC,,,29.14112,45.54533,1.006937,94463.73,,,,,,4,6,6
2026-06-05 18:37:52 UTC,,,29.27239,45.34885,1.006922,94358.09,,,,,,3,4,4
2026-06-05 18:38:52 UTC,,,29.12096,46.5693,1.006914,93729.17,,,,,,3,4,4
2026-06-05 18:39:52 UTC,,,29.23705,46.44143,1.006906,92903.55,,,,,,3,4,4
2026-06-05 18:40:52 UTC,,,29.2901,46.36133,1.006908,92801.37,,,,,,3,4,4
2026-06-05 18:41:52 UTC,,,29.37845,46.20275,1.006907,93005.96,,,,,,3,4,4
2026-06-05 18:42:52 UTC,,,29.29259,47.36127,1.006895,91493.16,,,,,,3,4,4
2026-06-05 18:43:52 UTC,,,29.19918,47.08319,1.006844,91891.75,,,,,,3,4,4
2026-06-05 18:44:52 UTC,,,29.10077,46.20805,1.006831,93314.53,,,,,,3,4,4
2026-06-05 18:45:52 UTC,,,28.97707,45.60179,1.006838,94995.51,,,,,,3,4,4
2026-06-05 18:46:52 UTC,,,28.95934,45.69524,1.006808,93958.8,,,,,,3,4,4
2026-06-05 18:47:52 UTC,,,29.05018,45.63519,1.006859,94675.73,,,,,,3,4,4
2026-06-05 18:48:52 UTC,,,29.14358,45.51071,1.006826,94782.08,,,,,,3,4,4
2026-06-05 18:49:52 UTC,,,28.96943,46.68551,1.006811,94463.73,,,,,,3,4,4
2026-06-05 18:50:52 UTC,,,29.12847,46.60617,1.006846,93211.45,,,,,,3,4,4
2026-06-05 18:51:52 UTC,,,29.25213,46.33895,1.006864,92903.55,,,,,,3,4,4
2026-06-05 18:52:52 UTC,,,29.29761,46.29827,1.006861,93108.59,,,,,,3,4,4
2026-06-05 18:53:53 UTC,,,29.32537,46.83765,1.006867,92092.34,,,,,,3,4,4
2026-06-05 18:54:53 UTC,,,29.2698,47.00121,1.006854,91692.02,,,,,,3,4,4
2026-06-05 18:55:53 UTC,,,29.13601,46.20295,1.00685,93521.39,,,,,,3,4,4
2026-06-05 18:56:53 UTC,,,28.96438,45.74292,1.00681,94995.51,,,,,,3,4,4
2026-06-05 18:57:53 UTC,,,29.00225,45.37254,1.006823,95317.44,,,,,,3,4,4
2026-06-05 18:58:53 UTC,,,29.04513,45.45752,1.006807,94116.02,,,,,,3,4,4
2026-06-05 18:59:53 UTC,,,29.13352,45.33379,1.006817,93958.8,,,,,,4,5,5
2026-06-05 19:00:53 UTC,,,29.14109,45.545,1.006798,94782.08,,,,,,3,4,4
2026-06-05 19:01:53 UTC,,,29.12591,46.57518,1.006811,93108.59,,,,,,3,4,4
2026-06-05 19:02:53 UTC,,,29.16381,46.41465,1.006801,93729.17,,,,,,3,4,4
2026-06-05 19:03:53 UTC,,,29.29505,46.20054,1.006801,93005.96,,,,,,3,4,4
2026-06-05 19:04:53 UTC,,,29.28748,46.42602,1.006807,92903.55,,,,,,3,4,4
2026-06-05 19:05:53 UTC,,,29.19407,47.42658,1.006838,91493.16,,,,,,3,4,4
2026-06-05 19:06:53 UTC,,,29.1209,46.52515,1.006803,93108.59,,,,,,3,4,4
2026-06-05 19:07:53 UTC,,,29.03756,45.74335,1.006802,94675.73,,,,,,2,3,3
2026-06-05 19:08:53 UTC,,,28.92399,45.65683,1.006772,94484.88,,,,,,3,4,4
2026-06-05 19:09:53 UTC,,,29.05779,45.54988,1.006774,95317.44,,,,,,3,4,4
2026-06-05 19:10:53 UTC,,,29.19407,45.32806,1.006798,95102.57,,,,,,3,4,4
2026-06-05 19:11:53 UTC,,,29.05775,45.96763,1.006781,94782.08,,,,,,3,4,4
2026-06-05 19:12:53 UTC,,,29.18902,46.42824,1.006828,93937.88,,,,,,3,4,4
2026-06-05 19:13:53 UTC,,,29.28246,46.20916,1.00679,93211.45,,,,,,3,4,4
2026-06-05 19:14:53 UTC,,,29.29505,46.23745,1.006815,92903.55,,,,,,3,4,4
2026-06-05 19:15:54 UTC,,,29.30013,46.46386,1.006814,92597.67,,,,,,3,4,4
2026-06-05 19:16:54 UTC,,,29.0527,47.80066,1.006808,91592.49,,,,,,3,4,4
2026-06-05 19:17:54 UTC,,,29.06028,46.57683,1.006822,93417.85,,,,,,3,4,4
2026-06-05 19:18:54 UTC,,,28.77757,46.46238,1.006821,94888.67,,,,,,3,4,4
2026-06-05 19:19:54 UTC,,,28.94668,45.58583,1.006801,94326.44,,,,,,3,4,4
2026-06-05 19:20:54 UTC,,,29.01736,45.62791,1.006823,94432.01,,,,,,3,4,4
2026-06-05 19:21:54 UTC,,,29.1108,45.52126,1.006818,95102.57,,,,,,3,4,4
2026-06-05 19:22:54 UTC,,,29.06536,45.82467,1.006815,95317.44,,,,,,3,4,4
2026-06-05 19:23:54 UTC,,,29.09562,46.68042,1.006848,93211.45,,,,,,3,4,4
2026-06-05 19:24:54 UTC,,,29.21935,46.39413,1.006854,93314.53,,,,,,3,4,4
2026-06-05 19:25:54 UTC,,,29.33295,46.1518,1.006873,93729.17,,,,,,3,4,4
2026-06-05 19:26:54 UTC,,,29.25974,46.49944,1.006884,92903.55,,,,,,3,4,4
2026-06-05 19:27:54 UTC,,,29.26476,47.35378,1.006875,91493.16,,,,,,3,4,4
2026-06-05 19:28:54 UTC,,,29.10575,46.65816,1.006886,93314.53,,,,,,3,4,4
2026-06-05 19:29:54 UTC,,,29.07546,45.69358,1.006871,94116.02,,,,,,2,3,3
2026-06-05 19:30:54 UTC,,,29.00474,45.55896,1.006842,94221.11,,,,,,3,4,4
2026-06-05 19:31:54 UTC,,,29.13604,45.42817,1.006867,94537.81,,,,,,3,4,4
2026-06-05 19:32:54 UTC,,,29.15873,45.4628,1.006892,95317.44,,,,,,3,4,4
2026-06-05 19:33:54 UTC,,,29.19915,45.67715,1.006861,94995.51,,,,,,3,4,4
2026-06-05 19:34:54 UTC,,,29.26731,46.40516,1.006884,93005.96,,,,,,3,4,4
2026-06-05 19:35:54 UTC,,,29.25213,46.354,1.006895,93314.53,,,,,,3,4,4
2026-06-05 19:36:54 UTC,,,29.39098,46.13769,1.006912,93005.96,,,,,,3,4,4
2026-06-05 19:37:55 UTC,,,29.39101,46.41715,1.00692,92903.55,,,,,,3,4,4
2026-06-05 19:38:55 UTC,,,29.1941,47.46659,1.006895,91592.49,,,,,,3,4,4
2026-06-05 19:39:55 UTC,,,29.14867,46.40269,1.006914,93211.45,,,,,,3,4,4
2026-06-05 19:40:55 UTC,,,28.96438,45.97968,1.006889,95102.57,,,,,,3,4,4
2026-06-05 19:41:55 UTC,,,28.78767,46.02712,1.006912,95016.89,,,,,,3,4,4
2026-06-05 19:42:55 UTC,,,29.07546,45.50124,1.006926,94590.8,,,,,,4,5,5
2026-06-05 19:43:55 UTC,,,29.18148,45.38667,1.006937,93906.52,,,,,,3,4,4
2026-06-05 19:44:55 UTC,,,29.03254,45.99814,1.006931,88610.59,,,,,,4,5,5
2026-06-05 19:45:55 UTC,,,29.08552,46.77144,1.006936,92394.88,,,,,,3,4,4
2026-06-05 19:46:55 UTC,,,29.20925,46.38894,1.006979,93211.45,,,,,,3,4,4
2026-06-05 19:47:55 UTC,,,29.29003,46.27438,1.006931,93211.45,,,,,,3,4,4
2026-06-05 19:48:55 UTC,,,29.2799,46.64323,1.006937,93314.53,,,,,,4,5,5
2026-06-05 19:49:55 UTC,,,29.21174,47.3353,1.006946,91791.78,,,,,,4,5,5
2026-06-05 19:50:55 UTC,,,29.10323,46.56154,1.00693,93314.53,,,,,,3,4,4
2026-06-05 19:51:55 UTC,,,29.05274,45.81513,1.006901,94888.67,,,,,,3,4,4
2026-06-05 19:52:55 UTC,,,29.08556,45.60354,1.006882,95317.44,,,,,,3,4,4
2026-06-05 19:53:55 UTC,,,29.19915,45.49195,1.006926,94995.51,,,,,,3,4,4
2026-06-05 19:54:55 UTC,,,29.23951,45.51131,1.006915,94888.67,,,,,,3,4,4
2026-06-05 19:55:55 UTC,,,29.03759,46.67088,1.006922,94252.69,,,,,,4,5,5
2026-06-05 19:56:55 UTC,,,29.16886,46.66489,1.006917,93417.85,,,,,,3,4,4
2026-06-05 19:57:55 UTC,,,29.30262,46.38661,1.00694,93417.85,,,,,,3,4,4
2026-06-05 19:58:55 UTC,,,29.37583,46.29783,1.00695,93108.59,,,,,,3,4,4
2026-06-05 19:59:55 UTC,,,29.33547,46.95188,1.00693,92192.97,,,,,,3,4,4
2026-06-05 20:00:55 UTC,,,29.24712,47.11378,1.006966,92092.34,,,,,,3,4,4
2026-06-05 20:01:55 UTC,,,29.15116,46.37298,1.006927,94147.52,,,,,,3,4,4
2026-06-05 20:02:56 UTC,,,29.05274,45.79376,1.006954,94221.11,,,,,,3,4,4
2026-06-05 20:03:56 UTC,,,29.04516,45.30795,1.006934,94856.66,,,,,,3,4,4
2026-06-05 20:04:56 UTC,,,29.10323,45.34748,1.006922,94273.74,,,,,,3,4,4
2026-06-05 20:05:56 UTC,,,29.15368,45.36047,1.006949,94803.37,,,,,,3,4,4
2026-06-05 20:06:56 UTC,,,29.14867,45.52034,1.006972,94432.01,,,,,,3,4,4
2026-06-05 20:07:56 UTC,,,29.12345,46.5026,1.006998,94252.69,,,,,,3,4,4
2026-06-05 20:08:56 UTC,,,29.23708,46.29108,1.007012,93833.41,,,,,,3,4,4
2026-06-05 20:09:56 UTC,,,29.30777,46.17709,1.006996,93521.39,,,,,,3,4,4
2026-06-05 20:10:56 UTC,,,29.28502,46.3217,1.006985,93833.41,,,,,,3,4,4
2026-06-05 20:11:56 UTC,,,29.24466,47.42631,1.006985,91891.75,,,,,,3,4,4
2026-06-05 20:12:56 UTC,,,29.07804,46.61704,1.006966,93833.41,,,,,,3,4,4
2026-06-05 20:13:56 UTC,,,28.97451,45.88155,1.006976,95102.57,,,,,,3,4,4
2026-06-05 20:14:56 UTC,,,28.91645,45.39,1.006975,95231.38,,,,,,3,4,4
2026-06-05 20:15:56 UTC,,,29.00484,45.34402,1.006952,95554.92,,,,,,3,4,4
2026-06-05 20:16:56 UTC,,,29.05024,45.39325,1.006971,95124.02,,,,,,3,4,4
2026-06-05 20:17:56 UTC,,,29.1285,45.32326,1.006968,95016.89,,,,,,3,4,4
2026-06-05 20:18:56 UTC,,,29.11591,46.359,1.006977,94782.08,,,,,,3,4,4
2026-06-05 20:19:56 UTC,,,29.15378,46.29263,1.006978,94675.73,,,,,,3,4,4
2026-06-05 20:20:56 UTC,,,29.2421,46.15464,1.006996,94463.73,,,,,,3,4,4
2026-06-05 20:21:56 UTC,,,29.26485,46.21812,1.007015,93937.88,,,,,,3,4,4
2026-06-05 20:22:56 UTC,,,29.22437,47.29202,1.007004,92496.16,,,,,,3,4,4
2026-06-05 20:23:56 UTC,,,29.11837,46.79084,1.006993,93625.17,,,,,,3,4,4
2026-06-05 20:24:57 UTC,,,28.96691,46.12651,1.007053,95317.44,,,,,,3,4,4
2026-06-05 20:25:57 UTC,,,28.95678,45.79187,1.007053,94643.86,,,,,,3,4,4
2026-06-05 20:26:57 UTC,,,29.08047,45.71888,1.007007,94379.2,,,,,,3,4,4
2026-06-05 20:27:57 UTC,,,29.13099,45.68805,1.007023,94432.01,,,,,,3,4,4
2026-06-05 20:28:57 UTC,,,29.12847,45.97096,1.007028,95209.89,,,,,,3,4,4
2026-06-05 20:29:57 UTC,,,29.18148,46.66607,1.007071,94042.59,,,,,,3,4,4
2026-06-05 20:30:57 UTC,,,29.19915,46.58835,1.007085,94042.59,,,,,,3,4,4
2026-06-05 20:31:57 UTC,,,29.28751,46.42975,1.007068,93833.41,,,,,,3,4,4
2026-06-05 20:32:57 UTC,,,29.26476,46.69494,1.007096,93521.39,,,,,,2,3,3
2026-06-05 20:33:57 UTC,,,29.05523,47.74271,1.007083,92597.67,,,,,,3,4,4
2026-06-05 20:34:57 UTC,,,29.00982,46.81409,1.007121,94147.52,,,,,,2,3,3
2026-06-05 20:35:57 UTC,,,28.90885,46.13895,1.007122,94379.2,,,,,,2,3,3
2026-06-05 20:36:57 UTC,,,28.91386,45.47391,1.007146,95663.27,,,,,,3,4,4
2026-06-05 20:37:57 UTC,,,28.94924,45.51114,1.007172,95016.89,,,,,,3,4,4
2026-06-05 20:38:57 UTC,,,29.01484,45.49709,1.007176,95177.66,,,,,,3,4,4
2026-06-05 20:39:57 UTC,,,29.10319,45.42702,1.007194,95609.07,,,,,,3,4,4
2026-06-05 20:40:57 UTC,,,29.1007,46.43625,1.007206,95317.44,,,,,,3,4,4
2026-06-05 20:41:57 UTC,,,29.12595,46.3917,1.007226,94888.67,,,,,,3,4,4
2026-06-05 20:42:57 UTC,,,29.22437,46.24013,1.007241,94675.73,,,,,,3,4,4
2026-06-05 20:43:57 UTC,,,29.26731,46.25921,1.007262,94358.09,,,,,,3,4,4
2026-06-05 20:44:57 UTC,,,29.08303,47.73879,1.007297,93108.59,,,,,,3,4,4
2026-06-05 20:45:57 UTC,,,29.07795,46.9028,1.007311,93625.17,,,,,,3,4,4
2026-06-05 20:46:57 UTC,,,28.9492,46.12294,1.007293,94116.02,,,,,,2,3,3
2026-06-05 20:47:57 UTC,,,28.93409,45.66625,1.007296,95177.66,,,,,,3,4,4
2026-06-05 20:48:57 UTC,,,29.04516,45.55412,1.007308,95500.84,,,,,,3,4,4
2026-06-05 20:49:57 UTC,,,29.09562,45.58682,1.007297,94537.81,,,,,,2,3,3
2026-06-05 20:50:58 UTC,,,29.12847,45.58109,1.007299,95016.89,,,,,,3,4,4
2026-06-05 20:51:58 UTC,,,29.09565,46.5855,1.007293,94675.73,,,,,,3,4,4
2026-06-05 20:52:58 UTC,,,29.17391,46.4369,1.007284,94569.61,,,,,,3,4,4
2026-06-05 20:53:58 UTC,,,29.26731,46.22823,1.00728,94147.52,,,,,,3,4,4
2026-06-05 20:54:58 UTC,,,29.22184,46.50501,1.00729,94042.59,,,,,,3,4,4
2026-06-05 20:55:58 UTC,,,29.1865,47.52913,1.007324,92903.55,,,,,,2,3,3
2026-06-05 20:56:58 UTC,,,29.13857,46.69323,1.007335,93937.88,,,,,,3,4,4
2026-06-05 20:57:58 UTC,,,29.0174,45.97091,1.007344,93645.95,,,,,,3,4,4
2026-06-05 20:58:58 UTC,,,29.03503,45.54495,1.007345,95016.89,,,,,,3,4,4
2026-06-05 20:59:58 UTC,,,29.10575,45.56546,1.007362,94803.37,,,,,,3,4,4
2026-06-05 21:00:58 UTC,,,29.15876,45.53677,1.007363,94326.44,,,,,,3,4,4
2026-06-05 21:01:58 UTC,,,28.96687,46.26685,1.007392,94537.81,,,,,,3,4,4
2026-06-05 21:02:58 UTC,,,29.05523,46.86311,1.007417,94358.09,,,,,,3,4,4
2026-06-05 21:03:58 UTC,,,29.21682,46.43967,1.007417,94252.69,,,,,,3,4,4
2026-06-05 21:04:58 UTC,,,29.28751,46.33004,1.007407,93833.41,,,,,,3,4,4
2026-06-05 21:05:58 UTC,,,29.21931,46.79669,1.007414,94042.59,,,,,,3,4,4
2026-06-05 21:06:58 UTC,,,29.21935,47.41389,1.007408,92699.41,,,,,,3,4,4
2026-06-05 21:07:58 UTC,,,29.16125,46.49139,1.007407,94042.59,,,,,,3,4,4
2026-06-05 21:08:58 UTC,,,28.9972,45.8284,1.007372,94326.44,,,,,,3,4,4
2026-06-05 21:09:58 UTC,,,29.07041,45.68326,1.007397,94537.81,,,,,,3,4,4
2026-06-05 21:10:58 UTC,,,29.10572,45.70634,1.007405,94432.01,,,,,,3,4,4
2026-06-05 21:11:58 UTC,,,29.22689,45.53603,1.007429,94168.52,,,,,,3,4,4
2026-06-05 21:12:59 UTC,,,29.02497,46.72425,1.007438,95102.57,,,,,,3,4,4
2026-06-05 21:13:59 UTC,,,29.19663,46.5627,1.007432,94042.59,,,,,,3,4,4
2026-06-05 21:14:59 UTC,,,29.20673,46.56314,1.007437,94995.51,,,,,,3,4,4
2026-06-05 21:15:59 UTC,,,29.29003,46.48418,1.007429,94252.69,,,,,,3,4,4
2026-06-05 21:16:59 UTC,,,29.27993,47.15904,1.007482,93108.59,,,,,,3,4,4
2026-06-05 21:17:59 UTC,,,29.15119,47.24513,1.007503,93108.59,,,,,,3,4,4
2026-06-05 21:18:59 UTC,,,29.07546,46.41934,1.00754,94782.08,,,,,,3,4,4
2026-06-05 21:19:59 UTC,,,29.0149,45.703,1.007524,94910.01,,,,,,3,4,4
2026-06-05 21:20:59 UTC,,,29.01998,45.63446,1.007536,95177.66,,,,,,3,4,4
2026-06-05 21:21:59 UTC,,,29.00228,45.7966,1.007546,96153.85,,,,,,3,4,4
2026-06-05 21:22:59 UTC,,,29.14867,45.54342,1.007574,95177.66,,,,,,3,4,4
2026-06-05 21:23:59 UTC,,,29.10824,46.1805,1.007572,94168.52,,,,,,3,4,4
2026-06-05 21:24:59 UTC,,,29.0174,46.90586,1.007561,94675.73,,,,,,3,4,4
2026-06-05 21:25:59 UTC,,,29.18902,46.48112,1.007601,94252.69,,,,,,3,4,4
2026-06-05 21:26:59 UTC,,,29.26728,46.40324,1.007559,94147.52,,,,,,3,4,4
2026-06-05 21:27:59 UTC,,,29.22184,47.14894,1.007591,93108.59,,,,,,3,4,4
2026-06-05 21:28:59 UTC,,,29.06284,47.46419,1.00756,93521.39,,,,,,3,4,4
2026-06-05 21:29:59 UTC,,,28.94671,46.71825,1.007557,94888.67,,,,,,3,4,4
2026-06-05 21:30:59 UTC,,,28.90881,45.90096,1.00756,94910.01,,,,,,3,4,4
2026-06-05 21:31:59 UTC,,,29.00225,45.8107,1.007562,95016.89,,,,,,3,4,4
2026-06-05 21:32:59 UTC,,,29.11332,45.69746,1.007581,94484.88,,,,,,3,4,4
2026-06-05 21:33:59 UTC,,,29.18902,45.63684,1.007588,94168.52,,,,,,3,4,4
2026-06-05 21:35:00 UTC,,,29.13096,46.71239,1.007582,94675.73,,,,,,3,4,4
2026-06-05 21:36:00 UTC,,,29.17896,46.64096,1.007598,94569.61,,,,,,3,4,4
2026-06-05 21:37:00 UTC,,,29.24964,46.49859,1.007624,93729.17,,,,,,3,4,4
2026-06-05 21:38:00 UTC,,,29.32537,46.45577,1.007645,94042.59,,,,,,3,4,4
2026-06-05 21:39:00 UTC,,,29.25469,47.3754,1.007637,93314.53,,,,,,3,4,4
2026-06-05 21:40:00 UTC,,,29.11329,47.23689,1.007647,93833.41,,,,,,3,4,4
2026-06-05 21:41:00 UTC,,,29.03254,46.40368,1.007629,94675.73,,,,,,3,4,4
2026-06-05 21:42:00 UTC,,,29.0073,45.99776,1.007663,94750.14,,,,,,3,4,4
2026-06-05 21:43:00 UTC,,,29.08047,45.93391,1.007632,94856.66,,,,,,3,4,4
2026-06-05 21:44:00 UTC,,,29.12086,45.91338,1.007643,94379.2,,,,,,3,4,4
2026-06-05 21:45:00 UTC,,,29.16129,45.95061,1.007652,94273.74,,,,,,3,4,4
2026-06-05 21:46:00 UTC,,,29.13352,46.93953,1.007659,94675.73,,,,,,3,4,4
2026-06-05 21:47:00 UTC,,,29.20669,46.74271,1.007689,94358.09,,,,,,3,4,4
2026-06-05 21:48:00 UTC,,,29.27489,46.65956,1.007682,94147.52,,,,,,3,4,4
2026-06-05 21:49:00 UTC,,,29.24459,46.90634,1.00768,93625.17,,,,,,3,4,4
2026-06-05 21:50:00 UTC,,,28.80784,48.76743,1.00769,92699.41,,,,,,3,4,4
2026-06-05 21:51:00 UTC,,,28.97697,47.17823,1.007697,94463.73,,,,,,3,4,4
2026-06-05 21:52:00 UTC,,,28.90127,46.43226,1.007727,94484.88,,,,,,3,4,4
2026-06-05 21:53:00 UTC,,,28.96183,45.95646,1.007743,95826.23,,,,,,4,5,5
2026-06-05 21:54:00 UTC,,,29.03002,45.99408,1.007747,95338.98,,,,,,3,4,4
2026-06-05 21:55:00 UTC,,,29.10575,45.89801,1.007757,95070.43,,,,,,3,4,4
2026-06-05 21:56:01 UTC,,,29.10824,46.04475,1.007754,94484.88,,,,,,3,4,4
2026-06-05 21:57:01 UTC,,,29.1209,46.91981,1.007757,94675.73,,,,,,3,4,4
2026-06-05 21:58:01 UTC,,,29.20168,46.68929,1.007812,94782.08,,,,,,3,4,4
2026-06-05 21:59:01 UTC,,,29.24961,46.67982,1.007799,94675.73,,,,,,3,4,4
2026-06-05 22:00:01 UTC,,,29.23951,46.9845,1.007801,93833.41,,,,,,3,4,4
2026-06-05 22:01:01 UTC,,,29.18148,47.73212,1.007804,92903.55,,,,,,3,4,4
2026-06-05 22:02:01 UTC,,,29.03759,46.81663,1.007802,94888.67,,,,,,3,4,4
2026-06-05 22:03:01 UTC,,,28.9492,46.08957,1.007815,94963.42,,,,,,3,4,4
2026-06-05 22:04:01 UTC,,,28.96186,46.10617,1.007839,95663.27,,,,,,3,4,4
2026-06-05 22:05:01 UTC,,,28.99973,46.174,1.007859,95231.38,,,,,,3,4,4
2026-06-05 22:06:01 UTC,,,29.10323,46.00632,1.007888,94856.66,,,,,,3,4,4
2026-06-05 22:07:01 UTC,,,29.13348,46.60294,1.007908,95209.89,,,,,,3,4,4
2026-06-05 22:08:01 UTC,,,29.10827,47.01805,1.00792,94569.61,,,,,,3,4,4
2026-06-05 22:09:01 UTC,,,29.18397,46.84451,1.007956,94463.73,,,,,,4,5,5
2026-06-05 22:10:01 UTC,,,29.26731,46.68976,1.007949,94252.69,,,,,,3,4,4
2026-06-05 22:11:01 UTC,,,29.27741,47.19269,1.007999,93729.17,,,,,,3,4,4
2026-06-05 22:12:01 UTC,,,29.17391,47.54715,1.007965,93729.17,,,,,,3,4,4
2026-06-05 22:13:01 UTC,,,29.03002,46.76,1.007976,94358.09,,,,,,3,4,4
2026-06-05 22:14:01 UTC,,,29.02497,45.90767,1.007979,94963.42,,,,,,3,4,4
2026-06-05 22:15:01 UTC,,,28.96943,46.07028,1.007939,95609.07,,,,,,3,4,4
2026-06-05 22:16:01 UTC,,,29.03759,46.05917,1.008004,95070.43,,,,,,3,4,4
2026-06-05 22:17:01 UTC,,,29.11332,45.97678,1.007984,94963.42,,,,,,3,4,4
2026-06-05 22:18:02 UTC,,,29.10827,46.80432,1.007998,94432.01,,,,,,3,4,4
2026-06-05 22:19:02 UTC,,,29.13604,46.89569,1.008011,94569.61,,,,,,3,4,4
2026-06-05 22:20:02 UTC,,,29.22443,46.75521,1.008049,94569.61,,,,,,3,4,4
2026-06-05 22:21:02 UTC,,,29.26734,46.71723,1.008076,94569.61,,,,,,3,4,4
2026-06-05 22:22:02 UTC,,,29.19922,47.70477,1.008074,93211.45,,,,,,3,4,4
2026-06-05 22:23:02 UTC,,,29.08051,47.27367,1.008085,94147.52,,,,,,3,4,4
2026-06-05 22:24:02 UTC,,,29.03756,46.5017,1.008088,94432.01,,,,,,3,4,4
2026-06-05 22:25:02 UTC,,,28.89114,46.03417,1.008075,95717.52,,,,,,3,4,4
2026-06-05 22:26:02 UTC,,,28.91389,46.19028,1.008073,95392.88,,,,,,4,5,5
2026-06-05 22:27:02 UTC,,,29.04769,45.9788,1.008086,95717.52,,,,,,3,4,4
2026-06-05 22:28:02 UTC,,,29.12339,45.89848,1.008069,95338.98,,,,,,3,4,4
2026-06-05 22:29:02 UTC,,,29.09565,46.83131,1.008106,94168.52,,,,,,3,4,4
2026-06-05 22:30:02 UTC,,,29.06284,46.91447,1.008099,95209.89,,,,,,3,4,4
2026-06-05 22:31:02 UTC,,,29.1865,46.72442,1.008133,94675.73,,,,,,3,4,4
2026-06-05 22:32:02 UTC,,,29.23446,46.76468,1.008139,94463.73,,,,,,4,5,5
2026-06-05 22:33:02 UTC,,,29.25721,47.5304,1.008161,93211.45,,,,,,3,4,4
2026-06-05 22:34:02 UTC,,,29.12342,47.18406,1.008146,93937.88,,,,,,3,4,4
2026-06-05 22:35:02 UTC,,,29.00222,46.2015,1.008165,94537.81,,,,,,3,4,4
2026-06-05 22:36:02 UTC,,,28.93409,45.64887,1.008158,95717.52,,,,,,3,4,4
2026-06-05 22:37:02 UTC,,,28.88865,45.83149,1.008137,96428.57,,,,,,3,4,4
2026-06-05 22:38:02 UTC,,,28.9871,45.73204,1.008145,96318.49,,,,,,3,4,4
2026-06-05 22:39:02 UTC,,,29.06788,45.63096,1.008142,96153.85,,,,,,3,4,4
2026-06-05 22:40:03 UTC,,,29.08047,46.3163,1.008196,95124.02,,,,,,3,4,4
2026-06-05 22:41:03 UTC,,,29.10572,46.59785,1.008251,94168.52,,,,,,4,5,5
2026-06-05 22:42:03 UTC,,,29.12595,46.55584,1.008195,94063.55,,,,,,3,4,4
2026-06-05 22:43:03 UTC,,,29.24459,46.4114,1.008281,95209.89,,,,,,3,4,4
2026-06-05 22:44:03 UTC,,,29.15116,47.43802,1.008266,94147.52,,,,,,3,4,4
2026-06-05 22:45:03 UTC,,,29.01992,47.4267,1.008244,94569.61,,,,,,3,4,4
2026-06-05 22:46:03 UTC,,,28.90885,46.7192,1.008238,94803.37,,,,,,3,4,4
2026-06-05 22:47:03 UTC,,,28.93406,45.90984,1.008258,95989.76,,,,,,4,5,5
2026-06-05 22:48:03 UTC,,,29.06028,45.79644,1.008266,96153.85,,,,,,3,4,4
2026-06-05 22:49:03 UTC,,,29.10323,45.7979,1.008285,95392.88,,,,,,4,6,6
2026-06-05 22:50:03 UTC,,,29.16129,45.8328,1.008328,95880.68,,,,,,4,5,5
2026-06-05 22:51:03 UTC,,,29.0527,47.01242,1.008342,94011.14,,,,,,4,5,5
2026-06-05 22:52:03 UTC,,,29.11332,46.77813,1.008337,95102.57,,,,,,4,5,5
2026-06-05 22:53:03 UTC,,,29.20164,46.62223,1.008337,94782.08,,,,,,3,4,4
2026-06-05 22:54:03 UTC,,,29.22187,46.69339,1.008351,94995.51,,,,,,3,4,4
2026-06-05 22:55:03 UTC,,,29.17896,47.60735,1.008381,94147.52,,,,,,4,5,5
2026-06-05 22:56:03 UTC,,,28.96691,47.2477,1.008344,94888.67,,,,,,4,5,5
2026-06-05 22:57:03 UTC,,,28.93911,46.2104,1.008379,95070.43,,,,,,4,5,5
2026-06-05 22:58:03 UTC,,,28.8937,45.9193,1.008358,96318.49,,,,,,3,4,4
2026-06-05 22:59:03 UTC,,,28.95681,45.98206,1.008374,96208.67,,,,,,3,4,4
2026-06-05 23:00:03 UTC,,,29.03756,45.85896,1.0084,95609.07,,,,,,3,4,4
2026-06-05 23:01:03 UTC,,,29.05526,46.0015,1.008433,95338.98,,,,,,4,5,5
2026-06-05 23:02:04 UTC,,,29.09313,46.8284,1.008473,94168.52,,,,,,3,4,4
2026-06-05 23:03:04 UTC,,,29.14611,46.67659,1.008479,94379.2,,,,,,4,5,5
2026-06-05 23:04:04 UTC,,,29.21427,46.60612,1.00849,95209.89,,,,,,4,5,5
2026-06-05 23:05:04 UTC,,,29.15876,46.79888,1.008477,94569.61,,,,,,4,5,5
2026-06-05 23:06:04 UTC,,,29.19158,47.67,1.00851,93417.85,,,,,,4,5,5
2026-06-05 23:07:04 UTC,,,29.0527,46.84851,1.008489,94675.73,,,,,,3,4,4
2026-06-05 23:08:04 UTC,,,28.92652,46.16539,1.008486,95554.92,,,,,,3,4,4
2026-06-05 23:09:04 UTC,,,28.92904,45.77134,1.00849,96815.84,,,,,,4,5,5
2026-06-05 23:10:04 UTC,,,28.92147,46.0144,1.008464,96208.67,,,,,,3,4,4
2026-06-05 23:11:04 UTC,,,29.07044,45.75746,1.008525,96044.4,,,,,,4,5,5
2026-06-05 23:12:04 UTC,,,29.07804,45.93569,1.008564,95826.23,,,,,,4,5,5
2026-06-05 23:13:04 UTC,,,29.14112,46.65707,1.008578,93906.52,,,,,,3,4,4
2026-06-05 23:14:04 UTC,,,29.15876,46.59957,1.008575,95317.44,,,,,,3,4,4
2026-06-05 23:15:04 UTC,,,29.21682,46.54132,1.008614,94782.08,,,,,,4,5,5
2026-06-05 23:16:04 UTC,,,29.24964,46.72434,1.008646,95102.57,,,,,,4,6,6
2026-06-05 23:17:04 UTC,,,29.17135,47.53007,1.008655,93833.41,,,,,,4,5,5
2026-06-05 23:18:04 UTC,,,29.05274,46.67274,1.008639,95317.44,,,,,,3,4,4
2026-06-05 23:19:04 UTC,,,28.92648,46.09792,1.008625,95717.52,,,,,,3,4,4
2026-06-05 23:20:04 UTC,,,28.94415,45.94927,1.008611,95717.52,,,,,,3,4,4
2026-06-05 23:21:04 UTC,,,29.01992,45.94028,1.008629,95446.84,,,,,,4,5,5
2026-06-05 23:22:04 UTC,,,29.10827,45.85712,1.008617,95717.52,,,,,,3,4,4
2026-06-05 23:23:04 UTC,,,29.07546,46.471,1.008622,95177.66,,,,,,4,6,6
2026-06-05 23:24:05 UTC,,,29.14867,46.74968,1.008621,95209.89,,,,,,4,6,6
2026-06-05 23:25:05 UTC,,,29.14106,46.77452,1.00862,94063.55,,,,,,4,6,6
2026-06-05 23:26:05 UTC,,,29.24203,46.62259,1.008623,95102.57,,,,,,4,6,6
2026-06-05 23:27:05 UTC,,,29.1941,47.24174,1.008664,94463.73,,,,,,4,6,6
2026-06-05 23:28:05 UTC,,,29.07041,47.52072,1.008659,93937.88,,,,,,4,5,5
2026-06-05 23:29:05 UTC,,,28.93153,46.8733,1.008667,94484.88,,,,,,4,6,6
2026-06-05 23:30:05 UTC,,,28.89622,46.12322,1.008626,95717.52,,,,,,4,6,6
2026-06-05 23:31:05 UTC,,,28.81544,46.39029,1.008691,96483.7,,,,,,4,6,6
2026-06-05 23:32:05 UTC,,,29.02497,46.00533,1.008726,96044.4,,,,,,4,6,6
2026-06-05 23:33:05 UTC,,,29.13096,45.89852,1.008712,96318.49,,,,,,4,5,5
2026-06-05 23:34:05 UTC,,,29.1108,46.64552,1.008743,94750.14,,,,,,4,6,6
2026-06-05 23:35:05 UTC,,,29.1209,46.87542,1.008758,94379.2,,,,,,4,6,6
2026-06-05 23:36:05 UTC,,,29.21679,46.68005,1.00878,94379.2,,,,,,4,6,6
2026-06-05 23:37:05 UTC,,,29.25217,46.70717,1.008801,94888.67,,,,,,4,6,6
2026-06-05 23:38:05 UTC,,,29.21931,47.59229,1.008817,94147.52,,,,,,4,6,6
2026-06-05 23:39:05 UTC,,,28.9795,47.59655,1.008801,94252.69,,,,,,4,6,6
2026-06-05 23:40:05 UTC,,,28.9972,46.48104,1.008793,94696.98,,,,,,4,6,6
2026-06-05 23:41:05 UTC,,,28.91389,46.01073,1.008831,96099.09,,,,,,4,6,6
2026-06-05 23:42:05 UTC,,,28.99212,45.9145,1.008836,96373.51,,,,,,4,6,6
2026-06-05 23:43:05 UTC,,,29.03759,46.01212,1.008822,95880.68,,,,,,5,7,7
2026-06-05 23:44:05 UTC,,,29.10575,45.93223,1.008854,95554.92,,,,,,4,6,6
2026-06-05 23:45:05 UTC,,,29.09562,46.81307,1.00886,94537.81,,,,,,4,6,6
2026-06-05 23:46:05 UTC,,,29.16634,46.72797,1.008888,94221.11,,,,,,4,6,6
2026-06-05 23:47:05 UTC,,,29.14362,46.81277,1.00887,94273.74,,,,,,4,6,6
2026-06-05 23:48:05 UTC,,,29.17391,46.84127,1.00888,93854.28,,,,,,4,6,6
2026-06-05 23:49:05 UTC,,,29.21679,47.66315,1.008929,93833.41,,,,,,4,6,6
2026-06-05 23:50:06 UTC,,,29.13099,47.14419,1.00891,94569.61,,,,,,4,6,6
2026-06-05 23:51:06 UTC,,,29.00225,46.354,1.008912,95070.43,,,,,,4,6,6
2026-06-05 23:52:06 UTC,,,28.75482,46.36016,1.008888,96871.41,,,,,,4,6,6
2026-06-05 23:53:06 UTC,,,28.95687,46.02666,1.008929,96099.09,,,,,,4,6,6
2026-06-05 23:54:06 UTC,,,29.0351,45.99947,1.008944,95989.76,,,,,,4,5,5
2026-06-05 23:55:06 UTC,,,29.04772,46.07558,1.008948,95935.19,,,,,,4,6,6
2026-06-05 23:56:06 UTC,,,29.04018,47.07834,1.008979,94273.74,,,,,,5,7,7
2026-06-05 23:57:06 UTC,,,29.073,47.03242,1.009013,93906.52,,,,,,4,6,6
2026-06-05 23:58:06 UTC,,,29.16637,46.82694,1.008993,95317.44,,,,,,5,7,7
2026-06-05 23:59:06 UTC,,,29.21184,46.82311,1.009029,95102.57,,,,,,4,6,6
2026-06-06 00:00:06 UTC,,,29.12853,48.01106,1.00899,93625.17,,,,,,5,7,7
2026-06-06 00:01:06 UTC,,,29.06539,47.16562,1.009032,94569.61,,,,,,5,7,7
2026-06-06 00:02:06 UTC,,,29.00228,46.1918,1.009047,95446.84,,,,,,5,7,7
2026-06-06 00:03:06 UTC,,,28.87861,46.2008,1.009026,96538.9,,,,,,5,7,7
2026-06-06 00:04:06 UTC,,,28.98717,46.11024,1.009058,95989.76,,,,,,4,6,6
2026-06-06 00:05:06 UTC,,,29.09063,46.01307,1.009059,95771.85,,,,,,5,7,7
2026-06-06 00:06:06 UTC,,,29.09824,46.17422,1.009077,95935.19,,,,,,5,7,7
2026-06-06 00:07:06 UTC,,,28.99474,47.31305,1.009093,94484.88,,,,,,5,7,7
2026-06-06 00:08:06 UTC,,,29.1007,47.04006,1.009103,95209.89,,,,,,5,7,7
2026-06-06 00:09:06 UTC,,,29.1941,46.91777,1.00907,94379.2,,,,,,5,7,7
2026-06-06 00:10:06 UTC,,,29.17892,47.07416,1.009097,95102.57,,,,,,5,7,7
2026-06-06 00:11:06 UTC,,,29.09057,48.20111,1.009128,93625.17,,,,,,5,7,7
2026-06-06 00:12:07 UTC,,,29.03507,47.1978,1.009103,94675.73,,,,,,5,7,7
2026-06-06 00:13:07 UTC,,,28.88107,46.51145,1.009061,95609.07,,,,,,5,7,7
2026-06-06 00:14:07 UTC,,,28.8558,46.49359,1.009034,95826.23,,,,,,5,7,7
2026-06-06 00:15:07 UTC,,,28.94419,46.42556,1.009073,96044.4,,,,,,5,7,7
2026-06-06 00:16:07 UTC,,,29.07041,46.29785,1.009102,95663.27,,,,,,5,7,7
2026-06-06 00:17:07 UTC,,,29.06031,46.65312,1.00913,95285.15,,,,,,5,7,7
2026-06-06 00:18:07 UTC,,,29.11329,47.27302,1.009088,94116.02,,,,,,5,7,7
2026-06-06 00:19:07 UTC,,,29.15371,47.13207,1.009103,94888.67,,,,,,5,7,7
2026-06-06 00:20:07 UTC,,,29.23197,47.03499,1.009145,94463.73,,,,,,5,7,7
2026-06-06 00:21:07 UTC,,,29.20669,47.49613,1.009094,94675.73,,,,,,6,8,8
2026-06-06 00:22:07 UTC,,,29.14362,47.65488,1.00914,93729.17,,,,,,5,7,7
2026-06-06 00:23:07 UTC,,,28.94668,47.24315,1.009083,94273.74,,,,,,5,7,7
2026-06-06 00:24:07 UTC,,,28.82806,46.56118,1.009099,96483.7,,,,,,5,7,7
2026-06-06 00:25:07 UTC,,,28.84068,46.01463,1.00913,96704.88,,,,,,5,7,7
2026-06-06 00:26:07 UTC,,,28.7902,46.31734,1.009146,96815.84,,,,,,5,7,7
2026-06-06 00:27:07 UTC,,,28.93911,46.1132,1.009184,96760.32,,,,,,5,7,7
2026-06-06 00:28:07 UTC,,,29.01736,46.08226,1.00916,96428.57,,,,,,5,7,7
2026-06-06 00:29:07 UTC,,,28.83564,47.54736,1.009191,95231.38,,,,,,5,7,7
2026-06-06 00:30:07 UTC,,,29.00726,47.15092,1.009219,94326.44,,,,,,5,7,7
2026-06-06 00:31:07 UTC,,,29.13096,46.8902,1.009247,94379.2,,,,,,5,7,7
2026-06-06 00:32:07 UTC,,,29.18401,46.97067,1.009278,94379.2,,,,,,5,7,7
2026-06-06 00:33:08 UTC,,,28.89619,48.74533,1.009222,94252.69,,,,,,5,7,7
2026-06-06 00:34:08 UTC,,,28.95678,47.60496,1.009259,95209.89,,,,,,4,6,6
2026-06-06 00:35:08 UTC,,,28.94419,46.5145,1.009285,95717.52,,,,,,5,7,7
2026-06-06 00:36:08 UTC,,,28.79777,46.16124,1.009291,96483.7,,,,,,5,7,7
2026-06-06 00:37:08 UTC,,,28.88862,46.09426,1.009324,96927.05,,,,,,5,7,7
2026-06-06 00:38:08 UTC,,,28.99215,45.94661,1.009315,96704.88,,,,,,5,7,7
2026-06-06 00:39:08 UTC,,,29.04008,45.9896,1.009357,96483.7,,,,,,5,7,7
2026-06-06 00:40:08 UTC,,,29.03254,47.00958,1.009344,95124.02,,,,,,5,7,7
2026-06-06 00:41:08 UTC,,,29.0628,47.02636,1.009378,94643.86,,,,,,5,7,7
2026-06-06 00:42:08 UTC,,,29.1007,46.99791,1.009358,94379.2,,,,,,5,7,7
2026-06-06 00:43:08 UTC,,,29.15116,46.96357,1.009374,94484.88,,,,,,5,7,7
2026-06-06 00:44:08 UTC,,,29.14867,47.91273,1.009377,94252.69,,,,,,5,7,7
2026-06-06 00:45:08 UTC,,,29.02245,47.5912,1.009412,94995.51,,,,,,5,7,7
2026-06-06 00:46:08 UTC,,,28.85075,47.03086,1.009392,95392.88,,,,,,5,7,7
2026-06-06 00:47:08 UTC,,,28.82302,46.22792,1.009393,96704.88,,,,,,5,7,7
2026-06-06 00:48:08 UTC,,,28.89622,46.14429,1.009389,96483.7,,,,,,5,7,7
2026-06-06 00:49:08 UTC,,,28.9593,46.18023,1.009383,96871.41,,,,,,5,7,7
2026-06-06 00:50:08 UTC,,,29.04766,46.04261,1.009414,96594.16,,,,,,5,7,7
2026-06-06 00:51:08 UTC,,,28.97953,47.05832,1.00941,95392.88,,,,,,5,7,7
2026-06-06 00:52:08 UTC,,,29.04264,47.185,1.009406,95124.02,,,,,,5,7,7
2026-06-06 00:53:08 UTC,,,29.12847,46.94502,1.009478,94432.01,,,,,,5,7,7
2026-06-06 00:54:08 UTC,,,29.18401,46.92356,1.009468,94590.8,,,,,,5,7,7
2026-06-06 00:55:09 UTC,,,29.16384,47.65838,1.009489,94995.51,,,,,,5,7,7
2026-06-06 00:56:09 UTC,,,29.03759,47.68743,1.009467,95317.44,,,,,,5,7,7
2026-06-06 00:57:09 UTC,,,28.91143,47.11351,1.009475,95070.43,,,,,,5,7,7
2026-06-06 00:58:09 UTC,,,28.80288,46.4095,1.009521,96263.55,,,,,,5,7,7
2026-06-06 00:59:09 UTC,,,28.82809,46.35713,1.009498,97206.22,,,,,,5,7,7
2026-06-06 01:00:09 UTC,,,28.93415,46.23449,1.009538,97038.53,,,,,,5,7,7
2026-06-06 01:01:09 UTC,,,29.03765,46.14054,1.009493,96208.67,,,,,,6,8,8
2026-06-06 01:02:09 UTC,,,28.94422,47.1836,1.009509,95070.43,,,,,,5,7,7
2026-06-06 01:03:09 UTC,,,29.00733,47.37232,1.009534,94590.8,,,,,,5,7,7
2026-06-06 01:04:09 UTC,,,29.0629,47.21675,1.009491,94803.37,,,,,,5,7,7
2026-06-06 01:05:09 UTC,,,29.13102,47.13374,1.009528,94379.2,,,,,,5,7,7
2026-06-06 01:06:09 UTC,,,29.19161,47.6194,1.009573,94995.51,,,,,,5,7,7
2026-06-06 01:07:09 UTC,,,29.02756,47.84493,1.00957,94782.08,,,,,,5,7,7
2026-06-06 01:08:09 UTC,,,28.9593,47.13347,1.009564,94910.01,,,,,,4,6,6
2026-06-06 01:09:09 UTC,,,28.80282,46.58014,1.009549,96649.48,,,,,,5,7,7
2026-06-06 01:10:09 UTC,,,28.91389,46.20652,1.00965,96760.32,,,,,,5,7,7
2026-06-06 01:11:09 UTC,,,28.94163,46.29366,1.009588,97262.24,,,,,,5,7,7
2026-06-06 01:12:09 UTC,,,29.02746,46.19964,1.009584,97206.22,,,,,,5,7,7
2026-06-06 01:13:09 UTC,,,28.97196,46.78089,1.009606,95935.19,,,,,,4,6,6
2026-06-06 01:14:09 UTC,,,28.9694,47.54054,1.009618,94696.98,,,,,,4,6,6
2026-06-06 01:15:09 UTC,,,29.08556,47.28522,1.009622,94750.14,,,,,,5,7,7
2026-06-06 01:16:09 UTC,,,29.2042,47.09806,1.009676,94643.86,,,,,,5,7,7
2026-06-06 01:17:10 UTC,,,29.2143,47.66627,1.00968,94995.51,,,,,,5,7,7
2026-06-06 01:18:10 UTC,,,29.10067,47.98667,1.009647,93729.17,,,,,,5,7,7
2026-06-06 01:19:10 UTC,,,29.02245,47.20139,1.009693,94537.81,,,,,,5,7,7
2026-06-06 01:20:10 UTC,,,28.83059,46.7245,1.00968,96318.49,,,,,,5,7,7
2026-06-06 01:21:10 UTC,,,28.94166,46.35042,1.009718,96428.57,,,,,,5,7,7
2026-06-06 01:22:10 UTC,,,29.03756,46.33138,1.009721,96428.57,,,,,,5,7,7
2026-06-06 01:23:10 UTC,,,29.083,46.33195,1.00972,96428.57,,,,,,4,6,6
2026-06-06 01:24:10 UTC,,,29.02746,46.90086,1.00977,95771.85,,,,,,5,7,7
2026-06-06 01:25:10 UTC,,,29.0906,47.45812,1.00973,94168.52,,,,,,5,7,7
2026-06-06 01:26:10 UTC,,,29.12595,47.33495,1.009735,94432.01,,,,,,5,7,7
2026-06-06 01:27:10 UTC,,,29.18902,47.27556,1.009745,94168.52,,,,,,6,8,8
2026-06-06 01:28:10 UTC,,,29.18148,47.70955,1.009742,95102.57,,,,,,5,7,7
2026-06-06 01:29:10 UTC,,,29.07546,48.20024,1.009724,94042.59,,,,,,5,7,7
2026-06-06 01:30:10 UTC,,,28.97192,47.31619,1.009757,94910.01,,,,,,5,7,7
2026-06-06 01:31:10 UTC,,,28.90376,46.41309,1.009774,96428.57,,,,,,5,7,7
2026-06-06 01:32:10 UTC,,,28.81292,45.82476,1.009736,98110.47,,,,,,5,7,7
2026-06-06 01:33:10 UTC,,,28.83311,45.88158,1.009774,97769.41,,,,,,5,7,7
2026-06-06 01:34:10 UTC,,,28.90881,45.91434,1.009762,98110.47,,,,,,5,7,7
2026-06-06 01:35:10 UTC,,,28.98205,45.87197,1.009806,97487,,,,,,5,7,7
2026-06-06 01:36:10 UTC,,,28.87603,46.93324,1.009789,97038.53,,,,,,5,7,7
2026-06-06 01:37:10 UTC,,,28.96687,47.06107,1.009787,96099.09,,,,,,5,7,7
2026-06-06 01:38:10 UTC,,,29.09565,46.79775,1.009747,95826.23,,,,,,5,7,7
2026-06-06 01:39:10 UTC,,,29.1562,46.7235,1.009779,95989.76,,,,,,5,7,7
2026-06-06 01:40:11 UTC,,,29.06785,47.46634,1.009767,94856.66,,,,,,5,7,7
2026-06-06 01:41:11 UTC,,,29.01992,47.56907,1.009782,95317.44,,,,,,5,7,7
2026-06-06 01:42:11 UTC,,,28.88862,47.11591,1.00976,95989.76,,,,,,5,7,7
2026-06-06 01:43:11 UTC,,,28.80784,46.40641,1.009693,97712.8,,,,,,5,7,7
2026-06-06 01:44:11 UTC,,,28.81039,46.22095,1.009745,97939.64,,,,,,5,7,7
2026-06-06 01:45:11 UTC,,,28.90632,46.23707,1.009733,97599.77,,,,,,5,7,7
2026-06-06 01:46:11 UTC,,,28.94163,46.26101,1.009716,98053.45,,,,,,5,7,7
2026-06-06 01:47:11 UTC,,,28.8659,46.9287,1.009756,97206.22,,,,,,5,7,7
2026-06-06 01:48:11 UTC,,,28.93409,47.40049,1.009759,95392.88,,,,,,5,7,7
2026-06-06 01:49:11 UTC,,,29.06031,47.15915,1.009714,95124.02,,,,,,6,8,8
2026-06-06 01:50:11 UTC,,,29.09057,47.16591,1.009728,95231.38,,,,,,5,7,7
2026-06-06 01:51:11 UTC,,,29.09057,47.65047,1.009684,94910.01,,,,,,5,7,7
2026-06-06 01:52:11 UTC,,,28.98205,48.24629,1.009727,95209.89,,,,,,5,7,7
2026-06-06 01:53:11 UTC,,,28.86341,47.55479,1.009685,94803.37,,,,,,5,7,7
2026-06-06 01:54:11 UTC,,,28.75738,46.82512,1.009681,96982.76,,,,,,5,7,7
2026-06-06 01:55:11 UTC,,,28.71443,46.1276,1.009671,98339.16,,,,,,5,7,7
2026-06-06 01:56:11 UTC,,,28.7523,46.11379,1.009664,98684.21,,,,,,5,7,7
2026-06-06 01:57:11 UTC,,,28.90127,45.9617,1.009614,98224.69,,,,,,5,7,7
2026-06-06 01:58:11 UTC,,,28.96691,45.94423,1.00961,98053.45,,,,,,5,7,7
2026-06-06 01:59:11 UTC,,,28.91894,47.05722,1.009658,96982.76,,,,,,5,7,7
2026-06-06 02:00:11 UTC,,,28.90127,47.35258,1.009683,96208.67,,,,,,5,7,7
2026-06-06 02:01:12 UTC,,,29.03762,47.0011,1.009635,95880.68,,,,,,5,7,7
2026-06-06 02:02:12 UTC,,,29.09824,46.99053,1.00964,96099.09,,,,,,5,7,7
2026-06-06 02:03:12 UTC,,,29.025,48.14397,1.009635,94484.88,,,,,,5,7,7
2026-06-06 02:04:12 UTC,,,28.96445,47.79053,1.009643,94910.01,,,,,,5,7,7
2026-06-06 02:05:12 UTC,,,28.90133,46.99229,1.009729,96263.55,,,,,,5,7,7
2026-06-06 02:06:12 UTC,,,28.73974,46.56543,1.009729,97262.24,,,,,,5,7,7
2026-06-06 02:07:12 UTC,,,28.77003,46.1762,1.009706,99031.68,,,,,,5,7,7
2026-06-06 02:08:12 UTC,,,28.8457,46.19649,1.009706,98799.77,,,,,,5,7,7
2026-06-06 02:09:12 UTC,,,28.8836,46.83937,1.009693,98281.89,,,,,,5,7,7
2026-06-06 02:10:12 UTC,,,28.94419,46.8838,1.009649,98568.93,,,,,,5,7,7
2026-06-06 02:11:12 UTC,,,28.99215,47.89113,1.009643,96099.09,,,,,,5,7,7
2026-06-06 02:12:12 UTC,,,29.01231,48.21004,1.00962,95717.52,,,,,,5,7,7
2026-06-06 02:13:12 UTC,,,29.05526,48.11496,1.009595,95338.98,,,,,,5,7,7
2026-06-06 02:14:12 UTC,,,29.16129,47.94283,1.009683,95392.88,,,,,,5,7,7
2026-06-06 02:16:27 UTC,,,29.16886,47.87473,1.009735,105468.8,,,,,,5,7,7
2026-06-06 02:17:27 UTC,,,28.95934,47.34334,1.009748,99734.04,,,,,,5,7,7
2026-06-06 02:18:27 UTC,,,28.93153,46.82523,1.009742,97939.64,,,,,,5,7,7
2026-06-06 02:19:27 UTC,,,28.81036,46.16634,1.009692,98741.95,,,,,,5,7,7
2026-06-06 02:20:27 UTC,,,28.71194,45.92113,1.009782,99089.84,,,,,,5,7,7
2026-06-06 02:21:27 UTC,,,28.64627,45.39476,1.009738,99148.06,,,,,,5,7,7
2026-06-06 02:22:27 UTC,,,28.55795,45.02375,1.009696,100089,,,,,,5,7,7
2026-06-06 02:23:27 UTC,,,28.45445,44.69368,1.009674,101108.5,,,,,,5,7,7
2026-06-06 02:24:27 UTC,,,28.47714,44.61976,1.009695,101047.9,,,,,,6,8,8
2026-06-06 02:25:27 UTC,,,28.49989,44.85878,1.00975,100566.1,,,,,,5,7,7
2026-06-06 02:26:27 UTC,,,28.69174,44.60765,1.009741,100566.1,,,,,,5,7,7
2026-06-06 02:28:44 UTC,,,28.96186,46.8336,1.009777,112200.8,,,,,,5,7,7
2026-06-06 02:29:44 UTC,,,28.84574,48.03854,1.009761,100089,,,,,,5,7,7
2026-06-06 02:30:44 UTC,,,28.9038,48.09295,1.009835,96373.51,,,,,,6,8,8
2026-06-06 02:31:44 UTC,,,28.95681,47.72316,1.009782,95102.57,,,,,,6,8,8
2026-06-06 02:32:44 UTC,,,28.93911,48.95607,1.009761,91791.78,,,,,,6,8,8
2026-06-06 02:33:44 UTC,,,28.96687,48.19628,1.00974,91891.75,,,,,,5,7,7
2026-06-06 02:34:44 UTC,,,28.99969,50.99933,1.009708,89172.48,,,,,,6,8,8
2026-06-06 02:35:44 UTC,,,29.1209,51.55861,1.009721,85991.65,,,,,,8,11,11
2026-06-06 02:36:44 UTC,,,29.20164,53.51341,1.009744,83358.04,,,,,,8,11,11
2026-06-06 02:37:44 UTC,,,29.27485,54.34994,1.009748,81192.27,,,,,,9,13,13
2026-06-06 02:38:44 UTC,,,29.29761,54.62336,1.009761,79885.44,,,,,,9,13,13
2026-06-06 02:39:44 UTC,,,29.31777,55.22887,1.009733,78914.14,,,,,,9,13,13
2026-06-06 02:40:44 UTC,,,29.35816,55.0959,1.009753,78473.77,,,,,,8,11,11
2026-06-06 02:41:44 UTC,,,29.39606,55.09759,1.009742,78546.83,,,,,,9,13,13
2026-06-06 02:42:44 UTC,,,29.39858,55.22575,1.009769,78914.14,,,,,,9,13,13
2026-06-06 02:43:44 UTC,,,29.42884,55.19749,1.009712,78546.83,,,,,,10,14,14
2026-06-06 02:44:44 UTC,,,29.38845,55.01036,1.009761,79210.48,,,,,,10,14,14
2026-06-06 02:45:44 UTC,,,29.37839,55.13845,1.009727,78400.86,,,,,,10,14,14
2026-06-06 02:46:44 UTC,,,29.45917,54.77936,1.00976,78914.14,,,,,,10,14,14
2026-06-06 02:47:45 UTC,,,29.42884,54.71589,1.00973,79584.05,,,,,,10,14,15
2026-06-06 02:48:45 UTC,,,29.44907,54.57787,1.009777,79961.14,,,,,,10,14,15
2026-06-06 02:49:45 UTC,,,29.50458,54.36669,1.009708,79809.88,,,,,,10,14,15
2026-06-06 02:50:45 UTC,,,29.52225,54.41104,1.009745,79734.46,,,,,,10,14,14
2026-06-06 02:51:45 UTC,,,29.55507,54.05498,1.009704,80265.41,,,,,,10,14,14
2026-06-06 02:52:45 UTC,,,29.57526,53.94059,1.009728,80341.84,,,,,,10,14,14
2026-06-06 02:53:45 UTC,,,29.58539,53.53143,1.009644,81822.16,,,,,,10,14,14
2026-06-06 02:54:45 UTC,,,29.55002,53.56818,1.00965,81663.77,,,,,,10,14,14
2026-06-06 02:55:45 UTC,,,29.55759,53.41984,1.009668,80726.18,,,,,,10,14,14
2026-06-06 02:56:45 UTC,,,29.58539,53.38808,1.009691,81505.99,,,,,,9,13,13
2026-06-06 02:57:45 UTC,,,29.61571,53.32197,1.009663,81114.21,,,,,,10,14,14
2026-06-06 02:58:45 UTC,,,29.54506,52.93153,1.00965,82140.77,,,,,,10,14,14
2026-06-06 02:59:45 UTC,,,29.25977,52.13464,1.009686,84781.96,,,,,,10,14,14
2026-06-06 03:00:45 UTC,,,29.27744,50.87921,1.009683,86609.53,,,,,,9,13,13
2026-06-06 03:01:45 UTC,,,29.23203,49.78306,1.009595,88332.3,,,,,,9,13,13
2026-06-06 03:02:45 UTC,,,29.05277,49.38346,1.009586,90028.81,,,,,,9,13,13
2026-06-06 03:03:45 UTC,,,29.01743,48.45597,1.009614,91991.95,,,,,,9,13,13
2026-06-06 03:04:45 UTC,,,28.88111,48.26515,1.009655,93417.85,,,,,,9,13,13
2026-06-06 03:05:45 UTC,,,28.82557,47.68199,1.00966,94675.73,,,,,,9,13,13
2026-06-06 03:06:45 UTC,,,28.72715,47.3005,1.009598,94326.44,,,,,,9,13,13
2026-06-06 03:07:45 UTC,,,28.71958,46.6044,1.009575,95989.76,,,,,,10,14,14
2026-06-06 03:08:45 UTC,,,28.72459,46.73678,1.009594,95609.07,,,,,,9,13,13
2026-06-06 03:09:45 UTC,,,28.85839,46.5719,1.009526,95663.27,,,,,,9,13,13
2026-06-06 03:10:45 UTC,,,28.92399,46.61452,1.009509,94963.42,,,,,,9,13,13
2026-06-06 03:11:45 UTC,,,28.92901,47.10118,1.009561,94432.01,,,,,,9,13,13
2026-06-06 03:12:46 UTC,,,28.99969,47.92403,1.00956,93833.41,,,,,,9,13,13
2026-06-06 03:13:46 UTC,,,29.09814,47.75372,1.00962,93314.53,,,,,,9,13,13
2026-06-06 03:14:46 UTC,,,29.17391,47.69893,1.009517,92903.55,,,,,,9,13,13
2026-06-06 03:15:46 UTC,,,29.1865,48.11805,1.009527,92597.67,,,,,,9,13,13
2026-06-06 03:16:46 UTC,,,29.14863,48.9124,1.009554,90901.76,,,,,,8,11,11
2026-06-06 03:17:46 UTC,,,29.0729,48.10503,1.0095,92092.34,,,,,,8,12,12
2026-06-06 03:18:46 UTC,,,28.96438,47.33266,1.00949,94569.61,,,,,,8,11,11
2026-06-06 03:19:46 UTC,,,28.92396,46.96535,1.009498,94168.52,,,,,,9,13,13
2026-06-06 03:20:46 UTC,,,28.81036,46.71496,1.009521,94643.86,,,,,,8,11,11
2026-06-06 03:21:46 UTC,,,28.77502,46.38816,1.009512,95717.52,,,,,,8,11,11
2026-06-06 03:22:46 UTC,,,28.65132,46.12906,1.009493,96208.67,,,,,,9,13,13
2026-06-06 03:23:46 UTC,,,28.70433,45.62003,1.009549,97599.77,,,,,,9,13,13
2026-06-06 03:24:46 UTC,,,28.64122,45.32627,1.009529,97769.41,,,,,,9,13,13
2026-06-06 03:25:46 UTC,,,28.46704,45.27903,1.009439,98396.5,,,,,,8,11,11
2026-06-06 03:26:46 UTC,,,28.44685,45.12814,1.009429,99498.82,,,,,,8,11,11
2026-06-06 03:27:46 UTC,,,28.46452,44.61604,1.009435,99734.04,,,,,,8,11,11
2026-06-06 03:28:46 UTC,,,28.4216,44.3572,1.009429,100686.2,,,,,,8,11,11
2026-06-06 03:29:46 UTC,,,28.33325,44.34439,1.009429,100327,,,,,,8,11,11
2026-06-06 03:30:46 UTC,,,28.38374,44.71312,1.009414,99557.52,,,,,,8,11,11
2026-06-06 03:31:46 UTC,,,28.58064,45.10546,1.009457,98626.53,,,,,,9,13,13
2026-06-06 03:32:46 UTC,,,28.69171,45.72012,1.00936,96927.05,,,,,,9,13,13
2026-06-06 03:33:46 UTC,,,28.81289,46.84473,1.009416,94590.8,,,,,,8,11,11
2026-06-06 03:34:46 UTC,,,28.77,47.65138,1.009424,94042.59,,,,,,9,13,13
2026-06-06 03:35:46 UTC,,,28.87603,47.34268,1.009357,93833.41,,,,,,8,11,11
2026-06-06 03:36:47 UTC,,,28.97697,47.07799,1.009375,93005.96,,,,,,8,11,11
2026-06-06 03:37:47 UTC,,,28.99467,47.97353,1.009395,91891.75,,,,,,8,11,11
2026-06-06 03:38:47 UTC,,,28.86088,48.21711,1.009348,91196.5,,,,,,8,11,11
2026-06-06 03:39:47 UTC,,,28.78764,47.20366,1.009407,93417.85,,,,,,8,11,11
2026-06-06 03:40:47 UTC,,,28.77754,46.50095,1.009454,94675.73,,,,,,8,11,11
2026-06-06 03:41:47 UTC,,,28.71948,45.8195,1.009393,94168.52,,,,,,8,11,11
2026-06-06 03:42:47 UTC,,,28.61352,45.75042,1.0094,95338.98,,,,,,8,11,11
2026-06-06 03:43:47 UTC,,,28.73217,45.58116,1.009404,95554.92,,,,,,8,11,11
2026-06-06 03:44:47 UTC,,,28.82298,45.52765,1.009289,95285.15,,,,,,8,11,11
2026-06-06 03:45:47 UTC,,,28.8735,45.60825,1.009379,95500.84,,,,,,8,11,11
2026-06-06 03:46:47 UTC,,,28.86842,46.81674,1.009352,94569.61,,,,,,8,11,11
2026-06-06 03:47:47 UTC,,,28.89872,46.8945,1.009389,93729.17,,,,,,8,11,11
2026-06-06 03:48:47 UTC,,,29.02497,46.63079,1.009373,93833.41,,,,,,8,11,11
2026-06-06 03:49:47 UTC,,,29.06536,46.63702,1.009305,93521.39,,,,,,8,11,11
2026-06-06 03:50:47 UTC,,,29.01989,48.07011,1.009301,91295.18,,,,,,8,11,11
2026-06-06 03:51:47 UTC,,,28.92904,47.3656,1.009255,93314.53,,,,,,8,11,11
2026-06-06 03:52:47 UTC,,,28.85075,46.68559,1.009246,93729.17,,,,,,7,10,10
2026-06-06 03:53:47 UTC,,,28.80279,46.07904,1.00923,94116.02,,,,,,8,11,11
2026-06-06 03:54:47 UTC,,,28.68922,45.49417,1.00928,96153.85,,,,,,8,11,11
2026-06-06 03:55:47 UTC,,,28.58316,45.06886,1.009279,96815.84,,,,,,8,11,11
2026-06-06 03:56:47 UTC,,,28.50491,44.59377,1.009211,98915.59,,,,,,8,11,11
2026-06-06 03:57:47 UTC,,,28.54785,44.57872,1.009214,98396.5,,,,,,8,11,11
2026-06-06 03:58:47 UTC,,,28.66142,44.48983,1.009212,98396.5,,,,,,8,11,11
2026-06-06 03:59:47 UTC,,,28.79272,44.35141,1.00914,98167.55,,,,,,8,11,11
2026-06-06 04:00:47 UTC,,,28.81292,44.62465,1.009141,97318.34,,,,,,7,10,10
2026-06-06 04:01:48 UTC,,,28.82298,45.85387,1.009167,94856.66,,,,,,8,11,11
2026-06-06 04:02:48 UTC,,,28.88865,45.80416,1.009135,95124.02,,,,,,8,11,11
2026-06-06 04:03:48 UTC,,,29.01484,45.52969,1.009109,94168.52,,,,,,8,11,11
2026-06-06 04:04:48 UTC,,,29.02494,45.86573,1.009136,94379.2,,,,,,7,10,10
2026-06-06 04:05:48 UTC,,,29.01487,47.09965,1.009158,93417.85,,,,,,7,10,10
2026-06-06 04:06:48 UTC,,,29.05779,46.94474,1.009115,93729.17,,,,,,8,11,11
2026-06-06 04:07:48 UTC,,,29.11329,46.85392,1.009061,93314.53,,,,,,7,10,10
2026-06-06 04:08:48 UTC,,,29.14109,47.09052,1.00907,93211.45,,,,,,8,11,11
2026-06-06 04:09:48 UTC,,,29.11332,47.9242,1.009048,91592.49,,,,,,8,11,11
2026-06-06 04:10:48 UTC,,,28.98959,47.29865,1.009034,92903.55,,,,,,8,11,11
2026-06-06 04:11:48 UTC,,,28.89875,46.64294,1.009023,94569.61,,,,,,7,10,10
2026-06-06 04:12:48 UTC,,,28.84318,45.93451,1.009055,94432.01,,,,,,7,10,10
2026-06-06 04:13:48 UTC,,,28.76243,45.39117,1.00904,95771.85,,,,,,7,10,10
2026-06-06 04:14:48 UTC,,,28.63116,44.88964,1.008984,97038.53,,,,,,7,10,10
2026-06-06 04:15:48 UTC,,,28.60336,44.38617,1.008954,98799.77,,,,,,7,10,10
2026-06-06 04:16:48 UTC,,,28.57057,43.98343,1.008904,99616.29,,,,,,7,10,10
2026-06-06 04:17:48 UTC,,,28.59077,43.92505,1.008876,99675.13,,,,,,7,10,10
2026-06-06 04:18:48 UTC,,,28.61093,44.09475,1.008968,99793.02,,,,,,7,10,10
2026-06-06 04:19:48 UTC,,,28.69427,44.13901,1.008905,99264.71,,,,,,7,10,10
2026-06-06 04:20:48 UTC,,,28.68165,44.7197,1.008931,98626.53,,,,,,7,10,10
2026-06-06 04:21:48 UTC,,,28.79522,45.50136,1.008907,96815.84,,,,,,7,10,10
2026-06-06 04:22:48 UTC,,,28.88862,45.2566,1.008885,96483.7,,,,,,7,10,10
2026-06-06 04:23:48 UTC,,,28.9038,45.26901,1.008895,96373.51,,,,,,7,10,10
2026-06-06 04:24:48 UTC,,,28.93911,45.64793,1.00888,95070.43,,,,,,7,10,10
2026-06-06 04:25:49 UTC,,,28.97192,46.62085,1.008859,95317.44,,,,,,7,10,10
2026-06-06 04:26:49 UTC,,,29.07293,46.38158,1.00898,94463.73,,,,,,7,10,10
2026-06-06 04:27:49 UTC,,,29.16135,46.24757,1.008925,94782.08,,,,,,7,10,10
2026-06-06 04:28:49 UTC,,,29.1386,46.67604,1.008889,94042.59,,,,,,7,10,10
2026-06-06 04:29:49 UTC,,,29.10073,47.66093,1.008817,92293.81,,,,,,7,10,10
2026-06-06 04:30:49 UTC,,,28.99726,46.73941,1.008837,94042.59,,,,,,7,10,10
2026-06-06 04:31:49 UTC,,,28.91897,46.08452,1.00883,95209.89,,,,,,6,9,9
2026-06-06 04:32:49 UTC,,,28.83819,45.41471,1.008771,95717.52,,,,,,6,8,8
2026-06-06 04:33:49 UTC,,,28.76502,45.00846,1.008815,96927.05,,,,,,7,10,10
2026-06-06 04:34:49 UTC,,,28.70692,44.64513,1.008781,97882.84,,,,,,7,10,10
2026-06-06 04:35:49 UTC,,,28.79275,44.615,1.008814,98110.47,,,,,,6,9,9
2026-06-06 04:36:49 UTC,,,28.85589,44.59646,1.008662,97543.35,,,,,,7,10,10
2026-06-06 04:37:49 UTC,,,28.90888,44.64006,1.008761,97430.72,,,,,,7,10,10
2026-06-06 04:38:49 UTC,,,28.84072,46.13942,1.008717,95231.38,,,,,,7,10,10
2026-06-06 04:39:49 UTC,,,28.88114,46.10854,1.008689,94432.01,,,,,,7,10,10
2026-06-06 04:40:49 UTC,,,29.00985,45.75428,1.008697,94537.81,,,,,,7,10,10
2026-06-06 04:41:49 UTC,,,29.06031,45.80713,1.008707,94750.14,,,,,,7,10,10
2026-06-06 04:42:49 UTC,,,28.98707,47.27465,1.008721,94147.52,,,,,,6,8,8
2026-06-06 04:43:49 UTC,,,28.94415,46.89001,1.008625,94358.09,,,,,,6,8,8
2026-06-06 04:44:49 UTC,,,28.9038,46.04222,1.008713,94537.81,,,,,,6,8,8
2026-06-06 04:45:49 UTC,,,28.81289,45.54033,1.00868,95771.85,,,,,,7,10,10
2026-06-06 04:46:49 UTC,,,28.72204,44.86917,1.008652,97656.25,,,,,,7,10,10
2026-06-06 04:47:49 UTC,,,28.60336,44.47647,1.008605,98915.59,,,,,,7,10,10
2026-06-06 04:48:49 UTC,,,28.52763,44.118,1.008592,99852.07,,,,,,7,10,10
2026-06-06 04:49:49 UTC,,,28.61598,44.14174,1.008606,99498.82,,,,,,7,10,10
2026-06-06 04:50:50 UTC,,,28.69174,44.183,1.008552,99911.19,,,,,,6,8,8
2026-06-06 04:51:50 UTC,,,28.79774,44.05098,1.008514,98857.65,,,,,,6,8,8
2026-06-06 04:52:50 UTC,,,28.73715,45.2279,1.008536,98396.5,,,,,,6,8,8
2026-06-06 04:53:50 UTC,,,28.77505,45.72838,1.008505,96538.9,,,,,,6,9,9
2026-06-06 04:54:50 UTC,,,28.87603,45.28651,1.008403,96704.88,,,,,,6,9,9
2026-06-06 04:55:50 UTC,,,28.97697,45.16422,1.00843,96483.7,,,,,,6,8,8
2026-06-06 04:56:50 UTC,,,29.02245,46.26654,1.00852,95124.02,,,,,,6,8,8
2026-06-06 04:57:50 UTC,,,29.0527,46.4902,1.008518,94590.8,,,,,,6,8,8
2026-06-06 04:58:50 UTC,,,29.08556,46.39687,1.008467,95102.57,,,,,,6,8,8
2026-06-06 04:59:50 UTC,,,29.18145,46.30886,1.008507,94675.73,,,,,,6,8,8
2026-06-06 05:00:50 UTC,,,29.10323,47.51813,1.008433,93625.17,,,,,,6,8,8
2026-06-06 05:01:50 UTC,,,28.98458,47.61382,1.008423,93521.39,,,,,,6,9,9
2026-06-06 05:02:50 UTC,,,28.9492,46.64448,1.008415,94782.08,,,,,,6,8,8
2026-06-06 05:03:50 UTC,,,28.85836,45.82402,1.0084,95500.84,,,,,,6,8,8
2026-06-06 05:04:50 UTC,,,28.77505,45.28946,1.008394,96428.57,,,,,,6,8,8
2026-06-06 05:05:50 UTC,,,28.67909,44.92765,1.00839,98339.16,,,,,,6,9,9
2026-06-06 05:06:50 UTC,,,28.69679,44.40154,1.008328,99148.06,,,,,,6,8,8
2026-06-06 05:07:50 UTC,,,28.70938,44.45792,1.008358,98626.53,,,,,,6,8,8
2026-06-06 05:08:50 UTC,,,28.87347,44.2269,1.008404,98626.53,,,,,,6,8,8
2026-06-06 05:09:50 UTC,,,28.89114,44.29827,1.008385,98224.69,,,,,,6,8,8
2026-06-06 05:10:50 UTC,,,28.91894,45.51489,1.008363,96704.88,,,,,,6,8,8
2026-06-06 05:11:50 UTC,,,28.92648,45.79254,1.008373,96373.51,,,,,,6,8,8
2026-06-06 05:12:50 UTC,,,28.98963,45.50067,1.008355,95500.84,,,,,,6,8,8
2026-06-06 05:13:50 UTC,,,29.09814,45.48828,1.008357,95285.15,,,,,,6,8,8
2026-06-06 05:14:50 UTC,,,29.09814,46.85026,1.008341,94273.74,,,,,,6,8,8
2026-06-06 05:15:51 UTC,,,29.15371,46.68722,1.008421,94675.73,,,,,,6,8,8
2026-06-06 05:16:51 UTC,,,29.20669,46.74744,1.008363,94042.59,,,,,,6,8,8
2026-06-06 05:17:51 UTC,,,29.22941,46.66885,1.00837,94569.61,,,,,,6,8,8
2026-06-06 05:18:51 UTC,,,29.21178,47.52628,1.008342,92903.55,,,,,,6,8,8
2026-06-06 05:19:51 UTC,,,29.15368,47.50568,1.008365,92699.41,,,,,,6,8,8
2026-06-06 05:20:51 UTC,,,28.99467,46.89336,1.008323,94042.59,,,,,,6,8,8
2026-06-06 05:21:51 UTC,,,28.92399,46.02375,1.008282,94910.01,,,,,,6,8,8
2026-06-06 05:22:51 UTC,,,28.81541,45.47515,1.008258,96373.51,,,,,,5,7,7
2026-06-06 05:23:51 UTC,,,28.79777,44.83979,1.008257,98110.47,,,,,,6,8,8
2026-06-06 05:24:51 UTC,,,28.69427,44.39284,1.008224,98857.65,,,,,,5,7,7
2026-06-06 05:25:51 UTC,,,28.64378,43.94527,1.008281,99970.38,,,,,,6,8,8
2026-06-06 05:26:51 UTC,,,28.68414,43.97685,1.00823,100746.3,,,,,,6,8,8
2026-06-06 05:27:51 UTC,,,28.78266,43.9066,1.00822,100446.4,,,,,,6,8,8
2026-06-06 05:28:51 UTC,,,28.818,44.02077,1.008191,99381.62,,,,,,6,8,8
2026-06-06 05:29:51 UTC,,,28.78269,44.85352,1.008248,99206.35,,,,,,6,8,8
2026-06-06 05:30:51 UTC,,,28.82305,45.68095,1.008222,97712.8,,,,,,6,8,8
2026-06-06 05:31:51 UTC,,,28.96949,45.24305,1.008235,97206.22,,,,,,5,7,7
2026-06-06 05:32:51 UTC,,,29.04523,45.21078,1.008248,96815.84,,,,,,5,7,7
2026-06-06 05:33:51 UTC,,,28.97199,46.27099,1.008223,95826.23,,,,,,5,7,7
2026-06-06 05:34:51 UTC,,,29.10329,46.54564,1.008209,94221.11,,,,,,5,7,7
2026-06-06 05:35:51 UTC,,,29.232,46.24919,1.008226,93958.8,,,,,,6,8,8
2026-06-06 05:36:51 UTC,,,29.28,46.18048,1.008213,94063.55,,,,,,6,8,8
2026-06-06 05:37:51 UTC,,,29.27239,46.65729,1.008192,94995.51,,,,,,5,7,7
2026-06-06 05:38:51 UTC,,,29.17646,47.51465,1.008233,93108.59,,,,,,5,7,7
2026-06-06 05:39:51 UTC,,,29.1083,46.67291,1.008131,94782.08,,,,,,6,8,8
2026-06-06 05:40:51 UTC,,,28.99218,46.07872,1.008182,94856.66,,,,,,5,7,7
2026-06-06 05:41:51 UTC,,,28.96445,45.20597,1.008144,96428.57,,,,,,5,7,7
2026-06-06 05:42:51 UTC,,,28.85833,44.7468,1.008123,98224.69,,,,,,6,8,8
2026-06-06 05:43:52 UTC,,,28.71446,44.34112,1.008072,99616.29,,,,,,6,8,8
2026-06-06 05:44:52 UTC,,,28.64122,44.00845,1.008062,100446.4,,,,,,5,7,7
2026-06-06 05:45:52 UTC,,,28.69676,43.95623,1.00805,100506.3,,,,,,5,7,7
2026-06-06 05:46:52 UTC,,,28.68417,44.21616,1.008048,99793.02,,,,,,6,8,8
2026-06-06 05:47:52 UTC,,,28.89367,44.01433,1.008052,100089,,,,,,6,8,8
2026-06-06 05:48:52 UTC,,,28.91639,44.53812,1.008051,98224.69,,,,,,6,8,8
2026-06-06 05:49:52 UTC,,,29.00225,45.59934,1.008027,96927.05,,,,,,6,8,8
2026-06-06 05:50:52 UTC,,,29.13348,49.17976,1.008047,94782.08,,,,,,6,8,8
2026-06-06 05:51:52 UTC,,,29.16378,51.88887,1.008056,90706.3,,,,,,7,10,10
2026-06-06 05:52:52 UTC,,,29.26479,50.09862,1.00812,89741.55,,,,,,7,10,10
2026-06-06 05:53:52 UTC,,,29.38088,51.48599,1.008106,88610.59,,,,,,7,10,10
2026-06-06 05:54:52 UTC,,,29.32285,51.99614,1.008093,87056.34,,,,,,7,10,10
2026-06-06 05:55:52 UTC,,,29.21931,52.20901,1.008048,86787.7,,,,,,8,11,11
2026-06-06 05:56:52 UTC,,,29.20922,52.15579,1.008023,86609.53,,,,,,8,11,11
2026-06-06 05:57:52 UTC,,,29.18397,52.16832,1.008069,87056.34,,,,,,7,10,10
2026-06-06 05:58:52 UTC,,,29.21679,51.99832,1.008077,87507.79,,,,,,8,11,11
2026-06-06 05:59:52 UTC,,,29.2244,52.05173,1.008058,86966.6,,,,,,8,11,11
2026-06-06 06:00:52 UTC,,,29.21935,51.96096,1.008079,87056.34,,,,,,7,10,10
2026-06-06 06:01:52 UTC,,,29.21427,51.95592,1.008011,87056.34,,,,,,8,11,11
2026-06-06 06:02:52 UTC,,,29.26476,52.12309,1.008014,85904.09,,,,,,8,11,11
2026-06-06 06:03:52 UTC,,,29.28748,51.00771,1.008068,86877.06,,,,,,8,11,11
2026-06-06 06:04:52 UTC,,,29.2698,49.82343,1.007931,88517.63,,,,,,7,10,10
2026-06-06 06:05:52 UTC,,,29.22692,48.90382,1.007989,89361.37,,,,,,8,11,11
2026-06-06 06:06:52 UTC,,,29.10572,48.24745,1.007894,90901.76,,,,,,8,11,11
2026-06-06 06:07:52 UTC,,,29.01736,47.70815,1.007945,92496.16,,,,,,8,11,11
2026-06-06 06:08:53 UTC,,,29.02749,46.8394,1.007879,93521.39,,,,,,7,10,10
2026-06-06 06:09:53 UTC,,,28.92396,46.39251,1.007827,94675.73,,,,,,6,9,9
2026-06-06 06:10:53 UTC,,,28.90376,45.7329,1.007806,94590.8,,,,,,7,10,10
2026-06-06 06:11:53 UTC,,,28.82302,45.30583,1.007789,96099.09,,,,,,7,10,10
2026-06-06 06:12:53 UTC,,,28.7599,45.02547,1.007778,96483.7,,,,,,7,10,10
2026-06-06 06:13:57 UTC,,,28.68666,44.86161,1.007732,98110.47,,,,,,7,10,10
2026-06-06 06:16:12 UTC,,,28.70181,44.50924,1.007756,81427.33,,,,,,7,10,10
2026-06-06 06:17:12 UTC,,,28.83813,44.45549,1.007707,91791.78,,,,,,7,10,10
2026-06-06 06:18:12 UTC,,,28.9492,44.55121,1.007659,94675.73,,,,,,7,10,10
2026-06-06 06:19:13 UTC,,,29.05274,45.36601,1.00765,94782.08,,,,,,7,10,10
2026-06-06 06:20:13 UTC,,,29.06785,46.06483,1.007655,93729.17,,,,,,7,10,10
2026-06-06 06:21:13 UTC,,,29.18397,45.993,1.007664,93314.53,,,,,,7,10,10
2026-06-06 06:22:13 UTC,,,29.21931,46.13554,1.007687,93729.17,,,,,,8,11,11
2026-06-06 06:23:13 UTC,,,29.27233,46.67269,1.007607,91891.75,,,,,,7,10,10
2026-06-06 06:24:13 UTC,,,29.23702,46.93913,1.007633,90608.89,,,,,,7,10,10
2026-06-06 06:25:13 UTC,,,29.19155,46.17667,1.007616,92192.97,,,,,,7,10,10
2026-06-06 06:26:13 UTC,,,29.07542,45.75014,1.007547,93417.85,,,,,,7,10,10
2026-06-06 06:27:13 UTC,,,29.02245,45.27687,1.007572,94252.69,,,,,,7,10,10
2026-06-06 06:28:13 UTC,,,28.97196,44.74129,1.007547,94484.88,,,,,,7,10,10
2026-06-06 06:29:13 UTC,,,28.90124,44.26662,1.007527,94803.37,,,,,,6,8,8
2026-06-06 06:30:13 UTC,,,28.81039,43.96123,1.007505,95663.27,,,,,,7,10,10
2026-06-06 06:31:13 UTC,,,28.77253,43.58756,1.007552,96594.16,,,,,,7,10,10
2026-06-06 06:32:13 UTC,,,28.75485,43.28008,1.007535,97487,,,,,,7,10,10
2026-06-06 06:33:13 UTC,,,28.59834,43.18516,1.007575,98053.45,,,,,,6,9,9
2026-06-06 06:34:13 UTC,,,28.60339,42.92553,1.007543,98511.38,,,,,,7,10,10
2026-06-06 06:35:13 UTC,,,28.72456,43.08512,1.007515,97996.51,,,,,,7,10,10
2026-06-06 06:36:13 UTC,,,28.83567,43.05049,1.007499,97262.24,,,,,,7,10,10
2026-06-06 06:37:13 UTC,,,28.83567,43.31717,1.007472,96760.32,,,,,,7,10,10
2026-06-06 06:38:13 UTC,,,29.02752,45.61028,1.00748,95070.43,,,,,,7,10,10
2026-06-06 06:39:13 UTC,,,29.17646,49.61555,1.007537,90706.3,,,,,,7,10,10
2026-06-06 06:40:13 UTC,,,29.41124,52.34201,1.007493,86520.72,,,,,,7,10,10
2026-06-06 06:41:13 UTC,,,29.48949,54.04831,1.007511,85210.06,,,,,,7,10,10
2026-06-06 06:42:13 UTC,,,29.50464,52.05584,1.007469,83771.84,,,,,,8,11,11
2026-06-06 06:43:14 UTC,,,29.44153,53.03411,1.007481,83358.04,,,,,,7,10,10
2026-06-06 06:44:14 UTC,,,29.35822,52.38511,1.007465,84105.87,,,,,,7,10,10
2026-06-06 06:45:14 UTC,,,29.33298,52.03898,1.007415,85124.1,,,,,,8,11,11
2026-06-06 06:46:14 UTC,,,29.26482,50.80551,1.007438,86966.6,,,,,,8,11,11
2026-06-06 06:47:14 UTC,,,29.14611,49.90176,1.007395,88890.65,,,,,,8,11,11
2026-06-06 06:48:14 UTC,,,29.10572,48.93248,1.007407,90511.7,,,,,,7,10,10
2026-06-06 06:49:14 UTC,,,28.97445,48.12022,1.007305,92092.34,,,,,,8,11,11
2026-06-06 06:50:14 UTC,,,28.90881,47.53666,1.007342,93521.39,,,,,,8,11,11
2026-06-06 06:51:14 UTC,,,28.85833,46.72216,1.007364,93906.52,,,,,,7,10,10
2026-06-06 06:52:14 UTC,,,28.7801,46.1399,1.007317,95500.84,,,,,,8,11,11
2026-06-06 06:53:14 UTC,,,28.66394,45.75883,1.007352,96704.88,,,,,,7,10,10
2026-06-06 06:54:14 UTC,,,28.49481,45.41597,1.007277,98799.77,,,,,,8,11,11
2026-06-06 06:55:14 UTC,,,28.48976,44.85466,1.007307,99264.71,,,,,,7,10,10
2026-06-06 06:56:14 UTC,,,28.4216,44.46301,1.007303,100029.6,,,,,,7,10,10
2026-06-06 06:57:14 UTC,,,28.27522,44.24593,1.007252,101963.8,,,,,,7,10,10
2026-06-06 06:58:14 UTC,,,28.36862,44.16983,1.007334,102148.9,,,,,,7,10,10
2026-06-06 06:59:14 UTC,,,28.5251,44.11591,1.007261,100927,,,,,,7,10,10
2026-06-06 07:00:14 UTC,,,28.70433,43.94529,1.007303,100267.4,,,,,,7,10,10
2026-06-06 07:01:14 UTC,,,28.76243,44.37154,1.007207,99675.13,,,,,,7,10,10
2026-06-06 07:02:14 UTC,,,28.90881,47.31771,1.007289,95554.92,,,,,,7,10,10
2026-06-06 07:03:14 UTC,,,29.13853,53.01132,1.007354,89456.12,,,,,,8,11,11
2026-06-06 07:04:14 UTC,,,29.19912,54.1953,1.007375,86343.64,,,,,,8,11,11
2026-06-06 07:05:14 UTC,,,29.29252,52.61501,1.007349,84527.15,,,,,,8,11,11
2026-06-06 07:06:14 UTC,,,29.23197,53.76107,1.007384,83688.75,,,,,,7,10,10
2026-06-06 07:07:14 UTC,,,29.12591,52.50773,1.007359,85816.73,,,,,,7,10,10
2026-06-06 07:08:15 UTC,,,29.05526,51.06014,1.007389,87963.93,,,,,,7,10,10
2026-06-06 07:09:15 UTC,,,28.98205,50.05154,1.00737,90028.81,,,,,,8,11,11
2026-06-06 07:10:15 UTC,,,28.92144,49.1282,1.007354,92192.97,,,,,,7,10,10
2026-06-06 07:11:15 UTC,,,28.83311,48.29279,1.007355,93729.17,,,,,,8,11,11
2026-06-06 07:12:15 UTC,,,28.69174,47.67695,1.00735,94379.2,,,,,,7,10,10
2026-06-06 07:13:15 UTC,,,28.63365,46.9932,1.007373,95663.27,,,,,,6,9,9
2026-06-06 07:14:15 UTC,,,28.55035,46.42015,1.007394,97656.25,,,,,,7,10,10
2026-06-06 07:15:15 UTC,,,28.52009,45.83335,1.007383,98339.16,,,,,,7,10,10
2026-06-06 07:16:15 UTC,,,28.40649,45.41936,1.007354,100327,,,,,,7,10,10
2026-06-06 07:17:15 UTC,,,28.40141,45.14394,1.007395,100866.7,,,,,,7,10,10
2026-06-06 07:18:15 UTC,,,28.53268,45.14401,1.007381,100626.1,,,,,,7,10,10
2026-06-06 07:19:15 UTC,,,28.64378,45.04307,1.007387,99970.38,,,,,,8,11,11
2026-06-06 07:20:15 UTC,,,28.69679,45.16161,1.007413,99498.82,,,,,,6,8,8
2026-06-06 07:21:15 UTC,,,28.73968,46.51461,1.007397,97150.27,,,,,,6,8,8
2026-06-06 07:22:15 UTC,,,28.76243,46.52506,1.007376,96428.57,,,,,,6,8,8
2026-06-06 07:23:15 UTC,,,28.86845,46.31365,1.00736,96428.57,,,,,,6,8,8
2026-06-06 07:24:15 UTC,,,28.90629,46.28127,1.00732,96208.67,,,,,,7,10,10
2026-06-06 07:25:15 UTC,,,28.91639,47.70141,1.00739,95317.44,,,,,,6,8,8
2026-06-06 07:26:15 UTC,,,28.83561,47.47114,1.007394,95209.89,,,,,,6,8,8
2026-06-06 07:27:15 UTC,,,28.82298,46.5845,1.007437,94910.01,,,,,,7,10,10
2026-06-06 07:28:15 UTC,,,28.62863,46.12471,1.007396,97262.24,,,,,,6,8,8
2026-06-06 07:29:15 UTC,,,28.60844,45.48551,1.007417,98973.62,,,,,,6,8,8
2026-06-06 07:30:15 UTC,,,28.52005,44.94651,1.007352,99793.02,,,,,,6,8,8
2026-06-06 07:31:15 UTC,,,28.42413,44.52655,1.007329,101351.4,,,,,,6,8,8
2026-06-06 07:32:15 UTC,,,28.43176,44.26752,1.007354,101963.8,,,,,,6,8,8
2026-06-06 07:33:16 UTC,,,28.54031,44.27903,1.007376,101779.3,,,,,,6,8,8
2026-06-06 07:34:16 UTC,,,28.68168,44.08554,1.007343,101779.3,,,,,,6,8,8
2026-06-06 07:35:16 UTC,,,28.70437,44.39478,1.007392,100866.7,,,,,,7,10,10
2026-06-06 07:36:16 UTC,,,28.74223,45.5974,1.007395,98973.62,,,,,,6,8,8
2026-06-06 07:37:16 UTC,,,28.7902,45.82377,1.007406,97656.25,,,,,,6,8,8
2026-06-06 07:38:16 UTC,,,28.90376,45.45222,1.007405,97206.22,,,,,,6,8,8
2026-06-06 07:39:16 UTC,,,28.93153,45.45135,1.007403,97206.22,,,,,,6,8,8
2026-06-06 07:40:16 UTC,,,28.99215,46.81724,1.007443,95177.66,,,,,,6,8,8
2026-06-06 07:41:16 UTC,,,29.04261,46.83849,1.007424,95209.89,,,,,,6,8,8
2026-06-06 07:42:16 UTC,,,29.13601,46.50163,1.007406,95317.44,,,,,,6,8,8
2026-06-06 07:43:16 UTC,,,29.14867,46.62034,1.007393,94011.14,,,,,,6,8,8
2026-06-06 07:44:16 UTC,,,29.10824,48.05597,1.007497,93005.96,,,,,,6,8,8
2026-06-06 07:45:16 UTC,,,29.06028,47.33592,1.007483,93729.17,,,,,,6,8,8
2026-06-06 07:46:16 UTC,,,29.01235,46.53479,1.007496,93906.52,,,,,,6,8,8
2026-06-06 07:47:16 UTC,,,28.93153,45.92461,1.007478,95070.43,,,,,,6,8,8
2026-06-06 07:48:16 UTC,,,28.80026,45.45576,1.007473,97206.22,,,,,,6,8,8
2026-06-06 07:49:16 UTC,,,28.68414,45.01183,1.007447,97939.64,,,,,,6,9,9
2026-06-06 07:50:16 UTC,,,28.60087,44.47284,1.007465,99970.38,,,,,,6,8,8
2026-06-06 07:51:16 UTC,,,28.58569,44.03418,1.007426,101351.4,,,,,,5,7,7
2026-06-06 07:52:16 UTC,,,28.68666,44.01888,1.00744,100327,,,,,,6,8,8
2026-06-06 07:53:16 UTC,,,28.71948,44.0642,1.007456,100866.7,,,,,,6,8,8
2026-06-06 07:54:16 UTC,,,28.876,43.9396,1.007447,100148.4,,,,,,5,7,7
2026-06-06 07:55:16 UTC,,,28.89872,44.79558,1.007452,99206.35,,,,,,6,8,8
2026-06-06 07:56:16 UTC,,,28.90632,45.56027,1.007471,96815.84,,,,,,5,7,7
2026-06-06 07:57:17 UTC,,,29.02749,45.21774,1.007509,97262.24,,,,,,6,8,8
2026-06-06 07:58:17 UTC,,,29.01989,45.27759,1.007488,96428.57,,,,,,6,8,8
2026-06-06 07:59:17 UTC,,,29.05021,46.124,1.007501,95285.15,,,,,,5,7,7
2026-06-06 08:00:17 UTC,,,28.99717,46.60521,1.007491,94643.86,,,,,,6,8,8
2026-06-06 08:01:17 UTC,,,28.92396,45.81785,1.007493,95771.85,,,,,,6,8,8
2026-06-06 08:02:17 UTC,,,28.82046,45.35874,1.007539,96982.76,,,,,,5,7,7
2026-06-06 08:03:17 UTC,,,28.73971,44.81935,1.00751,98799.77,,,,,,5,7,7
2026-06-06 08:04:17 UTC,,,28.68919,44.28484,1.00753,99911.19,,,,,,5,7,7
2026-06-06 08:05:17 UTC,,,28.56044,44.01234,1.007501,100987.4,,,,,,5,7,7
2026-06-06 08:06:17 UTC,,,28.59831,44.0728,1.007535,100927,,,,,,5,7,7
2026-06-06 08:07:17 UTC,,,28.73968,43.95584,1.007584,100686.2,,,,,,5,7,7
2026-06-06 08:08:17 UTC,,,28.80787,43.95864,1.007572,100806.5,,,,,,6,8,8
2026-06-06 08:09:17 UTC,,,28.87347,44.72046,1.007568,99206.35,,,,,,5,7,7
2026-06-06 08:10:17 UTC,,,28.88609,45.43497,1.007583,97374.5,,,,,,5,7,7
2026-06-06 08:11:17 UTC,,,28.98458,45.15295,1.007565,97318.34,,,,,,5,7,7
2026-06-06 08:12:17 UTC,,,29.04008,45.14098,1.007602,96815.84,,,,,,5,7,7
2026-06-06 08:13:17 UTC,,,29.12342,45.94289,1.007608,95826.23,,,,,,5,7,7
2026-06-06 08:14:17 UTC,,,29.03759,46.4384,1.007629,94432.01,,,,,,5,7,7
2026-06-06 08:15:17 UTC,,,28.89619,45.73322,1.007582,96044.4,,,,,,5,7,7
2026-06-06 08:16:17 UTC,,,28.8937,44.99823,1.007584,97712.8,,,,,,6,8,8
2026-06-06 08:17:17 UTC,,,28.78013,44.67242,1.007646,98339.16,,,,,,6,8,8
2026-06-06 08:18:17 UTC,,,28.69686,44.15305,1.007635,100207.8,,,,,,6,8,8
2026-06-06 08:19:17 UTC,,,28.59083,43.81702,1.007609,100987.4,,,,,,5,7,7
2026-06-06 08:20:17 UTC,,,28.50497,43.5346,1.007608,102272.7,,,,,,6,8,8
2026-06-06 08:21:17 UTC,,,28.55293,43.58627,1.007633,102771,,,,,,6,9,9
2026-06-06 08:22:18 UTC,,,28.73974,43.3605,1.007688,102148.9,,,,,,5,7,7
2026-06-06 08:23:18 UTC,,,28.7978,43.42664,1.007678,101717.9,,,,,,6,8,8
2026-06-06 08:24:18 UTC,,,28.818,44.59959,1.007682,100089,,,,,,5,7,7
2026-06-06 08:25:18 UTC,,,28.86091,44.73012,1.007729,98799.77,,,,,,5,7,7
2026-06-06 08:26:18 UTC,,,28.95182,44.67017,1.00767,98339.16,,,,,,6,8,8
2026-06-06 08:27:18 UTC,,,28.93668,44.73106,1.007704,98511.38,,,,,,6,8,8
2026-06-06 08:28:18 UTC,,,29.04015,45.85902,1.007797,96318.49,,,,,,6,8,8
2026-06-06 08:29:18 UTC,,,29.09063,46.00378,1.007793,95609.07,,,,,,5,7,7
2026-06-06 08:30:18 UTC,,,29.15882,45.85233,1.00781,94803.37,,,,,,5,7,7
2026-06-06 08:31:18 UTC,,,29.14617,45.9319,1.007856,94856.66,,,,,,5,7,7
2026-06-06 08:32:18 UTC,,,29.17138,46.82673,1.007881,95317.44,,,,,,5,7,7
2026-06-06 08:33:18 UTC,,,29.07542,46.98201,1.007884,94782.08,,,,,,6,8,8
2026-06-06 08:34:18 UTC,,,29.06533,46.03668,1.007901,94484.88,,,,,,5,7,7
2026-06-06 08:35:18 UTC,,,28.94166,45.46921,1.007927,95663.27,,,,,,6,8,8
2026-06-06 08:36:18 UTC,,,28.83308,44.91678,1.007916,97656.25,,,,,,5,7,7
2026-06-06 08:37:18 UTC,,,28.69171,44.63131,1.007903,99557.52,,,,,,6,8,8
2026-06-06 08:38:18 UTC,,,28.62611,44.12344,1.007892,101047.9,,,,,,5,7,7
2026-06-06 08:39:18 UTC,,,28.57811,43.65858,1.007864,101963.8,,,,,,5,7,7
2026-06-06 08:40:18 UTC,,,28.46455,43.3681,1.007903,103147.9,,,,,,6,8,8
2026-06-06 08:41:18 UTC,,,28.47717,43.29671,1.007906,103337.4,,,,,,5,7,7
2026-06-06 08:42:18 UTC,,,28.49737,43.35365,1.007905,103084.9,,,,,,5,7,7
2026-06-06 08:43:18 UTC,,,28.64627,43.28537,1.007955,102708.5,,,,,,5,7,7
2026-06-06 08:44:18 UTC,,,28.69174,43.34124,1.007954,103022,,,,,,5,7,7
2026-06-06 08:45:18 UTC,,,28.7624,44.64221,1.00797,100566.1,,,,,,6,8,8
2026-06-06 08:46:18 UTC,,,28.79522,44.72089,1.007987,99675.13,,,,,,5,7,7
2026-06-06 08:47:18 UTC,,,28.90629,44.47721,1.008043,98626.53,,,,,,6,8,8
2026-06-06 08:48:18 UTC,,,28.92648,44.45442,1.008055,98741.95,,,,,,5,7,7
2026-06-06 08:49:18 UTC,,,28.97196,45.90657,1.008028,96927.05,,,,,,5,7,7
2026-06-06 08:50:19 UTC,,,29.01484,45.96096,1.008076,95446.84,,,,,,5,7,7
2026-06-06 08:51:19 UTC,,,29.06284,45.79316,1.008068,95826.23,,,,,,6,8,8
2026-06-06 08:52:19 UTC,,,29.0527,45.84732,1.008067,95446.84,,,,,,5,7,7
2026-06-06 08:53:19 UTC,,,29.04008,47.1729,1.00807,94116.02,,,,,,6,8,8
2026-06-06 08:54:19 UTC,,,28.98458,46.61952,1.008125,94432.01,,,,,,5,7,7
2026-06-06 08:55:19 UTC,,,28.92147,45.82117,1.008054,95554.92,,,,,,6,8,8
2026-06-06 08:56:19 UTC,,,28.83561,45.15434,1.008058,97939.64,,,,,,6,8,8
2026-06-06 08:57:19 UTC,,,28.73718,44.62492,1.008014,98857.65,,,,,,5,7,7
2026-06-06 08:58:19 UTC,,,28.61601,44.30717,1.008,100987.4,,,,,,5,7,7
2026-06-06 08:59:19 UTC,,,28.51501,43.89334,1.007981,101473.2,,,,,,6,8,8
2026-06-06 09:00:19 UTC,,,28.49986,43.36945,1.008,102771,,,,,,5,7,7
2026-06-06 09:01:19 UTC,,,28.37869,43.17563,1.008009,104424.5,,,,,,5,7,7
2026-06-06 09:02:19 UTC,,,28.39134,42.83097,1.007974,104424.5,,,,,,6,8,8
2026-06-06 09:03:19 UTC,,,28.47465,42.86249,1.007982,104553.9,,,,,,5,7,7
2026-06-06 09:04:19 UTC,,,28.53015,42.88073,1.008003,104683.6,,,,,,5,7,7
2026-06-06 09:05:19 UTC,,,28.64375,42.84806,1.008042,103654.8,,,,,,5,7,7
2026-06-06 09:06:19 UTC,,,28.68919,44.16163,1.008031,101902.2,,,,,,6,8,8
2026-06-06 09:07:19 UTC,,,28.68162,44.55091,1.008097,100626.1,,,,,,5,7,7
2026-06-06 09:08:19 UTC,,,28.82554,44.26359,1.008062,100089,,,,,,5,7,7
2026-06-06 09:09:19 UTC,,,28.90632,44.08371,1.008074,100148.4,,,,,,5,7,7
2026-06-06 09:10:19 UTC,,,28.76997,45.93974,1.008088,98511.38,,,,,,5,7,7
2026-06-06 09:11:19 UTC,,,28.93153,45.60022,1.008123,97094.37,,,,,,6,8,8
2026-06-06 09:12:19 UTC,,,29.01487,45.38576,1.008147,96982.76,,,,,,5,7,7
2026-06-06 09:13:19 UTC,,,29.083,45.31058,1.008138,96153.85,,,,,,5,7,7
2026-06-06 09:14:20 UTC,,,28.87603,47.24839,1.008117,95124.02,,,,,,5,7,7
2026-06-06 09:15:20 UTC,,,28.95934,46.27157,1.008159,95285.15,,,,,,6,8,8
2026-06-06 09:16:20 UTC,,,28.89872,45.65803,1.008129,96153.85,,,,,,6,8,8
2026-06-06 09:17:20 UTC,,,28.80537,45.03339,1.008112,97826.09,,,,,,6,8,8
2026-06-06 09:18:20 UTC,,,28.72207,44.56182,1.008106,99498.82,,,,,,5,7,7
2026-06-06 09:19:20 UTC,,,28.59588,44.08773,1.008103,101595.4,,,,,,6,8,8
2026-06-06 09:20:20 UTC,,,28.54536,43.86024,1.008096,102396.8,,,,,,6,8,8
2026-06-06 09:21:20 UTC,,,28.61857,43.74924,1.008081,102272.7,,,,,,6,8,8
2026-06-06 09:22:20 UTC,,,28.73725,43.63214,1.008141,102025.4,,,,,,5,7,7
2026-06-06 09:23:20 UTC,,,28.82809,43.62049,1.008119,101840.7,,,,,,5,7,7
2026-06-06 09:24:20 UTC,,,28.81547,45.05209,1.008156,99440.19,,,,,,6,8,8
2026-06-06 09:25:20 UTC,,,28.83819,44.99377,1.008166,98396.5,,,,,,6,8,8
2026-06-06 09:26:20 UTC,,,28.93159,44.8675,1.008199,98741.95,,,,,,6,8,8
2026-06-06 09:27:20 UTC,,,29.06539,44.71582,1.008196,98053.45,,,,,,6,8,8
2026-06-06 09:28:20 UTC,,,28.96946,46.25378,1.008212,96704.88,,,,,,6,8,8
2026-06-06 09:29:20 UTC,,,29.01493,46.26249,1.008196,95500.84,,,,,,6,8,8
2026-06-06 09:30:20 UTC,,,29.15879,45.91813,1.008224,95177.66,,,,,,6,8,8
2026-06-06 09:31:20 UTC,,,29.14365,45.9572,1.008216,95771.85,,,,,,6,8,8
2026-06-06 09:32:20 UTC,,,29.00726,47.60507,1.008241,94675.73,,,,,,6,8,8
2026-06-06 09:33:20 UTC,,,29.01989,46.88536,1.008297,95209.89,,,,,,5,7,7
2026-06-06 09:34:20 UTC,,,28.95173,46.20401,1.008269,95124.02,,,,,,5,7,7
2026-06-06 09:35:20 UTC,,,28.88104,45.58118,1.00826,96982.76,,,,,,6,8,8
2026-06-06 09:36:20 UTC,,,28.82302,44.8825,1.008308,97769.41,,,,,,7,10,10
2026-06-06 09:37:20 UTC,,,28.63618,44.59232,1.008324,99616.29,,,,,,6,8,8
2026-06-06 09:38:20 UTC,,,28.55035,44.12367,1.008286,101108.5,,,,,,6,8,8
2026-06-06 09:39:21 UTC,,,28.49232,43.56982,1.008298,102521.3,,,,,,5,7,7
2026-06-06 09:40:21 UTC,,,28.43426,43.36382,1.00826,103782.3,,,,,,6,8,8
2026-06-06 09:41:21 UTC,,,28.56802,43.28253,1.008318,103274.2,,,,,,6,8,8
2026-06-06 09:42:21 UTC,,,28.6387,43.31481,1.008309,103274.2,,,,,,6,8,8
2026-06-06 09:43:21 UTC,,,28.69424,43.33505,1.008266,103400.7,,,,,,6,8,8
2026-06-06 09:44:21 UTC,,,28.74725,44.70068,1.008323,101047.9,,,,,,5,7,7
2026-06-06 09:45:21 UTC,,,28.7902,44.59368,1.00833,100207.8,,,,,,6,8,8
2026-06-06 09:46:21 UTC,,,28.88862,44.4349,1.008366,100029.6,,,,,,6,9,9
2026-06-06 09:47:21 UTC,,,28.94419,44.43631,1.008368,100029.6,,,,,,6,8,8
2026-06-06 09:48:21 UTC,73.3746,,28.92396,46.04687,1.008377,97882.84,,,,,,7,10,10
2026-06-06 09:49:21 UTC,76.98381,,28.92147,46.17338,1.0084,96594.16,,,,,,6,8,8
2026-06-06 09:50:21 UTC,76.22366,,28.98959,45.88496,1.008415,97150.27,,,,,,6,8,8
2026-06-06 09:51:21 UTC,77.39198,,29.13853,45.62722,1.008452,96153.85,,,,,,6,8,8
2026-06-06 09:52:21 UTC,83.75595,,29.08051,46.91792,1.008464,94750.14,,,,,,6,8,8
2026-06-06 09:53:21 UTC,82.8741,,29.02998,46.43181,1.008446,95177.66,,,,,,6,8,8
2026-06-06 09:54:21 UTC,77.48114,,28.90376,45.84444,1.008465,96649.48,,,,,,6,8,8
2026-06-06 09:55:21 UTC,72.50826,,28.79272,45.39255,1.008429,98053.45,,,,,,6,9,9
2026-06-06 09:56:21 UTC,66.368,,28.70433,44.82867,1.008448,99381.62,,,,,,7,10,10
2026-06-06 09:57:21 UTC,61.03172,,28.67404,44.04598,1.008469,101595.4,,,,,,6,8,8
2026-06-06 09:58:21 UTC,56.53098,,28.58821,43.85607,1.008477,102521.3,,,,,,6,8,8
2026-06-06 09:59:21 UTC,57.7304,,28.65132,43.88271,1.008495,102334.8,,,,,,6,8,8
2026-06-06 10:00:21 UTC,60.33382,,28.71696,43.93777,1.008473,101473.2,,,,,,7,10,10
2026-06-06 10:01:21 UTC,60.22168,,28.79525,43.9198,1.008488,101595.4,,,,,,7,10,10
2026-06-06 10:02:21 UTC,65.93697,,28.79016,45.30734,1.008498,99498.82,,,,,,6,8,8
2026-06-06 10:03:21 UTC,69.19528,,28.85836,45.16593,1.008486,98511.38,,,,,,6,9,9
2026-06-06 10:04:22 UTC,69.76223,,28.91642,45.03584,1.008503,99089.84,,,,,,7,10,10
2026-06-06 10:05:22 UTC,69.85419,,29.0628,44.87456,1.008553,98857.65,,,,,,6,8,8
2026-06-06 10:06:22 UTC,77.55085,,29.00225,46.35114,1.00855,96760.32,,,,,,6,8,8
2026-06-06 10:07:22 UTC,79.95157,,29.04008,46.30688,1.008555,96099.09,,,,,,6,9,9
2026-06-06 10:08:22 UTC,78.13799,,29.08047,46.1283,1.00857,96594.16,,,,,,7,10,10
2026-06-06 10:09:22 UTC,79.98505,,29.20168,45.90158,1.008577,96099.09,,,,,,6,9,9
2026-06-06 10:10:22 UTC,84.94433,,29.23954,46.69521,1.008615,94590.8,,,,,,7,10,10
2026-06-06 10:11:22 UTC,89.897,,29.23446,49.16033,1.008629,92699.41,,,,,,9,13,13
2026-06-06 10:12:22 UTC,86.39844,,29.10824,48.21465,1.008603,93833.41,,,,,,10,14,14
2026-06-06 10:13:22 UTC,81.13778,,29.02998,47.21751,1.008612,95102.57,,,,,,10,14,14
2026-06-06 10:14:22 UTC,82.74578,,28.89114,46.73792,1.008607,94963.42,,,,,,10,14,14
2026-06-06 10:15:22 UTC,75.26964,,28.81793,45.8354,1.008619,96815.84,,,,,,9,13,13
2026-06-06 10:16:22 UTC,69.10403,,28.73466,45.22999,1.008623,98799.77,,,,,,10,14,14
2026-06-06 10:17:22 UTC,69.49271,,28.74226,45.25572,1.008641,98281.89,,,,,,10,14,15
2026-06-06 10:18:22 UTC,69.31944,,28.79023,45.22752,1.008653,98973.62,,,,,,10,14,14
2026-06-06 10:19:22 UTC,70.88717,,28.90888,45.08684,1.008671,98684.21,,,,,,10,14,14
2026-06-06 10:20:22 UTC,72.28031,,28.91897,45.45445,1.00868,98110.47,,,,,,9,13,13
2026-06-06 10:21:22 UTC,79.94482,,28.98717,46.31722,1.008673,95826.23,,,,,,10,14,14
2026-06-06 10:22:22 UTC,81.36559,,29.06791,46.02009,1.008695,95609.07,,,,,,10,14,14
2026-06-06 10:23:22 UTC,82.81623,,29.10077,46.05311,1.008682,94750.14,,,,,,9,13,13
2026-06-06 10:24:22 UTC,84.16533,,29.15627,46.37521,1.008691,94803.37,,,,,,10,14,14
2026-06-06 10:25:22 UTC,84.3618,,29.0048,47.48217,1.00871,94326.44,,,,,,10,14,14
2026-06-06 10:26:22 UTC,84.87529,,28.98211,46.42286,1.008689,94432.01,,,,,,10,14,14
2026-06-06 10:27:22 UTC,79.30154,,28.88619,45.84193,1.008699,95826.23,,,,,,10,14,14
2026-06-06 10:28:22 UTC,72.49052,,28.7877,45.2401,1.008718,97939.64,,,,,,10,14,14
2026-06-06 10:29:23 UTC,66.50103,,28.74728,44.67498,1.008696,99616.29,,,,,,10,14,14
2026-06-06 10:30:23 UTC,68.00281,,28.87098,44.56522,1.008708,99264.71,,,,,,10,14,14
2026-06-06 10:31:23 UTC,69.74568,,28.95678,44.52914,1.008705,98741.95,,,,,,10,14,14
2026-06-06 10:32:23 UTC,70.99361,,29.07542,44.33214,1.008757,98799.77,,,,,,10,14,14
2026-06-06 10:33:23 UTC,74.9689,,29.02998,45.66755,1.008781,97206.22,,,,,,10,14,15
2026-06-06 10:34:23 UTC,79.0952,,29.09309,45.60074,1.008786,96373.51,,,,,,10,14,14
2026-06-06 10:35:23 UTC,79.48338,,29.11581,45.57658,1.008795,96153.85,,,,,,10,14,14
2026-06-06 10:36:23 UTC,79.6171,,29.1663,45.48075,1.008802,96594.16,,,,,,10,14,14
2026-06-06 10:37:23 UTC,85.82674,,29.12591,46.85452,1.008778,94537.81,,,,,,10,14,14
2026-06-06 10:38:23 UTC,85.66488,,29.12339,46.36061,1.008796,94590.8,,,,,,10,14,15
2026-06-06 10:39:23 UTC,80.53457,,29.00222,45.85114,1.008786,95880.68,,,,,,10,14,14
2026-06-06 10:40:23 UTC,73.94763,,28.89622,45.13202,1.008823,97543.35,,,,,,10,14,14
2026-06-06 10:41:23 UTC,67.42414,,28.81289,44.69076,1.0088,99148.06,,,,,,10,14,14
2026-06-06 10:42:23 UTC,68.65746,,28.8937,44.6732,1.008819,99206.35,,,,,,10,14,14
2026-06-06 10:43:23 UTC,70.1031,,29.01736,44.47666,1.008812,98568.93,,,,,,10,14,14
2026-06-06 10:44:23 UTC,70.92287,,29.07037,44.51605,1.008836,98053.45,,,,,,10,14,14
2026-06-06 10:45:23 UTC,76.94286,,29.08556,45.57257,1.008842,96815.84,,,,,,10,14,14
2026-06-06 10:46:23 UTC,78.39758,,29.12847,45.53907,1.008841,96760.32,,,,,,10,14,14
2026-06-06 10:47:23 UTC,79.37091,,29.24456,45.36786,1.00889,96428.57,,,,,,10,14,14
2026-06-06 10:48:23 UTC,82.23711,,29.30515,45.96749,1.008893,95285.15,,,,,,10,14,14
2026-06-06 10:49:23 UTC,86.23994,,29.32534,46.71265,1.008897,94463.73,,,,,,10,14,14
2026-06-06 10:50:23 UTC,89.38071,,29.33544,46.50234,1.008926,93417.85,,,,,,10,14,14
2026-06-06 10:51:23 UTC,83.81071,,29.19407,46.16908,1.00891,94995.51,,,,,,10,14,15
2026-06-06 10:52:23 UTC,85.38266,,29.01736,45.58947,1.008936,94750.14,,,,,,10,14,14
