solid v2_band
 facet normal 0.000000e+00 -0.000000e+00 -1.000000e+00
  outer loop
   vertex -5.594114e+00 -3.825713e+01 6.440000e+01
   vertex -5.173273e+00 -3.970488e+01 6.440000e+01
   vertex -5.918271e+00 -3.837263e+01 6.440000e+01
  endloop
 endfacet
 facet normal 0.000000e+00 0.000000e+00 -1.000000e+00
  outer loop
   vertex -6.257428e+00 -3.843085e+01 6.440000e+01
   vertex -5.918271e+00 -3.837263e+01 6.440000e+01
   vertex -5.173273e+00 -3.970488e+01 6.440000e+01
  endloop
 endfacet
 facet normal 0.000000e+00 0.000000e+00 -1.000000e+00
  outer loop
   vertex -5.173273e+00 -3.970488e+01 6.440000e+01
   vertex -6.601546e+00 -3.843008e+01 6.440000e+01
   vertex -6.257428e+00 -3.843085e+01 6.440000e+01
  endloop
 endfacet
 facet normal 0.000000e+00 -0.000000e+00 -1.000000e+00
  outer loop
   vertex -6.601546e+00 -3.843008e+01 6.440000e+01
   vertex -5.173273e+00 -3.970488e+01 6.440000e+01
   vertex -8.718581e+00 -3.907974e+01 6.440000e+01
  endloop
 endfacet
 facet normal 0.000000e+00 0.000000e+00 -1.000000e+00
  outer loop
   vertex -5.173273e+00 -3.970488e+01 6.440000e+01
   vertex -5.028462e+00 -3.786958e+01 6.440000e+01
   vertex -4.803711e+00 -3.760899e+01 6.440000e+01
  endloop
 endfacet
 facet normal 0.000000e+00 0.000000e+00 -1.000000e+00
  outer loop
   vertex -5.173273e+00 -3.970488e+01 6.440000e+01
   vertex -5.594114e+00 -3.825713e+01 6.440000e+01
   vertex -5.294556e+00 -3.808778e+01 6.440000e+01
  endloop
 endfacet
 facet normal 0.000000e+00 0.000000e+00 -1.000000e+00
  outer loop
   vertex -5.294556e+00 -3.808778e+01 6.440000e+01
   vertex -5.028462e+00 -3.786958e+01 6.440000e+01
   vertex -5.173273e+00 -3.970488e+01 6.440000e+01
  endloop
 endfacet
 facet normal 0.000000e+00 0.000000e+00 -1.000000e+00
  outer loop
   vertex -8.718581e+00 -3.907974e+01 6.440000e+01
   vertex -7.264068e+00 -3.825336e+01 6.440000e+01
   vertex -6.940437e+00 -3.837032e+01 6.440000e+01
  endloop
 endfacet
 facet normal 0.000000e+00 -0.000000e+00 -1.000000e+00
  outer loop
   vertex -7.827962e+00 -3.786325e+01 6.440000e+01
   vertex -7.562858e+00 -3.808265e+01 6.440000e+01
   vertex -8.718581e+00 -3.907974e+01 6.440000e+01
  endloop
 endfacet
 facet normal -0.000000e+00 0.000000e+00 -1.000000e+00
  outer loop
   vertex -7.264068e+00 -3.825336e+01 6.440000e+01
   vertex -8.718581e+00 -3.907974e+01 6.440000e+01
   vertex -7.562858e+00 -3.808265e+01 6.440000e+01
  endloop
 endfacet
 facet normal 0.000000e+00 0.000000e+00 -1.000000e+00
  outer loop
   vertex -8.718581e+00 -3.907974e+01 6.440000e+01
   vertex -6.940437e+00 -3.837032e+01 6.440000e+01
   vertex -6.601546e+00 -3.843008e+01 6.440000e+01
  endloop
 endfacet
 facet normal 0.000000e+00 0.000000e+00 -1.000000e+00
  outer loop
   vertex -8.718581e+00 -3.907974e+01 6.440000e+01
   vertex -8.051532e+00 -3.760165e+01 6.440000e+01
   vertex -7.827962e+00 -3.786325e+01 6.440000e+01
  endloop
 endfacet
 facet normal 0.000000e+00 0.000000e+00 -1.000000e+00
  outer loop
   vertex -8.718581e+00 -3.907974e+01 6.440000e+01
   vertex -8.349019e+00 -3.698386e+01 6.440000e+01
   vertex -8.226949e+00 -3.730560e+01 6.440000e+01
  endloop
 endfacet
 facet normal 0.000000e+00 -0.000000e+00 -1.000000e+00
  outer loop
   vertex -8.226949e+00 -3.730560e+01 6.440000e+01
   vertex -8.051532e+00 -3.760165e+01 6.440000e+01
   vertex -8.718581e+00 -3.907974e+01 6.440000e+01
  endloop
 endfacet
 facet normal -9.848077e-01 1.736486e-01 0.000000e+00
  outer loop
   vertex -8.349019e+00 -3.698386e+01 6.520000e+01
   vertex -8.349019e+00 -3.698386e+01 6.440000e+01
   vertex -8.718581e+00 -3.907974e+01 6.440000e+01
  endloop
 endfacet
 facet normal -9.848077e-01 1.736486e-01 0.000000e+00
  outer loop
   vertex -8.349019e+00 -3.698386e+01 6.600000e+01
   vertex -8.349019e+00 -3.698386e+01 6.520000e+01
   vertex -8.718581e+00 -3.907974e+01 6.600000e+01
  endloop
 endfacet
 facet normal -9.848077e-01 1.736486e-01 0.000000e+00
  outer loop
   vertex -8.718581e+00 -3.907974e+01 6.440000e+01
   vertex -8.718581e+00 -3.907974e+01 6.600000e+01
   vertex -8.349019e+00 -3.698386e+01 6.520000e+01
  endloop
 endfacet
 facet normal 0.000000e+00 0.000000e+00 1.000000e+00
  outer loop
   vertex -7.827962e+00 -3.786325e+01 6.600000e+01
   vertex -8.718581e+00 -3.907974e+01 6.600000e+01
   vertex -7.562858e+00 -3.808265e+01 6.600000e+01
  endloop
 endfacet
 facet normal 0.000000e+00 0.000000e+00 1.000000e+00
  outer loop
   vertex -7.264068e+00 -3.825336e+01 6.600000e+01
   vertex -7.562858e+00 -3.808265e+01 6.600000e+01
   vertex -8.718581e+00 -3.907974e+01 6.600000e+01
  endloop
 endfacet
 facet normal 0.000000e+00 0.000000e+00 1.000000e+00
  outer loop
   vertex -8.718581e+00 -3.907974e+01 6.600000e+01
   vertex -6.940437e+00 -3.837032e+01 6.600000e+01
   vertex -7.264068e+00 -3.825336e+01 6.600000e+01
  endloop
 endfacet
 facet normal 0.000000e+00 0.000000e+00 1.000000e+00
  outer loop
   vertex -6.940437e+00 -3.837032e+01 6.600000e+01
   vertex -8.718581e+00 -3.907974e+01 6.600000e+01
   vertex -6.601546e+00 -3.843008e+01 6.600000e+01
  endloop
 endfacet
 facet normal 0.000000e+00 0.000000e+00 1.000000e+00
  outer loop
   vertex -8.718581e+00 -3.907974e+01 6.600000e+01
   vertex -8.226949e+00 -3.730560e+01 6.600000e+01
   vertex -8.349019e+00 -3.698386e+01 6.600000e+01
  endloop
 endfacet
 facet normal 0.000000e+00 0.000000e+00 1.000000e+00
  outer loop
   vertex -8.718581e+00 -3.907974e+01 6.600000e+01
   vertex -7.827962e+00 -3.786325e+01 6.600000e+01
   vertex -8.051532e+00 -3.760165e+01 6.600000e+01
  endloop
 endfacet
 facet normal 0.000000e+00 0.000000e+00 1.000000e+00
  outer loop
   vertex -8.051532e+00 -3.760165e+01 6.600000e+01
   vertex -8.226949e+00 -3.730560e+01 6.600000e+01
   vertex -8.718581e+00 -3.907974e+01 6.600000e+01
  endloop
 endfacet
 facet normal 0.000000e+00 0.000000e+00 1.000000e+00
  outer loop
   vertex -5.173273e+00 -3.970488e+01 6.600000e+01
   vertex -6.257428e+00 -3.843085e+01 6.600000e+01
   vertex -6.601546e+00 -3.843008e+01 6.600000e+01
  endloop
 endfacet
 facet normal 0.000000e+00 0.000000e+00 1.000000e+00
  outer loop
   vertex -5.594114e+00 -3.825713e+01 6.600000e+01
   vertex -5.918271e+00 -3.837263e+01 6.600000e+01
   vertex -5.173273e+00 -3.970488e+01 6.600000e+01
  endloop
 endfacet
 facet normal -0.000000e+00 0.000000e+00 1.000000e+00
  outer loop
   vertex -6.257428e+00 -3.843085e+01 6.600000e+01
   vertex -5.173273e+00 -3.970488e+01 6.600000e+01
   vertex -5.918271e+00 -3.837263e+01 6.600000e+01
  endloop
 endfacet
 facet normal 0.000000e+00 0.000000e+00 1.000000e+00
  outer loop
   vertex -5.173273e+00 -3.970488e+01 6.600000e+01
   vertex -6.601546e+00 -3.843008e+01 6.600000e+01
   vertex -8.718581e+00 -3.907974e+01 6.600000e+01
  endloop
 endfacet
 facet normal 0.000000e+00 0.000000e+00 1.000000e+00
  outer loop
   vertex -5.173273e+00 -3.970488e+01 6.600000e+01
   vertex -5.294556e+00 -3.808778e+01 6.600000e+01
   vertex -5.594114e+00 -3.825713e+01 6.600000e+01
  endloop
 endfacet
 facet normal 0.000000e+00 0.000000e+00 1.000000e+00
  outer loop
   vertex -5.173273e+00 -3.970488e+01 6.600000e+01
   vertex -4.803711e+00 -3.760899e+01 6.600000e+01
   vertex -5.028462e+00 -3.786958e+01 6.600000e+01
  endloop
 endfacet
 facet normal 0.000000e+00 0.000000e+00 1.000000e+00
  outer loop
   vertex -5.028462e+00 -3.786958e+01 6.600000e+01
   vertex -5.294556e+00 -3.808778e+01 6.600000e+01
   vertex -5.173273e+00 -3.970488e+01 6.600000e+01
  endloop
 endfacet
 facet normal 9.848077e-01 -1.736484e-01 0.000000e+00
  outer loop
   vertex -4.803711e+00 -3.760899e+01 6.520000e+01
   vertex -4.803711e+00 -3.760899e+01 6.600000e+01
   vertex -5.173273e+00 -3.970488e+01 6.600000e+01
  endloop
 endfacet
 facet normal 9.848077e-01 -1.736484e-01 0.000000e+00
  outer loop
   vertex -4.803711e+00 -3.760899e+01 6.440000e+01
   vertex -4.803711e+00 -3.760899e+01 6.520000e+01
   vertex -5.173273e+00 -3.970488e+01 6.440000e+01
  endloop
 endfacet
 facet normal 9.848077e-01 -1.736484e-01 0.000000e+00
  outer loop
   vertex -5.173273e+00 -3.970488e+01 6.600000e+01
   vertex -5.173273e+00 -3.970488e+01 6.440000e+01
   vertex -4.803711e+00 -3.760899e+01 6.520000e+01
  endloop
 endfacet
 facet normal -1.736482e-01 -9.848078e-01 0.000000e+00
  outer loop
   vertex -5.173273e+00 -3.970488e+01 6.600000e+01
   vertex -8.718581e+00 -3.907974e+01 6.600000e+01
   vertex -8.718581e+00 -3.907974e+01 6.440000e+01
  endloop
 endfacet
 facet normal 0.000000e+00 0.000000e+00 -1.000000e+00
  outer loop
   vertex -3.033459e+01 2.397321e+01 6.440000e+01
   vertex -3.179880e+01 2.433262e+01 6.440000e+01
   vertex -3.027254e+01 2.431169e+01 6.440000e+01
  endloop
 endfacet
 facet normal 0.000000e+00 0.000000e+00 -1.000000e+00
  outer loop
   vertex -3.015338e+01 2.463452e+01 6.440000e+01
   vertex -3.027254e+01 2.431169e+01 6.440000e+01
   vertex -3.179880e+01 2.433262e+01 6.440000e+01
  endloop
 endfacet
 facet normal 0.000000e+00 0.000000e+00 -1.000000e+00
  outer loop
   vertex -3.179880e+01 2.433262e+01 6.440000e+01
   vertex -2.998065e+01 2.493215e+01 6.440000e+01
   vertex -3.015338e+01 2.463452e+01 6.440000e+01
  endloop
 endfacet
 facet normal -0.000000e+00 0.000000e+00 -1.000000e+00
  outer loop
   vertex -2.998065e+01 2.493215e+01 6.440000e+01
   vertex -3.179880e+01 2.433262e+01 6.440000e+01
   vertex -2.948476e+01 2.709038e+01 6.440000e+01
  endloop
 endfacet
 facet normal 0.000000e+00 0.000000e+00 -1.000000e+00
  outer loop
   vertex -3.179880e+01 2.433262e+01 6.440000e+01
   vertex -3.028178e+01 2.328956e+01 6.440000e+01
   vertex -3.016848e+01 2.296463e+01 6.440000e+01
  endloop
 endfacet
 facet normal 0.000000e+00 0.000000e+00 -1.000000e+00
  outer loop
   vertex -3.179880e+01 2.433262e+01 6.440000e+01
   vertex -3.033459e+01 2.397321e+01 6.440000e+01
   vertex -3.033770e+01 2.362911e+01 6.440000e+01
  endloop
 endfacet
 facet normal -0.000000e+00 -0.000000e+00 -1.000000e+00
  outer loop
   vertex -3.033770e+01 2.362911e+01 6.440000e+01
   vertex -3.028178e+01 2.328956e+01 6.440000e+01
   vertex -3.179880e+01 2.433262e+01 6.440000e+01
  endloop
 endfacet
 facet normal 0.000000e+00 0.000000e+00 -1.000000e+00
  outer loop
   vertex -2.948476e+01 2.709038e+01 6.440000e+01
   vertex -2.949635e+01 2.541755e+01 6.440000e+01
   vertex -2.975945e+01 2.519576e+01 6.440000e+01
  endloop
 endfacet
 facet normal -0.000000e+00 0.000000e+00 -1.000000e+00
  outer loop
   vertex -2.887655e+01 2.571084e+01 6.440000e+01
   vertex -2.919911e+01 2.559095e+01 6.440000e+01
   vertex -2.948476e+01 2.709038e+01 6.440000e+01
  endloop
 endfacet
 facet normal 0.000000e+00 0.000000e+00 -1.000000e+00
  outer loop
   vertex -2.949635e+01 2.541755e+01 6.440000e+01
   vertex -2.948476e+01 2.709038e+01 6.440000e+01
   vertex -2.919911e+01 2.559095e+01 6.440000e+01
  endloop
 endfacet
 facet normal 0.000000e+00 0.000000e+00 -1.000000e+00
  outer loop
   vertex -2.948476e+01 2.709038e+01 6.440000e+01
   vertex -2.975945e+01 2.519576e+01 6.440000e+01
   vertex -2.998065e+01 2.493215e+01 6.440000e+01
  endloop
 endfacet
 facet normal 0.000000e+00 0.000000e+00 -1.000000e+00
  outer loop
   vertex -2.948476e+01 2.709038e+01 6.440000e+01
   vertex -2.853822e+01 2.577365e+01 6.440000e+01
   vertex -2.887655e+01 2.571084e+01 6.440000e+01
  endloop
 endfacet
 facet normal 0.000000e+00 0.000000e+00 -1.000000e+00
  outer loop
   vertex -2.948476e+01 2.709038e+01 6.440000e+01
   vertex -2.785445e+01 2.572239e+01 6.440000e+01
   vertex -2.819412e+01 2.577754e+01 6.440000e+01
  endloop
 endfacet
 facet normal -0.000000e+00 0.000000e+00 -1.000000e+00
  outer loop
   vertex -2.819412e+01 2.577754e+01 6.440000e+01
   vertex -2.853822e+01 2.577365e+01 6.440000e+01
   vertex -2.948476e+01 2.709038e+01 6.440000e+01
  endloop
 endfacet
 facet normal 6.427871e-01 7.660449e-01 0.000000e+00
  outer loop
   vertex -2.785445e+01 2.572239e+01 6.520000e+01
   vertex -2.785445e+01 2.572239e+01 6.440000e+01
   vertex -2.948476e+01 2.709038e+01 6.440000e+01
  endloop
 endfacet
 facet normal 6.427871e-01 7.660449e-01 0.000000e+00
  outer loop
   vertex -2.785445e+01 2.572239e+01 6.600000e+01
   vertex -2.785445e+01 2.572239e+01 6.520000e+01
   vertex -2.948476e+01 2.709038e+01 6.600000e+01
  endloop
 endfacet
 facet normal 6.427871e-01 7.660449e-01 -0.000000e+00
  outer loop
   vertex -2.948476e+01 2.709038e+01 6.440000e+01
   vertex -2.948476e+01 2.709038e+01 6.600000e+01
   vertex -2.785445e+01 2.572239e+01 6.520000e+01
  endloop
 endfacet
 facet normal 0.000000e+00 0.000000e+00 1.000000e+00
  outer loop
   vertex -2.887655e+01 2.571084e+01 6.600000e+01
   vertex -2.948476e+01 2.709038e+01 6.600000e+01
   vertex -2.919911e+01 2.559095e+01 6.600000e+01
  endloop
 endfacet
 facet normal 0.000000e+00 0.000000e+00 1.000000e+00
  outer loop
   vertex -2.949635e+01 2.541755e+01 6.600000e+01
   vertex -2.919911e+01 2.559095e+01 6.600000e+01
   vertex -2.948476e+01 2.709038e+01 6.600000e+01
  endloop
 endfacet
 facet normal 0.000000e+00 0.000000e+00 1.000000e+00
  outer loop
   vertex -2.948476e+01 2.709038e+01 6.600000e+01
   vertex -2.975945e+01 2.519576e+01 6.600000e+01
   vertex -2.949635e+01 2.541755e+01 6.600000e+01
  endloop
 endfacet
 facet normal 0.000000e+00 -0.000000e+00 1.000000e+00
  outer loop
   vertex -2.975945e+01 2.519576e+01 6.600000e+01
   vertex -2.948476e+01 2.709038e+01 6.600000e+01
   vertex -2.998065e+01 2.493215e+01 6.600000e+01
  endloop
 endfacet
 facet normal 0.000000e+00 0.000000e+00 1.000000e+00
  outer loop
   vertex -2.948476e+01 2.709038e+01 6.600000e+01
   vertex -2.819412e+01 2.577754e+01 6.600000e+01
   vertex -2.785445e+01 2.572239e+01 6.600000e+01
  endloop
 endfacet
 facet normal 0.000000e+00 0.000000e+00 1.000000e+00
  outer loop
   vertex -2.948476e+01 2.709038e+01 6.600000e+01
   vertex -2.887655e+01 2.571084e+01 6.600000e+01
   vertex -2.853822e+01 2.577365e+01 6.600000e+01
  endloop
 endfacet
 facet normal 0.000000e+00 -0.000000e+00 1.000000e+00
  outer loop
   vertex -2.853822e+01 2.577365e+01 6.600000e+01
   vertex -2.819412e+01 2.577754e+01 6.600000e+01
   vertex -2.948476e+01 2.709038e+01 6.600000e+01
  endloop
 endfacet
 facet normal 0.000000e+00 0.000000e+00 1.000000e+00
  outer loop
   vertex -3.179880e+01 2.433262e+01 6.600000e+01
   vertex -3.015338e+01 2.463452e+01 6.600000e+01
   vertex -2.998065e+01 2.493215e+01 6.600000e+01
  endloop
 endfacet
 facet normal 0.000000e+00 -0.000000e+00 1.000000e+00
  outer loop
   vertex -3.033459e+01 2.397321e+01 6.600000e+01
   vertex -3.027254e+01 2.431169e+01 6.600000e+01
   vertex -3.179880e+01 2.433262e+01 6.600000e+01
  endloop
 endfacet
 facet normal 0.000000e+00 0.000000e+00 1.000000e+00
  outer loop
   vertex -3.015338e+01 2.463452e+01 6.600000e+01
   vertex -3.179880e+01 2.433262e+01 6.600000e+01
   vertex -3.027254e+01 2.431169e+01 6.600000e+01
  endloop
 endfacet
 facet normal 0.000000e+00 0.000000e+00 1.000000e+00
  outer loop
   vertex -3.179880e+01 2.433262e+01 6.600000e+01
   vertex -2.998065e+01 2.493215e+01 6.600000e+01
   vertex -2.948476e+01 2.709038e+01 6.600000e+01
  endloop
 endfacet
 facet normal 0.000000e+00 0.000000e+00 1.000000e+00
  outer loop
   vertex -3.179880e+01 2.433262e+01 6.600000e+01
   vertex -3.033770e+01 2.362911e+01 6.600000e+01
   vertex -3.033459e+01 2.397321e+01 6.600000e+01
  endloop
 endfacet
 facet normal 0.000000e+00 0.000000e+00 1.000000e+00
  outer loop
   vertex -3.179880e+01 2.433262e+01 6.600000e+01
   vertex -3.016848e+01 2.296463e+01 6.600000e+01
   vertex -3.028178e+01 2.328956e+01 6.600000e+01
  endloop
 endfacet
 facet normal 0.000000e+00 0.000000e+00 1.000000e+00
  outer loop
   vertex -3.028178e+01 2.328956e+01 6.600000e+01
   vertex -3.033770e+01 2.362911e+01 6.600000e+01
   vertex -3.179880e+01 2.433262e+01 6.600000e+01
  endloop
 endfacet
 facet normal -6.427876e-01 -7.660444e-01 0.000000e+00
  outer loop
   vertex -3.016848e+01 2.296463e+01 6.520000e+01
   vertex -3.016848e+01 2.296463e+01 6.600000e+01
   vertex -3.179880e+01 2.433262e+01 6.600000e+01
  endloop
 endfacet
 facet normal -6.427876e-01 -7.660444e-01 0.000000e+00
  outer loop
   vertex -3.016848e+01 2.296463e+01 6.440000e+01
   vertex -3.016848e+01 2.296463e+01 6.520000e+01
   vertex -3.179880e+01 2.433262e+01 6.440000e+01
  endloop
 endfacet
 facet normal -6.427876e-01 -7.660444e-01 -0.000000e+00
  outer loop
   vertex -3.179880e+01 2.433262e+01 6.600000e+01
   vertex -3.179880e+01 2.433262e+01 6.440000e+01
   vertex -3.016848e+01 2.296463e+01 6.520000e+01
  endloop
 endfacet
 facet normal -7.660443e-01 6.427877e-01 0.000000e+00
  outer loop
   vertex -3.179880e+01 2.433262e+01 6.600000e+01
   vertex -2.948476e+01 2.709038e+01 6.600000e+01
   vertex -2.948476e+01 2.709038e+01 6.440000e+01
  endloop
 endfacet
 facet normal 0.000000e+00 0.000000e+00 -1.000000e+00
  outer loop
   vertex 3.588396e+01 1.431487e+01 6.440000e+01
   vertex 3.697207e+01 1.537225e+01 6.440000e+01
   vertex 3.613888e+01 1.411159e+01 6.440000e+01
  endloop
 endfacet
 facet normal 0.000000e+00 0.000000e+00 -1.000000e+00
  outer loop
   vertex 3.635738e+01 1.386960e+01 6.440000e+01
   vertex 3.613888e+01 1.411159e+01 6.440000e+01
   vertex 3.697207e+01 1.537225e+01 6.440000e+01
  endloop
 endfacet
 facet normal 0.000000e+00 0.000000e+00 -1.000000e+00
  outer loop
   vertex 3.697207e+01 1.537225e+01 6.440000e+01
   vertex 3.653366e+01 1.359531e+01 6.440000e+01
   vertex 3.635738e+01 1.386960e+01 6.440000e+01
  endloop
 endfacet
 facet normal 0.000000e+00 0.000000e+00 -1.000000e+00
  outer loop
   vertex 3.653366e+01 1.359531e+01 6.440000e+01
   vertex 3.697207e+01 1.537225e+01 6.440000e+01
   vertex 3.666303e+01 1.329603e+01 6.440000e+01
  endloop
 endfacet
 facet normal 0.000000e+00 0.000000e+00 -1.000000e+00
  outer loop
   vertex 3.697207e+01 1.537225e+01 6.440000e+01
   vertex 3.529276e+01 1.458484e+01 6.440000e+01
   vertex 3.497219e+01 1.464436e+01 6.440000e+01
  endloop
 endfacet
 facet normal 0.000000e+00 0.000000e+00 -1.000000e+00
  outer loop
   vertex 3.697207e+01 1.537225e+01 6.440000e+01
   vertex 3.588396e+01 1.431487e+01 6.440000e+01
   vertex 3.559940e+01 1.447403e+01 6.440000e+01
  endloop
 endfacet
 facet normal 0.000000e+00 0.000000e+00 -1.000000e+00
  outer loop
   vertex 3.559940e+01 1.447403e+01 6.440000e+01
   vertex 3.529276e+01 1.458484e+01 6.440000e+01
   vertex 3.697207e+01 1.537225e+01 6.440000e+01
  endloop
 endfacet
 facet normal 0.000000e+00 0.000000e+00 -1.000000e+00
  outer loop
   vertex 3.820334e+01 1.198936e+01 6.440000e+01
   vertex 3.674205e+01 1.297971e+01 6.440000e+01
   vertex 3.666303e+01 1.329603e+01 6.440000e+01
  endloop
 endfacet
 facet normal 0.000000e+00 0.000000e+00 -1.000000e+00
  outer loop
   vertex 3.674492e+01 1.234768e+01 6.440000e+01
   vertex 3.676863e+01 1.265475e+01 6.440000e+01
   vertex 3.820334e+01 1.198936e+01 6.440000e+01
  endloop
 endfacet
 facet normal 0.000000e+00 0.000000e+00 -1.000000e+00
  outer loop
   vertex 3.674205e+01 1.297971e+01 6.440000e+01
   vertex 3.820334e+01 1.198936e+01 6.440000e+01
   vertex 3.676863e+01 1.265475e+01 6.440000e+01
  endloop
 endfacet
 facet normal 0.000000e+00 0.000000e+00 -1.000000e+00
  outer loop
   vertex 3.820334e+01 1.198936e+01 6.440000e+01
   vertex 3.666303e+01 1.329603e+01 6.440000e+01
   vertex 3.697207e+01 1.537225e+01 6.440000e+01
  endloop
 endfacet
 facet normal 0.000000e+00 0.000000e+00 -1.000000e+00
  outer loop
   vertex 3.820334e+01 1.198936e+01 6.440000e+01
   vertex 3.667434e+01 1.204790e+01 6.440000e+01
   vertex 3.674492e+01 1.234768e+01 6.440000e+01
  endloop
 endfacet
 facet normal 0.000000e+00 0.000000e+00 -1.000000e+00
  outer loop
   vertex 3.820334e+01 1.198936e+01 6.440000e+01
   vertex 3.640037e+01 1.149828e+01 6.440000e+01
   vertex 3.655857e+01 1.176251e+01 6.440000e+01
  endloop
 endfacet
 facet normal 0.000000e+00 0.000000e+00 -1.000000e+00
  outer loop
   vertex 3.820334e+01 1.198936e+01 6.440000e+01
   vertex 3.620347e+01 1.126147e+01 6.440000e+01
   vertex 3.640037e+01 1.149828e+01 6.440000e+01
  endloop
 endfacet
 facet normal 0.000000e+00 0.000000e+00 -1.000000e+00
  outer loop
   vertex 3.655857e+01 1.176251e+01 6.440000e+01
   vertex 3.667434e+01 1.204790e+01 6.440000e+01
   vertex 3.820334e+01 1.198936e+01 6.440000e+01
  endloop
 endfacet
 facet normal 3.420198e-01 -9.396927e-01 0.000000e+00
  outer loop
   vertex 3.620347e+01 1.126147e+01 6.520000e+01
   vertex 3.620347e+01 1.126147e+01 6.440000e+01
   vertex 3.820334e+01 1.198936e+01 6.440000e+01
  endloop
 endfacet
 facet normal 3.420198e-01 -9.396927e-01 0.000000e+00
  outer loop
   vertex 3.620347e+01 1.126147e+01 6.600000e+01
   vertex 3.620347e+01 1.126147e+01 6.520000e+01
   vertex 3.820334e+01 1.198936e+01 6.600000e+01
  endloop
 endfacet
 facet normal 3.420198e-01 -9.396927e-01 0.000000e+00
  outer loop
   vertex 3.820334e+01 1.198936e+01 6.440000e+01
   vertex 3.820334e+01 1.198936e+01 6.600000e+01
   vertex 3.620347e+01 1.126147e+01 6.520000e+01
  endloop
 endfacet
 facet normal -0.000000e+00 0.000000e+00 1.000000e+00
  outer loop
   vertex 3.667434e+01 1.204790e+01 6.600000e+01
   vertex 3.820334e+01 1.198936e+01 6.600000e+01
   vertex 3.674492e+01 1.234768e+01 6.600000e+01
  endloop
 endfacet
 facet normal 0.000000e+00 0.000000e+00 1.000000e+00
  outer loop
   vertex 3.676863e+01 1.265475e+01 6.600000e+01
   vertex 3.674492e+01 1.234768e+01 6.600000e+01
   vertex 3.820334e+01 1.198936e+01 6.600000e+01
  endloop
 endfacet
 facet normal 0.000000e+00 0.000000e+00 1.000000e+00
  outer loop
   vertex 3.820334e+01 1.198936e+01 6.600000e+01
   vertex 3.674205e+01 1.297971e+01 6.600000e+01
   vertex 3.676863e+01 1.265475e+01 6.600000e+01
  endloop
 endfacet
 facet normal -0.000000e+00 -0.000000e+00 1.000000e+00
  outer loop
   vertex 3.674205e+01 1.297971e+01 6.600000e+01
   vertex 3.820334e+01 1.198936e+01 6.600000e+01
   vertex 3.666303e+01 1.329603e+01 6.600000e+01
  endloop
 endfacet
 facet normal 0.000000e+00 0.000000e+00 1.000000e+00
  outer loop
   vertex 3.820334e+01 1.198936e+01 6.600000e+01
   vertex 3.640037e+01 1.149828e+01 6.600000e+01
   vertex 3.620347e+01 1.126147e+01 6.600000e+01
  endloop
 endfacet
 facet normal 0.000000e+00 0.000000e+00 1.000000e+00
  outer loop
   vertex 3.820334e+01 1.198936e+01 6.600000e+01
   vertex 3.667434e+01 1.204790e+01 6.600000e+01
   vertex 3.655857e+01 1.176251e+01 6.600000e+01
  endloop
 endfacet
 facet normal -0.000000e+00 0.000000e+00 1.000000e+00
  outer loop
   vertex 3.655857e+01 1.176251e+01 6.600000e+01
   vertex 3.640037e+01 1.149828e+01 6.600000e+01
   vertex 3.820334e+01 1.198936e+01 6.600000e+01
  endloop
 endfacet
 facet normal 0.000000e+00 0.000000e+00 1.000000e+00
  outer loop
   vertex 3.697207e+01 1.537225e+01 6.600000e+01
   vertex 3.653366e+01 1.359531e+01 6.600000e+01
   vertex 3.666303e+01 1.329603e+01 6.600000e+01
  endloop
 endfacet
 facet normal -0.000000e+00 0.000000e+00 1.000000e+00
  outer loop
   vertex 3.613888e+01 1.411159e+01 6.600000e+01
   vertex 3.635738e+01 1.386960e+01 6.600000e+01
   vertex 3.697207e+01 1.537225e+01 6.600000e+01
  endloop
 endfacet
 facet normal 0.000000e+00 -0.000000e+00 1.000000e+00
  outer loop
   vertex 3.653366e+01 1.359531e+01 6.600000e+01
   vertex 3.697207e+01 1.537225e+01 6.600000e+01
   vertex 3.635738e+01 1.386960e+01 6.600000e+01
  endloop
 endfacet
 facet normal 0.000000e+00 0.000000e+00 1.000000e+00
  outer loop
   vertex 3.697207e+01 1.537225e+01 6.600000e+01
   vertex 3.666303e+01 1.329603e+01 6.600000e+01
   vertex 3.820334e+01 1.198936e+01 6.600000e+01
  endloop
 endfacet
 facet normal 0.000000e+00 0.000000e+00 1.000000e+00
  outer loop
   vertex 3.697207e+01 1.537225e+01 6.600000e+01
   vertex 3.588396e+01 1.431487e+01 6.600000e+01
   vertex 3.613888e+01 1.411159e+01 6.600000e+01
  endloop
 endfacet
 facet normal 0.000000e+00 0.000000e+00 1.000000e+00
  outer loop
   vertex 3.697207e+01 1.537225e+01 6.600000e+01
   vertex 3.529276e+01 1.458484e+01 6.600000e+01
   vertex 3.559940e+01 1.447403e+01 6.600000e+01
  endloop
 endfacet
 facet normal 0.000000e+00 0.000000e+00 1.000000e+00
  outer loop
   vertex 3.697207e+01 1.537225e+01 6.600000e+01
   vertex 3.497219e+01 1.464436e+01 6.600000e+01
   vertex 3.529276e+01 1.458484e+01 6.600000e+01
  endloop
 endfacet
 facet normal -0.000000e+00 0.000000e+00 1.000000e+00
  outer loop
   vertex 3.559940e+01 1.447403e+01 6.600000e+01
   vertex 3.588396e+01 1.431487e+01 6.600000e+01
   vertex 3.697207e+01 1.537225e+01 6.600000e+01
  endloop
 endfacet
 facet normal -3.420198e-01 9.396927e-01 0.000000e+00
  outer loop
   vertex 3.497219e+01 1.464436e+01 6.520000e+01
   vertex 3.497219e+01 1.464436e+01 6.600000e+01
   vertex 3.697207e+01 1.537225e+01 6.600000e+01
  endloop
 endfacet
 facet normal -3.420198e-01 9.396927e-01 0.000000e+00
  outer loop
   vertex 3.497219e+01 1.464436e+01 6.440000e+01
   vertex 3.497219e+01 1.464436e+01 6.520000e+01
   vertex 3.697207e+01 1.537225e+01 6.440000e+01
  endloop
 endfacet
 facet normal -3.420198e-01 9.396927e-01 0.000000e+00
  outer loop
   vertex 3.697207e+01 1.537225e+01 6.600000e+01
   vertex 3.697207e+01 1.537225e+01 6.440000e+01
   vertex 3.497219e+01 1.464436e+01 6.520000e+01
  endloop
 endfacet
 facet normal 9.396925e-01 3.420204e-01 0.000000e+00
  outer loop
   vertex 3.697207e+01 1.537225e+01 6.600000e+01
   vertex 3.820334e+01 1.198936e+01 6.600000e+01
   vertex 3.820334e+01 1.198936e+01 6.440000e+01
  endloop
 endfacet
 facet normal 8.831030e-01 3.657931e-01 2.938103e-01
  outer loop
   vertex 5.567396e+01 4.461731e+01 2.539643e+00
   vertex 5.303301e+01 5.303301e+01 0.000000e+00
   vertex 5.413590e+01 3.875096e+01 1.446617e+01
  endloop
 endfacet
 facet normal 8.831031e-01 3.657930e-01 2.938101e-01
  outer loop
   vertex 4.896561e+01 2.028222e+01 5.300000e+01
   vertex 5.413590e+01 3.875096e+01 1.446617e+01
   vertex 5.303301e+01 5.303301e+01 0.000000e+00
  endloop
 endfacet
 facet normal 8.831025e-01 3.657941e-01 2.938107e-01
  outer loop
   vertex 5.413590e+01 3.875096e+01 1.446617e+01
   vertex 5.603251e+01 3.856265e+01 9.000000e+00
   vertex 5.567396e+01 4.461731e+01 2.539643e+00
  endloop
 endfacet
 facet normal 8.831029e-01 3.657934e-01 2.938103e-01
  outer loop
   vertex 5.413590e+01 3.875096e+01 1.446617e+01
   vertex 4.896561e+01 2.028222e+01 5.300000e+01
   vertex 6.568093e+01 1.087880e+01 1.446617e+01
  endloop
 endfacet
 facet normal 8.831028e-01 3.657932e-01 2.938109e-01
  outer loop
   vertex 7.091664e+01 7.818228e+00 2.539643e+00
   vertex 5.303301e+01 5.303301e+01 0.000000e+00
   vertex 5.567396e+01 4.461731e+01 2.539643e+00
  endloop
 endfacet
 facet normal 8.831031e-01 3.657927e-01 2.938105e-01
  outer loop
   vertex 7.500000e+01 0.000000e+00 0.000000e+00
   vertex 6.568093e+01 1.087880e+01 1.446617e+01
   vertex 4.896561e+01 2.028222e+01 5.300000e+01
  endloop
 endfacet
 facet normal 8.831028e-01 3.657940e-01 2.938098e-01
  outer loop
   vertex 7.091664e+01 7.818228e+00 2.539643e+00
   vertex 6.688888e+01 1.235305e+01 9.000000e+00
   vertex 6.568093e+01 1.087880e+01 1.446617e+01
  endloop
 endfacet
 facet normal 8.831030e-01 3.657931e-01 2.938102e-01
  outer loop
   vertex 7.500000e+01 0.000000e+00 0.000000e+00
   vertex 7.091664e+01 7.818228e+00 2.539643e+00
   vertex 6.568093e+01 1.087880e+01 1.446617e+01
  endloop
 endfacet
 facet normal 8.831031e-01 3.657933e-01 2.938097e-01
  outer loop
   vertex 5.303301e+01 5.303301e+01 0.000000e+00
   vertex 7.091664e+01 7.818228e+00 2.539643e+00
   vertex 7.500000e+01 0.000000e+00 0.000000e+00
  endloop
 endfacet
 facet normal 6.346701e-01 6.346701e-01 4.408943e-01
  outer loop
   vertex 2.028222e+01 4.896561e+01 5.300000e+01
   vertex 4.896561e+01 2.028222e+01 5.300000e+01
   vertex 5.303301e+01 5.303301e+01 0.000000e+00
  endloop
 endfacet
 facet normal 3.657931e-01 8.831030e-01 2.938102e-01
  outer loop
   vertex 7.818228e+00 7.091664e+01 2.539643e+00
   vertex 4.592425e-15 7.500000e+01 0.000000e+00
   vertex 1.087880e+01 6.568093e+01 1.446617e+01
  endloop
 endfacet
 facet normal 3.657927e-01 8.831031e-01 2.938105e-01
  outer loop
   vertex 2.028222e+01 4.896561e+01 5.300000e+01
   vertex 1.087880e+01 6.568093e+01 1.446617e+01
   vertex 4.592425e-15 7.500000e+01 0.000000e+00
  endloop
 endfacet
 facet normal 3.657940e-01 8.831028e-01 2.938098e-01
  outer loop
   vertex 1.087880e+01 6.568093e+01 1.446617e+01
   vertex 1.235305e+01 6.688888e+01 9.000000e+00
   vertex 7.818228e+00 7.091664e+01 2.539643e+00
  endloop
 endfacet
 facet normal 3.657933e-01 8.831031e-01 2.938097e-01
  outer loop
   vertex 5.303301e+01 5.303301e+01 0.000000e+00
   vertex 4.592425e-15 7.500000e+01 0.000000e+00
   vertex 7.818228e+00 7.091664e+01 2.539643e+00
  endloop
 endfacet
 facet normal 3.657930e-01 8.831031e-01 2.938101e-01
  outer loop
   vertex 5.303301e+01 5.303301e+01 0.000000e+00
   vertex 3.875096e+01 5.413590e+01 1.446617e+01
   vertex 2.028222e+01 4.896561e+01 5.300000e+01
  endloop
 endfacet
 facet normal 3.657930e-01 8.831033e-01 2.938096e-01
  outer loop
   vertex 5.303301e+01 5.303301e+01 0.000000e+00
   vertex 4.461731e+01 5.567396e+01 2.539643e+00
   vertex 3.856265e+01 5.603251e+01 9.000000e+00
  endloop
 endfacet
 facet normal 3.657936e-01 8.831026e-01 2.938108e-01
  outer loop
   vertex 3.875096e+01 5.413590e+01 1.446617e+01
   vertex 5.303301e+01 5.303301e+01 0.000000e+00
   vertex 3.856265e+01 5.603251e+01 9.000000e+00
  endloop
 endfacet
 facet normal 3.657932e-01 8.831028e-01 2.938109e-01
  outer loop
   vertex 7.818228e+00 7.091664e+01 2.539643e+00
   vertex 4.461731e+01 5.567396e+01 2.539643e+00
   vertex 5.303301e+01 5.303301e+01 0.000000e+00
  endloop
 endfacet
 facet normal 3.657934e-01 8.831029e-01 2.938103e-01
  outer loop
   vertex 2.028222e+01 4.896561e+01 5.300000e+01
   vertex 3.875096e+01 5.413590e+01 1.446617e+01
   vertex 1.087880e+01 6.568093e+01 1.446617e+01
  endloop
 endfacet
 facet normal 0.000000e+00 8.975590e-01 4.408943e-01
  outer loop
   vertex 4.592425e-15 7.500000e+01 0.000000e+00
   vertex -2.028222e+01 4.896561e+01 5.300000e+01
   vertex 2.028222e+01 4.896561e+01 5.300000e+01
  endloop
 endfacet
 facet normal -3.657931e-01 8.831030e-01 2.938103e-01
  outer loop
   vertex -4.461731e+01 5.567396e+01 2.539643e+00
   vertex -5.303301e+01 5.303301e+01 0.000000e+00
   vertex -3.875096e+01 5.413590e+01 1.446617e+01
  endloop
 endfacet
 facet normal -3.657930e-01 8.831031e-01 2.938101e-01
  outer loop
   vertex -2.028222e+01 4.896561e+01 5.300000e+01
   vertex -3.875096e+01 5.413590e+01 1.446617e+01
   vertex -5.303301e+01 5.303301e+01 0.000000e+00
  endloop
 endfacet
 facet normal -3.657941e-01 8.831025e-01 2.938107e-01
  outer loop
   vertex -3.875096e+01 5.413590e+01 1.446617e+01
   vertex -3.856265e+01 5.603251e+01 9.000000e+00
   vertex -4.461731e+01 5.567396e+01 2.539643e+00
  endloop
 endfacet
 facet normal -3.657932e-01 8.831028e-01 2.938109e-01
  outer loop
   vertex -7.818228e+00 7.091664e+01 2.539643e+00
   vertex -5.303301e+01 5.303301e+01 0.000000e+00
   vertex -4.461731e+01 5.567396e+01 2.539643e+00
  endloop
 endfacet
 facet normal -3.657927e-01 8.831031e-01 2.938105e-01
  outer loop
   vertex 4.592425e-15 7.500000e+01 0.000000e+00
   vertex -1.087880e+01 6.568093e+01 1.446617e+01
   vertex -2.028222e+01 4.896561e+01 5.300000e+01
  endloop
 endfacet
 facet normal -3.657940e-01 8.831028e-01 2.938098e-01
  outer loop
   vertex -7.818228e+00 7.091664e+01 2.539643e+00
   vertex -1.235305e+01 6.688888e+01 9.000000e+00
   vertex -1.087880e+01 6.568093e+01 1.446617e+01
  endloop
 endfacet
 facet normal -3.657931e-01 8.831030e-01 2.938102e-01
  outer loop
   vertex 4.592425e-15 7.500000e+01 0.000000e+00
   vertex -7.818228e+00 7.091664e+01 2.539643e+00
   vertex -1.087880e+01 6.568093e+01 1.446617e+01
  endloop
 endfacet
 facet normal -3.657933e-01 8.831031e-01 2.938097e-01
  outer loop
   vertex -5.303301e+01 5.303301e+01 0.000000e+00
   vertex -7.818228e+00 7.091664e+01 2.539643e+00
   vertex 4.592425e-15 7.500000e+01 0.000000e+00
  endloop
 endfacet
 facet normal -3.657934e-01 8.831029e-01 2.938103e-01
  outer loop
   vertex -2.028222e+01 4.896561e+01 5.300000e+01
   vertex -1.087880e+01 6.568093e+01 1.446617e+01
   vertex -3.875096e+01 5.413590e+01 1.446617e+01
  endloop
 endfacet
 facet normal -6.346701e-01 6.346701e-01 4.408943e-01
  outer loop
   vertex -4.896561e+01 2.028222e+01 5.300000e+01
   vertex -2.028222e+01 4.896561e+01 5.300000e+01
   vertex -5.303301e+01 5.303301e+01 0.000000e+00
  endloop
 endfacet
 facet normal -8.831030e-01 3.657931e-01 2.938102e-01
  outer loop
   vertex -7.091664e+01 7.818228e+00 2.539643e+00
   vertex -7.500000e+01 9.184851e-15 0.000000e+00
   vertex -6.568093e+01 1.087880e+01 1.446617e+01
  endloop
 endfacet
 facet normal -8.831031e-01 3.657927e-01 2.938105e-01
  outer loop
   vertex -4.896561e+01 2.028222e+01 5.300000e+01
   vertex -6.568093e+01 1.087880e+01 1.446617e+01
   vertex -7.500000e+01 9.184851e-15 0.000000e+00
  endloop
 endfacet
 facet normal -8.831028e-01 3.657940e-01 2.938098e-01
  outer loop
   vertex -6.568093e+01 1.087880e+01 1.446617e+01
   vertex -6.688888e+01 1.235305e+01 9.000000e+00
   vertex -7.091664e+01 7.818228e+00 2.539643e+00
  endloop
 endfacet
 facet normal -8.831029e-01 3.657934e-01 2.938103e-01
  outer loop
   vertex -6.568093e+01 1.087880e+01 1.446617e+01
   vertex -4.896561e+01 2.028222e+01 5.300000e+01
   vertex -5.413590e+01 3.875096e+01 1.446617e+01
  endloop
 endfacet
 facet normal -8.831032e-01 3.657934e-01 2.938095e-01
  outer loop
   vertex -5.567396e+01 4.461731e+01 2.539643e+00
   vertex -7.500000e+01 9.184851e-15 0.000000e+00
   vertex -7.091664e+01 7.818228e+00 2.539643e+00
  endloop
 endfacet
 facet normal -8.831031e-01 3.657930e-01 2.938101e-01
  outer loop
   vertex -5.303301e+01 5.303301e+01 0.000000e+00
   vertex -5.413590e+01 3.875096e+01 1.446617e+01
   vertex -4.896561e+01 2.028222e+01 5.300000e+01
  endloop
 endfacet
 facet normal -8.831025e-01 3.657941e-01 2.938107e-01
  outer loop
   vertex -5.567396e+01 4.461731e+01 2.539643e+00
   vertex -5.603251e+01 3.856265e+01 9.000000e+00
   vertex -5.413590e+01 3.875096e+01 1.446617e+01
  endloop
 endfacet
 facet normal -8.831030e-01 3.657931e-01 2.938103e-01
  outer loop
   vertex -5.303301e+01 5.303301e+01 0.000000e+00
   vertex -5.567396e+01 4.461731e+01 2.539643e+00
   vertex -5.413590e+01 3.875096e+01 1.446617e+01
  endloop
 endfacet
 facet normal -8.831028e-01 3.657932e-01 2.938107e-01
  outer loop
   vertex -7.500000e+01 9.184851e-15 0.000000e+00
   vertex -5.567396e+01 4.461731e+01 2.539643e+00
   vertex -5.303301e+01 5.303301e+01 0.000000e+00
  endloop
 endfacet
 facet normal -8.975590e-01 0.000000e+00 4.408943e-01
  outer loop
   vertex -7.500000e+01 9.184851e-15 0.000000e+00
   vertex -4.896561e+01 -2.028222e+01 5.300000e+01
   vertex -4.896561e+01 2.028222e+01 5.300000e+01
  endloop
 endfacet
 facet normal -8.831030e-01 -3.657931e-01 2.938103e-01
  outer loop
   vertex -5.567396e+01 -4.461731e+01 2.539643e+00
   vertex -5.303301e+01 -5.303301e+01 0.000000e+00
   vertex -5.413590e+01 -3.875096e+01 1.446617e+01
  endloop
 endfacet
 facet normal -8.831031e-01 -3.657930e-01 2.938101e-01
  outer loop
   vertex -4.896561e+01 -2.028222e+01 5.300000e+01
   vertex -5.413590e+01 -3.875096e+01 1.446617e+01
   vertex -5.303301e+01 -5.303301e+01 0.000000e+00
  endloop
 endfacet
 facet normal -8.831025e-01 -3.657941e-01 2.938107e-01
  outer loop
   vertex -5.413590e+01 -3.875096e+01 1.446617e+01
   vertex -5.603251e+01 -3.856265e+01 9.000000e+00
   vertex -5.567396e+01 -4.461731e+01 2.539643e+00
  endloop
 endfacet
 facet normal -8.831028e-01 -3.657932e-01 2.938109e-01
  outer loop
   vertex -7.091664e+01 -7.818228e+00 2.539643e+00
   vertex -5.303301e+01 -5.303301e+01 0.000000e+00
   vertex -5.567396e+01 -4.461731e+01 2.539643e+00
  endloop
 endfacet
 facet normal -8.831031e-01 -3.657927e-01 2.938105e-01
  outer loop
   vertex -7.500000e+01 9.184851e-15 0.000000e+00
   vertex -6.568093e+01 -1.087880e+01 1.446617e+01
   vertex -4.896561e+01 -2.028222e+01 5.300000e+01
  endloop
 endfacet
 facet normal -8.831028e-01 -3.657940e-01 2.938098e-01
  outer loop
   vertex -7.091664e+01 -7.818228e+00 2.539643e+00
   vertex -6.688888e+01 -1.235305e+01 9.000000e+00
   vertex -6.568093e+01 -1.087880e+01 1.446617e+01
  endloop
 endfacet
 facet normal -8.831030e-01 -3.657931e-01 2.938102e-01
  outer loop
   vertex -7.500000e+01 9.184851e-15 0.000000e+00
   vertex -7.091664e+01 -7.818228e+00 2.539643e+00
   vertex -6.568093e+01 -1.087880e+01 1.446617e+01
  endloop
 endfacet
 facet normal -8.831031e-01 -3.657933e-01 2.938097e-01
  outer loop
   vertex -5.303301e+01 -5.303301e+01 0.000000e+00
   vertex -7.091664e+01 -7.818228e+00 2.539643e+00
   vertex -7.500000e+01 9.184851e-15 0.000000e+00
  endloop
 endfacet
 facet normal -8.831029e-01 -3.657934e-01 2.938103e-01
  outer loop
   vertex -4.896561e+01 -2.028222e+01 5.300000e+01
   vertex -6.568093e+01 -1.087880e+01 1.446617e+01
   vertex -5.413590e+01 -3.875096e+01 1.446617e+01
  endloop
 endfacet
 facet normal -6.346701e-01 -6.346701e-01 4.408943e-01
  outer loop
   vertex -4.896561e+01 -2.028222e+01 5.300000e+01
   vertex -5.303301e+01 -5.303301e+01 0.000000e+00
   vertex -2.028222e+01 -4.896561e+01 5.300000e+01
  endloop
 endfacet
 facet normal -3.657927e-01 -8.831031e-01 2.938105e-01
  outer loop
   vertex -1.377728e-14 -7.500000e+01 0.000000e+00
   vertex -2.028222e+01 -4.896561e+01 5.300000e+01
   vertex -1.087880e+01 -6.568093e+01 1.446617e+01
  endloop
 endfacet
 facet normal -3.657931e-01 -8.831030e-01 2.938102e-01
  outer loop
   vertex -1.377728e-14 -7.500000e+01 0.000000e+00
   vertex -1.087880e+01 -6.568093e+01 1.446617e+01
   vertex -7.818228e+00 -7.091664e+01 2.539643e+00
  endloop
 endfacet
 facet normal -3.657940e-01 -8.831028e-01 2.938098e-01
  outer loop
   vertex -1.235305e+01 -6.688888e+01 9.000000e+00
   vertex -7.818228e+00 -7.091664e+01 2.539643e+00
   vertex -1.087880e+01 -6.568093e+01 1.446617e+01
  endloop
 endfacet
 facet normal -3.657934e-01 -8.831029e-01 2.938103e-01
  outer loop
   vertex -1.087880e+01 -6.568093e+01 1.446617e+01
   vertex -2.028222e+01 -4.896561e+01 5.300000e+01
   vertex -3.875096e+01 -5.413590e+01 1.446617e+01
  endloop
 endfacet
 facet normal -3.657931e-01 -8.831030e-01 2.938103e-01
  outer loop
   vertex -4.461731e+01 -5.567396e+01 2.539643e+00
   vertex -3.875096e+01 -5.413590e+01 1.446617e+01
   vertex -5.303301e+01 -5.303301e+01 0.000000e+00
  endloop
 endfacet
 facet normal -3.657930e-01 -8.831031e-01 2.938101e-01
  outer loop
   vertex -2.028222e+01 -4.896561e+01 5.300000e+01
   vertex -5.303301e+01 -5.303301e+01 0.000000e+00
   vertex -3.875096e+01 -5.413590e+01 1.446617e+01
  endloop
 endfacet
 facet normal -3.657941e-01 -8.831025e-01 2.938107e-01
  outer loop
   vertex -3.875096e+01 -5.413590e+01 1.446617e+01
   vertex -4.461731e+01 -5.567396e+01 2.539643e+00
   vertex -3.856265e+01 -5.603251e+01 9.000000e+00
  endloop
 endfacet
 facet normal -3.657932e-01 -8.831028e-01 2.938109e-01
  outer loop
   vertex -5.303301e+01 -5.303301e+01 0.000000e+00
   vertex -7.818228e+00 -7.091664e+01 2.539643e+00
   vertex -4.461731e+01 -5.567396e+01 2.539643e+00
  endloop
 endfacet
 facet normal -3.657933e-01 -8.831031e-01 2.938097e-01
  outer loop
   vertex -7.818228e+00 -7.091664e+01 2.539643e+00
   vertex -5.303301e+01 -5.303301e+01 0.000000e+00
   vertex -1.377728e-14 -7.500000e+01 0.000000e+00
  endloop
 endfacet
 facet normal 0.000000e+00 -8.975590e-01 4.408943e-01
  outer loop
   vertex 2.028222e+01 -4.896561e+01 5.300000e+01
   vertex -2.028222e+01 -4.896561e+01 5.300000e+01
   vertex -1.377728e-14 -7.500000e+01 0.000000e+00
  endloop
 endfacet
 facet normal 3.657930e-01 -8.831031e-01 2.938101e-01
  outer loop
   vertex 5.303301e+01 -5.303301e+01 0.000000e+00
   vertex 2.028222e+01 -4.896561e+01 5.300000e+01
   vertex 3.875096e+01 -5.413590e+01 1.446617e+01
  endloop
 endfacet
 facet normal 3.657931e-01 -8.831030e-01 2.938103e-01
  outer loop
   vertex 5.303301e+01 -5.303301e+01 0.000000e+00
   vertex 3.875096e+01 -5.413590e+01 1.446617e+01
   vertex 4.461731e+01 -5.567396e+01 2.539643e+00
  endloop
 endfacet
 facet normal 3.657941e-01 -8.831025e-01 2.938107e-01
  outer loop
   vertex 3.856265e+01 -5.603251e+01 9.000000e+00
   vertex 4.461731e+01 -5.567396e+01 2.539643e+00
   vertex 3.875096e+01 -5.413590e+01 1.446617e+01
  endloop
 endfacet
 facet normal 3.657934e-01 -8.831029e-01 2.938103e-01
  outer loop
   vertex 1.087880e+01 -6.568093e+01 1.446617e+01
   vertex 3.875096e+01 -5.413590e+01 1.446617e+01
   vertex 2.028222e+01 -4.896561e+01 5.300000e+01
  endloop
 endfacet
 facet normal 3.657931e-01 -8.831030e-01 2.938102e-01
  outer loop
   vertex 7.818228e+00 -7.091664e+01 2.539643e+00
   vertex 1.087880e+01 -6.568093e+01 1.446617e+01
   vertex -1.377728e-14 -7.500000e+01 0.000000e+00
  endloop
 endfacet
 facet normal 3.657927e-01 -8.831031e-01 2.938105e-01
  outer loop
   vertex 2.028222e+01 -4.896561e+01 5.300000e+01
   vertex -1.377728e-14 -7.500000e+01 0.000000e+00
   vertex 1.087880e+01 -6.568093e+01 1.446617e+01
  endloop
 endfacet
 facet normal 3.657940e-01 -8.831028e-01 2.938098e-01
  outer loop
   vertex 1.087880e+01 -6.568093e+01 1.446617e+01
   vertex 7.818228e+00 -7.091664e+01 2.539643e+00
   vertex 1.235305e+01 -6.688888e+01 9.000000e+00
  endloop
 endfacet
 facet normal 3.657934e-01 -8.831032e-01 2.938095e-01
  outer loop
   vertex -1.377728e-14 -7.500000e+01 0.000000e+00
   vertex 4.461731e+01 -5.567396e+01 2.539643e+00
   vertex 7.818228e+00 -7.091664e+01 2.539643e+00
  endloop
 endfacet
 facet normal 3.657932e-01 -8.831028e-01 2.938107e-01
  outer loop
   vertex 4.461731e+01 -5.567396e+01 2.539643e+00
   vertex -1.377728e-14 -7.500000e+01 0.000000e+00
   vertex 5.303301e+01 -5.303301e+01 0.000000e+00
  endloop
 endfacet
 facet normal 6.346701e-01 -6.346701e-01 4.408943e-01
  outer loop
   vertex 2.028222e+01 -4.896561e+01 5.300000e+01
   vertex 5.303301e+01 -5.303301e+01 0.000000e+00
   vertex 4.896561e+01 -2.028222e+01 5.300000e+01
  endloop
 endfacet
 facet normal 8.831031e-01 -3.657927e-01 2.938105e-01
  outer loop
   vertex 7.500000e+01 0.000000e+00 0.000000e+00
   vertex 4.896561e+01 -2.028222e+01 5.300000e+01
   vertex 6.568093e+01 -1.087880e+01 1.446617e+01
  endloop
 endfacet
 facet normal 8.831030e-01 -3.657931e-01 2.938102e-01
  outer loop
   vertex 7.500000e+01 0.000000e+00 0.000000e+00
   vertex 6.568093e+01 -1.087880e+01 1.446617e+01
   vertex 7.091664e+01 -7.818228e+00 2.539643e+00
  endloop
 endfacet
 facet normal 8.831028e-01 -3.657940e-01 2.938098e-01
  outer loop
   vertex 6.688888e+01 -1.235305e+01 9.000000e+00
   vertex 7.091664e+01 -7.818228e+00 2.539643e+00
   vertex 6.568093e+01 -1.087880e+01 1.446617e+01
  endloop
 endfacet
 facet normal 8.831029e-01 -3.657934e-01 2.938103e-01
  outer loop
   vertex 6.568093e+01 -1.087880e+01 1.446617e+01
   vertex 4.896561e+01 -2.028222e+01 5.300000e+01
   vertex 5.413590e+01 -3.875096e+01 1.446617e+01
  endloop
 endfacet
 facet normal 8.831030e-01 -3.657931e-01 2.938103e-01
  outer loop
   vertex 5.567396e+01 -4.461731e+01 2.539643e+00
   vertex 5.413590e+01 -3.875096e+01 1.446617e+01
   vertex 5.303301e+01 -5.303301e+01 0.000000e+00
  endloop
 endfacet
 facet normal 8.831031e-01 -3.657930e-01 2.938101e-01
  outer loop
   vertex 4.896561e+01 -2.028222e+01 5.300000e+01
   vertex 5.303301e+01 -5.303301e+01 0.000000e+00
   vertex 5.413590e+01 -3.875096e+01 1.446617e+01
  endloop
 endfacet
 facet normal 8.831025e-01 -3.657941e-01 2.938107e-01
  outer loop
   vertex 5.413590e+01 -3.875096e+01 1.446617e+01
   vertex 5.567396e+01 -4.461731e+01 2.539643e+00
   vertex 5.603251e+01 -3.856265e+01 9.000000e+00
  endloop
 endfacet
 facet normal 8.831028e-01 -3.657932e-01 2.938109e-01
  outer loop
   vertex 5.303301e+01 -5.303301e+01 0.000000e+00
   vertex 7.091664e+01 -7.818228e+00 2.539643e+00
   vertex 5.567396e+01 -4.461731e+01 2.539643e+00
  endloop
 endfacet
 facet normal 8.831031e-01 -3.657933e-01 2.938097e-01
  outer loop
   vertex 7.091664e+01 -7.818228e+00 2.539643e+00
   vertex 5.303301e+01 -5.303301e+01 0.000000e+00
   vertex 7.500000e+01 0.000000e+00 0.000000e+00
  endloop
 endfacet
 facet normal 8.975590e-01 0.000000e+00 4.408943e-01
  outer loop
   vertex 4.896561e+01 2.028222e+01 5.300000e+01
   vertex 4.896561e+01 -2.028222e+01 5.300000e+01
   vertex 7.500000e+01 0.000000e+00 0.000000e+00
  endloop
 endfacet
 facet normal 4.940573e-01 2.046452e-01 8.450016e-01
  outer loop
   vertex 4.896561e+01 2.028222e+01 5.300000e+01
   vertex 3.040559e+01 3.040559e+01 6.140000e+01
   vertex 4.300000e+01 0.000000e+00 6.140000e+01
  endloop
 endfacet
 facet normal 5.765106e-01 5.765106e-01 5.790260e-01
  outer loop
   vertex 3.040559e+01 3.040559e+01 6.140000e+01
   vertex 4.896561e+01 2.028222e+01 5.300000e+01
   vertex 2.028222e+01 4.896561e+01 5.300000e+01
  endloop
 endfacet
 facet normal 2.046452e-01 4.940573e-01 8.450016e-01
  outer loop
   vertex 2.028222e+01 4.896561e+01 5.300000e+01
   vertex 2.632991e-15 4.300000e+01 6.140000e+01
   vertex 3.040559e+01 3.040559e+01 6.140000e+01
  endloop
 endfacet
 facet normal 0.000000e+00 8.153091e-01 5.790260e-01
  outer loop
   vertex 2.028222e+01 4.896561e+01 5.300000e+01
   vertex -2.028222e+01 4.896561e+01 5.300000e+01
   vertex 2.632991e-15 4.300000e+01 6.140000e+01
  endloop
 endfacet
 facet normal -2.046452e-01 4.940573e-01 8.450016e-01
  outer loop
   vertex -2.028222e+01 4.896561e+01 5.300000e+01
   vertex -3.040559e+01 3.040559e+01 6.140000e+01
   vertex 2.632991e-15 4.300000e+01 6.140000e+01
  endloop
 endfacet
 facet normal -5.765106e-01 5.765106e-01 5.790260e-01
  outer loop
   vertex -3.040559e+01 3.040559e+01 6.140000e+01
   vertex -2.028222e+01 4.896561e+01 5.300000e+01
   vertex -4.896561e+01 2.028222e+01 5.300000e+01
  endloop
 endfacet
 facet normal -4.940573e-01 2.046452e-01 8.450016e-01
  outer loop
   vertex -4.896561e+01 2.028222e+01 5.300000e+01
   vertex -4.300000e+01 5.265981e-15 6.140000e+01
   vertex -3.040559e+01 3.040559e+01 6.140000e+01
  endloop
 endfacet
 facet normal -8.153091e-01 0.000000e+00 5.790260e-01
  outer loop
   vertex -4.896561e+01 2.028222e+01 5.300000e+01
   vertex -4.896561e+01 -2.028222e+01 5.300000e+01
   vertex -4.300000e+01 5.265981e-15 6.140000e+01
  endloop
 endfacet
 facet normal -4.940573e-01 -2.046452e-01 8.450016e-01
  outer loop
   vertex -4.896561e+01 -2.028222e+01 5.300000e+01
   vertex -3.040559e+01 -3.040559e+01 6.140000e+01
   vertex -4.300000e+01 5.265981e-15 6.140000e+01
  endloop
 endfacet
 facet normal -5.765106e-01 -5.765106e-01 5.790260e-01
  outer loop
   vertex -3.040559e+01 -3.040559e+01 6.140000e+01
   vertex -4.896561e+01 -2.028222e+01 5.300000e+01
   vertex -2.028222e+01 -4.896561e+01 5.300000e+01
  endloop
 endfacet
 facet normal -2.046452e-01 -4.940573e-01 8.450016e-01
  outer loop
   vertex -2.028222e+01 -4.896561e+01 5.300000e+01
   vertex -7.898972e-15 -4.300000e+01 6.140000e+01
   vertex -3.040559e+01 -3.040559e+01 6.140000e+01
  endloop
 endfacet
 facet normal 0.000000e+00 -8.153091e-01 5.790260e-01
  outer loop
   vertex -7.898972e-15 -4.300000e+01 6.140000e+01
   vertex -2.028222e+01 -4.896561e+01 5.300000e+01
   vertex 2.028222e+01 -4.896561e+01 5.300000e+01
  endloop
 endfacet
 facet normal 2.046452e-01 -4.940573e-01 8.450016e-01
  outer loop
   vertex 2.028222e+01 -4.896561e+01 5.300000e+01
   vertex 3.040559e+01 -3.040559e+01 6.140000e+01
   vertex -7.898972e-15 -4.300000e+01 6.140000e+01
  endloop
 endfacet
 facet normal 5.765106e-01 -5.765106e-01 5.790260e-01
  outer loop
   vertex 3.040559e+01 -3.040559e+01 6.140000e+01
   vertex 2.028222e+01 -4.896561e+01 5.300000e+01
   vertex 4.896561e+01 -2.028222e+01 5.300000e+01
  endloop
 endfacet
 facet normal 4.940573e-01 -2.046452e-01 8.450016e-01
  outer loop
   vertex 4.896561e+01 -2.028222e+01 5.300000e+01
   vertex 4.300000e+01 0.000000e+00 6.140000e+01
   vertex 3.040559e+01 -3.040559e+01 6.140000e+01
  endloop
 endfacet
 facet normal 8.153091e-01 0.000000e+00 5.790260e-01
  outer loop
   vertex 4.300000e+01 0.000000e+00 6.140000e+01
   vertex 4.896561e+01 -2.028222e+01 5.300000e+01
   vertex 4.896561e+01 2.028222e+01 5.300000e+01
  endloop
 endfacet
 facet normal 0.000000e+00 0.000000e+00 -1.000000e+00
  outer loop
   vertex 5.126524e+01 5.126524e+01 0.000000e+00
   vertex 4.439345e-15 7.250000e+01 0.000000e+00
   vertex 5.303301e+01 5.303301e+01 0.000000e+00
  endloop
 endfacet
 facet normal 0.000000e+00 0.000000e+00 -1.000000e+00
  outer loop
   vertex 7.250000e+01 0.000000e+00 0.000000e+00
   vertex 5.126524e+01 5.126524e+01 0.000000e+00
   vertex 5.303301e+01 5.303301e+01 0.000000e+00
  endloop
 endfacet
 facet normal 0.000000e+00 0.000000e+00 -1.000000e+00
  outer loop
   vertex 5.303301e+01 5.303301e+01 0.000000e+00
   vertex 7.500000e+01 0.000000e+00 0.000000e+00
   vertex 7.250000e+01 0.000000e+00 0.000000e+00
  endloop
 endfacet
 facet normal -0.000000e+00 0.000000e+00 -1.000000e+00
  outer loop
   vertex 7.500000e+01 0.000000e+00 0.000000e+00
   vertex 5.303301e+01 -5.303301e+01 0.000000e+00
   vertex 7.250000e+01 0.000000e+00 0.000000e+00
  endloop
 endfacet
 facet normal 0.000000e+00 0.000000e+00 -1.000000e+00
  outer loop
   vertex -5.126524e+01 5.126524e+01 0.000000e+00
   vertex 4.592425e-15 7.500000e+01 0.000000e+00
   vertex 4.439345e-15 7.250000e+01 0.000000e+00
  endloop
 endfacet
 facet normal -0.000000e+00 0.000000e+00 -1.000000e+00
  outer loop
   vertex -5.126524e+01 5.126524e+01 0.000000e+00
   vertex -7.250000e+01 8.878689e-15 0.000000e+00
   vertex -5.303301e+01 5.303301e+01 0.000000e+00
  endloop
 endfacet
 facet normal 0.000000e+00 0.000000e+00 -1.000000e+00
  outer loop
   vertex 4.592425e-15 7.500000e+01 0.000000e+00
   vertex -5.126524e+01 5.126524e+01 0.000000e+00
   vertex -5.303301e+01 5.303301e+01 0.000000e+00
  endloop
 endfacet
 facet normal 0.000000e+00 0.000000e+00 -1.000000e+00
  outer loop
   vertex -1.331803e-14 -7.250000e+01 0.000000e+00
   vertex 5.126524e+01 -5.126524e+01 0.000000e+00
   vertex 5.303301e+01 -5.303301e+01 0.000000e+00
  endloop
 endfacet
 facet normal 0.000000e+00 0.000000e+00 -1.000000e+00
  outer loop
   vertex -1.377728e-14 -7.500000e+01 0.000000e+00
   vertex -5.303301e+01 -5.303301e+01 0.000000e+00
   vertex -1.331803e-14 -7.250000e+01 0.000000e+00
  endloop
 endfacet
 facet normal 0.000000e+00 0.000000e+00 -1.000000e+00
  outer loop
   vertex 5.303301e+01 -5.303301e+01 0.000000e+00
   vertex -1.377728e-14 -7.500000e+01 0.000000e+00
   vertex -1.331803e-14 -7.250000e+01 0.000000e+00
  endloop
 endfacet
 facet normal 0.000000e+00 0.000000e+00 -1.000000e+00
  outer loop
   vertex -5.126524e+01 -5.126524e+01 0.000000e+00
   vertex -7.500000e+01 9.184851e-15 0.000000e+00
   vertex -7.250000e+01 8.878689e-15 0.000000e+00
  endloop
 endfacet
 facet normal 0.000000e+00 0.000000e+00 -1.000000e+00
  outer loop
   vertex -7.500000e+01 9.184851e-15 0.000000e+00
   vertex -5.126524e+01 -5.126524e+01 0.000000e+00
   vertex -5.303301e+01 -5.303301e+01 0.000000e+00
  endloop
 endfacet
 facet normal -0.000000e+00 0.000000e+00 1.000000e+00
  outer loop
   vertex -5.376368e+00 -3.814095e+01 6.140000e+01
   vertex -7.898972e-15 -4.300000e+01 6.140000e+01
   vertex -5.103633e+00 -3.793923e+01 6.140000e+01
  endloop
 endfacet
 facet normal 0.000000e+00 0.000000e+00 1.000000e+00
  outer loop
   vertex -4.868911e+00 -3.769433e+01 6.140000e+01
   vertex -5.103633e+00 -3.793923e+01 6.140000e+01
   vertex -7.898972e-15 -4.300000e+01 6.140000e+01
  endloop
 endfacet
 facet normal 0.000000e+00 0.000000e+00 1.000000e+00
  outer loop
   vertex -7.898972e-15 -4.300000e+01 6.140000e+01
   vertex -5.376368e+00 -3.814095e+01 6.140000e+01
   vertex -5.679270e+00 -3.829366e+01 6.140000e+01
  endloop
 endfacet
 facet normal -0.000000e+00 0.000000e+00 1.000000e+00
  outer loop
   vertex -6.003624e+00 -3.839300e+01 6.140000e+01
   vertex -7.898972e-15 -4.300000e+01 6.140000e+01
   vertex -5.679270e+00 -3.829366e+01 6.140000e+01
  endloop
 endfacet
 facet normal 0.000000e+00 0.000000e+00 1.000000e+00
  outer loop
   vertex -7.898972e-15 -4.300000e+01 6.140000e+01
   vertex -4.539227e+00 -3.710417e+01 6.140000e+01
   vertex -4.678954e+00 -3.741328e+01 6.140000e+01
  endloop
 endfacet
 facet normal 0.000000e+00 0.000000e+00 1.000000e+00
  outer loop
   vertex -4.453751e+00 -3.677589e+01 6.140000e+01
   vertex -4.539227e+00 -3.710417e+01 6.140000e+01
   vertex -7.898972e-15 -4.300000e+01 6.140000e+01
  endloop
 endfacet
 facet normal 0.000000e+00 0.000000e+00 1.000000e+00
  outer loop
   vertex -7.898972e-15 -4.300000e+01 6.140000e+01
   vertex -4.678954e+00 -3.741328e+01 6.140000e+01
   vertex -4.868911e+00 -3.769433e+01 6.140000e+01
  endloop
 endfacet
 facet normal -0.000000e+00 0.000000e+00 1.000000e+00
  outer loop
   vertex -4.453751e+00 -3.677589e+01 6.140000e+01
   vertex -7.898972e-15 -4.300000e+01 6.140000e+01
   vertex -4.424983e+00 -3.643789e+01 6.140000e+01
  endloop
 endfacet
 facet normal 0.000000e+00 0.000000e+00 1.000000e+00
  outer loop
   vertex -7.898972e-15 -4.300000e+01 6.140000e+01
   vertex -6.679018e+00 -3.842169e+01 6.140000e+01
   vertex -7.010628e+00 -3.835022e+01 6.140000e+01
  endloop
 endfacet
 facet normal 0.000000e+00 0.000000e+00 1.000000e+00
  outer loop
   vertex -3.040559e+01 -3.040559e+01 6.140000e+01
   vertex -7.898972e-15 -4.300000e+01 6.140000e+01
   vertex -7.325390e+00 -3.822374e+01 6.140000e+01
  endloop
 endfacet
 facet normal 0.000000e+00 0.000000e+00 1.000000e+00
  outer loop
   vertex -7.898972e-15 -4.300000e+01 6.140000e+01
   vertex -7.010628e+00 -3.835022e+01 6.140000e+01
   vertex -7.325390e+00 -3.822374e+01 6.140000e+01
  endloop
 endfacet
 facet normal 0.000000e+00 0.000000e+00 1.000000e+00
  outer loop
   vertex -7.898972e-15 -4.300000e+01 6.140000e+01
   vertex -6.003624e+00 -3.839300e+01 6.140000e+01
   vertex -6.340100e+00 -3.843608e+01 6.140000e+01
  endloop
 endfacet
 facet normal 0.000000e+00 0.000000e+00 1.000000e+00
  outer loop
   vertex -3.040559e+01 -3.040559e+01 6.140000e+01
   vertex -7.868895e+00 -3.782177e+01 6.140000e+01
   vertex -8.082002e+00 -3.755783e+01 6.140000e+01
  endloop
 endfacet
 facet normal 0.000000e+00 0.000000e+00 1.000000e+00
  outer loop
   vertex -6.340100e+00 -3.843608e+01 6.140000e+01
   vertex -6.679018e+00 -3.842169e+01 6.140000e+01
   vertex -7.898972e-15 -4.300000e+01 6.140000e+01
  endloop
 endfacet
 facet normal 0.000000e+00 0.000000e+00 1.000000e+00
  outer loop
   vertex -3.040559e+01 -3.040559e+01 6.140000e+01
   vertex -7.614249e+00 -3.804588e+01 6.140000e+01
   vertex -7.868895e+00 -3.782177e+01 6.140000e+01
  endloop
 endfacet
 facet normal 0.000000e+00 0.000000e+00 1.000000e+00
  outer loop
   vertex -7.614249e+00 -3.804588e+01 6.140000e+01
   vertex -3.040559e+01 -3.040559e+01 6.140000e+01
   vertex -7.325390e+00 -3.822374e+01 6.140000e+01
  endloop
 endfacet
 facet normal -0.000000e+00 -0.000000e+00 1.000000e+00
  outer loop
   vertex -4.424983e+00 -3.643789e+01 6.140000e+01
   vertex -7.898972e-15 -4.300000e+01 6.140000e+01
   vertex -4.453751e+00 -3.609988e+01 6.140000e+01
  endloop
 endfacet
 facet normal -0.000000e+00 0.000000e+00 1.000000e+00
  outer loop
   vertex -4.453751e+00 -3.609988e+01 6.140000e+01
   vertex -7.898972e-15 -4.300000e+01 6.140000e+01
   vertex 1.180374e+01 -2.923592e+01 6.140000e+01
  endloop
 endfacet
 facet normal 0.000000e+00 0.000000e+00 1.000000e+00
  outer loop
   vertex 1.180374e+01 -2.923592e+01 6.140000e+01
   vertex -4.539227e+00 -3.577161e+01 6.140000e+01
   vertex -4.453751e+00 -3.609988e+01 6.140000e+01
  endloop
 endfacet
 facet normal -0.000000e+00 0.000000e+00 1.000000e+00
  outer loop
   vertex -4.678954e+00 -3.546250e+01 6.140000e+01
   vertex -4.539227e+00 -3.577161e+01 6.140000e+01
   vertex 1.180374e+01 -2.923592e+01 6.140000e+01
  endloop
 endfacet
 facet normal -0.000000e+00 0.000000e+00 1.000000e+00
  outer loop
   vertex 1.232641e+01 -2.901942e+01 6.140000e+01
   vertex 3.040559e+01 -3.040559e+01 6.140000e+01
   vertex 2.901942e+01 -1.232641e+01 6.140000e+01
  endloop
 endfacet
 facet normal 0.000000e+00 0.000000e+00 1.000000e+00
  outer loop
   vertex 4.300000e+01 0.000000e+00 6.140000e+01
   vertex 2.923592e+01 -1.180374e+01 6.140000e+01
   vertex 2.901942e+01 -1.232641e+01 6.140000e+01
  endloop
 endfacet
 facet normal 0.000000e+00 0.000000e+00 1.000000e+00
  outer loop
   vertex 4.300000e+01 0.000000e+00 6.140000e+01
   vertex 2.901942e+01 -1.232641e+01 6.140000e+01
   vertex 3.040559e+01 -3.040559e+01 6.140000e+01
  endloop
 endfacet
 facet normal -0.000000e+00 0.000000e+00 1.000000e+00
  outer loop
   vertex 1.180374e+01 -2.923592e+01 6.140000e+01
   vertex 3.040559e+01 -3.040559e+01 6.140000e+01
   vertex 1.232641e+01 -2.901942e+01 6.140000e+01
  endloop
 endfacet
 facet normal 0.000000e+00 0.000000e+00 1.000000e+00
  outer loop
   vertex 1.180374e+01 -2.923592e+01 6.140000e+01
   vertex -7.898972e-15 -4.300000e+01 6.140000e+01
   vertex 3.040559e+01 -3.040559e+01 6.140000e+01
  endloop
 endfacet
 facet normal 0.000000e+00 0.000000e+00 1.000000e+00
  outer loop
   vertex 1.180374e+01 -2.923592e+01 6.140000e+01
   vertex -1.180374e+01 -2.923592e+01 6.140000e+01
   vertex -5.679270e+00 -3.458211e+01 6.140000e+01
  endloop
 endfacet
 facet normal 0.000000e+00 0.000000e+00 1.000000e+00
  outer loop
   vertex 1.180374e+01 -2.923592e+01 6.140000e+01
   vertex -4.868911e+00 -3.518145e+01 6.140000e+01
   vertex -4.678954e+00 -3.546250e+01 6.140000e+01
  endloop
 endfacet
 facet normal 0.000000e+00 0.000000e+00 1.000000e+00
  outer loop
   vertex -6.679018e+00 -3.445409e+01 6.140000e+01
   vertex -1.180374e+01 -2.923592e+01 6.140000e+01
   vertex -7.010628e+00 -3.452555e+01 6.140000e+01
  endloop
 endfacet
 facet normal 0.000000e+00 0.000000e+00 1.000000e+00
  outer loop
   vertex 1.180374e+01 -2.923592e+01 6.140000e+01
   vertex -5.376368e+00 -3.473483e+01 6.140000e+01
   vertex -5.103633e+00 -3.493654e+01 6.140000e+01
  endloop
 endfacet
 facet normal 0.000000e+00 0.000000e+00 1.000000e+00
  outer loop
   vertex -5.679270e+00 -3.458211e+01 6.140000e+01
   vertex -1.180374e+01 -2.923592e+01 6.140000e+01
   vertex -6.003624e+00 -3.448278e+01 6.140000e+01
  endloop
 endfacet
 facet normal 0.000000e+00 0.000000e+00 1.000000e+00
  outer loop
   vertex -6.003624e+00 -3.448278e+01 6.140000e+01
   vertex -1.180374e+01 -2.923592e+01 6.140000e+01
   vertex -6.340100e+00 -3.443969e+01 6.140000e+01
  endloop
 endfacet
 facet normal -0.000000e+00 0.000000e+00 1.000000e+00
  outer loop
   vertex -5.679270e+00 -3.458211e+01 6.140000e+01
   vertex -5.376368e+00 -3.473483e+01 6.140000e+01
   vertex 1.180374e+01 -2.923592e+01 6.140000e+01
  endloop
 endfacet
 facet normal -0.000000e+00 0.000000e+00 1.000000e+00
  outer loop
   vertex -5.103633e+00 -3.493654e+01 6.140000e+01
   vertex -4.868911e+00 -3.518145e+01 6.140000e+01
   vertex 1.180374e+01 -2.923592e+01 6.140000e+01
  endloop
 endfacet
 facet normal 0.000000e+00 0.000000e+00 1.000000e+00
  outer loop
   vertex -6.340100e+00 -3.443969e+01 6.140000e+01
   vertex -1.180374e+01 -2.923592e+01 6.140000e+01
   vertex -6.679018e+00 -3.445409e+01 6.140000e+01
  endloop
 endfacet
 facet normal 0.000000e+00 0.000000e+00 1.000000e+00
  outer loop
   vertex -3.040559e+01 -3.040559e+01 6.140000e+01
   vertex -8.247439e+00 -3.726169e+01 6.140000e+01
   vertex -8.360449e+00 -3.694184e+01 6.140000e+01
  endloop
 endfacet
 facet normal 0.000000e+00 0.000000e+00 1.000000e+00
  outer loop
   vertex -1.232641e+01 -2.901942e+01 6.140000e+01
   vertex -8.417778e+00 -3.660750e+01 6.140000e+01
   vertex -8.417778e+00 -3.626828e+01 6.140000e+01
  endloop
 endfacet
 facet normal 0.000000e+00 0.000000e+00 1.000000e+00
  outer loop
   vertex -3.040559e+01 -3.040559e+01 6.140000e+01
   vertex -8.360449e+00 -3.694184e+01 6.140000e+01
   vertex -8.417778e+00 -3.660750e+01 6.140000e+01
  endloop
 endfacet
 facet normal 0.000000e+00 0.000000e+00 1.000000e+00
  outer loop
   vertex -1.180374e+01 -2.923592e+01 6.140000e+01
   vertex -7.614249e+00 -3.482989e+01 6.140000e+01
   vertex -7.325390e+00 -3.465203e+01 6.140000e+01
  endloop
 endfacet
 facet normal 0.000000e+00 0.000000e+00 1.000000e+00
  outer loop
   vertex -1.180374e+01 -2.923592e+01 6.140000e+01
   vertex -8.082002e+00 -3.531794e+01 6.140000e+01
   vertex -7.868895e+00 -3.505401e+01 6.140000e+01
  endloop
 endfacet
 facet normal 0.000000e+00 -0.000000e+00 1.000000e+00
  outer loop
   vertex -7.868895e+00 -3.505401e+01 6.140000e+01
   vertex -7.614249e+00 -3.482989e+01 6.140000e+01
   vertex -1.180374e+01 -2.923592e+01 6.140000e+01
  endloop
 endfacet
 facet normal 0.000000e+00 0.000000e+00 1.000000e+00
  outer loop
   vertex -1.180374e+01 -2.923592e+01 6.140000e+01
   vertex -8.360449e+00 -3.593393e+01 6.140000e+01
   vertex -8.247439e+00 -3.561409e+01 6.140000e+01
  endloop
 endfacet
 facet normal 0.000000e+00 0.000000e+00 1.000000e+00
  outer loop
   vertex -1.180374e+01 -2.923592e+01 6.140000e+01
   vertex -1.232641e+01 -2.901942e+01 6.140000e+01
   vertex -8.360449e+00 -3.593393e+01 6.140000e+01
  endloop
 endfacet
 facet normal 0.000000e+00 0.000000e+00 1.000000e+00
  outer loop
   vertex -8.417778e+00 -3.660750e+01 6.140000e+01
   vertex -1.232641e+01 -2.901942e+01 6.140000e+01
   vertex -3.040559e+01 -3.040559e+01 6.140000e+01
  endloop
 endfacet
 facet normal 0.000000e+00 -0.000000e+00 1.000000e+00
  outer loop
   vertex -8.247439e+00 -3.561409e+01 6.140000e+01
   vertex -8.082002e+00 -3.531794e+01 6.140000e+01
   vertex -1.180374e+01 -2.923592e+01 6.140000e+01
  endloop
 endfacet
 facet normal 0.000000e+00 0.000000e+00 1.000000e+00
  outer loop
   vertex -8.360449e+00 -3.593393e+01 6.140000e+01
   vertex -1.232641e+01 -2.901942e+01 6.140000e+01
   vertex -8.417778e+00 -3.626828e+01 6.140000e+01
  endloop
 endfacet
 facet normal 0.000000e+00 0.000000e+00 1.000000e+00
  outer loop
   vertex -2.901942e+01 -1.232641e+01 6.140000e+01
   vertex -2.923592e+01 -1.180374e+01 6.140000e+01
   vertex -3.040559e+01 -3.040559e+01 6.140000e+01
  endloop
 endfacet
 facet normal -0.000000e+00 0.000000e+00 1.000000e+00
  outer loop
   vertex -4.300000e+01 5.265981e-15 6.140000e+01
   vertex -2.923592e+01 -1.180374e+01 6.140000e+01
   vertex -2.923592e+01 1.180374e+01 6.140000e+01
  endloop
 endfacet
 facet normal 0.000000e+00 0.000000e+00 1.000000e+00
  outer loop
   vertex -3.016610e+01 2.295934e+01 6.140000e+01
   vertex -4.300000e+01 5.265981e-15 6.140000e+01
   vertex -2.923592e+01 1.180374e+01 6.140000e+01
  endloop
 endfacet
 facet normal 0.000000e+00 0.000000e+00 1.000000e+00
  outer loop
   vertex -2.923592e+01 -1.180374e+01 6.140000e+01
   vertex -4.300000e+01 5.265981e-15 6.140000e+01
   vertex -3.040559e+01 -3.040559e+01 6.140000e+01
  endloop
 endfacet
 facet normal 0.000000e+00 0.000000e+00 1.000000e+00
  outer loop
   vertex -1.232641e+01 -2.901942e+01 6.140000e+01
   vertex -2.901942e+01 -1.232641e+01 6.140000e+01
   vertex -3.040559e+01 -3.040559e+01 6.140000e+01
  endloop
 endfacet
 facet normal 0.000000e+00 0.000000e+00 1.000000e+00
  outer loop
   vertex -1.180374e+01 -2.923592e+01 6.140000e+01
   vertex -7.325390e+00 -3.465203e+01 6.140000e+01
   vertex -7.010628e+00 -3.452555e+01 6.140000e+01
  endloop
 endfacet
 facet normal 0.000000e+00 0.000000e+00 1.000000e+00
  outer loop
   vertex -8.082002e+00 -3.755783e+01 6.140000e+01
   vertex -8.247439e+00 -3.726169e+01 6.140000e+01
   vertex -3.040559e+01 -3.040559e+01 6.140000e+01
  endloop
 endfacet
 facet normal -0.000000e+00 0.000000e+00 1.000000e+00
  outer loop
   vertex -2.825876e+01 2.178494e+01 6.140000e+01
   vertex -2.901942e+01 1.232641e+01 6.140000e+01
   vertex -2.792229e+01 2.182803e+01 6.140000e+01
  endloop
 endfacet
 facet normal 0.000000e+00 0.000000e+00 1.000000e+00
  outer loop
   vertex -2.759793e+01 2.192736e+01 6.140000e+01
   vertex -2.792229e+01 2.182803e+01 6.140000e+01
   vertex -2.901942e+01 1.232641e+01 6.140000e+01
  endloop
 endfacet
 facet normal 0.000000e+00 0.000000e+00 1.000000e+00
  outer loop
   vertex -2.901942e+01 1.232641e+01 6.140000e+01
   vertex -2.825876e+01 2.178494e+01 6.140000e+01
   vertex -2.859768e+01 2.179934e+01 6.140000e+01
  endloop
 endfacet
 facet normal 0.000000e+00 0.000000e+00 1.000000e+00
  outer loop
   vertex -2.892929e+01 2.187081e+01 6.140000e+01
   vertex -2.901942e+01 1.232641e+01 6.140000e+01
   vertex -2.859768e+01 2.179934e+01 6.140000e+01
  endloop
 endfacet
 facet normal 0.000000e+00 0.000000e+00 1.000000e+00
  outer loop
   vertex -2.901942e+01 1.232641e+01 6.140000e+01
   vertex -2.678757e+01 2.252670e+01 6.140000e+01
   vertex -2.702229e+01 2.228180e+01 6.140000e+01
  endloop
 endfacet
 facet normal 0.000000e+00 0.000000e+00 1.000000e+00
  outer loop
   vertex -2.901942e+01 1.232641e+01 6.140000e+01
   vertex -2.729503e+01 2.208008e+01 6.140000e+01
   vertex -2.759793e+01 2.192736e+01 6.140000e+01
  endloop
 endfacet
 facet normal 0.000000e+00 0.000000e+00 1.000000e+00
  outer loop
   vertex -2.901942e+01 1.232641e+01 6.140000e+01
   vertex -2.702229e+01 2.228180e+01 6.140000e+01
   vertex -2.729503e+01 2.208008e+01 6.140000e+01
  endloop
 endfacet
 facet normal 0.000000e+00 -0.000000e+00 1.000000e+00
  outer loop
   vertex -2.901942e+01 1.232641e+01 6.140000e+01
   vertex -2.892929e+01 2.187081e+01 6.140000e+01
   vertex -2.924405e+01 2.199729e+01 6.140000e+01
  endloop
 endfacet
 facet normal 0.000000e+00 0.000000e+00 1.000000e+00
  outer loop
   vertex -2.901942e+01 1.232641e+01 6.140000e+01
   vertex -2.953291e+01 2.217515e+01 6.140000e+01
   vertex -2.978756e+01 2.239926e+01 6.140000e+01
  endloop
 endfacet
 facet normal 0.000000e+00 0.000000e+00 1.000000e+00
  outer loop
   vertex -2.901942e+01 1.232641e+01 6.140000e+01
   vertex -2.924405e+01 2.199729e+01 6.140000e+01
   vertex -2.953291e+01 2.217515e+01 6.140000e+01
  endloop
 endfacet
 facet normal 0.000000e+00 0.000000e+00 1.000000e+00
  outer loop
   vertex -3.000066e+01 2.266319e+01 6.140000e+01
   vertex -3.016610e+01 2.295934e+01 6.140000e+01
   vertex -2.923592e+01 1.180374e+01 6.140000e+01
  endloop
 endfacet
 facet normal 0.000000e+00 0.000000e+00 1.000000e+00
  outer loop
   vertex -4.300000e+01 5.265981e-15 6.140000e+01
   vertex -3.033644e+01 2.361353e+01 6.140000e+01
   vertex -3.033644e+01 2.395275e+01 6.140000e+01
  endloop
 endfacet
 facet normal 0.000000e+00 0.000000e+00 1.000000e+00
  outer loop
   vertex -3.027911e+01 2.327919e+01 6.140000e+01
   vertex -3.033644e+01 2.361353e+01 6.140000e+01
   vertex -4.300000e+01 5.265981e-15 6.140000e+01
  endloop
 endfacet
 facet normal 0.000000e+00 0.000000e+00 1.000000e+00
  outer loop
   vertex -3.016610e+01 2.295934e+01 6.140000e+01
   vertex -3.027911e+01 2.327919e+01 6.140000e+01
   vertex -4.300000e+01 5.265981e-15 6.140000e+01
  endloop
 endfacet
 facet normal 0.000000e+00 0.000000e+00 1.000000e+00
  outer loop
   vertex -2.901942e+01 1.232641e+01 6.140000e+01
   vertex -2.978756e+01 2.239926e+01 6.140000e+01
   vertex -3.000066e+01 2.266319e+01 6.140000e+01
  endloop
 endfacet
 facet normal 0.000000e+00 -0.000000e+00 1.000000e+00
  outer loop
   vertex -2.923592e+01 1.180374e+01 6.140000e+01
   vertex -2.901942e+01 1.232641e+01 6.140000e+01
   vertex -3.000066e+01 2.266319e+01 6.140000e+01
  endloop
 endfacet
 facet normal 0.000000e+00 0.000000e+00 1.000000e+00
  outer loop
   vertex -2.901942e+01 1.232641e+01 6.140000e+01
   vertex -2.659762e+01 2.280775e+01 6.140000e+01
   vertex -2.678757e+01 2.252670e+01 6.140000e+01
  endloop
 endfacet
 facet normal 0.000000e+00 0.000000e+00 1.000000e+00
  outer loop
   vertex -3.040559e+01 3.040559e+01 6.140000e+01
   vertex -4.300000e+01 5.265981e-15 6.140000e+01
   vertex -3.033644e+01 2.395275e+01 6.140000e+01
  endloop
 endfacet
 facet normal -0.000000e+00 0.000000e+00 1.000000e+00
  outer loop
   vertex 3.518999e+01 1.069963e+01 6.140000e+01
   vertex 4.300000e+01 0.000000e+00 6.140000e+01
   vertex 3.551434e+01 1.079897e+01 6.140000e+01
  endloop
 endfacet
 facet normal 0.000000e+00 0.000000e+00 1.000000e+00
  outer loop
   vertex 3.581724e+01 1.095169e+01 6.140000e+01
   vertex 3.551434e+01 1.079897e+01 6.140000e+01
   vertex 4.300000e+01 0.000000e+00 6.140000e+01
  endloop
 endfacet
 facet normal 0.000000e+00 0.000000e+00 1.000000e+00
  outer loop
   vertex 4.300000e+01 0.000000e+00 6.140000e+01
   vertex 3.518999e+01 1.069963e+01 6.140000e+01
   vertex 3.485351e+01 1.065655e+01 6.140000e+01
  endloop
 endfacet
 facet normal 0.000000e+00 0.000000e+00 1.000000e+00
  outer loop
   vertex 3.451459e+01 1.067094e+01 6.140000e+01
   vertex 4.300000e+01 0.000000e+00 6.140000e+01
   vertex 3.485351e+01 1.065655e+01 6.140000e+01
  endloop
 endfacet
 facet normal 0.000000e+00 0.000000e+00 1.000000e+00
  outer loop
   vertex 4.300000e+01 0.000000e+00 6.140000e+01
   vertex 3.651466e+01 1.167936e+01 6.140000e+01
   vertex 3.632470e+01 1.139830e+01 6.140000e+01
  endloop
 endfacet
 facet normal 0.000000e+00 0.000000e+00 1.000000e+00
  outer loop
   vertex 4.300000e+01 0.000000e+00 6.140000e+01
   vertex 3.608998e+01 1.115340e+01 6.140000e+01
   vertex 3.581724e+01 1.095169e+01 6.140000e+01
  endloop
 endfacet
 facet normal 0.000000e+00 0.000000e+00 1.000000e+00
  outer loop
   vertex 4.300000e+01 0.000000e+00 6.140000e+01
   vertex 3.632470e+01 1.139830e+01 6.140000e+01
   vertex 3.608998e+01 1.115340e+01 6.140000e+01
  endloop
 endfacet
 facet normal -0.000000e+00 0.000000e+00 1.000000e+00
  outer loop
   vertex 3.651466e+01 1.167936e+01 6.140000e+01
   vertex 4.300000e+01 0.000000e+00 6.140000e+01
   vertex 3.665438e+01 1.198847e+01 6.140000e+01
  endloop
 endfacet
 facet normal 0.000000e+00 0.000000e+00 1.000000e+00
  outer loop
   vertex 4.300000e+01 0.000000e+00 6.140000e+01
   vertex 3.451459e+01 1.067094e+01 6.140000e+01
   vertex 3.418298e+01 1.074241e+01 6.140000e+01
  endloop
 endfacet
 facet normal 0.000000e+00 0.000000e+00 1.000000e+00
  outer loop
   vertex 2.923592e+01 1.180374e+01 6.140000e+01
   vertex 2.923592e+01 -1.180374e+01 6.140000e+01
   vertex 3.386822e+01 1.086889e+01 6.140000e+01
  endloop
 endfacet
 facet normal 0.000000e+00 0.000000e+00 1.000000e+00
  outer loop
   vertex 3.418298e+01 1.074241e+01 6.140000e+01
   vertex 3.386822e+01 1.086889e+01 6.140000e+01
   vertex 2.923592e+01 -1.180374e+01 6.140000e+01
  endloop
 endfacet
 facet normal 0.000000e+00 0.000000e+00 1.000000e+00
  outer loop
   vertex 2.923592e+01 1.180374e+01 6.140000e+01
   vertex 3.332471e+01 1.127087e+01 6.140000e+01
   vertex 3.311161e+01 1.153480e+01 6.140000e+01
  endloop
 endfacet
 facet normal 0.000000e+00 0.000000e+00 1.000000e+00
  outer loop
   vertex 2.923592e+01 1.180374e+01 6.140000e+01
   vertex 3.283316e+01 1.215079e+01 6.140000e+01
   vertex 3.277583e+01 1.248513e+01 6.140000e+01
  endloop
 endfacet
 facet normal 0.000000e+00 0.000000e+00 1.000000e+00
  outer loop
   vertex 2.923592e+01 1.180374e+01 6.140000e+01
   vertex 3.294617e+01 1.183094e+01 6.140000e+01
   vertex 3.283316e+01 1.215079e+01 6.140000e+01
  endloop
 endfacet
 facet normal -0.000000e+00 0.000000e+00 1.000000e+00
  outer loop
   vertex 2.923592e+01 1.180374e+01 6.140000e+01
   vertex 3.311161e+01 1.153480e+01 6.140000e+01
   vertex 3.294617e+01 1.183094e+01 6.140000e+01
  endloop
 endfacet
 facet normal 0.000000e+00 0.000000e+00 1.000000e+00
  outer loop
   vertex 3.357936e+01 1.104675e+01 6.140000e+01
   vertex 2.923592e+01 1.180374e+01 6.140000e+01
   vertex 3.386822e+01 1.086889e+01 6.140000e+01
  endloop
 endfacet
 facet normal 0.000000e+00 0.000000e+00 1.000000e+00
  outer loop
   vertex 3.332471e+01 1.127087e+01 6.140000e+01
   vertex 2.923592e+01 1.180374e+01 6.140000e+01
   vertex 3.357936e+01 1.104675e+01 6.140000e+01
  endloop
 endfacet
 facet normal 0.000000e+00 0.000000e+00 1.000000e+00
  outer loop
   vertex 4.300000e+01 0.000000e+00 6.140000e+01
   vertex 3.673986e+01 1.231674e+01 6.140000e+01
   vertex 3.665438e+01 1.198847e+01 6.140000e+01
  endloop
 endfacet
 facet normal 0.000000e+00 0.000000e+00 1.000000e+00
  outer loop
   vertex 4.300000e+01 0.000000e+00 6.140000e+01
   vertex 3.673986e+01 1.299275e+01 6.140000e+01
   vertex 3.676863e+01 1.265475e+01 6.140000e+01
  endloop
 endfacet
 facet normal 0.000000e+00 0.000000e+00 1.000000e+00
  outer loop
   vertex 3.676863e+01 1.265475e+01 6.140000e+01
   vertex 3.673986e+01 1.231674e+01 6.140000e+01
   vertex 4.300000e+01 0.000000e+00 6.140000e+01
  endloop
 endfacet
 facet normal 0.000000e+00 0.000000e+00 1.000000e+00
  outer loop
   vertex 3.665438e+01 1.332102e+01 6.140000e+01
   vertex 3.040559e+01 3.040559e+01 6.140000e+01
   vertex 3.651466e+01 1.363014e+01 6.140000e+01
  endloop
 endfacet
 facet normal 0.000000e+00 0.000000e+00 1.000000e+00
  outer loop
   vertex 3.040559e+01 3.040559e+01 6.140000e+01
   vertex 3.608998e+01 1.415609e+01 6.140000e+01
   vertex 3.632470e+01 1.391119e+01 6.140000e+01
  endloop
 endfacet
 facet normal -0.000000e+00 -0.000000e+00 1.000000e+00
  outer loop
   vertex 3.632470e+01 1.391119e+01 6.140000e+01
   vertex 3.651466e+01 1.363014e+01 6.140000e+01
   vertex 3.040559e+01 3.040559e+01 6.140000e+01
  endloop
 endfacet
 facet normal 0.000000e+00 0.000000e+00 1.000000e+00
  outer loop
   vertex 3.665438e+01 1.332102e+01 6.140000e+01
   vertex 3.673986e+01 1.299275e+01 6.140000e+01
   vertex 4.300000e+01 0.000000e+00 6.140000e+01
  endloop
 endfacet
 facet normal 0.000000e+00 0.000000e+00 1.000000e+00
  outer loop
   vertex 3.040559e+01 3.040559e+01 6.140000e+01
   vertex 3.386822e+01 1.444060e+01 6.140000e+01
   vertex 3.418298e+01 1.456708e+01 6.140000e+01
  endloop
 endfacet
 facet normal 0.000000e+00 0.000000e+00 1.000000e+00
  outer loop
   vertex 2.901942e+01 1.232641e+01 6.140000e+01
   vertex 3.332471e+01 1.403862e+01 6.140000e+01
   vertex 3.357936e+01 1.426274e+01 6.140000e+01
  endloop
 endfacet
 facet normal 0.000000e+00 -0.000000e+00 1.000000e+00
  outer loop
   vertex 3.357936e+01 1.426274e+01 6.140000e+01
   vertex 3.386822e+01 1.444060e+01 6.140000e+01
   vertex 3.040559e+01 3.040559e+01 6.140000e+01
  endloop
 endfacet
 facet normal 0.000000e+00 0.000000e+00 1.000000e+00
  outer loop
   vertex 3.040559e+01 3.040559e+01 6.140000e+01
   vertex 3.551434e+01 1.451052e+01 6.140000e+01
   vertex 3.581724e+01 1.435780e+01 6.140000e+01
  endloop
 endfacet
 facet normal 0.000000e+00 0.000000e+00 1.000000e+00
  outer loop
   vertex 3.040559e+01 3.040559e+01 6.140000e+01
   vertex 3.485351e+01 1.465294e+01 6.140000e+01
   vertex 3.518999e+01 1.460986e+01 6.140000e+01
  endloop
 endfacet
 facet normal 0.000000e+00 0.000000e+00 1.000000e+00
  outer loop
   vertex 3.040559e+01 3.040559e+01 6.140000e+01
   vertex 3.451459e+01 1.463855e+01 6.140000e+01
   vertex 3.485351e+01 1.465294e+01 6.140000e+01
  endloop
 endfacet
 facet normal -0.000000e+00 -0.000000e+00 1.000000e+00
  outer loop
   vertex 3.518999e+01 1.460986e+01 6.140000e+01
   vertex 3.551434e+01 1.451052e+01 6.140000e+01
   vertex 3.040559e+01 3.040559e+01 6.140000e+01
  endloop
 endfacet
 facet normal 0.000000e+00 0.000000e+00 1.000000e+00
  outer loop
   vertex 3.040559e+01 3.040559e+01 6.140000e+01
   vertex 3.418298e+01 1.456708e+01 6.140000e+01
   vertex 3.451459e+01 1.463855e+01 6.140000e+01
  endloop
 endfacet
 facet normal -0.000000e+00 -0.000000e+00 1.000000e+00
  outer loop
   vertex 3.581724e+01 1.435780e+01 6.140000e+01
   vertex 3.608998e+01 1.415609e+01 6.140000e+01
   vertex 3.040559e+01 3.040559e+01 6.140000e+01
  endloop
 endfacet
 facet normal 0.000000e+00 0.000000e+00 1.000000e+00
  outer loop
   vertex 3.040559e+01 3.040559e+01 6.140000e+01
   vertex 3.665438e+01 1.332102e+01 6.140000e+01
   vertex 4.300000e+01 0.000000e+00 6.140000e+01
  endloop
 endfacet
 facet normal 0.000000e+00 0.000000e+00 1.000000e+00
  outer loop
   vertex -1.232641e+01 2.901942e+01 6.140000e+01
   vertex -2.645789e+01 2.311686e+01 6.140000e+01
   vertex -2.659762e+01 2.280775e+01 6.140000e+01
  endloop
 endfacet
 facet normal 0.000000e+00 0.000000e+00 1.000000e+00
  outer loop
   vertex -1.232641e+01 2.901942e+01 6.140000e+01
   vertex -2.634365e+01 2.378314e+01 6.140000e+01
   vertex -2.637241e+01 2.344514e+01 6.140000e+01
  endloop
 endfacet
 facet normal -0.000000e+00 0.000000e+00 1.000000e+00
  outer loop
   vertex -2.637241e+01 2.344514e+01 6.140000e+01
   vertex -2.645789e+01 2.311686e+01 6.140000e+01
   vertex -1.232641e+01 2.901942e+01 6.140000e+01
  endloop
 endfacet
 facet normal 0.000000e+00 0.000000e+00 1.000000e+00
  outer loop
   vertex -1.232641e+01 2.901942e+01 6.140000e+01
   vertex -2.645789e+01 2.444942e+01 6.140000e+01
   vertex -2.637241e+01 2.412114e+01 6.140000e+01
  endloop
 endfacet
 facet normal 0.000000e+00 0.000000e+00 1.000000e+00
  outer loop
   vertex -1.232641e+01 2.901942e+01 6.140000e+01
   vertex -2.678757e+01 2.503958e+01 6.140000e+01
   vertex -2.659762e+01 2.475853e+01 6.140000e+01
  endloop
 endfacet
 facet normal -0.000000e+00 0.000000e+00 1.000000e+00
  outer loop
   vertex -2.659762e+01 2.475853e+01 6.140000e+01
   vertex -2.645789e+01 2.444942e+01 6.140000e+01
   vertex -1.232641e+01 2.901942e+01 6.140000e+01
  endloop
 endfacet
 facet normal -0.000000e+00 0.000000e+00 1.000000e+00
  outer loop
   vertex -2.637241e+01 2.412114e+01 6.140000e+01
   vertex -2.634365e+01 2.378314e+01 6.140000e+01
   vertex -1.232641e+01 2.901942e+01 6.140000e+01
  endloop
 endfacet
 facet normal 0.000000e+00 0.000000e+00 1.000000e+00
  outer loop
   vertex -3.040559e+01 3.040559e+01 6.140000e+01
   vertex -3.000066e+01 2.490309e+01 6.140000e+01
   vertex -2.978756e+01 2.516702e+01 6.140000e+01
  endloop
 endfacet
 facet normal 0.000000e+00 0.000000e+00 1.000000e+00
  outer loop
   vertex -3.040559e+01 3.040559e+01 6.140000e+01
   vertex -3.027911e+01 2.428710e+01 6.140000e+01
   vertex -3.016610e+01 2.460694e+01 6.140000e+01
  endloop
 endfacet
 facet normal 0.000000e+00 -0.000000e+00 1.000000e+00
  outer loop
   vertex -3.016610e+01 2.460694e+01 6.140000e+01
   vertex -3.000066e+01 2.490309e+01 6.140000e+01
   vertex -3.040559e+01 3.040559e+01 6.140000e+01
  endloop
 endfacet
 facet normal 0.000000e+00 0.000000e+00 1.000000e+00
  outer loop
   vertex -3.040559e+01 3.040559e+01 6.140000e+01
   vertex -2.859768e+01 2.576694e+01 6.140000e+01
   vertex -2.825876e+01 2.578134e+01 6.140000e+01
  endloop
 endfacet
 facet normal 0.000000e+00 0.000000e+00 1.000000e+00
  outer loop
   vertex -3.040559e+01 3.040559e+01 6.140000e+01
   vertex -2.924405e+01 2.556899e+01 6.140000e+01
   vertex -2.892929e+01 2.569547e+01 6.140000e+01
  endloop
 endfacet
 facet normal 0.000000e+00 0.000000e+00 1.000000e+00
  outer loop
   vertex -3.040559e+01 3.040559e+01 6.140000e+01
   vertex -2.953291e+01 2.539114e+01 6.140000e+01
   vertex -2.924405e+01 2.556899e+01 6.140000e+01
  endloop
 endfacet
 facet normal 0.000000e+00 -0.000000e+00 1.000000e+00
  outer loop
   vertex -2.892929e+01 2.569547e+01 6.140000e+01
   vertex -2.859768e+01 2.576694e+01 6.140000e+01
   vertex -3.040559e+01 3.040559e+01 6.140000e+01
  endloop
 endfacet
 facet normal 0.000000e+00 0.000000e+00 1.000000e+00
  outer loop
   vertex -3.040559e+01 3.040559e+01 6.140000e+01
   vertex -2.978756e+01 2.516702e+01 6.140000e+01
   vertex -2.953291e+01 2.539114e+01 6.140000e+01
  endloop
 endfacet
 facet normal 0.000000e+00 0.000000e+00 1.000000e+00
  outer loop
   vertex 2.901942e+01 1.232641e+01 6.140000e+01
   vertex 3.277583e+01 1.282436e+01 6.140000e+01
   vertex 3.283316e+01 1.315870e+01 6.140000e+01
  endloop
 endfacet
 facet normal 0.000000e+00 0.000000e+00 1.000000e+00
  outer loop
   vertex 3.277583e+01 1.282436e+01 6.140000e+01
   vertex 2.901942e+01 1.232641e+01 6.140000e+01
   vertex 2.923592e+01 1.180374e+01 6.140000e+01
  endloop
 endfacet
 facet normal 0.000000e+00 0.000000e+00 1.000000e+00
  outer loop
   vertex 2.901942e+01 1.232641e+01 6.140000e+01
   vertex 3.283316e+01 1.315870e+01 6.140000e+01
   vertex 3.294617e+01 1.347855e+01 6.140000e+01
  endloop
 endfacet
 facet normal 0.000000e+00 -0.000000e+00 1.000000e+00
  outer loop
   vertex 3.277583e+01 1.248513e+01 6.140000e+01
   vertex 3.277583e+01 1.282436e+01 6.140000e+01
   vertex 2.923592e+01 1.180374e+01 6.140000e+01
  endloop
 endfacet
 facet normal 0.000000e+00 0.000000e+00 1.000000e+00
  outer loop
   vertex 3.332471e+01 1.403862e+01 6.140000e+01
   vertex 2.901942e+01 1.232641e+01 6.140000e+01
   vertex 3.311161e+01 1.377469e+01 6.140000e+01
  endloop
 endfacet
 facet normal 0.000000e+00 0.000000e+00 1.000000e+00
  outer loop
   vertex 2.632991e-15 4.300000e+01 6.140000e+01
   vertex 1.232641e+01 2.901942e+01 6.140000e+01
   vertex 3.040559e+01 3.040559e+01 6.140000e+01
  endloop
 endfacet
 facet normal 0.000000e+00 0.000000e+00 1.000000e+00
  outer loop
   vertex 3.040559e+01 3.040559e+01 6.140000e+01
   vertex 1.232641e+01 2.901942e+01 6.140000e+01
   vertex 2.901942e+01 1.232641e+01 6.140000e+01
  endloop
 endfacet
 facet normal 0.000000e+00 0.000000e+00 1.000000e+00
  outer loop
   vertex 2.901942e+01 1.232641e+01 6.140000e+01
   vertex 3.357936e+01 1.426274e+01 6.140000e+01
   vertex 3.040559e+01 3.040559e+01 6.140000e+01
  endloop
 endfacet
 facet normal 0.000000e+00 -0.000000e+00 1.000000e+00
  outer loop
   vertex 3.294617e+01 1.347855e+01 6.140000e+01
   vertex 3.311161e+01 1.377469e+01 6.140000e+01
   vertex 2.901942e+01 1.232641e+01 6.140000e+01
  endloop
 endfacet
 facet normal 0.000000e+00 0.000000e+00 1.000000e+00
  outer loop
   vertex -3.040559e+01 3.040559e+01 6.140000e+01
   vertex -2.729503e+01 2.548620e+01 6.140000e+01
   vertex -2.702229e+01 2.528449e+01 6.140000e+01
  endloop
 endfacet
 facet normal 0.000000e+00 0.000000e+00 1.000000e+00
  outer loop
   vertex -3.040559e+01 3.040559e+01 6.140000e+01
   vertex -2.792229e+01 2.573825e+01 6.140000e+01
   vertex -2.759793e+01 2.563892e+01 6.140000e+01
  endloop
 endfacet
 facet normal -0.000000e+00 -0.000000e+00 1.000000e+00
  outer loop
   vertex -2.759793e+01 2.563892e+01 6.140000e+01
   vertex -2.729503e+01 2.548620e+01 6.140000e+01
   vertex -3.040559e+01 3.040559e+01 6.140000e+01
  endloop
 endfacet
 facet normal 0.000000e+00 0.000000e+00 1.000000e+00
  outer loop
   vertex -1.180374e+01 2.923592e+01 6.140000e+01
   vertex 1.180374e+01 2.923592e+01 6.140000e+01
   vertex 2.632991e-15 4.300000e+01 6.140000e+01
  endloop
 endfacet
 facet normal 0.000000e+00 0.000000e+00 1.000000e+00
  outer loop
   vertex 1.232641e+01 2.901942e+01 6.140000e+01
   vertex 2.632991e-15 4.300000e+01 6.140000e+01
   vertex 1.180374e+01 2.923592e+01 6.140000e+01
  endloop
 endfacet
 facet normal 0.000000e+00 0.000000e+00 1.000000e+00
  outer loop
   vertex 2.632991e-15 4.300000e+01 6.140000e+01
   vertex -1.232641e+01 2.901942e+01 6.140000e+01
   vertex -1.180374e+01 2.923592e+01 6.140000e+01
  endloop
 endfacet
 facet normal 0.000000e+00 -0.000000e+00 1.000000e+00
  outer loop
   vertex -2.702229e+01 2.528449e+01 6.140000e+01
   vertex -1.232641e+01 2.901942e+01 6.140000e+01
   vertex -3.040559e+01 3.040559e+01 6.140000e+01
  endloop
 endfacet
 facet normal -0.000000e+00 0.000000e+00 1.000000e+00
  outer loop
   vertex -3.040559e+01 3.040559e+01 6.140000e+01
   vertex -1.232641e+01 2.901942e+01 6.140000e+01
   vertex 2.632991e-15 4.300000e+01 6.140000e+01
  endloop
 endfacet
 facet normal 0.000000e+00 0.000000e+00 1.000000e+00
  outer loop
   vertex -1.232641e+01 2.901942e+01 6.140000e+01
   vertex -2.702229e+01 2.528449e+01 6.140000e+01
   vertex -2.678757e+01 2.503958e+01 6.140000e+01
  endloop
 endfacet
 facet normal -0.000000e+00 -0.000000e+00 1.000000e+00
  outer loop
   vertex -2.825876e+01 2.578134e+01 6.140000e+01
   vertex -2.792229e+01 2.573825e+01 6.140000e+01
   vertex -3.040559e+01 3.040559e+01 6.140000e+01
  endloop
 endfacet
 facet normal 0.000000e+00 0.000000e+00 1.000000e+00
  outer loop
   vertex -1.232641e+01 2.901942e+01 6.140000e+01
   vertex -2.659762e+01 2.280775e+01 6.140000e+01
   vertex -2.901942e+01 1.232641e+01 6.140000e+01
  endloop
 endfacet
 facet normal 0.000000e+00 -0.000000e+00 1.000000e+00
  outer loop
   vertex -3.033644e+01 2.395275e+01 6.140000e+01
   vertex -3.027911e+01 2.428710e+01 6.140000e+01
   vertex -3.040559e+01 3.040559e+01 6.140000e+01
  endloop
 endfacet
 facet normal 0.000000e+00 0.000000e+00 1.000000e+00
  outer loop
   vertex 3.418298e+01 1.074241e+01 6.140000e+01
   vertex 2.923592e+01 -1.180374e+01 6.140000e+01
   vertex 4.300000e+01 0.000000e+00 6.140000e+01
  endloop
 endfacet
 facet normal -7.914921e-01 -3.278468e-01 5.158069e-01
  outer loop
   vertex 5.567396e+01 4.461731e+01 2.539643e+00
   vertex 7.250000e+01 0.000000e+00 0.000000e+00
   vertex 7.091664e+01 7.818228e+00 2.539643e+00
  endloop
 endfacet
 facet normal -7.914929e-01 -3.278470e-01 5.158055e-01
  outer loop
   vertex 7.250000e+01 0.000000e+00 0.000000e+00
   vertex 5.567396e+01 4.461731e+01 2.539643e+00
   vertex 5.126524e+01 5.126524e+01 0.000000e+00
  endloop
 endfacet
 facet normal -6.000410e-01 -6.000410e-01 -5.290573e-01
  outer loop
   vertex 5.567396e+01 4.461731e+01 2.539643e+00
   vertex 3.856265e+01 5.603251e+01 9.000000e+00
   vertex 4.461731e+01 5.567396e+01 2.539643e+00
  endloop
 endfacet
 facet normal -6.000404e-01 -6.000404e-01 -5.290587e-01
  outer loop
   vertex 5.126524e+01 5.126524e+01 0.000000e+00
   vertex 5.567396e+01 4.461731e+01 2.539643e+00
   vertex 4.461731e+01 5.567396e+01 2.539643e+00
  endloop
 endfacet
 facet normal -6.000410e-01 -6.000410e-01 -5.290573e-01
  outer loop
   vertex 5.603251e+01 3.856265e+01 9.000000e+00
   vertex 3.856265e+01 5.603251e+01 9.000000e+00
   vertex 5.567396e+01 4.461731e+01 2.539643e+00
  endloop
 endfacet
 facet normal -3.278470e-01 -7.914929e-01 5.158055e-01
  outer loop
   vertex 5.126524e+01 5.126524e+01 0.000000e+00
   vertex 4.461731e+01 5.567396e+01 2.539643e+00
   vertex 4.439345e-15 7.250000e+01 0.000000e+00
  endloop
 endfacet
 facet normal -0.000000e+00 -8.485858e-01 -5.290578e-01
  outer loop
   vertex 1.235305e+01 6.688888e+01 9.000000e+00
   vertex -1.235305e+01 6.688888e+01 9.000000e+00
   vertex -7.818228e+00 7.091664e+01 2.539643e+00
  endloop
 endfacet
 facet normal 0.000000e+00 -8.485861e-01 -5.290572e-01
  outer loop
   vertex 4.439345e-15 7.250000e+01 0.000000e+00
   vertex 7.818228e+00 7.091664e+01 2.539643e+00
   vertex -7.818228e+00 7.091664e+01 2.539643e+00
  endloop
 endfacet
 facet normal 0.000000e+00 -8.485858e-01 -5.290578e-01
  outer loop
   vertex 1.235305e+01 6.688888e+01 9.000000e+00
   vertex -7.818228e+00 7.091664e+01 2.539643e+00
   vertex 7.818228e+00 7.091664e+01 2.539643e+00
  endloop
 endfacet
 facet normal 3.278470e-01 -7.914929e-01 5.158055e-01
  outer loop
   vertex -4.461731e+01 5.567396e+01 2.539643e+00
   vertex -5.126524e+01 5.126524e+01 0.000000e+00
   vertex 4.439345e-15 7.250000e+01 0.000000e+00
  endloop
 endfacet
 facet normal 6.000410e-01 -6.000410e-01 -5.290573e-01
  outer loop
   vertex -4.461731e+01 5.567396e+01 2.539643e+00
   vertex -5.603251e+01 3.856265e+01 9.000000e+00
   vertex -5.567396e+01 4.461731e+01 2.539643e+00
  endloop
 endfacet
 facet normal 6.000404e-01 -6.000404e-01 -5.290587e-01
  outer loop
   vertex -5.126524e+01 5.126524e+01 0.000000e+00
   vertex -4.461731e+01 5.567396e+01 2.539643e+00
   vertex -5.567396e+01 4.461731e+01 2.539643e+00
  endloop
 endfacet
 facet normal 6.000410e-01 -6.000410e-01 -5.290573e-01
  outer loop
   vertex -3.856265e+01 5.603251e+01 9.000000e+00
   vertex -5.603251e+01 3.856265e+01 9.000000e+00
   vertex -4.461731e+01 5.567396e+01 2.539643e+00
  endloop
 endfacet
 facet normal 7.914921e-01 -3.278468e-01 5.158069e-01
  outer loop
   vertex -7.091664e+01 7.818228e+00 2.539643e+00
   vertex -7.250000e+01 8.878689e-15 0.000000e+00
   vertex -5.567396e+01 4.461731e+01 2.539643e+00
  endloop
 endfacet
 facet normal 8.485858e-01 0.000000e+00 -5.290578e-01
  outer loop
   vertex -7.091664e+01 7.818228e+00 2.539643e+00
   vertex -6.688888e+01 -1.235305e+01 9.000000e+00
   vertex -7.091664e+01 -7.818228e+00 2.539643e+00
  endloop
 endfacet
 facet normal 8.485861e-01 0.000000e+00 -5.290572e-01
  outer loop
   vertex -7.250000e+01 8.878689e-15 0.000000e+00
   vertex -7.091664e+01 7.818228e+00 2.539643e+00
   vertex -7.091664e+01 -7.818228e+00 2.539643e+00
  endloop
 endfacet
 facet normal 8.485858e-01 0.000000e+00 -5.290578e-01
  outer loop
   vertex -6.688888e+01 1.235305e+01 9.000000e+00
   vertex -6.688888e+01 -1.235305e+01 9.000000e+00
   vertex -7.091664e+01 7.818228e+00 2.539643e+00
  endloop
 endfacet
 facet normal 7.914921e-01 3.278468e-01 5.158069e-01
  outer loop
   vertex -7.250000e+01 8.878689e-15 0.000000e+00
   vertex -7.091664e+01 -7.818228e+00 2.539643e+00
   vertex -5.567396e+01 -4.461731e+01 2.539643e+00
  endloop
 endfacet
 facet normal 6.000410e-01 6.000410e-01 -5.290573e-01
  outer loop
   vertex -5.603251e+01 -3.856265e+01 9.000000e+00
   vertex -3.856265e+01 -5.603251e+01 9.000000e+00
   vertex -4.461731e+01 -5.567396e+01 2.539643e+00
  endloop
 endfacet
 facet normal 6.000404e-01 6.000404e-01 -5.290587e-01
  outer loop
   vertex -5.126524e+01 -5.126524e+01 0.000000e+00
   vertex -5.567396e+01 -4.461731e+01 2.539643e+00
   vertex -4.461731e+01 -5.567396e+01 2.539643e+00
  endloop
 endfacet
 facet normal 6.000410e-01 6.000410e-01 -5.290573e-01
  outer loop
   vertex -5.603251e+01 -3.856265e+01 9.000000e+00
   vertex -4.461731e+01 -5.567396e+01 2.539643e+00
   vertex -5.567396e+01 -4.461731e+01 2.539643e+00
  endloop
 endfacet
 facet normal 3.278470e-01 7.914929e-01 5.158055e-01
  outer loop
   vertex -5.126524e+01 -5.126524e+01 0.000000e+00
   vertex -4.461731e+01 -5.567396e+01 2.539643e+00
   vertex -1.331803e-14 -7.250000e+01 0.000000e+00
  endloop
 endfacet
 facet normal 0.000000e+00 8.485858e-01 -5.290578e-01
  outer loop
   vertex 7.818228e+00 -7.091664e+01 2.539643e+00
   vertex -7.818228e+00 -7.091664e+01 2.539643e+00
   vertex -1.235305e+01 -6.688888e+01 9.000000e+00
  endloop
 endfacet
 facet normal 0.000000e+00 8.485858e-01 -5.290578e-01
  outer loop
   vertex -1.235305e+01 -6.688888e+01 9.000000e+00
   vertex 1.235305e+01 -6.688888e+01 9.000000e+00
   vertex 7.818228e+00 -7.091664e+01 2.539643e+00
  endloop
 endfacet
 facet normal 0.000000e+00 8.485861e-01 -5.290572e-01
  outer loop
   vertex -1.331803e-14 -7.250000e+01 0.000000e+00
   vertex -7.818228e+00 -7.091664e+01 2.539643e+00
   vertex 7.818228e+00 -7.091664e+01 2.539643e+00
  endloop
 endfacet
 facet normal -3.278470e-01 7.914929e-01 5.158055e-01
  outer loop
   vertex 4.461731e+01 -5.567396e+01 2.539643e+00
   vertex 5.126524e+01 -5.126524e+01 0.000000e+00
   vertex -1.331803e-14 -7.250000e+01 0.000000e+00
  endloop
 endfacet
 facet normal -6.000410e-01 6.000410e-01 -5.290573e-01
  outer loop
   vertex 4.461731e+01 -5.567396e+01 2.539643e+00
   vertex 5.603251e+01 -3.856265e+01 9.000000e+00
   vertex 5.567396e+01 -4.461731e+01 2.539643e+00
  endloop
 endfacet
 facet normal -6.000404e-01 6.000404e-01 -5.290587e-01
  outer loop
   vertex 5.126524e+01 -5.126524e+01 0.000000e+00
   vertex 4.461731e+01 -5.567396e+01 2.539643e+00
   vertex 5.567396e+01 -4.461731e+01 2.539643e+00
  endloop
 endfacet
 facet normal -6.000410e-01 6.000410e-01 -5.290573e-01
  outer loop
   vertex 3.856265e+01 -5.603251e+01 9.000000e+00
   vertex 5.603251e+01 -3.856265e+01 9.000000e+00
   vertex 4.461731e+01 -5.567396e+01 2.539643e+00
  endloop
 endfacet
 facet normal -7.914929e-01 3.278470e-01 5.158055e-01
  outer loop
   vertex 5.126524e+01 -5.126524e+01 0.000000e+00
   vertex 5.567396e+01 -4.461731e+01 2.539643e+00
   vertex 7.250000e+01 0.000000e+00 0.000000e+00
  endloop
 endfacet
 facet normal -8.485858e-01 -0.000000e+00 -5.290578e-01
  outer loop
   vertex 6.688888e+01 1.235305e+01 9.000000e+00
   vertex 7.091664e+01 -7.818228e+00 2.539643e+00
   vertex 6.688888e+01 -1.235305e+01 9.000000e+00
  endloop
 endfacet
 facet normal -8.485858e-01 0.000000e+00 -5.290578e-01
  outer loop
   vertex 7.091664e+01 -7.818228e+00 2.539643e+00
   vertex 6.688888e+01 1.235305e+01 9.000000e+00
   vertex 7.091664e+01 7.818228e+00 2.539643e+00
  endloop
 endfacet
 facet normal -8.485861e-01 0.000000e+00 -5.290572e-01
  outer loop
   vertex 7.250000e+01 0.000000e+00 0.000000e+00
   vertex 7.091664e+01 -7.818228e+00 2.539643e+00
   vertex 7.091664e+01 7.818228e+00 2.539643e+00
  endloop
 endfacet
 facet normal -5.415318e-01 -2.243099e-01 -8.102027e-01
  outer loop
   vertex 6.568093e+01 1.087880e+01 1.446617e+01
   vertex 4.589123e+01 4.589123e+01 1.800000e+01
   vertex 5.413590e+01 3.875096e+01 1.446617e+01
  endloop
 endfacet
 facet normal -5.415313e-01 -2.243096e-01 -8.102031e-01
  outer loop
   vertex 4.589123e+01 4.589123e+01 1.800000e+01
   vertex 6.568093e+01 1.087880e+01 1.446617e+01
   vertex 6.490000e+01 0.000000e+00 1.800000e+01
  endloop
 endfacet
 facet normal -6.904486e-01 -6.904486e-01 -2.157811e-01
  outer loop
   vertex 3.875096e+01 5.413590e+01 1.446617e+01
   vertex 5.603251e+01 3.856265e+01 9.000000e+00
   vertex 5.413590e+01 3.875096e+01 1.446617e+01
  endloop
 endfacet
 facet normal -6.904489e-01 -6.904489e-01 -2.157794e-01
  outer loop
   vertex 4.589123e+01 4.589123e+01 1.800000e+01
   vertex 3.875096e+01 5.413590e+01 1.446617e+01
   vertex 5.413590e+01 3.875096e+01 1.446617e+01
  endloop
 endfacet
 facet normal -6.904486e-01 -6.904486e-01 -2.157811e-01
  outer loop
   vertex 3.856265e+01 5.603251e+01 9.000000e+00
   vertex 5.603251e+01 3.856265e+01 9.000000e+00
   vertex 3.875096e+01 5.413590e+01 1.446617e+01
  endloop
 endfacet
 facet normal -2.243096e-01 -5.415313e-01 -8.102031e-01
  outer loop
   vertex 4.589123e+01 4.589123e+01 1.800000e+01
   vertex 3.973979e-15 6.490000e+01 1.800000e+01
   vertex 1.087880e+01 6.568093e+01 1.446617e+01
  endloop
 endfacet
 facet normal -2.243099e-01 -5.415318e-01 -8.102027e-01
  outer loop
   vertex 1.087880e+01 6.568093e+01 1.446617e+01
   vertex 3.875096e+01 5.413590e+01 1.446617e+01
   vertex 4.589123e+01 4.589123e+01 1.800000e+01
  endloop
 endfacet
 facet normal -0.000000e+00 -9.764420e-01 -2.157798e-01
  outer loop
   vertex 1.235305e+01 6.688888e+01 9.000000e+00
   vertex -1.087880e+01 6.568093e+01 1.446617e+01
   vertex -1.235305e+01 6.688888e+01 9.000000e+00
  endloop
 endfacet
 facet normal 0.000000e+00 -9.764420e-01 -2.157798e-01
  outer loop
   vertex -1.087880e+01 6.568093e+01 1.446617e+01
   vertex 1.235305e+01 6.688888e+01 9.000000e+00
   vertex 1.087880e+01 6.568093e+01 1.446617e+01
  endloop
 endfacet
 facet normal 0.000000e+00 -9.764418e-01 -2.157809e-01
  outer loop
   vertex 3.973979e-15 6.490000e+01 1.800000e+01
   vertex -1.087880e+01 6.568093e+01 1.446617e+01
   vertex 1.087880e+01 6.568093e+01 1.446617e+01
  endloop
 endfacet
 facet normal 2.243099e-01 -5.415318e-01 -8.102027e-01
  outer loop
   vertex -1.087880e+01 6.568093e+01 1.446617e+01
   vertex -4.589123e+01 4.589123e+01 1.800000e+01
   vertex -3.875096e+01 5.413590e+01 1.446617e+01
  endloop
 endfacet
 facet normal 2.243096e-01 -5.415313e-01 -8.102031e-01
  outer loop
   vertex -4.589123e+01 4.589123e+01 1.800000e+01
   vertex -1.087880e+01 6.568093e+01 1.446617e+01
   vertex 3.973979e-15 6.490000e+01 1.800000e+01
  endloop
 endfacet
 facet normal 6.904486e-01 -6.904486e-01 -2.157811e-01
  outer loop
   vertex -5.603251e+01 3.856265e+01 9.000000e+00
   vertex -3.856265e+01 5.603251e+01 9.000000e+00
   vertex -3.875096e+01 5.413590e+01 1.446617e+01
  endloop
 endfacet
 facet normal 6.904489e-01 -6.904489e-01 -2.157794e-01
  outer loop
   vertex -4.589123e+01 4.589123e+01 1.800000e+01
   vertex -5.413590e+01 3.875096e+01 1.446617e+01
   vertex -3.875096e+01 5.413590e+01 1.446617e+01
  endloop
 endfacet
 facet normal 6.904486e-01 -6.904486e-01 -2.157811e-01
  outer loop
   vertex -5.603251e+01 3.856265e+01 9.000000e+00
   vertex -3.875096e+01 5.413590e+01 1.446617e+01
   vertex -5.413590e+01 3.875096e+01 1.446617e+01
  endloop
 endfacet
 facet normal 5.415317e-01 -2.243098e-01 -8.102028e-01
  outer loop
   vertex -5.413590e+01 3.875096e+01 1.446617e+01
   vertex -4.589123e+01 4.589123e+01 1.800000e+01
   vertex -6.490000e+01 7.947957e-15 1.800000e+01
  endloop
 endfacet
 facet normal 9.764420e-01 0.000000e+00 -2.157798e-01
  outer loop
   vertex -6.688888e+01 1.235305e+01 9.000000e+00
   vertex -6.568093e+01 -1.087880e+01 1.446617e+01
   vertex -6.688888e+01 -1.235305e+01 9.000000e+00
  endloop
 endfacet
 facet normal 9.764420e-01 0.000000e+00 -2.157798e-01
  outer loop
   vertex -6.568093e+01 -1.087880e+01 1.446617e+01
   vertex -6.688888e+01 1.235305e+01 9.000000e+00
   vertex -6.568093e+01 1.087880e+01 1.446617e+01
  endloop
 endfacet
 facet normal 9.764418e-01 0.000000e+00 -2.157809e-01
  outer loop
   vertex -6.490000e+01 7.947957e-15 1.800000e+01
   vertex -6.568093e+01 -1.087880e+01 1.446617e+01
   vertex -6.568093e+01 1.087880e+01 1.446617e+01
  endloop
 endfacet
 facet normal 5.415312e-01 2.243097e-01 -8.102032e-01
  outer loop
   vertex -6.568093e+01 -1.087880e+01 1.446617e+01
   vertex -6.490000e+01 7.947957e-15 1.800000e+01
   vertex -5.413590e+01 -3.875096e+01 1.446617e+01
  endloop
 endfacet
 facet normal 6.904486e-01 6.904486e-01 -2.157811e-01
  outer loop
   vertex -3.875096e+01 -5.413590e+01 1.446617e+01
   vertex -5.603251e+01 -3.856265e+01 9.000000e+00
   vertex -5.413590e+01 -3.875096e+01 1.446617e+01
  endloop
 endfacet
 facet normal 6.904489e-01 6.904489e-01 -2.157794e-01
  outer loop
   vertex -4.589123e+01 -4.589123e+01 1.800000e+01
   vertex -3.875096e+01 -5.413590e+01 1.446617e+01
   vertex -5.413590e+01 -3.875096e+01 1.446617e+01
  endloop
 endfacet
 facet normal 6.904486e-01 6.904486e-01 -2.157811e-01
  outer loop
   vertex -3.856265e+01 -5.603251e+01 9.000000e+00
   vertex -5.603251e+01 -3.856265e+01 9.000000e+00
   vertex -3.875096e+01 -5.413590e+01 1.446617e+01
  endloop
 endfacet
 facet normal 2.243098e-01 5.415317e-01 -8.102028e-01
  outer loop
   vertex -3.875096e+01 -5.413590e+01 1.446617e+01
   vertex -4.589123e+01 -4.589123e+01 1.800000e+01
   vertex -1.192194e-14 -6.490000e+01 1.800000e+01
  endloop
 endfacet
 facet normal 0.000000e+00 9.764420e-01 -2.157798e-01
  outer loop
   vertex 1.087880e+01 -6.568093e+01 1.446617e+01
   vertex -1.235305e+01 -6.688888e+01 9.000000e+00
   vertex -1.087880e+01 -6.568093e+01 1.446617e+01
  endloop
 endfacet
 facet normal 0.000000e+00 9.764418e-01 -2.157809e-01
  outer loop
   vertex -1.192194e-14 -6.490000e+01 1.800000e+01
   vertex 1.087880e+01 -6.568093e+01 1.446617e+01
   vertex -1.087880e+01 -6.568093e+01 1.446617e+01
  endloop
 endfacet
 facet normal 0.000000e+00 9.764420e-01 -2.157798e-01
  outer loop
   vertex 1.235305e+01 -6.688888e+01 9.000000e+00
   vertex -1.235305e+01 -6.688888e+01 9.000000e+00
   vertex 1.087880e+01 -6.568093e+01 1.446617e+01
  endloop
 endfacet
 facet normal -2.243099e-01 5.415318e-01 -8.102027e-01
  outer loop
   vertex 1.087880e+01 -6.568093e+01 1.446617e+01
   vertex 4.589123e+01 -4.589123e+01 1.800000e+01
   vertex 3.875096e+01 -5.413590e+01 1.446617e+01
  endloop
 endfacet
 facet normal -2.243096e-01 5.415313e-01 -8.102031e-01
  outer loop
   vertex 4.589123e+01 -4.589123e+01 1.800000e+01
   vertex 1.087880e+01 -6.568093e+01 1.446617e+01
   vertex -1.192194e-14 -6.490000e+01 1.800000e+01
  endloop
 endfacet
 facet normal -6.904486e-01 6.904486e-01 -2.157811e-01
  outer loop
   vertex 5.603251e+01 -3.856265e+01 9.000000e+00
   vertex 3.856265e+01 -5.603251e+01 9.000000e+00
   vertex 3.875096e+01 -5.413590e+01 1.446617e+01
  endloop
 endfacet
 facet normal -6.904489e-01 6.904489e-01 -2.157794e-01
  outer loop
   vertex 4.589123e+01 -4.589123e+01 1.800000e+01
   vertex 5.413590e+01 -3.875096e+01 1.446617e+01
   vertex 3.875096e+01 -5.413590e+01 1.446617e+01
  endloop
 endfacet
 facet normal -6.904486e-01 6.904486e-01 -2.157811e-01
  outer loop
   vertex 5.603251e+01 -3.856265e+01 9.000000e+00
   vertex 3.875096e+01 -5.413590e+01 1.446617e+01
   vertex 5.413590e+01 -3.875096e+01 1.446617e+01
  endloop
 endfacet
 facet normal -5.415317e-01 2.243098e-01 -8.102028e-01
  outer loop
   vertex 5.413590e+01 -3.875096e+01 1.446617e+01
   vertex 4.589123e+01 -4.589123e+01 1.800000e+01
   vertex 6.490000e+01 0.000000e+00 1.800000e+01
  endloop
 endfacet
 facet normal -9.764420e-01 -0.000000e+00 -2.157798e-01
  outer loop
   vertex 6.568093e+01 1.087880e+01 1.446617e+01
   vertex 6.688888e+01 -1.235305e+01 9.000000e+00
   vertex 6.568093e+01 -1.087880e+01 1.446617e+01
  endloop
 endfacet
 facet normal -9.764418e-01 0.000000e+00 -2.157809e-01
  outer loop
   vertex 6.490000e+01 0.000000e+00 1.800000e+01
   vertex 6.568093e+01 1.087880e+01 1.446617e+01
   vertex 6.568093e+01 -1.087880e+01 1.446617e+01
  endloop
 endfacet
 facet normal -9.764420e-01 -0.000000e+00 -2.157798e-01
  outer loop
   vertex 6.688888e+01 1.235305e+01 9.000000e+00
   vertex 6.688888e+01 -1.235305e+01 9.000000e+00
   vertex 6.568093e+01 1.087880e+01 1.446617e+01
  endloop
 endfacet
 facet normal -7.728076e-01 -3.201085e-01 -5.479954e-01
  outer loop
   vertex 6.490000e+01 0.000000e+00 1.800000e+01
   vertex 2.923592e+01 1.180374e+01 6.140000e+01
   vertex 2.901942e+01 1.232641e+01 6.140000e+01
  endloop
 endfacet
 facet normal -7.728078e-01 -3.201075e-01 -5.479958e-01
  outer loop
   vertex 2.901942e+01 1.232641e+01 6.140000e+01
   vertex 4.589123e+01 4.589123e+01 1.800000e+01
   vertex 6.490000e+01 0.000000e+00 1.800000e+01
  endloop
 endfacet
 facet normal -5.463130e-01 -5.463130e-01 -6.348891e-01
  outer loop
   vertex 1.232641e+01 2.901942e+01 6.140000e+01
   vertex 4.589123e+01 4.589123e+01 1.800000e+01
   vertex 2.901942e+01 1.232641e+01 6.140000e+01
  endloop
 endfacet
 facet normal -3.201075e-01 -7.728078e-01 -5.479958e-01
  outer loop
   vertex 1.232641e+01 2.901942e+01 6.140000e+01
   vertex 3.973979e-15 6.490000e+01 1.800000e+01
   vertex 4.589123e+01 4.589123e+01 1.800000e+01
  endloop
 endfacet
 facet normal -3.201085e-01 -7.728076e-01 -5.479954e-01
  outer loop
   vertex 3.973979e-15 6.490000e+01 1.800000e+01
   vertex 1.232641e+01 2.901942e+01 6.140000e+01
   vertex 1.180374e+01 2.923592e+01 6.140000e+01
  endloop
 endfacet
 facet normal 0.000000e+00 -7.726033e-01 -6.348891e-01
  outer loop
   vertex 3.973979e-15 6.490000e+01 1.800000e+01
   vertex 1.180374e+01 2.923592e+01 6.140000e+01
   vertex -1.180374e+01 2.923592e+01 6.140000e+01
  endloop
 endfacet
 facet normal 3.201085e-01 -7.728076e-01 -5.479954e-01
  outer loop
   vertex 3.973979e-15 6.490000e+01 1.800000e+01
   vertex -1.180374e+01 2.923592e+01 6.140000e+01
   vertex -1.232641e+01 2.901942e+01 6.140000e+01
  endloop
 endfacet
 facet normal 3.201075e-01 -7.728078e-01 -5.479958e-01
  outer loop
   vertex -1.232641e+01 2.901942e+01 6.140000e+01
   vertex -4.589123e+01 4.589123e+01 1.800000e+01
   vertex 3.973979e-15 6.490000e+01 1.800000e+01
  endloop
 endfacet
 facet normal 5.463130e-01 -5.463130e-01 -6.348891e-01
  outer loop
   vertex -2.901942e+01 1.232641e+01 6.140000e+01
   vertex -4.589123e+01 4.589123e+01 1.800000e+01
   vertex -1.232641e+01 2.901942e+01 6.140000e+01
  endloop
 endfacet
 facet normal 7.728078e-01 -3.201075e-01 -5.479958e-01
  outer loop
   vertex -2.901942e+01 1.232641e+01 6.140000e+01
   vertex -6.490000e+01 7.947957e-15 1.800000e+01
   vertex -4.589123e+01 4.589123e+01 1.800000e+01
  endloop
 endfacet
 facet normal 7.728076e-01 -3.201085e-01 -5.479954e-01
  outer loop
   vertex -6.490000e+01 7.947957e-15 1.800000e+01
   vertex -2.901942e+01 1.232641e+01 6.140000e+01
   vertex -2.923592e+01 1.180374e+01 6.140000e+01
  endloop
 endfacet
 facet normal 7.726033e-01 0.000000e+00 -6.348891e-01
  outer loop
   vertex -6.490000e+01 7.947957e-15 1.800000e+01
   vertex -2.923592e+01 1.180374e+01 6.140000e+01
   vertex -2.923592e+01 -1.180374e+01 6.140000e+01
  endloop
 endfacet
 facet normal 7.728078e-01 3.201075e-01 -5.479958e-01
  outer loop
   vertex -2.923592e+01 -1.180374e+01 6.140000e+01
   vertex -4.589123e+01 -4.589123e+01 1.800000e+01
   vertex -6.490000e+01 7.947957e-15 1.800000e+01
  endloop
 endfacet
 facet normal 7.728071e-01 3.201083e-01 -5.479962e-01
  outer loop
   vertex -4.589123e+01 -4.589123e+01 1.800000e+01
   vertex -2.923592e+01 -1.180374e+01 6.140000e+01
   vertex -2.901942e+01 -1.232641e+01 6.140000e+01
  endloop
 endfacet
 facet normal 5.463130e-01 5.463130e-01 -6.348891e-01
  outer loop
   vertex -2.901942e+01 -1.232641e+01 6.140000e+01
   vertex -1.232641e+01 -2.901942e+01 6.140000e+01
   vertex -4.589123e+01 -4.589123e+01 1.800000e+01
  endloop
 endfacet
 facet normal 3.201085e-01 7.728076e-01 -5.479954e-01
  outer loop
   vertex -1.192194e-14 -6.490000e+01 1.800000e+01
   vertex -1.232641e+01 -2.901942e+01 6.140000e+01
   vertex -1.180374e+01 -2.923592e+01 6.140000e+01
  endloop
 endfacet
 facet normal 3.201075e-01 7.728078e-01 -5.479958e-01
  outer loop
   vertex -1.232641e+01 -2.901942e+01 6.140000e+01
   vertex -1.192194e-14 -6.490000e+01 1.800000e+01
   vertex -4.589123e+01 -4.589123e+01 1.800000e+01
  endloop
 endfacet
 facet normal 0.000000e+00 7.726033e-01 -6.348891e-01
  outer loop
   vertex 1.180374e+01 -2.923592e+01 6.140000e+01
   vertex -1.192194e-14 -6.490000e+01 1.800000e+01
   vertex -1.180374e+01 -2.923592e+01 6.140000e+01
  endloop
 endfacet
 facet normal -3.201085e-01 7.728076e-01 -5.479954e-01
  outer loop
   vertex -1.192194e-14 -6.490000e+01 1.800000e+01
   vertex 1.180374e+01 -2.923592e+01 6.140000e+01
   vertex 1.232641e+01 -2.901942e+01 6.140000e+01
  endloop
 endfacet
 facet normal -3.201075e-01 7.728078e-01 -5.479958e-01
  outer loop
   vertex 1.232641e+01 -2.901942e+01 6.140000e+01
   vertex 4.589123e+01 -4.589123e+01 1.800000e+01
   vertex -1.192194e-14 -6.490000e+01 1.800000e+01
  endloop
 endfacet
 facet normal -5.463130e-01 5.463130e-01 -6.348891e-01
  outer loop
   vertex 1.232641e+01 -2.901942e+01 6.140000e+01
   vertex 2.901942e+01 -1.232641e+01 6.140000e+01
   vertex 4.589123e+01 -4.589123e+01 1.800000e+01
  endloop
 endfacet
 facet normal -7.728078e-01 3.201075e-01 -5.479958e-01
  outer loop
   vertex 2.901942e+01 -1.232641e+01 6.140000e+01
   vertex 6.490000e+01 0.000000e+00 1.800000e+01
   vertex 4.589123e+01 -4.589123e+01 1.800000e+01
  endloop
 endfacet
 facet normal -7.728076e-01 3.201085e-01 -5.479954e-01
  outer loop
   vertex 6.490000e+01 0.000000e+00 1.800000e+01
   vertex 2.901942e+01 -1.232641e+01 6.140000e+01
   vertex 2.923592e+01 -1.180374e+01 6.140000e+01
  endloop
 endfacet
 facet normal -7.726033e-01 -0.000000e+00 -6.348891e-01
  outer loop
   vertex 2.923592e+01 1.180374e+01 6.140000e+01
   vertex 6.490000e+01 0.000000e+00 1.800000e+01
   vertex 2.923592e+01 -1.180374e+01 6.140000e+01
  endloop
 endfacet
 facet normal 9.963978e-01 8.480125e-02 -3.586045e-04
  outer loop
   vertex 3.676863e+01 1.265475e+01 6.140000e+01
   vertex 3.673986e+01 1.299275e+01 6.140000e+01
   vertex 3.674205e+01 1.297971e+01 6.440000e+01
  endloop
 endfacet
 facet normal 9.112304e-01 4.118959e-01 -9.902234e-04
  outer loop
   vertex 3.665438e+01 1.332102e+01 6.140000e+01
   vertex 3.651466e+01 1.363014e+01 6.140000e+01
   vertex 3.653366e+01 1.359531e+01 6.440000e+01
  endloop
 endfacet
 facet normal 9.677306e-01 2.519860e-01 -6.902479e-04
  outer loop
   vertex 3.673986e+01 1.299275e+01 6.140000e+01
   vertex 3.665438e+01 1.332102e+01 6.140000e+01
   vertex 3.666303e+01 1.329603e+01 6.440000e+01
  endloop
 endfacet
 facet normal 7.219550e-01 6.919383e-01 -1.505279e-03
  outer loop
   vertex 3.632470e+01 1.391119e+01 6.140000e+01
   vertex 3.608998e+01 1.415609e+01 6.140000e+01
   vertex 3.613888e+01 1.411159e+01 6.440000e+01
  endloop
 endfacet
 facet normal 4.502038e-01 8.929238e-01 -1.904591e-03
  outer loop
   vertex 3.581724e+01 1.435780e+01 6.140000e+01
   vertex 3.551434e+01 1.451052e+01 6.140000e+01
   vertex 3.559940e+01 1.447403e+01 6.440000e+01
  endloop
 endfacet
 facet normal 5.946311e-01 8.039968e-01 -1.719563e-03
  outer loop
   vertex 3.608998e+01 1.415609e+01 6.140000e+01
   vertex 3.581724e+01 1.435780e+01 6.140000e+01
   vertex 3.588396e+01 1.431487e+01 6.440000e+01
  endloop
 endfacet
 facet normal 8.285087e-01 5.599748e-01 -1.262473e-03
  outer loop
   vertex 3.651466e+01 1.363014e+01 6.140000e+01
   vertex 3.632470e+01 1.391119e+01 6.140000e+01
   vertex 3.635738e+01 1.386960e+01 6.440000e+01
  endloop
 endfacet
 facet normal 1.270178e-01 9.918980e-01 -2.186635e-03
  outer loop
   vertex 3.518999e+01 1.460986e+01 6.140000e+01
   vertex 3.485351e+01 1.465294e+01 6.140000e+01
   vertex 3.497219e+01 1.464436e+01 6.440000e+01
  endloop
 endfacet
 facet normal -2.106750e-01 9.775407e-01 5.491708e-03
  outer loop
   vertex 3.400326e+01 1.450250e+01 6.600000e+01
   vertex 3.451459e+01 1.463855e+01 6.140000e+01
   vertex 3.418298e+01 1.456708e+01 6.140000e+01
  endloop
 endfacet
 facet normal -4.244257e-02 9.990886e-01 4.538173e-03
  outer loop
   vertex 3.497219e+01 1.464436e+01 6.440000e+01
   vertex 3.485351e+01 1.465294e+01 6.140000e+01
   vertex 3.451459e+01 1.463855e+01 6.140000e+01
  endloop
 endfacet
 facet normal -5.243012e-01 8.515238e-01 3.931706e-03
  outer loop
   vertex 3.400326e+01 1.450250e+01 6.600000e+01
   vertex 3.386822e+01 1.444060e+01 6.140000e+01
   vertex 3.357936e+01 1.426274e+01 6.140000e+01
  endloop
 endfacet
 facet normal -7.780344e-01 6.282211e-01 8.799260e-04
  outer loop
   vertex 3.335441e+01 1.406896e+01 6.600000e+01
   vertex 3.332471e+01 1.403862e+01 6.140000e+01
   vertex 3.311161e+01 1.377469e+01 6.140000e+01
  endloop
 endfacet
 facet normal -8.730152e-01 4.876911e-01 1.393183e-03
  outer loop
   vertex 3.292087e+01 1.342011e+01 6.600000e+01
   vertex 3.311161e+01 1.377469e+01 6.140000e+01
   vertex 3.294617e+01 1.347855e+01 6.140000e+01
  endloop
 endfacet
 facet normal -6.606736e-01 7.506730e-01 -6.853052e-04
  outer loop
   vertex 3.335441e+01 1.406896e+01 6.600000e+01
   vertex 3.357936e+01 1.426274e+01 6.140000e+01
   vertex 3.332471e+01 1.403862e+01 6.140000e+01
  endloop
 endfacet
 facet normal -3.728604e-01 9.278862e-01 -1.541780e-03
  outer loop
   vertex 3.400326e+01 1.450250e+01 6.600000e+01
   vertex 3.418298e+01 1.456708e+01 6.140000e+01
   vertex 3.386822e+01 1.444060e+01 6.140000e+01
  endloop
 endfacet
 facet normal 2.928224e-01 9.561646e-01 -2.059795e-03
  outer loop
   vertex 3.551434e+01 1.451052e+01 6.140000e+01
   vertex 3.518999e+01 1.460986e+01 6.140000e+01
   vertex 3.529276e+01 1.458484e+01 6.440000e+01
  endloop
 endfacet
 facet normal 5.095594e-02 9.987009e-01 0.000000e+00
  outer loop
   vertex 3.476863e+01 1.465475e+01 6.600000e+01
   vertex 3.497219e+01 1.464436e+01 6.520000e+01
   vertex 3.497219e+01 1.464436e+01 6.440000e+01
  endloop
 endfacet
 facet normal -1.950852e-01 9.807590e-01 7.319834e-03
  outer loop
   vertex 3.476863e+01 1.465475e+01 6.600000e+01
   vertex 3.451459e+01 1.463855e+01 6.140000e+01
   vertex 3.400326e+01 1.450250e+01 6.600000e+01
  endloop
 endfacet
 facet normal 5.095594e-02 9.987009e-01 -0.000000e+00
  outer loop
   vertex 3.497219e+01 1.464436e+01 6.520000e+01
   vertex 3.476863e+01 1.465475e+01 6.600000e+01
   vertex 3.497219e+01 1.464436e+01 6.600000e+01
  endloop
 endfacet
 facet normal -5.555511e-01 8.314453e-01 7.858008e-03
  outer loop
   vertex 3.335441e+01 1.406896e+01 6.600000e+01
   vertex 3.400326e+01 1.450250e+01 6.600000e+01
   vertex 3.357936e+01 1.426274e+01 6.140000e+01
  endloop
 endfacet
 facet normal -8.314414e-01 5.555497e-01 8.347787e-03
  outer loop
   vertex 3.292087e+01 1.342011e+01 6.600000e+01
   vertex 3.335441e+01 1.406896e+01 6.600000e+01
   vertex 3.311161e+01 1.377469e+01 6.140000e+01
  endloop
 endfacet
 facet normal 1.627567e-02 9.998578e-01 -4.419874e-03
  outer loop
   vertex 3.476863e+01 1.465475e+01 6.600000e+01
   vertex 3.497219e+01 1.464436e+01 6.440000e+01
   vertex 3.451459e+01 1.463855e+01 6.140000e+01
  endloop
 endfacet
 facet normal -9.807569e-01 1.950843e-01 7.613619e-03
  outer loop
   vertex 3.276863e+01 1.265475e+01 6.600000e+01
   vertex 3.292087e+01 1.342011e+01 6.600000e+01
   vertex 3.283316e+01 1.315870e+01 6.140000e+01
  endloop
 endfacet
 facet normal -9.428756e-01 3.331438e-01 -9.543637e-04
  outer loop
   vertex 3.283316e+01 1.315870e+01 6.140000e+01
   vertex 3.292087e+01 1.342011e+01 6.600000e+01
   vertex 3.294617e+01 1.347855e+01 6.140000e+01
  endloop
 endfacet
 facet normal -9.999988e-01 0.000000e+00 -1.566512e-03
  outer loop
   vertex 3.276863e+01 1.265475e+01 6.600000e+01
   vertex 3.277583e+01 1.282436e+01 6.140000e+01
   vertex 3.277583e+01 1.248513e+01 6.140000e+01
  endloop
 endfacet
 facet normal -9.428756e-01 -3.331438e-01 -9.543637e-04
  outer loop
   vertex 3.292087e+01 1.188938e+01 6.600000e+01
   vertex 3.283316e+01 1.215079e+01 6.140000e+01
   vertex 3.294617e+01 1.183094e+01 6.140000e+01
  endloop
 endfacet
 facet normal -9.856059e-01 -1.689940e-01 4.687208e-03
  outer loop
   vertex 3.276863e+01 1.265475e+01 6.600000e+01
   vertex 3.277583e+01 1.248513e+01 6.140000e+01
   vertex 3.283316e+01 1.215079e+01 6.140000e+01
  endloop
 endfacet
 facet normal -7.780344e-01 -6.282211e-01 8.800562e-04
  outer loop
   vertex 3.335441e+01 1.124053e+01 6.600000e+01
   vertex 3.311161e+01 1.153480e+01 6.140000e+01
   vertex 3.332471e+01 1.127087e+01 6.140000e+01
  endloop
 endfacet
 facet normal -5.243012e-01 -8.515238e-01 3.931706e-03
  outer loop
   vertex 3.400326e+01 1.080699e+01 6.600000e+01
   vertex 3.357936e+01 1.104675e+01 6.140000e+01
   vertex 3.386822e+01 1.086889e+01 6.140000e+01
  endloop
 endfacet
 facet normal -6.606736e-01 -7.506730e-01 -6.851496e-04
  outer loop
   vertex 3.335441e+01 1.124053e+01 6.600000e+01
   vertex 3.332471e+01 1.127087e+01 6.140000e+01
   vertex 3.357936e+01 1.104675e+01 6.140000e+01
  endloop
 endfacet
 facet normal -8.730158e-01 -4.876899e-01 1.393164e-03
  outer loop
   vertex 3.292087e+01 1.188938e+01 6.600000e+01
   vertex 3.294617e+01 1.183094e+01 6.140000e+01
   vertex 3.311161e+01 1.153480e+01 6.140000e+01
  endloop
 endfacet
 facet normal -2.106750e-01 -9.775407e-01 5.491708e-03
  outer loop
   vertex 3.400326e+01 1.080699e+01 6.600000e+01
   vertex 3.418298e+01 1.074241e+01 6.140000e+01
   vertex 3.451459e+01 1.067094e+01 6.140000e+01
  endloop
 endfacet
 facet normal 1.270151e-01 -9.918989e-01 1.955068e-03
  outer loop
   vertex 3.476863e+01 1.065475e+01 6.600000e+01
   vertex 3.485351e+01 1.065655e+01 6.140000e+01
   vertex 3.518999e+01 1.069963e+01 6.140000e+01
  endloop
 endfacet
 facet normal -4.244017e-02 -9.990983e-01 -1.174604e-03
  outer loop
   vertex 3.476863e+01 1.065475e+01 6.600000e+01
   vertex 3.451459e+01 1.067094e+01 6.140000e+01
   vertex 3.485351e+01 1.065655e+01 6.140000e+01
  endloop
 endfacet
 facet normal 4.502023e-01 -8.929265e-01 -3.669665e-04
  outer loop
   vertex 3.553399e+01 1.080699e+01 6.600000e+01
   vertex 3.551434e+01 1.079897e+01 6.140000e+01
   vertex 3.581724e+01 1.095169e+01 6.140000e+01
  endloop
 endfacet
 facet normal 7.219538e-01 -6.919372e-01 -2.387117e-03
  outer loop
   vertex 3.608998e+01 1.115340e+01 6.140000e+01
   vertex 3.632470e+01 1.139830e+01 6.140000e+01
   vertex 3.620347e+01 1.126147e+01 6.440000e+01
  endloop
 endfacet
 facet normal 8.285082e-01 -5.599725e-01 -2.236798e-03
  outer loop
   vertex 3.632470e+01 1.139830e+01 6.140000e+01
   vertex 3.651466e+01 1.167936e+01 6.140000e+01
   vertex 3.640037e+01 1.149828e+01 6.440000e+01
  endloop
 endfacet
 facet normal 5.946195e-01 -8.039812e-01 6.465983e-03
  outer loop
   vertex 3.620347e+01 1.126147e+01 6.440000e+01
   vertex 3.581724e+01 1.095169e+01 6.140000e+01
   vertex 3.608998e+01 1.115340e+01 6.140000e+01
  endloop
 endfacet
 facet normal 2.928256e-01 -9.561658e-01 4.156555e-04
  outer loop
   vertex 3.553399e+01 1.080699e+01 6.600000e+01
   vertex 3.518999e+01 1.069963e+01 6.140000e+01
   vertex 3.551434e+01 1.079897e+01 6.140000e+01
  endloop
 endfacet
 facet normal -3.728604e-01 -9.278862e-01 -1.541780e-03
  outer loop
   vertex 3.400326e+01 1.080699e+01 6.600000e+01
   vertex 3.386822e+01 1.086889e+01 6.140000e+01
   vertex 3.418298e+01 1.074241e+01 6.140000e+01
  endloop
 endfacet
 facet normal -8.314414e-01 -5.555497e-01 8.347902e-03
  outer loop
   vertex 3.311161e+01 1.153480e+01 6.140000e+01
   vertex 3.335441e+01 1.124053e+01 6.600000e+01
   vertex 3.292087e+01 1.188938e+01 6.600000e+01
  endloop
 endfacet
 facet normal -5.555519e-01 -8.314447e-01 7.858115e-03
  outer loop
   vertex 3.400326e+01 1.080699e+01 6.600000e+01
   vertex 3.335441e+01 1.124053e+01 6.600000e+01
   vertex 3.357936e+01 1.104675e+01 6.140000e+01
  endloop
 endfacet
 facet normal -9.807569e-01 -1.950845e-01 7.613605e-03
  outer loop
   vertex 3.292087e+01 1.188938e+01 6.600000e+01
   vertex 3.276863e+01 1.265475e+01 6.600000e+01
   vertex 3.283316e+01 1.215079e+01 6.140000e+01
  endloop
 endfacet
 facet normal 5.616641e-01 -8.273654e-01 0.000000e+00
  outer loop
   vertex 3.620347e+01 1.126147e+01 6.520000e+01
   vertex 3.553399e+01 1.080699e+01 6.600000e+01
   vertex 3.620347e+01 1.126147e+01 6.440000e+01
  endloop
 endfacet
 facet normal -1.950852e-01 -9.807590e-01 7.319834e-03
  outer loop
   vertex 3.451459e+01 1.067094e+01 6.140000e+01
   vertex 3.476863e+01 1.065475e+01 6.600000e+01
   vertex 3.400326e+01 1.080699e+01 6.600000e+01
  endloop
 endfacet
 facet normal 1.950837e-01 -9.807515e-01 8.298931e-03
  outer loop
   vertex 3.553399e+01 1.080699e+01 6.600000e+01
   vertex 3.476863e+01 1.065475e+01 6.600000e+01
   vertex 3.518999e+01 1.069963e+01 6.140000e+01
  endloop
 endfacet
 facet normal 5.777249e-01 -8.161715e-01 9.899806e-03
  outer loop
   vertex 3.581724e+01 1.095169e+01 6.140000e+01
   vertex 3.620347e+01 1.126147e+01 6.440000e+01
   vertex 3.553399e+01 1.080699e+01 6.600000e+01
  endloop
 endfacet
 facet normal 5.616641e-01 -8.273654e-01 0.000000e+00
  outer loop
   vertex 3.553399e+01 1.080699e+01 6.600000e+01
   vertex 3.620347e+01 1.126147e+01 6.520000e+01
   vertex 3.620347e+01 1.126147e+01 6.600000e+01
  endloop
 endfacet
 facet normal 9.677300e-01 -2.519851e-01 -1.445749e-03
  outer loop
   vertex 3.665438e+01 1.198847e+01 6.140000e+01
   vertex 3.673986e+01 1.231674e+01 6.140000e+01
   vertex 3.667434e+01 1.204790e+01 6.440000e+01
  endloop
 endfacet
 facet normal 9.963975e-01 -8.480147e-02 -8.041947e-04
  outer loop
   vertex 3.673986e+01 1.231674e+01 6.140000e+01
   vertex 3.676863e+01 1.265475e+01 6.140000e+01
   vertex 3.674492e+01 1.234768e+01 6.440000e+01
  endloop
 endfacet
 facet normal 9.266643e-01 -3.758878e-01 1.282247e-03
  outer loop
   vertex 3.667434e+01 1.204790e+01 6.440000e+01
   vertex 3.655857e+01 1.176251e+01 6.440000e+01
   vertex 3.665438e+01 1.198847e+01 6.140000e+01
  endloop
 endfacet
 facet normal 0.000000e+00 -0.000000e+00 1.000000e+00
  outer loop
   vertex 3.292087e+01 1.188938e+01 6.600000e+01
   vertex 3.292087e+01 1.342011e+01 6.600000e+01
   vertex 3.276863e+01 1.265475e+01 6.600000e+01
  endloop
 endfacet
 facet normal 0.000000e+00 0.000000e+00 1.000000e+00
  outer loop
   vertex 3.292087e+01 1.342011e+01 6.600000e+01
   vertex 3.292087e+01 1.188938e+01 6.600000e+01
   vertex 3.335441e+01 1.124053e+01 6.600000e+01
  endloop
 endfacet
 facet normal 0.000000e+00 0.000000e+00 1.000000e+00
  outer loop
   vertex 3.335441e+01 1.124053e+01 6.600000e+01
   vertex 3.653366e+01 1.359531e+01 6.600000e+01
   vertex 3.335441e+01 1.406896e+01 6.600000e+01
  endloop
 endfacet
 facet normal -0.000000e+00 -0.000000e+00 1.000000e+00
  outer loop
   vertex 3.400326e+01 1.080699e+01 6.600000e+01
   vertex 3.476863e+01 1.065475e+01 6.600000e+01
   vertex 3.335441e+01 1.124053e+01 6.600000e+01
  endloop
 endfacet
 facet normal 0.000000e+00 0.000000e+00 1.000000e+00
  outer loop
   vertex 3.620347e+01 1.126147e+01 6.600000e+01
   vertex 3.335441e+01 1.124053e+01 6.600000e+01
   vertex 3.476863e+01 1.065475e+01 6.600000e+01
  endloop
 endfacet
 facet normal -0.000000e+00 0.000000e+00 1.000000e+00
  outer loop
   vertex 3.400326e+01 1.450250e+01 6.600000e+01
   vertex 3.335441e+01 1.406896e+01 6.600000e+01
   vertex 3.476863e+01 1.465475e+01 6.600000e+01
  endloop
 endfacet
 facet normal 0.000000e+00 0.000000e+00 1.000000e+00
  outer loop
   vertex 3.497219e+01 1.464436e+01 6.600000e+01
   vertex 3.476863e+01 1.465475e+01 6.600000e+01
   vertex 3.529276e+01 1.458484e+01 6.600000e+01
  endloop
 endfacet
 facet normal 0.000000e+00 0.000000e+00 1.000000e+00
  outer loop
   vertex 3.335441e+01 1.406896e+01 6.600000e+01
   vertex 3.529276e+01 1.458484e+01 6.600000e+01
   vertex 3.476863e+01 1.465475e+01 6.600000e+01
  endloop
 endfacet
 facet normal 0.000000e+00 0.000000e+00 1.000000e+00
  outer loop
   vertex 3.529276e+01 1.458484e+01 6.600000e+01
   vertex 3.335441e+01 1.406896e+01 6.600000e+01
   vertex 3.653366e+01 1.359531e+01 6.600000e+01
  endloop
 endfacet
 facet normal 0.000000e+00 0.000000e+00 1.000000e+00
  outer loop
   vertex 3.620347e+01 1.126147e+01 6.600000e+01
   vertex 3.476863e+01 1.065475e+01 6.600000e+01
   vertex 3.553399e+01 1.080699e+01 6.600000e+01
  endloop
 endfacet
 facet normal 0.000000e+00 0.000000e+00 1.000000e+00
  outer loop
   vertex 3.655857e+01 1.176251e+01 6.600000e+01
   vertex 3.620347e+01 1.126147e+01 6.600000e+01
   vertex 3.640037e+01 1.149828e+01 6.600000e+01
  endloop
 endfacet
 facet normal 0.000000e+00 0.000000e+00 1.000000e+00
  outer loop
   vertex 3.667434e+01 1.204790e+01 6.600000e+01
   vertex 3.620347e+01 1.126147e+01 6.600000e+01
   vertex 3.655857e+01 1.176251e+01 6.600000e+01
  endloop
 endfacet
 facet normal 0.000000e+00 0.000000e+00 1.000000e+00
  outer loop
   vertex 3.620347e+01 1.126147e+01 6.600000e+01
   vertex 3.674492e+01 1.234768e+01 6.600000e+01
   vertex 3.676863e+01 1.265475e+01 6.600000e+01
  endloop
 endfacet
 facet normal 0.000000e+00 -0.000000e+00 1.000000e+00
  outer loop
   vertex 3.667434e+01 1.204790e+01 6.600000e+01
   vertex 3.674492e+01 1.234768e+01 6.600000e+01
   vertex 3.620347e+01 1.126147e+01 6.600000e+01
  endloop
 endfacet
 facet normal 0.000000e+00 0.000000e+00 1.000000e+00
  outer loop
   vertex 3.335441e+01 1.124053e+01 6.600000e+01
   vertex 3.676863e+01 1.265475e+01 6.600000e+01
   vertex 3.653366e+01 1.359531e+01 6.600000e+01
  endloop
 endfacet
 facet normal 0.000000e+00 0.000000e+00 1.000000e+00
  outer loop
   vertex 3.613888e+01 1.411159e+01 6.600000e+01
   vertex 3.588396e+01 1.431487e+01 6.600000e+01
   vertex 3.653366e+01 1.359531e+01 6.600000e+01
  endloop
 endfacet
 facet normal 0.000000e+00 0.000000e+00 1.000000e+00
  outer loop
   vertex 3.559940e+01 1.447403e+01 6.600000e+01
   vertex 3.653366e+01 1.359531e+01 6.600000e+01
   vertex 3.588396e+01 1.431487e+01 6.600000e+01
  endloop
 endfacet
 facet normal 0.000000e+00 0.000000e+00 1.000000e+00
  outer loop
   vertex 3.676863e+01 1.265475e+01 6.600000e+01
   vertex 3.666303e+01 1.329603e+01 6.600000e+01
   vertex 3.653366e+01 1.359531e+01 6.600000e+01
  endloop
 endfacet
 facet normal 0.000000e+00 0.000000e+00 1.000000e+00
  outer loop
   vertex 3.653366e+01 1.359531e+01 6.600000e+01
   vertex 3.635738e+01 1.386960e+01 6.600000e+01
   vertex 3.613888e+01 1.411159e+01 6.600000e+01
  endloop
 endfacet
 facet normal 0.000000e+00 0.000000e+00 1.000000e+00
  outer loop
   vertex 3.559940e+01 1.447403e+01 6.600000e+01
   vertex 3.529276e+01 1.458484e+01 6.600000e+01
   vertex 3.653366e+01 1.359531e+01 6.600000e+01
  endloop
 endfacet
 facet normal 0.000000e+00 0.000000e+00 1.000000e+00
  outer loop
   vertex 3.676863e+01 1.265475e+01 6.600000e+01
   vertex 3.674205e+01 1.297971e+01 6.600000e+01
   vertex 3.666303e+01 1.329603e+01 6.600000e+01
  endloop
 endfacet
 facet normal 0.000000e+00 0.000000e+00 1.000000e+00
  outer loop
   vertex 3.676863e+01 1.265475e+01 6.600000e+01
   vertex 3.335441e+01 1.124053e+01 6.600000e+01
   vertex 3.620347e+01 1.126147e+01 6.600000e+01
  endloop
 endfacet
 facet normal 9.963979e-01 8.480149e-02 0.000000e+00
  outer loop
   vertex -2.634365e+01 2.378314e+01 6.600000e+01
   vertex -2.634365e+01 2.378314e+01 6.140000e+01
   vertex -2.637241e+01 2.412114e+01 6.140000e+01
  endloop
 endfacet
 facet normal 9.112279e-01 4.119004e-01 -1.345783e-03
  outer loop
   vertex -2.649589e+01 2.454851e+01 6.600000e+01
   vertex -2.645789e+01 2.444942e+01 6.140000e+01
   vertex -2.659762e+01 2.475853e+01 6.140000e+01
  endloop
 endfacet
 facet normal 9.677290e-01 2.519800e-01 2.565704e-03
  outer loop
   vertex -2.649589e+01 2.454851e+01 6.600000e+01
   vertex -2.637241e+01 2.412114e+01 6.140000e+01
   vertex -2.645789e+01 2.444942e+01 6.140000e+01
  endloop
 endfacet
 facet normal 7.219564e-01 6.919370e-01 -1.468472e-03
  outer loop
   vertex -2.692943e+01 2.519736e+01 6.600000e+01
   vertex -2.678757e+01 2.503958e+01 6.140000e+01
   vertex -2.702229e+01 2.528449e+01 6.140000e+01
  endloop
 endfacet
 facet normal 4.501627e-01 8.928422e-01 1.364929e-02
  outer loop
   vertex -2.785445e+01 2.572239e+01 6.440000e+01
   vertex -2.729503e+01 2.548620e+01 6.140000e+01
   vertex -2.759793e+01 2.563892e+01 6.140000e+01
  endloop
 endfacet
 facet normal 5.946289e-01 8.039938e-01 3.224563e-03
  outer loop
   vertex -2.692943e+01 2.519736e+01 6.600000e+01
   vertex -2.702229e+01 2.528449e+01 6.140000e+01
   vertex -2.729503e+01 2.548620e+01 6.140000e+01
  endloop
 endfacet
 facet normal 8.284927e-01 5.599639e-01 6.343454e-03
  outer loop
   vertex -2.692943e+01 2.519736e+01 6.600000e+01
   vertex -2.659762e+01 2.475853e+01 6.140000e+01
   vertex -2.678757e+01 2.503958e+01 6.140000e+01
  endloop
 endfacet
 facet normal 1.270160e-01 9.918996e-01 -1.481975e-03
  outer loop
   vertex -2.819412e+01 2.577754e+01 6.440000e+01
   vertex -2.792229e+01 2.573825e+01 6.140000e+01
   vertex -2.825876e+01 2.578134e+01 6.140000e+01
  endloop
 endfacet
 facet normal -2.106807e-01 9.775541e-01 -1.302019e-03
  outer loop
   vertex -2.859768e+01 2.576694e+01 6.140000e+01
   vertex -2.892929e+01 2.569547e+01 6.140000e+01
   vertex -2.887655e+01 2.571084e+01 6.440000e+01
  endloop
 endfacet
 facet normal -4.244016e-02 9.990980e-01 -1.394088e-03
  outer loop
   vertex -2.825876e+01 2.578134e+01 6.140000e+01
   vertex -2.859768e+01 2.576694e+01 6.140000e+01
   vertex -2.853822e+01 2.577365e+01 6.440000e+01
  endloop
 endfacet
 facet normal -5.243029e-01 8.515311e-01 -1.105556e-03
  outer loop
   vertex -2.924405e+01 2.556899e+01 6.140000e+01
   vertex -2.953291e+01 2.539114e+01 6.140000e+01
   vertex -2.949635e+01 2.541755e+01 6.440000e+01
  endloop
 endfacet
 facet normal -7.780333e-01 6.282225e-01 -8.937899e-04
  outer loop
   vertex -2.998065e+01 2.493215e+01 6.440000e+01
   vertex -2.978756e+01 2.516702e+01 6.140000e+01
   vertex -3.000066e+01 2.490309e+01 6.140000e+01
  endloop
 endfacet
 facet normal -6.606778e-01 7.506690e-01 -1.001875e-03
  outer loop
   vertex -2.953291e+01 2.539114e+01 6.140000e+01
   vertex -2.978756e+01 2.516702e+01 6.140000e+01
   vertex -2.975945e+01 2.519576e+01 6.440000e+01
  endloop
 endfacet
 facet normal -3.728586e-01 9.278874e-01 -1.206617e-03
  outer loop
   vertex -2.892929e+01 2.569547e+01 6.140000e+01
   vertex -2.924405e+01 2.556899e+01 6.140000e+01
   vertex -2.919911e+01 2.559095e+01 6.440000e+01
  endloop
 endfacet
 facet normal 2.928237e-01 9.561652e-01 -1.565995e-03
  outer loop
   vertex -2.785445e+01 2.572239e+01 6.440000e+01
   vertex -2.759793e+01 2.563892e+01 6.140000e+01
   vertex -2.792229e+01 2.573825e+01 6.140000e+01
  endloop
 endfacet
 facet normal 4.936236e-01 8.696756e-01 0.000000e+00
  outer loop
   vertex -2.692943e+01 2.519736e+01 6.600000e+01
   vertex -2.785445e+01 2.572239e+01 6.440000e+01
   vertex -2.785445e+01 2.572239e+01 6.520000e+01
  endloop
 endfacet
 facet normal 1.602727e-01 9.870715e-01 1.594689e-03
  outer loop
   vertex -2.785445e+01 2.572239e+01 6.440000e+01
   vertex -2.792229e+01 2.573825e+01 6.140000e+01
   vertex -2.819412e+01 2.577754e+01 6.440000e+01
  endloop
 endfacet
 facet normal 9.807523e-01 1.950838e-01 8.201230e-03
  outer loop
   vertex -2.649589e+01 2.454851e+01 6.600000e+01
   vertex -2.634365e+01 2.378314e+01 6.600000e+01
   vertex -2.637241e+01 2.412114e+01 6.140000e+01
  endloop
 endfacet
 facet normal 4.936236e-01 8.696756e-01 -0.000000e+00
  outer loop
   vertex -2.785445e+01 2.572239e+01 6.520000e+01
   vertex -2.785445e+01 2.572239e+01 6.600000e+01
   vertex -2.692943e+01 2.519736e+01 6.600000e+01
  endloop
 endfacet
 facet normal 8.314505e-01 5.555550e-01 6.977408e-03
  outer loop
   vertex -2.649589e+01 2.454851e+01 6.600000e+01
   vertex -2.659762e+01 2.475853e+01 6.140000e+01
   vertex -2.692943e+01 2.519736e+01 6.600000e+01
  endloop
 endfacet
 facet normal 4.696898e-01 8.826461e-01 1.809329e-02
  outer loop
   vertex -2.729503e+01 2.548620e+01 6.140000e+01
   vertex -2.785445e+01 2.572239e+01 6.440000e+01
   vertex -2.692943e+01 2.519736e+01 6.600000e+01
  endloop
 endfacet
 facet normal -8.648921e-01 5.019569e-01 9.085359e-04
  outer loop
   vertex -3.015338e+01 2.463452e+01 6.440000e+01
   vertex -2.998065e+01 2.493215e+01 6.440000e+01
   vertex -3.000066e+01 2.490309e+01 6.140000e+01
  endloop
 endfacet
 facet normal -7.660425e-01 6.427891e-01 1.018425e-03
  outer loop
   vertex -2.978756e+01 2.516702e+01 6.140000e+01
   vertex -2.998065e+01 2.493215e+01 6.440000e+01
   vertex -2.975945e+01 2.519576e+01 6.440000e+01
  endloop
 endfacet
 facet normal -9.836067e-01 1.803260e-01 6.762068e-04
  outer loop
   vertex -3.033459e+01 2.397321e+01 6.440000e+01
   vertex -3.027254e+01 2.431169e+01 6.440000e+01
   vertex -3.027911e+01 2.428710e+01 6.140000e+01
  endloop
 endfacet
 facet normal -9.428772e-01 3.331397e-01 -6.656382e-04
  outer loop
   vertex -3.016610e+01 2.460694e+01 6.140000e+01
   vertex -3.027911e+01 2.428710e+01 6.140000e+01
   vertex -3.027254e+01 2.431169e+01 6.440000e+01
  endloop
 endfacet
 facet normal -9.381367e-01 3.462641e-01 7.942259e-04
  outer loop
   vertex -3.027254e+01 2.431169e+01 6.440000e+01
   vertex -3.015338e+01 2.463452e+01 6.440000e+01
   vertex -3.016610e+01 2.460694e+01 6.140000e+01
  endloop
 endfacet
 facet normal -8.730147e-01 4.876933e-01 -7.818907e-04
  outer loop
   vertex -3.016610e+01 2.460694e+01 6.140000e+01
   vertex -3.015338e+01 2.463452e+01 6.440000e+01
   vertex -3.000066e+01 2.490309e+01 6.140000e+01
  endloop
 endfacet
 facet normal -9.999999e-01 -0.000000e+00 -4.215240e-04
  outer loop
   vertex -3.033644e+01 2.395275e+01 6.140000e+01
   vertex -3.033644e+01 2.361353e+01 6.140000e+01
   vertex -3.033770e+01 2.362911e+01 6.440000e+01
  endloop
 endfacet
 facet normal -9.428781e-01 -3.331380e-01 -1.611899e-04
  outer loop
   vertex -3.027911e+01 2.327919e+01 6.140000e+01
   vertex -3.016610e+01 2.295934e+01 6.140000e+01
   vertex -3.016848e+01 2.296463e+01 6.440000e+01
  endloop
 endfacet
 facet normal -9.856157e-01 -1.690017e-01 -2.933999e-04
  outer loop
   vertex -3.033644e+01 2.361353e+01 6.140000e+01
   vertex -3.027911e+01 2.327919e+01 6.140000e+01
   vertex -3.028178e+01 2.328956e+01 6.440000e+01
  endloop
 endfacet
 facet normal -7.780355e-01 -6.282197e-01 8.802027e-04
  outer loop
   vertex -2.975786e+01 2.236893e+01 6.600000e+01
   vertex -3.000066e+01 2.266319e+01 6.140000e+01
   vertex -2.978756e+01 2.239926e+01 6.140000e+01
  endloop
 endfacet
 facet normal -5.243032e-01 -8.515226e-01 3.931959e-03
  outer loop
   vertex -2.910901e+01 2.193538e+01 6.600000e+01
   vertex -2.953291e+01 2.217515e+01 6.140000e+01
   vertex -2.924405e+01 2.199729e+01 6.140000e+01
  endloop
 endfacet
 facet normal -6.606748e-01 -7.506720e-01 -6.849792e-04
  outer loop
   vertex -2.975786e+01 2.236893e+01 6.600000e+01
   vertex -2.978756e+01 2.239926e+01 6.140000e+01
   vertex -2.953291e+01 2.217515e+01 6.140000e+01
  endloop
 endfacet
 facet normal -8.730136e-01 -4.876958e-01 1.668766e-04
  outer loop
   vertex -3.016848e+01 2.296463e+01 6.440000e+01
   vertex -3.016610e+01 2.295934e+01 6.140000e+01
   vertex -3.000066e+01 2.266319e+01 6.140000e+01
  endloop
 endfacet
 facet normal -2.106724e-01 -9.775413e-01 5.491937e-03
  outer loop
   vertex -2.910901e+01 2.193538e+01 6.600000e+01
   vertex -2.892929e+01 2.187081e+01 6.140000e+01
   vertex -2.859768e+01 2.179934e+01 6.140000e+01
  endloop
 endfacet
 facet normal 1.270158e-01 -9.918988e-01 1.955133e-03
  outer loop
   vertex -2.834365e+01 2.178314e+01 6.600000e+01
   vertex -2.825876e+01 2.178494e+01 6.140000e+01
   vertex -2.792229e+01 2.182803e+01 6.140000e+01
  endloop
 endfacet
 facet normal -4.244017e-02 -9.990983e-01 -1.174622e-03
  outer loop
   vertex -2.834365e+01 2.178314e+01 6.600000e+01
   vertex -2.859768e+01 2.179934e+01 6.140000e+01
   vertex -2.825876e+01 2.178494e+01 6.140000e+01
  endloop
 endfacet
 facet normal 4.502046e-01 -8.929254e-01 -3.669781e-04
  outer loop
   vertex -2.757828e+01 2.193538e+01 6.600000e+01
   vertex -2.759793e+01 2.192736e+01 6.140000e+01
   vertex -2.729503e+01 2.208008e+01 6.140000e+01
  endloop
 endfacet
 facet normal 7.219537e-01 -6.919398e-01 -1.468364e-03
  outer loop
   vertex -2.692943e+01 2.236893e+01 6.600000e+01
   vertex -2.702229e+01 2.228180e+01 6.140000e+01
   vertex -2.678757e+01 2.252670e+01 6.140000e+01
  endloop
 endfacet
 facet normal 5.946289e-01 -8.039938e-01 3.224563e-03
  outer loop
   vertex -2.692943e+01 2.236893e+01 6.600000e+01
   vertex -2.729503e+01 2.208008e+01 6.140000e+01
   vertex -2.702229e+01 2.228180e+01 6.140000e+01
  endloop
 endfacet
 facet normal 2.928240e-01 -9.561663e-01 4.156631e-04
  outer loop
   vertex -2.757828e+01 2.193538e+01 6.600000e+01
   vertex -2.792229e+01 2.182803e+01 6.140000e+01
   vertex -2.759793e+01 2.192736e+01 6.140000e+01
  endloop
 endfacet
 facet normal -3.728585e-01 -9.278870e-01 -1.541656e-03
  outer loop
   vertex -2.910901e+01 2.193538e+01 6.600000e+01
   vertex -2.924405e+01 2.199729e+01 6.140000e+01
   vertex -2.892929e+01 2.187081e+01 6.140000e+01
  endloop
 endfacet
 facet normal -8.233439e-01 -5.675428e-01 0.000000e+00
  outer loop
   vertex -2.975786e+01 2.236893e+01 6.600000e+01
   vertex -3.016848e+01 2.296463e+01 6.600000e+01
   vertex -3.016848e+01 2.296463e+01 6.520000e+01
  endloop
 endfacet
 facet normal -8.233439e-01 -5.675428e-01 0.000000e+00
  outer loop
   vertex -3.016848e+01 2.296463e+01 6.440000e+01
   vertex -2.975786e+01 2.236893e+01 6.600000e+01
   vertex -3.016848e+01 2.296463e+01 6.520000e+01
  endloop
 endfacet
 facet normal -8.341409e-01 -5.514820e-01 8.750601e-03
  outer loop
   vertex -3.016848e+01 2.296463e+01 6.440000e+01
   vertex -3.000066e+01 2.266319e+01 6.140000e+01
   vertex -2.975786e+01 2.236893e+01 6.600000e+01
  endloop
 endfacet
 facet normal -5.555531e-01 -8.314440e-01 7.858259e-03
  outer loop
   vertex -2.953291e+01 2.217515e+01 6.140000e+01
   vertex -2.910901e+01 2.193538e+01 6.600000e+01
   vertex -2.975786e+01 2.236893e+01 6.600000e+01
  endloop
 endfacet
 facet normal 9.112269e-01 -4.119025e-01 -1.345836e-03
  outer loop
   vertex -2.649589e+01 2.301777e+01 6.600000e+01
   vertex -2.659762e+01 2.280775e+01 6.140000e+01
   vertex -2.645789e+01 2.311686e+01 6.140000e+01
  endloop
 endfacet
 facet normal 9.963979e-01 -8.480149e-02 0.000000e+00
  outer loop
   vertex -2.634365e+01 2.378314e+01 6.600000e+01
   vertex -2.637241e+01 2.344514e+01 6.140000e+01
   vertex -2.634365e+01 2.378314e+01 6.140000e+01
  endloop
 endfacet
 facet normal 9.677294e-01 -2.519786e-01 2.565737e-03
  outer loop
   vertex -2.649589e+01 2.301777e+01 6.600000e+01
   vertex -2.645789e+01 2.311686e+01 6.140000e+01
   vertex -2.637241e+01 2.344514e+01 6.140000e+01
  endloop
 endfacet
 facet normal 1.950832e-01 -9.807516e-01 8.298888e-03
  outer loop
   vertex -2.757828e+01 2.193538e+01 6.600000e+01
   vertex -2.834365e+01 2.178314e+01 6.600000e+01
   vertex -2.792229e+01 2.182803e+01 6.140000e+01
  endloop
 endfacet
 facet normal 8.314498e-01 -5.555561e-01 6.977246e-03
  outer loop
   vertex -2.649589e+01 2.301777e+01 6.600000e+01
   vertex -2.692943e+01 2.236893e+01 6.600000e+01
   vertex -2.659762e+01 2.280775e+01 6.140000e+01
  endloop
 endfacet
 facet normal 9.807524e-01 -1.950834e-01 8.201195e-03
  outer loop
   vertex -2.637241e+01 2.344514e+01 6.140000e+01
   vertex -2.634365e+01 2.378314e+01 6.600000e+01
   vertex -2.649589e+01 2.301777e+01 6.600000e+01
  endloop
 endfacet
 facet normal 5.555522e-01 -8.314427e-01 8.053894e-03
  outer loop
   vertex -2.757828e+01 2.193538e+01 6.600000e+01
   vertex -2.729503e+01 2.208008e+01 6.140000e+01
   vertex -2.692943e+01 2.236893e+01 6.600000e+01
  endloop
 endfacet
 facet normal -1.950852e-01 -9.807590e-01 7.319753e-03
  outer loop
   vertex -2.859768e+01 2.179934e+01 6.140000e+01
   vertex -2.834365e+01 2.178314e+01 6.600000e+01
   vertex -2.910901e+01 2.193538e+01 6.600000e+01
  endloop
 endfacet
 facet normal 0.000000e+00 0.000000e+00 1.000000e+00
  outer loop
   vertex -3.028178e+01 2.328956e+01 6.600000e+01
   vertex -3.033459e+01 2.397321e+01 6.600000e+01
   vertex -3.033770e+01 2.362911e+01 6.600000e+01
  endloop
 endfacet
 facet normal -0.000000e+00 0.000000e+00 1.000000e+00
  outer loop
   vertex -3.028178e+01 2.328956e+01 6.600000e+01
   vertex -2.910901e+01 2.193538e+01 6.600000e+01
   vertex -2.998065e+01 2.493215e+01 6.600000e+01
  endloop
 endfacet
 facet normal 0.000000e+00 0.000000e+00 1.000000e+00
  outer loop
   vertex -2.998065e+01 2.493215e+01 6.600000e+01
   vertex -3.033459e+01 2.397321e+01 6.600000e+01
   vertex -3.028178e+01 2.328956e+01 6.600000e+01
  endloop
 endfacet
 facet normal -0.000000e+00 -0.000000e+00 1.000000e+00
  outer loop
   vertex -3.016848e+01 2.296463e+01 6.600000e+01
   vertex -2.910901e+01 2.193538e+01 6.600000e+01
   vertex -3.028178e+01 2.328956e+01 6.600000e+01
  endloop
 endfacet
 facet normal -0.000000e+00 0.000000e+00 1.000000e+00
  outer loop
   vertex -3.027254e+01 2.431169e+01 6.600000e+01
   vertex -3.033459e+01 2.397321e+01 6.600000e+01
   vertex -3.015338e+01 2.463452e+01 6.600000e+01
  endloop
 endfacet
 facet normal -0.000000e+00 0.000000e+00 1.000000e+00
  outer loop
   vertex -3.015338e+01 2.463452e+01 6.600000e+01
   vertex -3.033459e+01 2.397321e+01 6.600000e+01
   vertex -2.998065e+01 2.493215e+01 6.600000e+01
  endloop
 endfacet
 facet normal -0.000000e+00 0.000000e+00 1.000000e+00
  outer loop
   vertex -2.919911e+01 2.559095e+01 6.600000e+01
   vertex -2.949635e+01 2.541755e+01 6.600000e+01
   vertex -2.887655e+01 2.571084e+01 6.600000e+01
  endloop
 endfacet
 facet normal -0.000000e+00 0.000000e+00 1.000000e+00
  outer loop
   vertex -2.949635e+01 2.541755e+01 6.600000e+01
   vertex -2.975945e+01 2.519576e+01 6.600000e+01
   vertex -2.853822e+01 2.577365e+01 6.600000e+01
  endloop
 endfacet
 facet normal 0.000000e+00 0.000000e+00 1.000000e+00
  outer loop
   vertex -2.785445e+01 2.572239e+01 6.600000e+01
   vertex -2.975945e+01 2.519576e+01 6.600000e+01
   vertex -2.998065e+01 2.493215e+01 6.600000e+01
  endloop
 endfacet
 facet normal 0.000000e+00 0.000000e+00 1.000000e+00
  outer loop
   vertex -2.910901e+01 2.193538e+01 6.600000e+01
   vertex -3.016848e+01 2.296463e+01 6.600000e+01
   vertex -2.975786e+01 2.236893e+01 6.600000e+01
  endloop
 endfacet
 facet normal 0.000000e+00 0.000000e+00 1.000000e+00
  outer loop
   vertex -2.757828e+01 2.193538e+01 6.600000e+01
   vertex -2.910901e+01 2.193538e+01 6.600000e+01
   vertex -2.834365e+01 2.178314e+01 6.600000e+01
  endloop
 endfacet
 facet normal 0.000000e+00 0.000000e+00 1.000000e+00
  outer loop
   vertex -2.649589e+01 2.301777e+01 6.600000e+01
   vertex -2.910901e+01 2.193538e+01 6.600000e+01
   vertex -2.757828e+01 2.193538e+01 6.600000e+01
  endloop
 endfacet
 facet normal 0.000000e+00 0.000000e+00 1.000000e+00
  outer loop
   vertex -2.649589e+01 2.454851e+01 6.600000e+01
   vertex -2.910901e+01 2.193538e+01 6.600000e+01
   vertex -2.649589e+01 2.301777e+01 6.600000e+01
  endloop
 endfacet
 facet normal 0.000000e+00 -0.000000e+00 1.000000e+00
  outer loop
   vertex -2.692943e+01 2.236893e+01 6.600000e+01
   vertex -2.649589e+01 2.301777e+01 6.600000e+01
   vertex -2.757828e+01 2.193538e+01 6.600000e+01
  endloop
 endfacet
 facet normal 0.000000e+00 0.000000e+00 1.000000e+00
  outer loop
   vertex -2.634365e+01 2.378314e+01 6.600000e+01
   vertex -2.649589e+01 2.454851e+01 6.600000e+01
   vertex -2.649589e+01 2.301777e+01 6.600000e+01
  endloop
 endfacet
 facet normal 0.000000e+00 0.000000e+00 1.000000e+00
  outer loop
   vertex -2.819412e+01 2.577754e+01 6.600000e+01
   vertex -2.853822e+01 2.577365e+01 6.600000e+01
   vertex -2.785445e+01 2.572239e+01 6.600000e+01
  endloop
 endfacet
 facet normal 0.000000e+00 0.000000e+00 1.000000e+00
  outer loop
   vertex -2.949635e+01 2.541755e+01 6.600000e+01
   vertex -2.853822e+01 2.577365e+01 6.600000e+01
   vertex -2.887655e+01 2.571084e+01 6.600000e+01
  endloop
 endfacet
 facet normal 0.000000e+00 0.000000e+00 1.000000e+00
  outer loop
   vertex -2.692943e+01 2.519736e+01 6.600000e+01
   vertex -2.785445e+01 2.572239e+01 6.600000e+01
   vertex -2.649589e+01 2.454851e+01 6.600000e+01
  endloop
 endfacet
 facet normal 0.000000e+00 0.000000e+00 1.000000e+00
  outer loop
   vertex -2.853822e+01 2.577365e+01 6.600000e+01
   vertex -2.975945e+01 2.519576e+01 6.600000e+01
   vertex -2.785445e+01 2.572239e+01 6.600000e+01
  endloop
 endfacet
 facet normal -0.000000e+00 0.000000e+00 1.000000e+00
  outer loop
   vertex -2.998065e+01 2.493215e+01 6.600000e+01
   vertex -2.649589e+01 2.454851e+01 6.600000e+01
   vertex -2.785445e+01 2.572239e+01 6.600000e+01
  endloop
 endfacet
 facet normal 0.000000e+00 0.000000e+00 1.000000e+00
  outer loop
   vertex -2.649589e+01 2.454851e+01 6.600000e+01
   vertex -2.998065e+01 2.493215e+01 6.600000e+01
   vertex -2.910901e+01 2.193538e+01 6.600000e+01
  endloop
 endfacet
 facet normal 9.963975e-01 8.480568e-02 0.000000e+00
  outer loop
   vertex -4.424983e+00 -3.643789e+01 6.600000e+01
   vertex -4.424983e+00 -3.643789e+01 6.140000e+01
   vertex -4.453751e+00 -3.609988e+01 6.140000e+01
  endloop
 endfacet
 facet normal 9.112269e-01 4.119025e-01 -1.345931e-03
  outer loop
   vertex -4.577223e+00 -3.567252e+01 6.600000e+01
   vertex -4.539227e+00 -3.577161e+01 6.140000e+01
   vertex -4.678954e+00 -3.546250e+01 6.140000e+01
  endloop
 endfacet
 facet normal 9.677297e-01 2.519773e-01 2.565666e-03
  outer loop
   vertex -4.577223e+00 -3.567252e+01 6.600000e+01
   vertex -4.453751e+00 -3.609988e+01 6.140000e+01
   vertex -4.539227e+00 -3.577161e+01 6.140000e+01
  endloop
 endfacet
 facet normal 7.219544e-01 6.919391e-01 -1.468243e-03
  outer loop
   vertex -5.010769e+00 -3.502367e+01 6.600000e+01
   vertex -4.868911e+00 -3.518145e+01 6.140000e+01
   vertex -5.103633e+00 -3.493654e+01 6.140000e+01
  endloop
 endfacet
 facet normal 4.502074e-01 8.929240e-01 -3.670858e-04
  outer loop
   vertex -5.659616e+00 -3.459013e+01 6.600000e+01
   vertex -5.376368e+00 -3.473483e+01 6.140000e+01
   vertex -5.679270e+00 -3.458211e+01 6.140000e+01
  endloop
 endfacet
 facet normal 5.946296e-01 8.039933e-01 3.224663e-03
  outer loop
   vertex -5.010769e+00 -3.502367e+01 6.600000e+01
   vertex -5.103633e+00 -3.493654e+01 6.140000e+01
   vertex -5.376368e+00 -3.473483e+01 6.140000e+01
  endloop
 endfacet
 facet normal 8.284938e-01 5.599623e-01 6.343863e-03
  outer loop
   vertex -5.010769e+00 -3.502367e+01 6.600000e+01
   vertex -4.678954e+00 -3.546250e+01 6.140000e+01
   vertex -4.868911e+00 -3.518145e+01 6.140000e+01
  endloop
 endfacet
 facet normal 1.270162e-01 9.918987e-01 1.954715e-03
  outer loop
   vertex -6.424983e+00 -3.443789e+01 6.600000e+01
   vertex -6.003624e+00 -3.448278e+01 6.140000e+01
   vertex -6.340100e+00 -3.443969e+01 6.140000e+01
  endloop
 endfacet
 facet normal -2.106786e-01 9.775400e-01 5.490798e-03
  outer loop
   vertex -7.190350e+00 -3.459013e+01 6.600000e+01
   vertex -6.679018e+00 -3.445409e+01 6.140000e+01
   vertex -7.010628e+00 -3.452555e+01 6.140000e+01
  endloop
 endfacet
 facet normal -4.244005e-02 9.990983e-01 -1.175029e-03
  outer loop
   vertex -6.424983e+00 -3.443789e+01 6.600000e+01
   vertex -6.340100e+00 -3.443969e+01 6.140000e+01
   vertex -6.679018e+00 -3.445409e+01 6.140000e+01
  endloop
 endfacet
 facet normal -5.243010e-01 8.515239e-01 3.931524e-03
  outer loop
   vertex -7.190350e+00 -3.459013e+01 6.600000e+01
   vertex -7.325390e+00 -3.465203e+01 6.140000e+01
   vertex -7.614249e+00 -3.482989e+01 6.140000e+01
  endloop
 endfacet
 facet normal -7.780346e-01 6.282208e-01 8.803516e-04
  outer loop
   vertex -7.839196e+00 -3.502367e+01 6.600000e+01
   vertex -7.868895e+00 -3.505401e+01 6.140000e+01
   vertex -8.082002e+00 -3.531794e+01 6.140000e+01
  endloop
 endfacet
 facet normal -6.606758e-01 7.506710e-01 -6.848290e-04
  outer loop
   vertex -7.839196e+00 -3.502367e+01 6.600000e+01
   vertex -7.614249e+00 -3.482989e+01 6.140000e+01
   vertex -7.868895e+00 -3.505401e+01 6.140000e+01
  endloop
 endfacet
 facet normal -3.728522e-01 9.278895e-01 -1.542259e-03
  outer loop
   vertex -7.190350e+00 -3.459013e+01 6.600000e+01
   vertex -7.010628e+00 -3.452555e+01 6.140000e+01
   vertex -7.325390e+00 -3.465203e+01 6.140000e+01
  endloop
 endfacet
 facet normal 2.928188e-01 9.561678e-01 4.156271e-04
  outer loop
   vertex -5.659616e+00 -3.459013e+01 6.600000e+01
   vertex -5.679270e+00 -3.458211e+01 6.140000e+01
   vertex -6.003624e+00 -3.448278e+01 6.140000e+01
  endloop
 endfacet
 facet normal 9.807523e-01 1.950838e-01 8.200925e-03
  outer loop
   vertex -4.577223e+00 -3.567252e+01 6.600000e+01
   vertex -4.424983e+00 -3.643789e+01 6.600000e+01
   vertex -4.453751e+00 -3.609988e+01 6.140000e+01
  endloop
 endfacet
 facet normal 5.555544e-01 8.314412e-01 8.053793e-03
  outer loop
   vertex -5.010769e+00 -3.502367e+01 6.600000e+01
   vertex -5.376368e+00 -3.473483e+01 6.140000e+01
   vertex -5.659616e+00 -3.459013e+01 6.600000e+01
  endloop
 endfacet
 facet normal 8.314489e-01 5.555574e-01 6.977236e-03
  outer loop
   vertex -4.678954e+00 -3.546250e+01 6.140000e+01
   vertex -5.010769e+00 -3.502367e+01 6.600000e+01
   vertex -4.577223e+00 -3.567252e+01 6.600000e+01
  endloop
 endfacet
 facet normal -8.730154e-01 4.876906e-01 1.393154e-03
  outer loop
   vertex -8.272741e+00 -3.567252e+01 6.600000e+01
   vertex -8.082002e+00 -3.531794e+01 6.140000e+01
   vertex -8.247439e+00 -3.561409e+01 6.140000e+01
  endloop
 endfacet
 facet normal 1.950833e-01 9.807516e-01 8.298431e-03
  outer loop
   vertex -6.424983e+00 -3.443789e+01 6.600000e+01
   vertex -5.659616e+00 -3.459013e+01 6.600000e+01
   vertex -6.003624e+00 -3.448278e+01 6.140000e+01
  endloop
 endfacet
 facet normal -5.555553e-01 8.314424e-01 7.858372e-03
  outer loop
   vertex -7.839196e+00 -3.502367e+01 6.600000e+01
   vertex -7.190350e+00 -3.459013e+01 6.600000e+01
   vertex -7.614249e+00 -3.482989e+01 6.140000e+01
  endloop
 endfacet
 facet normal -1.950848e-01 9.807591e-01 7.319387e-03
  outer loop
   vertex -6.424983e+00 -3.443789e+01 6.600000e+01
   vertex -6.679018e+00 -3.445409e+01 6.140000e+01
   vertex -7.190350e+00 -3.459013e+01 6.600000e+01
  endloop
 endfacet
 facet normal -8.314405e-01 5.555511e-01 8.347992e-03
  outer loop
   vertex -8.082002e+00 -3.531794e+01 6.140000e+01
   vertex -8.272741e+00 -3.567252e+01 6.600000e+01
   vertex -7.839196e+00 -3.502367e+01 6.600000e+01
  endloop
 endfacet
 facet normal -9.855745e-01 1.689927e-01 9.188251e-03
  outer loop
   vertex -8.272741e+00 -3.567252e+01 6.600000e+01
   vertex -8.360449e+00 -3.593393e+01 6.140000e+01
   vertex -8.417778e+00 -3.626828e+01 6.140000e+01
  endloop
 endfacet
 facet normal -9.856148e-01 -1.690016e-01 1.388251e-03
  outer loop
   vertex -8.349019e+00 -3.698386e+01 6.440000e+01
   vertex -8.417778e+00 -3.660750e+01 6.140000e+01
   vertex -8.360449e+00 -3.694184e+01 6.140000e+01
  endloop
 endfacet
 facet normal -9.997374e-01 0.000000e+00 2.291364e-02
  outer loop
   vertex -8.349019e+00 -3.698386e+01 6.440000e+01
   vertex -8.417778e+00 -3.626828e+01 6.140000e+01
   vertex -8.417778e+00 -3.660750e+01 6.140000e+01
  endloop
 endfacet
 facet normal -9.983125e-01 5.806977e-02 0.000000e+00
  outer loop
   vertex -8.349019e+00 -3.698386e+01 6.520000e+01
   vertex -8.349019e+00 -3.698386e+01 6.600000e+01
   vertex -8.272741e+00 -3.567252e+01 6.600000e+01
  endloop
 endfacet
 facet normal -9.987694e-01 4.222068e-02 2.602283e-02
  outer loop
   vertex -8.417778e+00 -3.626828e+01 6.140000e+01
   vertex -8.349019e+00 -3.698386e+01 6.520000e+01
   vertex -8.272741e+00 -3.567252e+01 6.600000e+01
  endloop
 endfacet
 facet normal -9.954152e-01 -9.564790e-02 0.000000e+00
  outer loop
   vertex -8.349019e+00 -3.698386e+01 6.440000e+01
   vertex -8.349019e+00 -3.698386e+01 6.520000e+01
   vertex -8.417778e+00 -3.626828e+01 6.140000e+01
  endloop
 endfacet
 facet normal -9.428766e-01 -3.331403e-01 -1.073346e-03
  outer loop
   vertex -8.360449e+00 -3.694184e+01 6.140000e+01
   vertex -8.247439e+00 -3.726169e+01 6.140000e+01
   vertex -8.349019e+00 -3.698386e+01 6.440000e+01
  endloop
 endfacet
 facet normal -9.428755e-01 3.331439e-01 -9.543041e-04
  outer loop
   vertex -8.247439e+00 -3.561409e+01 6.140000e+01
   vertex -8.360449e+00 -3.593393e+01 6.140000e+01
   vertex -8.272741e+00 -3.567252e+01 6.600000e+01
  endloop
 endfacet
 facet normal -7.780387e-01 -6.282150e-01 -1.272157e-03
  outer loop
   vertex -8.082002e+00 -3.755783e+01 6.140000e+01
   vertex -7.868895e+00 -3.782177e+01 6.140000e+01
   vertex -8.051532e+00 -3.760165e+01 6.440000e+01
  endloop
 endfacet
 facet normal -5.243127e-01 -8.515246e-01 -1.455225e-03
  outer loop
   vertex -7.614249e+00 -3.804588e+01 6.140000e+01
   vertex -7.325390e+00 -3.822374e+01 6.140000e+01
   vertex -7.562858e+00 -3.808265e+01 6.440000e+01
  endloop
 endfacet
 facet normal -6.606690e-01 -7.506761e-01 -1.365290e-03
  outer loop
   vertex -7.868895e+00 -3.782177e+01 6.140000e+01
   vertex -7.614249e+00 -3.804588e+01 6.140000e+01
   vertex -7.827962e+00 -3.786325e+01 6.440000e+01
  endloop
 endfacet
 facet normal -2.106815e-01 -9.775534e-01 -1.621392e-03
  outer loop
   vertex -7.010628e+00 -3.835022e+01 6.140000e+01
   vertex -6.679018e+00 -3.842169e+01 6.140000e+01
   vertex -6.940437e+00 -3.837032e+01 6.440000e+01
  endloop
 endfacet
 facet normal 1.270162e-01 -9.918991e-01 -1.771040e-03
  outer loop
   vertex -6.340100e+00 -3.843608e+01 6.140000e+01
   vertex -6.003624e+00 -3.839300e+01 6.140000e+01
   vertex -6.257428e+00 -3.843085e+01 6.440000e+01
  endloop
 endfacet
 facet normal -4.244002e-02 -9.990976e-01 -1.697676e-03
  outer loop
   vertex -6.679018e+00 -3.842169e+01 6.140000e+01
   vertex -6.340100e+00 -3.843608e+01 6.140000e+01
   vertex -6.601546e+00 -3.843008e+01 6.440000e+01
  endloop
 endfacet
 facet normal -3.728522e-01 -9.278895e-01 -1.539157e-03
  outer loop
   vertex -7.325390e+00 -3.822374e+01 6.140000e+01
   vertex -7.010628e+00 -3.835022e+01 6.140000e+01
   vertex -7.264068e+00 -3.825336e+01 6.440000e+01
  endloop
 endfacet
 facet normal 4.501976e-01 -8.929269e-01 -1.906196e-03
  outer loop
   vertex -5.594114e+00 -3.825713e+01 6.440000e+01
   vertex -5.679270e+00 -3.829366e+01 6.140000e+01
   vertex -5.376368e+00 -3.814095e+01 6.140000e+01
  endloop
 endfacet
 facet normal 7.219537e-01 -6.919384e-01 -2.024020e-03
  outer loop
   vertex -5.103633e+00 -3.793923e+01 6.140000e+01
   vertex -4.868911e+00 -3.769433e+01 6.140000e+01
   vertex -5.028462e+00 -3.786958e+01 6.440000e+01
  endloop
 endfacet
 facet normal 5.946315e-01 -8.039960e-01 -1.966785e-03
  outer loop
   vertex -5.376368e+00 -3.814095e+01 6.140000e+01
   vertex -5.103633e+00 -3.793923e+01 6.140000e+01
   vertex -5.294556e+00 -3.808778e+01 6.440000e+01
  endloop
 endfacet
 facet normal 9.112269e-01 -4.119025e-01 -1.345931e-03
  outer loop
   vertex -4.577223e+00 -3.720325e+01 6.600000e+01
   vertex -4.678954e+00 -3.741328e+01 6.140000e+01
   vertex -4.539227e+00 -3.710417e+01 6.140000e+01
  endloop
 endfacet
 facet normal 9.963976e-01 -8.480473e-02 0.000000e+00
  outer loop
   vertex -4.424983e+00 -3.643789e+01 6.600000e+01
   vertex -4.453751e+00 -3.677589e+01 6.140000e+01
   vertex -4.424983e+00 -3.643789e+01 6.140000e+01
  endloop
 endfacet
 facet normal 9.677297e-01 -2.519773e-01 2.565666e-03
  outer loop
   vertex -4.577223e+00 -3.720325e+01 6.600000e+01
   vertex -4.539227e+00 -3.710417e+01 6.140000e+01
   vertex -4.453751e+00 -3.677589e+01 6.140000e+01
  endloop
 endfacet
 facet normal 8.285087e-01 -5.599723e-01 -2.077131e-03
  outer loop
   vertex -4.803711e+00 -3.760899e+01 6.440000e+01
   vertex -4.868911e+00 -3.769433e+01 6.140000e+01
   vertex -4.678954e+00 -3.741328e+01 6.140000e+01
  endloop
 endfacet
 facet normal 2.928287e-01 -9.561632e-01 -1.841188e-03
  outer loop
   vertex -6.003624e+00 -3.839300e+01 6.140000e+01
   vertex -5.679270e+00 -3.829366e+01 6.140000e+01
   vertex -5.918271e+00 -3.837263e+01 6.440000e+01
  endloop
 endfacet
 facet normal -8.603172e-01 -5.097574e-01 1.293461e-03
  outer loop
   vertex -8.051532e+00 -3.760165e+01 6.440000e+01
   vertex -8.226949e+00 -3.730560e+01 6.440000e+01
   vertex -8.082002e+00 -3.755783e+01 6.140000e+01
  endloop
 endfacet
 facet normal 8.731690e-01 -4.874176e-01 0.000000e+00
  outer loop
   vertex -4.803711e+00 -3.760899e+01 6.520000e+01
   vertex -4.577223e+00 -3.720325e+01 6.600000e+01
   vertex -4.803711e+00 -3.760899e+01 6.600000e+01
  endloop
 endfacet
 facet normal 8.731690e-01 -4.874176e-01 0.000000e+00
  outer loop
   vertex -4.803711e+00 -3.760899e+01 6.440000e+01
   vertex -4.577223e+00 -3.720325e+01 6.600000e+01
   vertex -4.803711e+00 -3.760899e+01 6.520000e+01
  endloop
 endfacet
 facet normal 8.671144e-01 -4.980962e-01 3.564975e-03
  outer loop
   vertex -4.678954e+00 -3.741328e+01 6.140000e+01
   vertex -4.577223e+00 -3.720325e+01 6.600000e+01
   vertex -4.803711e+00 -3.760899e+01 6.440000e+01
  endloop
 endfacet
 facet normal 9.807525e-01 -1.950829e-01 8.201017e-03
  outer loop
   vertex -4.577223e+00 -3.720325e+01 6.600000e+01
   vertex -4.453751e+00 -3.677589e+01 6.140000e+01
   vertex -4.424983e+00 -3.643789e+01 6.600000e+01
  endloop
 endfacet
 facet normal 4.921478e-01 -8.705094e-01 2.006850e-03
  outer loop
   vertex -5.294556e+00 -3.808778e+01 6.440000e+01
   vertex -5.594114e+00 -3.825713e+01 6.440000e+01
   vertex -5.376368e+00 -3.814095e+01 6.140000e+01
  endloop
 endfacet
 facet normal 0.000000e+00 0.000000e+00 1.000000e+00
  outer loop
   vertex -7.562858e+00 -3.808265e+01 6.600000e+01
   vertex -8.349019e+00 -3.698386e+01 6.600000e+01
   vertex -7.827962e+00 -3.786325e+01 6.600000e+01
  endloop
 endfacet
 facet normal 0.000000e+00 0.000000e+00 1.000000e+00
  outer loop
   vertex -6.940437e+00 -3.837032e+01 6.600000e+01
   vertex -8.349019e+00 -3.698386e+01 6.600000e+01
   vertex -7.264068e+00 -3.825336e+01 6.600000e+01
  endloop
 endfacet
 facet normal 0.000000e+00 0.000000e+00 1.000000e+00
  outer loop
   vertex -8.349019e+00 -3.698386e+01 6.600000e+01
   vertex -7.562858e+00 -3.808265e+01 6.600000e+01
   vertex -7.264068e+00 -3.825336e+01 6.600000e+01
  endloop
 endfacet
 facet normal 0.000000e+00 0.000000e+00 1.000000e+00
  outer loop
   vertex -6.601546e+00 -3.843008e+01 6.600000e+01
   vertex -8.349019e+00 -3.698386e+01 6.600000e+01
   vertex -6.940437e+00 -3.837032e+01 6.600000e+01
  endloop
 endfacet
 facet normal 0.000000e+00 0.000000e+00 1.000000e+00
  outer loop
   vertex -7.839196e+00 -3.502367e+01 6.600000e+01
   vertex -8.272741e+00 -3.567252e+01 6.600000e+01
   vertex -8.349019e+00 -3.698386e+01 6.600000e+01
  endloop
 endfacet
 facet normal -0.000000e+00 -0.000000e+00 1.000000e+00
  outer loop
   vertex -8.226949e+00 -3.730560e+01 6.600000e+01
   vertex -8.051532e+00 -3.760165e+01 6.600000e+01
   vertex -8.349019e+00 -3.698386e+01 6.600000e+01
  endloop
 endfacet
 facet normal 0.000000e+00 0.000000e+00 1.000000e+00
  outer loop
   vertex -7.839196e+00 -3.502367e+01 6.600000e+01
   vertex -5.010769e+00 -3.502367e+01 6.600000e+01
   vertex -5.659616e+00 -3.459013e+01 6.600000e+01
  endloop
 endfacet
 facet normal -0.000000e+00 0.000000e+00 1.000000e+00
  outer loop
   vertex -8.349019e+00 -3.698386e+01 6.600000e+01
   vertex -6.257428e+00 -3.843085e+01 6.600000e+01
   vertex -7.839196e+00 -3.502367e+01 6.600000e+01
  endloop
 endfacet
 facet normal 0.000000e+00 0.000000e+00 1.000000e+00
  outer loop
   vertex -7.827962e+00 -3.786325e+01 6.600000e+01
   vertex -8.349019e+00 -3.698386e+01 6.600000e+01
   vertex -8.051532e+00 -3.760165e+01 6.600000e+01
  endloop
 endfacet
 facet normal 0.000000e+00 0.000000e+00 1.000000e+00
  outer loop
   vertex -6.257428e+00 -3.843085e+01 6.600000e+01
   vertex -8.349019e+00 -3.698386e+01 6.600000e+01
   vertex -6.601546e+00 -3.843008e+01 6.600000e+01
  endloop
 endfacet
 facet normal 0.000000e+00 -0.000000e+00 1.000000e+00
  outer loop
   vertex -5.918271e+00 -3.837263e+01 6.600000e+01
   vertex -5.010769e+00 -3.502367e+01 6.600000e+01
   vertex -7.839196e+00 -3.502367e+01 6.600000e+01
  endloop
 endfacet
 facet normal 0.000000e+00 -0.000000e+00 1.000000e+00
  outer loop
   vertex -5.594114e+00 -3.825713e+01 6.600000e+01
   vertex -5.294556e+00 -3.808778e+01 6.600000e+01
   vertex -5.918271e+00 -3.837263e+01 6.600000e+01
  endloop
 endfacet
 facet normal 0.000000e+00 0.000000e+00 1.000000e+00
  outer loop
   vertex -5.010769e+00 -3.502367e+01 6.600000e+01
   vertex -5.918271e+00 -3.837263e+01 6.600000e+01
   vertex -5.028462e+00 -3.786958e+01 6.600000e+01
  endloop
 endfacet
 facet normal 0.000000e+00 -0.000000e+00 1.000000e+00
  outer loop
   vertex -5.294556e+00 -3.808778e+01 6.600000e+01
   vertex -5.028462e+00 -3.786958e+01 6.600000e+01
   vertex -5.918271e+00 -3.837263e+01 6.600000e+01
  endloop
 endfacet
 facet normal 0.000000e+00 0.000000e+00 1.000000e+00
  outer loop
   vertex -5.028462e+00 -3.786958e+01 6.600000e+01
   vertex -4.803711e+00 -3.760899e+01 6.600000e+01
   vertex -5.010769e+00 -3.502367e+01 6.600000e+01
  endloop
 endfacet
 facet normal 0.000000e+00 0.000000e+00 1.000000e+00
  outer loop
   vertex -7.190350e+00 -3.459013e+01 6.600000e+01
   vertex -5.659616e+00 -3.459013e+01 6.600000e+01
   vertex -6.424983e+00 -3.443789e+01 6.600000e+01
  endloop
 endfacet
 facet normal 0.000000e+00 0.000000e+00 1.000000e+00
  outer loop
   vertex -5.010769e+00 -3.502367e+01 6.600000e+01
   vertex -4.424983e+00 -3.643789e+01 6.600000e+01
   vertex -4.577223e+00 -3.567252e+01 6.600000e+01
  endloop
 endfacet
 facet normal 0.000000e+00 0.000000e+00 1.000000e+00
  outer loop
   vertex -4.424983e+00 -3.643789e+01 6.600000e+01
   vertex -5.010769e+00 -3.502367e+01 6.600000e+01
   vertex -4.803711e+00 -3.760899e+01 6.600000e+01
  endloop
 endfacet
 facet normal 0.000000e+00 0.000000e+00 1.000000e+00
  outer loop
   vertex -4.803711e+00 -3.760899e+01 6.600000e+01
   vertex -4.577223e+00 -3.720325e+01 6.600000e+01
   vertex -4.424983e+00 -3.643789e+01 6.600000e+01
  endloop
 endfacet
 facet normal 0.000000e+00 0.000000e+00 1.000000e+00
  outer loop
   vertex -7.839196e+00 -3.502367e+01 6.600000e+01
   vertex -6.257428e+00 -3.843085e+01 6.600000e+01
   vertex -5.918271e+00 -3.837263e+01 6.600000e+01
  endloop
 endfacet
 facet normal -1.736482e-01 -9.848078e-01 -0.000000e+00
  outer loop
   vertex -5.173273e+00 -3.970488e+01 6.600000e+01
   vertex -8.718581e+00 -3.907974e+01 6.440000e+01
   vertex -5.173273e+00 -3.970488e+01 6.440000e+01
  endloop
 endfacet
 facet normal -7.660443e-01 6.427877e-01 0.000000e+00
  outer loop
   vertex -3.179880e+01 2.433262e+01 6.600000e+01
   vertex -2.948476e+01 2.709038e+01 6.440000e+01
   vertex -3.179880e+01 2.433262e+01 6.440000e+01
  endloop
 endfacet
 facet normal 9.396925e-01 3.420204e-01 0.000000e+00
  outer loop
   vertex 3.697207e+01 1.537225e+01 6.600000e+01
   vertex 3.820334e+01 1.198936e+01 6.440000e+01
   vertex 3.697207e+01 1.537225e+01 6.440000e+01
  endloop
 endfacet
 facet normal 0.000000e+00 0.000000e+00 -1.000000e+00
  outer loop
   vertex 4.439345e-15 7.250000e+01 0.000000e+00
   vertex 4.592425e-15 7.500000e+01 0.000000e+00
   vertex 5.303301e+01 5.303301e+01 0.000000e+00
  endloop
 endfacet
 facet normal 0.000000e+00 0.000000e+00 -1.000000e+00
  outer loop
   vertex 5.303301e+01 -5.303301e+01 0.000000e+00
   vertex 5.126524e+01 -5.126524e+01 0.000000e+00
   vertex 7.250000e+01 0.000000e+00 0.000000e+00
  endloop
 endfacet
 facet normal 0.000000e+00 0.000000e+00 -1.000000e+00
  outer loop
   vertex -7.250000e+01 8.878689e-15 0.000000e+00
   vertex -7.500000e+01 9.184851e-15 0.000000e+00
   vertex -5.303301e+01 5.303301e+01 0.000000e+00
  endloop
 endfacet
 facet normal 0.000000e+00 0.000000e+00 -1.000000e+00
  outer loop
   vertex -5.303301e+01 -5.303301e+01 0.000000e+00
   vertex -5.126524e+01 -5.126524e+01 0.000000e+00
   vertex -1.331803e-14 -7.250000e+01 0.000000e+00
  endloop
 endfacet
 facet normal -3.278468e-01 -7.914921e-01 5.158069e-01
  outer loop
   vertex 4.461731e+01 5.567396e+01 2.539643e+00
   vertex 7.818228e+00 7.091664e+01 2.539643e+00
   vertex 4.439345e-15 7.250000e+01 0.000000e+00
  endloop
 endfacet
 facet normal 3.278468e-01 -7.914921e-01 5.158069e-01
  outer loop
   vertex -4.461731e+01 5.567396e+01 2.539643e+00
   vertex 4.439345e-15 7.250000e+01 0.000000e+00
   vertex -7.818228e+00 7.091664e+01 2.539643e+00
  endloop
 endfacet
 facet normal 7.914929e-01 -3.278470e-01 5.158055e-01
  outer loop
   vertex -7.250000e+01 8.878689e-15 0.000000e+00
   vertex -5.126524e+01 5.126524e+01 0.000000e+00
   vertex -5.567396e+01 4.461731e+01 2.539643e+00
  endloop
 endfacet
 facet normal 7.914929e-01 3.278470e-01 5.158055e-01
  outer loop
   vertex -7.250000e+01 8.878689e-15 0.000000e+00
   vertex -5.567396e+01 -4.461731e+01 2.539643e+00
   vertex -5.126524e+01 -5.126524e+01 0.000000e+00
  endloop
 endfacet
 facet normal 3.278468e-01 7.914921e-01 5.158069e-01
  outer loop
   vertex -4.461731e+01 -5.567396e+01 2.539643e+00
   vertex -7.818228e+00 -7.091664e+01 2.539643e+00
   vertex -1.331803e-14 -7.250000e+01 0.000000e+00
  endloop
 endfacet
 facet normal -3.278468e-01 7.914921e-01 5.158069e-01
  outer loop
   vertex 4.461731e+01 -5.567396e+01 2.539643e+00
   vertex -1.331803e-14 -7.250000e+01 0.000000e+00
   vertex 7.818228e+00 -7.091664e+01 2.539643e+00
  endloop
 endfacet
 facet normal -7.914921e-01 3.278468e-01 5.158069e-01
  outer loop
   vertex 5.567396e+01 -4.461731e+01 2.539643e+00
   vertex 7.091664e+01 -7.818228e+00 2.539643e+00
   vertex 7.250000e+01 0.000000e+00 0.000000e+00
  endloop
 endfacet
 facet normal 5.415312e-01 -2.243097e-01 -8.102032e-01
  outer loop
   vertex -5.413590e+01 3.875096e+01 1.446617e+01
   vertex -6.490000e+01 7.947957e-15 1.800000e+01
   vertex -6.568093e+01 1.087880e+01 1.446617e+01
  endloop
 endfacet
 facet normal 5.415317e-01 2.243098e-01 -8.102028e-01
  outer loop
   vertex -6.490000e+01 7.947957e-15 1.800000e+01
   vertex -4.589123e+01 -4.589123e+01 1.800000e+01
   vertex -5.413590e+01 -3.875096e+01 1.446617e+01
  endloop
 endfacet
 facet normal 2.243097e-01 5.415312e-01 -8.102032e-01
  outer loop
   vertex -3.875096e+01 -5.413590e+01 1.446617e+01
   vertex -1.192194e-14 -6.490000e+01 1.800000e+01
   vertex -1.087880e+01 -6.568093e+01 1.446617e+01
  endloop
 endfacet
 facet normal -5.415312e-01 2.243097e-01 -8.102032e-01
  outer loop
   vertex 5.413590e+01 -3.875096e+01 1.446617e+01
   vertex 6.490000e+01 0.000000e+00 1.800000e+01
   vertex 6.568093e+01 -1.087880e+01 1.446617e+01
  endloop
 endfacet
 facet normal 9.966723e-01 8.151310e-02 -0.000000e+00
  outer loop
   vertex 3.676863e+01 1.265475e+01 6.140000e+01
   vertex 3.674205e+01 1.297971e+01 6.440000e+01
   vertex 3.676863e+01 1.265475e+01 6.440000e+01
  endloop
 endfacet
 facet normal 9.179096e-01 3.967891e-01 6.597657e-04
  outer loop
   vertex 3.665438e+01 1.332102e+01 6.140000e+01
   vertex 3.653366e+01 1.359531e+01 6.440000e+01
   vertex 3.666303e+01 1.329603e+01 6.440000e+01
  endloop
 endfacet
 facet normal 9.701856e-01 2.423629e-01 3.454736e-04
  outer loop
   vertex 3.673986e+01 1.299275e+01 6.140000e+01
   vertex 3.666303e+01 1.329603e+01 6.440000e+01
   vertex 3.674205e+01 1.297971e+01 6.440000e+01
  endloop
 endfacet
 facet normal 7.422189e-01 6.701565e-01 1.204967e-03
  outer loop
   vertex 3.632470e+01 1.391119e+01 6.140000e+01
   vertex 3.613888e+01 1.411159e+01 6.440000e+01
   vertex 3.635738e+01 1.386960e+01 6.440000e+01
  endloop
 endfacet
 facet normal 4.881533e-01 8.727564e-01 1.632388e-03
  outer loop
   vertex 3.581724e+01 1.435780e+01 6.140000e+01
   vertex 3.559940e+01 1.447403e+01 6.440000e+01
   vertex 3.588396e+01 1.431487e+01 6.440000e+01
  endloop
 endfacet
 facet normal 6.234719e-01 7.818444e-01 1.433490e-03
  outer loop
   vertex 3.608998e+01 1.415609e+01 6.140000e+01
   vertex 3.588396e+01 1.431487e+01 6.440000e+01
   vertex 3.613888e+01 1.411159e+01 6.440000e+01
  endloop
 endfacet
 facet normal 8.412458e-01 5.406521e-01 9.476123e-04
  outer loop
   vertex 3.651466e+01 1.363014e+01 6.140000e+01
   vertex 3.635738e+01 1.386960e+01 6.440000e+01
   vertex 3.653366e+01 1.359531e+01 6.440000e+01
  endloop
 endfacet
 facet normal 1.825353e-01 9.831974e-01 1.943860e-03
  outer loop
   vertex 3.518999e+01 1.460986e+01 6.140000e+01
   vertex 3.497219e+01 1.464436e+01 6.440000e+01
   vertex 3.529276e+01 1.458484e+01 6.440000e+01
  endloop
 endfacet
 facet normal 3.398555e-01 9.404759e-01 1.802679e-03
  outer loop
   vertex 3.551434e+01 1.451052e+01 6.140000e+01
   vertex 3.529276e+01 1.458484e+01 6.440000e+01
   vertex 3.559940e+01 1.447403e+01 6.440000e+01
  endloop
 endfacet
 facet normal -9.856060e-01 1.689935e-01 4.687191e-03
  outer loop
   vertex 3.276863e+01 1.265475e+01 6.600000e+01
   vertex 3.283316e+01 1.315870e+01 6.140000e+01
   vertex 3.277583e+01 1.282436e+01 6.140000e+01
  endloop
 endfacet
 facet normal 7.689278e-01 -6.393328e-01 1.910580e-03
  outer loop
   vertex 3.632470e+01 1.139830e+01 6.140000e+01
   vertex 3.640037e+01 1.149828e+01 6.440000e+01
   vertex 3.620347e+01 1.126147e+01 6.440000e+01
  endloop
 endfacet
 facet normal 8.579695e-01 -5.136979e-01 1.678682e-03
  outer loop
   vertex 3.651466e+01 1.167936e+01 6.140000e+01
   vertex 3.655857e+01 1.176251e+01 6.440000e+01
   vertex 3.640037e+01 1.149828e+01 6.440000e+01
  endloop
 endfacet
 facet normal 9.733886e-01 -2.291594e-01 7.233395e-04
  outer loop
   vertex 3.673986e+01 1.231674e+01 6.140000e+01
   vertex 3.674492e+01 1.234768e+01 6.440000e+01
   vertex 3.667434e+01 1.204790e+01 6.440000e+01
  endloop
 endfacet
 facet normal 9.970316e-01 -7.699344e-02 0.000000e+00
  outer loop
   vertex 3.676863e+01 1.265475e+01 6.140000e+01
   vertex 3.676863e+01 1.265475e+01 6.440000e+01
   vertex 3.674492e+01 1.234768e+01 6.440000e+01
  endloop
 endfacet
 facet normal 9.112286e-01 -4.118964e-01 -1.922796e-03
  outer loop
   vertex 3.655857e+01 1.176251e+01 6.440000e+01
   vertex 3.651466e+01 1.167936e+01 6.140000e+01
   vertex 3.665438e+01 1.198847e+01 6.140000e+01
  endloop
 endfacet
 facet normal -0.000000e+00 0.000000e+00 1.000000e+00
  outer loop
   vertex 3.292087e+01 1.342011e+01 6.600000e+01
   vertex 3.335441e+01 1.124053e+01 6.600000e+01
   vertex 3.335441e+01 1.406896e+01 6.600000e+01
  endloop
 endfacet
 facet normal -1.825485e-01 9.831958e-01 1.418601e-03
  outer loop
   vertex -2.859768e+01 2.576694e+01 6.140000e+01
   vertex -2.887655e+01 2.571084e+01 6.440000e+01
   vertex -2.853822e+01 2.577365e+01 6.440000e+01
  endloop
 endfacet
 facet normal -1.130155e-02 9.999350e-01 1.508651e-03
  outer loop
   vertex -2.825876e+01 2.578134e+01 6.140000e+01
   vertex -2.853822e+01 2.577365e+01 6.440000e+01
   vertex -2.819412e+01 2.577754e+01 6.440000e+01
  endloop
 endfacet
 facet normal -5.039148e-01 8.637525e-01 1.226014e-03
  outer loop
   vertex -2.924405e+01 2.556899e+01 6.140000e+01
   vertex -2.949635e+01 2.541755e+01 6.440000e+01
   vertex -2.919911e+01 2.559095e+01 6.440000e+01
  endloop
 endfacet
 facet normal -6.445172e-01 7.645889e-01 1.125044e-03
  outer loop
   vertex -2.953291e+01 2.539114e+01 6.140000e+01
   vertex -2.975945e+01 2.519576e+01 6.440000e+01
   vertex -2.949635e+01 2.541755e+01 6.440000e+01
  endloop
 endfacet
 facet normal -3.483822e-01 9.373517e-01 1.324550e-03
  outer loop
   vertex -2.892929e+01 2.569547e+01 6.140000e+01
   vertex -2.919911e+01 2.559095e+01 6.440000e+01
   vertex -2.887655e+01 2.571084e+01 6.440000e+01
  endloop
 endfacet
 facet normal -9.856158e-01 1.690008e-01 -5.458999e-04
  outer loop
   vertex -3.033459e+01 2.397321e+01 6.440000e+01
   vertex -3.027911e+01 2.428710e+01 6.140000e+01
   vertex -3.033644e+01 2.395275e+01 6.140000e+01
  endloop
 endfacet
 facet normal -9.999590e-01 9.040198e-03 5.537638e-04
  outer loop
   vertex -3.033644e+01 2.395275e+01 6.140000e+01
   vertex -3.033770e+01 2.362911e+01 6.440000e+01
   vertex -3.033459e+01 2.397321e+01 6.440000e+01
  endloop
 endfacet
 facet normal -9.442453e-01 -3.292426e-01 2.976686e-04
  outer loop
   vertex -3.027911e+01 2.327919e+01 6.140000e+01
   vertex -3.016848e+01 2.296463e+01 6.440000e+01
   vertex -3.028178e+01 2.328956e+01 6.440000e+01
  endloop
 endfacet
 facet normal -9.867075e-01 -1.625058e-01 4.279836e-04
  outer loop
   vertex -3.033644e+01 2.361353e+01 6.140000e+01
   vertex -3.028178e+01 2.328956e+01 6.440000e+01
   vertex -3.033770e+01 2.362911e+01 6.440000e+01
  endloop
 endfacet
 facet normal 8.284945e-01 -5.599613e-01 6.343830e-03
  outer loop
   vertex -2.692943e+01 2.236893e+01 6.600000e+01
   vertex -2.678757e+01 2.252670e+01 6.140000e+01
   vertex -2.659762e+01 2.280775e+01 6.140000e+01
  endloop
 endfacet
 facet normal -9.349667e-01 -3.547335e-01 1.194243e-03
  outer loop
   vertex -8.247439e+00 -3.726169e+01 6.140000e+01
   vertex -8.226949e+00 -3.730560e+01 6.440000e+01
   vertex -8.349019e+00 -3.698386e+01 6.440000e+01
  endloop
 endfacet
 facet normal -7.602015e-01 -6.496859e-01 1.389145e-03
  outer loop
   vertex -7.868895e+00 -3.782177e+01 6.140000e+01
   vertex -7.827962e+00 -3.786325e+01 6.440000e+01
   vertex -8.051532e+00 -3.760165e+01 6.440000e+01
  endloop
 endfacet
 facet normal -4.960733e-01 -8.682793e-01 1.568072e-03
  outer loop
   vertex -7.325390e+00 -3.822374e+01 6.140000e+01
   vertex -7.264068e+00 -3.825336e+01 6.440000e+01
   vertex -7.562858e+00 -3.808265e+01 6.440000e+01
  endloop
 endfacet
 facet normal -6.375775e-01 -7.703848e-01 1.479523e-03
  outer loop
   vertex -7.614249e+00 -3.804588e+01 6.140000e+01
   vertex -7.562858e+00 -3.808265e+01 6.440000e+01
   vertex -7.827962e+00 -3.786325e+01 6.440000e+01
  endloop
 endfacet
 facet normal -1.736417e-01 -9.848074e-01 1.730443e-03
  outer loop
   vertex -6.679018e+00 -3.842169e+01 6.140000e+01
   vertex -6.601546e+00 -3.843008e+01 6.440000e+01
   vertex -6.940437e+00 -3.837032e+01 6.440000e+01
  endloop
 endfacet
 facet normal 1.691857e-01 -9.855824e-01 1.876261e-03
  outer loop
   vertex -6.003624e+00 -3.839300e+01 6.140000e+01
   vertex -5.918271e+00 -3.837263e+01 6.440000e+01
   vertex -6.257428e+00 -3.843085e+01 6.440000e+01
  endloop
 endfacet
 facet normal -2.261421e-03 -9.999958e-01 1.805628e-03
  outer loop
   vertex -6.340100e+00 -3.843608e+01 6.140000e+01
   vertex -6.257428e+00 -3.843085e+01 6.440000e+01
   vertex -6.601546e+00 -3.843008e+01 6.440000e+01
  endloop
 endfacet
 facet normal -3.398999e-01 -9.404602e-01 1.650517e-03
  outer loop
   vertex -7.010628e+00 -3.835022e+01 6.140000e+01
   vertex -6.940437e+00 -3.837032e+01 6.440000e+01
   vertex -7.264068e+00 -3.825336e+01 6.440000e+01
  endloop
 endfacet
 facet normal 7.572536e-01 -6.531175e-01 2.121102e-03
  outer loop
   vertex -4.868911e+00 -3.769433e+01 6.140000e+01
   vertex -4.803711e+00 -3.760899e+01 6.440000e+01
   vertex -5.028462e+00 -3.786958e+01 6.440000e+01
  endloop
 endfacet
 facet normal 6.340849e-01 -7.732607e-01 2.065915e-03
  outer loop
   vertex -5.103633e+00 -3.793923e+01 6.140000e+01
   vertex -5.028462e+00 -3.786958e+01 6.440000e+01
   vertex -5.294556e+00 -3.808778e+01 6.440000e+01
  endloop
 endfacet
 facet normal 3.356427e-01 -9.419874e-01 1.942848e-03
  outer loop
   vertex -5.679270e+00 -3.829366e+01 6.140000e+01
   vertex -5.594114e+00 -3.825713e+01 6.440000e+01
   vertex -5.918271e+00 -3.837263e+01 6.440000e+01
  endloop
 endfacet
 facet normal -8.730130e-01 -4.876955e-01 -1.174909e-03
  outer loop
   vertex -8.226949e+00 -3.730560e+01 6.440000e+01
   vertex -8.247439e+00 -3.726169e+01 6.140000e+01
   vertex -8.082002e+00 -3.755783e+01 6.140000e+01
  endloop
 endfacet
 facet normal 0.000000e+00 0.000000e+00 1.000000e+00
  outer loop
   vertex -7.839196e+00 -3.502367e+01 6.600000e+01
   vertex -5.659616e+00 -3.459013e+01 6.600000e+01
   vertex -7.190350e+00 -3.459013e+01 6.600000e+01
  endloop
 endfacet
endsolid v2_band
