solid v2_tray
 facet normal 9.396926e-01 3.420203e-01 0.000000e+00
  outer loop
   vertex -4.109073e+00 2.766289e+01 4.000000e+00
   vertex -4.109073e+00 2.766289e+01 3.000000e+00
   vertex -5.183552e+00 3.061500e+01 3.000000e+00
  endloop
 endfacet
 facet normal -3.420209e-01 9.396923e-01 0.000000e+00
  outer loop
   vertex -8.086022e+00 3.174912e+01 4.000000e+00
   vertex -8.086022e+00 3.174912e+01 3.000000e+00
   vertex -8.612686e+00 3.155743e+01 3.000000e+00
  endloop
 endfacet
 facet normal 3.420205e-01 -9.396925e-01 0.000000e+00
  outer loop
   vertex -6.834182e+00 2.667103e+01 4.000000e+00
   vertex -6.834182e+00 2.667103e+01 3.000000e+00
   vertex -4.109073e+00 2.766289e+01 3.000000e+00
  endloop
 endfacet
 facet normal 0.000000e+00 0.000000e+00 -1.000000e+00
  outer loop
   vertex -4.109073e+00 2.766289e+01 0.000000e+00
   vertex -7.804555e+00 3.015284e+01 0.000000e+00
   vertex -5.183552e+00 3.061500e+01 0.000000e+00
  endloop
 endfacet
 facet normal 0.000000e+00 0.000000e+00 -1.000000e+00
  outer loop
   vertex -1.641214e+01 2.871867e+01 0.000000e+00
   vertex -7.804555e+00 3.015284e+01 0.000000e+00
   vertex -1.463363e+01 2.383227e+01 0.000000e+00
  endloop
 endfacet
 facet normal -0.000000e+00 0.000000e+00 -1.000000e+00
  outer loop
   vertex -4.109073e+00 2.766289e+01 0.000000e+00
   vertex -1.463363e+01 2.383227e+01 0.000000e+00
   vertex -7.804555e+00 3.015284e+01 0.000000e+00
  endloop
 endfacet
 facet normal 0.000000e+00 -0.000000e+00 -1.000000e+00
  outer loop
   vertex -8.086022e+00 3.174912e+01 0.000000e+00
   vertex -7.804555e+00 3.015284e+01 0.000000e+00
   vertex -1.641214e+01 2.871867e+01 0.000000e+00
  endloop
 endfacet
 facet normal 3.420200e-01 -9.396927e-01 0.000000e+00
  outer loop
   vertex -1.023011e+01 2.479651e+01 4.000000e+00
   vertex -1.023011e+01 2.479651e+01 3.000000e+00
   vertex -6.628970e+00 2.610722e+01 3.000000e+00
  endloop
 endfacet
 facet normal 9.876883e-01 -1.564345e-01 0.000000e+00
  outer loop
   vertex 1.158691e+01 4.119458e+01 1.100000e+01
   vertex 1.158691e+01 4.119458e+01 3.000000e+00
   vertex 1.205621e+01 4.415765e+01 3.000000e+00
  endloop
 endfacet
 facet normal 1.564346e-01 9.876883e-01 0.000000e+00
  outer loop
   vertex 1.205621e+01 4.415765e+01 1.100000e+01
   vertex 1.205621e+01 4.415765e+01 3.000000e+00
   vertex 2.179327e+00 4.572199e+01 3.000000e+00
  endloop
 endfacet
 facet normal -9.876883e-01 1.564344e-01 0.000000e+00
  outer loop
   vertex 2.179327e+00 4.572199e+01 1.100000e+01
   vertex 2.179327e+00 4.572199e+01 3.000000e+00
   vertex 1.710023e+00 4.275893e+01 3.000000e+00
  endloop
 endfacet
 facet normal -1.564343e-01 -9.876884e-01 -0.000000e+00
  outer loop
   vertex 1.710023e+00 4.275893e+01 1.100000e+01
   vertex 1.710023e+00 4.275893e+01 3.000000e+00
   vertex 1.158691e+01 4.119458e+01 3.000000e+00
  endloop
 endfacet
 facet normal -0.000000e+00 0.000000e+00 1.000000e+00
  outer loop
   vertex 1.710023e+00 4.275893e+01 1.100000e+01
   vertex 1.158691e+01 4.119458e+01 1.100000e+01
   vertex 2.179327e+00 4.572199e+01 1.100000e+01
  endloop
 endfacet
 facet normal -2.079120e-01 -9.781475e-01 -0.000000e+00
  outer loop
   vertex 3.857542e+01 -1.331116e+01 1.100000e+01
   vertex 3.857542e+01 -1.331116e+01 3.000000e+00
   vertex 4.150986e+01 -1.393490e+01 3.000000e+00
  endloop
 endfacet
 facet normal 9.781476e-01 -2.079117e-01 0.000000e+00
  outer loop
   vertex 4.150986e+01 -1.393490e+01 1.100000e+01
   vertex 4.150986e+01 -1.393490e+01 3.000000e+00
   vertex 4.358898e+01 -4.153420e+00 3.000000e+00
  endloop
 endfacet
 facet normal 2.079118e-01 9.781476e-01 0.000000e+00
  outer loop
   vertex 4.358898e+01 -4.153420e+00 1.100000e+01
   vertex 4.358898e+01 -4.153420e+00 3.000000e+00
   vertex 4.065454e+01 -3.529685e+00 3.000000e+00
  endloop
 endfacet
 facet normal -9.781476e-01 2.079117e-01 0.000000e+00
  outer loop
   vertex 4.065454e+01 -3.529685e+00 1.100000e+01
   vertex 4.065454e+01 -3.529685e+00 3.000000e+00
   vertex 3.857542e+01 -1.331116e+01 3.000000e+00
  endloop
 endfacet
 facet normal 0.000000e+00 0.000000e+00 1.000000e+00
  outer loop
   vertex 4.065454e+01 -3.529685e+00 1.100000e+01
   vertex 3.857542e+01 -1.331116e+01 1.100000e+01
   vertex 4.358898e+01 -4.153420e+00 1.100000e+01
  endloop
 endfacet
 facet normal 0.000000e+00 0.000000e+00 1.000000e+00
  outer loop
   vertex 1.134575e+00 -8.839068e+00 4.100000e+01
   vertex -1.420853e+00 -7.693099e+00 4.100000e+01
   vertex 6.310164e-01 -9.744969e+00 4.100000e+01
  endloop
 endfacet
 facet normal 0.000000e+00 0.000000e+00 1.000000e+00
  outer loop
   vertex -1.140552e+00 -6.958013e+00 4.100000e+01
   vertex -1.420853e+00 -7.693099e+00 4.100000e+01
   vertex 1.134575e+00 -8.839068e+00 4.100000e+01
  endloop
 endfacet
 facet normal 0.000000e+00 0.000000e+00 1.000000e+00
  outer loop
   vertex 1.508435e+00 -7.872396e+00 4.100000e+01
   vertex -9.638732e-01 -5.400088e+00 4.100000e+01
   vertex -9.867892e-01 -6.186470e+00 4.100000e+01
  endloop
 endfacet
 facet normal 0.000000e+00 0.000000e+00 1.000000e+00
  outer loop
   vertex -9.867892e-01 -6.186470e+00 4.100000e+01
   vertex 1.134575e+00 -8.839068e+00 4.100000e+01
   vertex 1.508435e+00 -7.872396e+00 4.100000e+01
  endloop
 endfacet
 facet normal -0.000000e+00 0.000000e+00 1.000000e+00
  outer loop
   vertex -1.140552e+00 -6.958013e+00 4.100000e+01
   vertex 1.134575e+00 -8.839068e+00 4.100000e+01
   vertex -9.867892e-01 -6.186470e+00 4.100000e+01
  endloop
 endfacet
 facet normal 3.583679e-01 -9.335804e-01 0.000000e+00
  outer loop
   vertex -2.305218e+01 4.610084e+01 7.500000e+00
   vertex -2.305218e+01 4.610084e+01 3.000000e+00
   vertex -1.371637e+01 4.968452e+01 3.000000e+00
  endloop
 endfacet
 facet normal 9.335804e-01 3.583681e-01 -0.000000e+00
  outer loop
   vertex -5.473911e+00 2.821217e+01 4.000000e+00
   vertex -6.319391e+00 3.041472e+01 4.000000e+00
   vertex -5.473911e+00 2.821217e+01 7.500000e+00
  endloop
 endfacet
 facet normal 9.335831e-01 3.583611e-01 0.000000e+00
  outer loop
   vertex -6.333994e+00 3.045276e+01 7.500000e+00
   vertex -6.319391e+00 3.041472e+01 4.000000e+00
   vertex -6.333994e+00 3.045276e+01 4.000000e+00
  endloop
 endfacet
 facet normal -3.583669e-01 9.335808e-01 0.000000e+00
  outer loop
   vertex -6.333994e+00 3.045276e+01 7.500000e+00
   vertex -6.333994e+00 3.045276e+01 4.000000e+00
   vertex -6.529701e+00 3.037763e+01 4.000000e+00
  endloop
 endfacet
 facet normal -3.583726e-01 9.335786e-01 2.767151e-06
  outer loop
   vertex -8.213998e+00 2.973109e+01 4.000000e+00
   vertex -6.333994e+00 3.045276e+01 7.500000e+00
   vertex -7.980567e+00 2.982070e+01 4.000000e+00
  endloop
 endfacet
 facet normal -3.583676e-01 9.335806e-01 4.670736e-08
  outer loop
   vertex -6.529701e+00 3.037763e+01 4.000000e+00
   vertex -7.980567e+00 2.982070e+01 4.000000e+00
   vertex -6.333994e+00 3.045276e+01 7.500000e+00
  endloop
 endfacet
 facet normal -3.583678e-01 9.335805e-01 -6.805284e-08
  outer loop
   vertex -8.213998e+00 2.973109e+01 4.000000e+00
   vertex -1.278924e+01 2.797482e+01 4.000000e+00
   vertex -1.323667e+01 2.780307e+01 7.500000e+00
  endloop
 endfacet
 facet normal -3.583682e-01 9.335803e-01 0.000000e+00
  outer loop
   vertex -1.323667e+01 2.780307e+01 7.500000e+00
   vertex -1.302267e+01 2.788522e+01 4.000000e+00
   vertex -1.323667e+01 2.780307e+01 4.000000e+00
  endloop
 endfacet
 facet normal -3.583666e-01 9.335809e-01 1.090541e-07
  outer loop
   vertex -1.278924e+01 2.797482e+01 4.000000e+00
   vertex -1.302267e+01 2.788522e+01 4.000000e+00
   vertex -1.323667e+01 2.780307e+01 7.500000e+00
  endloop
 endfacet
 facet normal 3.583680e-01 -9.335804e-01 0.000000e+00
  outer loop
   vertex -1.137901e+01 2.594541e+01 4.000000e+00
   vertex -7.393024e+00 2.747549e+01 4.000000e+00
   vertex -1.137901e+01 2.594541e+01 7.500000e+00
  endloop
 endfacet
 facet normal 3.583683e-01 -9.335803e-01 0.000000e+00
  outer loop
   vertex -5.473911e+00 2.821217e+01 7.500000e+00
   vertex -7.159594e+00 2.756509e+01 4.000000e+00
   vertex -5.473911e+00 2.821217e+01 4.000000e+00
  endloop
 endfacet
 facet normal 3.583673e-01 -9.335807e-01 5.831944e-07
  outer loop
   vertex -7.393024e+00 2.747549e+01 4.000000e+00
   vertex -7.159594e+00 2.756509e+01 4.000000e+00
   vertex -5.473911e+00 2.821217e+01 7.500000e+00
  endloop
 endfacet
 facet normal 0.000000e+00 0.000000e+00 1.000000e+00
  outer loop
   vertex -1.137901e+01 2.594541e+01 7.500000e+00
   vertex -5.473911e+00 2.821217e+01 7.500000e+00
   vertex -6.333994e+00 3.045276e+01 7.500000e+00
  endloop
 endfacet
 facet normal -7.071069e-01 -7.071066e-01 -0.000000e+00
  outer loop
   vertex -4.136575e+00 2.676399e+01 1.200000e+01
   vertex -4.136575e+00 2.676399e+01 3.000000e+00
   vertex -2.863782e+00 2.549120e+01 3.000000e+00
  endloop
 endfacet
 facet normal 7.071067e-01 -7.071068e-01 0.000000e+00
  outer loop
   vertex -2.863782e+00 2.549120e+01 1.200000e+01
   vertex -2.863782e+00 2.549120e+01 3.000000e+00
   vertex 9.864140e+00 3.821912e+01 3.000000e+00
  endloop
 endfacet
 facet normal 7.071070e-01 7.071065e-01 0.000000e+00
  outer loop
   vertex 9.864140e+00 3.821912e+01 1.200000e+01
   vertex 9.864140e+00 3.821912e+01 3.000000e+00
   vertex 8.591348e+00 3.949191e+01 3.000000e+00
  endloop
 endfacet
 facet normal -7.071067e-01 7.071068e-01 0.000000e+00
  outer loop
   vertex 8.591348e+00 3.949191e+01 1.200000e+01
   vertex 8.591348e+00 3.949191e+01 3.000000e+00
   vertex -4.136575e+00 2.676399e+01 3.000000e+00
  endloop
 endfacet
 facet normal 0.000000e+00 0.000000e+00 1.000000e+00
  outer loop
   vertex 8.591348e+00 3.949191e+01 1.200000e+01
   vertex -4.136575e+00 2.676399e+01 1.200000e+01
   vertex 9.864140e+00 3.821912e+01 1.200000e+01
  endloop
 endfacet
 facet normal -7.071068e-01 -7.071068e-01 -0.000000e+00
  outer loop
   vertex 1.506137e+01 3.839590e+01 1.200000e+01
   vertex 1.506137e+01 3.839590e+01 9.000000e+00
   vertex 3.839590e+01 1.506137e+01 9.000000e+00
  endloop
 endfacet
 facet normal 7.071068e-01 7.071068e-01 0.000000e+00
  outer loop
   vertex 3.981011e+01 1.647559e+01 1.200000e+01
   vertex 3.981011e+01 1.647559e+01 3.000000e+00
   vertex 1.647559e+01 3.981011e+01 3.000000e+00
  endloop
 endfacet
 facet normal 0.000000e+00 0.000000e+00 1.000000e+00
  outer loop
   vertex 1.647559e+01 3.981011e+01 1.200000e+01
   vertex 1.506137e+01 3.839590e+01 1.200000e+01
   vertex 3.839590e+01 1.506137e+01 1.200000e+01
  endloop
 endfacet
 facet normal -7.071068e-01 -7.071068e-01 -0.000000e+00
  outer loop
   vertex 1.361181e+01 3.694633e+01 9.000000e+00
   vertex 1.361181e+01 3.694633e+01 3.000000e+00
   vertex 3.694633e+01 1.361181e+01 3.000000e+00
  endloop
 endfacet
 facet normal 7.071075e-01 -7.071061e-01 0.000000e+00
  outer loop
   vertex 3.694633e+01 1.361181e+01 9.000000e+00
   vertex 3.694633e+01 1.361181e+01 3.000000e+00
   vertex 3.839590e+01 1.506137e+01 3.000000e+00
  endloop
 endfacet
 facet normal 7.071067e-01 -7.071069e-01 0.000000e+00
  outer loop
   vertex 1.895046e+01 -4.384062e+00 1.200000e+01
   vertex 1.895046e+01 -4.384062e+00 3.000000e+00
   vertex 1.997577e+01 -3.358757e+00 3.000000e+00
  endloop
 endfacet
 facet normal 7.071071e-01 -7.071065e-01 8.264090e-08
  outer loop
   vertex 2.029396e+01 -3.040559e+00 9.000000e+00
   vertex 1.895046e+01 -4.384062e+00 1.200000e+01
   vertex 1.997577e+01 -3.358757e+00 3.000000e+00
  endloop
 endfacet
 facet normal 7.071078e-01 -7.071057e-01 0.000000e+00
  outer loop
   vertex 1.997577e+01 -3.358757e+00 3.000000e+00
   vertex 2.029396e+01 -3.040559e+00 3.000000e+00
   vertex 2.029396e+01 -3.040559e+00 9.000000e+00
  endloop
 endfacet
 facet normal 7.071070e-01 -7.071066e-01 0.000000e+00
  outer loop
   vertex 1.895046e+01 -4.384062e+00 1.200000e+01
   vertex 2.029396e+01 -3.040559e+00 9.000000e+00
   vertex 2.029396e+01 -3.040559e+00 1.200000e+01
  endloop
 endfacet
 facet normal 7.071068e-01 7.071068e-01 0.000000e+00
  outer loop
   vertex 2.029396e+01 -3.040559e+00 1.200000e+01
   vertex 2.029396e+01 -3.040559e+00 9.000000e+00
   vertex -3.040559e+00 2.029396e+01 9.000000e+00
  endloop
 endfacet
 facet normal 0.000000e+00 0.000000e+00 1.000000e+00
  outer loop
   vertex -3.040559e+00 2.029396e+01 1.200000e+01
   vertex -4.384062e+00 1.895046e+01 1.200000e+01
   vertex 1.895046e+01 -4.384062e+00 1.200000e+01
  endloop
 endfacet
 facet normal 7.071068e-01 7.071068e-01 0.000000e+00
  outer loop
   vertex 2.174353e+01 -1.590990e+00 9.000000e+00
   vertex 2.174353e+01 -1.590990e+00 3.000000e+00
   vertex -1.590990e+00 2.174353e+01 3.000000e+00
  endloop
 endfacet
 facet normal -7.071070e-01 7.071065e-01 0.000000e+00
  outer loop
   vertex -1.590990e+00 2.174353e+01 9.000000e+00
   vertex -1.590990e+00 2.174353e+01 3.000000e+00
   vertex -3.040559e+00 2.029396e+01 3.000000e+00
  endloop
 endfacet
 facet normal 8.655259e-01 -5.008642e-01 0.000000e+00
  outer loop
   vertex 4.059544e+01 -2.163354e+01 0.000000e+00
   vertex 4.059544e+01 -2.163354e+01 1.500000e+00
   vertex 3.898423e+01 -2.441783e+01 1.500000e+00
  endloop
 endfacet
 facet normal 8.984144e-01 -4.391486e-01 0.000000e+00
  outer loop
   vertex 4.200813e+01 -1.874345e+01 0.000000e+00
   vertex 4.059544e+01 -2.163354e+01 1.500000e+00
   vertex 4.059544e+01 -2.163354e+01 0.000000e+00
  endloop
 endfacet
 facet normal 9.106634e-01 -4.063257e-01 7.477668e-02
  outer loop
   vertex 4.059544e+01 -2.163354e+01 1.500000e+00
   vertex 4.200813e+01 -1.874345e+01 0.000000e+00
   vertex 4.321538e+01 -1.576170e+01 1.500000e+00
  endloop
 endfacet
 facet normal 9.269090e-01 -3.752861e-01 0.000000e+00
  outer loop
   vertex 4.321538e+01 -1.576170e+01 0.000000e+00
   vertex 4.321538e+01 -1.576170e+01 1.500000e+00
   vertex 4.200813e+01 -1.874345e+01 0.000000e+00
  endloop
 endfacet
 facet normal 9.508715e-01 -3.095860e-01 0.000000e+00
  outer loop
   vertex 4.421128e+01 -1.270287e+01 0.000000e+00
   vertex 4.421128e+01 -1.270287e+01 1.500000e+00
   vertex 4.321538e+01 -1.576170e+01 1.500000e+00
  endloop
 endfacet
 facet normal 8.655259e-01 -5.008642e-01 0.000000e+00
  outer loop
   vertex 3.898423e+01 -2.441783e+01 3.000000e+00
   vertex 3.898423e+01 -2.441783e+01 1.500000e+00
   vertex 4.059544e+01 -2.163354e+01 1.500000e+00
  endloop
 endfacet
 facet normal 9.508715e-01 -3.095860e-01 0.000000e+00
  outer loop
   vertex 4.321538e+01 -1.576170e+01 3.000000e+00
   vertex 4.321538e+01 -1.576170e+01 1.500000e+00
   vertex 4.421128e+01 -1.270287e+01 1.500000e+00
  endloop
 endfacet
 facet normal 9.269090e-01 -3.752861e-01 0.000000e+00
  outer loop
   vertex 4.321538e+01 -1.576170e+01 1.500000e+00
   vertex 4.321538e+01 -1.576170e+01 3.000000e+00
   vertex 4.200813e+01 -1.874345e+01 3.000000e+00
  endloop
 endfacet
 facet normal 8.984144e-01 -4.391486e-01 0.000000e+00
  outer loop
   vertex 4.200813e+01 -1.874345e+01 3.000000e+00
   vertex 4.059544e+01 -2.163354e+01 3.000000e+00
   vertex 4.059544e+01 -2.163354e+01 1.500000e+00
  endloop
 endfacet
 facet normal 9.106634e-01 -4.063257e-01 -7.477668e-02
  outer loop
   vertex 4.059544e+01 -2.163354e+01 1.500000e+00
   vertex 4.321538e+01 -1.576170e+01 1.500000e+00
   vertex 4.200813e+01 -1.874345e+01 3.000000e+00
  endloop
 endfacet
 facet normal 9.701827e-01 -2.423749e-01 0.000000e+00
  outer loop
   vertex 4.421128e+01 -1.270287e+01 1.500000e+00
   vertex 4.421128e+01 -1.270287e+01 0.000000e+00
   vertex 4.499097e+01 -9.581910e+00 0.000000e+00
  endloop
 endfacet
 facet normal 9.847499e-01 -1.739757e-01 0.000000e+00
  outer loop
   vertex 4.499097e+01 -9.581910e+00 1.500000e+00
   vertex 4.499097e+01 -9.581910e+00 0.000000e+00
   vertex 4.555062e+01 -6.414093e+00 0.000000e+00
  endloop
 endfacet
 facet normal 9.701827e-01 -2.423749e-01 0.000000e+00
  outer loop
   vertex 4.421128e+01 -1.270287e+01 3.000000e+00
   vertex 4.421128e+01 -1.270287e+01 1.500000e+00
   vertex 4.499097e+01 -9.581910e+00 1.500000e+00
  endloop
 endfacet
 facet normal 9.945010e-01 -1.047274e-01 0.000000e+00
  outer loop
   vertex 4.588752e+01 -3.214908e+00 0.000000e+00
   vertex 4.588752e+01 -3.214908e+00 1.500000e+00
   vertex 4.555062e+01 -6.414093e+00 1.500000e+00
  endloop
 endfacet
 facet normal 9.993885e-01 -3.496566e-02 1.313165e-16
  outer loop
   vertex 4.600000e+01 -1.126675e-14 0.000000e+00
   vertex 4.600000e+01 -5.633375e-15 1.500000e+00
   vertex 4.588752e+01 -3.214908e+00 1.500000e+00
  endloop
 endfacet
 facet normal 9.847499e-01 -1.739757e-01 0.000000e+00
  outer loop
   vertex 4.555062e+01 -6.414093e+00 1.500000e+00
   vertex 4.555062e+01 -6.414093e+00 3.000000e+00
   vertex 4.499097e+01 -9.581910e+00 3.000000e+00
  endloop
 endfacet
 facet normal 9.993885e-01 -3.496566e-02 -1.313165e-16
  outer loop
   vertex 4.600000e+01 -5.633375e-15 1.500000e+00
   vertex 4.600000e+01 -1.126675e-14 3.000000e+00
   vertex 4.588752e+01 -3.214908e+00 1.500000e+00
  endloop
 endfacet
 facet normal 9.945010e-01 -1.047274e-01 0.000000e+00
  outer loop
   vertex 4.588752e+01 -3.214908e+00 1.500000e+00
   vertex 4.588752e+01 -3.214908e+00 3.000000e+00
   vertex 4.555062e+01 -6.414093e+00 3.000000e+00
  endloop
 endfacet
 facet normal -9.718567e-01 -2.355729e-01 -0.000000e+00
  outer loop
   vertex -4.509760e+01 -9.066780e+00 1.500000e+00
   vertex -4.509760e+01 -9.066780e+00 0.000000e+00
   vertex -4.424380e+01 -1.258914e+01 0.000000e+00
  endloop
 endfacet
 facet normal -9.718567e-01 -2.355729e-01 0.000000e+00
  outer loop
   vertex -4.424380e+01 -1.258914e+01 0.000000e+00
   vertex -4.424380e+01 -1.258914e+01 3.000000e+00
   vertex -4.509760e+01 -9.066780e+00 1.500000e+00
  endloop
 endfacet
 facet normal -9.502933e-01 -3.113562e-01 0.000000e+00
  outer loop
   vertex -4.311533e+01 -1.603335e+01 0.000000e+00
   vertex -4.311533e+01 -1.603335e+01 1.500000e+00
   vertex -4.424380e+01 -1.258914e+01 0.000000e+00
  endloop
 endfacet
 facet normal -9.228311e-01 -3.852048e-01 0.000000e+00
  outer loop
   vertex -4.171921e+01 -1.937802e+01 0.000000e+00
   vertex -4.171921e+01 -1.937802e+01 1.500000e+00
   vertex -4.311533e+01 -1.603335e+01 1.500000e+00
  endloop
 endfacet
 facet normal -8.896396e-01 -4.566632e-01 0.000000e+00
  outer loop
   vertex -4.006409e+01 -2.260240e+01 0.000000e+00
   vertex -4.006409e+01 -2.260240e+01 1.500000e+00
   vertex -4.171921e+01 -1.937802e+01 1.500000e+00
  endloop
 endfacet
 facet normal -9.718567e-01 -2.355729e-01 -0.000000e+00
  outer loop
   vertex -4.509760e+01 -9.066780e+00 3.000000e+00
   vertex -4.509760e+01 -9.066780e+00 1.500000e+00
   vertex -4.424380e+01 -1.258914e+01 3.000000e+00
  endloop
 endfacet
 facet normal -9.502933e-01 -3.113562e-01 0.000000e+00
  outer loop
   vertex -4.311533e+01 -1.603335e+01 1.500000e+00
   vertex -4.424380e+01 -1.258914e+01 3.000000e+00
   vertex -4.424380e+01 -1.258914e+01 0.000000e+00
  endloop
 endfacet
 facet normal -9.502933e-01 -3.113562e-01 -0.000000e+00
  outer loop
   vertex -4.311533e+01 -1.603335e+01 3.000000e+00
   vertex -4.424380e+01 -1.258914e+01 3.000000e+00
   vertex -4.311533e+01 -1.603335e+01 1.500000e+00
  endloop
 endfacet
 facet normal -8.896396e-01 -4.566632e-01 -0.000000e+00
  outer loop
   vertex -4.171921e+01 -1.937802e+01 3.000000e+00
   vertex -4.171921e+01 -1.937802e+01 1.500000e+00
   vertex -4.006409e+01 -2.260240e+01 1.500000e+00
  endloop
 endfacet
 facet normal -9.228311e-01 -3.852048e-01 0.000000e+00
  outer loop
   vertex -4.171921e+01 -1.937802e+01 1.500000e+00
   vertex -4.171921e+01 -1.937802e+01 3.000000e+00
   vertex -4.311533e+01 -1.603335e+01 3.000000e+00
  endloop
 endfacet
 facet normal -8.509251e-01 -5.252870e-01 -0.000000e+00
  outer loop
   vertex -4.006409e+01 -2.260240e+01 1.500000e+00
   vertex -4.006409e+01 -2.260240e+01 0.000000e+00
   vertex -3.816026e+01 -2.568646e+01 0.000000e+00
  endloop
 endfacet
 facet normal -8.069282e-01 -5.906495e-01 -0.000000e+00
  outer loop
   vertex -3.816026e+01 -2.568646e+01 1.500000e+00
   vertex -3.816026e+01 -2.568646e+01 0.000000e+00
   vertex -3.601954e+01 -2.861106e+01 0.000000e+00
  endloop
 endfacet
 facet normal -8.509251e-01 -5.252870e-01 -0.000000e+00
  outer loop
   vertex -4.006409e+01 -2.260240e+01 3.000000e+00
   vertex -4.006409e+01 -2.260240e+01 1.500000e+00
   vertex -3.816026e+01 -2.568646e+01 1.500000e+00
  endloop
 endfacet
 facet normal -7.579230e-01 -6.523441e-01 0.000000e+00
  outer loop
   vertex -3.365520e+01 -3.135805e+01 0.000000e+00
   vertex -3.365520e+01 -3.135805e+01 1.500000e+00
   vertex -3.601954e+01 -2.861106e+01 1.500000e+00
  endloop
 endfacet
 facet normal -7.042109e-01 -7.099908e-01 -0.000000e+00
  outer loop
   vertex -3.365520e+01 -3.135805e+01 1.500000e+00
   vertex -3.365520e+01 -3.135805e+01 0.000000e+00
   vertex -3.108194e+01 -3.391037e+01 0.000000e+00
  endloop
 endfacet
 facet normal -8.069282e-01 -5.906495e-01 0.000000e+00
  outer loop
   vertex -3.601954e+01 -2.861106e+01 1.500000e+00
   vertex -3.601954e+01 -2.861106e+01 3.000000e+00
   vertex -3.816026e+01 -2.568646e+01 3.000000e+00
  endloop
 endfacet
 facet normal -7.042109e-01 -7.099908e-01 -0.000000e+00
  outer loop
   vertex -3.365520e+01 -3.135805e+01 3.000000e+00
   vertex -3.365520e+01 -3.135805e+01 1.500000e+00
   vertex -3.108194e+01 -3.391037e+01 1.500000e+00
  endloop
 endfacet
 facet normal -7.579230e-01 -6.523441e-01 0.000000e+00
  outer loop
   vertex -3.365520e+01 -3.135805e+01 1.500000e+00
   vertex -3.365520e+01 -3.135805e+01 3.000000e+00
   vertex -3.601954e+01 -2.861106e+01 3.000000e+00
  endloop
 endfacet
 facet normal -0.000000e+00 -0.000000e+00 1.000000e+00
  outer loop
   vertex -4.171921e+01 -1.937802e+01 3.000000e+00
   vertex -2.566798e+01 -2.849640e+01 3.000000e+00
   vertex -4.311533e+01 -1.603335e+01 3.000000e+00
  endloop
 endfacet
 facet normal -0.000000e+00 -0.000000e+00 1.000000e+00
  outer loop
   vertex -4.424380e+01 -1.258914e+01 3.000000e+00
   vertex -2.566798e+01 -2.849640e+01 3.000000e+00
   vertex -4.509760e+01 -9.066780e+00 3.000000e+00
  endloop
 endfacet
 facet normal 0.000000e+00 0.000000e+00 1.000000e+00
  outer loop
   vertex -4.424380e+01 -1.258914e+01 3.000000e+00
   vertex -4.311533e+01 -1.603335e+01 3.000000e+00
   vertex -2.566798e+01 -2.849640e+01 3.000000e+00
  endloop
 endfacet
 facet normal 0.000000e+00 0.000000e+00 1.000000e+00
  outer loop
   vertex -2.566798e+01 -2.849640e+01 3.000000e+00
   vertex -4.171921e+01 -1.937802e+01 3.000000e+00
   vertex -4.006409e+01 -2.260240e+01 3.000000e+00
  endloop
 endfacet
 facet normal 0.000000e+00 0.000000e+00 1.000000e+00
  outer loop
   vertex -2.566798e+01 -2.849640e+01 3.000000e+00
   vertex -3.365520e+01 -3.135805e+01 3.000000e+00
   vertex -3.108194e+01 -3.391037e+01 3.000000e+00
  endloop
 endfacet
 facet normal 0.000000e+00 0.000000e+00 1.000000e+00
  outer loop
   vertex -2.566798e+01 -2.849640e+01 3.000000e+00
   vertex -3.816026e+01 -2.568646e+01 3.000000e+00
   vertex -3.601954e+01 -2.861106e+01 3.000000e+00
  endloop
 endfacet
 facet normal 0.000000e+00 -0.000000e+00 1.000000e+00
  outer loop
   vertex -3.365520e+01 -3.135805e+01 3.000000e+00
   vertex -2.566798e+01 -2.849640e+01 3.000000e+00
   vertex -3.601954e+01 -2.861106e+01 3.000000e+00
  endloop
 endfacet
 facet normal 0.000000e+00 0.000000e+00 1.000000e+00
  outer loop
   vertex -4.006409e+01 -2.260240e+01 3.000000e+00
   vertex -3.816026e+01 -2.568646e+01 3.000000e+00
   vertex -2.566798e+01 -2.849640e+01 3.000000e+00
  endloop
 endfacet
 facet normal -7.071057e-01 7.071078e-01 0.000000e+00
  outer loop
   vertex -3.358757e+00 1.997577e+01 3.000000e+00
   vertex -3.040559e+00 2.029396e+01 9.000000e+00
   vertex -3.040559e+00 2.029396e+01 3.000000e+00
  endloop
 endfacet
 facet normal -7.071066e-01 7.071070e-01 0.000000e+00
  outer loop
   vertex -4.384062e+00 1.895046e+01 1.200000e+01
   vertex -3.040559e+00 2.029396e+01 1.200000e+01
   vertex -3.040559e+00 2.029396e+01 9.000000e+00
  endloop
 endfacet
 facet normal -7.071069e-01 7.071067e-01 0.000000e+00
  outer loop
   vertex -4.384062e+00 1.895046e+01 1.200000e+01
   vertex -3.358757e+00 1.997577e+01 3.000000e+00
   vertex -4.384062e+00 1.895046e+01 3.000000e+00
  endloop
 endfacet
 facet normal -7.071065e-01 7.071071e-01 8.264090e-08
  outer loop
   vertex -3.040559e+00 2.029396e+01 9.000000e+00
   vertex -3.358757e+00 1.997577e+01 3.000000e+00
   vertex -4.384062e+00 1.895046e+01 1.200000e+01
  endloop
 endfacet
 facet normal 7.071065e-01 -7.071070e-01 0.000000e+00
  outer loop
   vertex 2.029396e+01 -3.040559e+00 9.000000e+00
   vertex 2.029396e+01 -3.040559e+00 3.000000e+00
   vertex 2.174353e+01 -1.590990e+00 3.000000e+00
  endloop
 endfacet
 facet normal 0.000000e+00 0.000000e+00 1.000000e+00
  outer loop
   vertex -1.590990e+00 2.174353e+01 9.000000e+00
   vertex -3.040559e+00 2.029396e+01 9.000000e+00
   vertex 2.029396e+01 -3.040559e+00 9.000000e+00
  endloop
 endfacet
 facet normal 7.071057e-01 -7.071078e-01 0.000000e+00
  outer loop
   vertex 3.871410e+01 1.537957e+01 3.000000e+00
   vertex 3.839590e+01 1.506137e+01 9.000000e+00
   vertex 3.839590e+01 1.506137e+01 3.000000e+00
  endloop
 endfacet
 facet normal 7.071063e-01 -7.071073e-01 0.000000e+00
  outer loop
   vertex 3.981011e+01 1.647559e+01 1.200000e+01
   vertex 3.839590e+01 1.506137e+01 1.200000e+01
   vertex 3.839590e+01 1.506137e+01 9.000000e+00
  endloop
 endfacet
 facet normal 7.071065e-01 -7.071071e-01 0.000000e+00
  outer loop
   vertex 3.981011e+01 1.647559e+01 1.200000e+01
   vertex 3.871410e+01 1.537957e+01 3.000000e+00
   vertex 3.981011e+01 1.647559e+01 3.000000e+00
  endloop
 endfacet
 facet normal 7.071062e-01 -7.071073e-01 5.556430e-08
  outer loop
   vertex 3.839590e+01 1.506137e+01 9.000000e+00
   vertex 3.871410e+01 1.537957e+01 3.000000e+00
   vertex 3.981011e+01 1.647559e+01 1.200000e+01
  endloop
 endfacet
 facet normal -7.071071e-01 7.071065e-01 0.000000e+00
  outer loop
   vertex 1.647559e+01 3.981011e+01 1.200000e+01
   vertex 1.647559e+01 3.981011e+01 3.000000e+00
   vertex 1.537957e+01 3.871410e+01 3.000000e+00
  endloop
 endfacet
 facet normal -7.071073e-01 7.071062e-01 5.556430e-08
  outer loop
   vertex 1.506137e+01 3.839590e+01 9.000000e+00
   vertex 1.647559e+01 3.981011e+01 1.200000e+01
   vertex 1.537957e+01 3.871410e+01 3.000000e+00
  endloop
 endfacet
 facet normal -7.071078e-01 7.071057e-01 0.000000e+00
  outer loop
   vertex 1.537957e+01 3.871410e+01 3.000000e+00
   vertex 1.506137e+01 3.839590e+01 3.000000e+00
   vertex 1.506137e+01 3.839590e+01 9.000000e+00
  endloop
 endfacet
 facet normal -7.071073e-01 7.071063e-01 0.000000e+00
  outer loop
   vertex 1.647559e+01 3.981011e+01 1.200000e+01
   vertex 1.506137e+01 3.839590e+01 9.000000e+00
   vertex 1.506137e+01 3.839590e+01 1.200000e+01
  endloop
 endfacet
 facet normal -7.071061e-01 7.071075e-01 0.000000e+00
  outer loop
   vertex 1.506137e+01 3.839590e+01 9.000000e+00
   vertex 1.506137e+01 3.839590e+01 3.000000e+00
   vertex 1.361181e+01 3.694633e+01 3.000000e+00
  endloop
 endfacet
 facet normal 0.000000e+00 0.000000e+00 1.000000e+00
  outer loop
   vertex 1.506137e+01 3.839590e+01 9.000000e+00
   vertex 1.361181e+01 3.694633e+01 9.000000e+00
   vertex 3.694633e+01 1.361181e+01 9.000000e+00
  endloop
 endfacet
 facet normal 9.996988e-01 2.454099e-02 9.216574e-17
  outer loop
   vertex 4.600000e+01 -5.633375e-15 1.500000e+00
   vertex 4.600000e+01 0.000000e+00 0.000000e+00
   vertex 4.594459e+01 2.257113e+00 0.000000e+00
  endloop
 endfacet
 facet normal 9.924797e-01 1.224093e-01 -0.000000e+00
  outer loop
   vertex 4.550212e+01 6.749602e+00 0.000000e+00
   vertex 4.550212e+01 6.749602e+00 3.000000e+00
   vertex 4.577850e+01 4.508789e+00 3.000000e+00
  endloop
 endfacet
 facet normal 9.972904e-01 7.356552e-02 -0.000000e+00
  outer loop
   vertex 4.577850e+01 4.508789e+00 0.000000e+00
   vertex 4.577850e+01 4.508789e+00 3.000000e+00
   vertex 4.594459e+01 2.257113e+00 3.000000e+00
  endloop
 endfacet
 facet normal 9.757021e-01 2.191015e-01 -0.000000e+00
  outer loop
   vertex 4.462144e+01 1.117709e+01 0.000000e+00
   vertex 4.462144e+01 1.117709e+01 3.000000e+00
   vertex 4.511612e+01 8.974154e+00 3.000000e+00
  endloop
 endfacet
 facet normal 9.495281e-01 3.136820e-01 -0.000000e+00
  outer loop
   vertex 4.331103e+01 1.549693e+01 0.000000e+00
   vertex 4.331103e+01 1.549693e+01 3.000000e+00
   vertex 4.401926e+01 1.335310e+01 3.000000e+00
  endloop
 endfacet
 facet normal 9.637762e-01 2.667121e-01 -0.000000e+00
  outer loop
   vertex 4.401926e+01 1.335310e+01 0.000000e+00
   vertex 4.401926e+01 1.335310e+01 3.000000e+00
   vertex 4.462144e+01 1.117709e+01 3.000000e+00
  endloop
 endfacet
 facet normal 9.852775e-01 1.709624e-01 -0.000000e+00
  outer loop
   vertex 4.511612e+01 8.974154e+00 0.000000e+00
   vertex 4.511612e+01 8.974154e+00 3.000000e+00
   vertex 4.550212e+01 6.749602e+00 3.000000e+00
  endloop
 endfacet
 facet normal 9.142097e-01 4.052414e-01 -0.000000e+00
  outer loop
   vertex 4.158351e+01 1.966753e+01 0.000000e+00
   vertex 4.158351e+01 1.966753e+01 3.000000e+00
   vertex 4.249846e+01 1.760344e+01 3.000000e+00
  endloop
 endfacet
 facet normal 8.700870e-01 4.928982e-01 -0.000000e+00
  outer loop
   vertex 3.945552e+01 2.364873e+01 0.000000e+00
   vertex 3.945552e+01 2.364873e+01 3.000000e+00
   vertex 4.056838e+01 2.168425e+01 3.000000e+00
  endloop
 endfacet
 facet normal 8.932244e-01 4.496112e-01 -0.000000e+00
  outer loop
   vertex 4.056838e+01 2.168425e+01 0.000000e+00
   vertex 4.056838e+01 2.168425e+01 3.000000e+00
   vertex 4.158351e+01 1.966753e+01 3.000000e+00
  endloop
 endfacet
 facet normal 8.175855e-01 5.758072e-01 -0.000000e+00
  outer loop
   vertex 3.694755e+01 2.740217e+01 0.000000e+00
   vertex 3.694755e+01 2.740217e+01 3.000000e+00
   vertex 3.824760e+01 2.555623e+01 3.000000e+00
  endloop
 endfacet
 facet normal 7.572093e-01 6.531723e-01 -0.000000e+00
  outer loop
   vertex 3.408375e+01 3.089171e+01 0.000000e+00
   vertex 3.408375e+01 3.089171e+01 3.000000e+00
   vertex 3.555848e+01 2.918209e+01 3.000000e+00
  endloop
 endfacet
 facet normal 7.242474e-01 6.895402e-01 -0.000000e+00
  outer loop
   vertex 3.252691e+01 3.252691e+01 0.000000e+00
   vertex 3.252691e+01 3.252691e+01 3.000000e+00
   vertex 3.408375e+01 3.089171e+01 3.000000e+00
  endloop
 endfacet
 facet normal 7.883457e-01 6.152325e-01 -0.000000e+00
  outer loop
   vertex 3.555848e+01 2.918209e+01 0.000000e+00
   vertex 3.555848e+01 2.918209e+01 3.000000e+00
   vertex 3.694755e+01 2.740217e+01 3.000000e+00
  endloop
 endfacet
 facet normal 8.448532e-01 5.349983e-01 -0.000000e+00
  outer loop
   vertex 3.824760e+01 2.555623e+01 0.000000e+00
   vertex 3.824760e+01 2.555623e+01 3.000000e+00
   vertex 3.945552e+01 2.364873e+01 3.000000e+00
  endloop
 endfacet
 facet normal 9.329928e-01 3.598951e-01 -0.000000e+00
  outer loop
   vertex 4.249846e+01 1.760344e+01 0.000000e+00
   vertex 4.249846e+01 1.760344e+01 3.000000e+00
   vertex 4.331103e+01 1.549693e+01 3.000000e+00
  endloop
 endfacet
 facet normal 9.996988e-01 2.454099e-02 -9.834587e-17
  outer loop
   vertex 4.594459e+01 2.257113e+00 3.000000e+00
   vertex 4.600000e+01 0.000000e+00 3.000000e+00
   vertex 4.600000e+01 -5.633375e-15 1.500000e+00
  endloop
 endfacet
 facet normal 9.996988e-01 2.454099e-02 -0.000000e+00
  outer loop
   vertex 4.594459e+01 2.257113e+00 0.000000e+00
   vertex 4.594459e+01 2.257113e+00 3.000000e+00
   vertex 4.600000e+01 -5.633375e-15 1.500000e+00
  endloop
 endfacet
 facet normal 6.895402e-01 7.242474e-01 0.000000e+00
  outer loop
   vertex 3.252691e+01 3.252691e+01 3.000000e+00
   vertex 3.252691e+01 3.252691e+01 0.000000e+00
   vertex 3.089171e+01 3.408375e+01 0.000000e+00
  endloop
 endfacet
 facet normal 6.531723e-01 7.572093e-01 -0.000000e+00
  outer loop
   vertex 2.918209e+01 3.555848e+01 0.000000e+00
   vertex 2.918209e+01 3.555848e+01 3.000000e+00
   vertex 3.089171e+01 3.408375e+01 3.000000e+00
  endloop
 endfacet
 facet normal 5.758072e-01 8.175855e-01 -0.000000e+00
  outer loop
   vertex 2.555623e+01 3.824760e+01 0.000000e+00
   vertex 2.555623e+01 3.824760e+01 3.000000e+00
   vertex 2.740217e+01 3.694755e+01 3.000000e+00
  endloop
 endfacet
 facet normal 6.152325e-01 7.883457e-01 -0.000000e+00
  outer loop
   vertex 2.740217e+01 3.694755e+01 0.000000e+00
   vertex 2.740217e+01 3.694755e+01 3.000000e+00
   vertex 2.918209e+01 3.555848e+01 3.000000e+00
  endloop
 endfacet
 facet normal 4.928982e-01 8.700870e-01 -0.000000e+00
  outer loop
   vertex 2.168425e+01 4.056838e+01 0.000000e+00
   vertex 2.168425e+01 4.056838e+01 3.000000e+00
   vertex 2.364873e+01 3.945552e+01 3.000000e+00
  endloop
 endfacet
 facet normal 4.052414e-01 9.142097e-01 -0.000000e+00
  outer loop
   vertex 1.760344e+01 4.249846e+01 0.000000e+00
   vertex 1.760344e+01 4.249846e+01 3.000000e+00
   vertex 1.966753e+01 4.158351e+01 3.000000e+00
  endloop
 endfacet
 facet normal 4.496112e-01 8.932244e-01 -0.000000e+00
  outer loop
   vertex 1.966753e+01 4.158351e+01 0.000000e+00
   vertex 1.966753e+01 4.158351e+01 3.000000e+00
   vertex 2.168425e+01 4.056838e+01 3.000000e+00
  endloop
 endfacet
 facet normal 5.349983e-01 8.448532e-01 -0.000000e+00
  outer loop
   vertex 2.364873e+01 3.945552e+01 0.000000e+00
   vertex 2.364873e+01 3.945552e+01 3.000000e+00
   vertex 2.555623e+01 3.824760e+01 3.000000e+00
  endloop
 endfacet
 facet normal 3.136820e-01 9.495281e-01 -0.000000e+00
  outer loop
   vertex 1.335310e+01 4.401926e+01 0.000000e+00
   vertex 1.335310e+01 4.401926e+01 3.000000e+00
   vertex 1.549693e+01 4.331103e+01 3.000000e+00
  endloop
 endfacet
 facet normal 2.191015e-01 9.757021e-01 -0.000000e+00
  outer loop
   vertex 8.974154e+00 4.511612e+01 0.000000e+00
   vertex 8.974154e+00 4.511612e+01 3.000000e+00
   vertex 1.117709e+01 4.462144e+01 3.000000e+00
  endloop
 endfacet
 facet normal 2.667121e-01 9.637762e-01 -0.000000e+00
  outer loop
   vertex 1.117709e+01 4.462144e+01 0.000000e+00
   vertex 1.117709e+01 4.462144e+01 3.000000e+00
   vertex 1.335310e+01 4.401926e+01 3.000000e+00
  endloop
 endfacet
 facet normal 1.224093e-01 9.924797e-01 -0.000000e+00
  outer loop
   vertex 4.508789e+00 4.577850e+01 0.000000e+00
   vertex 4.508789e+00 4.577850e+01 3.000000e+00
   vertex 6.749602e+00 4.550212e+01 3.000000e+00
  endloop
 endfacet
 facet normal 2.454099e-02 9.996988e-01 -0.000000e+00
  outer loop
   vertex 2.816688e-15 4.600000e+01 0.000000e+00
   vertex 2.816688e-15 4.600000e+01 3.000000e+00
   vertex 2.257113e+00 4.594459e+01 3.000000e+00
  endloop
 endfacet
 facet normal -3.999226e-02 9.992000e-01 0.000000e+00
  outer loop
   vertex -3.676377e+00 4.585286e+01 1.500000e+00
   vertex 2.816688e-15 4.600000e+01 0.000000e+00
   vertex -3.676377e+00 4.585286e+01 0.000000e+00
  endloop
 endfacet
 facet normal 7.356552e-02 9.972904e-01 -0.000000e+00
  outer loop
   vertex 2.257113e+00 4.594459e+01 0.000000e+00
   vertex 2.257113e+00 4.594459e+01 3.000000e+00
   vertex 4.508789e+00 4.577850e+01 3.000000e+00
  endloop
 endfacet
 facet normal 1.709624e-01 9.852775e-01 -0.000000e+00
  outer loop
   vertex 6.749602e+00 4.550212e+01 0.000000e+00
   vertex 6.749602e+00 4.550212e+01 3.000000e+00
   vertex 8.974154e+00 4.511612e+01 3.000000e+00
  endloop
 endfacet
 facet normal 3.598951e-01 9.329928e-01 -0.000000e+00
  outer loop
   vertex 1.549693e+01 4.331103e+01 0.000000e+00
   vertex 1.549693e+01 4.331103e+01 3.000000e+00
   vertex 1.760344e+01 4.249846e+01 3.000000e+00
  endloop
 endfacet
 facet normal -3.999226e-02 9.992000e-01 0.000000e+00
  outer loop
   vertex -3.676377e+00 4.585286e+01 1.500000e+00
   vertex -3.676377e+00 4.585286e+01 3.000000e+00
   vertex 2.816688e-15 4.600000e+01 3.000000e+00
  endloop
 endfacet
 facet normal -3.999226e-02 9.992000e-01 0.000000e+00
  outer loop
   vertex -3.676377e+00 4.585286e+01 1.500000e+00
   vertex 2.816688e-15 4.600000e+01 3.000000e+00
   vertex 2.816688e-15 4.600000e+01 0.000000e+00
  endloop
 endfacet
 facet normal 7.071074e-01 -7.071062e-01 -8.188334e-07
  outer loop
   vertex -4.101219e+01 2.121320e+01 4.550000e+01
   vertex -5.678067e+01 5.444722e+00 2.172000e+01
   vertex -5.536646e+01 6.858936e+00 2.172000e+01
  endloop
 endfacet
 facet normal 7.071068e-01 -7.071068e-01 -5.671569e-08
  outer loop
   vertex -2.524371e+01 3.698169e+01 2.172000e+01
   vertex -4.101219e+01 2.121320e+01 4.550000e+01
   vertex -2.665793e+01 3.556747e+01 2.172000e+01
  endloop
 endfacet
 facet normal 7.071068e-01 -7.071068e-01 -7.798407e-08
  outer loop
   vertex -5.536646e+01 6.858936e+00 2.172000e+01
   vertex -2.665793e+01 3.556747e+01 2.172000e+01
   vertex -4.101219e+01 2.121320e+01 4.550000e+01
  endloop
 endfacet
 facet normal -7.071069e-01 -7.071067e-01 1.348699e-07
  outer loop
   vertex -1.378858e+01 -3.641600e+01 2.120000e+01
   vertex -1.549932e+01 -3.470526e+01 1.870000e+01
   vertex -1.207784e+01 -3.812674e+01 1.870000e+01
  endloop
 endfacet
 facet normal 0.000000e+00 0.000000e+00 1.000000e+00
  outer loop
   vertex -4.419418e+01 1.803122e+01 3.000000e+00
   vertex -3.783021e+01 2.439518e+01 3.000000e+00
   vertex -3.924443e+01 2.580940e+01 3.000000e+00
  endloop
 endfacet
 facet normal -7.071063e-01 -7.071073e-01 0.000000e+00
  outer loop
   vertex -3.783021e+01 2.439518e+01 3.000000e+00
   vertex -3.783021e+01 2.439518e+01 1.550000e+01
   vertex -3.924443e+01 2.580940e+01 1.550000e+01
  endloop
 endfacet
 facet normal -5.472701e-01 -5.472709e-01 -6.332377e-01
  outer loop
   vertex -3.783021e+01 2.439518e+01 1.550000e+01
   vertex -4.101219e+01 2.121320e+01 2.100000e+01
   vertex -3.924443e+01 2.580940e+01 1.550000e+01
  endloop
 endfacet
 facet normal 5.472700e-01 5.472707e-01 -6.332380e-01
  outer loop
   vertex -4.101219e+01 2.121320e+01 2.100000e+01
   vertex -4.419418e+01 1.803122e+01 1.550000e+01
   vertex -4.242641e+01 2.262742e+01 2.100000e+01
  endloop
 endfacet
 facet normal 7.071073e-01 7.071063e-01 0.000000e+00
  outer loop
   vertex -4.419418e+01 1.803122e+01 1.550000e+01
   vertex -4.419418e+01 1.803122e+01 3.000000e+00
   vertex -4.560839e+01 1.944544e+01 3.000000e+00
  endloop
 endfacet
 facet normal -1.736483e-01 9.848077e-01 0.000000e+00
  outer loop
   vertex 2.807784e+01 -5.831950e-01 3.000000e+00
   vertex 3.290339e+01 2.676811e-01 3.000000e+00
   vertex 3.290339e+01 2.676811e-01 0.000000e+00
  endloop
 endfacet
 facet normal -9.848077e-01 -1.736482e-01 0.000000e+00
  outer loop
   vertex 3.153157e+01 8.047663e+00 3.000000e+00
   vertex 3.101063e+01 1.100209e+01 3.000000e+00
   vertex 3.101063e+01 1.100209e+01 0.000000e+00
  endloop
 endfacet
 facet normal 1.736483e-01 -9.848077e-01 0.000000e+00
  outer loop
   vertex 2.792040e+01 1.045719e+01 5.000000e-01
   vertex 2.792040e+01 1.045719e+01 0.000000e+00
   vertex 3.101063e+01 1.100209e+01 0.000000e+00
  endloop
 endfacet
 facet normal 1.736483e-01 -9.848077e-01 0.000000e+00
  outer loop
   vertex 2.792040e+01 1.045719e+01 5.000000e-01
   vertex 3.101063e+01 1.100209e+01 0.000000e+00
   vertex 2.792040e+01 1.045719e+01 1.000000e+00
  endloop
 endfacet
 facet normal 1.736483e-01 -9.848077e-01 0.000000e+00
  outer loop
   vertex 3.101063e+01 1.100209e+01 3.000000e+00
   vertex 2.792040e+01 1.045719e+01 1.500000e+00
   vertex 3.101063e+01 1.100209e+01 0.000000e+00
  endloop
 endfacet
 facet normal 1.736483e-01 -9.848077e-01 0.000000e+00
  outer loop
   vertex 3.101063e+01 1.100209e+01 3.000000e+00
   vertex 2.792040e+01 1.045719e+01 2.500000e+00
   vertex 2.792040e+01 1.045719e+01 2.000000e+00
  endloop
 endfacet
 facet normal 1.736483e-01 -9.848077e-01 0.000000e+00
  outer loop
   vertex 3.101063e+01 1.100209e+01 3.000000e+00
   vertex 2.792040e+01 1.045719e+01 3.000000e+00
   vertex 2.792040e+01 1.045719e+01 2.500000e+00
  endloop
 endfacet
 facet normal 1.736483e-01 -9.848077e-01 0.000000e+00
  outer loop
   vertex 3.101063e+01 1.100209e+01 3.000000e+00
   vertex 2.792040e+01 1.045719e+01 2.000000e+00
   vertex 2.792040e+01 1.045719e+01 1.500000e+00
  endloop
 endfacet
 facet normal 9.848077e-01 1.736482e-01 0.000000e+00
  outer loop
   vertex 2.755689e+01 2.371228e+00 3.000000e+00
   vertex 2.807784e+01 -5.831950e-01 3.000000e+00
   vertex 2.807784e+01 -5.831950e-01 0.000000e+00
  endloop
 endfacet
 facet normal -8.660255e-01 4.999998e-01 0.000000e+00
  outer loop
   vertex 1.949484e+01 2.286605e+01 3.000000e+00
   vertex 2.194484e+01 2.710958e+01 3.000000e+00
   vertex 2.194484e+01 2.710958e+01 0.000000e+00
  endloop
 endfacet
 facet normal -4.999994e-01 -8.660257e-01 0.000000e+00
  outer loop
   vertex 1.510324e+01 3.105958e+01 3.000000e+00
   vertex 1.250516e+01 3.255957e+01 3.000000e+00
   vertex 1.250516e+01 3.255957e+01 0.000000e+00
  endloop
 endfacet
 facet normal 8.660253e-01 -5.000001e-01 0.000000e+00
  outer loop
   vertex 1.250516e+01 3.255957e+01 3.000000e+00
   vertex 1.005516e+01 2.831605e+01 3.000000e+00
   vertex 1.005516e+01 2.831605e+01 0.000000e+00
  endloop
 endfacet
 facet normal 5.000000e-01 8.660254e-01 0.000000e+00
  outer loop
   vertex 1.689676e+01 2.436605e+01 3.000000e+00
   vertex 1.949484e+01 2.286605e+01 3.000000e+00
   vertex 1.949484e+01 2.286605e+01 0.000000e+00
  endloop
 endfacet
 facet normal -9.962733e-01 -8.625269e-02 -0.000000e+00
  outer loop
   vertex 2.797414e+01 1.094047e+01 5.000000e-01
   vertex 2.794140e+01 1.131857e+01 0.000000e+00
   vertex 2.797414e+01 1.094047e+01 0.000000e+00
  endloop
 endfacet
 facet normal -9.666265e-01 -2.561900e-01 0.000000e+00
  outer loop
   vertex 2.794140e+01 1.131857e+01 0.000000e+00
   vertex 2.794140e+01 1.131857e+01 3.000000e+00
   vertex 2.784418e+01 1.168542e+01 3.000000e+00
  endloop
 endfacet
 facet normal -9.962733e-01 -8.625269e-02 -0.000000e+00
  outer loop
   vertex 2.797414e+01 1.094047e+01 1.500000e+00
   vertex 2.794140e+01 1.131857e+01 0.000000e+00
   vertex 2.797414e+01 1.094047e+01 1.000000e+00
  endloop
 endfacet
 facet normal -9.962733e-01 -8.625269e-02 -0.000000e+00
  outer loop
   vertex 2.797414e+01 1.094047e+01 1.000000e+00
   vertex 2.794140e+01 1.131857e+01 0.000000e+00
   vertex 2.797414e+01 1.094047e+01 5.000000e-01
  endloop
 endfacet
 facet normal -8.227752e-01 -5.683670e-01 0.000000e+00
  outer loop
   vertex 2.768535e+01 1.203009e+01 0.000000e+00
   vertex 2.768535e+01 1.203009e+01 3.000000e+00
   vertex 2.746964e+01 1.234235e+01 3.000000e+00
  endloop
 endfacet
 facet normal -9.082128e-01 -4.185086e-01 0.000000e+00
  outer loop
   vertex 2.784418e+01 1.168542e+01 0.000000e+00
   vertex 2.784418e+01 1.168542e+01 3.000000e+00
   vertex 2.768535e+01 1.203009e+01 3.000000e+00
  endloop
 endfacet
 facet normal -7.128516e-01 -7.013149e-01 0.000000e+00
  outer loop
   vertex 2.746964e+01 1.234235e+01 0.000000e+00
   vertex 2.746964e+01 1.234235e+01 3.000000e+00
   vertex 2.720349e+01 1.261288e+01 3.000000e+00
  endloop
 endfacet
 facet normal -5.817185e-01 -8.133902e-01 0.000000e+00
  outer loop
   vertex 2.720349e+01 1.261288e+01 0.000000e+00
   vertex 2.720349e+01 1.261288e+01 3.000000e+00
   vertex 2.689480e+01 1.283365e+01 3.000000e+00
  endloop
 endfacet
 facet normal -2.719278e-01 -9.623177e-01 0.000000e+00
  outer loop
   vertex 2.655276e+01 1.299808e+01 0.000000e+00
   vertex 2.655276e+01 1.299808e+01 3.000000e+00
   vertex 2.618754e+01 1.310128e+01 3.000000e+00
  endloop
 endfacet
 facet normal -4.332684e-01 -9.012650e-01 0.000000e+00
  outer loop
   vertex 2.689480e+01 1.283365e+01 0.000000e+00
   vertex 2.689480e+01 1.283365e+01 3.000000e+00
   vertex 2.655276e+01 1.299808e+01 3.000000e+00
  endloop
 endfacet
 facet normal 6.998657e-02 -9.975479e-01 0.000000e+00
  outer loop
   vertex 2.581003e+01 1.314018e+01 0.000000e+00
   vertex 2.581003e+01 1.314018e+01 3.000000e+00
   vertex 2.543145e+01 1.311362e+01 3.000000e+00
  endloop
 endfacet
 facet normal 4.036319e-01 -9.149215e-01 0.000000e+00
  outer loop
   vertex 2.506307e+01 1.302239e+01 0.000000e+00
   vertex 2.506307e+01 1.302239e+01 3.000000e+00
   vertex 2.471584e+01 1.286921e+01 3.000000e+00
  endloop
 endfacet
 facet normal 2.403840e-01 -9.706779e-01 0.000000e+00
  outer loop
   vertex 2.543145e+01 1.311362e+01 0.000000e+00
   vertex 2.543145e+01 1.311362e+01 3.000000e+00
   vertex 2.506307e+01 1.302239e+01 3.000000e+00
  endloop
 endfacet
 facet normal -1.024964e-01 -9.947334e-01 0.000000e+00
  outer loop
   vertex 2.618754e+01 1.310128e+01 0.000000e+00
   vertex 2.618754e+01 1.310128e+01 3.000000e+00
   vertex 2.581003e+01 1.314018e+01 3.000000e+00
  endloop
 endfacet
 facet normal 5.548695e-01 -8.319374e-01 0.000000e+00
  outer loop
   vertex 2.471584e+01 1.286921e+01 0.000000e+00
   vertex 2.471584e+01 1.286921e+01 3.000000e+00
   vertex 2.440011e+01 1.265863e+01 3.000000e+00
  endloop
 endfacet
 facet normal -9.962733e-01 -8.625269e-02 0.000000e+00
  outer loop
   vertex 2.794140e+01 1.131857e+01 3.000000e+00
   vertex 2.797414e+01 1.094047e+01 1.500000e+00
   vertex 2.797414e+01 1.094047e+01 2.000000e+00
  endloop
 endfacet
 facet normal -9.962733e-01 -8.625269e-02 0.000000e+00
  outer loop
   vertex 2.794140e+01 1.131857e+01 3.000000e+00
   vertex 2.797414e+01 1.094047e+01 2.500000e+00
   vertex 2.797414e+01 1.094047e+01 3.000000e+00
  endloop
 endfacet
 facet normal -9.962733e-01 -8.625269e-02 -0.000000e+00
  outer loop
   vertex 2.797414e+01 1.094047e+01 2.500000e+00
   vertex 2.794140e+01 1.131857e+01 3.000000e+00
   vertex 2.797414e+01 1.094047e+01 2.000000e+00
  endloop
 endfacet
 facet normal -9.962733e-01 -8.625269e-02 0.000000e+00
  outer loop
   vertex 2.794140e+01 1.131857e+01 0.000000e+00
   vertex 2.797414e+01 1.094047e+01 1.500000e+00
   vertex 2.794140e+01 1.131857e+01 3.000000e+00
  endloop
 endfacet
 facet normal 6.895887e-01 -7.242013e-01 0.000000e+00
  outer loop
   vertex 2.440011e+01 1.265863e+01 0.000000e+00
   vertex 2.440011e+01 1.265863e+01 3.000000e+00
   vertex 2.412527e+01 1.239692e+01 3.000000e+00
  endloop
 endfacet
 facet normal 8.037924e-01 -5.949098e-01 0.000000e+00
  outer loop
   vertex 2.412527e+01 1.239692e+01 0.000000e+00
   vertex 2.412527e+01 1.239692e+01 3.000000e+00
   vertex 2.389950e+01 1.209187e+01 3.000000e+00
  endloop
 endfacet
 facet normal 9.577531e-01 -2.875918e-01 0.000000e+00
  outer loop
   vertex 2.372951e+01 1.175256e+01 0.000000e+00
   vertex 2.372951e+01 1.175256e+01 3.000000e+00
   vertex 2.362036e+01 1.138908e+01 3.000000e+00
  endloop
 endfacet
 facet normal 8.940746e-01 -4.479181e-01 0.000000e+00
  outer loop
   vertex 2.389950e+01 1.209187e+01 0.000000e+00
   vertex 2.389950e+01 1.209187e+01 3.000000e+00
   vertex 2.372951e+01 1.175256e+01 3.000000e+00
  endloop
 endfacet
 facet normal 9.985571e-01 5.370059e-02 -0.000000e+00
  outer loop
   vertex 2.357531e+01 1.101225e+01 0.000000e+00
   vertex 2.357531e+01 1.101225e+01 3.000000e+00
   vertex 2.359569e+01 1.063329e+01 3.000000e+00
  endloop
 endfacet
 facet normal 9.213857e-01 3.886494e-01 -0.000000e+00
  outer loop
   vertex 2.368089e+01 1.026347e+01 0.000000e+00
   vertex 2.368089e+01 1.026347e+01 3.000000e+00
   vertex 2.382839e+01 9.913790e+00 3.000000e+00
  endloop
 endfacet
 facet normal 9.744711e-01 2.245128e-01 -0.000000e+00
  outer loop
   vertex 2.359569e+01 1.063329e+01 0.000000e+00
   vertex 2.359569e+01 1.063329e+01 3.000000e+00
   vertex 2.368089e+01 1.026347e+01 3.000000e+00
  endloop
 endfacet
 facet normal 9.929285e-01 -1.187143e-01 0.000000e+00
  outer loop
   vertex 2.362036e+01 1.138908e+01 0.000000e+00
   vertex 2.362036e+01 1.138908e+01 3.000000e+00
   vertex 2.357531e+01 1.101225e+01 3.000000e+00
  endloop
 endfacet
 facet normal 7.353541e-01 6.776831e-01 -0.000000e+00
  outer loop
   vertex 2.403379e+01 9.594666e+00 0.000000e+00
   vertex 2.403379e+01 9.594666e+00 3.000000e+00
   vertex 2.429098e+01 9.315590e+00 3.000000e+00
  endloop
 endfacet
 facet normal 4.624467e-01 8.866471e-01 -0.000000e+00
  outer loop
   vertex 2.459230e+01 9.084867e+00 0.000000e+00
   vertex 2.459230e+01 9.084867e+00 3.000000e+00
   vertex 2.492879e+01 8.909364e+00 3.000000e+00
  endloop
 endfacet
 facet normal 6.079447e-01 7.939794e-01 -0.000000e+00
  outer loop
   vertex 2.429098e+01 9.315590e+00 0.000000e+00
   vertex 2.429098e+01 9.315590e+00 3.000000e+00
   vertex 2.459230e+01 9.084867e+00 3.000000e+00
  endloop
 endfacet
 facet normal 1.348997e-01 9.908593e-01 -0.000000e+00
  outer loop
   vertex 2.529044e+01 8.794303e+00 0.000000e+00
   vertex 2.529044e+01 8.794303e+00 3.000000e+00
   vertex 2.566649e+01 8.743107e+00 3.000000e+00
  endloop
 endfacet
 facet normal -2.085855e-01 9.780041e-01 0.000000e+00
  outer loop
   vertex 2.641690e+01 8.836461e+00 1.500000e+00
   vertex 2.641690e+01 8.836461e+00 0.000000e+00
   vertex 2.604573e+01 8.757300e+00 0.000000e+00
  endloop
 endfacet
 facet normal -3.739951e-02 9.993004e-01 0.000000e+00
  outer loop
   vertex 2.566649e+01 8.743107e+00 0.000000e+00
   vertex 2.566649e+01 8.743107e+00 3.000000e+00
   vertex 2.604573e+01 8.757300e+00 3.000000e+00
  endloop
 endfacet
 facet normal 3.031817e-01 9.529328e-01 -0.000000e+00
  outer loop
   vertex 2.492879e+01 8.909364e+00 0.000000e+00
   vertex 2.492879e+01 8.909364e+00 3.000000e+00
   vertex 2.529044e+01 8.794303e+00 3.000000e+00
  endloop
 endfacet
 facet normal 8.408820e-01 5.412185e-01 -0.000000e+00
  outer loop
   vertex 2.382839e+01 9.913790e+00 0.000000e+00
   vertex 2.382839e+01 9.913790e+00 3.000000e+00
   vertex 2.403379e+01 9.594666e+00 3.000000e+00
  endloop
 endfacet
 facet normal -2.085855e-01 9.780041e-01 0.000000e+00
  outer loop
   vertex 2.641690e+01 8.836461e+00 1.500000e+00
   vertex 2.604573e+01 8.757300e+00 3.000000e+00
   vertex 2.641690e+01 8.836461e+00 3.000000e+00
  endloop
 endfacet
 facet normal -2.085855e-01 9.780041e-01 0.000000e+00
  outer loop
   vertex 2.604573e+01 8.757300e+00 0.000000e+00
   vertex 2.604573e+01 8.757300e+00 3.000000e+00
   vertex 2.641690e+01 8.836461e+00 1.500000e+00
  endloop
 endfacet
 facet normal -9.902499e-01 1.393024e-01 0.000000e+00
  outer loop
   vertex 2.796035e+01 1.069458e+01 1.500000e+00
   vertex 2.796035e+01 1.069458e+01 7.500000e-01
   vertex 2.794335e+01 1.057371e+01 7.500000e-01
  endloop
 endfacet
 facet normal -9.902499e-01 1.393024e-01 0.000000e+00
  outer loop
   vertex 2.796035e+01 1.069458e+01 2.250000e+00
   vertex 2.796035e+01 1.069458e+01 1.500000e+00
   vertex 2.794335e+01 1.057371e+01 1.500000e+00
  endloop
 endfacet
 facet normal -9.964738e-01 8.390462e-02 0.000000e+00
  outer loop
   vertex 2.797069e+01 1.081733e+01 1.500000e+00
   vertex 2.797069e+01 1.081733e+01 7.500000e-01
   vertex 2.796035e+01 1.069458e+01 7.500000e-01
  endloop
 endfacet
 facet normal -9.964738e-01 8.390462e-02 0.000000e+00
  outer loop
   vertex 2.797069e+01 1.081733e+01 2.250000e+00
   vertex 2.797069e+01 1.081733e+01 1.500000e+00
   vertex 2.796035e+01 1.069458e+01 1.500000e+00
  endloop
 endfacet
 facet normal -9.811482e-01 1.932566e-01 0.000000e+00
  outer loop
   vertex 2.794335e+01 1.057371e+01 7.500000e-01
   vertex 2.792040e+01 1.045719e+01 0.000000e+00
   vertex 2.792040e+01 1.045719e+01 5.000000e-01
  endloop
 endfacet
 facet normal -9.811482e-01 1.932566e-01 0.000000e+00
  outer loop
   vertex 2.794335e+01 1.057371e+01 7.500000e-01
   vertex 2.792040e+01 1.045719e+01 5.000000e-01
   vertex 2.792040e+01 1.045719e+01 1.000000e+00
  endloop
 endfacet
 facet normal -9.902499e-01 1.393024e-01 1.051813e-04
  outer loop
   vertex 2.794335e+01 1.057371e+01 7.500000e-01
   vertex 2.796035e+01 1.069458e+01 7.500000e-01
   vertex 2.796066e+01 1.069734e+01 0.000000e+00
  endloop
 endfacet
 facet normal -9.811482e-01 1.932566e-01 0.000000e+00
  outer loop
   vertex 2.794335e+01 1.057371e+01 7.500000e-01
   vertex 2.792040e+01 1.045719e+01 1.000000e+00
   vertex 2.794335e+01 1.057371e+01 1.500000e+00
  endloop
 endfacet
 facet normal -9.862255e-01 1.653455e-01 4.491310e-03
  outer loop
   vertex 2.796066e+01 1.069734e+01 0.000000e+00
   vertex 2.792040e+01 1.045719e+01 0.000000e+00
   vertex 2.794335e+01 1.057371e+01 7.500000e-01
  endloop
 endfacet
 facet normal -9.811482e-01 1.932566e-01 0.000000e+00
  outer loop
   vertex 2.792040e+01 1.045719e+01 2.000000e+00
   vertex 2.794335e+01 1.057371e+01 2.250000e+00
   vertex 2.794335e+01 1.057371e+01 1.500000e+00
  endloop
 endfacet
 facet normal -9.811482e-01 1.932566e-01 0.000000e+00
  outer loop
   vertex 2.794335e+01 1.057371e+01 2.250000e+00
   vertex 2.792040e+01 1.045719e+01 2.000000e+00
   vertex 2.792040e+01 1.045719e+01 2.500000e+00
  endloop
 endfacet
 facet normal -9.902499e-01 1.393024e-01 -1.051813e-04
  outer loop
   vertex 2.796066e+01 1.069734e+01 3.000000e+00
   vertex 2.796035e+01 1.069458e+01 2.250000e+00
   vertex 2.794335e+01 1.057371e+01 2.250000e+00
  endloop
 endfacet
 facet normal -9.811482e-01 1.932566e-01 0.000000e+00
  outer loop
   vertex 2.792040e+01 1.045719e+01 2.500000e+00
   vertex 2.792040e+01 1.045719e+01 3.000000e+00
   vertex 2.794335e+01 1.057371e+01 2.250000e+00
  endloop
 endfacet
 facet normal -9.984575e-01 5.533975e-02 4.495043e-03
  outer loop
   vertex 2.797414e+01 1.094047e+01 0.000000e+00
   vertex 2.796066e+01 1.069734e+01 0.000000e+00
   vertex 2.797069e+01 1.081733e+01 7.500000e-01
  endloop
 endfacet
 facet normal -9.996081e-01 2.799398e-02 0.000000e+00
  outer loop
   vertex 2.797069e+01 1.081733e+01 1.500000e+00
   vertex 2.797414e+01 1.094047e+01 1.500000e+00
   vertex 2.797414e+01 1.094047e+01 1.000000e+00
  endloop
 endfacet
 facet normal -9.996081e-01 2.799398e-02 0.000000e+00
  outer loop
   vertex 2.797069e+01 1.081733e+01 7.500000e-01
   vertex 2.797414e+01 1.094047e+01 5.000000e-01
   vertex 2.797414e+01 1.094047e+01 0.000000e+00
  endloop
 endfacet
 facet normal -9.996081e-01 2.799398e-02 0.000000e+00
  outer loop
   vertex 2.797069e+01 1.081733e+01 7.500000e-01
   vertex 2.797414e+01 1.094047e+01 1.000000e+00
   vertex 2.797414e+01 1.094047e+01 5.000000e-01
  endloop
 endfacet
 facet normal -9.984575e-01 5.533975e-02 -4.495043e-03
  outer loop
   vertex 2.797069e+01 1.081733e+01 2.250000e+00
   vertex 2.796066e+01 1.069734e+01 3.000000e+00
   vertex 2.797414e+01 1.094047e+01 3.000000e+00
  endloop
 endfacet
 facet normal -9.964738e-01 8.390462e-02 1.014529e-04
  outer loop
   vertex 2.797069e+01 1.081733e+01 2.250000e+00
   vertex 2.796035e+01 1.069458e+01 2.250000e+00
   vertex 2.796066e+01 1.069734e+01 3.000000e+00
  endloop
 endfacet
 facet normal -9.996081e-01 2.799398e-02 0.000000e+00
  outer loop
   vertex 2.797414e+01 1.094047e+01 1.500000e+00
   vertex 2.797069e+01 1.081733e+01 1.500000e+00
   vertex 2.797414e+01 1.094047e+01 2.000000e+00
  endloop
 endfacet
 facet normal -9.996081e-01 2.799398e-02 0.000000e+00
  outer loop
   vertex 2.797069e+01 1.081733e+01 2.250000e+00
   vertex 2.797414e+01 1.094047e+01 2.500000e+00
   vertex 2.797414e+01 1.094047e+01 2.000000e+00
  endloop
 endfacet
 facet normal -9.996081e-01 2.799398e-02 0.000000e+00
  outer loop
   vertex 2.797069e+01 1.081733e+01 2.250000e+00
   vertex 2.797414e+01 1.094047e+01 3.000000e+00
   vertex 2.797414e+01 1.094047e+01 2.500000e+00
  endloop
 endfacet
 facet normal -9.964738e-01 8.390462e-02 -1.014529e-04
  outer loop
   vertex 2.797069e+01 1.081733e+01 7.500000e-01
   vertex 2.796066e+01 1.069734e+01 0.000000e+00
   vertex 2.796035e+01 1.069458e+01 7.500000e-01
  endloop
 endfacet
 facet normal -9.963976e-01 -8.480512e-02 0.000000e+00
  outer loop
   vertex 2.736012e+01 1.633917e+01 0.000000e+00
   vertex 2.736012e+01 1.633917e+01 3.000000e+00
   vertex 2.732847e+01 1.671097e+01 3.000000e+00
  endloop
 endfacet
 facet normal -9.112279e-01 -4.119027e-01 0.000000e+00
  outer loop
   vertex 2.723445e+01 1.707208e+01 0.000000e+00
   vertex 2.723445e+01 1.707208e+01 3.000000e+00
   vertex 2.708075e+01 1.741210e+01 3.000000e+00
  endloop
 endfacet
 facet normal -9.677328e-01 -2.519787e-01 0.000000e+00
  outer loop
   vertex 2.732847e+01 1.671097e+01 0.000000e+00
   vertex 2.732847e+01 1.671097e+01 3.000000e+00
   vertex 2.723445e+01 1.707208e+01 3.000000e+00
  endloop
 endfacet
 facet normal -7.219575e-01 -6.919374e-01 0.000000e+00
  outer loop
   vertex 2.687180e+01 1.772125e+01 0.000000e+00
   vertex 2.687180e+01 1.772125e+01 3.000000e+00
   vertex 2.661360e+01 1.799065e+01 3.000000e+00
  endloop
 endfacet
 facet normal -4.502044e-01 -8.929255e-01 0.000000e+00
  outer loop
   vertex 2.631359e+01 1.821254e+01 0.000000e+00
   vertex 2.631359e+01 1.821254e+01 3.000000e+00
   vertex 2.598040e+01 1.838053e+01 3.000000e+00
  endloop
 endfacet
 facet normal -2.928191e-01 -9.561679e-01 0.000000e+00
  outer loop
   vertex 2.598040e+01 1.838053e+01 0.000000e+00
   vertex 2.598040e+01 1.838053e+01 3.000000e+00
   vertex 2.562361e+01 1.848979e+01 3.000000e+00
  endloop
 endfacet
 facet normal -5.946338e-01 -8.039967e-01 0.000000e+00
  outer loop
   vertex 2.661360e+01 1.799065e+01 0.000000e+00
   vertex 2.661360e+01 1.799065e+01 3.000000e+00
   vertex 2.631359e+01 1.821254e+01 3.000000e+00
  endloop
 endfacet
 facet normal -8.285097e-01 -5.599747e-01 0.000000e+00
  outer loop
   vertex 2.708075e+01 1.741210e+01 0.000000e+00
   vertex 2.708075e+01 1.741210e+01 3.000000e+00
   vertex 2.687180e+01 1.772125e+01 3.000000e+00
  endloop
 endfacet
 facet normal 4.244100e-02 -9.990990e-01 0.000000e+00
  outer loop
   vertex 2.525349e+01 1.853719e+01 0.000000e+00
   vertex 2.525349e+01 1.853719e+01 3.000000e+00
   vertex 2.488068e+01 1.852135e+01 3.000000e+00
  endloop
 endfacet
 facet normal 3.728549e-01 -9.278896e-01 0.000000e+00
  outer loop
   vertex 2.451591e+01 1.844274e+01 0.000000e+00
   vertex 2.451591e+01 1.844274e+01 3.000000e+00
   vertex 2.416967e+01 1.830361e+01 3.000000e+00
  endloop
 endfacet
 facet normal 5.243076e-01 -8.515289e-01 0.000000e+00
  outer loop
   vertex 2.416967e+01 1.830361e+01 0.000000e+00
   vertex 2.416967e+01 1.830361e+01 3.000000e+00
   vertex 2.385192e+01 1.810797e+01 3.000000e+00
  endloop
 endfacet
 facet normal 2.106820e-01 -9.775547e-01 0.000000e+00
  outer loop
   vertex 2.488068e+01 1.852135e+01 0.000000e+00
   vertex 2.488068e+01 1.852135e+01 3.000000e+00
   vertex 2.451591e+01 1.844274e+01 3.000000e+00
  endloop
 endfacet
 facet normal 7.780373e-01 -6.282181e-01 0.000000e+00
  outer loop
   vertex 2.357181e+01 1.786144e+01 0.000000e+00
   vertex 2.357181e+01 1.786144e+01 3.000000e+00
   vertex 2.333740e+01 1.757112e+01 3.000000e+00
  endloop
 endfacet
 facet normal 9.428778e-01 -3.331388e-01 0.000000e+00
  outer loop
   vertex 2.315541e+01 1.724535e+01 0.000000e+00
   vertex 2.315541e+01 1.724535e+01 3.000000e+00
   vertex 2.303111e+01 1.689352e+01 3.000000e+00
  endloop
 endfacet
 facet normal 9.856156e-01 -1.690025e-01 0.000000e+00
  outer loop
   vertex 2.303111e+01 1.689352e+01 0.000000e+00
   vertex 2.303111e+01 1.689352e+01 3.000000e+00
   vertex 2.296804e+01 1.652574e+01 3.000000e+00
  endloop
 endfacet
 facet normal 8.730134e-01 -4.876961e-01 0.000000e+00
  outer loop
   vertex 2.333740e+01 1.757112e+01 0.000000e+00
   vertex 2.333740e+01 1.757112e+01 3.000000e+00
   vertex 2.315541e+01 1.724535e+01 3.000000e+00
  endloop
 endfacet
 facet normal 6.606742e-01 -7.506728e-01 0.000000e+00
  outer loop
   vertex 2.385192e+01 1.810797e+01 0.000000e+00
   vertex 2.385192e+01 1.810797e+01 3.000000e+00
   vertex 2.357181e+01 1.786144e+01 3.000000e+00
  endloop
 endfacet
 facet normal -1.270218e-01 -9.918999e-01 0.000000e+00
  outer loop
   vertex 2.525349e+01 1.853719e+01 0.000000e+00
   vertex 2.562361e+01 1.848979e+01 0.000000e+00
   vertex 2.562361e+01 1.848979e+01 3.000000e+00
  endloop
 endfacet
 facet normal 1.000000e+00 0.000000e+00 0.000000e+00
  outer loop
   vertex 2.296804e+01 1.615260e+01 3.000000e+00
   vertex 2.296804e+01 1.615260e+01 0.000000e+00
   vertex 2.296804e+01 1.652574e+01 0.000000e+00
  endloop
 endfacet
 facet normal 9.856155e-01 1.690030e-01 -0.000000e+00
  outer loop
   vertex 2.296804e+01 1.615260e+01 0.000000e+00
   vertex 2.296804e+01 1.615260e+01 3.000000e+00
   vertex 2.303111e+01 1.578482e+01 3.000000e+00
  endloop
 endfacet
 facet normal 8.730134e-01 4.876961e-01 0.000000e+00
  outer loop
   vertex 2.333740e+01 1.510723e+01 0.000000e+00
   vertex 2.315541e+01 1.543299e+01 0.000000e+00
   vertex 2.315541e+01 1.543299e+01 3.000000e+00
  endloop
 endfacet
 facet normal 9.428778e-01 3.331388e-01 0.000000e+00
  outer loop
   vertex 2.315541e+01 1.543299e+01 0.000000e+00
   vertex 2.303111e+01 1.578482e+01 0.000000e+00
   vertex 2.303111e+01 1.578482e+01 3.000000e+00
  endloop
 endfacet
 facet normal 6.606742e-01 7.506728e-01 -0.000000e+00
  outer loop
   vertex 2.357181e+01 1.481691e+01 0.000000e+00
   vertex 2.357181e+01 1.481691e+01 3.000000e+00
   vertex 2.385192e+01 1.457038e+01 3.000000e+00
  endloop
 endfacet
 facet normal 3.728549e-01 9.278896e-01 0.000000e+00
  outer loop
   vertex 2.451591e+01 1.423560e+01 0.000000e+00
   vertex 2.416967e+01 1.437473e+01 0.000000e+00
   vertex 2.416967e+01 1.437473e+01 3.000000e+00
  endloop
 endfacet
 facet normal 2.106795e-01 9.775552e-01 0.000000e+00
  outer loop
   vertex 2.488068e+01 1.415699e+01 0.000000e+00
   vertex 2.451591e+01 1.423560e+01 0.000000e+00
   vertex 2.451591e+01 1.423560e+01 3.000000e+00
  endloop
 endfacet
 facet normal 5.243095e-01 8.515278e-01 -0.000000e+00
  outer loop
   vertex 2.385192e+01 1.457038e+01 0.000000e+00
   vertex 2.385192e+01 1.457038e+01 3.000000e+00
   vertex 2.416967e+01 1.437473e+01 3.000000e+00
  endloop
 endfacet
 facet normal 7.780363e-01 6.282194e-01 -0.000000e+00
  outer loop
   vertex 2.333740e+01 1.510723e+01 0.000000e+00
   vertex 2.333740e+01 1.510723e+01 3.000000e+00
   vertex 2.357181e+01 1.481691e+01 3.000000e+00
  endloop
 endfacet
 facet normal -1.270193e-01 9.919002e-01 0.000000e+00
  outer loop
   vertex 2.562361e+01 1.418855e+01 0.000000e+00
   vertex 2.525349e+01 1.414115e+01 0.000000e+00
   vertex 2.525349e+01 1.414115e+01 3.000000e+00
  endloop
 endfacet
 facet normal -4.502044e-01 8.929255e-01 0.000000e+00
  outer loop
   vertex 2.631359e+01 1.446581e+01 0.000000e+00
   vertex 2.598040e+01 1.429782e+01 0.000000e+00
   vertex 2.598040e+01 1.429782e+01 3.000000e+00
  endloop
 endfacet
 facet normal -5.946321e-01 8.039979e-01 0.000000e+00
  outer loop
   vertex 2.661360e+01 1.468769e+01 0.000000e+00
   vertex 2.631359e+01 1.446581e+01 0.000000e+00
   vertex 2.631359e+01 1.446581e+01 3.000000e+00
  endloop
 endfacet
 facet normal -2.928214e-01 9.561671e-01 0.000000e+00
  outer loop
   vertex 2.598040e+01 1.429782e+01 0.000000e+00
   vertex 2.562361e+01 1.418855e+01 0.000000e+00
   vertex 2.562361e+01 1.418855e+01 3.000000e+00
  endloop
 endfacet
 facet normal -8.285097e-01 5.599747e-01 0.000000e+00
  outer loop
   vertex 2.708075e+01 1.526624e+01 0.000000e+00
   vertex 2.687180e+01 1.495709e+01 0.000000e+00
   vertex 2.687180e+01 1.495709e+01 3.000000e+00
  endloop
 endfacet
 facet normal -9.677330e-01 2.519780e-01 0.000000e+00
  outer loop
   vertex 2.732847e+01 1.596737e+01 0.000000e+00
   vertex 2.723445e+01 1.560626e+01 0.000000e+00
   vertex 2.723445e+01 1.560626e+01 3.000000e+00
  endloop
 endfacet
 facet normal -9.963975e-01 8.480555e-02 0.000000e+00
  outer loop
   vertex 2.736012e+01 1.633917e+01 0.000000e+00
   vertex 2.732847e+01 1.596737e+01 0.000000e+00
   vertex 2.732847e+01 1.596737e+01 3.000000e+00
  endloop
 endfacet
 facet normal -9.112279e-01 4.119027e-01 0.000000e+00
  outer loop
   vertex 2.723445e+01 1.560626e+01 0.000000e+00
   vertex 2.708075e+01 1.526624e+01 0.000000e+00
   vertex 2.708075e+01 1.526624e+01 3.000000e+00
  endloop
 endfacet
 facet normal -7.219575e-01 6.919374e-01 0.000000e+00
  outer loop
   vertex 2.687180e+01 1.495709e+01 0.000000e+00
   vertex 2.661360e+01 1.468769e+01 0.000000e+00
   vertex 2.661360e+01 1.468769e+01 3.000000e+00
  endloop
 endfacet
 facet normal 4.244100e-02 9.990990e-01 0.000000e+00
  outer loop
   vertex 2.525349e+01 1.414115e+01 0.000000e+00
   vertex 2.488068e+01 1.415699e+01 0.000000e+00
   vertex 2.488068e+01 1.415699e+01 3.000000e+00
  endloop
 endfacet
 facet normal -9.963975e-01 -8.480555e-02 0.000000e+00
  outer loop
   vertex -2.752579e+01 2.676522e+01 0.000000e+00
   vertex -2.752579e+01 2.676522e+01 3.000000e+00
   vertex -2.755744e+01 2.713703e+01 3.000000e+00
  endloop
 endfacet
 facet normal -9.112279e-01 -4.119027e-01 0.000000e+00
  outer loop
   vertex -2.765146e+01 2.749813e+01 0.000000e+00
   vertex -2.765146e+01 2.749813e+01 3.000000e+00
   vertex -2.780516e+01 2.783815e+01 3.000000e+00
  endloop
 endfacet
 facet normal -9.677331e-01 -2.519774e-01 0.000000e+00
  outer loop
   vertex -2.755744e+01 2.713703e+01 0.000000e+00
   vertex -2.755744e+01 2.713703e+01 3.000000e+00
   vertex -2.765146e+01 2.749813e+01 3.000000e+00
  endloop
 endfacet
 facet normal -7.219575e-01 -6.919374e-01 0.000000e+00
  outer loop
   vertex -2.801411e+01 2.814731e+01 0.000000e+00
   vertex -2.801411e+01 2.814731e+01 3.000000e+00
   vertex -2.827231e+01 2.841670e+01 3.000000e+00
  endloop
 endfacet
 facet normal -4.502044e-01 -8.929255e-01 0.000000e+00
  outer loop
   vertex -2.857232e+01 2.863859e+01 0.000000e+00
   vertex -2.857232e+01 2.863859e+01 3.000000e+00
   vertex -2.890551e+01 2.880658e+01 3.000000e+00
  endloop
 endfacet
 facet normal -2.928238e-01 -9.561664e-01 0.000000e+00
  outer loop
   vertex -2.890551e+01 2.880658e+01 0.000000e+00
   vertex -2.890551e+01 2.880658e+01 3.000000e+00
   vertex -2.926230e+01 2.891585e+01 3.000000e+00
  endloop
 endfacet
 facet normal -5.946305e-01 -8.039991e-01 0.000000e+00
  outer loop
   vertex -2.827231e+01 2.841670e+01 0.000000e+00
   vertex -2.827231e+01 2.841670e+01 3.000000e+00
   vertex -2.857232e+01 2.863859e+01 3.000000e+00
  endloop
 endfacet
 facet normal -8.285097e-01 -5.599747e-01 0.000000e+00
  outer loop
   vertex -2.780516e+01 2.783815e+01 0.000000e+00
   vertex -2.780516e+01 2.783815e+01 3.000000e+00
   vertex -2.801411e+01 2.814731e+01 3.000000e+00
  endloop
 endfacet
 facet normal 4.244100e-02 -9.990990e-01 0.000000e+00
  outer loop
   vertex -2.963242e+01 2.896324e+01 0.000000e+00
   vertex -2.963242e+01 2.896324e+01 3.000000e+00
   vertex -3.000523e+01 2.894740e+01 3.000000e+00
  endloop
 endfacet
 facet normal 3.728549e-01 -9.278896e-01 0.000000e+00
  outer loop
   vertex -3.037000e+01 2.886879e+01 0.000000e+00
   vertex -3.037000e+01 2.886879e+01 3.000000e+00
   vertex -3.071624e+01 2.872966e+01 3.000000e+00
  endloop
 endfacet
 facet normal 5.243113e-01 -8.515267e-01 0.000000e+00
  outer loop
   vertex -3.071624e+01 2.872966e+01 0.000000e+00
   vertex -3.071624e+01 2.872966e+01 3.000000e+00
   vertex -3.103399e+01 2.853402e+01 3.000000e+00
  endloop
 endfacet
 facet normal 2.106771e-01 -9.775557e-01 0.000000e+00
  outer loop
   vertex -3.000523e+01 2.894740e+01 0.000000e+00
   vertex -3.000523e+01 2.894740e+01 3.000000e+00
   vertex -3.037000e+01 2.886879e+01 3.000000e+00
  endloop
 endfacet
 facet normal 7.780353e-01 -6.282206e-01 0.000000e+00
  outer loop
   vertex -3.131410e+01 2.828749e+01 0.000000e+00
   vertex -3.131410e+01 2.828749e+01 3.000000e+00
   vertex -3.154851e+01 2.799717e+01 3.000000e+00
  endloop
 endfacet
 facet normal 9.428778e-01 -3.331388e-01 0.000000e+00
  outer loop
   vertex -3.173050e+01 2.767141e+01 0.000000e+00
   vertex -3.173050e+01 2.767141e+01 3.000000e+00
   vertex -3.185480e+01 2.731958e+01 3.000000e+00
  endloop
 endfacet
 facet normal 9.856156e-01 -1.690025e-01 0.000000e+00
  outer loop
   vertex -3.191787e+01 2.695180e+01 0.000000e+00
   vertex -3.185480e+01 2.731958e+01 0.000000e+00
   vertex -3.185480e+01 2.731958e+01 3.000000e+00
  endloop
 endfacet
 facet normal 8.730134e-01 -4.876961e-01 0.000000e+00
  outer loop
   vertex -3.154851e+01 2.799717e+01 0.000000e+00
   vertex -3.154851e+01 2.799717e+01 3.000000e+00
   vertex -3.173050e+01 2.767141e+01 3.000000e+00
  endloop
 endfacet
 facet normal 6.606742e-01 -7.506728e-01 0.000000e+00
  outer loop
   vertex -3.103399e+01 2.853402e+01 0.000000e+00
   vertex -3.103399e+01 2.853402e+01 3.000000e+00
   vertex -3.131410e+01 2.828749e+01 3.000000e+00
  endloop
 endfacet
 facet normal -1.270168e-01 -9.919006e-01 0.000000e+00
  outer loop
   vertex -2.963242e+01 2.896324e+01 0.000000e+00
   vertex -2.926230e+01 2.891585e+01 0.000000e+00
   vertex -2.926230e+01 2.891585e+01 3.000000e+00
  endloop
 endfacet
 facet normal 1.000000e+00 0.000000e+00 -0.000000e+00
  outer loop
   vertex -3.191787e+01 2.695180e+01 0.000000e+00
   vertex -3.191787e+01 2.695180e+01 3.000000e+00
   vertex -3.191787e+01 2.657865e+01 3.000000e+00
  endloop
 endfacet
 facet normal 9.856156e-01 1.690025e-01 -0.000000e+00
  outer loop
   vertex -3.191787e+01 2.657865e+01 0.000000e+00
   vertex -3.191787e+01 2.657865e+01 3.000000e+00
   vertex -3.185480e+01 2.621087e+01 3.000000e+00
  endloop
 endfacet
 facet normal 8.730134e-01 4.876961e-01 0.000000e+00
  outer loop
   vertex -3.154851e+01 2.553328e+01 0.000000e+00
   vertex -3.173050e+01 2.585904e+01 0.000000e+00
   vertex -3.173050e+01 2.585904e+01 3.000000e+00
  endloop
 endfacet
 facet normal 9.428778e-01 3.331388e-01 0.000000e+00
  outer loop
   vertex -3.173050e+01 2.585904e+01 0.000000e+00
   vertex -3.185480e+01 2.621087e+01 0.000000e+00
   vertex -3.185480e+01 2.621087e+01 3.000000e+00
  endloop
 endfacet
 facet normal 6.606713e-01 7.506753e-01 0.000000e+00
  outer loop
   vertex -3.103399e+01 2.499643e+01 0.000000e+00
   vertex -3.131410e+01 2.524296e+01 0.000000e+00
   vertex -3.131410e+01 2.524296e+01 3.000000e+00
  endloop
 endfacet
 facet normal 3.728549e-01 9.278896e-01 0.000000e+00
  outer loop
   vertex -3.037000e+01 2.466166e+01 0.000000e+00
   vertex -3.071624e+01 2.480079e+01 0.000000e+00
   vertex -3.071624e+01 2.480079e+01 3.000000e+00
  endloop
 endfacet
 facet normal 2.106771e-01 9.775557e-01 0.000000e+00
  outer loop
   vertex -3.000523e+01 2.458304e+01 0.000000e+00
   vertex -3.037000e+01 2.466166e+01 0.000000e+00
   vertex -3.037000e+01 2.466166e+01 3.000000e+00
  endloop
 endfacet
 facet normal 5.243113e-01 8.515267e-01 0.000000e+00
  outer loop
   vertex -3.071624e+01 2.480079e+01 0.000000e+00
   vertex -3.103399e+01 2.499643e+01 0.000000e+00
   vertex -3.103399e+01 2.499643e+01 3.000000e+00
  endloop
 endfacet
 facet normal 7.780373e-01 6.282181e-01 0.000000e+00
  outer loop
   vertex -3.131410e+01 2.524296e+01 0.000000e+00
   vertex -3.154851e+01 2.553328e+01 0.000000e+00
   vertex -3.154851e+01 2.553328e+01 3.000000e+00
  endloop
 endfacet
 facet normal -1.270168e-01 9.919006e-01 0.000000e+00
  outer loop
   vertex -2.926230e+01 2.461460e+01 0.000000e+00
   vertex -2.963242e+01 2.456721e+01 0.000000e+00
   vertex -2.963242e+01 2.456721e+01 3.000000e+00
  endloop
 endfacet
 facet normal -4.502044e-01 8.929255e-01 0.000000e+00
  outer loop
   vertex -2.857232e+01 2.489186e+01 0.000000e+00
   vertex -2.890551e+01 2.472387e+01 0.000000e+00
   vertex -2.890551e+01 2.472387e+01 3.000000e+00
  endloop
 endfacet
 facet normal -5.946305e-01 8.039991e-01 0.000000e+00
  outer loop
   vertex -2.827231e+01 2.511374e+01 0.000000e+00
   vertex -2.857232e+01 2.489186e+01 0.000000e+00
   vertex -2.857232e+01 2.489186e+01 3.000000e+00
  endloop
 endfacet
 facet normal -2.928238e-01 9.561664e-01 0.000000e+00
  outer loop
   vertex -2.890551e+01 2.472387e+01 0.000000e+00
   vertex -2.926230e+01 2.461460e+01 0.000000e+00
   vertex -2.926230e+01 2.461460e+01 3.000000e+00
  endloop
 endfacet
 facet normal -8.285097e-01 5.599747e-01 0.000000e+00
  outer loop
   vertex -2.780516e+01 2.569230e+01 0.000000e+00
   vertex -2.801411e+01 2.538314e+01 0.000000e+00
   vertex -2.801411e+01 2.538314e+01 3.000000e+00
  endloop
 endfacet
 facet normal -9.677331e-01 2.519774e-01 0.000000e+00
  outer loop
   vertex -2.755744e+01 2.639342e+01 0.000000e+00
   vertex -2.765146e+01 2.603232e+01 0.000000e+00
   vertex -2.765146e+01 2.603232e+01 3.000000e+00
  endloop
 endfacet
 facet normal -9.963975e-01 8.480555e-02 0.000000e+00
  outer loop
   vertex -2.752579e+01 2.676522e+01 0.000000e+00
   vertex -2.755744e+01 2.639342e+01 0.000000e+00
   vertex -2.755744e+01 2.639342e+01 3.000000e+00
  endloop
 endfacet
 facet normal -9.112279e-01 4.119027e-01 0.000000e+00
  outer loop
   vertex -2.765146e+01 2.603232e+01 0.000000e+00
   vertex -2.780516e+01 2.569230e+01 0.000000e+00
   vertex -2.780516e+01 2.569230e+01 3.000000e+00
  endloop
 endfacet
 facet normal -7.219575e-01 6.919374e-01 0.000000e+00
  outer loop
   vertex -2.801411e+01 2.538314e+01 0.000000e+00
   vertex -2.827231e+01 2.511374e+01 0.000000e+00
   vertex -2.827231e+01 2.511374e+01 3.000000e+00
  endloop
 endfacet
 facet normal 4.244100e-02 9.990990e-01 0.000000e+00
  outer loop
   vertex -2.963242e+01 2.456721e+01 0.000000e+00
   vertex -3.000523e+01 2.458304e+01 0.000000e+00
   vertex -3.000523e+01 2.458304e+01 3.000000e+00
  endloop
 endfacet
 facet normal -7.645255e-01 6.445935e-01 0.000000e+00
  outer loop
   vertex -1.668772e+01 -3.280975e+01 0.000000e+00
   vertex -1.668772e+01 -3.280975e+01 2.000000e+00
   vertex -1.653466e+01 -3.262821e+01 0.000000e+00
  endloop
 endfacet
 facet normal -9.355962e-01 3.530716e-01 3.948768e-04
  outer loop
   vertex -1.641448e+01 -3.242342e+01 0.000000e+00
   vertex -1.641032e+01 -3.241463e+01 2.000000e+00
   vertex -1.633064e+01 -3.220125e+01 0.000000e+00
  endloop
 endfacet
 facet normal -8.624638e-01 5.061187e-01 2.016975e-04
  outer loop
   vertex -1.653466e+01 -3.262821e+01 0.000000e+00
   vertex -1.653186e+01 -3.262424e+01 2.000000e+00
   vertex -1.641448e+01 -3.242342e+01 0.000000e+00
  endloop
 endfacet
 facet normal -9.997745e-01 2.122172e-02 7.568816e-04
  outer loop
   vertex -1.628555e+01 -3.196811e+01 0.000000e+00
   vertex -1.628362e+01 -3.194878e+01 2.000000e+00
   vertex -1.628051e+01 -3.173071e+01 0.000000e+00
  endloop
 endfacet
 facet normal -9.497345e-01 -3.130546e-01 1.084760e-03
  outer loop
   vertex -1.631566e+01 -3.149587e+01 0.000000e+00
   vertex -1.632270e+01 -3.146759e+01 2.000000e+00
   vertex -1.639000e+01 -3.127035e+01 0.000000e+00
  endloop
 endfacet
 facet normal -8.831698e-01 -4.690517e-01 1.236243e-03
  outer loop
   vertex -1.639000e+01 -3.127035e+01 0.000000e+00
   vertex -1.640372e+01 -3.123924e+01 2.000000e+00
   vertex -1.650138e+01 -3.106064e+01 0.000000e+00
  endloop
 endfacet
 facet normal -9.889814e-01 -1.480372e-01 9.254046e-04
  outer loop
   vertex -1.628051e+01 -3.173071e+01 0.000000e+00
   vertex -1.628226e+01 -3.170649e+01 2.000000e+00
   vertex -1.631566e+01 -3.149587e+01 0.000000e+00
  endloop
 endfacet
 facet normal -9.818061e-01 1.898855e-01 5.806680e-04
  outer loop
   vertex -1.633064e+01 -3.220125e+01 0.000000e+00
   vertex -1.632674e+01 -3.218721e+01 2.000000e+00
   vertex -1.628555e+01 -3.196811e+01 0.000000e+00
  endloop
 endfacet
 facet normal -6.764557e-01 -7.364818e-01 1.513586e-03
  outer loop
   vertex -1.664660e+01 -3.087276e+01 0.000000e+00
   vertex -1.667667e+01 -3.084103e+01 2.000000e+00
   vertex -1.682148e+01 -3.071213e+01 0.000000e+00
  endloop
 endfacet
 facet normal -3.924631e-01 -9.197661e-01 1.757388e-03
  outer loop
   vertex -1.702099e+01 -3.058337e+01 0.000000e+00
   vertex -1.706865e+01 -3.055921e+01 2.000000e+00
   vertex -1.723940e+01 -3.049018e+01 0.000000e+00
  endloop
 endfacet
 facet normal -2.313816e-01 -9.728613e-01 1.867071e-03
  outer loop
   vertex -1.723940e+01 -3.049018e+01 0.000000e+00
   vertex -1.729512e+01 -3.047308e+01 2.000000e+00
   vertex -1.747041e+01 -3.043523e+01 0.000000e+00
  endloop
 endfacet
 facet normal -5.422670e-01 -8.402046e-01 1.639854e-03
  outer loop
   vertex -1.682148e+01 -3.071213e+01 0.000000e+00
   vertex -1.686042e+01 -3.068310e+01 2.000000e+00
   vertex -1.702099e+01 -3.058337e+01 0.000000e+00
  endloop
 endfacet
 facet normal 1.059393e-01 -9.943705e-01 2.059986e-03
  outer loop
   vertex -1.770739e+01 -3.042012e+01 0.000000e+00
   vertex -1.777531e+01 -3.042321e+01 2.000000e+00
   vertex -1.794351e+01 -3.044528e+01 0.000000e+00
  endloop
 endfacet
 facet normal 4.311469e-01 -9.022790e-01 2.219209e-03
  outer loop
   vertex -1.817198e+01 -3.050997e+01 0.000000e+00
   vertex -1.824389e+01 -3.053942e+01 2.000000e+00
   vertex -1.838623e+01 -3.061235e+01 0.000000e+00
  endloop
 endfacet
 facet normal 5.774320e-01 -8.164356e-01 2.286271e-03
  outer loop
   vertex -1.838623e+01 -3.061235e+01 0.000000e+00
   vertex -1.845618e+01 -3.065622e+01 2.000000e+00
   vertex -1.858010e+01 -3.074947e+01 0.000000e+00
  endloop
 endfacet
 facet normal 2.724600e-01 -9.621647e-01 2.143853e-03
  outer loop
   vertex -1.794351e+01 -3.044528e+01 0.000000e+00
   vertex -1.801465e+01 -3.046097e+01 2.000000e+00
   vertex -1.817198e+01 -3.050997e+01 0.000000e+00
  endloop
 endfacet
 facet normal -6.364029e-02 -9.979710e-01 1.967828e-03
  outer loop
   vertex -1.747041e+01 -3.043523e+01 0.000000e+00
   vertex -1.753305e+01 -3.042729e+01 2.000000e+00
   vertex -1.770739e+01 -3.042012e+01 0.000000e+00
  endloop
 endfacet
 facet normal -7.911934e-01 -6.115644e-01 1.379147e-03
  outer loop
   vertex -1.650138e+01 -3.106064e+01 0.000000e+00
   vertex -1.652290e+01 -3.102828e+01 2.000000e+00
   vertex -1.664660e+01 -3.087276e+01 0.000000e+00
  endloop
 endfacet
 facet normal 7.071048e-01 -7.071048e-01 2.345381e-03
  outer loop
   vertex -1.858010e+01 -3.074947e+01 0.000000e+00
   vertex -1.864514e+01 -3.080788e+01 2.000000e+00
   vertex -1.874801e+01 -3.091738e+01 0.000000e+00
  endloop
 endfacet
 facet normal 8.164354e-01 -5.774319e-01 2.395534e-03
  outer loop
   vertex -1.874801e+01 -3.091738e+01 0.000000e+00
   vertex -1.880513e+01 -3.098985e+01 2.000000e+00
   vertex -1.888512e+01 -3.111124e+01 0.000000e+00
  endloop
 endfacet
 facet normal 9.621640e-01 -2.724598e-01 2.470575e-03
  outer loop
   vertex -1.898750e+01 -3.132550e+01 0.000000e+00
   vertex -1.902001e+01 -3.142216e+01 2.000000e+00
   vertex -1.905220e+01 -3.155397e+01 0.000000e+00
  endloop
 endfacet
 facet normal 9.022786e-01 -4.311467e-01 2.437681e-03
  outer loop
   vertex -1.888512e+01 -3.111124e+01 0.000000e+00
   vertex -1.893135e+01 -3.119667e+01 2.000000e+00
   vertex -1.898750e+01 -3.132550e+01 0.000000e+00
  endloop
 endfacet
 facet normal 9.979697e-01 6.364072e-02 2.512285e-03
  outer loop
   vertex -1.907735e+01 -3.179009e+01 0.000000e+00
   vertex -1.907527e+01 -3.190176e+01 2.000000e+00
   vertex -1.906224e+01 -3.202707e+01 0.000000e+00
  endloop
 endfacet
 facet normal 9.197633e-01 3.924653e-01 2.520722e-03
  outer loop
   vertex -1.896433e+01 -3.237162e+01 2.000000e+00
   vertex -1.891411e+01 -3.247648e+01 0.000000e+00
   vertex -1.900730e+01 -3.225808e+01 0.000000e+00
  endloop
 endfacet
 facet normal 8.402033e-01 5.422661e-01 2.434163e-03
  outer loop
   vertex -1.891411e+01 -3.247648e+01 0.000000e+00
   vertex -1.886587e+01 -3.256020e+01 2.000000e+00
   vertex -1.878534e+01 -3.267599e+01 0.000000e+00
  endloop
 endfacet
 facet normal 9.728603e-01 2.313794e-01 2.521299e-03
  outer loop
   vertex -1.904021e+01 -3.214151e+01 2.000000e+00
   vertex -1.900730e+01 -3.225808e+01 0.000000e+00
   vertex -1.906224e+01 -3.202707e+01 0.000000e+00
  endloop
 endfacet
 facet normal 9.943696e-01 -1.059383e-01 2.495780e-03
  outer loop
   vertex -1.905220e+01 -3.155397e+01 0.000000e+00
   vertex -1.906847e+01 -3.165956e+01 2.000000e+00
   vertex -1.907735e+01 -3.179009e+01 0.000000e+00
  endloop
 endfacet
 facet normal 6.115692e-01 7.911893e-01 1.601047e-03
  outer loop
   vertex -1.862471e+01 -3.285088e+01 0.000000e+00
   vertex -1.858954e+01 -3.288211e+01 2.000000e+00
   vertex -1.843684e+01 -3.299610e+01 0.000000e+00
  endloop
 endfacet
 facet normal 3.146610e-01 9.492041e-01 -1.082686e-04
  outer loop
   vertex -1.822712e+01 -3.310748e+01 0.000000e+00
   vertex -1.822948e+01 -3.310647e+01 2.000000e+00
   vertex -1.800374e+01 -3.318130e+01 2.000000e+00
  endloop
 endfacet
 facet normal 1.494773e-01 9.887652e-01 -9.262665e-05
  outer loop
   vertex -1.800160e+01 -3.318181e+01 0.000000e+00
   vertex -1.800374e+01 -3.318130e+01 2.000000e+00
   vertex -1.776859e+01 -3.321685e+01 2.000000e+00
  endloop
 endfacet
 facet normal 4.690581e-01 8.831669e-01 8.538429e-04
  outer loop
   vertex -1.843684e+01 -3.299610e+01 0.000000e+00
   vertex -1.841806e+01 -3.300800e+01 2.000000e+00
   vertex -1.822712e+01 -3.310748e+01 0.000000e+00
  endloop
 endfacet
 facet normal -1.889839e-01 9.819802e-01 -6.108315e-05
  outer loop
   vertex -1.752936e+01 -3.321193e+01 0.000000e+00
   vertex -1.753082e+01 -3.321208e+01 2.000000e+00
   vertex -1.729728e+01 -3.316714e+01 2.000000e+00
  endloop
 endfacet
 facet normal -5.057782e-01 8.626636e-01 -3.080641e-05
  outer loop
   vertex -1.707406e+01 -3.308300e+01 0.000000e+00
   vertex -1.707472e+01 -3.308331e+01 2.000000e+00
   vertex -1.686956e+01 -3.296303e+01 2.000000e+00
  endloop
 endfacet
 facet normal -6.444893e-01 7.646133e-01 -1.628624e-05
  outer loop
   vertex -1.686926e+01 -3.296282e+01 0.000000e+00
   vertex -1.686956e+01 -3.296303e+01 2.000000e+00
   vertex -1.668772e+01 -3.280975e+01 2.000000e+00
  endloop
 endfacet
 facet normal -3.524669e-01 9.358243e-01 -4.733140e-05
  outer loop
   vertex -1.729622e+01 -3.316684e+01 0.000000e+00
   vertex -1.729728e+01 -3.316714e+01 2.000000e+00
   vertex -1.707472e+01 -3.308331e+01 2.000000e+00
  endloop
 endfacet
 facet normal -2.005020e-02 9.997990e-01 -7.747242e-05
  outer loop
   vertex -1.776676e+01 -3.321697e+01 0.000000e+00
   vertex -1.776859e+01 -3.321685e+01 2.000000e+00
   vertex -1.753082e+01 -3.321208e+01 2.000000e+00
  endloop
 endfacet
 facet normal 7.364773e-01 6.764590e-01 2.127944e-03
  outer loop
   vertex -1.878534e+01 -3.267599e+01 0.000000e+00
   vertex -1.873997e+01 -3.273168e+01 2.000000e+00
   vertex -1.862471e+01 -3.285088e+01 0.000000e+00
  endloop
 endfacet
 facet normal 8.864409e-01 4.628374e-01 -2.005796e-03
  outer loop
   vertex -1.891411e+01 -3.247648e+01 0.000000e+00
   vertex -1.896433e+01 -3.237162e+01 2.000000e+00
   vertex -1.886587e+01 -3.256020e+01 2.000000e+00
  endloop
 endfacet
 facet normal 9.497015e-01 3.131455e-01 -2.625466e-03
  outer loop
   vertex -1.896433e+01 -3.237162e+01 2.000000e+00
   vertex -1.900730e+01 -3.225808e+01 0.000000e+00
   vertex -1.904021e+01 -3.214151e+01 2.000000e+00
  endloop
 endfacet
 facet normal 4.463332e-07 9.052526e-01 -4.248739e-01
  outer loop
   vertex -1.403796e+01 5.052229e+01 3.000000e+00
   vertex -1.611420e+01 4.911426e+01 0.000000e+00
   vertex -1.436684e+01 5.137904e+01 4.825417e+00
  endloop
 endfacet
 facet normal 0.000000e+00 9.052527e-01 -4.248736e-01
  outer loop
   vertex -1.403796e+01 5.052229e+01 3.000000e+00
   vertex -5.468805e+00 5.052229e+01 3.000000e+00
   vertex -4.928314e+00 4.911426e+01 0.000000e+00
  endloop
 endfacet
 facet normal -3.670411e-01 8.861167e-01 -2.829806e-01
  outer loop
   vertex -1.436684e+01 5.137904e+01 4.825417e+00
   vertex -1.611420e+01 4.911426e+01 0.000000e+00
   vertex -2.333457e+01 4.612349e+01 0.000000e+00
  endloop
 endfacet
 facet normal -3.670413e-01 8.861166e-01 -2.829806e-01
  outer loop
   vertex -1.436684e+01 5.137904e+01 4.825417e+00
   vertex -2.341573e+01 4.704792e+01 3.000000e+00
   vertex -1.457646e+01 5.192511e+01 6.807261e+00
  endloop
 endfacet
 facet normal -3.670414e-01 8.861167e-01 -2.829802e-01
  outer loop
   vertex -2.341573e+01 4.704792e+01 3.000000e+00
   vertex -1.436684e+01 5.137904e+01 4.825417e+00
   vertex -2.333457e+01 4.612349e+01 0.000000e+00
  endloop
 endfacet
 facet normal -3.670421e-01 8.861164e-01 -2.829801e-01
  outer loop
   vertex -2.333457e+01 4.612349e+01 0.000000e+00
   vertex -2.509836e+01 4.635095e+01 3.000000e+00
   vertex -2.341573e+01 4.704792e+01 3.000000e+00
  endloop
 endfacet
 facet normal -3.670410e-01 8.861170e-01 -2.829798e-01
  outer loop
   vertex -2.389169e+01 4.828784e+01 7.500000e+00
   vertex -2.186571e+01 4.912703e+01 7.500000e+00
   vertex -2.341573e+01 4.704792e+01 3.000000e+00
  endloop
 endfacet
 facet normal -3.670419e-01 8.861168e-01 -2.829794e-01
  outer loop
   vertex -1.457646e+01 5.192511e+01 6.807261e+00
   vertex -2.341573e+01 4.704792e+01 3.000000e+00
   vertex -2.186571e+01 4.912703e+01 7.500000e+00
  endloop
 endfacet
 facet normal -6.401105e-01 6.401103e-01 -4.248734e-01
  outer loop
   vertex -2.988133e+01 4.156797e+01 3.000000e+00
   vertex -2.333457e+01 4.612349e+01 0.000000e+00
   vertex -2.932899e+01 4.012907e+01 0.000000e+00
  endloop
 endfacet
 facet normal -6.401105e-01 6.401105e-01 -4.248731e-01
  outer loop
   vertex -2.333457e+01 4.612349e+01 0.000000e+00
   vertex -2.988133e+01 4.156797e+01 3.000000e+00
   vertex -2.509836e+01 4.635095e+01 3.000000e+00
  endloop
 endfacet
 facet normal 3.670424e-01 -8.861160e-01 -2.829811e-01
  outer loop
   vertex 8.202603e+00 -5.936855e+01 2.184819e+01
   vertex 2.405437e+01 -5.768568e+01 3.713917e+01
   vertex 2.222692e+01 -5.841422e+01 3.705016e+01
  endloop
 endfacet
 facet normal 3.670411e-01 -8.861170e-01 -2.829796e-01
  outer loop
   vertex 2.585481e+01 -5.690149e+01 3.701884e+01
   vertex 2.405437e+01 -5.768568e+01 3.713917e+01
   vertex 8.202603e+00 -5.936855e+01 2.184819e+01
  endloop
 endfacet
 facet normal 3.670418e-01 -8.861165e-01 -2.829805e-01
  outer loop
   vertex 7.093067e+00 -6.080663e+01 2.491222e+01
   vertex 8.202603e+00 -5.936855e+01 2.184819e+01
   vertex 2.222692e+01 -5.841422e+01 3.705016e+01
  endloop
 endfacet
 facet normal 6.401121e-01 -6.401090e-01 -4.248729e-01
  outer loop
   vertex 4.787485e+01 -4.182760e+01 3.050000e+01
   vertex 4.777701e+01 -3.615648e+01 2.180855e+01
   vertex 4.834468e+01 -4.055833e+01 2.929557e+01
  endloop
 endfacet
 facet normal 6.401103e-01 -6.401103e-01 -4.248738e-01
  outer loop
   vertex 4.777701e+01 -3.615648e+01 2.180855e+01
   vertex 4.787485e+01 -4.182760e+01 3.050000e+01
   vertex 4.489820e+01 -4.480424e+01 3.050000e+01
  endloop
 endfacet
 facet normal -9.315004e-01 -3.637400e-01 3.700650e-04
  outer loop
   vertex -1.189702e+00 -4.195844e+00 3.841787e+01
   vertex -1.319904e+00 -3.845538e+00 5.500000e+01
   vertex -1.382288e+00 -3.702862e+00 3.820982e+01
  endloop
 endfacet
 facet normal -8.837206e-01 -4.680147e-01 -3.992521e-04
  outer loop
   vertex -1.637990e+00 -3.219904e+00 3.805244e+01
   vertex -1.382288e+00 -3.702862e+00 3.820982e+01
   vertex -1.690085e+00 -3.135993e+00 5.500000e+01
  endloop
 endfacet
 facet normal -9.658480e-01 -2.591092e-01 2.194619e-04
  outer loop
   vertex -1.189702e+00 -4.195844e+00 3.841787e+01
   vertex -1.058326e+00 -4.685347e+00 3.866589e+01
   vertex -1.075471e+00 -4.607602e+00 5.500000e+01
  endloop
 endfacet
 facet normal -9.995436e-01 2.912779e-02 -8.008674e-03
  outer loop
   vertex -9.867892e-01 -6.186470e+00 4.100000e+01
   vertex -9.638732e-01 -5.400088e+00 4.100000e+01
   vertex -9.569114e-01 -5.640401e+00 3.925708e+01
  endloop
 endfacet
 facet normal -9.876611e-01 -1.565937e-01 -1.996609e-03
  outer loop
   vertex -9.822990e-01 -5.168456e+00 3.894781e+01
   vertex -9.638732e-01 -5.400088e+00 4.800000e+01
   vertex -1.058326e+00 -4.685347e+00 3.866589e+01
  endloop
 endfacet
 facet normal -9.986594e-01 -5.166708e-02 3.134866e-03
  outer loop
   vertex -9.638732e-01 -5.400088e+00 4.100000e+01
   vertex -9.822990e-01 -5.168456e+00 3.894781e+01
   vertex -9.569114e-01 -5.640401e+00 3.925708e+01
  endloop
 endfacet
 facet normal -9.822654e-01 1.874166e-01 5.455848e-03
  outer loop
   vertex -9.774538e-01 -6.096412e+00 3.958712e+01
   vertex -1.132941e+00 -6.931298e+00 4.027301e+01
   vertex -9.867892e-01 -6.186470e+00 4.100000e+01
  endloop
 endfacet
 facet normal -8.226640e-01 -5.685279e-01 2.860916e-04
  outer loop
   vertex -1.956708e+00 -2.758765e+00 3.795380e+01
   vertex -1.637990e+00 -3.219904e+00 3.805244e+01
   vertex -1.690085e+00 -3.135993e+00 5.500000e+01
  endloop
 endfacet
 facet normal -6.844352e-01 -7.290734e-01 -7.512151e-04
  outer loop
   vertex -2.549957e+00 -2.130213e+00 3.792935e+01
   vertex -2.333452e+00 -2.333452e+00 3.792017e+01
   vertex -2.175280e+00 -2.499539e+00 5.500000e+01
  endloop
 endfacet
 facet normal -5.625966e-01 -8.267316e-01 -7.397285e-05
  outer loop
   vertex -3.258631e+00 -1.614760e+00 3.806317e+01
   vertex -2.776945e+00 -1.942541e+00 3.795658e+01
   vertex -2.761422e+00 -1.954630e+00 5.500000e+01
  endloop
 endfacet
 facet normal -6.372022e-01 -7.706966e-01 3.371973e-05
  outer loop
   vertex -2.761422e+00 -1.954630e+00 5.500000e+01
   vertex -2.776945e+00 -1.942541e+00 3.795658e+01
   vertex -2.549957e+00 -2.130213e+00 3.792935e+01
  endloop
 endfacet
 facet normal -4.614862e-01 -8.871473e-01 4.066104e-04
  outer loop
   vertex -3.258631e+00 -1.614760e+00 3.806317e+01
   vertex -3.431515e+00 -1.517064e+00 5.500000e+01
   vertex -3.722836e+00 -1.373214e+00 3.821737e+01
  endloop
 endfacet
 facet normal -2.592669e-01 -9.658057e-01 -1.078791e-04
  outer loop
   vertex -4.685291e+00 -1.058339e+00 3.866586e+01
   vertex -4.195844e+00 -1.189702e+00 3.841787e+01
   vertex -4.166131e+00 -1.199530e+00 5.500000e+01
  endloop
 endfacet
 facet normal -5.398984e-02 -9.985414e-01 -3.960702e-04
  outer loop
   vertex -5.742478e+00 -9.576358e-01 5.500000e+01
   vertex -5.640353e+00 -9.569131e-01 3.925705e+01
   vertex -5.168387e+00 -9.823090e-01 3.894778e+01
  endloop
 endfacet
 facet normal -1.552456e-01 -9.878758e-01 3.902963e-04
  outer loop
   vertex -4.943970e+00 -1.011234e+00 5.500000e+01
   vertex -5.168387e+00 -9.823090e-01 3.894778e+01
   vertex -4.685291e+00 -1.058339e+00 3.866586e+01
  endloop
 endfacet
 facet normal -3.616654e-01 -9.323080e-01 9.545485e-05
  outer loop
   vertex -4.166131e+00 -1.199530e+00 5.500000e+01
   vertex -4.195844e+00 -1.189702e+00 3.841787e+01
   vertex -3.722836e+00 -1.373214e+00 3.821737e+01
  endloop
 endfacet
 facet normal -7.485735e-01 -6.630516e-01 4.847579e-04
  outer loop
   vertex -2.333452e+00 -2.333452e+00 3.792017e+01
   vertex -1.956708e+00 -2.758765e+00 3.795380e+01
   vertex -2.175280e+00 -2.499539e+00 5.500000e+01
  endloop
 endfacet
 facet normal 4.517244e-02 -9.989792e-01 2.471794e-04
  outer loop
   vertex -5.640353e+00 -9.569131e-01 3.925705e+01
   vertex -5.742478e+00 -9.576358e-01 5.500000e+01
   vertex -6.096412e+00 -9.774538e-01 3.958712e+01
  endloop
 endfacet
 facet normal -9.343692e-01 3.562910e-01 3.310245e-03
  outer loop
   vertex -1.140552e+00 -6.958013e+00 4.100000e+01
   vertex -1.132941e+00 -6.931298e+00 4.027301e+01
   vertex -1.420853e+00 -7.693099e+00 4.100000e+01
  endloop
 endfacet
 facet normal -9.807092e-01 1.954479e-01 -3.085471e-03
  outer loop
   vertex -1.140552e+00 -6.958013e+00 4.100000e+01
   vertex -9.867892e-01 -6.186470e+00 4.100000e+01
   vertex -1.132941e+00 -6.931298e+00 4.027301e+01
  endloop
 endfacet
 facet normal -9.991026e-01 4.217544e-02 -3.913188e-03
  outer loop
   vertex -9.867892e-01 -6.186470e+00 4.100000e+01
   vertex -9.569114e-01 -5.640401e+00 3.925708e+01
   vertex -9.774538e-01 -6.096412e+00 3.958712e+01
  endloop
 endfacet
 facet normal -9.902299e-01 -1.394445e-01 0.000000e+00
  outer loop
   vertex -1.075471e+00 -4.607602e+00 5.500000e+01
   vertex -9.638732e-01 -5.400088e+00 4.800000e+01
   vertex -9.638732e-01 -5.400088e+00 5.500000e+01
  endloop
 endfacet
 facet normal -9.968510e-01 -7.929716e-02 0.000000e+00
  outer loop
   vertex -9.822990e-01 -5.168456e+00 3.894781e+01
   vertex -9.638732e-01 -5.400088e+00 4.100000e+01
   vertex -9.638732e-01 -5.400088e+00 4.800000e+01
  endloop
 endfacet
 facet normal -9.907025e-01 -1.360453e-01 -3.923745e-04
  outer loop
   vertex -9.638732e-01 -5.400088e+00 4.800000e+01
   vertex -1.075471e+00 -4.607602e+00 5.500000e+01
   vertex -1.058326e+00 -4.685347e+00 3.866589e+01
  endloop
 endfacet
 facet normal -9.522157e-01 -3.054247e-01 -1.024528e-03
  outer loop
   vertex -1.189702e+00 -4.195844e+00 3.841787e+01
   vertex -1.075471e+00 -4.607602e+00 5.500000e+01
   vertex -1.319904e+00 -3.845538e+00 5.500000e+01
  endloop
 endfacet
 facet normal -8.865933e-01 -4.625494e-01 -6.364335e-04
  outer loop
   vertex -1.382288e+00 -3.702862e+00 3.820982e+01
   vertex -1.319904e+00 -3.845538e+00 5.500000e+01
   vertex -1.690085e+00 -3.135993e+00 5.500000e+01
  endloop
 endfacet
 facet normal -7.952640e-01 -6.062625e-01 -9.775327e-04
  outer loop
   vertex -1.690085e+00 -3.135993e+00 5.500000e+01
   vertex -2.175280e+00 -2.499539e+00 5.500000e+01
   vertex -1.956708e+00 -2.758765e+00 3.795380e+01
  endloop
 endfacet
 facet normal -3.967659e-01 -9.179193e-01 -9.805947e-04
  outer loop
   vertex -4.166131e+00 -1.199530e+00 5.500000e+01
   vertex -3.722836e+00 -1.373214e+00 3.821737e+01
   vertex -3.431515e+00 -1.517064e+00 5.500000e+01
  endloop
 endfacet
 facet normal -5.467478e-01 -8.372970e-01 -7.512548e-04
  outer loop
   vertex -3.258631e+00 -1.614760e+00 3.806317e+01
   vertex -2.761422e+00 -1.954630e+00 5.500000e+01
   vertex -3.431515e+00 -1.517064e+00 5.500000e+01
  endloop
 endfacet
 facet normal 3.554381e-01 -9.346990e-01 1.236256e-03
  outer loop
   vertex -7.698313e+00 -1.423363e+00 4.100535e+01
   vertex -6.934198e+00 -1.133758e+00 4.027559e+01
   vertex -7.308966e+00 -1.256797e+00 5.500000e+01
  endloop
 endfacet
 facet normal -6.808766e-01 -7.323976e-01 -9.012385e-04
  outer loop
   vertex -2.549957e+00 -2.130213e+00 3.792935e+01
   vertex -2.175280e+00 -2.499539e+00 5.500000e+01
   vertex -2.761422e+00 -1.954630e+00 5.500000e+01
  endloop
 endfacet
 facet normal -2.352802e-01 -9.719271e-01 -9.231791e-04
  outer loop
   vertex -4.943970e+00 -1.011234e+00 5.500000e+01
   vertex -4.685291e+00 -1.058339e+00 3.866586e+01
   vertex -4.166131e+00 -1.199530e+00 5.500000e+01
  endloop
 endfacet
 facet normal 1.032768e-01 -9.946521e-01 -1.092662e-03
  outer loop
   vertex -6.538504e+00 -1.040289e+00 5.500000e+01
   vertex -6.096412e+00 -9.774538e-01 3.958712e+01
   vertex -5.742478e+00 -9.576358e-01 5.500000e+01
  endloop
 endfacet
 facet normal 2.705317e-01 -9.627104e-01 -1.158861e-03
  outer loop
   vertex -6.934198e+00 -1.133758e+00 4.027559e+01
   vertex -6.538504e+00 -1.040289e+00 5.500000e+01
   vertex -7.308966e+00 -1.256797e+00 5.500000e+01
  endloop
 endfacet
 facet normal -6.697270e-02 -9.977544e-01 -8.615989e-04
  outer loop
   vertex -4.943970e+00 -1.011234e+00 5.500000e+01
   vertex -5.742478e+00 -9.576358e-01 5.500000e+01
   vertex -5.168387e+00 -9.823090e-01 3.894778e+01
  endloop
 endfacet
 facet normal 4.299425e-01 -9.028555e-01 -1.215548e-03
  outer loop
   vertex -7.308966e+00 -1.256797e+00 5.500000e+01
   vertex -8.031527e+00 -1.600882e+00 5.500000e+01
   vertex -7.698313e+00 -1.423363e+00 4.100535e+01
  endloop
 endfacet
 facet normal 1.844226e-01 -9.828462e-01 1.282999e-03
  outer loop
   vertex -6.934198e+00 -1.133758e+00 4.027559e+01
   vertex -6.096412e+00 -9.774538e-01 3.958712e+01
   vertex -6.538504e+00 -1.040289e+00 5.500000e+01
  endloop
 endfacet
 facet normal 6.461586e-01 -7.632021e-01 1.291118e-03
  outer loop
   vertex -8.980256e+00 -2.333452e+00 4.252346e+01
   vertex -8.376860e+00 -1.823896e+00 4.175267e+01
   vertex -8.685235e+00 -2.062569e+00 5.500000e+01
  endloop
 endfacet
 facet normal 8.615337e-01 -5.076983e-01 1.481268e-03
  outer loop
   vertex -9.712823e+00 -3.282177e+00 5.500000e+01
   vertex -9.890346e+00 -3.615395e+00 4.404156e+01
   vertex -9.486142e+00 -2.931684e+00 4.328812e+01
  endloop
 endfacet
 facet normal 7.644322e-01 -6.447027e-01 1.352201e-03
  outer loop
   vertex -9.486142e+00 -2.931684e+00 4.328812e+01
   vertex -8.980256e+00 -2.333452e+00 4.252346e+01
   vertex -9.251136e+00 -2.628470e+00 5.500000e+01
  endloop
 endfacet
 facet normal 9.833233e-01 -1.818555e-01 1.950492e-03
  outer loop
   vertex -1.027342e+01 -4.775199e+00 5.500000e+01
   vertex -1.033626e+01 -5.217297e+00 4.545979e+01
   vertex -1.017995e+01 -4.379511e+00 4.477133e+01
  endloop
 endfacet
 facet normal 9.877779e-01 1.558666e-01 7.197451e-04
  outer loop
   vertex -1.030247e+01 -6.369733e+00 5.500000e+01
   vertex -1.025538e+01 -6.628362e+00 4.638103e+01
   vertex -1.033141e+01 -6.145252e+00 4.609910e+01
  endloop
 endfacet
 facet normal 9.985794e-01 5.327897e-02 -6.692115e-04
  outer loop
   vertex -1.035607e+01 -5.571225e+00 5.500000e+01
   vertex -1.033141e+01 -6.145252e+00 4.609910e+01
   vertex -1.035680e+01 -5.673307e+00 4.578983e+01
  endloop
 endfacet
 facet normal 9.990003e-01 -4.470085e-02 4.167288e-04
  outer loop
   vertex -1.035607e+01 -5.571225e+00 5.500000e+01
   vertex -1.035680e+01 -5.673307e+00 4.578983e+01
   vertex -1.033626e+01 -5.217297e+00 4.545979e+01
  endloop
 endfacet
 facet normal 9.356212e-01 -3.530018e-01 1.679198e-03
  outer loop
   vertex -1.005691e+01 -4.004737e+00 5.500000e+01
   vertex -1.017995e+01 -4.379511e+00 4.477133e+01
   vertex -9.890346e+00 -3.615395e+00 4.404156e+01
  endloop
 endfacet
 facet normal 1.182365e-01 9.929855e-01 1.671959e-06
  outer loop
   vertex -5.913631e+00 -1.034982e+01 5.047572e+01
   vertex -5.913639e+00 -1.034982e+01 4.595144e+01
   vertex -6.509940e+00 -1.027881e+01 4.631524e+01
  endloop
 endfacet
 facet normal 2.472874e-01 9.689416e-01 1.058235e-03
  outer loop
   vertex -6.706109e+00 -1.023823e+01 5.500000e+01
   vertex -6.509940e+00 -1.027881e+01 4.631524e+01
   vertex -7.117865e+00 -1.012401e+01 4.662905e+01
  endloop
 endfacet
 facet normal 3.619383e-01 9.322018e-01 6.465255e-04
  outer loop
   vertex -7.468172e+00 -9.993801e+00 5.500000e+01
   vertex -7.117865e+00 -1.012401e+01 4.662905e+01
   vertex -7.590872e+00 -9.940495e+00 4.682954e+01
  endloop
 endfacet
 facet normal 8.836430e-01 4.681604e-01 9.723594e-04
  outer loop
   vertex -9.796644e+00 -7.882188e+00 5.500000e+01
   vertex -9.675719e+00 -8.093804e+00 4.699448e+01
   vertex -9.931420e+00 -7.610847e+00 4.683709e+01
  endloop
 endfacet
 facet normal 5.627125e-01 8.266522e-01 8.408075e-04
  outer loop
   vertex -8.177717e+00 -9.623620e+00 5.500000e+01
   vertex -8.055078e+00 -9.698949e+00 4.698375e+01
   vertex -8.536764e+00 -9.371167e+00 4.709033e+01
  endloop
 endfacet
 facet normal 8.226327e-01 5.685731e-01 2.496938e-05
  outer loop
   vertex -9.359079e+00 -8.552282e+00 5.500000e+01
   vertex -9.357000e+00 -8.554943e+00 4.709311e+01
   vertex -9.675719e+00 -8.093804e+00 4.699448e+01
  endloop
 endfacet
 facet normal 4.612938e-01 8.872467e-01 -1.138856e-03
  outer loop
   vertex -8.055078e+00 -9.698949e+00 4.698375e+01
   vertex -7.468172e+00 -9.993801e+00 5.500000e+01
   vertex -7.590872e+00 -9.940495e+00 4.682954e+01
  endloop
 endfacet
 facet normal 9.314196e-01 3.639471e-01 1.979958e-04
  outer loop
   vertex -1.011418e+01 -7.147572e+00 5.500000e+01
   vertex -9.931420e+00 -7.610847e+00 4.683709e+01
   vertex -1.012401e+01 -7.117865e+00 4.662905e+01
  endloop
 endfacet
 facet normal 9.658472e-01 2.591123e-01 -2.144719e-04
  outer loop
   vertex -1.011418e+01 -7.147572e+00 5.500000e+01
   vertex -1.012401e+01 -7.117865e+00 4.662905e+01
   vertex -1.025538e+01 -6.628362e+00 4.638103e+01
  endloop
 endfacet
 facet normal 5.768872e-01 -8.168228e-01 -1.287469e-03
  outer loop
   vertex -8.685235e+00 -2.062569e+00 5.500000e+01
   vertex -8.376860e+00 -1.823896e+00 4.175267e+01
   vertex -8.031527e+00 -1.600882e+00 5.500000e+01
  endloop
 endfacet
 facet normal 8.168219e-01 -5.768881e-01 -1.454714e-03
  outer loop
   vertex -9.712823e+00 -3.282177e+00 5.500000e+01
   vertex -9.486142e+00 -2.931684e+00 4.328812e+01
   vertex -9.251136e+00 -2.628470e+00 5.500000e+01
  endloop
 endfacet
 facet normal 7.071063e-01 -7.071060e-01 -1.367982e-03
  outer loop
   vertex -8.685235e+00 -2.062569e+00 5.500000e+01
   vertex -9.251136e+00 -2.628470e+00 5.500000e+01
   vertex -8.980256e+00 -2.333452e+00 4.252346e+01
  endloop
 endfacet
 facet normal 9.627094e-01 -2.705326e-01 -1.668280e-03
  outer loop
   vertex -1.027342e+01 -4.775199e+00 5.500000e+01
   vertex -1.017995e+01 -4.379511e+00 4.477133e+01
   vertex -1.005691e+01 -4.004737e+00 5.500000e+01
  endloop
 endfacet
 facet normal 9.977536e-01 6.697239e-02 -1.554601e-03
  outer loop
   vertex -1.030247e+01 -6.369733e+00 5.500000e+01
   vertex -1.033141e+01 -6.145252e+00 4.609910e+01
   vertex -1.035607e+01 -5.571225e+00 5.500000e+01
  endloop
 endfacet
 facet normal 9.719263e-01 2.352791e-01 -1.749783e-03
  outer loop
   vertex -1.011418e+01 -7.147572e+00 5.500000e+01
   vertex -1.025538e+01 -6.628362e+00 4.638103e+01
   vertex -1.030247e+01 -6.369733e+00 5.500000e+01
  endloop
 endfacet
 facet normal 9.946510e-01 -1.032779e-01 -1.765433e-03
  outer loop
   vertex -1.027342e+01 -4.775199e+00 5.500000e+01
   vertex -1.035607e+01 -5.571225e+00 5.500000e+01
   vertex -1.033626e+01 -5.217297e+00 4.545979e+01
  endloop
 endfacet
 facet normal 9.028549e-01 -4.299427e-01 -1.552468e-03
  outer loop
   vertex -9.712823e+00 -3.282177e+00 5.500000e+01
   vertex -1.005691e+01 -4.004737e+00 5.500000e+01
   vertex -9.890346e+00 -3.615395e+00 4.404156e+01
  endloop
 endfacet
 facet normal 8.372963e-01 5.467463e-01 -1.805039e-03
  outer loop
   vertex -9.359079e+00 -8.552282e+00 5.500000e+01
   vertex -9.675719e+00 -8.093804e+00 4.699448e+01
   vertex -9.796644e+00 -7.882188e+00 5.500000e+01
  endloop
 endfacet
 facet normal 6.844222e-01 7.290858e-01 2.089981e-04
  outer loop
   vertex -8.763752e+00 -9.183495e+00 4.711756e+01
   vertex -8.980256e+00 -8.980256e+00 4.712675e+01
   vertex -8.814171e+00 -9.138424e+00 5.500000e+01
  endloop
 endfacet
 facet normal 1.182366e-01 9.929854e-01 1.659497e-06
  outer loop
   vertex -6.509940e+00 -1.027881e+01 4.631524e+01
   vertex -5.913622e+00 -1.034983e+01 5.500000e+01
   vertex -5.913631e+00 -1.034982e+01 5.047572e+01
  endloop
 endfacet
 facet normal 7.323971e-01 6.808754e-01 -1.771536e-03
  outer loop
   vertex -9.359079e+00 -8.552282e+00 5.500000e+01
   vertex -8.814171e+00 -9.138424e+00 5.500000e+01
   vertex -8.980256e+00 -8.980256e+00 4.712675e+01
  endloop
 endfacet
 facet normal 9.179183e-01 3.967647e-01 -1.966799e-03
  outer loop
   vertex -9.796644e+00 -7.882188e+00 5.500000e+01
   vertex -9.931420e+00 -7.610847e+00 4.683709e+01
   vertex -1.011418e+01 -7.147572e+00 5.500000e+01
  endloop
 endfacet
 facet normal 4.625493e-01 8.865927e-01 -1.254838e-03
  outer loop
   vertex -8.177717e+00 -9.623620e+00 5.500000e+01
   vertex -7.468172e+00 -9.993801e+00 5.500000e+01
   vertex -8.055078e+00 -9.698949e+00 4.698375e+01
  endloop
 endfacet
 facet normal 6.371825e-01 7.707129e-01 -3.311813e-04
  outer loop
   vertex -8.536764e+00 -9.371167e+00 4.709033e+01
   vertex -8.763752e+00 -9.183495e+00 4.711756e+01
   vertex -8.814171e+00 -9.138424e+00 5.500000e+01
  endloop
 endfacet
 facet normal 3.054248e-01 9.522140e-01 -2.029727e-03
  outer loop
   vertex -6.706109e+00 -1.023823e+01 5.500000e+01
   vertex -7.117865e+00 -1.012401e+01 4.662905e+01
   vertex -7.468172e+00 -9.993801e+00 5.500000e+01
  endloop
 endfacet
 facet normal 1.394453e-01 9.902287e-01 -1.477128e-03
  outer loop
   vertex -5.913622e+00 -1.034983e+01 5.500000e+01
   vertex -6.509940e+00 -1.027881e+01 4.631524e+01
   vertex -6.706109e+00 -1.023823e+01 5.500000e+01
  endloop
 endfacet
 facet normal 6.062624e-01 7.952618e-01 -2.137962e-03
  outer loop
   vertex -8.814171e+00 -9.138424e+00 5.500000e+01
   vertex -8.177717e+00 -9.623620e+00 5.500000e+01
   vertex -8.536764e+00 -9.371167e+00 4.709033e+01
  endloop
 endfacet
 facet normal 7.485556e-01 6.630720e-01 -2.630810e-05
  outer loop
   vertex -9.359079e+00 -8.552282e+00 5.500000e+01
   vertex -8.980256e+00 -8.980256e+00 4.712675e+01
   vertex -9.357000e+00 -8.554943e+00 4.709311e+01
  endloop
 endfacet
 facet normal 5.093159e-01 -8.605788e-01 1.210605e-03
  outer loop
   vertex -7.698313e+00 -1.423363e+00 4.100535e+01
   vertex -8.031527e+00 -1.600882e+00 5.500000e+01
   vertex -8.376860e+00 -1.823896e+00 4.175267e+01
  endloop
 endfacet
 facet normal 9.486593e-01 3.162996e-01 3.374036e-04
  outer loop
   vertex 1.565140e+00 -3.633677e+00 3.612065e+01
   vertex 1.335231e+00 -2.943785e+00 3.580208e+01
   vertex 1.292560e+00 -2.836284e+00 5.500000e+01
  endloop
 endfacet
 facet normal 8.667601e-01 4.987251e-01 -2.777601e-04
  outer loop
   vertex 1.027798e+00 -2.256057e+00 3.553870e+01
   vertex 6.420776e-01 -1.585803e+00 3.534165e+01
   vertex 7.098078e-01 -1.692566e+00 5.500000e+01
  endloop
 endfacet
 facet normal 9.129710e-01 4.080244e-01 -2.555439e-04
  outer loop
   vertex 1.027798e+00 -2.256057e+00 3.553870e+01
   vertex 1.292560e+00 -2.836284e+00 5.500000e+01
   vertex 1.335231e+00 -2.943785e+00 3.580208e+01
  endloop
 endfacet
 facet normal 9.745868e-01 2.240098e-01 -4.137405e-04
  outer loop
   vertex 1.565140e+00 -3.633677e+00 3.612065e+01
   vertex 1.671748e+00 -4.062623e+00 5.500000e+01
   vertex 1.723008e+00 -4.319830e+00 3.648652e+01
  endloop
 endfacet
 facet normal 9.986249e-01 -5.242073e-02 6.440608e-04
  outer loop
   vertex 1.843146e+00 -5.656854e+00 3.732928e+01
   vertex 1.781290e+00 -6.618107e+00 5.500000e+01
   vertex 1.801150e+00 -6.449784e+00 3.790751e+01
  endloop
 endfacet
 facet normal 9.910085e-01 1.337962e-01 8.850597e-04
  outer loop
   vertex 1.813966e+00 -4.996228e+00 3.689196e+01
   vertex 1.723008e+00 -4.319830e+00 3.648652e+01
   vertex 1.671748e+00 -4.062623e+00 5.500000e+01
  endloop
 endfacet
 facet normal 9.990378e-01 4.385653e-02 -4.081216e-04
  outer loop
   vertex 1.836264e+00 -5.335661e+00 5.500000e+01
   vertex 1.843146e+00 -5.656854e+00 3.732928e+01
   vertex 1.813966e+00 -4.996228e+00 3.689196e+01
  endloop
 endfacet
 facet normal 9.875811e-01 -1.571095e-01 -3.997252e-04
  outer loop
   vertex 1.801150e+00 -6.449784e+00 3.790751e+01
   vertex 1.781290e+00 -6.618107e+00 5.500000e+01
   vertex 1.680132e+00 -7.212049e+00 3.851923e+01
  endloop
 endfacet
 facet normal 8.101059e-01 5.862834e-01 3.929581e-04
  outer loop
   vertex 6.420776e-01 -1.585803e+00 3.534165e+01
   vertex 1.795158e-01 -9.465693e-01 3.521930e+01
   vertex 7.098078e-01 -1.692566e+00 5.500000e+01
  endloop
 endfacet
 facet normal 6.685242e-01 7.436904e-01 1.705836e-04
  outer loop
   vertex -3.535534e-01 -3.535534e-01 3.517778e+01
   vertex -9.465693e-01 1.795158e-01 3.521930e+01
   vertex -9.926465e-01 2.163987e-01 5.500000e+01
  endloop
 endfacet
 facet normal 4.986950e-01 8.667775e-01 -4.143596e-04
  outer loop
   vertex -1.585803e+00 6.420776e-01 3.534165e+01
   vertex -2.256057e+00 1.027798e+00 3.553870e+01
   vertex -2.062479e+00 9.257280e-01 5.500000e+01
  endloop
 endfacet
 facet normal 5.862158e-01 8.101549e-01 -1.450752e-04
  outer loop
   vertex -9.465693e-01 1.795158e-01 3.521930e+01
   vertex -1.585803e+00 6.420776e-01 3.534165e+01
   vertex -9.926465e-01 2.163987e-01 5.500000e+01
  endloop
 endfacet
 facet normal 4.083376e-01 9.128307e-01 7.259455e-04
  outer loop
   vertex -2.256057e+00 1.027798e+00 3.553870e+01
   vertex -2.943785e+00 1.335231e+00 3.580208e+01
   vertex -2.062479e+00 9.257280e-01 5.500000e+01
  endloop
 endfacet
 facet normal 2.244840e-01 9.744776e-01 5.228064e-04
  outer loop
   vertex -4.483586e+00 1.750799e+00 5.500000e+01
   vertex -3.633677e+00 1.565140e+00 3.612065e+01
   vertex -4.319830e+00 1.723008e+00 3.648652e+01
  endloop
 endfacet
 facet normal 1.330923e-01 9.911036e-01 -3.105309e-04
  outer loop
   vertex -4.319830e+00 1.723008e+00 3.648652e+01
   vertex -4.996228e+00 1.813966e+00 3.689196e+01
   vertex -4.483586e+00 1.750799e+00 5.500000e+01
  endloop
 endfacet
 facet normal -5.309129e-02 9.985896e-01 -2.780279e-04
  outer loop
   vertex -5.656854e+00 1.843146e+00 3.732928e+01
   vertex -6.449784e+00 1.801150e+00 3.790751e+01
   vertex -5.763939e+00 1.842372e+00 5.500000e+01
  endloop
 endfacet
 facet normal 4.433255e-02 9.990168e-01 3.123828e-04
  outer loop
   vertex -4.996228e+00 1.813966e+00 3.689196e+01
   vertex -5.656854e+00 1.843146e+00 3.732928e+01
   vertex -5.763939e+00 1.842372e+00 5.500000e+01
  endloop
 endfacet
 facet normal 3.159713e-01 9.487686e-01 -4.525348e-04
  outer loop
   vertex -3.237600e+00 1.442238e+00 5.500000e+01
   vertex -2.943785e+00 1.335231e+00 3.580208e+01
   vertex -3.633677e+00 1.565140e+00 3.612065e+01
  endloop
 endfacet
 facet normal 7.437147e-01 6.684969e-01 -5.324893e-04
  outer loop
   vertex -5.943875e-02 -6.649718e-01 5.500000e+01
   vertex 1.795158e-01 -9.465693e-01 3.521930e+01
   vertex -3.535534e-01 -3.535534e-01 3.517778e+01
  endloop
 endfacet
 facet normal -1.571228e-01 9.875790e-01 -4.167482e-04
  outer loop
   vertex -6.449784e+00 1.801150e+00 3.790751e+01
   vertex -7.212049e+00 1.680132e+00 3.851923e+01
   vertex -7.041156e+00 1.714276e+00 5.500000e+01
  endloop
 endfacet
 facet normal 8.739206e-01 -4.857819e-01 -1.669484e-02
  outer loop
   vertex 1.230860e+00 -8.624916e+00 3.980887e+01
   vertex 1.134575e+00 -8.839068e+00 4.100000e+01
   vertex 6.310164e-01 -9.744969e+00 4.100000e+01
  endloop
 endfacet
 facet normal 9.475754e-01 -3.189478e-01 -1.931684e-02
  outer loop
   vertex 1.508435e+00 -7.872396e+00 4.100000e+01
   vertex 1.230860e+00 -8.624916e+00 3.980887e+01
   vertex 1.680132e+00 -7.212049e+00 3.851923e+01
  endloop
 endfacet
 facet normal 9.678202e-01 -2.516429e-01 0.000000e+00
  outer loop
   vertex 1.508435e+00 -7.872396e+00 4.800000e+01
   vertex 1.508435e+00 -7.872396e+00 4.100000e+01
   vertex 1.680132e+00 -7.212049e+00 3.851923e+01
  endloop
 endfacet
 facet normal 9.326252e-01 -3.606927e-01 1.054030e-02
  outer loop
   vertex 1.230860e+00 -8.624916e+00 3.980887e+01
   vertex 1.508435e+00 -7.872396e+00 4.100000e+01
   vertex 1.134575e+00 -8.839068e+00 4.100000e+01
  endloop
 endfacet
 facet normal 9.771467e-01 -2.125660e-01 0.000000e+00
  outer loop
   vertex 1.508435e+00 -7.872396e+00 4.800000e+01
   vertex 1.781290e+00 -6.618107e+00 5.500000e+01
   vertex 1.508435e+00 -7.872396e+00 5.500000e+01
  endloop
 endfacet
 facet normal 9.990818e-01 -4.282749e-02 1.167514e-03
  outer loop
   vertex 1.836264e+00 -5.335661e+00 5.500000e+01
   vertex 1.781290e+00 -6.618107e+00 5.500000e+01
   vertex 1.843146e+00 -5.656854e+00 3.732928e+01
  endloop
 endfacet
 facet normal 9.917521e-01 1.281654e-01 1.181211e-03
  outer loop
   vertex 1.671748e+00 -4.062623e+00 5.500000e+01
   vertex 1.836264e+00 -5.335661e+00 5.500000e+01
   vertex 1.813966e+00 -4.996228e+00 3.689196e+01
  endloop
 endfacet
 facet normal 9.746752e-01 -2.236157e-01 2.076273e-03
  outer loop
   vertex 1.508435e+00 -7.872396e+00 4.800000e+01
   vertex 1.680132e+00 -7.212049e+00 3.851923e+01
   vertex 1.781290e+00 -6.618107e+00 5.500000e+01
  endloop
 endfacet
 facet normal 9.553715e-01 2.954040e-01 1.316868e-03
  outer loop
   vertex 1.565140e+00 -3.633677e+00 3.612065e+01
   vertex 1.292560e+00 -2.836284e+00 5.500000e+01
   vertex 1.671748e+00 -4.062623e+00 5.500000e+01
  endloop
 endfacet
 facet normal 8.910059e-01 4.539895e-01 1.413702e-03
  outer loop
   vertex 1.292560e+00 -2.836284e+00 5.500000e+01
   vertex 1.027798e+00 -2.256057e+00 3.553870e+01
   vertex 7.098078e-01 -1.692566e+00 5.500000e+01
  endloop
 endfacet
 facet normal 5.525984e-01 8.334465e-01 1.373625e-03
  outer loop
   vertex -9.926465e-01 2.163987e-01 5.500000e+01
   vertex -1.585803e+00 6.420776e-01 3.534165e+01
   vertex -2.062479e+00 9.257280e-01 5.500000e+01
  endloop
 endfacet
 facet normal 8.005411e-01 5.992767e-01 1.139400e-03
  outer loop
   vertex -5.943875e-02 -6.649718e-01 5.500000e+01
   vertex 7.098078e-01 -1.692566e+00 5.500000e+01
   vertex 1.795158e-01 -9.465693e-01 3.521930e+01
  endloop
 endfacet
 facet normal 4.023838e-01 9.154704e-01 1.055568e-03
  outer loop
   vertex -2.062479e+00 9.257280e-01 5.500000e+01
   vertex -2.943785e+00 1.335231e+00 3.580208e+01
   vertex -3.237600e+00 1.442238e+00 5.500000e+01
  endloop
 endfacet
 facet normal 6.866262e-01 7.270096e-01 1.233837e-03
  outer loop
   vertex -9.926465e-01 2.163987e-01 5.500000e+01
   vertex -5.943875e-02 -6.649718e-01 5.500000e+01
   vertex -3.535534e-01 -3.535534e-01 3.517778e+01
  endloop
 endfacet
 facet normal 2.403825e-01 9.706774e-01 1.275893e-03
  outer loop
   vertex -4.483586e+00 1.750799e+00 5.500000e+01
   vertex -3.237600e+00 1.442238e+00 5.500000e+01
   vertex -3.633677e+00 1.565140e+00 3.612065e+01
  endloop
 endfacet
 facet normal 7.133971e-02 9.974510e-01 1.459840e-03
  outer loop
   vertex -5.763939e+00 1.842372e+00 5.500000e+01
   vertex -4.483586e+00 1.750799e+00 5.500000e+01
   vertex -4.996228e+00 1.813966e+00 3.689196e+01
  endloop
 endfacet
 facet normal -2.680022e-01 9.634180e-01 7.830403e-04
  outer loop
   vertex -8.277822e+00 1.370262e+00 5.500000e+01
   vertex -7.041156e+00 1.714276e+00 5.500000e+01
   vertex -7.212049e+00 1.680132e+00 3.851923e+01
  endloop
 endfacet
 facet normal -4.283606e-01 9.036066e-01 1.495423e-03
  outer loop
   vertex -8.624916e+00 1.230860e+00 3.980887e+01
   vertex -9.437716e+00 8.204068e-01 5.500000e+01
   vertex -8.277822e+00 1.370262e+00 5.500000e+01
  endloop
 endfacet
 facet normal -9.979275e-02 9.950070e-01 1.604532e-03
  outer loop
   vertex -5.763939e+00 1.842372e+00 5.500000e+01
   vertex -6.449784e+00 1.801150e+00 3.790751e+01
   vertex -7.041156e+00 1.714276e+00 5.500000e+01
  endloop
 endfacet
 facet normal -4.832814e-01 8.754623e-01 -2.203544e-03
  outer loop
   vertex -9.437716e+00 8.204068e-01 5.500000e+01
   vertex -8.624916e+00 1.230860e+00 3.980887e+01
   vertex -9.877923e+00 5.425470e-01 4.115335e+01
  endloop
 endfacet
 facet normal -3.045114e-01 9.525070e-01 -1.783073e-03
  outer loop
   vertex -7.212049e+00 1.680132e+00 3.851923e+01
   vertex -8.624916e+00 1.230860e+00 3.980887e+01
   vertex -8.277822e+00 1.370262e+00 5.500000e+01
  endloop
 endfacet
 facet normal -6.396334e-01 7.686761e-01 -2.496964e-03
  outer loop
   vertex -1.048686e+01 8.081779e-02 5.500000e+01
   vertex -9.877923e+00 5.425470e-01 4.115335e+01
   vertex -1.096016e+01 -3.535534e-01 4.252346e+01
  endloop
 endfacet
 facet normal -9.537452e-01 3.006018e-01 -2.931058e-03
  outer loop
   vertex -1.268396e+01 -3.035874e+00 5.500000e+01
   vertex -1.254457e+01 -2.688793e+00 4.523804e+01
   vertex -1.299384e+01 -4.101659e+00 4.652768e+01
  endloop
 endfacet
 facet normal -8.778038e-01 4.790112e-01 -2.974799e-03
  outer loop
   vertex -1.213411e+01 -1.875982e+00 5.500000e+01
   vertex -1.185626e+01 -1.435785e+00 4.389357e+01
   vertex -1.254457e+01 -2.688793e+00 4.523804e+01
  endloop
 endfacet
 facet normal -7.719445e-01 6.356839e-01 -2.760508e-03
  outer loop
   vertex -1.139452e+01 -8.268411e-01 5.500000e+01
   vertex -1.096016e+01 -3.535534e-01 4.252346e+01
   vertex -1.185626e+01 -1.435785e+00 4.389357e+01
  endloop
 endfacet
 facet normal -9.986256e-01 5.240731e-02 -6.640076e-04
  outer loop
   vertex -1.315608e+01 -5.549757e+00 5.500000e+01
   vertex -1.311486e+01 -4.863925e+00 4.713940e+01
   vertex -1.315685e+01 -5.656854e+00 4.771764e+01
  endloop
 endfacet
 facet normal -9.166672e-01 -3.996429e-01 2.599798e-03
  outer loop
   vertex -1.264890e+01 -8.370060e+00 4.755510e+01
   vertex -1.240957e+01 -8.920417e+00 4.733970e+01
   vertex -1.275594e+01 -8.076097e+00 5.500000e+01
  endloop
 endfacet
 facet normal -8.818097e-01 -4.716047e-01 -7.808887e-04
  outer loop
   vertex -1.240957e+01 -8.920417e+00 4.733970e+01
   vertex -1.211862e+01 -9.464152e+00 4.716463e+01
   vertex -1.223944e+01 -9.251218e+00 5.500000e+01
  endloop
 endfacet
 facet normal -9.877336e-01 1.561463e-01 -8.305285e-04
  outer loop
   vertex -1.302798e+01 -4.272541e+00 5.500000e+01
   vertex -1.299384e+01 -4.101659e+00 4.652768e+01
   vertex -1.311486e+01 -4.863925e+00 4.713940e+01
  endloop
 endfacet
 facet normal -7.366241e-01 -6.763007e-01 1.534985e-03
  outer loop
   vertex -1.096016e+01 -1.096016e+01 4.693086e+01
   vertex -1.153011e+01 -1.032105e+01 5.500000e+01
   vertex -1.139362e+01 -1.048797e+01 4.695768e+01
  endloop
 endfacet
 facet normal 2.245247e-01 -9.744684e-01 -2.791929e-06
  outer loop
   vertex -3.441325e+00 -1.282213e+01 5.047572e+01
   vertex -4.514364e+00 -1.306936e+01 4.686580e+01
   vertex -3.441336e+00 -1.282212e+01 4.595144e+01
  endloop
 endfacet
 facet normal -6.762308e-01 -7.366895e-01 -7.526954e-04
  outer loop
   vertex -1.096016e+01 -1.096016e+01 4.693086e+01
   vertex -1.048797e+01 -1.139362e+01 4.695768e+01
   vertex -1.064874e+01 -1.125426e+01 5.500000e+01
  endloop
 endfacet
 facet normal -6.114947e-01 -7.912471e-01 1.486761e-03
  outer loop
   vertex -1.064874e+01 -1.125426e+01 5.500000e+01
   vertex -1.048797e+01 -1.139362e+01 4.695768e+01
   vertex -9.987987e+00 -1.177987e+01 4.703645e+01
  endloop
 endfacet
 facet normal -7.914178e-01 -6.112751e-01 -7.445606e-04
  outer loop
   vertex -1.177987e+01 -9.987987e+00 4.703645e+01
   vertex -1.139362e+01 -1.048797e+01 4.695768e+01
   vertex -1.153011e+01 -1.032105e+01 5.500000e+01
  endloop
 endfacet
 facet normal -5.429031e-01 -8.397951e-01 -6.840315e-04
  outer loop
   vertex -9.464152e+00 -1.211862e+01 4.716463e+01
   vertex -9.621143e+00 -1.202351e+01 5.500000e+01
   vertex -9.987987e+00 -1.177987e+01 4.703645e+01
  endloop
 endfacet
 facet normal -3.986253e-01 -9.171137e-01 -4.963528e-04
  outer loop
   vertex -8.370060e+00 -1.264890e+01 4.755510e+01
   vertex -8.477427e+00 -1.260626e+01 5.500000e+01
   vertex -8.920417e+00 -1.240957e+01 4.733970e+01
  endloop
 endfacet
 facet normal -4.721105e-01 -8.815385e-01 1.241075e-03
  outer loop
   vertex -9.464152e+00 -1.211862e+01 4.716463e+01
   vertex -8.920417e+00 -1.240957e+01 4.733970e+01
   vertex -9.621143e+00 -1.202351e+01 5.500000e+01
  endloop
 endfacet
 facet normal -8.395144e-01 -5.433344e-01 1.820626e-03
  outer loop
   vertex -1.223944e+01 -9.251218e+00 5.500000e+01
   vertex -1.211862e+01 -9.464152e+00 4.716463e+01
   vertex -1.177987e+01 -9.987987e+00 4.703645e+01
  endloop
 endfacet
 facet normal 7.527569e-02 -9.971617e-01 -1.465771e-03
  outer loop
   vertex -5.656854e+00 -1.315685e+01 4.771764e+01
   vertex -4.514364e+00 -1.306936e+01 4.686580e+01
   vertex -4.695604e+00 -1.309499e+01 5.500000e+01
  endloop
 endfacet
 facet normal -7.071048e-01 7.071053e-01 2.206153e-03
  outer loop
   vertex -1.139452e+01 -8.268411e-01 5.500000e+01
   vertex -1.048686e+01 8.081779e-02 5.500000e+01
   vertex -1.096016e+01 -3.535534e-01 4.252346e+01
  endloop
 endfacet
 facet normal -9.036046e-01 4.283611e-01 2.327331e-03
  outer loop
   vertex -1.268396e+01 -3.035874e+00 5.500000e+01
   vertex -1.213411e+01 -1.875982e+00 5.500000e+01
   vertex -1.254457e+01 -2.688793e+00 4.523804e+01
  endloop
 endfacet
 facet normal -8.173253e-01 5.761716e-01 2.389095e-03
  outer loop
   vertex -1.185626e+01 -1.435785e+00 4.389357e+01
   vertex -1.213411e+01 -1.875982e+00 5.500000e+01
   vertex -1.139452e+01 -8.268411e-01 5.500000e+01
  endloop
 endfacet
 facet normal -9.766720e-01 -2.147333e-01 -1.151902e-03
  outer loop
   vertex -1.283904e+01 -7.816978e+00 4.780645e+01
   vertex -1.306450e+01 -6.830111e+00 5.500000e+01
   vertex -1.308148e+01 -6.717515e+00 4.840000e+01
  endloop
 endfacet
 facet normal -9.975350e-01 -7.016078e-02 1.138408e-03
  outer loop
   vertex -1.315685e+01 -5.656854e+00 4.771764e+01
   vertex -1.308148e+01 -6.717515e+00 4.840000e+01
   vertex -1.315608e+01 -5.549757e+00 5.500000e+01
  endloop
 endfacet
 facet normal -9.634169e-01 2.680027e-01 1.523524e-03
  outer loop
   vertex -1.302798e+01 -4.272541e+00 5.500000e+01
   vertex -1.268396e+01 -3.035874e+00 5.500000e+01
   vertex -1.299384e+01 -4.101659e+00 4.652768e+01
  endloop
 endfacet
 facet normal -9.950020e-01 9.979378e-02 3.489433e-03
  outer loop
   vertex -1.315608e+01 -5.549757e+00 5.500000e+01
   vertex -1.302798e+01 -4.272541e+00 5.500000e+01
   vertex -1.311486e+01 -4.863925e+00 4.713940e+01
  endloop
 endfacet
 facet normal -9.706753e-01 -2.403806e-01 2.554544e-03
  outer loop
   vertex -1.283904e+01 -7.816978e+00 4.780645e+01
   vertex -1.275594e+01 -8.076097e+00 5.500000e+01
   vertex -1.306450e+01 -6.830111e+00 5.500000e+01
  endloop
 endfacet
 facet normal -9.457819e-01 -3.248014e-01 -7.739493e-04
  outer loop
   vertex -1.264890e+01 -8.370060e+00 4.755510e+01
   vertex -1.275594e+01 -8.076097e+00 5.500000e+01
   vertex -1.283904e+01 -7.816978e+00 4.780645e+01
  endloop
 endfacet
 facet normal -9.974512e-01 -7.133915e-02 1.347848e-03
  outer loop
   vertex -1.306450e+01 -6.830111e+00 5.500000e+01
   vertex -1.315608e+01 -5.549757e+00 5.500000e+01
   vertex -1.308148e+01 -6.717515e+00 4.840000e+01
  endloop
 endfacet
 facet normal -9.154672e-01 -4.023818e-01 2.955941e-03
  outer loop
   vertex -1.240957e+01 -8.920417e+00 4.733970e+01
   vertex -1.223944e+01 -9.251218e+00 5.500000e+01
   vertex -1.275594e+01 -8.076097e+00 5.500000e+01
  endloop
 endfacet
 facet normal -8.334442e-01 -5.525953e-01 3.027719e-03
  outer loop
   vertex -1.223944e+01 -9.251218e+00 5.500000e+01
   vertex -1.177987e+01 -9.987987e+00 4.703645e+01
   vertex -1.153011e+01 -1.032105e+01 5.500000e+01
  endloop
 endfacet
 facet normal -2.137461e-01 -9.768844e-01 -3.067340e-03
  outer loop
   vertex -6.717515e+00 -1.308148e+01 4.840000e+01
   vertex -7.251088e+00 -1.298545e+01 5.500000e+01
   vertex -7.816978e+00 -1.283904e+01 4.780645e+01
  endloop
 endfacet
 facet normal 2.245254e-01 -9.744682e-01 -2.997338e-06
  outer loop
   vertex -3.441315e+00 -1.282214e+01 5.500000e+01
   vertex -4.514364e+00 -1.306936e+01 4.686580e+01
   vertex -3.441325e+00 -1.282213e+01 5.047572e+01
  endloop
 endfacet
 facet normal -5.992749e-01 -8.005372e-01 3.113825e-03
  outer loop
   vertex -9.987987e+00 -1.177987e+01 4.703645e+01
   vertex -9.621143e+00 -1.202351e+01 5.500000e+01
   vertex -1.064874e+01 -1.125426e+01 5.500000e+01
  endloop
 endfacet
 facet normal -7.270075e-01 -6.866229e-01 3.031796e-03
  outer loop
   vertex -1.096016e+01 -1.096016e+01 4.693086e+01
   vertex -1.064874e+01 -1.125426e+01 5.500000e+01
   vertex -1.153011e+01 -1.032105e+01 5.500000e+01
  endloop
 endfacet
 facet normal 4.282670e-02 -9.990785e-01 2.833682e-03
  outer loop
   vertex -5.978050e+00 -1.314997e+01 5.500000e+01
   vertex -5.656854e+00 -1.315685e+01 4.771764e+01
   vertex -4.695604e+00 -1.309499e+01 5.500000e+01
  endloop
 endfacet
 facet normal -4.539881e-01 -8.910013e-01 3.375728e-03
  outer loop
   vertex -8.477427e+00 -1.260626e+01 5.500000e+01
   vertex -9.621143e+00 -1.202351e+01 5.500000e+01
   vertex -8.920417e+00 -1.240957e+01 4.733970e+01
  endloop
 endfacet
 facet normal -2.954033e-01 -9.553651e-01 3.794306e-03
  outer loop
   vertex -7.816978e+00 -1.283904e+01 4.780645e+01
   vertex -7.251088e+00 -1.298545e+01 5.500000e+01
   vertex -8.477427e+00 -1.260626e+01 5.500000e+01
  endloop
 endfacet
 facet normal -7.232756e-02 -9.973784e-01 -2.246922e-03
  outer loop
   vertex -5.656854e+00 -1.315685e+01 4.771764e+01
   vertex -5.978050e+00 -1.314997e+01 5.500000e+01
   vertex -6.717515e+00 -1.308148e+01 4.840000e+01
  endloop
 endfacet
 facet normal 2.125643e-01 -9.771457e-01 1.656270e-03
  outer loop
   vertex -3.441315e+00 -1.282214e+01 5.500000e+01
   vertex -4.695604e+00 -1.309499e+01 5.500000e+01
   vertex -4.514364e+00 -1.306936e+01 4.686580e+01
  endloop
 endfacet
 facet normal -1.281653e-01 -9.917445e-01 4.067604e-03
  outer loop
   vertex -5.978050e+00 -1.314997e+01 5.500000e+01
   vertex -7.251088e+00 -1.298545e+01 5.500000e+01
   vertex -6.717515e+00 -1.308148e+01 4.840000e+01
  endloop
 endfacet
 facet normal -3.254096e-01 -9.455729e-01 7.225168e-04
  outer loop
   vertex -7.816978e+00 -1.283904e+01 4.780645e+01
   vertex -8.477427e+00 -1.260626e+01 5.500000e+01
   vertex -8.370060e+00 -1.264890e+01 4.755510e+01
  endloop
 endfacet
 facet normal -5.761716e-01 8.173265e-01 1.916192e-03
  outer loop
   vertex -9.437716e+00 8.204068e-01 5.500000e+01
   vertex -9.877923e+00 5.425470e-01 4.115335e+01
   vertex -1.048686e+01 8.081779e-02 5.500000e+01
  endloop
 endfacet
 facet normal 7.071068e-01 7.071067e-01 7.452536e-08
  outer loop
   vertex -3.441336e+00 -1.282212e+01 4.595144e+01
   vertex -5.913639e+00 -1.034982e+01 4.595144e+01
   vertex -5.913631e+00 -1.034982e+01 5.047572e+01
  endloop
 endfacet
 facet normal 7.071067e-01 7.071068e-01 1.293648e-13
  outer loop
   vertex -3.441325e+00 -1.282213e+01 5.047572e+01
   vertex -5.913631e+00 -1.034982e+01 5.047572e+01
   vertex -5.913622e+00 -1.034983e+01 5.500000e+01
  endloop
 endfacet
 facet normal 7.071068e-01 7.071067e-01 1.117881e-07
  outer loop
   vertex -5.913622e+00 -1.034983e+01 5.500000e+01
   vertex -3.441315e+00 -1.282214e+01 5.500000e+01
   vertex -3.441325e+00 -1.282213e+01 5.047572e+01
  endloop
 endfacet
 facet normal 7.071067e-01 7.071068e-01 -3.726265e-08
  outer loop
   vertex -5.913631e+00 -1.034982e+01 5.047572e+01
   vertex -3.441325e+00 -1.282213e+01 5.047572e+01
   vertex -3.441336e+00 -1.282212e+01 4.595144e+01
  endloop
 endfacet
 facet normal -7.071068e-01 -7.071068e-01 0.000000e+00
  outer loop
   vertex 1.508435e+00 -7.872396e+00 4.800000e+01
   vertex -9.638732e-01 -5.400088e+00 4.800000e+01
   vertex -9.638732e-01 -5.400088e+00 4.100000e+01
  endloop
 endfacet
 facet normal -7.071068e-01 -7.071068e-01 0.000000e+00
  outer loop
   vertex 1.508435e+00 -7.872396e+00 5.500000e+01
   vertex -9.638732e-01 -5.400088e+00 5.500000e+01
   vertex -9.638732e-01 -5.400088e+00 4.800000e+01
  endloop
 endfacet
 facet normal 9.335802e-01 3.583686e-01 0.000000e+00
  outer loop
   vertex -1.371637e+01 4.968452e+01 7.500000e+00
   vertex -1.371637e+01 4.968452e+01 3.000000e+00
   vertex -1.403796e+01 5.052229e+01 3.000000e+00
  endloop
 endfacet
 facet normal 9.335803e-01 3.583684e-01 -5.199432e-08
  outer loop
   vertex -1.436684e+01 5.137904e+01 4.825417e+00
   vertex -1.371637e+01 4.968452e+01 7.500000e+00
   vertex -1.403796e+01 5.052229e+01 3.000000e+00
  endloop
 endfacet
 facet normal 9.335804e-01 3.583681e-01 0.000000e+00
  outer loop
   vertex -1.371637e+01 4.968452e+01 7.500000e+00
   vertex -1.457646e+01 5.192511e+01 6.807261e+00
   vertex -1.457646e+01 5.192511e+01 7.500000e+00
  endloop
 endfacet
 facet normal 9.335804e-01 3.583681e-01 -2.819603e-07
  outer loop
   vertex -1.436684e+01 5.137904e+01 4.825417e+00
   vertex -1.457646e+01 5.192511e+01 6.807261e+00
   vertex -1.371637e+01 4.968452e+01 7.500000e+00
  endloop
 endfacet
 facet normal -3.583683e-01 9.335803e-01 0.000000e+00
  outer loop
   vertex -1.457646e+01 5.192511e+01 7.500000e+00
   vertex -1.457646e+01 5.192511e+01 6.807261e+00
   vertex -2.186571e+01 4.912703e+01 7.500000e+00
  endloop
 endfacet
 facet normal -9.335803e-01 -3.583684e-01 1.432473e-07
  outer loop
   vertex -2.305218e+01 4.610084e+01 7.500000e+00
   vertex -2.389169e+01 4.828784e+01 7.500000e+00
   vertex -2.341573e+01 4.704792e+01 3.000000e+00
  endloop
 endfacet
 facet normal -9.335800e-01 -3.583690e-01 0.000000e+00
  outer loop
   vertex -2.341573e+01 4.704792e+01 3.000000e+00
   vertex -2.305218e+01 4.610084e+01 3.000000e+00
   vertex -2.305218e+01 4.610084e+01 7.500000e+00
  endloop
 endfacet
 facet normal 0.000000e+00 0.000000e+00 1.000000e+00
  outer loop
   vertex -2.305218e+01 4.610084e+01 7.500000e+00
   vertex -1.371637e+01 4.968452e+01 7.500000e+00
   vertex -2.186571e+01 4.912703e+01 7.500000e+00
  endloop
 endfacet
 facet normal -0.000000e+00 0.000000e+00 1.000000e+00
  outer loop
   vertex -2.389169e+01 4.828784e+01 7.500000e+00
   vertex -2.305218e+01 4.610084e+01 7.500000e+00
   vertex -2.186571e+01 4.912703e+01 7.500000e+00
  endloop
 endfacet
 facet normal 9.335803e-01 3.583682e-01 0.000000e+00
  outer loop
   vertex -4.928314e+00 4.911426e+01 0.000000e+00
   vertex -3.676377e+00 4.585286e+01 1.500000e+00
   vertex -3.676377e+00 4.585286e+01 0.000000e+00
  endloop
 endfacet
 facet normal 9.335804e-01 3.583681e-01 0.000000e+00
  outer loop
   vertex -3.676377e+00 4.585286e+01 3.000000e+00
   vertex -3.676377e+00 4.585286e+01 1.500000e+00
   vertex -5.468805e+00 5.052229e+01 3.000000e+00
  endloop
 endfacet
 facet normal 9.335804e-01 3.583681e-01 -1.223329e-07
  outer loop
   vertex -4.928314e+00 4.911426e+01 0.000000e+00
   vertex -5.468805e+00 5.052229e+01 3.000000e+00
   vertex -3.676377e+00 4.585286e+01 1.500000e+00
  endloop
 endfacet
 facet normal 7.071053e-01 -7.071082e-01 0.000000e+00
  outer loop
   vertex -5.868986e+00 -4.829539e+01 1.000000e+01
   vertex -6.687856e+00 -4.911426e+01 0.000000e+00
   vertex -5.868986e+00 -4.829539e+01 0.000000e+00
  endloop
 endfacet
 facet normal 7.071066e-01 -7.071070e-01 -2.059693e-07
  outer loop
   vertex -6.687856e+00 -4.911426e+01 0.000000e+00
   vertex -5.868986e+00 -4.829539e+01 1.000000e+01
   vertex -1.138128e+01 -5.380769e+01 1.000000e+01
  endloop
 endfacet
 facet normal 5.169343e-01 -5.169346e-01 6.823177e-01
  outer loop
   vertex -1.138128e+01 -5.380769e+01 1.000000e+01
   vertex -5.868986e+00 -4.829539e+01 1.000000e+01
   vertex -1.230591e+01 -5.405022e+01 1.051676e+01
  endloop
 endfacet
 facet normal 5.169340e-01 -5.169342e-01 6.823183e-01
  outer loop
   vertex -1.550449e+01 -3.865989e+01 2.460000e+01
   vertex -1.230591e+01 -5.405022e+01 1.051676e+01
   vertex -5.868986e+00 -4.829539e+01 1.000000e+01
  endloop
 endfacet
 facet normal 5.169334e-01 -5.169334e-01 6.823194e-01
  outer loop
   vertex -2.899138e+01 -5.161879e+01 2.500000e+01
   vertex -1.550449e+01 -3.865989e+01 2.460000e+01
   vertex -1.547970e+01 -3.810711e+01 2.500000e+01
  endloop
 endfacet
 facet normal 5.169331e-01 -5.169332e-01 6.823198e-01
  outer loop
   vertex -1.550449e+01 -3.865989e+01 2.460000e+01
   vertex -2.899138e+01 -5.161879e+01 2.500000e+01
   vertex -2.885556e+01 -5.175462e+01 2.479420e+01
  endloop
 endfacet
 facet normal 5.169341e-01 -5.169342e-01 6.823182e-01
  outer loop
   vertex -1.230591e+01 -5.405022e+01 1.051676e+01
   vertex -1.550449e+01 -3.865989e+01 2.460000e+01
   vertex -2.885556e+01 -5.175462e+01 2.479420e+01
  endloop
 endfacet
 facet normal -5.169347e-01 5.169348e-01 6.823173e-01
  outer loop
   vertex -2.899138e+01 -5.161879e+01 2.500000e+01
   vertex -1.547970e+01 -3.810711e+01 2.500000e+01
   vertex -1.603247e+01 -3.813191e+01 2.460000e+01
  endloop
 endfacet
 facet normal -5.169341e-01 5.169342e-01 6.823182e-01
  outer loop
   vertex -3.663357e+01 -3.946199e+01 1.000000e+01
   vertex -2.899138e+01 -5.161879e+01 2.500000e+01
   vertex -1.603247e+01 -3.813191e+01 2.460000e+01
  endloop
 endfacet
 facet normal -5.169343e-01 5.169340e-01 6.823182e-01
  outer loop
   vertex -3.440200e+01 -4.620818e+01 1.680167e+01
   vertex -2.899138e+01 -5.161879e+01 2.500000e+01
   vertex -3.663357e+01 -3.946199e+01 1.000000e+01
  endloop
 endfacet
 facet normal -5.169341e-01 5.169341e-01 6.823183e-01
  outer loop
   vertex -2.566798e+01 -2.849640e+01 1.000000e+01
   vertex -3.663357e+01 -3.946199e+01 1.000000e+01
   vertex -1.603247e+01 -3.813191e+01 2.460000e+01
  endloop
 endfacet
 facet normal -7.071068e-01 7.071068e-01 0.000000e+00
  outer loop
   vertex -3.663357e+01 -3.946199e+01 1.000000e+01
   vertex -2.566798e+01 -2.849640e+01 1.000000e+01
   vertex -3.108194e+01 -3.391037e+01 3.000000e+00
  endloop
 endfacet
 facet normal -7.071068e-01 7.071068e-01 0.000000e+00
  outer loop
   vertex -2.566798e+01 -2.849640e+01 3.000000e+00
   vertex -3.108194e+01 -3.391037e+01 3.000000e+00
   vertex -2.566798e+01 -2.849640e+01 1.000000e+01
  endloop
 endfacet
 facet normal -7.071068e-01 7.071068e-01 0.000000e+00
  outer loop
   vertex -3.331482e+01 -3.614324e+01 0.000000e+00
   vertex -3.663357e+01 -3.946199e+01 1.000000e+01
   vertex -3.108194e+01 -3.391037e+01 3.000000e+00
  endloop
 endfacet
 facet normal -7.071068e-01 7.071068e-01 0.000000e+00
  outer loop
   vertex -3.108194e+01 -3.391037e+01 1.500000e+00
   vertex -3.108194e+01 -3.391037e+01 0.000000e+00
   vertex -3.331482e+01 -3.614324e+01 0.000000e+00
  endloop
 endfacet
 facet normal -7.071068e-01 7.071068e-01 0.000000e+00
  outer loop
   vertex -3.108194e+01 -3.391037e+01 3.000000e+00
   vertex -3.108194e+01 -3.391037e+01 1.500000e+00
   vertex -3.331482e+01 -3.614324e+01 0.000000e+00
  endloop
 endfacet
 facet normal -7.071056e-01 -7.071079e-01 -1.167924e-06
  outer loop
   vertex -2.899138e+01 -5.161879e+01 2.500000e+01
   vertex -3.440200e+01 -4.620818e+01 1.680167e+01
   vertex -3.321278e+01 -4.739739e+01 1.680167e+01
  endloop
 endfacet
 facet normal -7.071068e-01 -7.071068e-01 0.000000e+00
  outer loop
   vertex -3.321278e+01 -4.739739e+01 1.680167e+01
   vertex -2.885556e+01 -5.175462e+01 2.479420e+01
   vertex -2.899138e+01 -5.161879e+01 2.500000e+01
  endloop
 endfacet
 facet normal -7.071068e-01 -7.071068e-01 3.607369e-08
  outer loop
   vertex -5.868986e+00 -4.829539e+01 1.000000e+01
   vertex 6.495707e+00 -6.066009e+01 2.460000e+01
   vertex -1.550449e+01 -3.865989e+01 2.460000e+01
  endloop
 endfacet
 facet normal -7.071053e-01 -7.071082e-01 0.000000e+00
  outer loop
   vertex -5.050116e+00 -4.911426e+01 0.000000e+00
   vertex -5.868986e+00 -4.829539e+01 1.000000e+01
   vertex -5.868986e+00 -4.829539e+01 0.000000e+00
  endloop
 endfacet
 facet normal -7.071066e-01 -7.071069e-01 -2.131772e-07
  outer loop
   vertex 6.495707e+00 -6.066009e+01 2.460000e+01
   vertex -5.868986e+00 -4.829539e+01 1.000000e+01
   vertex -5.050116e+00 -4.911426e+01 0.000000e+00
  endloop
 endfacet
 facet normal -7.071068e-01 -7.071068e-01 0.000000e+00
  outer loop
   vertex -1.603247e+01 -3.813191e+01 2.460000e+01
   vertex -5.960910e+01 5.444722e+00 2.460000e+01
   vertex -5.960910e+01 5.444722e+00 2.236073e+01
  endloop
 endfacet
 facet normal -7.071068e-01 -7.071068e-01 1.057152e-08
  outer loop
   vertex -5.960910e+01 5.444722e+00 2.236073e+01
   vertex -2.566798e+01 -2.849640e+01 1.000000e+01
   vertex -1.603247e+01 -3.813191e+01 2.460000e+01
  endloop
 endfacet
 facet normal -7.071068e-01 -7.071068e-01 2.742501e-08
  outer loop
   vertex -2.566798e+01 -2.849640e+01 1.000000e+01
   vertex -5.960910e+01 5.444722e+00 2.236073e+01
   vertex -4.509760e+01 -9.066780e+00 3.000000e+00
  endloop
 endfacet
 facet normal -7.071069e-01 -7.071067e-01 0.000000e+00
  outer loop
   vertex -4.509760e+01 -9.066780e+00 1.500000e+00
   vertex -4.509760e+01 -9.066780e+00 3.000000e+00
   vertex -4.911426e+01 -5.050116e+00 0.000000e+00
  endloop
 endfacet
 facet normal -7.071069e-01 -7.071067e-01 -9.868177e-08
  outer loop
   vertex -5.960910e+01 5.444722e+00 2.236073e+01
   vertex -4.911426e+01 -5.050116e+00 0.000000e+00
   vertex -4.509760e+01 -9.066780e+00 3.000000e+00
  endloop
 endfacet
 facet normal -7.071069e-01 -7.071067e-01 0.000000e+00
  outer loop
   vertex -4.911426e+01 -5.050116e+00 0.000000e+00
   vertex -4.509760e+01 -9.066780e+00 0.000000e+00
   vertex -4.509760e+01 -9.066780e+00 1.500000e+00
  endloop
 endfacet
 facet normal -7.071068e-01 -7.071068e-01 -0.000000e+00
  outer loop
   vertex -2.566798e+01 -2.849640e+01 1.000000e+01
   vertex -4.509760e+01 -9.066780e+00 3.000000e+00
   vertex -2.566798e+01 -2.849640e+01 3.000000e+00
  endloop
 endfacet
 facet normal -9.335804e-01 -3.583680e-01 4.945748e-07
  outer loop
   vertex -2.810732e+01 3.694651e+01 3.000000e+00
   vertex -2.988133e+01 4.156797e+01 3.000000e+00
   vertex -2.932899e+01 4.012907e+01 0.000000e+00
  endloop
 endfacet
 facet normal 0.000000e+00 0.000000e+00 1.000000e+00
  outer loop
   vertex -1.888705e+01 3.345345e+01 3.000000e+00
   vertex -1.481436e+00 4.013484e+01 3.000000e+00
   vertex -3.676377e+00 4.585286e+01 3.000000e+00
  endloop
 endfacet
 facet normal -0.000000e+00 0.000000e+00 1.000000e+00
  outer loop
   vertex -2.441783e+01 3.898423e+01 3.000000e+00
   vertex -1.888705e+01 3.345345e+01 3.000000e+00
   vertex -3.676377e+00 4.585286e+01 3.000000e+00
  endloop
 endfacet
 facet normal 0.000000e+00 -0.000000e+00 1.000000e+00
  outer loop
   vertex -2.441783e+01 3.898423e+01 3.000000e+00
   vertex -1.371637e+01 4.968452e+01 3.000000e+00
   vertex -2.524371e+01 3.981011e+01 3.000000e+00
  endloop
 endfacet
 facet normal 0.000000e+00 0.000000e+00 1.000000e+00
  outer loop
   vertex -2.988133e+01 4.156797e+01 3.000000e+00
   vertex -2.810732e+01 3.694651e+01 3.000000e+00
   vertex -2.524371e+01 3.981011e+01 3.000000e+00
  endloop
 endfacet
 facet normal 0.000000e+00 0.000000e+00 1.000000e+00
  outer loop
   vertex -1.371637e+01 4.968452e+01 3.000000e+00
   vertex -2.441783e+01 3.898423e+01 3.000000e+00
   vertex -3.676377e+00 4.585286e+01 3.000000e+00
  endloop
 endfacet
 facet normal 0.000000e+00 -0.000000e+00 1.000000e+00
  outer loop
   vertex -1.371637e+01 4.968452e+01 3.000000e+00
   vertex -5.468805e+00 5.052229e+01 3.000000e+00
   vertex -1.403796e+01 5.052229e+01 3.000000e+00
  endloop
 endfacet
 facet normal 0.000000e+00 0.000000e+00 1.000000e+00
  outer loop
   vertex -2.524371e+01 3.981011e+01 3.000000e+00
   vertex -1.371637e+01 4.968452e+01 3.000000e+00
   vertex -2.305218e+01 4.610084e+01 3.000000e+00
  endloop
 endfacet
 facet normal 0.000000e+00 0.000000e+00 1.000000e+00
  outer loop
   vertex -2.509836e+01 4.635095e+01 3.000000e+00
   vertex -2.988133e+01 4.156797e+01 3.000000e+00
   vertex -2.305218e+01 4.610084e+01 3.000000e+00
  endloop
 endfacet
 facet normal 0.000000e+00 0.000000e+00 1.000000e+00
  outer loop
   vertex -2.305218e+01 4.610084e+01 3.000000e+00
   vertex -2.988133e+01 4.156797e+01 3.000000e+00
   vertex -2.524371e+01 3.981011e+01 3.000000e+00
  endloop
 endfacet
 facet normal 0.000000e+00 0.000000e+00 1.000000e+00
  outer loop
   vertex -2.305218e+01 4.610084e+01 3.000000e+00
   vertex -2.341573e+01 4.704792e+01 3.000000e+00
   vertex -2.509836e+01 4.635095e+01 3.000000e+00
  endloop
 endfacet
 facet normal -0.000000e+00 0.000000e+00 1.000000e+00
  outer loop
   vertex -1.371637e+01 4.968452e+01 3.000000e+00
   vertex -3.676377e+00 4.585286e+01 3.000000e+00
   vertex -5.468805e+00 5.052229e+01 3.000000e+00
  endloop
 endfacet
 facet normal -7.071069e-01 7.071067e-01 0.000000e+00
  outer loop
   vertex -4.560839e+01 1.944544e+01 1.550000e+01
   vertex -4.560839e+01 1.944544e+01 3.000000e+00
   vertex -4.911426e+01 1.593956e+01 0.000000e+00
  endloop
 endfacet
 facet normal -7.071068e-01 7.071068e-01 -2.247832e-07
  outer loop
   vertex -3.924443e+01 2.580940e+01 3.000000e+00
   vertex -4.911426e+01 1.593956e+01 0.000000e+00
   vertex -4.560839e+01 1.944544e+01 3.000000e+00
  endloop
 endfacet
 facet normal -7.071068e-01 7.071067e-01 -2.935815e-08
  outer loop
   vertex -5.960910e+01 5.444722e+00 2.236073e+01
   vertex -4.560839e+01 1.944544e+01 1.550000e+01
   vertex -4.911426e+01 1.593956e+01 0.000000e+00
  endloop
 endfacet
 facet normal -7.071068e-01 7.071068e-01 0.000000e+00
  outer loop
   vertex -5.960910e+01 5.444722e+00 2.460000e+01
   vertex -4.560839e+01 1.944544e+01 1.550000e+01
   vertex -5.960910e+01 5.444722e+00 2.236073e+01
  endloop
 endfacet
 facet normal -7.071068e-01 7.071068e-01 4.382877e-09
  outer loop
   vertex -4.560839e+01 1.944544e+01 1.550000e+01
   vertex -5.960910e+01 5.444722e+00 2.460000e+01
   vertex -4.242641e+01 2.262742e+01 4.840000e+01
  endloop
 endfacet
 facet normal -7.071068e-01 7.071068e-01 0.000000e+00
  outer loop
   vertex -3.924443e+01 2.580940e+01 1.550000e+01
   vertex -4.242641e+01 2.262742e+01 2.100000e+01
   vertex -4.242641e+01 2.262742e+01 4.840000e+01
  endloop
 endfacet
 facet normal -7.071068e-01 7.071068e-01 0.000000e+00
  outer loop
   vertex -4.560839e+01 1.944544e+01 1.550000e+01
   vertex -4.242641e+01 2.262742e+01 4.840000e+01
   vertex -4.242641e+01 2.262742e+01 2.100000e+01
  endloop
 endfacet
 facet normal -7.071069e-01 7.071067e-01 0.000000e+00
  outer loop
   vertex -3.252691e+01 3.252691e+01 0.000000e+00
   vertex -3.924443e+01 2.580940e+01 3.000000e+00
   vertex -3.924443e+01 2.580940e+01 1.550000e+01
  endloop
 endfacet
 facet normal -7.071068e-01 7.071067e-01 1.764695e-07
  outer loop
   vertex -4.911426e+01 1.593956e+01 0.000000e+00
   vertex -3.924443e+01 2.580940e+01 3.000000e+00
   vertex -3.252691e+01 3.252691e+01 0.000000e+00
  endloop
 endfacet
 facet normal -7.071068e-01 7.071068e-01 0.000000e+00
  outer loop
   vertex -2.810732e+01 3.694651e+01 0.000000e+00
   vertex -3.252691e+01 3.252691e+01 0.000000e+00
   vertex -2.810732e+01 3.694651e+01 3.000000e+00
  endloop
 endfacet
 facet normal -7.071068e-01 7.071068e-01 6.788927e-08
  outer loop
   vertex -3.924443e+01 2.580940e+01 1.550000e+01
   vertex -2.524371e+01 3.981011e+01 2.460000e+01
   vertex -3.252691e+01 3.252691e+01 0.000000e+00
  endloop
 endfacet
 facet normal -7.071068e-01 7.071068e-01 6.861445e-08
  outer loop
   vertex -2.810732e+01 3.694651e+01 3.000000e+00
   vertex -3.252691e+01 3.252691e+01 0.000000e+00
   vertex -2.524371e+01 3.981011e+01 2.460000e+01
  endloop
 endfacet
 facet normal -7.071065e-01 7.071070e-01 0.000000e+00
  outer loop
   vertex -2.810732e+01 3.694651e+01 3.000000e+00
   vertex -2.524371e+01 3.981011e+01 2.460000e+01
   vertex -2.524371e+01 3.981011e+01 3.000000e+00
  endloop
 endfacet
 facet normal -7.071068e-01 7.071068e-01 0.000000e+00
  outer loop
   vertex -4.242641e+01 2.262742e+01 4.840000e+01
   vertex -2.524371e+01 3.981011e+01 2.460000e+01
   vertex -3.924443e+01 2.580940e+01 1.550000e+01
  endloop
 endfacet
 facet normal -4.947771e-01 -4.947771e-01 7.144167e-01
  outer loop
   vertex -1.308148e+01 -6.717515e+00 4.840000e+01
   vertex -4.242641e+01 2.262742e+01 4.840000e+01
   vertex -1.283904e+01 -7.816978e+00 4.780645e+01
  endloop
 endfacet
 facet normal -4.947719e-01 -4.947722e-01 7.144237e-01
  outer loop
   vertex -1.264890e+01 -8.370060e+00 4.755510e+01
   vertex -1.283904e+01 -7.816978e+00 4.780645e+01
   vertex -4.242641e+01 2.262742e+01 4.840000e+01
  endloop
 endfacet
 facet normal -4.947768e-01 -4.947767e-01 7.144172e-01
  outer loop
   vertex -4.242641e+01 2.262742e+01 4.840000e+01
   vertex -1.240957e+01 -8.920417e+00 4.733970e+01
   vertex -1.264890e+01 -8.370060e+00 4.755510e+01
  endloop
 endfacet
 facet normal -4.947779e-01 -4.947777e-01 7.144157e-01
  outer loop
   vertex -4.242641e+01 2.262742e+01 4.840000e+01
   vertex -1.211862e+01 -9.464152e+00 4.716463e+01
   vertex -1.240957e+01 -8.920417e+00 4.733970e+01
  endloop
 endfacet
 facet normal -4.947724e-01 -4.947728e-01 7.144230e-01
  outer loop
   vertex -1.211862e+01 -9.464152e+00 4.716463e+01
   vertex -4.242641e+01 2.262742e+01 4.840000e+01
   vertex -1.177987e+01 -9.987987e+00 4.703645e+01
  endloop
 endfacet
 facet normal -4.947760e-01 -4.947760e-01 7.144183e-01
  outer loop
   vertex 3.057263e+01 -5.451200e+01 4.553255e+01
   vertex 3.317167e+01 -5.297066e+01 4.840000e+01
   vertex -6.717515e+00 -1.308148e+01 4.840000e+01
  endloop
 endfacet
 facet normal -4.947772e-01 -4.947770e-01 7.144168e-01
  outer loop
   vertex -6.717515e+00 -1.308148e+01 4.840000e+01
   vertex -7.816978e+00 -1.283904e+01 4.780645e+01
   vertex 3.057263e+01 -5.451200e+01 4.553255e+01
  endloop
 endfacet
 facet normal -4.947775e-01 -4.947771e-01 7.144164e-01
  outer loop
   vertex -9.464152e+00 -1.211862e+01 4.716463e+01
   vertex 2.787963e+01 -5.593718e+01 4.268047e+01
   vertex -8.920417e+00 -1.240957e+01 4.733970e+01
  endloop
 endfacet
 facet normal -4.947722e-01 -4.947727e-01 7.144232e-01
  outer loop
   vertex -8.370060e+00 -1.264890e+01 4.755510e+01
   vertex 3.057263e+01 -5.451200e+01 4.553255e+01
   vertex -7.816978e+00 -1.283904e+01 4.780645e+01
  endloop
 endfacet
 facet normal -4.947767e-01 -4.947765e-01 7.144175e-01
  outer loop
   vertex 2.787963e+01 -5.593718e+01 4.268047e+01
   vertex -8.370060e+00 -1.264890e+01 4.755510e+01
   vertex -8.920417e+00 -1.240957e+01 4.733970e+01
  endloop
 endfacet
 facet normal -4.947758e-01 -4.947758e-01 7.144185e-01
  outer loop
   vertex -1.177987e+01 -9.987987e+00 4.703645e+01
   vertex -4.242641e+01 2.262742e+01 4.840000e+01
   vertex -5.960910e+01 5.444722e+00 2.460000e+01
  endloop
 endfacet
 facet normal -4.947752e-01 -4.947755e-01 7.144191e-01
  outer loop
   vertex -1.048797e+01 -1.139362e+01 4.695768e+01
   vertex 2.509645e+01 -5.723998e+01 3.985070e+01
   vertex -9.987987e+00 -1.177987e+01 4.703645e+01
  endloop
 endfacet
 facet normal -4.947729e-01 -4.947771e-01 7.144196e-01
  outer loop
   vertex -1.096016e+01 -1.096016e+01 4.693086e+01
   vertex -1.139362e+01 -1.048797e+01 4.695768e+01
   vertex -1.547970e+01 -3.810711e+01 2.500000e+01
  endloop
 endfacet
 facet normal -4.947758e-01 -4.947758e-01 7.144185e-01
  outer loop
   vertex -5.960910e+01 5.444722e+00 2.460000e+01
   vertex -1.547970e+01 -3.810711e+01 2.500000e+01
   vertex -1.139362e+01 -1.048797e+01 4.695768e+01
  endloop
 endfacet
 facet normal -4.947754e-01 -4.947753e-01 7.144191e-01
  outer loop
   vertex -5.960910e+01 5.444722e+00 2.460000e+01
   vertex -1.603247e+01 -3.813191e+01 2.460000e+01
   vertex -1.547970e+01 -3.810711e+01 2.500000e+01
  endloop
 endfacet
 facet normal -4.947821e-01 -4.947788e-01 7.144121e-01
  outer loop
   vertex 2.222692e+01 -5.841422e+01 3.705016e+01
   vertex -1.048797e+01 -1.139362e+01 4.695768e+01
   vertex -1.096016e+01 -1.096016e+01 4.693086e+01
  endloop
 endfacet
 facet normal -4.947758e-01 -4.947754e-01 7.144188e-01
  outer loop
   vertex -5.960910e+01 5.444722e+00 2.460000e+01
   vertex -1.139362e+01 -1.048797e+01 4.695768e+01
   vertex -1.177987e+01 -9.987987e+00 4.703645e+01
  endloop
 endfacet
 facet normal -4.947758e-01 -4.947757e-01 7.144186e-01
  outer loop
   vertex -1.096016e+01 -1.096016e+01 4.693086e+01
   vertex -1.547970e+01 -3.810711e+01 2.500000e+01
   vertex 2.222692e+01 -5.841422e+01 3.705016e+01
  endloop
 endfacet
 facet normal -4.947757e-01 -4.947757e-01 7.144186e-01
  outer loop
   vertex -9.464152e+00 -1.211862e+01 4.716463e+01
   vertex 2.509645e+01 -5.723998e+01 3.985070e+01
   vertex 2.787963e+01 -5.593718e+01 4.268047e+01
  endloop
 endfacet
 facet normal -4.947757e-01 -4.947758e-01 7.144186e-01
  outer loop
   vertex 2.787963e+01 -5.593718e+01 4.268047e+01
   vertex 3.057263e+01 -5.451200e+01 4.553255e+01
   vertex -8.370060e+00 -1.264890e+01 4.755510e+01
  endloop
 endfacet
 facet normal -4.947752e-01 -4.947752e-01 7.144193e-01
  outer loop
   vertex -1.547970e+01 -3.810711e+01 2.500000e+01
   vertex 6.495707e+00 -6.066009e+01 2.460000e+01
   vertex 7.093067e+00 -6.080663e+01 2.491222e+01
  endloop
 endfacet
 facet normal -4.947758e-01 -4.947758e-01 7.144185e-01
  outer loop
   vertex 7.093067e+00 -6.080663e+01 2.491222e+01
   vertex 2.222692e+01 -5.841422e+01 3.705016e+01
   vertex -1.547970e+01 -3.810711e+01 2.500000e+01
  endloop
 endfacet
 facet normal -4.947753e-01 -4.947755e-01 7.144190e-01
  outer loop
   vertex -1.048797e+01 -1.139362e+01 4.695768e+01
   vertex 2.222692e+01 -5.841422e+01 3.705016e+01
   vertex 2.509645e+01 -5.723998e+01 3.985070e+01
  endloop
 endfacet
 facet normal -4.947749e-01 -4.947749e-01 7.144197e-01
  outer loop
   vertex -1.547970e+01 -3.810711e+01 2.500000e+01
   vertex -1.550449e+01 -3.865989e+01 2.460000e+01
   vertex 6.495707e+00 -6.066009e+01 2.460000e+01
  endloop
 endfacet
 facet normal -4.947737e-01 -4.947746e-01 7.144209e-01
  outer loop
   vertex 2.509645e+01 -5.723998e+01 3.985070e+01
   vertex -9.464152e+00 -1.211862e+01 4.716463e+01
   vertex -9.987987e+00 -1.177987e+01 4.703645e+01
  endloop
 endfacet
 facet normal -7.071068e-01 -7.071068e-01 -6.127303e-09
  outer loop
   vertex 4.017943e+01 -3.126988e+01 3.000000e+00
   vertex 4.639213e+01 -3.748259e+01 2.172000e+01
   vertex -2.665793e+01 3.556747e+01 2.172000e+01
  endloop
 endfacet
 facet normal 7.071068e-01 7.071068e-01 -1.090047e-06
  outer loop
   vertex 9.913437e+00 -5.842096e+01 2.110000e+01
   vertex -5.395225e+01 5.444722e+00 2.110000e+01
   vertex 1.005344e+01 -5.856097e+01 2.172000e+01
  endloop
 endfacet
 facet normal 7.071068e-01 7.071068e-01 1.596225e-06
  outer loop
   vertex -5.536646e+01 6.858936e+00 2.172000e+01
   vertex 1.005344e+01 -5.856097e+01 2.172000e+01
   vertex -5.395225e+01 5.444722e+00 2.110000e+01
  endloop
 endfacet
 facet normal 7.071064e-01 7.071071e-01 0.000000e+00
  outer loop
   vertex -5.536646e+01 6.858936e+00 2.172000e+01
   vertex -5.395225e+01 5.444722e+00 2.110000e+01
   vertex -5.536646e+01 6.858936e+00 1.332119e+01
  endloop
 endfacet
 facet normal 7.071064e-01 7.071071e-01 0.000000e+00
  outer loop
   vertex -5.536646e+01 6.858936e+00 1.332119e+01
   vertex -5.395225e+01 5.444722e+00 2.110000e+01
   vertex -5.395225e+01 5.444722e+00 1.030801e+01
  endloop
 endfacet
 facet normal 7.071070e-01 -7.071066e-01 0.000000e+00
  outer loop
   vertex -4.419418e+01 1.803122e+01 1.550000e+01
   vertex -5.052229e+01 1.170311e+01 3.000000e+00
   vertex -4.419418e+01 1.803122e+01 3.000000e+00
  endloop
 endfacet
 facet normal 7.071068e-01 -7.071068e-01 0.000000e+00
  outer loop
   vertex -5.536646e+01 6.858936e+00 2.172000e+01
   vertex -5.536646e+01 6.858936e+00 1.332119e+01
   vertex -4.419418e+01 1.803122e+01 1.550000e+01
  endloop
 endfacet
 facet normal 7.071068e-01 -7.071068e-01 2.224784e-07
  outer loop
   vertex -5.052229e+01 1.170311e+01 3.000000e+00
   vertex -4.419418e+01 1.803122e+01 1.550000e+01
   vertex -5.536646e+01 6.858936e+00 1.332119e+01
  endloop
 endfacet
 facet normal 7.071067e-01 -7.071069e-01 -3.841603e-07
  outer loop
   vertex -4.101219e+01 2.121320e+01 2.100000e+01
   vertex -5.536646e+01 6.858936e+00 2.172000e+01
   vertex -4.419418e+01 1.803122e+01 1.550000e+01
  endloop
 endfacet
 facet normal 7.071068e-01 -7.071067e-01 0.000000e+00
  outer loop
   vertex -3.783021e+01 2.439518e+01 1.550000e+01
   vertex -3.783021e+01 2.439518e+01 3.000000e+00
   vertex -2.665793e+01 3.556747e+01 3.000000e+00
  endloop
 endfacet
 facet normal 7.071068e-01 -7.071067e-01 5.282571e-08
  outer loop
   vertex -2.665793e+01 3.556747e+01 2.172000e+01
   vertex -4.101219e+01 2.121320e+01 2.100000e+01
   vertex -3.783021e+01 2.439518e+01 1.550000e+01
  endloop
 endfacet
 facet normal 7.071068e-01 -7.071067e-01 0.000000e+00
  outer loop
   vertex -2.665793e+01 3.556747e+01 3.000000e+00
   vertex -2.665793e+01 3.556747e+01 2.172000e+01
   vertex -3.783021e+01 2.439518e+01 1.550000e+01
  endloop
 endfacet
 facet normal 7.071068e-01 -7.071068e-01 2.575643e-06
  outer loop
   vertex -5.536646e+01 6.858936e+00 2.172000e+01
   vertex -4.101219e+01 2.121320e+01 2.100000e+01
   vertex -2.665793e+01 3.556747e+01 2.172000e+01
  endloop
 endfacet
 facet normal 5.157930e-01 5.157930e-01 -6.840432e-01
  outer loop
   vertex 3.317167e+01 -5.297066e+01 4.550000e+01
   vertex 2.959981e+01 -5.504634e+01 4.124155e+01
   vertex -4.101219e+01 2.121320e+01 4.550000e+01
  endloop
 endfacet
 facet normal 5.157929e-01 5.157929e-01 -6.840433e-01
  outer loop
   vertex 2.585481e+01 -5.690149e+01 3.701884e+01
   vertex -4.101219e+01 2.121320e+01 4.550000e+01
   vertex 2.959981e+01 -5.504634e+01 4.124155e+01
  endloop
 endfacet
 facet normal 5.157916e-01 5.157915e-01 -6.840454e-01
  outer loop
   vertex 8.202603e+00 -5.936855e+01 2.184819e+01
   vertex 7.972428e+00 -5.930838e+01 2.172000e+01
   vertex -5.678067e+01 5.444722e+00 2.172000e+01
  endloop
 endfacet
 facet normal 5.157931e-01 5.157931e-01 -6.840431e-01
  outer loop
   vertex -5.678067e+01 5.444722e+00 2.172000e+01
   vertex 2.585481e+01 -5.690149e+01 3.701884e+01
   vertex 8.202603e+00 -5.936855e+01 2.184819e+01
  endloop
 endfacet
 facet normal 5.157931e-01 5.157930e-01 -6.840432e-01
  outer loop
   vertex -4.101219e+01 2.121320e+01 4.550000e+01
   vertex 2.585481e+01 -5.690149e+01 3.701884e+01
   vertex -5.678067e+01 5.444722e+00 2.172000e+01
  endloop
 endfacet
 facet normal 0.000000e+00 0.000000e+00 1.000000e+00
  outer loop
   vertex 8.249024e+00 -5.930838e+01 2.172000e+01
   vertex -5.678067e+01 5.444722e+00 2.172000e+01
   vertex 7.972428e+00 -5.930838e+01 2.172000e+01
  endloop
 endfacet
 facet normal 0.000000e+00 0.000000e+00 1.000000e+00
  outer loop
   vertex 1.005344e+01 -5.856097e+01 2.172000e+01
   vertex -5.536646e+01 6.858936e+00 2.172000e+01
   vertex 8.249024e+00 -5.930838e+01 2.172000e+01
  endloop
 endfacet
 facet normal -0.000000e+00 0.000000e+00 1.000000e+00
  outer loop
   vertex -5.678067e+01 5.444722e+00 2.172000e+01
   vertex 8.249024e+00 -5.930838e+01 2.172000e+01
   vertex -5.536646e+01 6.858936e+00 2.172000e+01
  endloop
 endfacet
 facet normal 0.000000e+00 0.000000e+00 1.000000e+00
  outer loop
   vertex 4.777030e+01 -3.610442e+01 2.172000e+01
   vertex -2.524371e+01 3.698169e+01 2.172000e+01
   vertex -2.665793e+01 3.556747e+01 2.172000e+01
  endloop
 endfacet
 facet normal 0.000000e+00 0.000000e+00 1.000000e+00
  outer loop
   vertex 4.779141e+01 -3.605344e+01 2.172000e+01
   vertex -2.524371e+01 3.698169e+01 2.172000e+01
   vertex 4.777030e+01 -3.610442e+01 2.172000e+01
  endloop
 endfacet
 facet normal 0.000000e+00 0.000000e+00 1.000000e+00
  outer loop
   vertex -1.907527e+01 -3.190176e+01 2.000000e+00
   vertex -2.283955e+01 -2.849640e+01 2.000000e+00
   vertex -1.904021e+01 -3.214151e+01 2.000000e+00
  endloop
 endfacet
 facet normal 0.000000e+00 0.000000e+00 1.000000e+00
  outer loop
   vertex -2.283955e+01 -2.849640e+01 2.000000e+00
   vertex -1.896433e+01 -3.237162e+01 2.000000e+00
   vertex -1.904021e+01 -3.214151e+01 2.000000e+00
  endloop
 endfacet
 facet normal 0.000000e+00 0.000000e+00 1.000000e+00
  outer loop
   vertex -1.902001e+01 -3.142216e+01 2.000000e+00
   vertex -5.005295e+01 -1.283004e+00 2.000000e+00
   vertex -2.283955e+01 -2.849640e+01 2.000000e+00
  endloop
 endfacet
 facet normal 0.000000e+00 0.000000e+00 1.000000e+00
  outer loop
   vertex -5.005295e+01 -1.283004e+00 2.000000e+00
   vertex -1.893135e+01 -3.119667e+01 2.000000e+00
   vertex -1.880513e+01 -3.098985e+01 2.000000e+00
  endloop
 endfacet
 facet normal 0.000000e+00 0.000000e+00 1.000000e+00
  outer loop
   vertex -2.283955e+01 -2.849640e+01 2.000000e+00
   vertex -1.907527e+01 -3.190176e+01 2.000000e+00
   vertex -1.906847e+01 -3.165956e+01 2.000000e+00
  endloop
 endfacet
 facet normal 0.000000e+00 0.000000e+00 1.000000e+00
  outer loop
   vertex -2.283955e+01 -2.849640e+01 2.000000e+00
   vertex -1.906847e+01 -3.165956e+01 2.000000e+00
   vertex -1.902001e+01 -3.142216e+01 2.000000e+00
  endloop
 endfacet
 facet normal 0.000000e+00 0.000000e+00 1.000000e+00
  outer loop
   vertex -5.005295e+01 -1.283004e+00 2.000000e+00
   vertex -1.902001e+01 -3.142216e+01 2.000000e+00
   vertex -1.893135e+01 -3.119667e+01 2.000000e+00
  endloop
 endfacet
 facet normal 0.000000e+00 0.000000e+00 1.000000e+00
  outer loop
   vertex -5.868986e+00 -4.546696e+01 2.000000e+00
   vertex -1.800374e+01 -3.318130e+01 2.000000e+00
   vertex -1.822948e+01 -3.310647e+01 2.000000e+00
  endloop
 endfacet
 facet normal 0.000000e+00 0.000000e+00 1.000000e+00
  outer loop
   vertex -1.707472e+01 -3.308331e+01 2.000000e+00
   vertex -5.868986e+00 -4.546696e+01 2.000000e+00
   vertex -1.283004e+00 -5.005295e+01 2.000000e+00
  endloop
 endfacet
 facet normal 0.000000e+00 0.000000e+00 1.000000e+00
  outer loop
   vertex -1.800374e+01 -3.318130e+01 2.000000e+00
   vertex -5.868986e+00 -4.546696e+01 2.000000e+00
   vertex -1.776859e+01 -3.321685e+01 2.000000e+00
  endloop
 endfacet
 facet normal -0.000000e+00 0.000000e+00 1.000000e+00
  outer loop
   vertex -1.776859e+01 -3.321685e+01 2.000000e+00
   vertex -5.868986e+00 -4.546696e+01 2.000000e+00
   vertex -1.753082e+01 -3.321208e+01 2.000000e+00
  endloop
 endfacet
 facet normal 0.000000e+00 0.000000e+00 1.000000e+00
  outer loop
   vertex -5.868986e+00 -4.546696e+01 2.000000e+00
   vertex -1.729728e+01 -3.316714e+01 2.000000e+00
   vertex -1.753082e+01 -3.321208e+01 2.000000e+00
  endloop
 endfacet
 facet normal 0.000000e+00 0.000000e+00 1.000000e+00
  outer loop
   vertex -1.283004e+00 -5.005295e+01 2.000000e+00
   vertex -1.668772e+01 -3.280975e+01 2.000000e+00
   vertex -1.686956e+01 -3.296303e+01 2.000000e+00
  endloop
 endfacet
 facet normal 0.000000e+00 0.000000e+00 1.000000e+00
  outer loop
   vertex -1.283004e+00 -5.005295e+01 2.000000e+00
   vertex -1.686956e+01 -3.296303e+01 2.000000e+00
   vertex -1.707472e+01 -3.308331e+01 2.000000e+00
  endloop
 endfacet
 facet normal 0.000000e+00 0.000000e+00 1.000000e+00
  outer loop
   vertex -5.868986e+00 -4.546696e+01 2.000000e+00
   vertex -1.707472e+01 -3.308331e+01 2.000000e+00
   vertex -1.729728e+01 -3.316714e+01 2.000000e+00
  endloop
 endfacet
 facet normal 0.000000e+00 0.000000e+00 1.000000e+00
  outer loop
   vertex -1.653186e+01 -3.262424e+01 2.000000e+00
   vertex -1.668772e+01 -3.280975e+01 2.000000e+00
   vertex -1.283004e+00 -5.005295e+01 2.000000e+00
  endloop
 endfacet
 facet normal 0.000000e+00 0.000000e+00 1.000000e+00
  outer loop
   vertex -1.864514e+01 -3.080788e+01 2.000000e+00
   vertex -5.005295e+01 -1.283004e+00 2.000000e+00
   vertex -1.880513e+01 -3.098985e+01 2.000000e+00
  endloop
 endfacet
 facet normal 0.000000e+00 0.000000e+00 1.000000e+00
  outer loop
   vertex -1.845618e+01 -3.065622e+01 2.000000e+00
   vertex -5.005295e+01 -1.283004e+00 2.000000e+00
   vertex -1.864514e+01 -3.080788e+01 2.000000e+00
  endloop
 endfacet
 facet normal 0.000000e+00 0.000000e+00 1.000000e+00
  outer loop
   vertex -5.005295e+01 2.959636e+00 2.000000e+00
   vertex -1.824389e+01 -3.053942e+01 2.000000e+00
   vertex -1.801465e+01 -3.046097e+01 2.000000e+00
  endloop
 endfacet
 facet normal 0.000000e+00 0.000000e+00 1.000000e+00
  outer loop
   vertex -5.005295e+01 2.959636e+00 2.000000e+00
   vertex -1.801465e+01 -3.046097e+01 2.000000e+00
   vertex -1.777531e+01 -3.042321e+01 2.000000e+00
  endloop
 endfacet
 facet normal 0.000000e+00 0.000000e+00 1.000000e+00
  outer loop
   vertex -1.824389e+01 -3.053942e+01 2.000000e+00
   vertex -5.005295e+01 2.959636e+00 2.000000e+00
   vertex -1.845618e+01 -3.065622e+01 2.000000e+00
  endloop
 endfacet
 facet normal 0.000000e+00 0.000000e+00 1.000000e+00
  outer loop
   vertex -1.729512e+01 -3.047308e+01 2.000000e+00
   vertex -5.005295e+01 2.959636e+00 2.000000e+00
   vertex -1.753305e+01 -3.042729e+01 2.000000e+00
  endloop
 endfacet
 facet normal -0.000000e+00 -0.000000e+00 1.000000e+00
  outer loop
   vertex -1.777531e+01 -3.042321e+01 2.000000e+00
   vertex -1.753305e+01 -3.042729e+01 2.000000e+00
   vertex -5.005295e+01 2.959636e+00 2.000000e+00
  endloop
 endfacet
 facet normal 0.000000e+00 0.000000e+00 1.000000e+00
  outer loop
   vertex -5.005295e+01 2.959636e+00 2.000000e+00
   vertex -1.729512e+01 -3.047308e+01 2.000000e+00
   vertex -1.706865e+01 -3.055921e+01 2.000000e+00
  endloop
 endfacet
 facet normal 0.000000e+00 0.000000e+00 1.000000e+00
  outer loop
   vertex -5.005295e+01 2.959636e+00 2.000000e+00
   vertex -1.706865e+01 -3.055921e+01 2.000000e+00
   vertex -1.686042e+01 -3.068310e+01 2.000000e+00
  endloop
 endfacet
 facet normal -0.000000e+00 -0.000000e+00 1.000000e+00
  outer loop
   vertex -1.686042e+01 -3.068310e+01 2.000000e+00
   vertex -1.667667e+01 -3.084103e+01 2.000000e+00
   vertex -5.005295e+01 2.959636e+00 2.000000e+00
  endloop
 endfacet
 facet normal 0.000000e+00 0.000000e+00 1.000000e+00
  outer loop
   vertex -1.845618e+01 -3.065622e+01 2.000000e+00
   vertex -5.005295e+01 2.959636e+00 2.000000e+00
   vertex -5.005295e+01 -1.283004e+00 2.000000e+00
  endloop
 endfacet
 facet normal 0.000000e+00 0.000000e+00 1.000000e+00
  outer loop
   vertex 2.959636e+00 -5.005295e+01 2.000000e+00
   vertex -1.628226e+01 -3.170649e+01 2.000000e+00
   vertex -1.628362e+01 -3.194878e+01 2.000000e+00
  endloop
 endfacet
 facet normal 0.000000e+00 0.000000e+00 1.000000e+00
  outer loop
   vertex 2.959636e+00 -5.005295e+01 2.000000e+00
   vertex -1.632674e+01 -3.218721e+01 2.000000e+00
   vertex -1.641032e+01 -3.241463e+01 2.000000e+00
  endloop
 endfacet
 facet normal 0.000000e+00 0.000000e+00 1.000000e+00
  outer loop
   vertex 2.959636e+00 -5.005295e+01 2.000000e+00
   vertex -1.641032e+01 -3.241463e+01 2.000000e+00
   vertex -1.653186e+01 -3.262424e+01 2.000000e+00
  endloop
 endfacet
 facet normal -0.000000e+00 0.000000e+00 1.000000e+00
  outer loop
   vertex -1.632674e+01 -3.218721e+01 2.000000e+00
   vertex 2.959636e+00 -5.005295e+01 2.000000e+00
   vertex -1.628362e+01 -3.194878e+01 2.000000e+00
  endloop
 endfacet
 facet normal 0.000000e+00 0.000000e+00 1.000000e+00
  outer loop
   vertex 2.959636e+00 -5.005295e+01 2.000000e+00
   vertex -1.667667e+01 -3.084103e+01 2.000000e+00
   vertex -1.652290e+01 -3.102828e+01 2.000000e+00
  endloop
 endfacet
 facet normal 0.000000e+00 0.000000e+00 1.000000e+00
  outer loop
   vertex 2.959636e+00 -5.005295e+01 2.000000e+00
   vertex -1.640372e+01 -3.123924e+01 2.000000e+00
   vertex -1.632270e+01 -3.146759e+01 2.000000e+00
  endloop
 endfacet
 facet normal 0.000000e+00 0.000000e+00 1.000000e+00
  outer loop
   vertex -1.652290e+01 -3.102828e+01 2.000000e+00
   vertex -1.640372e+01 -3.123924e+01 2.000000e+00
   vertex 2.959636e+00 -5.005295e+01 2.000000e+00
  endloop
 endfacet
 facet normal -0.000000e+00 -0.000000e+00 1.000000e+00
  outer loop
   vertex -1.628226e+01 -3.170649e+01 2.000000e+00
   vertex 2.959636e+00 -5.005295e+01 2.000000e+00
   vertex -1.632270e+01 -3.146759e+01 2.000000e+00
  endloop
 endfacet
 facet normal 0.000000e+00 0.000000e+00 1.000000e+00
  outer loop
   vertex 2.959636e+00 -5.005295e+01 2.000000e+00
   vertex -5.005295e+01 2.959636e+00 2.000000e+00
   vertex -1.667667e+01 -3.084103e+01 2.000000e+00
  endloop
 endfacet
 facet normal 0.000000e+00 0.000000e+00 1.000000e+00
  outer loop
   vertex -1.653186e+01 -3.262424e+01 2.000000e+00
   vertex -1.283004e+00 -5.005295e+01 2.000000e+00
   vertex 2.959636e+00 -5.005295e+01 2.000000e+00
  endloop
 endfacet
 facet normal 7.071068e-01 7.071068e-01 0.000000e+00
  outer loop
   vertex -1.715989e+01 -3.417607e+01 1.710000e+01
   vertex -5.536646e+01 4.030509e+00 1.332119e+01
   vertex -5.536646e+01 4.030509e+00 1.710000e+01
  endloop
 endfacet
 facet normal 7.071068e-01 7.071068e-01 1.937219e-07
  outer loop
   vertex -2.283955e+01 -2.849640e+01 8.800000e+00
   vertex -5.536646e+01 4.030509e+00 1.332119e+01
   vertex -1.715989e+01 -3.417607e+01 1.710000e+01
  endloop
 endfacet
 facet normal 7.071068e-01 7.071068e-01 -0.000000e+00
  outer loop
   vertex -2.283955e+01 -2.849640e+01 2.000000e+00
   vertex -5.005295e+01 -1.283004e+00 2.000000e+00
   vertex -2.283955e+01 -2.849640e+01 8.800000e+00
  endloop
 endfacet
 facet normal 7.071068e-01 7.071068e-01 9.101142e-08
  outer loop
   vertex -5.536646e+01 4.030509e+00 1.332119e+01
   vertex -2.283955e+01 -2.849640e+01 8.800000e+00
   vertex -5.005295e+01 -1.283004e+00 2.000000e+00
  endloop
 endfacet
 facet normal -7.071068e-01 -7.071068e-01 6.743496e-07
  outer loop
   vertex 2.959636e+00 -5.005295e+01 2.000000e+00
   vertex 3.428979e+00 -5.052229e+01 3.000000e+00
   vertex -5.052229e+01 3.428979e+00 3.000000e+00
  endloop
 endfacet
 facet normal 6.324555e-01 6.324555e-01 -4.472136e-01
  outer loop
   vertex 9.913437e+00 -5.842096e+01 2.110000e+01
   vertex -1.549932e+01 -3.470526e+01 1.870000e+01
   vertex -5.395225e+01 5.444722e+00 2.110000e+01
  endloop
 endfacet
 facet normal 6.324555e-01 6.324555e-01 -4.472138e-01
  outer loop
   vertex -5.536646e+01 4.030509e+00 1.710000e+01
   vertex -5.395225e+01 5.444722e+00 2.110000e+01
   vertex -1.549932e+01 -3.470526e+01 1.870000e+01
  endloop
 endfacet
 facet normal 6.324558e-01 6.324560e-01 -4.472126e-01
  outer loop
   vertex -1.549932e+01 -3.470526e+01 1.870000e+01
   vertex 9.913437e+00 -5.842096e+01 2.110000e+01
   vertex 8.952806e+00 -5.839620e+01 1.977648e+01
  endloop
 endfacet
 facet normal 6.324541e-01 6.324539e-01 -4.472179e-01
  outer loop
   vertex 8.952806e+00 -5.839620e+01 1.977648e+01
   vertex -1.207784e+01 -3.812674e+01 1.870000e+01
   vertex -1.549932e+01 -3.470526e+01 1.870000e+01
  endloop
 endfacet
 facet normal 6.324560e-01 6.324559e-01 -4.472125e-01
  outer loop
   vertex 5.804066e+00 -5.714002e+01 1.710000e+01
   vertex -1.154865e+01 -3.978730e+01 1.710000e+01
   vertex -1.207784e+01 -3.812674e+01 1.870000e+01
  endloop
 endfacet
 facet normal 6.324554e-01 6.324555e-01 -4.472139e-01
  outer loop
   vertex 8.952806e+00 -5.839620e+01 1.977648e+01
   vertex 5.804066e+00 -5.714002e+01 1.710000e+01
   vertex -1.207784e+01 -3.812674e+01 1.870000e+01
  endloop
 endfacet
 facet normal 6.324556e-01 6.324556e-01 -4.472134e-01
  outer loop
   vertex -5.536646e+01 4.030509e+00 1.710000e+01
   vertex -1.549932e+01 -3.470526e+01 1.870000e+01
   vertex -1.715989e+01 -3.417607e+01 1.710000e+01
  endloop
 endfacet
 facet normal 7.071064e-01 -7.071071e-01 0.000000e+00
  outer loop
   vertex -5.395225e+01 5.444722e+00 1.030801e+01
   vertex -5.536646e+01 4.030509e+00 1.710000e+01
   vertex -5.536646e+01 4.030509e+00 1.332119e+01
  endloop
 endfacet
 facet normal 7.071064e-01 -7.071071e-01 0.000000e+00
  outer loop
   vertex -5.536646e+01 4.030509e+00 1.710000e+01
   vertex -5.395225e+01 5.444722e+00 1.030801e+01
   vertex -5.395225e+01 5.444722e+00 2.110000e+01
  endloop
 endfacet
 facet normal 0.000000e+00 0.000000e+00 1.000000e+00
  outer loop
   vertex -1.886587e+01 -3.256020e+01 2.000000e+00
   vertex -1.896433e+01 -3.237162e+01 2.000000e+00
   vertex -2.283955e+01 -2.849640e+01 2.000000e+00
  endloop
 endfacet
 facet normal 0.000000e+00 0.000000e+00 1.000000e+00
  outer loop
   vertex -1.873997e+01 -3.273168e+01 2.000000e+00
   vertex -1.886587e+01 -3.256020e+01 2.000000e+00
   vertex -2.283955e+01 -2.849640e+01 2.000000e+00
  endloop
 endfacet
 facet normal 0.000000e+00 0.000000e+00 1.000000e+00
  outer loop
   vertex -2.283955e+01 -2.849640e+01 2.000000e+00
   vertex -1.045497e+01 -5.005295e+01 2.000000e+00
   vertex -1.873997e+01 -3.273168e+01 2.000000e+00
  endloop
 endfacet
 facet normal -0.000000e+00 0.000000e+00 1.000000e+00
  outer loop
   vertex -3.256435e+01 -3.822121e+01 2.000000e+00
   vertex -1.538997e+01 -5.005295e+01 2.000000e+00
   vertex -2.283955e+01 -2.849640e+01 2.000000e+00
  endloop
 endfacet
 facet normal 0.000000e+00 0.000000e+00 1.000000e+00
  outer loop
   vertex -1.858954e+01 -3.288211e+01 2.000000e+00
   vertex -1.873997e+01 -3.273168e+01 2.000000e+00
   vertex -1.045497e+01 -5.005295e+01 2.000000e+00
  endloop
 endfacet
 facet normal 0.000000e+00 0.000000e+00 1.000000e+00
  outer loop
   vertex -5.868986e+00 -4.546696e+01 2.000000e+00
   vertex -1.822948e+01 -3.310647e+01 2.000000e+00
   vertex -1.841806e+01 -3.300800e+01 2.000000e+00
  endloop
 endfacet
 facet normal 0.000000e+00 -0.000000e+00 1.000000e+00
  outer loop
   vertex -1.045497e+01 -5.005295e+01 2.000000e+00
   vertex -5.868986e+00 -4.546696e+01 2.000000e+00
   vertex -1.841806e+01 -3.300800e+01 2.000000e+00
  endloop
 endfacet
 facet normal 0.000000e+00 0.000000e+00 1.000000e+00
  outer loop
   vertex -3.256435e+01 -3.822121e+01 2.000000e+00
   vertex -2.451043e+01 -4.627513e+01 2.000000e+00
   vertex -1.538997e+01 -5.005295e+01 2.000000e+00
  endloop
 endfacet
 facet normal 0.000000e+00 -0.000000e+00 1.000000e+00
  outer loop
   vertex -1.538997e+01 -5.005295e+01 2.000000e+00
   vertex -1.045497e+01 -5.005295e+01 2.000000e+00
   vertex -2.283955e+01 -2.849640e+01 2.000000e+00
  endloop
 endfacet
 facet normal 0.000000e+00 0.000000e+00 1.000000e+00
  outer loop
   vertex -1.045497e+01 -5.005295e+01 2.000000e+00
   vertex -1.841806e+01 -3.300800e+01 2.000000e+00
   vertex -1.858954e+01 -3.288211e+01 2.000000e+00
  endloop
 endfacet
 facet normal 7.071068e-01 7.071067e-01 5.318537e-08
  outer loop
   vertex -5.868986e+00 -4.546696e+01 8.800000e+00
   vertex -1.154865e+01 -3.978730e+01 1.710000e+01
   vertex 5.804066e+00 -5.714002e+01 1.710000e+01
  endloop
 endfacet
 facet normal 7.071069e-01 7.071067e-01 0.000000e+00
  outer loop
   vertex -1.283004e+00 -5.005295e+01 2.000000e+00
   vertex -5.868986e+00 -4.546696e+01 2.000000e+00
   vertex -5.868986e+00 -4.546696e+01 8.800000e+00
  endloop
 endfacet
 facet normal 7.071069e-01 7.071067e-01 -4.787506e-08
  outer loop
   vertex 5.804066e+00 -5.714002e+01 1.710000e+01
   vertex -1.283004e+00 -5.005295e+01 2.000000e+00
   vertex -5.868986e+00 -4.546696e+01 8.800000e+00
  endloop
 endfacet
 facet normal -7.071069e-01 7.071067e-01 0.000000e+00
  outer loop
   vertex -5.868986e+00 -4.546696e+01 8.800000e+00
   vertex -5.868986e+00 -4.546696e+01 2.000000e+00
   vertex -1.045497e+01 -5.005295e+01 2.000000e+00
  endloop
 endfacet
 facet normal -7.071068e-01 7.071067e-01 -1.579944e-06
  outer loop
   vertex -1.343593e+01 -5.303391e+01 8.800000e+00
   vertex -5.868986e+00 -4.546696e+01 8.800000e+00
   vertex -1.324068e+01 -5.283866e+01 7.935350e+00
  endloop
 endfacet
 facet normal -7.071069e-01 7.071066e-01 9.329196e-08
  outer loop
   vertex -1.045497e+01 -5.005295e+01 2.000000e+00
   vertex -1.324068e+01 -5.283866e+01 7.935350e+00
   vertex -5.868986e+00 -4.546696e+01 8.800000e+00
  endloop
 endfacet
 facet normal -5.081285e-01 5.081284e-01 -6.954214e-01
  outer loop
   vertex -1.343593e+01 -5.303391e+01 8.800000e+00
   vertex -1.154865e+01 -3.978730e+01 1.710000e+01
   vertex -5.868986e+00 -4.546696e+01 8.800000e+00
  endloop
 endfacet
 facet normal -5.081285e-01 5.081284e-01 -6.954214e-01
  outer loop
   vertex -2.823602e+01 -5.086343e+01 2.120000e+01
   vertex -1.154865e+01 -3.978730e+01 1.710000e+01
   vertex -1.343593e+01 -5.303391e+01 8.800000e+00
  endloop
 endfacet
 facet normal -5.081286e-01 5.081287e-01 -6.954212e-01
  outer loop
   vertex -1.154865e+01 -3.978730e+01 1.710000e+01
   vertex -2.823602e+01 -5.086343e+01 2.120000e+01
   vertex -1.378858e+01 -3.641600e+01 2.120000e+01
  endloop
 endfacet
 facet normal -5.081262e-01 5.081306e-01 -6.954215e-01
  outer loop
   vertex -1.207784e+01 -3.812674e+01 1.870000e+01
   vertex -1.154865e+01 -3.978730e+01 1.710000e+01
   vertex -1.378858e+01 -3.641600e+01 2.120000e+01
  endloop
 endfacet
 facet normal 5.081283e-01 -5.081284e-01 -6.954215e-01
  outer loop
   vertex -1.715989e+01 -3.417607e+01 1.710000e+01
   vertex -1.378858e+01 -3.641600e+01 2.120000e+01
   vertex -2.823602e+01 -5.086343e+01 2.120000e+01
  endloop
 endfacet
 facet normal 5.081287e-01 -5.081280e-01 -6.954216e-01
  outer loop
   vertex -1.549932e+01 -3.470526e+01 1.870000e+01
   vertex -1.378858e+01 -3.641600e+01 2.120000e+01
   vertex -1.715989e+01 -3.417607e+01 1.710000e+01
  endloop
 endfacet
 facet normal 5.081285e-01 -5.081284e-01 -6.954214e-01
  outer loop
   vertex -3.482110e+01 -4.047796e+01 8.800000e+00
   vertex -2.283955e+01 -2.849640e+01 8.800000e+00
   vertex -1.715989e+01 -3.417607e+01 1.710000e+01
  endloop
 endfacet
 facet normal 5.081284e-01 -5.081286e-01 -6.954214e-01
  outer loop
   vertex -3.482110e+01 -4.047796e+01 8.800000e+00
   vertex -2.823602e+01 -5.086343e+01 2.120000e+01
   vertex -3.245523e+01 -4.729970e+01 1.551318e+01
  endloop
 endfacet
 facet normal 5.081285e-01 -5.081285e-01 -6.954214e-01
  outer loop
   vertex -1.715989e+01 -3.417607e+01 1.710000e+01
   vertex -2.823602e+01 -5.086343e+01 2.120000e+01
   vertex -3.482110e+01 -4.047796e+01 8.800000e+00
  endloop
 endfacet
 facet normal 7.071068e-01 -7.071067e-01 3.735741e-08
  outer loop
   vertex -3.482110e+01 -4.047796e+01 8.800000e+00
   vertex -3.256435e+01 -3.822121e+01 2.000000e+00
   vertex -2.283955e+01 -2.849640e+01 8.800000e+00
  endloop
 endfacet
 facet normal 0.000000e+00 0.000000e+00 1.000000e+00
  outer loop
   vertex -4.419418e+01 1.803122e+01 3.000000e+00
   vertex -5.052229e+01 1.170311e+01 3.000000e+00
   vertex 1.502785e+01 -5.052229e+01 3.000000e+00
  endloop
 endfacet
 facet normal 0.000000e+00 0.000000e+00 1.000000e+00
  outer loop
   vertex -3.131410e+01 2.524296e+01 3.000000e+00
   vertex -3.154851e+01 2.553328e+01 3.000000e+00
   vertex -3.783021e+01 2.439518e+01 3.000000e+00
  endloop
 endfacet
 facet normal 0.000000e+00 0.000000e+00 1.000000e+00
  outer loop
   vertex -3.173050e+01 2.585904e+01 3.000000e+00
   vertex -3.783021e+01 2.439518e+01 3.000000e+00
   vertex -3.154851e+01 2.553328e+01 3.000000e+00
  endloop
 endfacet
 facet normal 0.000000e+00 0.000000e+00 1.000000e+00
  outer loop
   vertex 2.509836e+01 -4.635095e+01 3.000000e+00
   vertex -3.783021e+01 2.439518e+01 3.000000e+00
   vertex -4.419418e+01 1.803122e+01 3.000000e+00
  endloop
 endfacet
 facet normal 0.000000e+00 0.000000e+00 1.000000e+00
  outer loop
   vertex -3.783021e+01 2.439518e+01 3.000000e+00
   vertex -3.103399e+01 2.499643e+01 3.000000e+00
   vertex -3.131410e+01 2.524296e+01 3.000000e+00
  endloop
 endfacet
 facet normal 0.000000e+00 0.000000e+00 1.000000e+00
  outer loop
   vertex -3.783021e+01 2.439518e+01 3.000000e+00
   vertex -3.191787e+01 2.695180e+01 3.000000e+00
   vertex -3.185480e+01 2.731958e+01 3.000000e+00
  endloop
 endfacet
 facet normal 0.000000e+00 0.000000e+00 1.000000e+00
  outer loop
   vertex -3.783021e+01 2.439518e+01 3.000000e+00
   vertex -3.185480e+01 2.731958e+01 3.000000e+00
   vertex -3.173050e+01 2.767141e+01 3.000000e+00
  endloop
 endfacet
 facet normal 0.000000e+00 0.000000e+00 1.000000e+00
  outer loop
   vertex -3.783021e+01 2.439518e+01 3.000000e+00
   vertex -3.173050e+01 2.585904e+01 3.000000e+00
   vertex -3.185480e+01 2.621087e+01 3.000000e+00
  endloop
 endfacet
 facet normal 0.000000e+00 0.000000e+00 1.000000e+00
  outer loop
   vertex -3.783021e+01 2.439518e+01 3.000000e+00
   vertex -3.185480e+01 2.621087e+01 3.000000e+00
   vertex -3.191787e+01 2.657865e+01 3.000000e+00
  endloop
 endfacet
 facet normal 0.000000e+00 0.000000e+00 1.000000e+00
  outer loop
   vertex -3.783021e+01 2.439518e+01 3.000000e+00
   vertex -3.191787e+01 2.657865e+01 3.000000e+00
   vertex -3.191787e+01 2.695180e+01 3.000000e+00
  endloop
 endfacet
 facet normal 0.000000e+00 -0.000000e+00 1.000000e+00
  outer loop
   vertex -3.173050e+01 2.767141e+01 3.000000e+00
   vertex -3.154851e+01 2.799717e+01 3.000000e+00
   vertex -3.783021e+01 2.439518e+01 3.000000e+00
  endloop
 endfacet
 facet normal 0.000000e+00 -0.000000e+00 1.000000e+00
  outer loop
   vertex 1.502785e+01 -5.052229e+01 3.000000e+00
   vertex 2.509836e+01 -4.635095e+01 3.000000e+00
   vertex -4.419418e+01 1.803122e+01 3.000000e+00
  endloop
 endfacet
 facet normal 0.000000e+00 0.000000e+00 1.000000e+00
  outer loop
   vertex -3.071624e+01 2.480079e+01 3.000000e+00
   vertex -3.103399e+01 2.499643e+01 3.000000e+00
   vertex -3.783021e+01 2.439518e+01 3.000000e+00
  endloop
 endfacet
 facet normal 0.000000e+00 0.000000e+00 1.000000e+00
  outer loop
   vertex -3.783021e+01 2.439518e+01 3.000000e+00
   vertex -3.037000e+01 2.466166e+01 3.000000e+00
   vertex -3.071624e+01 2.480079e+01 3.000000e+00
  endloop
 endfacet
 facet normal -0.000000e+00 0.000000e+00 1.000000e+00
  outer loop
   vertex -5.052229e+01 3.428979e+00 3.000000e+00
   vertex 3.428979e+00 -5.052229e+01 3.000000e+00
   vertex -5.052229e+01 1.170311e+01 3.000000e+00
  endloop
 endfacet
 facet normal 0.000000e+00 -0.000000e+00 1.000000e+00
  outer loop
   vertex 3.428979e+00 -5.052229e+01 3.000000e+00
   vertex 1.502785e+01 -5.052229e+01 3.000000e+00
   vertex -5.052229e+01 1.170311e+01 3.000000e+00
  endloop
 endfacet
 facet normal -0.000000e+00 0.000000e+00 1.000000e+00
  outer loop
   vertex -3.783021e+01 2.439518e+01 3.000000e+00
   vertex 2.509836e+01 -4.635095e+01 3.000000e+00
   vertex -3.037000e+01 2.466166e+01 3.000000e+00
  endloop
 endfacet
 facet normal 0.000000e+00 0.000000e+00 1.000000e+00
  outer loop
   vertex 2.509836e+01 -4.635095e+01 3.000000e+00
   vertex -2.963242e+01 2.456721e+01 3.000000e+00
   vertex -3.000523e+01 2.458304e+01 3.000000e+00
  endloop
 endfacet
 facet normal 0.000000e+00 0.000000e+00 1.000000e+00
  outer loop
   vertex 2.509836e+01 -4.635095e+01 3.000000e+00
   vertex -3.000523e+01 2.458304e+01 3.000000e+00
   vertex -3.037000e+01 2.466166e+01 3.000000e+00
  endloop
 endfacet
 facet normal 0.000000e+00 0.000000e+00 1.000000e+00
  outer loop
   vertex 4.017943e+01 -3.126988e+01 3.000000e+00
   vertex -2.890551e+01 2.472387e+01 3.000000e+00
   vertex 2.509836e+01 -4.635095e+01 3.000000e+00
  endloop
 endfacet
 facet normal 0.000000e+00 0.000000e+00 1.000000e+00
  outer loop
   vertex 2.509836e+01 -4.635095e+01 3.000000e+00
   vertex -2.890551e+01 2.472387e+01 3.000000e+00
   vertex -2.926230e+01 2.461460e+01 3.000000e+00
  endloop
 endfacet
 facet normal 0.000000e+00 0.000000e+00 1.000000e+00
  outer loop
   vertex 2.509836e+01 -4.635095e+01 3.000000e+00
   vertex -2.926230e+01 2.461460e+01 3.000000e+00
   vertex -2.963242e+01 2.456721e+01 3.000000e+00
  endloop
 endfacet
 facet normal 0.000000e+00 0.000000e+00 1.000000e+00
  outer loop
   vertex -2.857232e+01 2.489186e+01 3.000000e+00
   vertex -2.890551e+01 2.472387e+01 3.000000e+00
   vertex 4.017943e+01 -3.126988e+01 3.000000e+00
  endloop
 endfacet
 facet normal 0.000000e+00 0.000000e+00 1.000000e+00
  outer loop
   vertex -2.665793e+01 3.556747e+01 3.000000e+00
   vertex -3.131410e+01 2.828749e+01 3.000000e+00
   vertex -3.103399e+01 2.853402e+01 3.000000e+00
  endloop
 endfacet
 facet normal 0.000000e+00 0.000000e+00 1.000000e+00
  outer loop
   vertex -2.665793e+01 3.556747e+01 3.000000e+00
   vertex -3.071624e+01 2.872966e+01 3.000000e+00
   vertex -3.037000e+01 2.886879e+01 3.000000e+00
  endloop
 endfacet
 facet normal 0.000000e+00 -0.000000e+00 1.000000e+00
  outer loop
   vertex -3.071624e+01 2.872966e+01 3.000000e+00
   vertex -2.665793e+01 3.556747e+01 3.000000e+00
   vertex -3.103399e+01 2.853402e+01 3.000000e+00
  endloop
 endfacet
 facet normal 0.000000e+00 0.000000e+00 1.000000e+00
  outer loop
   vertex -3.131410e+01 2.828749e+01 3.000000e+00
   vertex -3.783021e+01 2.439518e+01 3.000000e+00
   vertex -3.154851e+01 2.799717e+01 3.000000e+00
  endloop
 endfacet
 facet normal 0.000000e+00 -0.000000e+00 1.000000e+00
  outer loop
   vertex -2.963242e+01 2.896324e+01 3.000000e+00
   vertex -2.665793e+01 3.556747e+01 3.000000e+00
   vertex -3.000523e+01 2.894740e+01 3.000000e+00
  endloop
 endfacet
 facet normal 0.000000e+00 0.000000e+00 1.000000e+00
  outer loop
   vertex -3.037000e+01 2.886879e+01 3.000000e+00
   vertex -3.000523e+01 2.894740e+01 3.000000e+00
   vertex -2.665793e+01 3.556747e+01 3.000000e+00
  endloop
 endfacet
 facet normal 0.000000e+00 -0.000000e+00 1.000000e+00
  outer loop
   vertex -2.926230e+01 2.891585e+01 3.000000e+00
   vertex -2.665793e+01 3.556747e+01 3.000000e+00
   vertex -2.963242e+01 2.896324e+01 3.000000e+00
  endloop
 endfacet
 facet normal 0.000000e+00 0.000000e+00 1.000000e+00
  outer loop
   vertex -2.665793e+01 3.556747e+01 3.000000e+00
   vertex -2.926230e+01 2.891585e+01 3.000000e+00
   vertex -2.890551e+01 2.880658e+01 3.000000e+00
  endloop
 endfacet
 facet normal 0.000000e+00 0.000000e+00 1.000000e+00
  outer loop
   vertex -2.665793e+01 3.556747e+01 3.000000e+00
   vertex -2.890551e+01 2.880658e+01 3.000000e+00
   vertex -2.857232e+01 2.863859e+01 3.000000e+00
  endloop
 endfacet
 facet normal -0.000000e+00 0.000000e+00 1.000000e+00
  outer loop
   vertex -2.857232e+01 2.863859e+01 3.000000e+00
   vertex -2.827231e+01 2.841670e+01 3.000000e+00
   vertex -2.665793e+01 3.556747e+01 3.000000e+00
  endloop
 endfacet
 facet normal 0.000000e+00 -0.000000e+00 1.000000e+00
  outer loop
   vertex -3.131410e+01 2.828749e+01 3.000000e+00
   vertex -2.665793e+01 3.556747e+01 3.000000e+00
   vertex -3.783021e+01 2.439518e+01 3.000000e+00
  endloop
 endfacet
 facet normal 0.000000e+00 0.000000e+00 1.000000e+00
  outer loop
   vertex 4.017943e+01 -3.126988e+01 3.000000e+00
   vertex -2.752579e+01 2.676522e+01 3.000000e+00
   vertex -2.755744e+01 2.639342e+01 3.000000e+00
  endloop
 endfacet
 facet normal 0.000000e+00 0.000000e+00 1.000000e+00
  outer loop
   vertex 4.017943e+01 -3.126988e+01 3.000000e+00
   vertex -2.755744e+01 2.639342e+01 3.000000e+00
   vertex -2.765146e+01 2.603232e+01 3.000000e+00
  endloop
 endfacet
 facet normal 0.000000e+00 0.000000e+00 1.000000e+00
  outer loop
   vertex 4.017943e+01 -3.126988e+01 3.000000e+00
   vertex -2.780516e+01 2.569230e+01 3.000000e+00
   vertex -2.801411e+01 2.538314e+01 3.000000e+00
  endloop
 endfacet
 facet normal 0.000000e+00 0.000000e+00 1.000000e+00
  outer loop
   vertex 4.017943e+01 -3.126988e+01 3.000000e+00
   vertex -2.801411e+01 2.538314e+01 3.000000e+00
   vertex -2.827231e+01 2.511374e+01 3.000000e+00
  endloop
 endfacet
 facet normal -0.000000e+00 0.000000e+00 1.000000e+00
  outer loop
   vertex -2.780516e+01 2.569230e+01 3.000000e+00
   vertex 4.017943e+01 -3.126988e+01 3.000000e+00
   vertex -2.765146e+01 2.603232e+01 3.000000e+00
  endloop
 endfacet
 facet normal 0.000000e+00 -0.000000e+00 1.000000e+00
  outer loop
   vertex -2.801411e+01 2.814731e+01 3.000000e+00
   vertex -2.665793e+01 3.556747e+01 3.000000e+00
   vertex -2.827231e+01 2.841670e+01 3.000000e+00
  endloop
 endfacet
 facet normal 0.000000e+00 -0.000000e+00 1.000000e+00
  outer loop
   vertex -2.780516e+01 2.783815e+01 3.000000e+00
   vertex -2.665793e+01 3.556747e+01 3.000000e+00
   vertex -2.801411e+01 2.814731e+01 3.000000e+00
  endloop
 endfacet
 facet normal 0.000000e+00 0.000000e+00 1.000000e+00
  outer loop
   vertex 4.017943e+01 -3.126988e+01 3.000000e+00
   vertex -2.765146e+01 2.749813e+01 3.000000e+00
   vertex -2.755744e+01 2.713703e+01 3.000000e+00
  endloop
 endfacet
 facet normal 0.000000e+00 0.000000e+00 1.000000e+00
  outer loop
   vertex -2.665793e+01 3.556747e+01 3.000000e+00
   vertex -2.780516e+01 2.783815e+01 3.000000e+00
   vertex -2.765146e+01 2.749813e+01 3.000000e+00
  endloop
 endfacet
 facet normal -0.000000e+00 -0.000000e+00 1.000000e+00
  outer loop
   vertex -2.752579e+01 2.676522e+01 3.000000e+00
   vertex 4.017943e+01 -3.126988e+01 3.000000e+00
   vertex -2.755744e+01 2.713703e+01 3.000000e+00
  endloop
 endfacet
 facet normal 0.000000e+00 0.000000e+00 1.000000e+00
  outer loop
   vertex 4.017943e+01 -3.126988e+01 3.000000e+00
   vertex -2.665793e+01 3.556747e+01 3.000000e+00
   vertex -2.765146e+01 2.749813e+01 3.000000e+00
  endloop
 endfacet
 facet normal -0.000000e+00 0.000000e+00 1.000000e+00
  outer loop
   vertex -2.857232e+01 2.489186e+01 3.000000e+00
   vertex 4.017943e+01 -3.126988e+01 3.000000e+00
   vertex -2.827231e+01 2.511374e+01 3.000000e+00
  endloop
 endfacet
 facet normal 4.947759e-01 4.947758e-01 7.144184e-01
  outer loop
   vertex -3.633677e+00 1.565140e+00 3.612065e+01
   vertex -2.524371e+01 3.981011e+01 2.460000e+01
   vertex -4.319830e+00 1.723008e+00 3.648652e+01
  endloop
 endfacet
 facet normal 4.947748e-01 4.947755e-01 7.144194e-01
  outer loop
   vertex -4.996228e+00 1.813966e+00 3.689196e+01
   vertex -4.319830e+00 1.723008e+00 3.648652e+01
   vertex -2.524371e+01 3.981011e+01 2.460000e+01
  endloop
 endfacet
 facet normal 4.947756e-01 4.947757e-01 7.144187e-01
  outer loop
   vertex -2.524371e+01 3.981011e+01 2.460000e+01
   vertex -5.656854e+00 1.843146e+00 3.732928e+01
   vertex -4.996228e+00 1.813966e+00 3.689196e+01
  endloop
 endfacet
 facet normal 4.947767e-01 4.947760e-01 7.144178e-01
  outer loop
   vertex -2.524371e+01 3.981011e+01 2.460000e+01
   vertex -6.449784e+00 1.801150e+00 3.790751e+01
   vertex -5.656854e+00 1.843146e+00 3.732928e+01
  endloop
 endfacet
 facet normal 4.947742e-01 4.947755e-01 7.144198e-01
  outer loop
   vertex -6.449784e+00 1.801150e+00 3.790751e+01
   vertex -2.524371e+01 3.981011e+01 2.460000e+01
   vertex -7.212049e+00 1.680132e+00 3.851923e+01
  endloop
 endfacet
 facet normal 4.947800e-01 4.947773e-01 7.144145e-01
  outer loop
   vertex -2.524371e+01 3.981011e+01 2.460000e+01
   vertex -9.465693e-01 1.795158e-01 3.521930e+01
   vertex -3.535534e-01 -3.535534e-01 3.517778e+01
  endloop
 endfacet
 facet normal 4.947723e-01 4.947745e-01 7.144218e-01
  outer loop
   vertex -2.524371e+01 3.981011e+01 2.460000e+01
   vertex -1.585803e+00 6.420776e-01 3.534165e+01
   vertex -9.465693e-01 1.795158e-01 3.521930e+01
  endloop
 endfacet
 facet normal 4.947773e-01 4.947762e-01 7.144172e-01
  outer loop
   vertex -2.524371e+01 3.981011e+01 2.460000e+01
   vertex -2.943785e+00 1.335231e+00 3.580208e+01
   vertex -2.256057e+00 1.027798e+00 3.553870e+01
  endloop
 endfacet
 facet normal 4.947763e-01 4.947759e-01 7.144181e-01
  outer loop
   vertex -2.524371e+01 3.981011e+01 2.460000e+01
   vertex -3.633677e+00 1.565140e+00 3.612065e+01
   vertex -2.943785e+00 1.335231e+00 3.580208e+01
  endloop
 endfacet
 facet normal 4.947759e-01 4.947758e-01 7.144185e-01
  outer loop
   vertex -2.256057e+00 1.027798e+00 3.553870e+01
   vertex -1.585803e+00 6.420776e-01 3.534165e+01
   vertex -2.524371e+01 3.981011e+01 2.460000e+01
  endloop
 endfacet
 facet normal 4.947757e-01 4.947757e-01 7.144186e-01
  outer loop
   vertex 4.927018e+01 -3.470378e+01 2.460000e+01
   vertex -2.524371e+01 3.981011e+01 2.460000e+01
   vertex -3.535534e-01 -3.535534e-01 3.517778e+01
  endloop
 endfacet
 facet normal 4.947749e-01 4.947749e-01 7.144197e-01
  outer loop
   vertex -4.195844e+00 -1.189702e+00 3.841787e+01
   vertex -4.685291e+00 -1.058339e+00 3.866586e+01
   vertex -1.189702e+00 -4.195844e+00 3.841787e+01
  endloop
 endfacet
 facet normal 4.947765e-01 4.947765e-01 7.144175e-01
  outer loop
   vertex -1.189702e+00 -4.195844e+00 3.841787e+01
   vertex -3.722836e+00 -1.373214e+00 3.821737e+01
   vertex -4.195844e+00 -1.189702e+00 3.841787e+01
  endloop
 endfacet
 facet normal 4.947771e-01 4.947773e-01 7.144166e-01
  outer loop
   vertex -4.685291e+00 -1.058339e+00 3.866586e+01
   vertex -5.168387e+00 -9.823090e-01 3.894778e+01
   vertex -1.058326e+00 -4.685347e+00 3.866589e+01
  endloop
 endfacet
 facet normal 4.947532e-01 4.947541e-01 7.144492e-01
  outer loop
   vertex -1.956708e+00 -2.758765e+00 3.795380e+01
   vertex -2.333452e+00 -2.333452e+00 3.792017e+01
   vertex -2.549957e+00 -2.130213e+00 3.792935e+01
  endloop
 endfacet
 facet normal 4.947782e-01 4.947765e-01 7.144164e-01
  outer loop
   vertex -2.776945e+00 -1.942541e+00 3.795658e+01
   vertex -1.956708e+00 -2.758765e+00 3.795380e+01
   vertex -2.549957e+00 -2.130213e+00 3.792935e+01
  endloop
 endfacet
 facet normal 4.947730e-01 4.947739e-01 7.144218e-01
  outer loop
   vertex -3.258631e+00 -1.614760e+00 3.806317e+01
   vertex -1.637990e+00 -3.219904e+00 3.805244e+01
   vertex -2.776945e+00 -1.942541e+00 3.795658e+01
  endloop
 endfacet
 facet normal 4.947860e-01 4.947843e-01 7.144055e-01
  outer loop
   vertex -1.956708e+00 -2.758765e+00 3.795380e+01
   vertex -2.776945e+00 -1.942541e+00 3.795658e+01
   vertex -1.637990e+00 -3.219904e+00 3.805244e+01
  endloop
 endfacet
 facet normal 4.947776e-01 4.947775e-01 7.144161e-01
  outer loop
   vertex -3.258631e+00 -1.614760e+00 3.806317e+01
   vertex -3.722836e+00 -1.373214e+00 3.821737e+01
   vertex -1.382288e+00 -3.702862e+00 3.820982e+01
  endloop
 endfacet
 facet normal 4.947736e-01 4.947731e-01 7.144219e-01
  outer loop
   vertex -9.822990e-01 -5.168456e+00 3.894781e+01
   vertex -5.168387e+00 -9.823090e-01 3.894778e+01
   vertex -5.640353e+00 -9.569131e-01 3.925705e+01
  endloop
 endfacet
 facet normal 4.947758e-01 4.947757e-01 7.144186e-01
  outer loop
   vertex -7.212049e+00 1.680132e+00 3.851923e+01
   vertex -2.524371e+01 3.981011e+01 2.460000e+01
   vertex -4.242641e+01 2.262742e+01 4.840000e+01
  endloop
 endfacet
 facet normal 4.947728e-01 4.947714e-01 7.144236e-01
  outer loop
   vertex 4.834468e+01 -4.055833e+01 2.929557e+01
   vertex 1.795158e-01 -9.465693e-01 3.521930e+01
   vertex 6.420776e-01 -1.585803e+00 3.534165e+01
  endloop
 endfacet
 facet normal 4.947763e-01 4.947763e-01 7.144178e-01
  outer loop
   vertex 4.419418e+01 -4.419418e+01 3.468806e+01
   vertex 1.335231e+00 -2.943785e+00 3.580208e+01
   vertex 1.565140e+00 -3.633677e+00 3.612065e+01
  endloop
 endfacet
 facet normal 4.947769e-01 4.947774e-01 7.144166e-01
  outer loop
   vertex 4.711424e+01 -4.106699e+01 3.050000e+01
   vertex 1.027798e+00 -2.256057e+00 3.553870e+01
   vertex 1.335231e+00 -2.943785e+00 3.580208e+01
  endloop
 endfacet
 facet normal 4.947759e-01 4.947759e-01 7.144184e-01
  outer loop
   vertex 4.711424e+01 -4.106699e+01 3.050000e+01
   vertex 6.420776e-01 -1.585803e+00 3.534165e+01
   vertex 1.027798e+00 -2.256057e+00 3.553870e+01
  endloop
 endfacet
 facet normal 4.947758e-01 4.947759e-01 7.144184e-01
  outer loop
   vertex 4.834468e+01 -4.055833e+01 2.929557e+01
   vertex 6.420776e-01 -1.585803e+00 3.534165e+01
   vertex 4.711424e+01 -4.106699e+01 3.050000e+01
  endloop
 endfacet
 facet normal 4.947758e-01 4.947758e-01 7.144185e-01
  outer loop
   vertex 1.795158e-01 -9.465693e-01 3.521930e+01
   vertex 4.834468e+01 -4.055833e+01 2.929557e+01
   vertex 4.927018e+01 -3.470378e+01 2.460000e+01
  endloop
 endfacet
 facet normal 4.947759e-01 4.947759e-01 7.144184e-01
  outer loop
   vertex 4.787485e+01 -4.182760e+01 3.050000e+01
   vertex 4.834468e+01 -4.055833e+01 2.929557e+01
   vertex 4.711424e+01 -4.106699e+01 3.050000e+01
  endloop
 endfacet
 facet normal 4.947757e-01 4.947757e-01 7.144187e-01
  outer loop
   vertex 4.419418e+01 -4.419418e+01 3.468806e+01
   vertex 4.711424e+01 -4.106699e+01 3.050000e+01
   vertex 1.335231e+00 -2.943785e+00 3.580208e+01
  endloop
 endfacet
 facet normal 4.947750e-01 4.947749e-01 7.144197e-01
  outer loop
   vertex 1.813966e+00 -4.996228e+00 3.689196e+01
   vertex 4.419418e+01 -4.419418e+01 3.468806e+01
   vertex 1.723008e+00 -4.319830e+00 3.648652e+01
  endloop
 endfacet
 facet normal 4.947759e-01 4.947759e-01 7.144183e-01
  outer loop
   vertex 1.723008e+00 -4.319830e+00 3.648652e+01
   vertex 4.419418e+01 -4.419418e+01 3.468806e+01
   vertex 1.565140e+00 -3.633677e+00 3.612065e+01
  endloop
 endfacet
 facet normal 4.947781e-01 4.947807e-01 7.144136e-01
  outer loop
   vertex -3.535534e-01 -3.535534e-01 3.517778e+01
   vertex 1.795158e-01 -9.465693e-01 3.521930e+01
   vertex 4.927018e+01 -3.470378e+01 2.460000e+01
  endloop
 endfacet
 facet normal 4.947723e-01 4.947732e-01 7.144227e-01
  outer loop
   vertex -1.637990e+00 -3.219904e+00 3.805244e+01
   vertex -3.258631e+00 -1.614760e+00 3.806317e+01
   vertex -1.382288e+00 -3.702862e+00 3.820982e+01
  endloop
 endfacet
 facet normal 4.947770e-01 4.947769e-01 7.144170e-01
  outer loop
   vertex -1.382288e+00 -3.702862e+00 3.820982e+01
   vertex -3.722836e+00 -1.373214e+00 3.821737e+01
   vertex -1.189702e+00 -4.195844e+00 3.841787e+01
  endloop
 endfacet
 facet normal 4.947758e-01 4.947761e-01 7.144183e-01
  outer loop
   vertex -4.685291e+00 -1.058339e+00 3.866586e+01
   vertex -1.058326e+00 -4.685347e+00 3.866589e+01
   vertex -1.189702e+00 -4.195844e+00 3.841787e+01
  endloop
 endfacet
 facet normal 4.947740e-01 4.947736e-01 7.144213e-01
  outer loop
   vertex -1.058326e+00 -4.685347e+00 3.866589e+01
   vertex -5.168387e+00 -9.823090e-01 3.894778e+01
   vertex -9.822990e-01 -5.168456e+00 3.894781e+01
  endloop
 endfacet
 facet normal 4.947773e-01 4.947776e-01 7.144162e-01
  outer loop
   vertex -5.640353e+00 -9.569131e-01 3.925705e+01
   vertex -9.569114e-01 -5.640401e+00 3.925708e+01
   vertex -9.822990e-01 -5.168456e+00 3.894781e+01
  endloop
 endfacet
 facet normal 4.947766e-01 4.947765e-01 7.144175e-01
  outer loop
   vertex 4.163921e+01 -4.660929e+01 3.813013e+01
   vertex 1.843146e+00 -5.656854e+00 3.732928e+01
   vertex 1.801150e+00 -6.449784e+00 3.790751e+01
  endloop
 endfacet
 facet normal 4.947758e-01 4.947758e-01 7.144185e-01
  outer loop
   vertex 4.419418e+01 -4.419418e+01 3.468806e+01
   vertex 1.843146e+00 -5.656854e+00 3.732928e+01
   vertex 4.163921e+01 -4.660929e+01 3.813013e+01
  endloop
 endfacet
 facet normal 4.947759e-01 4.947759e-01 7.144184e-01
  outer loop
   vertex 1.680132e+00 -7.212049e+00 3.851923e+01
   vertex 1.230860e+00 -8.624916e+00 3.980887e+01
   vertex 4.163921e+01 -4.660929e+01 3.813013e+01
  endloop
 endfacet
 facet normal 4.947746e-01 4.947746e-01 7.144201e-01
  outer loop
   vertex 1.801150e+00 -6.449784e+00 3.790751e+01
   vertex 1.680132e+00 -7.212049e+00 3.851923e+01
   vertex 4.163921e+01 -4.660929e+01 3.813013e+01
  endloop
 endfacet
 facet normal 4.947757e-01 4.947757e-01 7.144187e-01
  outer loop
   vertex 1.813966e+00 -4.996228e+00 3.689196e+01
   vertex 1.843146e+00 -5.656854e+00 3.732928e+01
   vertex 4.419418e+01 -4.419418e+01 3.468806e+01
  endloop
 endfacet
 facet normal 4.947757e-01 4.947757e-01 7.144186e-01
  outer loop
   vertex -9.774538e-01 -6.096412e+00 3.958712e+01
   vertex -9.569114e-01 -5.640401e+00 3.925708e+01
   vertex -6.096412e+00 -9.774538e-01 3.958712e+01
  endloop
 endfacet
 facet normal 4.947773e-01 4.947776e-01 7.144162e-01
  outer loop
   vertex -6.096412e+00 -9.774538e-01 3.958712e+01
   vertex -9.569114e-01 -5.640401e+00 3.925708e+01
   vertex -5.640353e+00 -9.569131e-01 3.925705e+01
  endloop
 endfacet
 facet normal 4.947757e-01 4.947756e-01 7.144187e-01
  outer loop
   vertex -4.242641e+01 2.262742e+01 4.840000e+01
   vertex -9.877923e+00 5.425470e-01 4.115335e+01
   vertex -8.624916e+00 1.230860e+00 3.980887e+01
  endloop
 endfacet
 facet normal 4.947760e-01 4.947761e-01 7.144182e-01
  outer loop
   vertex -4.242641e+01 2.262742e+01 4.840000e+01
   vertex -1.185626e+01 -1.435785e+00 4.389357e+01
   vertex -1.096016e+01 -3.535534e-01 4.252346e+01
  endloop
 endfacet
 facet normal 4.947759e-01 4.947759e-01 7.144184e-01
  outer loop
   vertex -1.096016e+01 -3.535534e-01 4.252346e+01
   vertex -9.877923e+00 5.425470e-01 4.115335e+01
   vertex -4.242641e+01 2.262742e+01 4.840000e+01
  endloop
 endfacet
 facet normal 4.947759e-01 4.947759e-01 7.144184e-01
  outer loop
   vertex -6.934198e+00 -1.133758e+00 4.027559e+01
   vertex -1.132941e+00 -6.931298e+00 4.027301e+01
   vertex -6.096412e+00 -9.774538e-01 3.958712e+01
  endloop
 endfacet
 facet normal 4.947749e-01 4.947750e-01 7.144197e-01
  outer loop
   vertex -6.934198e+00 -1.133758e+00 4.027559e+01
   vertex -7.698313e+00 -1.423363e+00 4.100535e+01
   vertex -1.420853e+00 -7.693099e+00 4.100000e+01
  endloop
 endfacet
 facet normal 4.947755e-01 4.947753e-01 7.144191e-01
  outer loop
   vertex -8.980256e+00 -2.333452e+00 4.252346e+01
   vertex -9.486142e+00 -2.931684e+00 4.328812e+01
   vertex -1.420853e+00 -7.693099e+00 4.100000e+01
  endloop
 endfacet
 facet normal 4.947755e-01 4.947753e-01 7.144191e-01
  outer loop
   vertex -1.420853e+00 -7.693099e+00 4.100000e+01
   vertex -8.376860e+00 -1.823896e+00 4.175267e+01
   vertex -8.980256e+00 -2.333452e+00 4.252346e+01
  endloop
 endfacet
 facet normal 4.947764e-01 4.947765e-01 7.144176e-01
  outer loop
   vertex -1.420853e+00 -7.693099e+00 4.100000e+01
   vertex -7.698313e+00 -1.423363e+00 4.100535e+01
   vertex -8.376860e+00 -1.823896e+00 4.175267e+01
  endloop
 endfacet
 facet normal 4.947767e-01 4.947761e-01 7.144177e-01
  outer loop
   vertex -9.486142e+00 -2.931684e+00 4.328812e+01
   vertex -9.890346e+00 -3.615395e+00 4.404156e+01
   vertex -3.441336e+00 -1.282212e+01 4.595144e+01
  endloop
 endfacet
 facet normal 4.947760e-01 4.947761e-01 7.144182e-01
  outer loop
   vertex -4.242641e+01 2.262742e+01 4.840000e+01
   vertex -1.299384e+01 -4.101659e+00 4.652768e+01
   vertex -1.254457e+01 -2.688793e+00 4.523804e+01
  endloop
 endfacet
 facet normal 4.947748e-01 4.947747e-01 7.144199e-01
  outer loop
   vertex -1.315685e+01 -5.656854e+00 4.771764e+01
   vertex -1.311486e+01 -4.863925e+00 4.713940e+01
   vertex -4.242641e+01 2.262742e+01 4.840000e+01
  endloop
 endfacet
 facet normal 4.947760e-01 4.947761e-01 7.144182e-01
  outer loop
   vertex -1.299384e+01 -4.101659e+00 4.652768e+01
   vertex -4.242641e+01 2.262742e+01 4.840000e+01
   vertex -1.311486e+01 -4.863925e+00 4.713940e+01
  endloop
 endfacet
 facet normal 4.947765e-01 4.947765e-01 7.144176e-01
  outer loop
   vertex -1.308148e+01 -6.717515e+00 4.840000e+01
   vertex -1.315685e+01 -5.656854e+00 4.771764e+01
   vertex -4.242641e+01 2.262742e+01 4.840000e+01
  endloop
 endfacet
 facet normal 4.947742e-01 4.947747e-01 7.144204e-01
  outer loop
   vertex -1.017995e+01 -4.379511e+00 4.477133e+01
   vertex -1.033626e+01 -5.217297e+00 4.545979e+01
   vertex -5.913639e+00 -1.034982e+01 4.595144e+01
  endloop
 endfacet
 facet normal 4.947755e-01 4.947756e-01 7.144189e-01
  outer loop
   vertex -1.033626e+01 -5.217297e+00 4.545979e+01
   vertex -1.035680e+01 -5.673307e+00 4.578983e+01
   vertex -5.913639e+00 -1.034982e+01 4.595144e+01
  endloop
 endfacet
 facet normal 4.947780e-01 4.947779e-01 7.144156e-01
  outer loop
   vertex -5.913639e+00 -1.034982e+01 4.595144e+01
   vertex -1.035680e+01 -5.673307e+00 4.578983e+01
   vertex -1.033141e+01 -6.145252e+00 4.609910e+01
  endloop
 endfacet
 facet normal 4.947766e-01 4.947759e-01 7.144178e-01
  outer loop
   vertex -5.913639e+00 -1.034982e+01 4.595144e+01
   vertex -9.890346e+00 -3.615395e+00 4.404156e+01
   vertex -1.017995e+01 -4.379511e+00 4.477133e+01
  endloop
 endfacet
 facet normal 4.947756e-01 4.947755e-01 7.144189e-01
  outer loop
   vertex -4.242641e+01 2.262742e+01 4.840000e+01
   vertex -1.254457e+01 -2.688793e+00 4.523804e+01
   vertex -1.185626e+01 -1.435785e+00 4.389357e+01
  endloop
 endfacet
 facet normal 4.947759e-01 4.947759e-01 7.144184e-01
  outer loop
   vertex -4.242641e+01 2.262742e+01 4.840000e+01
   vertex -8.624916e+00 1.230860e+00 3.980887e+01
   vertex -7.212049e+00 1.680132e+00 3.851923e+01
  endloop
 endfacet
 facet normal 4.947770e-01 4.947766e-01 7.144171e-01
  outer loop
   vertex -1.033141e+01 -6.145252e+00 4.609910e+01
   vertex -1.025538e+01 -6.628362e+00 4.638103e+01
   vertex -6.509940e+00 -1.027881e+01 4.631524e+01
  endloop
 endfacet
 facet normal 4.947757e-01 4.947756e-01 7.144187e-01
  outer loop
   vertex -9.890346e+00 -3.615395e+00 4.404156e+01
   vertex -5.913639e+00 -1.034982e+01 4.595144e+01
   vertex -3.441336e+00 -1.282212e+01 4.595144e+01
  endloop
 endfacet
 facet normal 4.947753e-01 4.947753e-01 7.144192e-01
  outer loop
   vertex -6.934198e+00 -1.133758e+00 4.027559e+01
   vertex -1.420853e+00 -7.693099e+00 4.100000e+01
   vertex -1.132941e+00 -6.931298e+00 4.027301e+01
  endloop
 endfacet
 facet normal 4.947753e-01 4.947748e-01 7.144196e-01
  outer loop
   vertex -6.509940e+00 -1.027881e+01 4.631524e+01
   vertex -1.025538e+01 -6.628362e+00 4.638103e+01
   vertex -7.117865e+00 -1.012401e+01 4.662905e+01
  endloop
 endfacet
 facet normal 4.947761e-01 4.947758e-01 7.144183e-01
  outer loop
   vertex -1.033141e+01 -6.145252e+00 4.609910e+01
   vertex -6.509940e+00 -1.027881e+01 4.631524e+01
   vertex -5.913639e+00 -1.034982e+01 4.595144e+01
  endloop
 endfacet
 facet normal 4.947762e-01 4.947762e-01 7.144180e-01
  outer loop
   vertex -7.590872e+00 -9.940495e+00 4.682954e+01
   vertex -7.117865e+00 -1.012401e+01 4.662905e+01
   vertex -1.012401e+01 -7.117865e+00 4.662905e+01
  endloop
 endfacet
 facet normal 4.947727e-01 4.947727e-01 7.144228e-01
  outer loop
   vertex -7.117865e+00 -1.012401e+01 4.662905e+01
   vertex -1.025538e+01 -6.628362e+00 4.638103e+01
   vertex -1.012401e+01 -7.117865e+00 4.662905e+01
  endloop
 endfacet
 facet normal 4.947756e-01 4.947755e-01 7.144189e-01
  outer loop
   vertex 6.310164e-01 -9.744969e+00 4.100000e+01
   vertex -1.420853e+00 -7.693099e+00 4.100000e+01
   vertex -9.486142e+00 -2.931684e+00 4.328812e+01
  endloop
 endfacet
 facet normal 4.947759e-01 4.947759e-01 7.144184e-01
  outer loop
   vertex 3.894822e+01 -4.888033e+01 4.156662e+01
   vertex 1.230860e+00 -8.624916e+00 3.980887e+01
   vertex 6.310164e-01 -9.744969e+00 4.100000e+01
  endloop
 endfacet
 facet normal 4.947759e-01 4.947759e-01 7.144184e-01
  outer loop
   vertex 3.894822e+01 -4.888033e+01 4.156662e+01
   vertex 6.310164e-01 -9.744969e+00 4.100000e+01
   vertex 3.612464e+01 -5.100255e+01 4.499187e+01
  endloop
 endfacet
 facet normal 4.947757e-01 4.947757e-01 7.144187e-01
  outer loop
   vertex -3.441336e+00 -1.282212e+01 4.595144e+01
   vertex 3.612464e+01 -5.100255e+01 4.499187e+01
   vertex 6.310164e-01 -9.744969e+00 4.100000e+01
  endloop
 endfacet
 facet normal 4.947759e-01 4.947760e-01 7.144183e-01
  outer loop
   vertex -3.441336e+00 -1.282212e+01 4.595144e+01
   vertex 3.317167e+01 -5.297066e+01 4.840000e+01
   vertex 3.612464e+01 -5.100255e+01 4.499187e+01
  endloop
 endfacet
 facet normal 4.947757e-01 4.947757e-01 7.144186e-01
  outer loop
   vertex -9.486142e+00 -2.931684e+00 4.328812e+01
   vertex -3.441336e+00 -1.282212e+01 4.595144e+01
   vertex 6.310164e-01 -9.744969e+00 4.100000e+01
  endloop
 endfacet
 facet normal 4.947757e-01 4.947757e-01 7.144187e-01
  outer loop
   vertex 4.163921e+01 -4.660929e+01 3.813013e+01
   vertex 1.230860e+00 -8.624916e+00 3.980887e+01
   vertex 3.894822e+01 -4.888033e+01 4.156662e+01
  endloop
 endfacet
 facet normal 4.947809e-01 4.947802e-01 7.144120e-01
  outer loop
   vertex -9.675719e+00 -8.093804e+00 4.699448e+01
   vertex -8.055078e+00 -9.698949e+00 4.698375e+01
   vertex -9.931420e+00 -7.610847e+00 4.683709e+01
  endloop
 endfacet
 facet normal 4.947768e-01 4.947748e-01 7.144185e-01
  outer loop
   vertex -9.357000e+00 -8.554943e+00 4.709311e+01
   vertex -8.536764e+00 -9.371167e+00 4.709033e+01
   vertex -9.675719e+00 -8.093804e+00 4.699448e+01
  endloop
 endfacet
 facet normal 4.947714e-01 4.947705e-01 7.144252e-01
  outer loop
   vertex -8.536764e+00 -9.371167e+00 4.709033e+01
   vertex -8.055078e+00 -9.698949e+00 4.698375e+01
   vertex -9.675719e+00 -8.093804e+00 4.699448e+01
  endloop
 endfacet
 facet normal 4.947497e-01 4.947513e-01 7.144535e-01
  outer loop
   vertex -8.763752e+00 -9.183495e+00 4.711756e+01
   vertex -9.357000e+00 -8.554943e+00 4.709311e+01
   vertex -8.980256e+00 -8.980256e+00 4.712675e+01
  endloop
 endfacet
 facet normal 4.947832e-01 4.947813e-01 7.144096e-01
  outer loop
   vertex -8.536764e+00 -9.371167e+00 4.709033e+01
   vertex -9.357000e+00 -8.554943e+00 4.709311e+01
   vertex -8.763752e+00 -9.183495e+00 4.711756e+01
  endloop
 endfacet
 facet normal 4.947771e-01 4.947771e-01 7.144167e-01
  outer loop
   vertex -9.931420e+00 -7.610847e+00 4.683709e+01
   vertex -8.055078e+00 -9.698949e+00 4.698375e+01
   vertex -7.590872e+00 -9.940495e+00 4.682954e+01
  endloop
 endfacet
 facet normal 4.947765e-01 4.947765e-01 7.144176e-01
  outer loop
   vertex 3.317167e+01 -5.297066e+01 4.840000e+01
   vertex -5.656854e+00 -1.315685e+01 4.771764e+01
   vertex -6.717515e+00 -1.308148e+01 4.840000e+01
  endloop
 endfacet
 facet normal 4.947756e-01 4.947757e-01 7.144187e-01
  outer loop
   vertex -4.514364e+00 -1.306936e+01 4.686580e+01
   vertex -5.656854e+00 -1.315685e+01 4.771764e+01
   vertex 3.317167e+01 -5.297066e+01 4.840000e+01
  endloop
 endfacet
 facet normal 4.947761e-01 4.947762e-01 7.144180e-01
  outer loop
   vertex -3.441336e+00 -1.282212e+01 4.595144e+01
   vertex -4.514364e+00 -1.306936e+01 4.686580e+01
   vertex 3.317167e+01 -5.297066e+01 4.840000e+01
  endloop
 endfacet
 facet normal 4.947763e-01 4.947763e-01 7.144179e-01
  outer loop
   vertex -1.012401e+01 -7.117865e+00 4.662905e+01
   vertex -9.931420e+00 -7.610847e+00 4.683709e+01
   vertex -7.590872e+00 -9.940495e+00 4.682954e+01
  endloop
 endfacet
 facet normal 4.947758e-01 4.947758e-01 7.144185e-01
  outer loop
   vertex -6.096412e+00 -9.774538e-01 3.958712e+01
   vertex -1.132941e+00 -6.931298e+00 4.027301e+01
   vertex -9.774538e-01 -6.096412e+00 3.958712e+01
  endloop
 endfacet
 facet normal -5.157957e-01 -5.157957e-01 -6.840392e-01
  outer loop
   vertex 4.777701e+01 -3.615648e+01 2.180855e+01
   vertex -2.524371e+01 3.698169e+01 2.172000e+01
   vertex 4.779141e+01 -3.605344e+01 2.172000e+01
  endloop
 endfacet
 facet normal -5.157931e-01 -5.157931e-01 -6.840432e-01
  outer loop
   vertex 4.489820e+01 -4.480424e+01 3.050000e+01
   vertex 4.424113e+01 -4.414717e+01 3.050000e+01
   vertex 4.777701e+01 -3.615648e+01 2.180855e+01
  endloop
 endfacet
 facet normal -5.157931e-01 -5.157931e-01 -6.840432e-01
  outer loop
   vertex -2.524371e+01 3.698169e+01 2.172000e+01
   vertex 4.777701e+01 -3.615648e+01 2.180855e+01
   vertex 4.424113e+01 -4.414717e+01 3.050000e+01
  endloop
 endfacet
 facet normal -5.157944e-01 -5.157940e-01 -6.840414e-01
  outer loop
   vertex 4.424113e+01 -4.414717e+01 3.050000e+01
   vertex 4.419418e+01 -4.419418e+01 3.057085e+01
   vertex -2.524371e+01 3.698169e+01 2.172000e+01
  endloop
 endfacet
 facet normal -5.157932e-01 -5.157932e-01 -6.840430e-01
  outer loop
   vertex 3.317167e+01 -5.297066e+01 4.550000e+01
   vertex -4.101219e+01 2.121320e+01 4.550000e+01
   vertex 3.612602e+01 -5.100158e+01 4.178755e+01
  endloop
 endfacet
 facet normal -5.157930e-01 -5.157930e-01 -6.840432e-01
  outer loop
   vertex 3.894972e+01 -4.887913e+01 3.805798e+01
   vertex 3.612602e+01 -5.100158e+01 4.178755e+01
   vertex -4.101219e+01 2.121320e+01 4.550000e+01
  endloop
 endfacet
 facet normal -5.157930e-01 -5.157930e-01 -6.840432e-01
  outer loop
   vertex -2.524371e+01 3.698169e+01 2.172000e+01
   vertex 4.419418e+01 -4.419418e+01 3.057085e+01
   vertex 4.164010e+01 -4.660850e+01 3.431720e+01
  endloop
 endfacet
 facet normal -5.157931e-01 -5.157931e-01 -6.840431e-01
  outer loop
   vertex 3.894972e+01 -4.887913e+01 3.805798e+01
   vertex -4.101219e+01 2.121320e+01 4.550000e+01
   vertex 4.164010e+01 -4.660850e+01 3.431720e+01
  endloop
 endfacet
 facet normal -5.157931e-01 -5.157931e-01 -6.840431e-01
  outer loop
   vertex -4.101219e+01 2.121320e+01 4.550000e+01
   vertex -2.524371e+01 3.698169e+01 2.172000e+01
   vertex 4.164010e+01 -4.660850e+01 3.431720e+01
  endloop
 endfacet
 facet normal 0.000000e+00 0.000000e+00 1.000000e+00
  outer loop
   vertex 4.570364e+01 -4.263129e+01 3.050000e+01
   vertex 4.424113e+01 -4.414717e+01 3.050000e+01
   vertex 4.489820e+01 -4.480424e+01 3.050000e+01
  endloop
 endfacet
 facet normal 0.000000e+00 0.000000e+00 1.000000e+00
  outer loop
   vertex 4.787485e+01 -4.182760e+01 3.050000e+01
   vertex 4.711424e+01 -4.106699e+01 3.050000e+01
   vertex 4.570364e+01 -4.263129e+01 3.050000e+01
  endloop
 endfacet
 facet normal 0.000000e+00 0.000000e+00 1.000000e+00
  outer loop
   vertex 4.489820e+01 -4.480424e+01 3.050000e+01
   vertex 4.787485e+01 -4.182760e+01 3.050000e+01
   vertex 4.570364e+01 -4.263129e+01 3.050000e+01
  endloop
 endfacet
 facet normal 3.698524e-01 -9.290304e-01 1.056795e-02
  outer loop
   vertex 2.509645e+01 -5.723998e+01 3.985070e+01
   vertex 2.222692e+01 -5.841422e+01 3.705016e+01
   vertex 2.405437e+01 -5.768568e+01 3.713917e+01
  endloop
 endfacet
 facet normal 4.204793e-01 -9.072926e-01 4.154453e-03
  outer loop
   vertex 2.585481e+01 -5.690149e+01 3.701884e+01
   vertex 2.787963e+01 -5.593718e+01 4.268047e+01
   vertex 2.509645e+01 -5.723998e+01 3.985070e+01
  endloop
 endfacet
 facet normal 3.991695e-01 -9.168732e-01 -2.697362e-03
  outer loop
   vertex 2.405437e+01 -5.768568e+01 3.713917e+01
   vertex 2.585481e+01 -5.690149e+01 3.701884e+01
   vertex 2.509645e+01 -5.723998e+01 3.985070e+01
  endloop
 endfacet
 facet normal 4.530921e-01 -8.914052e-01 -1.021514e-02
  outer loop
   vertex 2.959981e+01 -5.504634e+01 4.124155e+01
   vertex 2.787963e+01 -5.593718e+01 4.268047e+01
   vertex 2.585481e+01 -5.690149e+01 3.701884e+01
  endloop
 endfacet
 facet normal 4.633528e-01 -8.861581e-01 5.299555e-03
  outer loop
   vertex 3.057263e+01 -5.451200e+01 4.553255e+01
   vertex 2.787963e+01 -5.593718e+01 4.268047e+01
   vertex 2.959981e+01 -5.504634e+01 4.124155e+01
  endloop
 endfacet
 facet normal 5.545943e-01 -8.321209e-01 0.000000e+00
  outer loop
   vertex 3.317167e+01 -5.297066e+01 4.840000e+01
   vertex 3.317167e+01 -5.297066e+01 4.550000e+01
   vertex 3.612464e+01 -5.100255e+01 4.499187e+01
  endloop
 endfacet
 facet normal 5.099936e-01 -8.601360e-01 -8.514941e-03
  outer loop
   vertex 3.317167e+01 -5.297066e+01 4.550000e+01
   vertex 3.057263e+01 -5.451200e+01 4.553255e+01
   vertex 2.959981e+01 -5.504634e+01 4.124155e+01
  endloop
 endfacet
 facet normal 5.100910e-01 -8.601204e-01 0.000000e+00
  outer loop
   vertex 3.057263e+01 -5.451200e+01 4.553255e+01
   vertex 3.317167e+01 -5.297066e+01 4.550000e+01
   vertex 3.317167e+01 -5.297066e+01 4.840000e+01
  endloop
 endfacet
 facet normal 5.545925e-01 -8.321221e-01 -1.459626e-05
  outer loop
   vertex 3.612464e+01 -5.100255e+01 4.499187e+01
   vertex 3.317167e+01 -5.297066e+01 4.550000e+01
   vertex 3.612602e+01 -5.100158e+01 4.178755e+01
  endloop
 endfacet
 facet normal 6.869455e-01 -7.267089e-01 0.000000e+00
  outer loop
   vertex 4.419418e+01 -4.419418e+01 3.057085e+01
   vertex 4.419418e+01 -4.419418e+01 3.468806e+01
   vertex 4.164010e+01 -4.660850e+01 3.431720e+01
  endloop
 endfacet
 facet normal 7.075086e-01 -7.067048e-01 0.000000e+00
  outer loop
   vertex 4.419418e+01 -4.419418e+01 3.468806e+01
   vertex 4.419418e+01 -4.419418e+01 3.057085e+01
   vertex 4.424113e+01 -4.414717e+01 3.050000e+01
  endloop
 endfacet
 facet normal 7.196605e-01 -6.943261e-01 2.751863e-04
  outer loop
   vertex 4.424113e+01 -4.414717e+01 3.050000e+01
   vertex 4.570364e+01 -4.263129e+01 3.050000e+01
   vertex 4.419418e+01 -4.419418e+01 3.468806e+01
  endloop
 endfacet
 facet normal 7.425319e-01 -6.695754e-01 1.775491e-02
  outer loop
   vertex 4.711424e+01 -4.106699e+01 3.050000e+01
   vertex 4.419418e+01 -4.419418e+01 3.468806e+01
   vertex 4.570364e+01 -4.263129e+01 3.050000e+01
  endloop
 endfacet
 facet normal 6.008348e-01 -7.993733e-01 1.531278e-05
  outer loop
   vertex 3.612464e+01 -5.100255e+01 4.499187e+01
   vertex 3.612602e+01 -5.100158e+01 4.178755e+01
   vertex 3.894822e+01 -4.888033e+01 4.156662e+01
  endloop
 endfacet
 facet normal 6.008332e-01 -7.993744e-01 -1.552052e-05
  outer loop
   vertex 3.894972e+01 -4.887913e+01 3.805798e+01
   vertex 3.894822e+01 -4.888033e+01 4.156662e+01
   vertex 3.612602e+01 -5.100158e+01 4.178755e+01
  endloop
 endfacet
 facet normal 6.449676e-01 -7.642099e-01 -8.036982e-06
  outer loop
   vertex 3.894972e+01 -4.887913e+01 3.805798e+01
   vertex 4.164010e+01 -4.660850e+01 3.431720e+01
   vertex 4.163921e+01 -4.660929e+01 3.813013e+01
  endloop
 endfacet
 facet normal 6.869448e-01 -7.267096e-01 9.593924e-06
  outer loop
   vertex 4.419418e+01 -4.419418e+01 3.468806e+01
   vertex 4.163921e+01 -4.660929e+01 3.813013e+01
   vertex 4.164010e+01 -4.660850e+01 3.431720e+01
  endloop
 endfacet
 facet normal 6.449672e-01 -7.642103e-01 1.538981e-05
  outer loop
   vertex 3.894822e+01 -4.888033e+01 4.156662e+01
   vertex 3.894972e+01 -4.887913e+01 3.805798e+01
   vertex 4.163921e+01 -4.660929e+01 3.813013e+01
  endloop
 endfacet
 facet normal -9.052525e-01 -0.000000e+00 -4.248741e-01
  outer loop
   vertex -5.005295e+01 2.959636e+00 2.000000e+00
   vertex -4.911426e+01 -5.050116e+00 0.000000e+00
   vertex -5.005295e+01 -1.283004e+00 2.000000e+00
  endloop
 endfacet
 facet normal -9.052528e-01 -4.109947e-07 -4.248734e-01
  outer loop
   vertex -5.536646e+01 4.030509e+00 1.332119e+01
   vertex -5.005295e+01 -1.283004e+00 2.000000e+00
   vertex -4.911426e+01 -5.050116e+00 0.000000e+00
  endloop
 endfacet
 facet normal -9.052525e-01 -0.000000e+00 -4.248741e-01
  outer loop
   vertex -4.911426e+01 1.593956e+01 0.000000e+00
   vertex -4.911426e+01 -5.050116e+00 0.000000e+00
   vertex -5.005295e+01 2.959636e+00 2.000000e+00
  endloop
 endfacet
 facet normal -9.052531e-01 0.000000e+00 -4.248727e-01
  outer loop
   vertex -5.005295e+01 2.959636e+00 2.000000e+00
   vertex -5.052229e+01 3.428979e+00 3.000000e+00
   vertex -5.052229e+01 1.170311e+01 3.000000e+00
  endloop
 endfacet
 facet normal -9.052529e-01 -9.463301e-07 -4.248731e-01
  outer loop
   vertex -5.960910e+01 5.444722e+00 2.236073e+01
   vertex -5.536646e+01 4.030509e+00 1.332119e+01
   vertex -4.911426e+01 -5.050116e+00 0.000000e+00
  endloop
 endfacet
 facet normal -9.052525e-01 0.000000e+00 -4.248739e-01
  outer loop
   vertex -5.536646e+01 4.030509e+00 1.332119e+01
   vertex -5.536646e+01 6.858936e+00 1.332119e+01
   vertex -5.395225e+01 5.444722e+00 1.030801e+01
  endloop
 endfacet
 facet normal -9.052529e-01 9.463301e-07 -4.248731e-01
  outer loop
   vertex -4.911426e+01 1.593956e+01 0.000000e+00
   vertex -5.536646e+01 6.858936e+00 1.332119e+01
   vertex -5.960910e+01 5.444722e+00 2.236073e+01
  endloop
 endfacet
 facet normal -9.052526e-01 -1.116719e-07 -4.248737e-01
  outer loop
   vertex -4.911426e+01 1.593956e+01 0.000000e+00
   vertex -5.052229e+01 1.170311e+01 3.000000e+00
   vertex -5.536646e+01 6.858936e+00 1.332119e+01
  endloop
 endfacet
 facet normal -9.052527e-01 1.133450e-07 -4.248735e-01
  outer loop
   vertex -5.005295e+01 2.959636e+00 2.000000e+00
   vertex -5.052229e+01 1.170311e+01 3.000000e+00
   vertex -4.911426e+01 1.593956e+01 0.000000e+00
  endloop
 endfacet
 facet normal -9.052528e-01 0.000000e+00 -4.248733e-01
  outer loop
   vertex -5.960910e+01 5.444722e+00 2.236073e+01
   vertex -5.536646e+01 6.858936e+00 1.332119e+01
   vertex -5.536646e+01 4.030509e+00 1.332119e+01
  endloop
 endfacet
 facet normal -6.401106e-01 -6.401106e-01 -4.248726e-01
  outer loop
   vertex -3.256435e+01 -3.822121e+01 2.000000e+00
   vertex -2.333457e+01 -4.612349e+01 0.000000e+00
   vertex -2.451043e+01 -4.627513e+01 2.000000e+00
  endloop
 endfacet
 facet normal -6.401100e-01 -6.401107e-01 -4.248735e-01
  outer loop
   vertex -3.663357e+01 -3.946199e+01 1.000000e+01
   vertex -3.331482e+01 -3.614324e+01 0.000000e+00
   vertex -3.256435e+01 -3.822121e+01 2.000000e+00
  endloop
 endfacet
 facet normal -6.401106e-01 -6.401104e-01 -4.248731e-01
  outer loop
   vertex -2.333457e+01 -4.612349e+01 0.000000e+00
   vertex -3.256435e+01 -3.822121e+01 2.000000e+00
   vertex -3.331482e+01 -3.614324e+01 0.000000e+00
  endloop
 endfacet
 facet normal -6.401095e-01 -6.401116e-01 -4.248729e-01
  outer loop
   vertex -3.440200e+01 -4.620818e+01 1.680167e+01
   vertex -3.245523e+01 -4.729970e+01 1.551318e+01
   vertex -3.321278e+01 -4.739739e+01 1.680167e+01
  endloop
 endfacet
 facet normal -6.401102e-01 -6.401104e-01 -4.248737e-01
  outer loop
   vertex -3.663357e+01 -3.946199e+01 1.000000e+01
   vertex -3.482110e+01 -4.047796e+01 8.800000e+00
   vertex -3.440200e+01 -4.620818e+01 1.680167e+01
  endloop
 endfacet
 facet normal -6.401097e-01 -6.401107e-01 -4.248739e-01
  outer loop
   vertex -3.245523e+01 -4.729970e+01 1.551318e+01
   vertex -3.440200e+01 -4.620818e+01 1.680167e+01
   vertex -3.482110e+01 -4.047796e+01 8.800000e+00
  endloop
 endfacet
 facet normal -6.401102e-01 -6.401105e-01 -4.248736e-01
  outer loop
   vertex -3.256435e+01 -3.822121e+01 2.000000e+00
   vertex -3.482110e+01 -4.047796e+01 8.800000e+00
   vertex -3.663357e+01 -3.946199e+01 1.000000e+01
  endloop
 endfacet
 facet normal -3.670417e-01 -8.861169e-01 -2.829792e-01
  outer loop
   vertex -1.538997e+01 -5.005295e+01 2.000000e+00
   vertex -2.451043e+01 -4.627513e+01 2.000000e+00
   vertex -2.333457e+01 -4.612349e+01 0.000000e+00
  endloop
 endfacet
 facet normal -3.670411e-01 -8.861166e-01 -2.829810e-01
  outer loop
   vertex -2.333457e+01 -4.612349e+01 0.000000e+00
   vertex -1.611420e+01 -4.911426e+01 0.000000e+00
   vertex -1.538997e+01 -5.005295e+01 2.000000e+00
  endloop
 endfacet
 facet normal -3.670411e-01 -8.861168e-01 -2.829804e-01
  outer loop
   vertex -2.823602e+01 -5.086343e+01 2.120000e+01
   vertex -2.885556e+01 -5.175462e+01 2.479420e+01
   vertex -3.321278e+01 -4.739739e+01 1.680167e+01
  endloop
 endfacet
 facet normal -3.670413e-01 -8.861167e-01 -2.829802e-01
  outer loop
   vertex -3.245523e+01 -4.729970e+01 1.551318e+01
   vertex -2.823602e+01 -5.086343e+01 2.120000e+01
   vertex -3.321278e+01 -4.739739e+01 1.680167e+01
  endloop
 endfacet
 facet normal -3.670418e-01 -8.861165e-01 -2.829804e-01
  outer loop
   vertex -1.230591e+01 -5.405022e+01 1.051676e+01
   vertex -2.885556e+01 -5.175462e+01 2.479420e+01
   vertex -2.823602e+01 -5.086343e+01 2.120000e+01
  endloop
 endfacet
 facet normal -3.670439e-01 -8.861163e-01 -2.829783e-01
  outer loop
   vertex -1.324068e+01 -5.283866e+01 7.935350e+00
   vertex -1.230591e+01 -5.405022e+01 1.051676e+01
   vertex -1.343593e+01 -5.303391e+01 8.800000e+00
  endloop
 endfacet
 facet normal -3.670415e-01 -8.861167e-01 -2.829801e-01
  outer loop
   vertex -1.343593e+01 -5.303391e+01 8.800000e+00
   vertex -1.230591e+01 -5.405022e+01 1.051676e+01
   vertex -2.823602e+01 -5.086343e+01 2.120000e+01
  endloop
 endfacet
 facet normal 0.000000e+00 -9.052525e-01 -4.248741e-01
  outer loop
   vertex -1.611420e+01 -4.911426e+01 0.000000e+00
   vertex -1.045497e+01 -5.005295e+01 2.000000e+00
   vertex -1.538997e+01 -5.005295e+01 2.000000e+00
  endloop
 endfacet
 facet normal 4.883654e-07 -9.052528e-01 -4.248733e-01
  outer loop
   vertex -1.138128e+01 -5.380769e+01 1.000000e+01
   vertex -1.045497e+01 -5.005295e+01 2.000000e+00
   vertex -6.687856e+00 -4.911426e+01 0.000000e+00
  endloop
 endfacet
 facet normal 0.000000e+00 -9.052525e-01 -4.248741e-01
  outer loop
   vertex -1.611420e+01 -4.911426e+01 0.000000e+00
   vertex -6.687856e+00 -4.911426e+01 0.000000e+00
   vertex -1.045497e+01 -5.005295e+01 2.000000e+00
  endloop
 endfacet
 facet normal 9.609847e-07 -9.052529e-01 -4.248731e-01
  outer loop
   vertex -1.138128e+01 -5.380769e+01 1.000000e+01
   vertex -1.230591e+01 -5.405022e+01 1.051676e+01
   vertex -1.324068e+01 -5.283866e+01 7.935350e+00
  endloop
 endfacet
 facet normal 1.211405e-06 -9.052528e-01 -4.248733e-01
  outer loop
   vertex -1.045497e+01 -5.005295e+01 2.000000e+00
   vertex -1.138128e+01 -5.380769e+01 1.000000e+01
   vertex -1.324068e+01 -5.283866e+01 7.935350e+00
  endloop
 endfacet
 facet normal 0.000000e+00 -9.052525e-01 -4.248741e-01
  outer loop
   vertex -1.283004e+00 -5.005295e+01 2.000000e+00
   vertex -5.050116e+00 -4.911426e+01 0.000000e+00
   vertex 2.959636e+00 -5.005295e+01 2.000000e+00
  endloop
 endfacet
 facet normal -0.000000e+00 -9.052525e-01 -4.248741e-01
  outer loop
   vertex 1.611420e+01 -4.911426e+01 0.000000e+00
   vertex 2.959636e+00 -5.005295e+01 2.000000e+00
   vertex -5.050116e+00 -4.911426e+01 0.000000e+00
  endloop
 endfacet
 facet normal -5.008066e-07 -9.052528e-01 -4.248733e-01
  outer loop
   vertex 5.804066e+00 -5.714002e+01 1.710000e+01
   vertex -5.050116e+00 -4.911426e+01 0.000000e+00
   vertex -1.283004e+00 -5.005295e+01 2.000000e+00
  endloop
 endfacet
 facet normal 9.191629e-08 -9.052527e-01 -4.248736e-01
  outer loop
   vertex -5.050116e+00 -4.911426e+01 0.000000e+00
   vertex 5.804066e+00 -5.714002e+01 1.710000e+01
   vertex 6.495707e+00 -6.066009e+01 2.460000e+01
  endloop
 endfacet
 facet normal 2.152139e-07 -9.052527e-01 -4.248736e-01
  outer loop
   vertex 7.972428e+00 -5.930838e+01 2.172000e+01
   vertex 6.495707e+00 -6.066009e+01 2.460000e+01
   vertex 5.804066e+00 -5.714002e+01 1.710000e+01
  endloop
 endfacet
 facet normal 0.000000e+00 -9.052531e-01 -4.248727e-01
  outer loop
   vertex 3.428979e+00 -5.052229e+01 3.000000e+00
   vertex 2.959636e+00 -5.005295e+01 2.000000e+00
   vertex 1.502785e+01 -5.052229e+01 3.000000e+00
  endloop
 endfacet
 facet normal 4.199096e-07 -9.052526e-01 -4.248737e-01
  outer loop
   vertex 7.972428e+00 -5.930838e+01 2.172000e+01
   vertex 5.804066e+00 -5.714002e+01 1.710000e+01
   vertex 8.952806e+00 -5.839620e+01 1.977648e+01
  endloop
 endfacet
 facet normal 3.771762e-07 -9.052526e-01 -4.248738e-01
  outer loop
   vertex 7.093067e+00 -6.080663e+01 2.491222e+01
   vertex 6.495707e+00 -6.066009e+01 2.460000e+01
   vertex 8.202603e+00 -5.936855e+01 2.184819e+01
  endloop
 endfacet
 facet normal 3.048401e-06 -9.052532e-01 -4.248724e-01
  outer loop
   vertex 7.972428e+00 -5.930838e+01 2.172000e+01
   vertex 8.202603e+00 -5.936855e+01 2.184819e+01
   vertex 6.495707e+00 -6.066009e+01 2.460000e+01
  endloop
 endfacet
 facet normal -0.000000e+00 -9.052526e-01 -4.248739e-01
  outer loop
   vertex 8.249024e+00 -5.930838e+01 2.172000e+01
   vertex 7.972428e+00 -5.930838e+01 2.172000e+01
   vertex 8.952806e+00 -5.839620e+01 1.977648e+01
  endloop
 endfacet
 facet normal 9.260317e-08 -9.052527e-01 -4.248736e-01
  outer loop
   vertex 1.611420e+01 -4.911426e+01 0.000000e+00
   vertex 1.502785e+01 -5.052229e+01 3.000000e+00
   vertex 2.959636e+00 -5.005295e+01 2.000000e+00
  endloop
 endfacet
 facet normal 3.670416e-01 -8.861171e-01 -2.829788e-01
  outer loop
   vertex 9.913437e+00 -5.842096e+01 2.110000e+01
   vertex 1.005344e+01 -5.856097e+01 2.172000e+01
   vertex 8.249024e+00 -5.930838e+01 2.172000e+01
  endloop
 endfacet
 facet normal 3.670406e-01 -8.861168e-01 -2.829810e-01
  outer loop
   vertex 8.249024e+00 -5.930838e+01 2.172000e+01
   vertex 8.952806e+00 -5.839620e+01 1.977648e+01
   vertex 9.913437e+00 -5.842096e+01 2.110000e+01
  endloop
 endfacet
 facet normal 3.670412e-01 -8.861167e-01 -2.829805e-01
  outer loop
   vertex 2.333457e+01 -4.612349e+01 0.000000e+00
   vertex 1.502785e+01 -5.052229e+01 3.000000e+00
   vertex 1.611420e+01 -4.911426e+01 0.000000e+00
  endloop
 endfacet
 facet normal 3.670415e-01 -8.861168e-01 -2.829798e-01
  outer loop
   vertex 1.502785e+01 -5.052229e+01 3.000000e+00
   vertex 2.333457e+01 -4.612349e+01 0.000000e+00
   vertex 2.509836e+01 -4.635095e+01 3.000000e+00
  endloop
 endfacet
 facet normal 6.401104e-01 -6.401104e-01 -4.248735e-01
  outer loop
   vertex 2.333457e+01 -4.612349e+01 0.000000e+00
   vertex 4.201223e+01 -2.744583e+01 0.000000e+00
   vertex 4.017943e+01 -3.126988e+01 3.000000e+00
  endloop
 endfacet
 facet normal 6.401104e-01 -6.401103e-01 -4.248734e-01
  outer loop
   vertex 4.734087e+01 -3.277447e+01 1.605615e+01
   vertex 4.017943e+01 -3.126988e+01 3.000000e+00
   vertex 4.201223e+01 -2.744583e+01 0.000000e+00
  endloop
 endfacet
 facet normal 6.401104e-01 -6.401105e-01 -4.248731e-01
  outer loop
   vertex 2.509836e+01 -4.635095e+01 3.000000e+00
   vertex 2.333457e+01 -4.612349e+01 0.000000e+00
   vertex 4.017943e+01 -3.126988e+01 3.000000e+00
  endloop
 endfacet
 facet normal 6.401114e-01 -6.401096e-01 -4.248730e-01
  outer loop
   vertex 4.639213e+01 -3.748259e+01 2.172000e+01
   vertex 4.734087e+01 -3.277447e+01 1.605615e+01
   vertex 4.777030e+01 -3.610442e+01 2.172000e+01
  endloop
 endfacet
 facet normal 6.401106e-01 -6.401101e-01 -4.248735e-01
  outer loop
   vertex 4.734087e+01 -3.277447e+01 1.605615e+01
   vertex 4.639213e+01 -3.748259e+01 2.172000e+01
   vertex 4.017943e+01 -3.126988e+01 3.000000e+00
  endloop
 endfacet
 facet normal 8.861165e-01 -3.670418e-01 -2.829804e-01
  outer loop
   vertex 4.779141e+01 -3.605344e+01 2.172000e+01
   vertex 4.927018e+01 -3.470378e+01 2.460000e+01
   vertex 4.834468e+01 -4.055833e+01 2.929557e+01
  endloop
 endfacet
 facet normal 8.861154e-01 -3.670437e-01 -2.829814e-01
  outer loop
   vertex 4.777701e+01 -3.615648e+01 2.180855e+01
   vertex 4.779141e+01 -3.605344e+01 2.172000e+01
   vertex 4.834468e+01 -4.055833e+01 2.929557e+01
  endloop
 endfacet
 facet normal 8.861209e-01 -3.670343e-01 -2.829761e-01
  outer loop
   vertex 4.779141e+01 -3.605344e+01 2.172000e+01
   vertex 4.777030e+01 -3.610442e+01 2.172000e+01
   vertex 4.734087e+01 -3.277447e+01 1.605615e+01
  endloop
 endfacet
 facet normal 8.861164e-01 -3.670420e-01 -2.829802e-01
  outer loop
   vertex 4.927018e+01 -3.470378e+01 2.460000e+01
   vertex 4.779141e+01 -3.605344e+01 2.172000e+01
   vertex 4.734087e+01 -3.277447e+01 1.605615e+01
  endloop
 endfacet
 facet normal -0.000000e+00 0.000000e+00 1.000000e+00
  outer loop
   vertex -1.275594e+01 -8.076097e+00 5.500000e+01
   vertex -1.223944e+01 -9.251218e+00 5.500000e+01
   vertex -9.796644e+00 -7.882188e+00 5.500000e+01
  endloop
 endfacet
 facet normal -0.000000e+00 0.000000e+00 1.000000e+00
  outer loop
   vertex -1.223944e+01 -9.251218e+00 5.500000e+01
   vertex -1.153011e+01 -1.032105e+01 5.500000e+01
   vertex -9.359079e+00 -8.552282e+00 5.500000e+01
  endloop
 endfacet
 facet normal 0.000000e+00 0.000000e+00 1.000000e+00
  outer loop
   vertex -1.011418e+01 -7.147572e+00 5.500000e+01
   vertex -1.030247e+01 -6.369733e+00 5.500000e+01
   vertex -1.306450e+01 -6.830111e+00 5.500000e+01
  endloop
 endfacet
 facet normal 0.000000e+00 0.000000e+00 1.000000e+00
  outer loop
   vertex -1.315608e+01 -5.549757e+00 5.500000e+01
   vertex -1.306450e+01 -6.830111e+00 5.500000e+01
   vertex -1.030247e+01 -6.369733e+00 5.500000e+01
  endloop
 endfacet
 facet normal 0.000000e+00 -0.000000e+00 1.000000e+00
  outer loop
   vertex -1.275594e+01 -8.076097e+00 5.500000e+01
   vertex -1.011418e+01 -7.147572e+00 5.500000e+01
   vertex -1.306450e+01 -6.830111e+00 5.500000e+01
  endloop
 endfacet
 facet normal 0.000000e+00 0.000000e+00 1.000000e+00
  outer loop
   vertex -1.035607e+01 -5.571225e+00 5.500000e+01
   vertex -1.315608e+01 -5.549757e+00 5.500000e+01
   vertex -1.030247e+01 -6.369733e+00 5.500000e+01
  endloop
 endfacet
 facet normal 0.000000e+00 0.000000e+00 1.000000e+00
  outer loop
   vertex -8.814171e+00 -9.138424e+00 5.500000e+01
   vertex -1.153011e+01 -1.032105e+01 5.500000e+01
   vertex -1.064874e+01 -1.125426e+01 5.500000e+01
  endloop
 endfacet
 facet normal 0.000000e+00 0.000000e+00 1.000000e+00
  outer loop
   vertex -7.468172e+00 -9.993801e+00 5.500000e+01
   vertex -9.621143e+00 -1.202351e+01 5.500000e+01
   vertex -8.477427e+00 -1.260626e+01 5.500000e+01
  endloop
 endfacet
 facet normal 0.000000e+00 0.000000e+00 1.000000e+00
  outer loop
   vertex -9.621143e+00 -1.202351e+01 5.500000e+01
   vertex -7.468172e+00 -9.993801e+00 5.500000e+01
   vertex -8.177717e+00 -9.623620e+00 5.500000e+01
  endloop
 endfacet
 facet normal 0.000000e+00 0.000000e+00 1.000000e+00
  outer loop
   vertex -7.468172e+00 -9.993801e+00 5.500000e+01
   vertex -8.477427e+00 -1.260626e+01 5.500000e+01
   vertex -6.706109e+00 -1.023823e+01 5.500000e+01
  endloop
 endfacet
 facet normal 0.000000e+00 0.000000e+00 1.000000e+00
  outer loop
   vertex -1.064874e+01 -1.125426e+01 5.500000e+01
   vertex -8.177717e+00 -9.623620e+00 5.500000e+01
   vertex -8.814171e+00 -9.138424e+00 5.500000e+01
  endloop
 endfacet
 facet normal 0.000000e+00 0.000000e+00 1.000000e+00
  outer loop
   vertex -9.796644e+00 -7.882188e+00 5.500000e+01
   vertex -1.011418e+01 -7.147572e+00 5.500000e+01
   vertex -1.275594e+01 -8.076097e+00 5.500000e+01
  endloop
 endfacet
 facet normal 0.000000e+00 0.000000e+00 1.000000e+00
  outer loop
   vertex -8.814171e+00 -9.138424e+00 5.500000e+01
   vertex -9.359079e+00 -8.552282e+00 5.500000e+01
   vertex -1.153011e+01 -1.032105e+01 5.500000e+01
  endloop
 endfacet
 facet normal 0.000000e+00 0.000000e+00 1.000000e+00
  outer loop
   vertex -9.796644e+00 -7.882188e+00 5.500000e+01
   vertex -1.223944e+01 -9.251218e+00 5.500000e+01
   vertex -9.359079e+00 -8.552282e+00 5.500000e+01
  endloop
 endfacet
 facet normal 0.000000e+00 -0.000000e+00 1.000000e+00
  outer loop
   vertex -9.621143e+00 -1.202351e+01 5.500000e+01
   vertex -8.177717e+00 -9.623620e+00 5.500000e+01
   vertex -1.064874e+01 -1.125426e+01 5.500000e+01
  endloop
 endfacet
 facet normal -0.000000e+00 0.000000e+00 1.000000e+00
  outer loop
   vertex -1.315608e+01 -5.549757e+00 5.500000e+01
   vertex -1.035607e+01 -5.571225e+00 5.500000e+01
   vertex -1.302798e+01 -4.272541e+00 5.500000e+01
  endloop
 endfacet
 facet normal 0.000000e+00 0.000000e+00 1.000000e+00
  outer loop
   vertex -1.027342e+01 -4.775199e+00 5.500000e+01
   vertex -1.302798e+01 -4.272541e+00 5.500000e+01
   vertex -1.035607e+01 -5.571225e+00 5.500000e+01
  endloop
 endfacet
 facet normal 0.000000e+00 0.000000e+00 1.000000e+00
  outer loop
   vertex -1.268396e+01 -3.035874e+00 5.500000e+01
   vertex -1.302798e+01 -4.272541e+00 5.500000e+01
   vertex -1.027342e+01 -4.775199e+00 5.500000e+01
  endloop
 endfacet
 facet normal 0.000000e+00 0.000000e+00 1.000000e+00
  outer loop
   vertex -1.005691e+01 -4.004737e+00 5.500000e+01
   vertex -1.213411e+01 -1.875982e+00 5.500000e+01
   vertex -1.268396e+01 -3.035874e+00 5.500000e+01
  endloop
 endfacet
 facet normal -0.000000e+00 0.000000e+00 1.000000e+00
  outer loop
   vertex -1.213411e+01 -1.875982e+00 5.500000e+01
   vertex -9.712823e+00 -3.282177e+00 5.500000e+01
   vertex -1.139452e+01 -8.268411e-01 5.500000e+01
  endloop
 endfacet
 facet normal -0.000000e+00 0.000000e+00 1.000000e+00
  outer loop
   vertex -1.139452e+01 -8.268411e-01 5.500000e+01
   vertex -8.685235e+00 -2.062569e+00 5.500000e+01
   vertex -1.048686e+01 8.081779e-02 5.500000e+01
  endloop
 endfacet
 facet normal 0.000000e+00 0.000000e+00 1.000000e+00
  outer loop
   vertex -1.268396e+01 -3.035874e+00 5.500000e+01
   vertex -1.027342e+01 -4.775199e+00 5.500000e+01
   vertex -1.005691e+01 -4.004737e+00 5.500000e+01
  endloop
 endfacet
 facet normal 0.000000e+00 -0.000000e+00 1.000000e+00
  outer loop
   vertex -9.712823e+00 -3.282177e+00 5.500000e+01
   vertex -9.251136e+00 -2.628470e+00 5.500000e+01
   vertex -1.139452e+01 -8.268411e-01 5.500000e+01
  endloop
 endfacet
 facet normal 0.000000e+00 -0.000000e+00 1.000000e+00
  outer loop
   vertex -8.685235e+00 -2.062569e+00 5.500000e+01
   vertex -8.031527e+00 -1.600882e+00 5.500000e+01
   vertex -1.048686e+01 8.081779e-02 5.500000e+01
  endloop
 endfacet
 facet normal 0.000000e+00 -0.000000e+00 1.000000e+00
  outer loop
   vertex -9.251136e+00 -2.628470e+00 5.500000e+01
   vertex -8.685235e+00 -2.062569e+00 5.500000e+01
   vertex -1.139452e+01 -8.268411e-01 5.500000e+01
  endloop
 endfacet
 facet normal 0.000000e+00 0.000000e+00 1.000000e+00
  outer loop
   vertex -7.308966e+00 -1.256797e+00 5.500000e+01
   vertex -8.277822e+00 1.370262e+00 5.500000e+01
   vertex -9.437716e+00 8.204068e-01 5.500000e+01
  endloop
 endfacet
 facet normal 0.000000e+00 0.000000e+00 1.000000e+00
  outer loop
   vertex -9.437716e+00 8.204068e-01 5.500000e+01
   vertex -8.031527e+00 -1.600882e+00 5.500000e+01
   vertex -7.308966e+00 -1.256797e+00 5.500000e+01
  endloop
 endfacet
 facet normal 0.000000e+00 0.000000e+00 1.000000e+00
  outer loop
   vertex -9.437716e+00 8.204068e-01 5.500000e+01
   vertex -1.048686e+01 8.081779e-02 5.500000e+01
   vertex -8.031527e+00 -1.600882e+00 5.500000e+01
  endloop
 endfacet
 facet normal 0.000000e+00 0.000000e+00 1.000000e+00
  outer loop
   vertex -6.538504e+00 -1.040289e+00 5.500000e+01
   vertex -8.277822e+00 1.370262e+00 5.500000e+01
   vertex -7.308966e+00 -1.256797e+00 5.500000e+01
  endloop
 endfacet
 facet normal 0.000000e+00 -0.000000e+00 1.000000e+00
  outer loop
   vertex -1.005691e+01 -4.004737e+00 5.500000e+01
   vertex -9.712823e+00 -3.282177e+00 5.500000e+01
   vertex -1.213411e+01 -1.875982e+00 5.500000e+01
  endloop
 endfacet
 facet normal 0.000000e+00 -0.000000e+00 1.000000e+00
  outer loop
   vertex -5.978050e+00 -1.314997e+01 5.500000e+01
   vertex -5.913622e+00 -1.034983e+01 5.500000e+01
   vertex -7.251088e+00 -1.298545e+01 5.500000e+01
  endloop
 endfacet
 facet normal 0.000000e+00 0.000000e+00 1.000000e+00
  outer loop
   vertex -4.695604e+00 -1.309499e+01 5.500000e+01
   vertex -5.913622e+00 -1.034983e+01 5.500000e+01
   vertex -5.978050e+00 -1.314997e+01 5.500000e+01
  endloop
 endfacet
 facet normal 0.000000e+00 0.000000e+00 1.000000e+00
  outer loop
   vertex -5.913622e+00 -1.034983e+01 5.500000e+01
   vertex -6.706109e+00 -1.023823e+01 5.500000e+01
   vertex -7.251088e+00 -1.298545e+01 5.500000e+01
  endloop
 endfacet
 facet normal 0.000000e+00 0.000000e+00 1.000000e+00
  outer loop
   vertex -5.913622e+00 -1.034983e+01 5.500000e+01
   vertex -4.695604e+00 -1.309499e+01 5.500000e+01
   vertex -3.441315e+00 -1.282214e+01 5.500000e+01
  endloop
 endfacet
 facet normal 0.000000e+00 0.000000e+00 1.000000e+00
  outer loop
   vertex 1.781290e+00 -6.618107e+00 5.500000e+01
   vertex -9.638732e-01 -5.400088e+00 5.500000e+01
   vertex 1.508435e+00 -7.872396e+00 5.500000e+01
  endloop
 endfacet
 facet normal -0.000000e+00 0.000000e+00 1.000000e+00
  outer loop
   vertex -9.638732e-01 -5.400088e+00 5.500000e+01
   vertex 1.781290e+00 -6.618107e+00 5.500000e+01
   vertex 1.836264e+00 -5.335661e+00 5.500000e+01
  endloop
 endfacet
 facet normal 0.000000e+00 0.000000e+00 1.000000e+00
  outer loop
   vertex 1.671748e+00 -4.062623e+00 5.500000e+01
   vertex -9.638732e-01 -5.400088e+00 5.500000e+01
   vertex 1.836264e+00 -5.335661e+00 5.500000e+01
  endloop
 endfacet
 facet normal 0.000000e+00 0.000000e+00 1.000000e+00
  outer loop
   vertex 1.292560e+00 -2.836284e+00 5.500000e+01
   vertex -1.319904e+00 -3.845538e+00 5.500000e+01
   vertex -1.075471e+00 -4.607602e+00 5.500000e+01
  endloop
 endfacet
 facet normal 0.000000e+00 0.000000e+00 1.000000e+00
  outer loop
   vertex -1.075471e+00 -4.607602e+00 5.500000e+01
   vertex 1.671748e+00 -4.062623e+00 5.500000e+01
   vertex 1.292560e+00 -2.836284e+00 5.500000e+01
  endloop
 endfacet
 facet normal 0.000000e+00 0.000000e+00 1.000000e+00
  outer loop
   vertex 1.671748e+00 -4.062623e+00 5.500000e+01
   vertex -1.075471e+00 -4.607602e+00 5.500000e+01
   vertex -9.638732e-01 -5.400088e+00 5.500000e+01
  endloop
 endfacet
 facet normal 0.000000e+00 0.000000e+00 1.000000e+00
  outer loop
   vertex 7.098078e-01 -1.692566e+00 5.500000e+01
   vertex -1.690085e+00 -3.135993e+00 5.500000e+01
   vertex -1.319904e+00 -3.845538e+00 5.500000e+01
  endloop
 endfacet
 facet normal 0.000000e+00 0.000000e+00 1.000000e+00
  outer loop
   vertex 1.292560e+00 -2.836284e+00 5.500000e+01
   vertex 7.098078e-01 -1.692566e+00 5.500000e+01
   vertex -1.319904e+00 -3.845538e+00 5.500000e+01
  endloop
 endfacet
 facet normal 0.000000e+00 0.000000e+00 1.000000e+00
  outer loop
   vertex -4.483586e+00 1.750799e+00 5.500000e+01
   vertex -4.943970e+00 -1.011234e+00 5.500000e+01
   vertex -4.166131e+00 -1.199530e+00 5.500000e+01
  endloop
 endfacet
 facet normal 0.000000e+00 0.000000e+00 1.000000e+00
  outer loop
   vertex -5.742478e+00 -9.576358e-01 5.500000e+01
   vertex -5.763939e+00 1.842372e+00 5.500000e+01
   vertex -7.041156e+00 1.714276e+00 5.500000e+01
  endloop
 endfacet
 facet normal -0.000000e+00 -0.000000e+00 1.000000e+00
  outer loop
   vertex -5.742478e+00 -9.576358e-01 5.500000e+01
   vertex -4.943970e+00 -1.011234e+00 5.500000e+01
   vertex -5.763939e+00 1.842372e+00 5.500000e+01
  endloop
 endfacet
 facet normal 0.000000e+00 0.000000e+00 1.000000e+00
  outer loop
   vertex -4.483586e+00 1.750799e+00 5.500000e+01
   vertex -5.763939e+00 1.842372e+00 5.500000e+01
   vertex -4.943970e+00 -1.011234e+00 5.500000e+01
  endloop
 endfacet
 facet normal 0.000000e+00 0.000000e+00 1.000000e+00
  outer loop
   vertex -5.742478e+00 -9.576358e-01 5.500000e+01
   vertex -7.041156e+00 1.714276e+00 5.500000e+01
   vertex -6.538504e+00 -1.040289e+00 5.500000e+01
  endloop
 endfacet
 facet normal 0.000000e+00 0.000000e+00 1.000000e+00
  outer loop
   vertex -4.483586e+00 1.750799e+00 5.500000e+01
   vertex -4.166131e+00 -1.199530e+00 5.500000e+01
   vertex -3.237600e+00 1.442238e+00 5.500000e+01
  endloop
 endfacet
 facet normal 0.000000e+00 0.000000e+00 1.000000e+00
  outer loop
   vertex -6.538504e+00 -1.040289e+00 5.500000e+01
   vertex -7.041156e+00 1.714276e+00 5.500000e+01
   vertex -8.277822e+00 1.370262e+00 5.500000e+01
  endloop
 endfacet
 facet normal 0.000000e+00 -0.000000e+00 1.000000e+00
  outer loop
   vertex -2.761422e+00 -1.954630e+00 5.500000e+01
   vertex -2.062479e+00 9.257280e-01 5.500000e+01
   vertex -3.431515e+00 -1.517064e+00 5.500000e+01
  endloop
 endfacet
 facet normal 0.000000e+00 0.000000e+00 1.000000e+00
  outer loop
   vertex -9.926465e-01 2.163987e-01 5.500000e+01
   vertex -2.761422e+00 -1.954630e+00 5.500000e+01
   vertex -2.175280e+00 -2.499539e+00 5.500000e+01
  endloop
 endfacet
 facet normal 0.000000e+00 0.000000e+00 1.000000e+00
  outer loop
   vertex 7.098078e-01 -1.692566e+00 5.500000e+01
   vertex -5.943875e-02 -6.649718e-01 5.500000e+01
   vertex -1.690085e+00 -3.135993e+00 5.500000e+01
  endloop
 endfacet
 facet normal 0.000000e+00 -0.000000e+00 1.000000e+00
  outer loop
   vertex -1.690085e+00 -3.135993e+00 5.500000e+01
   vertex -5.943875e-02 -6.649718e-01 5.500000e+01
   vertex -2.175280e+00 -2.499539e+00 5.500000e+01
  endloop
 endfacet
 facet normal 0.000000e+00 0.000000e+00 1.000000e+00
  outer loop
   vertex -2.062479e+00 9.257280e-01 5.500000e+01
   vertex -3.237600e+00 1.442238e+00 5.500000e+01
   vertex -3.431515e+00 -1.517064e+00 5.500000e+01
  endloop
 endfacet
 facet normal 0.000000e+00 0.000000e+00 1.000000e+00
  outer loop
   vertex -9.926465e-01 2.163987e-01 5.500000e+01
   vertex -2.062479e+00 9.257280e-01 5.500000e+01
   vertex -2.761422e+00 -1.954630e+00 5.500000e+01
  endloop
 endfacet
 facet normal 0.000000e+00 0.000000e+00 1.000000e+00
  outer loop
   vertex -9.926465e-01 2.163987e-01 5.500000e+01
   vertex -2.175280e+00 -2.499539e+00 5.500000e+01
   vertex -5.943875e-02 -6.649718e-01 5.500000e+01
  endloop
 endfacet
 facet normal -0.000000e+00 0.000000e+00 1.000000e+00
  outer loop
   vertex -4.166131e+00 -1.199530e+00 5.500000e+01
   vertex -3.431515e+00 -1.517064e+00 5.500000e+01
   vertex -3.237600e+00 1.442238e+00 5.500000e+01
  endloop
 endfacet
 facet normal 0.000000e+00 -0.000000e+00 1.000000e+00
  outer loop
   vertex -7.251088e+00 -1.298545e+01 5.500000e+01
   vertex -6.706109e+00 -1.023823e+01 5.500000e+01
   vertex -8.477427e+00 -1.260626e+01 5.500000e+01
  endloop
 endfacet
 facet normal -1.736480e-01 9.848078e-01 0.000000e+00
  outer loop
   vertex 3.238245e+01 3.222104e+00 3.000000e+00
   vertex 3.287486e+01 3.308928e+00 3.000000e+00
   vertex 3.287486e+01 3.308928e+00 0.000000e+00
  endloop
 endfacet
 facet normal -9.848078e-01 -1.736481e-01 0.000000e+00
  outer loop
   vertex 3.287486e+01 3.308928e+00 3.000000e+00
   vertex 3.202398e+01 8.134486e+00 3.000000e+00
   vertex 3.202398e+01 8.134486e+00 0.000000e+00
  endloop
 endfacet
 facet normal 1.736466e-01 -9.848080e-01 0.000000e+00
  outer loop
   vertex 3.202398e+01 8.134486e+00 3.000000e+00
   vertex 3.153157e+01 8.047663e+00 3.000000e+00
   vertex 3.153157e+01 8.047663e+00 0.000000e+00
  endloop
 endfacet
 facet normal 9.848078e-01 1.736481e-01 0.000000e+00
  outer loop
   vertex 2.621361e+01 7.109962e+00 3.000000e+00
   vertex 2.706449e+01 2.284404e+00 3.000000e+00
   vertex 2.706449e+01 2.284404e+00 0.000000e+00
  endloop
 endfacet
 facet normal -9.848079e-01 -1.736476e-01 0.000000e+00
  outer loop
   vertex 3.290339e+01 2.676811e-01 3.000000e+00
   vertex 3.238245e+01 3.222104e+00 3.000000e+00
   vertex 3.238245e+01 3.222104e+00 0.000000e+00
  endloop
 endfacet
 facet normal 9.848079e-01 1.736476e-01 0.000000e+00
  outer loop
   vertex 2.670601e+01 7.196786e+00 0.000000e+00
   vertex 2.641690e+01 8.836461e+00 0.000000e+00
   vertex 2.641690e+01 8.836461e+00 1.500000e+00
  endloop
 endfacet
 facet normal 9.848079e-01 1.736476e-01 0.000000e+00
  outer loop
   vertex 2.641690e+01 8.836461e+00 3.000000e+00
   vertex 2.670601e+01 7.196786e+00 3.000000e+00
   vertex 2.641690e+01 8.836461e+00 1.500000e+00
  endloop
 endfacet
 facet normal 9.848079e-01 1.736476e-01 -0.000000e+00
  outer loop
   vertex 2.670601e+01 7.196786e+00 0.000000e+00
   vertex 2.641690e+01 8.836461e+00 1.500000e+00
   vertex 2.670601e+01 7.196786e+00 3.000000e+00
  endloop
 endfacet
 facet normal -1.736475e-01 9.848079e-01 0.000000e+00
  outer loop
   vertex 2.706449e+01 2.284404e+00 3.000000e+00
   vertex 2.755689e+01 2.371228e+00 3.000000e+00
   vertex 2.755689e+01 2.371228e+00 0.000000e+00
  endloop
 endfacet
 facet normal 1.736491e-01 -9.848076e-01 0.000000e+00
  outer loop
   vertex 2.670601e+01 7.196786e+00 3.000000e+00
   vertex 2.621361e+01 7.109962e+00 3.000000e+00
   vertex 2.621361e+01 7.109962e+00 0.000000e+00
  endloop
 endfacet
 facet normal -8.660251e-01 5.000006e-01 0.000000e+00
  outer loop
   vertex 1.934676e+01 2.860958e+01 3.000000e+00
   vertex 1.959676e+01 2.904259e+01 3.000000e+00
   vertex 1.959676e+01 2.904259e+01 0.000000e+00
  endloop
 endfacet
 facet normal -5.000002e-01 -8.660253e-01 0.000000e+00
  outer loop
   vertex 1.959676e+01 2.904259e+01 3.000000e+00
   vertex 1.535324e+01 3.149259e+01 3.000000e+00
   vertex 1.535324e+01 3.149259e+01 0.000000e+00
  endloop
 endfacet
 facet normal 8.660251e-01 -5.000006e-01 0.000000e+00
  outer loop
   vertex 1.535324e+01 3.149259e+01 3.000000e+00
   vertex 1.510324e+01 3.105958e+01 3.000000e+00
   vertex 1.510324e+01 3.105958e+01 0.000000e+00
  endloop
 endfacet
 facet normal 4.999997e-01 8.660256e-01 0.000000e+00
  outer loop
   vertex 1.240324e+01 2.638304e+01 3.000000e+00
   vertex 1.664676e+01 2.393304e+01 3.000000e+00
   vertex 1.664676e+01 2.393304e+01 0.000000e+00
  endloop
 endfacet
 facet normal -5.000000e-01 -8.660254e-01 0.000000e+00
  outer loop
   vertex 2.194484e+01 2.710958e+01 3.000000e+00
   vertex 1.934676e+01 2.860958e+01 3.000000e+00
   vertex 1.934676e+01 2.860958e+01 0.000000e+00
  endloop
 endfacet
 facet normal 5.000000e-01 8.660254e-01 0.000000e+00
  outer loop
   vertex 1.005516e+01 2.831605e+01 3.000000e+00
   vertex 1.265324e+01 2.681605e+01 3.000000e+00
   vertex 1.265324e+01 2.681605e+01 0.000000e+00
  endloop
 endfacet
 facet normal -8.660251e-01 5.000006e-01 0.000000e+00
  outer loop
   vertex 1.664676e+01 2.393304e+01 3.000000e+00
   vertex 1.689676e+01 2.436605e+01 3.000000e+00
   vertex 1.689676e+01 2.436605e+01 0.000000e+00
  endloop
 endfacet
 facet normal 8.660260e-01 -4.999989e-01 0.000000e+00
  outer loop
   vertex 1.265324e+01 2.681605e+01 3.000000e+00
   vertex 1.240324e+01 2.638304e+01 3.000000e+00
   vertex 1.240324e+01 2.638304e+01 0.000000e+00
  endloop
 endfacet
 facet normal -3.420204e-01 9.396925e-01 0.000000e+00
  outer loop
   vertex -8.817899e+00 3.212125e+01 4.000000e+00
   vertex -8.817899e+00 3.212125e+01 3.000000e+00
   vertex -1.389224e+01 3.027434e+01 3.000000e+00
  endloop
 endfacet
 facet normal 0.000000e+00 -0.000000e+00 -1.000000e+00
  outer loop
   vertex -3.108194e+01 -3.391037e+01 0.000000e+00
   vertex -2.333457e+01 -4.612349e+01 0.000000e+00
   vertex -3.331482e+01 -3.614324e+01 0.000000e+00
  endloop
 endfacet
 facet normal -0.000000e+00 0.000000e+00 -1.000000e+00
  outer loop
   vertex -1.900730e+01 -3.225808e+01 0.000000e+00
   vertex -3.108194e+01 -3.391037e+01 0.000000e+00
   vertex -1.906224e+01 -3.202707e+01 0.000000e+00
  endloop
 endfacet
 facet normal 0.000000e+00 0.000000e+00 -1.000000e+00
  outer loop
   vertex -1.888512e+01 -3.111124e+01 0.000000e+00
   vertex -3.108194e+01 -3.391037e+01 0.000000e+00
   vertex -3.365520e+01 -3.135805e+01 0.000000e+00
  endloop
 endfacet
 facet normal 0.000000e+00 0.000000e+00 -1.000000e+00
  outer loop
   vertex -1.905220e+01 -3.155397e+01 0.000000e+00
   vertex -1.907735e+01 -3.179009e+01 0.000000e+00
   vertex -3.108194e+01 -3.391037e+01 0.000000e+00
  endloop
 endfacet
 facet normal 0.000000e+00 -0.000000e+00 -1.000000e+00
  outer loop
   vertex -1.907735e+01 -3.179009e+01 0.000000e+00
   vertex -1.906224e+01 -3.202707e+01 0.000000e+00
   vertex -3.108194e+01 -3.391037e+01 0.000000e+00
  endloop
 endfacet
 facet normal -0.000000e+00 0.000000e+00 -1.000000e+00
  outer loop
   vertex -1.905220e+01 -3.155397e+01 0.000000e+00
   vertex -3.108194e+01 -3.391037e+01 0.000000e+00
   vertex -1.898750e+01 -3.132550e+01 0.000000e+00
  endloop
 endfacet
 facet normal 0.000000e+00 0.000000e+00 -1.000000e+00
  outer loop
   vertex -1.862471e+01 -3.285088e+01 0.000000e+00
   vertex -2.333457e+01 -4.612349e+01 0.000000e+00
   vertex -3.108194e+01 -3.391037e+01 0.000000e+00
  endloop
 endfacet
 facet normal 0.000000e+00 0.000000e+00 -1.000000e+00
  outer loop
   vertex -3.108194e+01 -3.391037e+01 0.000000e+00
   vertex -1.891411e+01 -3.247648e+01 0.000000e+00
   vertex -1.878534e+01 -3.267599e+01 0.000000e+00
  endloop
 endfacet
 facet normal 0.000000e+00 0.000000e+00 -1.000000e+00
  outer loop
   vertex -2.333457e+01 -4.612349e+01 0.000000e+00
   vertex -1.862471e+01 -3.285088e+01 0.000000e+00
   vertex -1.843684e+01 -3.299610e+01 0.000000e+00
  endloop
 endfacet
 facet normal -0.000000e+00 0.000000e+00 -1.000000e+00
  outer loop
   vertex -1.862471e+01 -3.285088e+01 0.000000e+00
   vertex -3.108194e+01 -3.391037e+01 0.000000e+00
   vertex -1.878534e+01 -3.267599e+01 0.000000e+00
  endloop
 endfacet
 facet normal 0.000000e+00 0.000000e+00 -1.000000e+00
  outer loop
   vertex -3.365520e+01 -3.135805e+01 0.000000e+00
   vertex -1.874801e+01 -3.091738e+01 0.000000e+00
   vertex -1.888512e+01 -3.111124e+01 0.000000e+00
  endloop
 endfacet
 facet normal 0.000000e+00 0.000000e+00 -1.000000e+00
  outer loop
   vertex -3.108194e+01 -3.391037e+01 0.000000e+00
   vertex -1.888512e+01 -3.111124e+01 0.000000e+00
   vertex -1.898750e+01 -3.132550e+01 0.000000e+00
  endloop
 endfacet
 facet normal 0.000000e+00 0.000000e+00 -1.000000e+00
  outer loop
   vertex -3.108194e+01 -3.391037e+01 0.000000e+00
   vertex -1.900730e+01 -3.225808e+01 0.000000e+00
   vertex -1.891411e+01 -3.247648e+01 0.000000e+00
  endloop
 endfacet
 facet normal 0.000000e+00 -0.000000e+00 -1.000000e+00
  outer loop
   vertex -1.843684e+01 -3.299610e+01 0.000000e+00
   vertex -1.822712e+01 -3.310748e+01 0.000000e+00
   vertex -2.333457e+01 -4.612349e+01 0.000000e+00
  endloop
 endfacet
 facet normal 0.000000e+00 0.000000e+00 -1.000000e+00
  outer loop
   vertex -1.858010e+01 -3.074947e+01 0.000000e+00
   vertex -1.874801e+01 -3.091738e+01 0.000000e+00
   vertex -3.365520e+01 -3.135805e+01 0.000000e+00
  endloop
 endfacet
 facet normal 0.000000e+00 0.000000e+00 -1.000000e+00
  outer loop
   vertex -4.424380e+01 -1.258914e+01 0.000000e+00
   vertex -1.794351e+01 -3.044528e+01 0.000000e+00
   vertex -4.311533e+01 -1.603335e+01 0.000000e+00
  endloop
 endfacet
 facet normal 0.000000e+00 0.000000e+00 -1.000000e+00
  outer loop
   vertex -1.794351e+01 -3.044528e+01 0.000000e+00
   vertex -4.171921e+01 -1.937802e+01 0.000000e+00
   vertex -4.311533e+01 -1.603335e+01 0.000000e+00
  endloop
 endfacet
 facet normal 0.000000e+00 0.000000e+00 -1.000000e+00
  outer loop
   vertex -4.509760e+01 -9.066780e+00 0.000000e+00
   vertex -4.911426e+01 -5.050116e+00 0.000000e+00
   vertex -4.911426e+01 1.593956e+01 0.000000e+00
  endloop
 endfacet
 facet normal 0.000000e+00 0.000000e+00 -1.000000e+00
  outer loop
   vertex -4.424380e+01 -1.258914e+01 0.000000e+00
   vertex -4.509760e+01 -9.066780e+00 0.000000e+00
   vertex -1.770739e+01 -3.042012e+01 0.000000e+00
  endloop
 endfacet
 facet normal 0.000000e+00 0.000000e+00 -1.000000e+00
  outer loop
   vertex -3.000523e+01 2.458304e+01 0.000000e+00
   vertex -4.509760e+01 -9.066780e+00 0.000000e+00
   vertex -4.911426e+01 1.593956e+01 0.000000e+00
  endloop
 endfacet
 facet normal 0.000000e+00 0.000000e+00 -1.000000e+00
  outer loop
   vertex -1.817198e+01 -3.050997e+01 0.000000e+00
   vertex -4.006409e+01 -2.260240e+01 0.000000e+00
   vertex -4.171921e+01 -1.937802e+01 0.000000e+00
  endloop
 endfacet
 facet normal 0.000000e+00 0.000000e+00 -1.000000e+00
  outer loop
   vertex -1.838623e+01 -3.061235e+01 0.000000e+00
   vertex -3.601954e+01 -2.861106e+01 0.000000e+00
   vertex -3.816026e+01 -2.568646e+01 0.000000e+00
  endloop
 endfacet
 facet normal 0.000000e+00 0.000000e+00 -1.000000e+00
  outer loop
   vertex -3.601954e+01 -2.861106e+01 0.000000e+00
   vertex -1.838623e+01 -3.061235e+01 0.000000e+00
   vertex -1.858010e+01 -3.074947e+01 0.000000e+00
  endloop
 endfacet
 facet normal -0.000000e+00 0.000000e+00 -1.000000e+00
  outer loop
   vertex -1.858010e+01 -3.074947e+01 0.000000e+00
   vertex -3.365520e+01 -3.135805e+01 0.000000e+00
   vertex -3.601954e+01 -2.861106e+01 0.000000e+00
  endloop
 endfacet
 facet normal 0.000000e+00 -0.000000e+00 -1.000000e+00
  outer loop
   vertex -2.926230e+01 2.461460e+01 0.000000e+00
   vertex -1.463363e+01 2.383227e+01 0.000000e+00
   vertex -4.509760e+01 -9.066780e+00 0.000000e+00
  endloop
 endfacet
 facet normal -0.000000e+00 0.000000e+00 -1.000000e+00
  outer loop
   vertex -3.000523e+01 2.458304e+01 0.000000e+00
   vertex -4.911426e+01 1.593956e+01 0.000000e+00
   vertex -3.037000e+01 2.466166e+01 0.000000e+00
  endloop
 endfacet
 facet normal 0.000000e+00 0.000000e+00 -1.000000e+00
  outer loop
   vertex -2.926230e+01 2.461460e+01 0.000000e+00
   vertex -4.509760e+01 -9.066780e+00 0.000000e+00
   vertex -2.963242e+01 2.456721e+01 0.000000e+00
  endloop
 endfacet
 facet normal 0.000000e+00 -0.000000e+00 -1.000000e+00
  outer loop
   vertex -3.000523e+01 2.458304e+01 0.000000e+00
   vertex -2.963242e+01 2.456721e+01 0.000000e+00
   vertex -4.509760e+01 -9.066780e+00 0.000000e+00
  endloop
 endfacet
 facet normal 0.000000e+00 0.000000e+00 -1.000000e+00
  outer loop
   vertex -3.816026e+01 -2.568646e+01 0.000000e+00
   vertex -1.817198e+01 -3.050997e+01 0.000000e+00
   vertex -1.838623e+01 -3.061235e+01 0.000000e+00
  endloop
 endfacet
 facet normal 0.000000e+00 0.000000e+00 -1.000000e+00
  outer loop
   vertex -4.006409e+01 -2.260240e+01 0.000000e+00
   vertex -1.817198e+01 -3.050997e+01 0.000000e+00
   vertex -3.816026e+01 -2.568646e+01 0.000000e+00
  endloop
 endfacet
 facet normal 0.000000e+00 -0.000000e+00 -1.000000e+00
  outer loop
   vertex -3.071624e+01 2.480079e+01 0.000000e+00
   vertex -3.037000e+01 2.466166e+01 0.000000e+00
   vertex -4.911426e+01 1.593956e+01 0.000000e+00
  endloop
 endfacet
 facet normal -0.000000e+00 0.000000e+00 -1.000000e+00
  outer loop
   vertex -1.776676e+01 -3.321697e+01 0.000000e+00
   vertex -2.333457e+01 -4.612349e+01 0.000000e+00
   vertex -1.800160e+01 -3.318181e+01 0.000000e+00
  endloop
 endfacet
 facet normal 0.000000e+00 0.000000e+00 -1.000000e+00
  outer loop
   vertex -1.752936e+01 -3.321193e+01 0.000000e+00
   vertex -2.333457e+01 -4.612349e+01 0.000000e+00
   vertex -1.776676e+01 -3.321697e+01 0.000000e+00
  endloop
 endfacet
 facet normal 0.000000e+00 0.000000e+00 -1.000000e+00
  outer loop
   vertex -1.611420e+01 -4.911426e+01 0.000000e+00
   vertex -1.707406e+01 -3.308300e+01 0.000000e+00
   vertex -1.686926e+01 -3.296282e+01 0.000000e+00
  endloop
 endfacet
 facet normal 0.000000e+00 -0.000000e+00 -1.000000e+00
  outer loop
   vertex -1.707406e+01 -3.308300e+01 0.000000e+00
   vertex -1.611420e+01 -4.911426e+01 0.000000e+00
   vertex -1.729622e+01 -3.316684e+01 0.000000e+00
  endloop
 endfacet
 facet normal 0.000000e+00 -0.000000e+00 -1.000000e+00
  outer loop
   vertex -1.729622e+01 -3.316684e+01 0.000000e+00
   vertex -1.611420e+01 -4.911426e+01 0.000000e+00
   vertex -1.752936e+01 -3.321193e+01 0.000000e+00
  endloop
 endfacet
 facet normal -0.000000e+00 0.000000e+00 -1.000000e+00
  outer loop
   vertex -1.800160e+01 -3.318181e+01 0.000000e+00
   vertex -2.333457e+01 -4.612349e+01 0.000000e+00
   vertex -1.822712e+01 -3.310748e+01 0.000000e+00
  endloop
 endfacet
 facet normal 0.000000e+00 0.000000e+00 -1.000000e+00
  outer loop
   vertex -5.868986e+00 -4.829539e+01 0.000000e+00
   vertex -6.687856e+00 -4.911426e+01 0.000000e+00
   vertex -1.611420e+01 -4.911426e+01 0.000000e+00
  endloop
 endfacet
 facet normal 0.000000e+00 0.000000e+00 -1.000000e+00
  outer loop
   vertex -5.868986e+00 -4.829539e+01 0.000000e+00
   vertex 1.611420e+01 -4.911426e+01 0.000000e+00
   vertex -5.050116e+00 -4.911426e+01 0.000000e+00
  endloop
 endfacet
 facet normal 0.000000e+00 0.000000e+00 -1.000000e+00
  outer loop
   vertex -5.868986e+00 -4.829539e+01 0.000000e+00
   vertex -1.668772e+01 -3.280975e+01 0.000000e+00
   vertex -1.653466e+01 -3.262821e+01 0.000000e+00
  endloop
 endfacet
 facet normal 0.000000e+00 0.000000e+00 -1.000000e+00
  outer loop
   vertex -5.868986e+00 -4.829539e+01 0.000000e+00
   vertex -1.641448e+01 -3.242342e+01 0.000000e+00
   vertex -1.633064e+01 -3.220125e+01 0.000000e+00
  endloop
 endfacet
 facet normal 0.000000e+00 0.000000e+00 -1.000000e+00
  outer loop
   vertex -1.653466e+01 -3.262821e+01 0.000000e+00
   vertex -1.641448e+01 -3.242342e+01 0.000000e+00
   vertex -5.868986e+00 -4.829539e+01 0.000000e+00
  endloop
 endfacet
 facet normal 0.000000e+00 -0.000000e+00 -1.000000e+00
  outer loop
   vertex -1.668772e+01 -3.280975e+01 0.000000e+00
   vertex -5.868986e+00 -4.829539e+01 0.000000e+00
   vertex -1.686926e+01 -3.296282e+01 0.000000e+00
  endloop
 endfacet
 facet normal 0.000000e+00 0.000000e+00 -1.000000e+00
  outer loop
   vertex -1.628051e+01 -3.173071e+01 0.000000e+00
   vertex 1.611420e+01 -4.911426e+01 0.000000e+00
   vertex -5.868986e+00 -4.829539e+01 0.000000e+00
  endloop
 endfacet
 facet normal 0.000000e+00 0.000000e+00 -1.000000e+00
  outer loop
   vertex -1.611420e+01 -4.911426e+01 0.000000e+00
   vertex -1.686926e+01 -3.296282e+01 0.000000e+00
   vertex -5.868986e+00 -4.829539e+01 0.000000e+00
  endloop
 endfacet
 facet normal 0.000000e+00 0.000000e+00 -1.000000e+00
  outer loop
   vertex -1.611420e+01 -4.911426e+01 0.000000e+00
   vertex -2.333457e+01 -4.612349e+01 0.000000e+00
   vertex -1.752936e+01 -3.321193e+01 0.000000e+00
  endloop
 endfacet
 facet normal -0.000000e+00 0.000000e+00 -1.000000e+00
  outer loop
   vertex 2.382839e+01 9.913790e+00 0.000000e+00
   vertex -1.702099e+01 -3.058337e+01 0.000000e+00
   vertex -1.463363e+01 2.383227e+01 0.000000e+00
  endloop
 endfacet
 facet normal 0.000000e+00 0.000000e+00 -1.000000e+00
  outer loop
   vertex -4.509760e+01 -9.066780e+00 0.000000e+00
   vertex -1.463363e+01 2.383227e+01 0.000000e+00
   vertex -1.770739e+01 -3.042012e+01 0.000000e+00
  endloop
 endfacet
 facet normal 0.000000e+00 0.000000e+00 -1.000000e+00
  outer loop
   vertex -1.463363e+01 2.383227e+01 0.000000e+00
   vertex -1.723940e+01 -3.049018e+01 0.000000e+00
   vertex -1.747041e+01 -3.043523e+01 0.000000e+00
  endloop
 endfacet
 facet normal 0.000000e+00 0.000000e+00 -1.000000e+00
  outer loop
   vertex -1.463363e+01 2.383227e+01 0.000000e+00
   vertex -1.747041e+01 -3.043523e+01 0.000000e+00
   vertex -1.770739e+01 -3.042012e+01 0.000000e+00
  endloop
 endfacet
 facet normal 0.000000e+00 0.000000e+00 -1.000000e+00
  outer loop
   vertex -1.723940e+01 -3.049018e+01 0.000000e+00
   vertex -1.463363e+01 2.383227e+01 0.000000e+00
   vertex -1.702099e+01 -3.058337e+01 0.000000e+00
  endloop
 endfacet
 facet normal 0.000000e+00 0.000000e+00 -1.000000e+00
  outer loop
   vertex -1.794351e+01 -3.044528e+01 0.000000e+00
   vertex -4.424380e+01 -1.258914e+01 0.000000e+00
   vertex -1.770739e+01 -3.042012e+01 0.000000e+00
  endloop
 endfacet
 facet normal 0.000000e+00 -0.000000e+00 -1.000000e+00
  outer loop
   vertex -1.628051e+01 -3.173071e+01 0.000000e+00
   vertex -5.868986e+00 -4.829539e+01 0.000000e+00
   vertex -1.628555e+01 -3.196811e+01 0.000000e+00
  endloop
 endfacet
 facet normal 0.000000e+00 -0.000000e+00 -1.000000e+00
  outer loop
   vertex -1.628555e+01 -3.196811e+01 0.000000e+00
   vertex -5.868986e+00 -4.829539e+01 0.000000e+00
   vertex -1.633064e+01 -3.220125e+01 0.000000e+00
  endloop
 endfacet
 facet normal 0.000000e+00 0.000000e+00 -1.000000e+00
  outer loop
   vertex -1.631566e+01 -3.149587e+01 0.000000e+00
   vertex 1.611420e+01 -4.911426e+01 0.000000e+00
   vertex -1.628051e+01 -3.173071e+01 0.000000e+00
  endloop
 endfacet
 facet normal 0.000000e+00 0.000000e+00 -1.000000e+00
  outer loop
   vertex -1.682148e+01 -3.071213e+01 0.000000e+00
   vertex -1.702099e+01 -3.058337e+01 0.000000e+00
   vertex 2.706449e+01 2.284404e+00 0.000000e+00
  endloop
 endfacet
 facet normal 0.000000e+00 0.000000e+00 -1.000000e+00
  outer loop
   vertex -1.650138e+01 -3.106064e+01 0.000000e+00
   vertex 2.807784e+01 -5.831950e-01 0.000000e+00
   vertex -1.639000e+01 -3.127035e+01 0.000000e+00
  endloop
 endfacet
 facet normal 0.000000e+00 0.000000e+00 -1.000000e+00
  outer loop
   vertex 1.611420e+01 -4.911426e+01 0.000000e+00
   vertex -1.631566e+01 -3.149587e+01 0.000000e+00
   vertex -1.639000e+01 -3.127035e+01 0.000000e+00
  endloop
 endfacet
 facet normal 0.000000e+00 -0.000000e+00 -1.000000e+00
  outer loop
   vertex -4.109073e+00 2.766289e+01 0.000000e+00
   vertex 2.368089e+01 1.026347e+01 0.000000e+00
   vertex -1.463363e+01 2.383227e+01 0.000000e+00
  endloop
 endfacet
 facet normal 0.000000e+00 0.000000e+00 -1.000000e+00
  outer loop
   vertex -1.664660e+01 -3.087276e+01 0.000000e+00
   vertex -1.682148e+01 -3.071213e+01 0.000000e+00
   vertex 2.807784e+01 -5.831950e-01 0.000000e+00
  endloop
 endfacet
 facet normal 0.000000e+00 0.000000e+00 -1.000000e+00
  outer loop
   vertex -1.817198e+01 -3.050997e+01 0.000000e+00
   vertex -4.171921e+01 -1.937802e+01 0.000000e+00
   vertex -1.794351e+01 -3.044528e+01 0.000000e+00
  endloop
 endfacet
 facet normal 0.000000e+00 0.000000e+00 -1.000000e+00
  outer loop
   vertex -1.650138e+01 -3.106064e+01 0.000000e+00
   vertex -1.664660e+01 -3.087276e+01 0.000000e+00
   vertex 2.807784e+01 -5.831950e-01 0.000000e+00
  endloop
 endfacet
 facet normal 0.000000e+00 -0.000000e+00 -1.000000e+00
  outer loop
   vertex -2.890551e+01 2.472387e+01 0.000000e+00
   vertex -1.463363e+01 2.383227e+01 0.000000e+00
   vertex -2.926230e+01 2.461460e+01 0.000000e+00
  endloop
 endfacet
 facet normal 0.000000e+00 0.000000e+00 -1.000000e+00
  outer loop
   vertex -4.911426e+01 1.593956e+01 0.000000e+00
   vertex -3.185480e+01 2.621087e+01 0.000000e+00
   vertex -3.173050e+01 2.585904e+01 0.000000e+00
  endloop
 endfacet
 facet normal 0.000000e+00 0.000000e+00 -1.000000e+00
  outer loop
   vertex -4.911426e+01 1.593956e+01 0.000000e+00
   vertex -3.173050e+01 2.585904e+01 0.000000e+00
   vertex -3.154851e+01 2.553328e+01 0.000000e+00
  endloop
 endfacet
 facet normal 0.000000e+00 0.000000e+00 -1.000000e+00
  outer loop
   vertex -4.911426e+01 1.593956e+01 0.000000e+00
   vertex -3.252691e+01 3.252691e+01 0.000000e+00
   vertex -3.191787e+01 2.695180e+01 0.000000e+00
  endloop
 endfacet
 facet normal 0.000000e+00 0.000000e+00 -1.000000e+00
  outer loop
   vertex -3.252691e+01 3.252691e+01 0.000000e+00
   vertex -3.173050e+01 2.767141e+01 0.000000e+00
   vertex -3.185480e+01 2.731958e+01 0.000000e+00
  endloop
 endfacet
 facet normal 0.000000e+00 0.000000e+00 -1.000000e+00
  outer loop
   vertex -3.252691e+01 3.252691e+01 0.000000e+00
   vertex -3.185480e+01 2.731958e+01 0.000000e+00
   vertex -3.191787e+01 2.695180e+01 0.000000e+00
  endloop
 endfacet
 facet normal 0.000000e+00 0.000000e+00 -1.000000e+00
  outer loop
   vertex -4.911426e+01 1.593956e+01 0.000000e+00
   vertex -3.191787e+01 2.657865e+01 0.000000e+00
   vertex -3.185480e+01 2.621087e+01 0.000000e+00
  endloop
 endfacet
 facet normal 0.000000e+00 0.000000e+00 -1.000000e+00
  outer loop
   vertex -4.911426e+01 1.593956e+01 0.000000e+00
   vertex -3.103399e+01 2.499643e+01 0.000000e+00
   vertex -3.071624e+01 2.480079e+01 0.000000e+00
  endloop
 endfacet
 facet normal 0.000000e+00 -0.000000e+00 -1.000000e+00
  outer loop
   vertex -2.857232e+01 2.489186e+01 0.000000e+00
   vertex -1.463363e+01 2.383227e+01 0.000000e+00
   vertex -2.890551e+01 2.472387e+01 0.000000e+00
  endloop
 endfacet
 facet normal 0.000000e+00 -0.000000e+00 -1.000000e+00
  outer loop
   vertex -2.780516e+01 2.569230e+01 0.000000e+00
   vertex -1.463363e+01 2.383227e+01 0.000000e+00
   vertex -2.801411e+01 2.538314e+01 0.000000e+00
  endloop
 endfacet
 facet normal 0.000000e+00 0.000000e+00 -1.000000e+00
  outer loop
   vertex -2.827231e+01 2.511374e+01 0.000000e+00
   vertex -2.801411e+01 2.538314e+01 0.000000e+00
   vertex -1.463363e+01 2.383227e+01 0.000000e+00
  endloop
 endfacet
 facet normal 0.000000e+00 0.000000e+00 -1.000000e+00
  outer loop
   vertex -2.857232e+01 2.489186e+01 0.000000e+00
   vertex -2.827231e+01 2.511374e+01 0.000000e+00
   vertex -1.463363e+01 2.383227e+01 0.000000e+00
  endloop
 endfacet
 facet normal 0.000000e+00 0.000000e+00 -1.000000e+00
  outer loop
   vertex -4.911426e+01 1.593956e+01 0.000000e+00
   vertex -3.131410e+01 2.524296e+01 0.000000e+00
   vertex -3.103399e+01 2.499643e+01 0.000000e+00
  endloop
 endfacet
 facet normal -0.000000e+00 0.000000e+00 -1.000000e+00
  outer loop
   vertex -3.131410e+01 2.524296e+01 0.000000e+00
   vertex -4.911426e+01 1.593956e+01 0.000000e+00
   vertex -3.154851e+01 2.553328e+01 0.000000e+00
  endloop
 endfacet
 facet normal 0.000000e+00 0.000000e+00 -1.000000e+00
  outer loop
   vertex -3.252691e+01 3.252691e+01 0.000000e+00
   vertex -3.103399e+01 2.853402e+01 0.000000e+00
   vertex -3.131410e+01 2.828749e+01 0.000000e+00
  endloop
 endfacet
 facet normal 0.000000e+00 0.000000e+00 -1.000000e+00
  outer loop
   vertex -3.252691e+01 3.252691e+01 0.000000e+00
   vertex -3.131410e+01 2.828749e+01 0.000000e+00
   vertex -3.154851e+01 2.799717e+01 0.000000e+00
  endloop
 endfacet
 facet normal -0.000000e+00 0.000000e+00 -1.000000e+00
  outer loop
   vertex -3.037000e+01 2.886879e+01 0.000000e+00
   vertex -3.071624e+01 2.872966e+01 0.000000e+00
   vertex -3.252691e+01 3.252691e+01 0.000000e+00
  endloop
 endfacet
 facet normal 0.000000e+00 0.000000e+00 -1.000000e+00
  outer loop
   vertex -3.103399e+01 2.853402e+01 0.000000e+00
   vertex -3.252691e+01 3.252691e+01 0.000000e+00
   vertex -3.071624e+01 2.872966e+01 0.000000e+00
  endloop
 endfacet
 facet normal 0.000000e+00 0.000000e+00 -1.000000e+00
  outer loop
   vertex -3.252691e+01 3.252691e+01 0.000000e+00
   vertex -3.000523e+01 2.894740e+01 0.000000e+00
   vertex -3.037000e+01 2.886879e+01 0.000000e+00
  endloop
 endfacet
 facet normal -0.000000e+00 0.000000e+00 -1.000000e+00
  outer loop
   vertex -2.963242e+01 2.896324e+01 0.000000e+00
   vertex -3.000523e+01 2.894740e+01 0.000000e+00
   vertex -3.252691e+01 3.252691e+01 0.000000e+00
  endloop
 endfacet
 facet normal 0.000000e+00 0.000000e+00 -1.000000e+00
  outer loop
   vertex -3.173050e+01 2.767141e+01 0.000000e+00
   vertex -3.252691e+01 3.252691e+01 0.000000e+00
   vertex -3.154851e+01 2.799717e+01 0.000000e+00
  endloop
 endfacet
 facet normal 0.000000e+00 0.000000e+00 -1.000000e+00
  outer loop
   vertex -2.810732e+01 3.694651e+01 0.000000e+00
   vertex -2.857232e+01 2.863859e+01 0.000000e+00
   vertex -2.890551e+01 2.880658e+01 0.000000e+00
  endloop
 endfacet
 facet normal 0.000000e+00 -0.000000e+00 -1.000000e+00
  outer loop
   vertex -2.810732e+01 3.694651e+01 0.000000e+00
   vertex -2.801411e+01 2.814731e+01 0.000000e+00
   vertex -2.827231e+01 2.841670e+01 0.000000e+00
  endloop
 endfacet
 facet normal 0.000000e+00 0.000000e+00 -1.000000e+00
  outer loop
   vertex -2.810732e+01 3.694651e+01 0.000000e+00
   vertex -2.827231e+01 2.841670e+01 0.000000e+00
   vertex -2.857232e+01 2.863859e+01 0.000000e+00
  endloop
 endfacet
 facet normal 0.000000e+00 0.000000e+00 -1.000000e+00
  outer loop
   vertex -2.926230e+01 2.891585e+01 0.000000e+00
   vertex -2.963242e+01 2.896324e+01 0.000000e+00
   vertex -3.252691e+01 3.252691e+01 0.000000e+00
  endloop
 endfacet
 facet normal 0.000000e+00 0.000000e+00 -1.000000e+00
  outer loop
   vertex -2.926230e+01 2.891585e+01 0.000000e+00
   vertex -3.252691e+01 3.252691e+01 0.000000e+00
   vertex -2.810732e+01 3.694651e+01 0.000000e+00
  endloop
 endfacet
 facet normal 0.000000e+00 0.000000e+00 -1.000000e+00
  outer loop
   vertex -2.890551e+01 2.880658e+01 0.000000e+00
   vertex -2.926230e+01 2.891585e+01 0.000000e+00
   vertex -2.810732e+01 3.694651e+01 0.000000e+00
  endloop
 endfacet
 facet normal 0.000000e+00 0.000000e+00 -1.000000e+00
  outer loop
   vertex -2.333457e+01 4.612349e+01 0.000000e+00
   vertex -2.810732e+01 3.694651e+01 0.000000e+00
   vertex -2.932899e+01 4.012907e+01 0.000000e+00
  endloop
 endfacet
 facet normal -0.000000e+00 0.000000e+00 -1.000000e+00
  outer loop
   vertex -1.641214e+01 2.871867e+01 0.000000e+00
   vertex -2.801411e+01 2.814731e+01 0.000000e+00
   vertex -2.810732e+01 3.694651e+01 0.000000e+00
  endloop
 endfacet
 facet normal -0.000000e+00 0.000000e+00 -1.000000e+00
  outer loop
   vertex -3.191787e+01 2.657865e+01 0.000000e+00
   vertex -4.911426e+01 1.593956e+01 0.000000e+00
   vertex -3.191787e+01 2.695180e+01 0.000000e+00
  endloop
 endfacet
 facet normal 0.000000e+00 0.000000e+00 -1.000000e+00
  outer loop
   vertex -1.641214e+01 2.871867e+01 0.000000e+00
   vertex -2.765146e+01 2.603232e+01 0.000000e+00
   vertex -2.755744e+01 2.639342e+01 0.000000e+00
  endloop
 endfacet
 facet normal 0.000000e+00 0.000000e+00 -1.000000e+00
  outer loop
   vertex -1.641214e+01 2.871867e+01 0.000000e+00
   vertex -2.755744e+01 2.639342e+01 0.000000e+00
   vertex -2.752579e+01 2.676522e+01 0.000000e+00
  endloop
 endfacet
 facet normal 0.000000e+00 0.000000e+00 -1.000000e+00
  outer loop
   vertex -1.641214e+01 2.871867e+01 0.000000e+00
   vertex -2.765146e+01 2.749813e+01 0.000000e+00
   vertex -2.780516e+01 2.783815e+01 0.000000e+00
  endloop
 endfacet
 facet normal 0.000000e+00 0.000000e+00 -1.000000e+00
  outer loop
   vertex -2.765146e+01 2.749813e+01 0.000000e+00
   vertex -1.641214e+01 2.871867e+01 0.000000e+00
   vertex -2.755744e+01 2.713703e+01 0.000000e+00
  endloop
 endfacet
 facet normal 0.000000e+00 0.000000e+00 -1.000000e+00
  outer loop
   vertex -2.752579e+01 2.676522e+01 0.000000e+00
   vertex -2.755744e+01 2.713703e+01 0.000000e+00
   vertex -1.641214e+01 2.871867e+01 0.000000e+00
  endloop
 endfacet
 facet normal 0.000000e+00 -0.000000e+00 -1.000000e+00
  outer loop
   vertex -2.333457e+01 4.612349e+01 0.000000e+00
   vertex -1.641214e+01 2.871867e+01 0.000000e+00
   vertex -2.810732e+01 3.694651e+01 0.000000e+00
  endloop
 endfacet
 facet normal 0.000000e+00 0.000000e+00 -1.000000e+00
  outer loop
   vertex -2.780516e+01 2.569230e+01 0.000000e+00
   vertex -2.765146e+01 2.603232e+01 0.000000e+00
   vertex -1.463363e+01 2.383227e+01 0.000000e+00
  endloop
 endfacet
 facet normal 0.000000e+00 -0.000000e+00 -1.000000e+00
  outer loop
   vertex -2.978997e+00 3.100372e+01 0.000000e+00
   vertex 1.005516e+01 2.831605e+01 0.000000e+00
   vertex -4.109073e+00 2.766289e+01 0.000000e+00
  endloop
 endfacet
 facet normal 0.000000e+00 0.000000e+00 -1.000000e+00
  outer loop
   vertex 1.240324e+01 2.638304e+01 0.000000e+00
   vertex -4.109073e+00 2.766289e+01 0.000000e+00
   vertex 1.005516e+01 2.831605e+01 0.000000e+00
  endloop
 endfacet
 facet normal 0.000000e+00 0.000000e+00 -1.000000e+00
  outer loop
   vertex 1.005516e+01 2.831605e+01 0.000000e+00
   vertex 1.265324e+01 2.681605e+01 0.000000e+00
   vertex 1.240324e+01 2.638304e+01 0.000000e+00
  endloop
 endfacet
 facet normal 0.000000e+00 0.000000e+00 -1.000000e+00
  outer loop
   vertex -1.463363e+01 2.383227e+01 0.000000e+00
   vertex -2.765146e+01 2.603232e+01 0.000000e+00
   vertex -1.641214e+01 2.871867e+01 0.000000e+00
  endloop
 endfacet
 facet normal 0.000000e+00 0.000000e+00 -1.000000e+00
  outer loop
   vertex -2.978997e+00 3.100372e+01 0.000000e+00
   vertex -4.109073e+00 2.766289e+01 0.000000e+00
   vertex -5.183552e+00 3.061500e+01 0.000000e+00
  endloop
 endfacet
 facet normal 0.000000e+00 0.000000e+00 -1.000000e+00
  outer loop
   vertex -2.978997e+00 3.100372e+01 0.000000e+00
   vertex 1.250516e+01 3.255957e+01 0.000000e+00
   vertex 1.005516e+01 2.831605e+01 0.000000e+00
  endloop
 endfacet
 facet normal 0.000000e+00 0.000000e+00 -1.000000e+00
  outer loop
   vertex 1.510324e+01 3.105958e+01 0.000000e+00
   vertex 1.250516e+01 3.255957e+01 0.000000e+00
   vertex 1.535324e+01 3.149259e+01 0.000000e+00
  endloop
 endfacet
 facet normal 0.000000e+00 0.000000e+00 -1.000000e+00
  outer loop
   vertex -1.641214e+01 2.871867e+01 0.000000e+00
   vertex -2.333457e+01 4.612349e+01 0.000000e+00
   vertex -8.829080e+00 3.596321e+01 0.000000e+00
  endloop
 endfacet
 facet normal 0.000000e+00 0.000000e+00 -1.000000e+00
  outer loop
   vertex -8.829080e+00 3.596321e+01 0.000000e+00
   vertex -3.676377e+00 4.585286e+01 0.000000e+00
   vertex -4.003521e+00 3.681408e+01 0.000000e+00
  endloop
 endfacet
 facet normal 0.000000e+00 0.000000e+00 -1.000000e+00
  outer loop
   vertex 2.816688e-15 4.600000e+01 0.000000e+00
   vertex -4.003521e+00 3.681408e+01 0.000000e+00
   vertex -3.676377e+00 4.585286e+01 0.000000e+00
  endloop
 endfacet
 facet normal 0.000000e+00 0.000000e+00 -1.000000e+00
  outer loop
   vertex -1.611420e+01 4.911426e+01 0.000000e+00
   vertex -3.676377e+00 4.585286e+01 0.000000e+00
   vertex -8.829080e+00 3.596321e+01 0.000000e+00
  endloop
 endfacet
 facet normal 0.000000e+00 -0.000000e+00 -1.000000e+00
  outer loop
   vertex -1.611420e+01 4.911426e+01 0.000000e+00
   vertex -8.829080e+00 3.596321e+01 0.000000e+00
   vertex -2.333457e+01 4.612349e+01 0.000000e+00
  endloop
 endfacet
 facet normal 0.000000e+00 0.000000e+00 -1.000000e+00
  outer loop
   vertex -3.676377e+00 4.585286e+01 0.000000e+00
   vertex -1.611420e+01 4.911426e+01 0.000000e+00
   vertex -4.928314e+00 4.911426e+01 0.000000e+00
  endloop
 endfacet
 facet normal 0.000000e+00 -0.000000e+00 -1.000000e+00
  outer loop
   vertex 2.816688e-15 4.600000e+01 0.000000e+00
   vertex 2.257113e+00 4.594459e+01 0.000000e+00
   vertex -4.003521e+00 3.681408e+01 0.000000e+00
  endloop
 endfacet
 facet normal -0.000000e+00 0.000000e+00 -1.000000e+00
  outer loop
   vertex -8.086022e+00 3.174912e+01 0.000000e+00
   vertex -1.641214e+01 2.871867e+01 0.000000e+00
   vertex -8.829080e+00 3.596321e+01 0.000000e+00
  endloop
 endfacet
 facet normal -0.000000e+00 0.000000e+00 -1.000000e+00
  outer loop
   vertex 1.335310e+01 4.401926e+01 0.000000e+00
   vertex 1.250516e+01 3.255957e+01 0.000000e+00
   vertex 1.117709e+01 4.462144e+01 0.000000e+00
  endloop
 endfacet
 facet normal 0.000000e+00 0.000000e+00 -1.000000e+00
  outer loop
   vertex 8.974154e+00 4.511612e+01 0.000000e+00
   vertex 1.117709e+01 4.462144e+01 0.000000e+00
   vertex 1.250516e+01 3.255957e+01 0.000000e+00
  endloop
 endfacet
 facet normal 0.000000e+00 0.000000e+00 -1.000000e+00
  outer loop
   vertex 1.250516e+01 3.255957e+01 0.000000e+00
   vertex 1.335310e+01 4.401926e+01 0.000000e+00
   vertex 1.549693e+01 4.331103e+01 0.000000e+00
  endloop
 endfacet
 facet normal -0.000000e+00 0.000000e+00 -1.000000e+00
  outer loop
   vertex 1.760344e+01 4.249846e+01 0.000000e+00
   vertex 1.250516e+01 3.255957e+01 0.000000e+00
   vertex 1.549693e+01 4.331103e+01 0.000000e+00
  endloop
 endfacet
 facet normal 0.000000e+00 -0.000000e+00 -1.000000e+00
  outer loop
   vertex 2.257113e+00 4.594459e+01 0.000000e+00
   vertex 4.508789e+00 4.577850e+01 0.000000e+00
   vertex -4.003521e+00 3.681408e+01 0.000000e+00
  endloop
 endfacet
 facet normal 0.000000e+00 -0.000000e+00 -1.000000e+00
  outer loop
   vertex 4.508789e+00 4.577850e+01 0.000000e+00
   vertex 6.749602e+00 4.550212e+01 0.000000e+00
   vertex -4.003521e+00 3.681408e+01 0.000000e+00
  endloop
 endfacet
 facet normal 0.000000e+00 0.000000e+00 -1.000000e+00
  outer loop
   vertex 6.749602e+00 4.550212e+01 0.000000e+00
   vertex 8.974154e+00 4.511612e+01 0.000000e+00
   vertex 1.250516e+01 3.255957e+01 0.000000e+00
  endloop
 endfacet
 facet normal 0.000000e+00 -0.000000e+00 -1.000000e+00
  outer loop
   vertex 6.749602e+00 4.550212e+01 0.000000e+00
   vertex 1.250516e+01 3.255957e+01 0.000000e+00
   vertex -4.003521e+00 3.681408e+01 0.000000e+00
  endloop
 endfacet
 facet normal 0.000000e+00 0.000000e+00 -1.000000e+00
  outer loop
   vertex -4.003521e+00 3.681408e+01 0.000000e+00
   vertex 1.250516e+01 3.255957e+01 0.000000e+00
   vertex -2.978997e+00 3.100372e+01 0.000000e+00
  endloop
 endfacet
 facet normal 0.000000e+00 0.000000e+00 -1.000000e+00
  outer loop
   vertex 1.535324e+01 3.149259e+01 0.000000e+00
   vertex 1.250516e+01 3.255957e+01 0.000000e+00
   vertex 1.760344e+01 4.249846e+01 0.000000e+00
  endloop
 endfacet
 facet normal 0.000000e+00 0.000000e+00 -1.000000e+00
  outer loop
   vertex -2.780516e+01 2.783815e+01 0.000000e+00
   vertex -2.801411e+01 2.814731e+01 0.000000e+00
   vertex -1.641214e+01 2.871867e+01 0.000000e+00
  endloop
 endfacet
 facet normal -0.000000e+00 -0.000000e+00 -1.000000e+00
  outer loop
   vertex 1.240324e+01 2.638304e+01 0.000000e+00
   vertex 2.359569e+01 1.063329e+01 0.000000e+00
   vertex -4.109073e+00 2.766289e+01 0.000000e+00
  endloop
 endfacet
 facet normal 0.000000e+00 0.000000e+00 -1.000000e+00
  outer loop
   vertex -1.639000e+01 -3.127035e+01 0.000000e+00
   vertex 2.333457e+01 -4.612349e+01 0.000000e+00
   vertex 1.611420e+01 -4.911426e+01 0.000000e+00
  endloop
 endfacet
 facet normal -0.000000e+00 -0.000000e+00 -1.000000e+00
  outer loop
   vertex 2.459230e+01 9.084867e+00 0.000000e+00
   vertex 2.621361e+01 7.109962e+00 0.000000e+00
   vertex 2.429098e+01 9.315590e+00 0.000000e+00
  endloop
 endfacet
 facet normal 0.000000e+00 -0.000000e+00 -1.000000e+00
  outer loop
   vertex 2.382839e+01 9.913790e+00 0.000000e+00
   vertex 2.706449e+01 2.284404e+00 0.000000e+00
   vertex -1.702099e+01 -3.058337e+01 0.000000e+00
  endloop
 endfacet
 facet normal -0.000000e+00 -0.000000e+00 -1.000000e+00
  outer loop
   vertex 2.429098e+01 9.315590e+00 0.000000e+00
   vertex 2.706449e+01 2.284404e+00 0.000000e+00
   vertex 2.403379e+01 9.594666e+00 0.000000e+00
  endloop
 endfacet
 facet normal 0.000000e+00 0.000000e+00 -1.000000e+00
  outer loop
   vertex 2.368089e+01 1.026347e+01 0.000000e+00
   vertex -4.109073e+00 2.766289e+01 0.000000e+00
   vertex 2.359569e+01 1.063329e+01 0.000000e+00
  endloop
 endfacet
 facet normal 0.000000e+00 0.000000e+00 -1.000000e+00
  outer loop
   vertex 2.382839e+01 9.913790e+00 0.000000e+00
   vertex 2.403379e+01 9.594666e+00 0.000000e+00
   vertex 2.706449e+01 2.284404e+00 0.000000e+00
  endloop
 endfacet
 facet normal -0.000000e+00 -0.000000e+00 -1.000000e+00
  outer loop
   vertex 2.368089e+01 1.026347e+01 0.000000e+00
   vertex 2.382839e+01 9.913790e+00 0.000000e+00
   vertex -1.463363e+01 2.383227e+01 0.000000e+00
  endloop
 endfacet
 facet normal 0.000000e+00 0.000000e+00 -1.000000e+00
  outer loop
   vertex 2.359569e+01 1.063329e+01 0.000000e+00
   vertex 1.240324e+01 2.638304e+01 0.000000e+00
   vertex 1.664676e+01 2.393304e+01 0.000000e+00
  endloop
 endfacet
 facet normal 0.000000e+00 0.000000e+00 -1.000000e+00
  outer loop
   vertex 2.621361e+01 7.109962e+00 0.000000e+00
   vertex 2.566649e+01 8.743107e+00 0.000000e+00
   vertex 2.604573e+01 8.757300e+00 0.000000e+00
  endloop
 endfacet
 facet normal 0.000000e+00 0.000000e+00 -1.000000e+00
  outer loop
   vertex 2.459230e+01 9.084867e+00 0.000000e+00
   vertex 2.492879e+01 8.909364e+00 0.000000e+00
   vertex 2.621361e+01 7.109962e+00 0.000000e+00
  endloop
 endfacet
 facet normal 0.000000e+00 0.000000e+00 -1.000000e+00
  outer loop
   vertex 2.529044e+01 8.794303e+00 0.000000e+00
   vertex 2.566649e+01 8.743107e+00 0.000000e+00
   vertex 2.621361e+01 7.109962e+00 0.000000e+00
  endloop
 endfacet
 facet normal -0.000000e+00 0.000000e+00 -1.000000e+00
  outer loop
   vertex 2.670601e+01 7.196786e+00 0.000000e+00
   vertex 2.621361e+01 7.109962e+00 0.000000e+00
   vertex 2.604573e+01 8.757300e+00 0.000000e+00
  endloop
 endfacet
 facet normal 0.000000e+00 0.000000e+00 -1.000000e+00
  outer loop
   vertex 2.621361e+01 7.109962e+00 0.000000e+00
   vertex 2.492879e+01 8.909364e+00 0.000000e+00
   vertex 2.529044e+01 8.794303e+00 0.000000e+00
  endloop
 endfacet
 facet normal 0.000000e+00 0.000000e+00 -1.000000e+00
  outer loop
   vertex 2.670601e+01 7.196786e+00 0.000000e+00
   vertex 2.604573e+01 8.757300e+00 0.000000e+00
   vertex 2.641690e+01 8.836461e+00 0.000000e+00
  endloop
 endfacet
 facet normal 0.000000e+00 0.000000e+00 -1.000000e+00
  outer loop
   vertex 2.706449e+01 2.284404e+00 0.000000e+00
   vertex 2.429098e+01 9.315590e+00 0.000000e+00
   vertex 2.621361e+01 7.109962e+00 0.000000e+00
  endloop
 endfacet
 facet normal 0.000000e+00 0.000000e+00 -1.000000e+00
  outer loop
   vertex -1.682148e+01 -3.071213e+01 0.000000e+00
   vertex 2.706449e+01 2.284404e+00 0.000000e+00
   vertex 2.807784e+01 -5.831950e-01 0.000000e+00
  endloop
 endfacet
 facet normal 0.000000e+00 0.000000e+00 -1.000000e+00
  outer loop
   vertex 2.333740e+01 1.510723e+01 0.000000e+00
   vertex 2.372951e+01 1.175256e+01 0.000000e+00
   vertex 2.362036e+01 1.138908e+01 0.000000e+00
  endloop
 endfacet
 facet normal 0.000000e+00 0.000000e+00 -1.000000e+00
  outer loop
   vertex 2.315541e+01 1.543299e+01 0.000000e+00
   vertex 2.362036e+01 1.138908e+01 0.000000e+00
   vertex 2.357531e+01 1.101225e+01 0.000000e+00
  endloop
 endfacet
 facet normal 0.000000e+00 0.000000e+00 -1.000000e+00
  outer loop
   vertex 2.385192e+01 1.457038e+01 0.000000e+00
   vertex 2.412527e+01 1.239692e+01 0.000000e+00
   vertex 2.389950e+01 1.209187e+01 0.000000e+00
  endloop
 endfacet
 facet normal 0.000000e+00 -0.000000e+00 -1.000000e+00
  outer loop
   vertex 2.451591e+01 1.423560e+01 0.000000e+00
   vertex 2.471584e+01 1.286921e+01 0.000000e+00
   vertex 2.440011e+01 1.265863e+01 0.000000e+00
  endloop
 endfacet
 facet normal 0.000000e+00 -0.000000e+00 -1.000000e+00
  outer loop
   vertex 2.416967e+01 1.437473e+01 0.000000e+00
   vertex 2.440011e+01 1.265863e+01 0.000000e+00
   vertex 2.412527e+01 1.239692e+01 0.000000e+00
  endloop
 endfacet
 facet normal 0.000000e+00 0.000000e+00 -1.000000e+00
  outer loop
   vertex 2.357181e+01 1.481691e+01 0.000000e+00
   vertex 2.389950e+01 1.209187e+01 0.000000e+00
   vertex 2.372951e+01 1.175256e+01 0.000000e+00
  endloop
 endfacet
 facet normal 0.000000e+00 0.000000e+00 -1.000000e+00
  outer loop
   vertex 2.689480e+01 1.283365e+01 0.000000e+00
   vertex 2.655276e+01 1.299808e+01 0.000000e+00
   vertex 2.661360e+01 1.468769e+01 0.000000e+00
  endloop
 endfacet
 facet normal 0.000000e+00 0.000000e+00 -1.000000e+00
  outer loop
   vertex 2.746964e+01 1.234235e+01 0.000000e+00
   vertex 2.720349e+01 1.261288e+01 0.000000e+00
   vertex 2.708075e+01 1.526624e+01 0.000000e+00
  endloop
 endfacet
 facet normal 0.000000e+00 0.000000e+00 -1.000000e+00
  outer loop
   vertex 2.720349e+01 1.261288e+01 0.000000e+00
   vertex 2.689480e+01 1.283365e+01 0.000000e+00
   vertex 2.687180e+01 1.495709e+01 0.000000e+00
  endloop
 endfacet
 facet normal 0.000000e+00 -0.000000e+00 -1.000000e+00
  outer loop
   vertex 2.525349e+01 1.414115e+01 0.000000e+00
   vertex 2.543145e+01 1.311362e+01 0.000000e+00
   vertex 2.506307e+01 1.302239e+01 0.000000e+00
  endloop
 endfacet
 facet normal 0.000000e+00 0.000000e+00 -1.000000e+00
  outer loop
   vertex 2.618754e+01 1.310128e+01 0.000000e+00
   vertex 2.581003e+01 1.314018e+01 0.000000e+00
   vertex 2.598040e+01 1.429782e+01 0.000000e+00
  endloop
 endfacet
 facet normal 0.000000e+00 -0.000000e+00 -1.000000e+00
  outer loop
   vertex 2.562361e+01 1.418855e+01 0.000000e+00
   vertex 2.581003e+01 1.314018e+01 0.000000e+00
   vertex 2.543145e+01 1.311362e+01 0.000000e+00
  endloop
 endfacet
 facet normal 0.000000e+00 -0.000000e+00 -1.000000e+00
  outer loop
   vertex 2.631359e+01 1.446581e+01 0.000000e+00
   vertex 2.655276e+01 1.299808e+01 0.000000e+00
   vertex 2.618754e+01 1.310128e+01 0.000000e+00
  endloop
 endfacet
 facet normal 0.000000e+00 -0.000000e+00 -1.000000e+00
  outer loop
   vertex 2.488068e+01 1.415699e+01 0.000000e+00
   vertex 2.506307e+01 1.302239e+01 0.000000e+00
   vertex 2.471584e+01 1.286921e+01 0.000000e+00
  endloop
 endfacet
 facet normal -0.000000e+00 -0.000000e+00 -1.000000e+00
  outer loop
   vertex 2.357531e+01 1.101225e+01 0.000000e+00
   vertex 2.359569e+01 1.063329e+01 0.000000e+00
   vertex 1.664676e+01 2.393304e+01 0.000000e+00
  endloop
 endfacet
 facet normal -0.000000e+00 0.000000e+00 -1.000000e+00
  outer loop
   vertex 4.059544e+01 -2.163354e+01 0.000000e+00
   vertex 3.898423e+01 -2.441783e+01 0.000000e+00
   vertex 2.807784e+01 -5.831950e-01 0.000000e+00
  endloop
 endfacet
 facet normal -0.000000e+00 0.000000e+00 -1.000000e+00
  outer loop
   vertex 4.200813e+01 -1.874345e+01 0.000000e+00
   vertex 4.059544e+01 -2.163354e+01 0.000000e+00
   vertex 2.807784e+01 -5.831950e-01 0.000000e+00
  endloop
 endfacet
 facet normal 0.000000e+00 0.000000e+00 -1.000000e+00
  outer loop
   vertex 2.706449e+01 2.284404e+00 0.000000e+00
   vertex 2.755689e+01 2.371228e+00 0.000000e+00
   vertex 2.807784e+01 -5.831950e-01 0.000000e+00
  endloop
 endfacet
 facet normal 0.000000e+00 0.000000e+00 -1.000000e+00
  outer loop
   vertex 3.238245e+01 3.222104e+00 0.000000e+00
   vertex 3.287486e+01 3.308928e+00 0.000000e+00
   vertex 3.290339e+01 2.676811e-01 0.000000e+00
  endloop
 endfacet
 facet normal 0.000000e+00 0.000000e+00 -1.000000e+00
  outer loop
   vertex 4.321538e+01 -1.576170e+01 0.000000e+00
   vertex 2.807784e+01 -5.831950e-01 0.000000e+00
   vertex 3.290339e+01 2.676811e-01 0.000000e+00
  endloop
 endfacet
 facet normal 0.000000e+00 0.000000e+00 -1.000000e+00
  outer loop
   vertex 4.200813e+01 -1.874345e+01 0.000000e+00
   vertex 2.807784e+01 -5.831950e-01 0.000000e+00
   vertex 4.321538e+01 -1.576170e+01 0.000000e+00
  endloop
 endfacet
 facet normal 0.000000e+00 0.000000e+00 -1.000000e+00
  outer loop
   vertex 2.333457e+01 -4.612349e+01 0.000000e+00
   vertex 2.807784e+01 -5.831950e-01 0.000000e+00
   vertex 3.898423e+01 -2.441783e+01 0.000000e+00
  endloop
 endfacet
 facet normal -0.000000e+00 0.000000e+00 -1.000000e+00
  outer loop
   vertex 4.499097e+01 -9.581910e+00 0.000000e+00
   vertex 4.421128e+01 -1.270287e+01 0.000000e+00
   vertex 3.290339e+01 2.676811e-01 0.000000e+00
  endloop
 endfacet
 facet normal -0.000000e+00 0.000000e+00 -1.000000e+00
  outer loop
   vertex 4.555062e+01 -6.414093e+00 0.000000e+00
   vertex 4.499097e+01 -9.581910e+00 0.000000e+00
   vertex 3.290339e+01 2.676811e-01 0.000000e+00
  endloop
 endfacet
 facet normal -0.000000e+00 0.000000e+00 -1.000000e+00
  outer loop
   vertex 4.600000e+01 -1.126675e-14 0.000000e+00
   vertex 4.588752e+01 -3.214908e+00 0.000000e+00
   vertex 3.290339e+01 2.676811e-01 0.000000e+00
  endloop
 endfacet
 facet normal 0.000000e+00 0.000000e+00 -1.000000e+00
  outer loop
   vertex 4.600000e+01 -1.126675e-14 0.000000e+00
   vertex 3.290339e+01 2.676811e-01 0.000000e+00
   vertex 4.594459e+01 2.257113e+00 0.000000e+00
  endloop
 endfacet
 facet normal -0.000000e+00 0.000000e+00 -1.000000e+00
  outer loop
   vertex 4.588752e+01 -3.214908e+00 0.000000e+00
   vertex 4.555062e+01 -6.414093e+00 0.000000e+00
   vertex 3.290339e+01 2.676811e-01 0.000000e+00
  endloop
 endfacet
 facet normal -0.000000e+00 0.000000e+00 -1.000000e+00
  outer loop
   vertex 4.421128e+01 -1.270287e+01 0.000000e+00
   vertex 4.321538e+01 -1.576170e+01 0.000000e+00
   vertex 3.290339e+01 2.676811e-01 0.000000e+00
  endloop
 endfacet
 facet normal -0.000000e+00 0.000000e+00 -1.000000e+00
  outer loop
   vertex 4.201223e+01 -2.744583e+01 0.000000e+00
   vertex 2.333457e+01 -4.612349e+01 0.000000e+00
   vertex 3.898423e+01 -2.441783e+01 0.000000e+00
  endloop
 endfacet
 facet normal -0.000000e+00 0.000000e+00 -1.000000e+00
  outer loop
   vertex 4.594459e+01 2.257113e+00 0.000000e+00
   vertex 3.290339e+01 2.676811e-01 0.000000e+00
   vertex 3.287486e+01 3.308928e+00 0.000000e+00
  endloop
 endfacet
 facet normal 0.000000e+00 0.000000e+00 -1.000000e+00
  outer loop
   vertex 3.101063e+01 1.100209e+01 0.000000e+00
   vertex 2.792040e+01 1.045719e+01 0.000000e+00
   vertex 2.796066e+01 1.069734e+01 0.000000e+00
  endloop
 endfacet
 facet normal 0.000000e+00 0.000000e+00 -1.000000e+00
  outer loop
   vertex 3.101063e+01 1.100209e+01 0.000000e+00
   vertex 2.796066e+01 1.069734e+01 0.000000e+00
   vertex 2.797414e+01 1.094047e+01 0.000000e+00
  endloop
 endfacet
 facet normal 0.000000e+00 0.000000e+00 -1.000000e+00
  outer loop
   vertex 3.101063e+01 1.100209e+01 0.000000e+00
   vertex 2.784418e+01 1.168542e+01 0.000000e+00
   vertex 2.768535e+01 1.203009e+01 0.000000e+00
  endloop
 endfacet
 facet normal 0.000000e+00 0.000000e+00 -1.000000e+00
  outer loop
   vertex 2.784418e+01 1.168542e+01 0.000000e+00
   vertex 3.101063e+01 1.100209e+01 0.000000e+00
   vertex 2.794140e+01 1.131857e+01 0.000000e+00
  endloop
 endfacet
 facet normal 0.000000e+00 0.000000e+00 -1.000000e+00
  outer loop
   vertex 2.797414e+01 1.094047e+01 0.000000e+00
   vertex 2.794140e+01 1.131857e+01 0.000000e+00
   vertex 3.101063e+01 1.100209e+01 0.000000e+00
  endloop
 endfacet
 facet normal 0.000000e+00 0.000000e+00 -1.000000e+00
  outer loop
   vertex 2.746964e+01 1.234235e+01 0.000000e+00
   vertex 2.723445e+01 1.560626e+01 0.000000e+00
   vertex 3.101063e+01 1.100209e+01 0.000000e+00
  endloop
 endfacet
 facet normal 0.000000e+00 0.000000e+00 -1.000000e+00
  outer loop
   vertex 3.287486e+01 3.308928e+00 0.000000e+00
   vertex 4.550212e+01 6.749602e+00 0.000000e+00
   vertex 4.577850e+01 4.508789e+00 0.000000e+00
  endloop
 endfacet
 facet normal 0.000000e+00 -0.000000e+00 -1.000000e+00
  outer loop
   vertex 4.577850e+01 4.508789e+00 0.000000e+00
   vertex 4.594459e+01 2.257113e+00 0.000000e+00
   vertex 3.287486e+01 3.308928e+00 0.000000e+00
  endloop
 endfacet
 facet normal -0.000000e+00 0.000000e+00 -1.000000e+00
  outer loop
   vertex 4.550212e+01 6.749602e+00 0.000000e+00
   vertex 3.287486e+01 3.308928e+00 0.000000e+00
   vertex 4.511612e+01 8.974154e+00 0.000000e+00
  endloop
 endfacet
 facet normal 0.000000e+00 0.000000e+00 -1.000000e+00
  outer loop
   vertex 3.202398e+01 8.134486e+00 0.000000e+00
   vertex 3.101063e+01 1.100209e+01 0.000000e+00
   vertex 4.401926e+01 1.335310e+01 0.000000e+00
  endloop
 endfacet
 facet normal -0.000000e+00 0.000000e+00 -1.000000e+00
  outer loop
   vertex 4.462144e+01 1.117709e+01 0.000000e+00
   vertex 3.202398e+01 8.134486e+00 0.000000e+00
   vertex 4.401926e+01 1.335310e+01 0.000000e+00
  endloop
 endfacet
 facet normal 0.000000e+00 0.000000e+00 -1.000000e+00
  outer loop
   vertex 3.202398e+01 8.134486e+00 0.000000e+00
   vertex 4.462144e+01 1.117709e+01 0.000000e+00
   vertex 4.511612e+01 8.974154e+00 0.000000e+00
  endloop
 endfacet
 facet normal 0.000000e+00 0.000000e+00 -1.000000e+00
  outer loop
   vertex 4.511612e+01 8.974154e+00 0.000000e+00
   vertex 3.287486e+01 3.308928e+00 0.000000e+00
   vertex 3.202398e+01 8.134486e+00 0.000000e+00
  endloop
 endfacet
 facet normal 0.000000e+00 0.000000e+00 -1.000000e+00
  outer loop
   vertex 3.153157e+01 8.047663e+00 0.000000e+00
   vertex 3.101063e+01 1.100209e+01 0.000000e+00
   vertex 3.202398e+01 8.134486e+00 0.000000e+00
  endloop
 endfacet
 facet normal 0.000000e+00 0.000000e+00 -1.000000e+00
  outer loop
   vertex 2.768535e+01 1.203009e+01 0.000000e+00
   vertex 2.746964e+01 1.234235e+01 0.000000e+00
   vertex 3.101063e+01 1.100209e+01 0.000000e+00
  endloop
 endfacet
 facet normal -0.000000e+00 0.000000e+00 -1.000000e+00
  outer loop
   vertex 4.401926e+01 1.335310e+01 0.000000e+00
   vertex 3.101063e+01 1.100209e+01 0.000000e+00
   vertex 4.331103e+01 1.549693e+01 0.000000e+00
  endloop
 endfacet
 facet normal 0.000000e+00 0.000000e+00 -1.000000e+00
  outer loop
   vertex 1.664676e+01 2.393304e+01 0.000000e+00
   vertex 2.296804e+01 1.615260e+01 0.000000e+00
   vertex 2.303111e+01 1.578482e+01 0.000000e+00
  endloop
 endfacet
 facet normal 0.000000e+00 0.000000e+00 -1.000000e+00
  outer loop
   vertex 2.357531e+01 1.101225e+01 0.000000e+00
   vertex 1.664676e+01 2.393304e+01 0.000000e+00
   vertex 2.303111e+01 1.578482e+01 0.000000e+00
  endloop
 endfacet
 facet normal 0.000000e+00 0.000000e+00 -1.000000e+00
  outer loop
   vertex 1.949484e+01 2.286605e+01 0.000000e+00
   vertex 2.303111e+01 1.689352e+01 0.000000e+00
   vertex 2.296804e+01 1.652574e+01 0.000000e+00
  endloop
 endfacet
 facet normal 0.000000e+00 0.000000e+00 -1.000000e+00
  outer loop
   vertex 1.949484e+01 2.286605e+01 0.000000e+00
   vertex 2.333740e+01 1.757112e+01 0.000000e+00
   vertex 2.315541e+01 1.724535e+01 0.000000e+00
  endloop
 endfacet
 facet normal 0.000000e+00 0.000000e+00 -1.000000e+00
  outer loop
   vertex 1.949484e+01 2.286605e+01 0.000000e+00
   vertex 2.315541e+01 1.724535e+01 0.000000e+00
   vertex 2.303111e+01 1.689352e+01 0.000000e+00
  endloop
 endfacet
 facet normal 0.000000e+00 0.000000e+00 -1.000000e+00
  outer loop
   vertex 1.664676e+01 2.393304e+01 0.000000e+00
   vertex 2.296804e+01 1.652574e+01 0.000000e+00
   vertex 2.296804e+01 1.615260e+01 0.000000e+00
  endloop
 endfacet
 facet normal 0.000000e+00 0.000000e+00 -1.000000e+00
  outer loop
   vertex 2.440011e+01 1.265863e+01 0.000000e+00
   vertex 2.416967e+01 1.437473e+01 0.000000e+00
   vertex 2.451591e+01 1.423560e+01 0.000000e+00
  endloop
 endfacet
 facet normal 0.000000e+00 0.000000e+00 -1.000000e+00
  outer loop
   vertex 2.506307e+01 1.302239e+01 0.000000e+00
   vertex 2.488068e+01 1.415699e+01 0.000000e+00
   vertex 2.525349e+01 1.414115e+01 0.000000e+00
  endloop
 endfacet
 facet normal -0.000000e+00 0.000000e+00 -1.000000e+00
  outer loop
   vertex 2.488068e+01 1.415699e+01 0.000000e+00
   vertex 2.471584e+01 1.286921e+01 0.000000e+00
   vertex 2.451591e+01 1.423560e+01 0.000000e+00
  endloop
 endfacet
 facet normal 0.000000e+00 0.000000e+00 -1.000000e+00
  outer loop
   vertex 2.372951e+01 1.175256e+01 0.000000e+00
   vertex 2.333740e+01 1.510723e+01 0.000000e+00
   vertex 2.357181e+01 1.481691e+01 0.000000e+00
  endloop
 endfacet
 facet normal -0.000000e+00 -0.000000e+00 -1.000000e+00
  outer loop
   vertex 2.385192e+01 1.457038e+01 0.000000e+00
   vertex 2.389950e+01 1.209187e+01 0.000000e+00
   vertex 2.357181e+01 1.481691e+01 0.000000e+00
  endloop
 endfacet
 facet normal 0.000000e+00 0.000000e+00 -1.000000e+00
  outer loop
   vertex 2.412527e+01 1.239692e+01 0.000000e+00
   vertex 2.385192e+01 1.457038e+01 0.000000e+00
   vertex 2.416967e+01 1.437473e+01 0.000000e+00
  endloop
 endfacet
 facet normal 0.000000e+00 0.000000e+00 -1.000000e+00
  outer loop
   vertex 2.303111e+01 1.578482e+01 0.000000e+00
   vertex 2.315541e+01 1.543299e+01 0.000000e+00
   vertex 2.357531e+01 1.101225e+01 0.000000e+00
  endloop
 endfacet
 facet normal 0.000000e+00 0.000000e+00 -1.000000e+00
  outer loop
   vertex 1.949484e+01 2.286605e+01 0.000000e+00
   vertex 2.357181e+01 1.786144e+01 0.000000e+00
   vertex 2.333740e+01 1.757112e+01 0.000000e+00
  endloop
 endfacet
 facet normal 0.000000e+00 -0.000000e+00 -1.000000e+00
  outer loop
   vertex 1.689676e+01 2.436605e+01 0.000000e+00
   vertex 1.949484e+01 2.286605e+01 0.000000e+00
   vertex 1.664676e+01 2.393304e+01 0.000000e+00
  endloop
 endfacet
 facet normal -0.000000e+00 -0.000000e+00 -1.000000e+00
  outer loop
   vertex 1.949484e+01 2.286605e+01 0.000000e+00
   vertex 2.296804e+01 1.652574e+01 0.000000e+00
   vertex 1.664676e+01 2.393304e+01 0.000000e+00
  endloop
 endfacet
 facet normal 0.000000e+00 0.000000e+00 -1.000000e+00
  outer loop
   vertex 2.364873e+01 3.945552e+01 0.000000e+00
   vertex 1.959676e+01 2.904259e+01 0.000000e+00
   vertex 1.535324e+01 3.149259e+01 0.000000e+00
  endloop
 endfacet
 facet normal 0.000000e+00 0.000000e+00 -1.000000e+00
  outer loop
   vertex 1.535324e+01 3.149259e+01 0.000000e+00
   vertex 1.760344e+01 4.249846e+01 0.000000e+00
   vertex 1.966753e+01 4.158351e+01 0.000000e+00
  endloop
 endfacet
 facet normal 0.000000e+00 -0.000000e+00 -1.000000e+00
  outer loop
   vertex 1.966753e+01 4.158351e+01 0.000000e+00
   vertex 2.168425e+01 4.056838e+01 0.000000e+00
   vertex 1.535324e+01 3.149259e+01 0.000000e+00
  endloop
 endfacet
 facet normal 0.000000e+00 0.000000e+00 -1.000000e+00
  outer loop
   vertex 2.194484e+01 2.710958e+01 0.000000e+00
   vertex 1.934676e+01 2.860958e+01 0.000000e+00
   vertex 1.959676e+01 2.904259e+01 0.000000e+00
  endloop
 endfacet
 facet normal 0.000000e+00 0.000000e+00 -1.000000e+00
  outer loop
   vertex 2.416967e+01 1.830361e+01 0.000000e+00
   vertex 1.949484e+01 2.286605e+01 0.000000e+00
   vertex 2.451591e+01 1.844274e+01 0.000000e+00
  endloop
 endfacet
 facet normal 0.000000e+00 0.000000e+00 -1.000000e+00
  outer loop
   vertex 1.949484e+01 2.286605e+01 0.000000e+00
   vertex 2.194484e+01 2.710958e+01 0.000000e+00
   vertex 2.488068e+01 1.852135e+01 0.000000e+00
  endloop
 endfacet
 facet normal 0.000000e+00 0.000000e+00 -1.000000e+00
  outer loop
   vertex 2.451591e+01 1.844274e+01 0.000000e+00
   vertex 1.949484e+01 2.286605e+01 0.000000e+00
   vertex 2.488068e+01 1.852135e+01 0.000000e+00
  endloop
 endfacet
 facet normal 0.000000e+00 0.000000e+00 -1.000000e+00
  outer loop
   vertex 1.535324e+01 3.149259e+01 0.000000e+00
   vertex 2.168425e+01 4.056838e+01 0.000000e+00
   vertex 2.364873e+01 3.945552e+01 0.000000e+00
  endloop
 endfacet
 facet normal 0.000000e+00 0.000000e+00 -1.000000e+00
  outer loop
   vertex 1.959676e+01 2.904259e+01 0.000000e+00
   vertex 2.364873e+01 3.945552e+01 0.000000e+00
   vertex 2.555623e+01 3.824760e+01 0.000000e+00
  endloop
 endfacet
 facet normal 0.000000e+00 0.000000e+00 -1.000000e+00
  outer loop
   vertex 2.525349e+01 1.853719e+01 0.000000e+00
   vertex 2.194484e+01 2.710958e+01 0.000000e+00
   vertex 2.562361e+01 1.848979e+01 0.000000e+00
  endloop
 endfacet
 facet normal 0.000000e+00 0.000000e+00 -1.000000e+00
  outer loop
   vertex 2.740217e+01 3.694755e+01 0.000000e+00
   vertex 2.194484e+01 2.710958e+01 0.000000e+00
   vertex 1.959676e+01 2.904259e+01 0.000000e+00
  endloop
 endfacet
 facet normal -0.000000e+00 0.000000e+00 -1.000000e+00
  outer loop
   vertex 2.525349e+01 1.853719e+01 0.000000e+00
   vertex 2.488068e+01 1.852135e+01 0.000000e+00
   vertex 2.194484e+01 2.710958e+01 0.000000e+00
  endloop
 endfacet
 facet normal 0.000000e+00 0.000000e+00 -1.000000e+00
  outer loop
   vertex 2.385192e+01 1.810797e+01 0.000000e+00
   vertex 1.949484e+01 2.286605e+01 0.000000e+00
   vertex 2.416967e+01 1.830361e+01 0.000000e+00
  endloop
 endfacet
 facet normal 0.000000e+00 0.000000e+00 -1.000000e+00
  outer loop
   vertex 1.949484e+01 2.286605e+01 0.000000e+00
   vertex 2.385192e+01 1.810797e+01 0.000000e+00
   vertex 2.357181e+01 1.786144e+01 0.000000e+00
  endloop
 endfacet
 facet normal -0.000000e+00 -0.000000e+00 -1.000000e+00
  outer loop
   vertex 2.333740e+01 1.510723e+01 0.000000e+00
   vertex 2.362036e+01 1.138908e+01 0.000000e+00
   vertex 2.315541e+01 1.543299e+01 0.000000e+00
  endloop
 endfacet
 facet normal 0.000000e+00 0.000000e+00 -1.000000e+00
  outer loop
   vertex 2.598040e+01 1.429782e+01 0.000000e+00
   vertex 2.581003e+01 1.314018e+01 0.000000e+00
   vertex 2.562361e+01 1.418855e+01 0.000000e+00
  endloop
 endfacet
 facet normal 0.000000e+00 0.000000e+00 -1.000000e+00
  outer loop
   vertex 2.631359e+01 1.446581e+01 0.000000e+00
   vertex 2.618754e+01 1.310128e+01 0.000000e+00
   vertex 2.598040e+01 1.429782e+01 0.000000e+00
  endloop
 endfacet
 facet normal 0.000000e+00 -0.000000e+00 -1.000000e+00
  outer loop
   vertex 2.687180e+01 1.495709e+01 0.000000e+00
   vertex 2.689480e+01 1.283365e+01 0.000000e+00
   vertex 2.661360e+01 1.468769e+01 0.000000e+00
  endloop
 endfacet
 facet normal 0.000000e+00 0.000000e+00 -1.000000e+00
  outer loop
   vertex 2.687180e+01 1.495709e+01 0.000000e+00
   vertex 2.708075e+01 1.526624e+01 0.000000e+00
   vertex 2.720349e+01 1.261288e+01 0.000000e+00
  endloop
 endfacet
 facet normal 0.000000e+00 0.000000e+00 -1.000000e+00
  outer loop
   vertex 2.631359e+01 1.446581e+01 0.000000e+00
   vertex 2.661360e+01 1.468769e+01 0.000000e+00
   vertex 2.655276e+01 1.299808e+01 0.000000e+00
  endloop
 endfacet
 facet normal 0.000000e+00 0.000000e+00 -1.000000e+00
  outer loop
   vertex 3.101063e+01 1.100209e+01 0.000000e+00
   vertex 2.723445e+01 1.560626e+01 0.000000e+00
   vertex 2.732847e+01 1.596737e+01 0.000000e+00
  endloop
 endfacet
 facet normal 0.000000e+00 0.000000e+00 -1.000000e+00
  outer loop
   vertex 3.101063e+01 1.100209e+01 0.000000e+00
   vertex 4.158351e+01 1.966753e+01 0.000000e+00
   vertex 4.249846e+01 1.760344e+01 0.000000e+00
  endloop
 endfacet
 facet normal 0.000000e+00 0.000000e+00 -1.000000e+00
  outer loop
   vertex 2.732847e+01 1.596737e+01 0.000000e+00
   vertex 2.736012e+01 1.633917e+01 0.000000e+00
   vertex 3.101063e+01 1.100209e+01 0.000000e+00
  endloop
 endfacet
 facet normal 0.000000e+00 -0.000000e+00 -1.000000e+00
  outer loop
   vertex 2.723445e+01 1.560626e+01 0.000000e+00
   vertex 2.746964e+01 1.234235e+01 0.000000e+00
   vertex 2.708075e+01 1.526624e+01 0.000000e+00
  endloop
 endfacet
 facet normal 0.000000e+00 0.000000e+00 -1.000000e+00
  outer loop
   vertex 2.723445e+01 1.707208e+01 0.000000e+00
   vertex 2.708075e+01 1.741210e+01 0.000000e+00
   vertex 3.945552e+01 2.364873e+01 0.000000e+00
  endloop
 endfacet
 facet normal 0.000000e+00 0.000000e+00 -1.000000e+00
  outer loop
   vertex 4.056838e+01 2.168425e+01 0.000000e+00
   vertex 2.732847e+01 1.671097e+01 0.000000e+00
   vertex 2.723445e+01 1.707208e+01 0.000000e+00
  endloop
 endfacet
 facet normal 0.000000e+00 0.000000e+00 -1.000000e+00
  outer loop
   vertex 2.736012e+01 1.633917e+01 0.000000e+00
   vertex 2.732847e+01 1.671097e+01 0.000000e+00
   vertex 3.101063e+01 1.100209e+01 0.000000e+00
  endloop
 endfacet
 facet normal 0.000000e+00 0.000000e+00 -1.000000e+00
  outer loop
   vertex 3.824760e+01 2.555623e+01 0.000000e+00
   vertex 2.708075e+01 1.741210e+01 0.000000e+00
   vertex 2.687180e+01 1.772125e+01 0.000000e+00
  endloop
 endfacet
 facet normal 0.000000e+00 0.000000e+00 -1.000000e+00
  outer loop
   vertex 2.562361e+01 1.418855e+01 0.000000e+00
   vertex 2.543145e+01 1.311362e+01 0.000000e+00
   vertex 2.525349e+01 1.414115e+01 0.000000e+00
  endloop
 endfacet
 facet normal 0.000000e+00 0.000000e+00 -1.000000e+00
  outer loop
   vertex 2.732847e+01 1.671097e+01 0.000000e+00
   vertex 4.158351e+01 1.966753e+01 0.000000e+00
   vertex 3.101063e+01 1.100209e+01 0.000000e+00
  endloop
 endfacet
 facet normal 0.000000e+00 -0.000000e+00 -1.000000e+00
  outer loop
   vertex 3.089171e+01 3.408375e+01 0.000000e+00
   vertex 3.252691e+01 3.252691e+01 0.000000e+00
   vertex 2.194484e+01 2.710958e+01 0.000000e+00
  endloop
 endfacet
 facet normal 0.000000e+00 0.000000e+00 -1.000000e+00
  outer loop
   vertex 2.631359e+01 1.821254e+01 0.000000e+00
   vertex 2.598040e+01 1.838053e+01 0.000000e+00
   vertex 3.555848e+01 2.918209e+01 0.000000e+00
  endloop
 endfacet
 facet normal 0.000000e+00 0.000000e+00 -1.000000e+00
  outer loop
   vertex 2.194484e+01 2.710958e+01 0.000000e+00
   vertex 3.555848e+01 2.918209e+01 0.000000e+00
   vertex 2.598040e+01 1.838053e+01 0.000000e+00
  endloop
 endfacet
 facet normal 0.000000e+00 -0.000000e+00 -1.000000e+00
  outer loop
   vertex 2.555623e+01 3.824760e+01 0.000000e+00
   vertex 2.740217e+01 3.694755e+01 0.000000e+00
   vertex 1.959676e+01 2.904259e+01 0.000000e+00
  endloop
 endfacet
 facet normal 0.000000e+00 -0.000000e+00 -1.000000e+00
  outer loop
   vertex 2.740217e+01 3.694755e+01 0.000000e+00
   vertex 2.918209e+01 3.555848e+01 0.000000e+00
   vertex 2.194484e+01 2.710958e+01 0.000000e+00
  endloop
 endfacet
 facet normal 0.000000e+00 0.000000e+00 -1.000000e+00
  outer loop
   vertex 2.194484e+01 2.710958e+01 0.000000e+00
   vertex 2.918209e+01 3.555848e+01 0.000000e+00
   vertex 3.089171e+01 3.408375e+01 0.000000e+00
  endloop
 endfacet
 facet normal 0.000000e+00 0.000000e+00 -1.000000e+00
  outer loop
   vertex 3.694755e+01 2.740217e+01 0.000000e+00
   vertex 2.661360e+01 1.799065e+01 0.000000e+00
   vertex 2.631359e+01 1.821254e+01 0.000000e+00
  endloop
 endfacet
 facet normal 0.000000e+00 0.000000e+00 -1.000000e+00
  outer loop
   vertex 2.562361e+01 1.848979e+01 0.000000e+00
   vertex 2.194484e+01 2.710958e+01 0.000000e+00
   vertex 2.598040e+01 1.838053e+01 0.000000e+00
  endloop
 endfacet
 facet normal 0.000000e+00 -0.000000e+00 -1.000000e+00
  outer loop
   vertex 3.694755e+01 2.740217e+01 0.000000e+00
   vertex 3.824760e+01 2.555623e+01 0.000000e+00
   vertex 2.687180e+01 1.772125e+01 0.000000e+00
  endloop
 endfacet
 facet normal 0.000000e+00 -0.000000e+00 -1.000000e+00
  outer loop
   vertex 3.824760e+01 2.555623e+01 0.000000e+00
   vertex 3.945552e+01 2.364873e+01 0.000000e+00
   vertex 2.708075e+01 1.741210e+01 0.000000e+00
  endloop
 endfacet
 facet normal 0.000000e+00 0.000000e+00 -1.000000e+00
  outer loop
   vertex 2.661360e+01 1.799065e+01 0.000000e+00
   vertex 3.694755e+01 2.740217e+01 0.000000e+00
   vertex 2.687180e+01 1.772125e+01 0.000000e+00
  endloop
 endfacet
 facet normal 0.000000e+00 -0.000000e+00 -1.000000e+00
  outer loop
   vertex 3.252691e+01 3.252691e+01 0.000000e+00
   vertex 3.408375e+01 3.089171e+01 0.000000e+00
   vertex 2.194484e+01 2.710958e+01 0.000000e+00
  endloop
 endfacet
 facet normal 0.000000e+00 0.000000e+00 -1.000000e+00
  outer loop
   vertex 2.194484e+01 2.710958e+01 0.000000e+00
   vertex 3.408375e+01 3.089171e+01 0.000000e+00
   vertex 3.555848e+01 2.918209e+01 0.000000e+00
  endloop
 endfacet
 facet normal 0.000000e+00 0.000000e+00 -1.000000e+00
  outer loop
   vertex 2.631359e+01 1.821254e+01 0.000000e+00
   vertex 3.555848e+01 2.918209e+01 0.000000e+00
   vertex 3.694755e+01 2.740217e+01 0.000000e+00
  endloop
 endfacet
 facet normal 0.000000e+00 -0.000000e+00 -1.000000e+00
  outer loop
   vertex 3.945552e+01 2.364873e+01 0.000000e+00
   vertex 4.056838e+01 2.168425e+01 0.000000e+00
   vertex 2.723445e+01 1.707208e+01 0.000000e+00
  endloop
 endfacet
 facet normal 0.000000e+00 -0.000000e+00 -1.000000e+00
  outer loop
   vertex 4.056838e+01 2.168425e+01 0.000000e+00
   vertex 4.158351e+01 1.966753e+01 0.000000e+00
   vertex 2.732847e+01 1.671097e+01 0.000000e+00
  endloop
 endfacet
 facet normal 0.000000e+00 0.000000e+00 -1.000000e+00
  outer loop
   vertex 3.101063e+01 1.100209e+01 0.000000e+00
   vertex 4.249846e+01 1.760344e+01 0.000000e+00
   vertex 4.331103e+01 1.549693e+01 0.000000e+00
  endloop
 endfacet
 facet normal 0.000000e+00 0.000000e+00 -1.000000e+00
  outer loop
   vertex 2.333457e+01 -4.612349e+01 0.000000e+00
   vertex -1.639000e+01 -3.127035e+01 0.000000e+00
   vertex 2.807784e+01 -5.831950e-01 0.000000e+00
  endloop
 endfacet
 facet normal -3.420212e-01 9.396922e-01 0.000000e+00
  outer loop
   vertex -1.368703e+01 2.971053e+01 4.000000e+00
   vertex -1.368703e+01 2.971053e+01 3.000000e+00
   vertex -1.475530e+01 2.932170e+01 3.000000e+00
  endloop
 endfacet
 facet normal 9.396927e-01 3.420199e-01 0.000000e+00
  outer loop
   vertex -6.628970e+00 2.610722e+01 4.000000e+00
   vertex -6.628970e+00 2.610722e+01 3.000000e+00
   vertex -6.834182e+00 2.667103e+01 3.000000e+00
  endloop
 endfacet
 facet normal 9.396924e-01 3.420206e-01 0.000000e+00
  outer loop
   vertex -8.612686e+00 3.155743e+01 4.000000e+00
   vertex -8.612686e+00 3.155743e+01 3.000000e+00
   vertex -8.817899e+00 3.212125e+01 3.000000e+00
  endloop
 endfacet
 facet normal -9.396926e-01 -3.420202e-01 -0.000000e+00
  outer loop
   vertex -1.389224e+01 3.027434e+01 4.000000e+00
   vertex -1.389224e+01 3.027434e+01 3.000000e+00
   vertex -1.368703e+01 2.971053e+01 3.000000e+00
  endloop
 endfacet
 facet normal -0.000000e+00 0.000000e+00 1.000000e+00
  outer loop
   vertex -1.042516e+01 2.499156e+01 4.000000e+00
   vertex -1.023011e+01 2.479651e+01 4.000000e+00
   vertex -6.628970e+00 2.610722e+01 4.000000e+00
  endloop
 endfacet
 facet normal -0.000000e+00 0.000000e+00 1.000000e+00
  outer loop
   vertex -1.069823e+01 2.526463e+01 4.000000e+00
   vertex -1.042516e+01 2.499156e+01 4.000000e+00
   vertex -6.834182e+00 2.667103e+01 4.000000e+00
  endloop
 endfacet
 facet normal 0.000000e+00 0.000000e+00 1.000000e+00
  outer loop
   vertex -6.628970e+00 2.610722e+01 4.000000e+00
   vertex -6.834182e+00 2.667103e+01 4.000000e+00
   vertex -1.042516e+01 2.499156e+01 4.000000e+00
  endloop
 endfacet
 facet normal 0.000000e+00 0.000000e+00 1.000000e+00
  outer loop
   vertex -1.368703e+01 2.971053e+01 4.000000e+00
   vertex -8.612686e+00 3.155743e+01 4.000000e+00
   vertex -8.817899e+00 3.212125e+01 4.000000e+00
  endloop
 endfacet
 facet normal 0.000000e+00 0.000000e+00 1.000000e+00
  outer loop
   vertex 2.807784e+01 -5.831950e-01 3.000000e+00
   vertex 2.029396e+01 -3.040559e+00 3.000000e+00
   vertex 1.997577e+01 -3.358757e+00 3.000000e+00
  endloop
 endfacet
 facet normal 0.000000e+00 0.000000e+00 1.000000e+00
  outer loop
   vertex 2.807784e+01 -5.831950e-01 3.000000e+00
   vertex 2.174353e+01 -1.590990e+00 3.000000e+00
   vertex 2.029396e+01 -3.040559e+00 3.000000e+00
  endloop
 endfacet
 facet normal 0.000000e+00 0.000000e+00 1.000000e+00
  outer loop
   vertex 3.857542e+01 -1.331116e+01 3.000000e+00
   vertex 1.997577e+01 -3.358757e+00 3.000000e+00
   vertex 1.895046e+01 -4.384062e+00 3.000000e+00
  endloop
 endfacet
 facet normal 0.000000e+00 0.000000e+00 1.000000e+00
  outer loop
   vertex 2.315541e+01 1.543299e+01 3.000000e+00
   vertex 2.303111e+01 1.578482e+01 3.000000e+00
   vertex 2.357531e+01 1.101225e+01 3.000000e+00
  endloop
 endfacet
 facet normal 0.000000e+00 0.000000e+00 1.000000e+00
  outer loop
   vertex 1.664676e+01 2.393304e+01 3.000000e+00
   vertex -1.590990e+00 2.174353e+01 3.000000e+00
   vertex 2.357531e+01 1.101225e+01 3.000000e+00
  endloop
 endfacet
 facet normal 0.000000e+00 0.000000e+00 1.000000e+00
  outer loop
   vertex 2.303111e+01 1.689352e+01 3.000000e+00
   vertex 1.949484e+01 2.286605e+01 3.000000e+00
   vertex 2.296804e+01 1.652574e+01 3.000000e+00
  endloop
 endfacet
 facet normal 0.000000e+00 0.000000e+00 1.000000e+00
  outer loop
   vertex 2.296804e+01 1.652574e+01 3.000000e+00
   vertex 1.949484e+01 2.286605e+01 3.000000e+00
   vertex 2.296804e+01 1.615260e+01 3.000000e+00
  endloop
 endfacet
 facet normal 0.000000e+00 0.000000e+00 1.000000e+00
  outer loop
   vertex 2.296804e+01 1.615260e+01 3.000000e+00
   vertex 1.664676e+01 2.393304e+01 3.000000e+00
   vertex 2.303111e+01 1.578482e+01 3.000000e+00
  endloop
 endfacet
 facet normal 0.000000e+00 0.000000e+00 1.000000e+00
  outer loop
   vertex 2.174353e+01 -1.590990e+00 3.000000e+00
   vertex 2.368089e+01 1.026347e+01 3.000000e+00
   vertex 2.359569e+01 1.063329e+01 3.000000e+00
  endloop
 endfacet
 facet normal 0.000000e+00 0.000000e+00 1.000000e+00
  outer loop
   vertex 2.315541e+01 1.724535e+01 3.000000e+00
   vertex 1.949484e+01 2.286605e+01 3.000000e+00
   vertex 2.303111e+01 1.689352e+01 3.000000e+00
  endloop
 endfacet
 facet normal 0.000000e+00 0.000000e+00 1.000000e+00
  outer loop
   vertex -6.628970e+00 2.610722e+01 3.000000e+00
   vertex -3.358757e+00 1.997577e+01 3.000000e+00
   vertex -3.040559e+00 2.029396e+01 3.000000e+00
  endloop
 endfacet
 facet normal 0.000000e+00 0.000000e+00 1.000000e+00
  outer loop
   vertex -6.628970e+00 2.610722e+01 3.000000e+00
   vertex -1.023011e+01 2.479651e+01 3.000000e+00
   vertex -4.384062e+00 1.895046e+01 3.000000e+00
  endloop
 endfacet
 facet normal -0.000000e+00 0.000000e+00 1.000000e+00
  outer loop
   vertex -6.834182e+00 2.667103e+01 3.000000e+00
   vertex -6.628970e+00 2.610722e+01 3.000000e+00
   vertex -4.136575e+00 2.676399e+01 3.000000e+00
  endloop
 endfacet
 facet normal 0.000000e+00 0.000000e+00 1.000000e+00
  outer loop
   vertex -2.863782e+00 2.549120e+01 3.000000e+00
   vertex -6.628970e+00 2.610722e+01 3.000000e+00
   vertex -3.040559e+00 2.029396e+01 3.000000e+00
  endloop
 endfacet
 facet normal 0.000000e+00 0.000000e+00 1.000000e+00
  outer loop
   vertex -3.358757e+00 1.997577e+01 3.000000e+00
   vertex -6.628970e+00 2.610722e+01 3.000000e+00
   vertex -4.384062e+00 1.895046e+01 3.000000e+00
  endloop
 endfacet
 facet normal 0.000000e+00 0.000000e+00 1.000000e+00
  outer loop
   vertex 2.357531e+01 1.101225e+01 3.000000e+00
   vertex 2.303111e+01 1.578482e+01 3.000000e+00
   vertex 1.664676e+01 2.393304e+01 3.000000e+00
  endloop
 endfacet
 facet normal 0.000000e+00 0.000000e+00 1.000000e+00
  outer loop
   vertex 1.689676e+01 2.436605e+01 3.000000e+00
   vertex 1.664676e+01 2.393304e+01 3.000000e+00
   vertex 1.949484e+01 2.286605e+01 3.000000e+00
  endloop
 endfacet
 facet normal 0.000000e+00 0.000000e+00 1.000000e+00
  outer loop
   vertex 1.240324e+01 2.638304e+01 3.000000e+00
   vertex -1.590990e+00 2.174353e+01 3.000000e+00
   vertex 1.664676e+01 2.393304e+01 3.000000e+00
  endloop
 endfacet
 facet normal 0.000000e+00 0.000000e+00 1.000000e+00
  outer loop
   vertex 1.005516e+01 2.831605e+01 3.000000e+00
   vertex -2.863782e+00 2.549120e+01 3.000000e+00
   vertex -1.590990e+00 2.174353e+01 3.000000e+00
  endloop
 endfacet
 facet normal 0.000000e+00 0.000000e+00 1.000000e+00
  outer loop
   vertex -2.863782e+00 2.549120e+01 3.000000e+00
   vertex -4.136575e+00 2.676399e+01 3.000000e+00
   vertex -6.628970e+00 2.610722e+01 3.000000e+00
  endloop
 endfacet
 facet normal 0.000000e+00 0.000000e+00 1.000000e+00
  outer loop
   vertex -3.040559e+00 2.029396e+01 3.000000e+00
   vertex -1.590990e+00 2.174353e+01 3.000000e+00
   vertex -2.863782e+00 2.549120e+01 3.000000e+00
  endloop
 endfacet
 facet normal 0.000000e+00 0.000000e+00 1.000000e+00
  outer loop
   vertex 1.664676e+01 2.393304e+01 3.000000e+00
   vertex 2.296804e+01 1.615260e+01 3.000000e+00
   vertex 1.949484e+01 2.286605e+01 3.000000e+00
  endloop
 endfacet
 facet normal 0.000000e+00 0.000000e+00 1.000000e+00
  outer loop
   vertex -1.590990e+00 2.174353e+01 3.000000e+00
   vertex 1.240324e+01 2.638304e+01 3.000000e+00
   vertex 1.005516e+01 2.831605e+01 3.000000e+00
  endloop
 endfacet
 facet normal 0.000000e+00 0.000000e+00 1.000000e+00
  outer loop
   vertex 1.949484e+01 2.286605e+01 3.000000e+00
   vertex 2.315541e+01 1.724535e+01 3.000000e+00
   vertex 2.333740e+01 1.757112e+01 3.000000e+00
  endloop
 endfacet
 facet normal 0.000000e+00 0.000000e+00 1.000000e+00
  outer loop
   vertex 2.359569e+01 1.063329e+01 3.000000e+00
   vertex -1.590990e+00 2.174353e+01 3.000000e+00
   vertex 2.174353e+01 -1.590990e+00 3.000000e+00
  endloop
 endfacet
 facet normal 0.000000e+00 0.000000e+00 1.000000e+00
  outer loop
   vertex 2.333740e+01 1.510723e+01 3.000000e+00
   vertex 2.362036e+01 1.138908e+01 3.000000e+00
   vertex 2.372951e+01 1.175256e+01 3.000000e+00
  endloop
 endfacet
 facet normal 0.000000e+00 0.000000e+00 1.000000e+00
  outer loop
   vertex 2.315541e+01 1.543299e+01 3.000000e+00
   vertex 2.362036e+01 1.138908e+01 3.000000e+00
   vertex 2.333740e+01 1.510723e+01 3.000000e+00
  endloop
 endfacet
 facet normal 0.000000e+00 -0.000000e+00 1.000000e+00
  outer loop
   vertex 2.357531e+01 1.101225e+01 3.000000e+00
   vertex 2.362036e+01 1.138908e+01 3.000000e+00
   vertex 2.315541e+01 1.543299e+01 3.000000e+00
  endloop
 endfacet
 facet normal 0.000000e+00 0.000000e+00 1.000000e+00
  outer loop
   vertex 2.174353e+01 -1.590990e+00 3.000000e+00
   vertex 2.429098e+01 9.315590e+00 3.000000e+00
   vertex 2.403379e+01 9.594666e+00 3.000000e+00
  endloop
 endfacet
 facet normal 0.000000e+00 0.000000e+00 1.000000e+00
  outer loop
   vertex 2.174353e+01 -1.590990e+00 3.000000e+00
   vertex 2.459230e+01 9.084867e+00 3.000000e+00
   vertex 2.429098e+01 9.315590e+00 3.000000e+00
  endloop
 endfacet
 facet normal 0.000000e+00 0.000000e+00 1.000000e+00
  outer loop
   vertex 2.385192e+01 1.457038e+01 3.000000e+00
   vertex 2.389950e+01 1.209187e+01 3.000000e+00
   vertex 2.412527e+01 1.239692e+01 3.000000e+00
  endloop
 endfacet
 facet normal 0.000000e+00 0.000000e+00 1.000000e+00
  outer loop
   vertex 2.174353e+01 -1.590990e+00 3.000000e+00
   vertex 2.403379e+01 9.594666e+00 3.000000e+00
   vertex 2.382839e+01 9.913790e+00 3.000000e+00
  endloop
 endfacet
 facet normal 0.000000e+00 0.000000e+00 1.000000e+00
  outer loop
   vertex 2.382839e+01 9.913790e+00 3.000000e+00
   vertex 2.368089e+01 1.026347e+01 3.000000e+00
   vertex 2.174353e+01 -1.590990e+00 3.000000e+00
  endloop
 endfacet
 facet normal 0.000000e+00 0.000000e+00 1.000000e+00
  outer loop
   vertex 2.357181e+01 1.481691e+01 3.000000e+00
   vertex 2.372951e+01 1.175256e+01 3.000000e+00
   vertex 2.389950e+01 1.209187e+01 3.000000e+00
  endloop
 endfacet
 facet normal 0.000000e+00 0.000000e+00 1.000000e+00
  outer loop
   vertex 2.357181e+01 1.481691e+01 3.000000e+00
   vertex 2.333740e+01 1.510723e+01 3.000000e+00
   vertex 2.372951e+01 1.175256e+01 3.000000e+00
  endloop
 endfacet
 facet normal 0.000000e+00 0.000000e+00 1.000000e+00
  outer loop
   vertex 1.949484e+01 2.286605e+01 3.000000e+00
   vertex 2.357181e+01 1.786144e+01 3.000000e+00
   vertex 2.385192e+01 1.810797e+01 3.000000e+00
  endloop
 endfacet
 facet normal 0.000000e+00 0.000000e+00 1.000000e+00
  outer loop
   vertex 1.949484e+01 2.286605e+01 3.000000e+00
   vertex 2.333740e+01 1.757112e+01 3.000000e+00
   vertex 2.357181e+01 1.786144e+01 3.000000e+00
  endloop
 endfacet
 facet normal 0.000000e+00 0.000000e+00 1.000000e+00
  outer loop
   vertex 2.451591e+01 1.423560e+01 3.000000e+00
   vertex 2.416967e+01 1.437473e+01 3.000000e+00
   vertex 2.440011e+01 1.265863e+01 3.000000e+00
  endloop
 endfacet
 facet normal 0.000000e+00 -0.000000e+00 1.000000e+00
  outer loop
   vertex 2.412527e+01 1.239692e+01 3.000000e+00
   vertex 2.416967e+01 1.437473e+01 3.000000e+00
   vertex 2.385192e+01 1.457038e+01 3.000000e+00
  endloop
 endfacet
 facet normal 0.000000e+00 0.000000e+00 1.000000e+00
  outer loop
   vertex 2.440011e+01 1.265863e+01 3.000000e+00
   vertex 2.471584e+01 1.286921e+01 3.000000e+00
   vertex 2.451591e+01 1.423560e+01 3.000000e+00
  endloop
 endfacet
 facet normal 0.000000e+00 0.000000e+00 1.000000e+00
  outer loop
   vertex 1.949484e+01 2.286605e+01 3.000000e+00
   vertex 2.416967e+01 1.830361e+01 3.000000e+00
   vertex 2.451591e+01 1.844274e+01 3.000000e+00
  endloop
 endfacet
 facet normal 0.000000e+00 0.000000e+00 1.000000e+00
  outer loop
   vertex 2.389950e+01 1.209187e+01 3.000000e+00
   vertex 2.385192e+01 1.457038e+01 3.000000e+00
   vertex 2.357181e+01 1.481691e+01 3.000000e+00
  endloop
 endfacet
 facet normal 0.000000e+00 0.000000e+00 1.000000e+00
  outer loop
   vertex 2.440011e+01 1.265863e+01 3.000000e+00
   vertex 2.416967e+01 1.437473e+01 3.000000e+00
   vertex 2.412527e+01 1.239692e+01 3.000000e+00
  endloop
 endfacet
 facet normal 0.000000e+00 0.000000e+00 1.000000e+00
  outer loop
   vertex 1.949484e+01 2.286605e+01 3.000000e+00
   vertex 2.385192e+01 1.810797e+01 3.000000e+00
   vertex 2.416967e+01 1.830361e+01 3.000000e+00
  endloop
 endfacet
 facet normal 0.000000e+00 0.000000e+00 1.000000e+00
  outer loop
   vertex 2.359569e+01 1.063329e+01 3.000000e+00
   vertex 2.357531e+01 1.101225e+01 3.000000e+00
   vertex -1.590990e+00 2.174353e+01 3.000000e+00
  endloop
 endfacet
 facet normal 0.000000e+00 0.000000e+00 1.000000e+00
  outer loop
   vertex 2.459230e+01 9.084867e+00 3.000000e+00
   vertex 2.174353e+01 -1.590990e+00 3.000000e+00
   vertex 2.621361e+01 7.109962e+00 3.000000e+00
  endloop
 endfacet
 facet normal 0.000000e+00 0.000000e+00 1.000000e+00
  outer loop
   vertex 2.194484e+01 2.710958e+01 3.000000e+00
   vertex 1.949484e+01 2.286605e+01 3.000000e+00
   vertex 2.451591e+01 1.844274e+01 3.000000e+00
  endloop
 endfacet
 facet normal 0.000000e+00 0.000000e+00 1.000000e+00
  outer loop
   vertex -1.389224e+01 3.027434e+01 3.000000e+00
   vertex -1.475530e+01 2.932170e+01 3.000000e+00
   vertex -1.368703e+01 2.971053e+01 3.000000e+00
  endloop
 endfacet
 facet normal 0.000000e+00 -0.000000e+00 1.000000e+00
  outer loop
   vertex -1.389224e+01 3.027434e+01 3.000000e+00
   vertex -8.829080e+00 3.596321e+01 3.000000e+00
   vertex -1.888705e+01 3.345345e+01 3.000000e+00
  endloop
 endfacet
 facet normal 0.000000e+00 -0.000000e+00 1.000000e+00
  outer loop
   vertex -1.475530e+01 2.932170e+01 3.000000e+00
   vertex -1.389224e+01 3.027434e+01 3.000000e+00
   vertex -1.888705e+01 3.345345e+01 3.000000e+00
  endloop
 endfacet
 facet normal 0.000000e+00 0.000000e+00 1.000000e+00
  outer loop
   vertex -8.817899e+00 3.212125e+01 3.000000e+00
   vertex -8.829080e+00 3.596321e+01 3.000000e+00
   vertex -1.389224e+01 3.027434e+01 3.000000e+00
  endloop
 endfacet
 facet normal 0.000000e+00 0.000000e+00 1.000000e+00
  outer loop
   vertex -2.978997e+00 3.100372e+01 3.000000e+00
   vertex -5.183552e+00 3.061500e+01 3.000000e+00
   vertex -4.109073e+00 2.766289e+01 3.000000e+00
  endloop
 endfacet
 facet normal 0.000000e+00 0.000000e+00 1.000000e+00
  outer loop
   vertex -8.829080e+00 3.596321e+01 3.000000e+00
   vertex -8.817899e+00 3.212125e+01 3.000000e+00
   vertex -8.086022e+00 3.174912e+01 3.000000e+00
  endloop
 endfacet
 facet normal 0.000000e+00 0.000000e+00 1.000000e+00
  outer loop
   vertex -8.817899e+00 3.212125e+01 3.000000e+00
   vertex -8.612686e+00 3.155743e+01 3.000000e+00
   vertex -8.086022e+00 3.174912e+01 3.000000e+00
  endloop
 endfacet
 facet normal 0.000000e+00 -0.000000e+00 1.000000e+00
  outer loop
   vertex -4.136575e+00 2.676399e+01 3.000000e+00
   vertex -4.109073e+00 2.766289e+01 3.000000e+00
   vertex -6.834182e+00 2.667103e+01 3.000000e+00
  endloop
 endfacet
 facet normal 0.000000e+00 0.000000e+00 1.000000e+00
  outer loop
   vertex -8.829080e+00 3.596321e+01 3.000000e+00
   vertex -4.003521e+00 3.681408e+01 3.000000e+00
   vertex -1.481436e+00 4.013484e+01 3.000000e+00
  endloop
 endfacet
 facet normal 0.000000e+00 0.000000e+00 1.000000e+00
  outer loop
   vertex 2.816688e-15 4.600000e+01 3.000000e+00
   vertex -3.676377e+00 4.585286e+01 3.000000e+00
   vertex -1.481436e+00 4.013484e+01 3.000000e+00
  endloop
 endfacet
 facet normal 0.000000e+00 0.000000e+00 1.000000e+00
  outer loop
   vertex 1.710023e+00 4.275893e+01 3.000000e+00
   vertex 2.816688e-15 4.600000e+01 3.000000e+00
   vertex -1.481436e+00 4.013484e+01 3.000000e+00
  endloop
 endfacet
 facet normal -0.000000e+00 0.000000e+00 1.000000e+00
  outer loop
   vertex -4.003521e+00 3.681408e+01 3.000000e+00
   vertex -2.978997e+00 3.100372e+01 3.000000e+00
   vertex -1.481436e+00 4.013484e+01 3.000000e+00
  endloop
 endfacet
 facet normal 0.000000e+00 -0.000000e+00 1.000000e+00
  outer loop
   vertex -8.829080e+00 3.596321e+01 3.000000e+00
   vertex -1.481436e+00 4.013484e+01 3.000000e+00
   vertex -1.888705e+01 3.345345e+01 3.000000e+00
  endloop
 endfacet
 facet normal -0.000000e+00 0.000000e+00 1.000000e+00
  outer loop
   vertex -1.481436e+00 4.013484e+01 3.000000e+00
   vertex 8.591348e+00 3.949191e+01 3.000000e+00
   vertex 1.710023e+00 4.275893e+01 3.000000e+00
  endloop
 endfacet
 facet normal 0.000000e+00 0.000000e+00 1.000000e+00
  outer loop
   vertex 2.179327e+00 4.572199e+01 3.000000e+00
   vertex 1.205621e+01 4.415765e+01 3.000000e+00
   vertex 6.749602e+00 4.550212e+01 3.000000e+00
  endloop
 endfacet
 facet normal -0.000000e+00 0.000000e+00 1.000000e+00
  outer loop
   vertex 2.179327e+00 4.572199e+01 3.000000e+00
   vertex 6.749602e+00 4.550212e+01 3.000000e+00
   vertex 4.508789e+00 4.577850e+01 3.000000e+00
  endloop
 endfacet
 facet normal 0.000000e+00 0.000000e+00 1.000000e+00
  outer loop
   vertex 2.257113e+00 4.594459e+01 3.000000e+00
   vertex 2.179327e+00 4.572199e+01 3.000000e+00
   vertex 4.508789e+00 4.577850e+01 3.000000e+00
  endloop
 endfacet
 facet normal 0.000000e+00 0.000000e+00 1.000000e+00
  outer loop
   vertex 1.710023e+00 4.275893e+01 3.000000e+00
   vertex 8.591348e+00 3.949191e+01 3.000000e+00
   vertex 1.158691e+01 4.119458e+01 3.000000e+00
  endloop
 endfacet
 facet normal 0.000000e+00 0.000000e+00 1.000000e+00
  outer loop
   vertex 2.816688e-15 4.600000e+01 3.000000e+00
   vertex 2.179327e+00 4.572199e+01 3.000000e+00
   vertex 2.257113e+00 4.594459e+01 3.000000e+00
  endloop
 endfacet
 facet normal 0.000000e+00 0.000000e+00 1.000000e+00
  outer loop
   vertex 2.816688e-15 4.600000e+01 3.000000e+00
   vertex 1.710023e+00 4.275893e+01 3.000000e+00
   vertex 2.179327e+00 4.572199e+01 3.000000e+00
  endloop
 endfacet
 facet normal 0.000000e+00 0.000000e+00 1.000000e+00
  outer loop
   vertex -1.481436e+00 4.013484e+01 3.000000e+00
   vertex -2.978997e+00 3.100372e+01 3.000000e+00
   vertex 8.591348e+00 3.949191e+01 3.000000e+00
  endloop
 endfacet
 facet normal 0.000000e+00 0.000000e+00 1.000000e+00
  outer loop
   vertex -4.136575e+00 2.676399e+01 3.000000e+00
   vertex -2.978997e+00 3.100372e+01 3.000000e+00
   vertex -4.109073e+00 2.766289e+01 3.000000e+00
  endloop
 endfacet
 facet normal 0.000000e+00 0.000000e+00 1.000000e+00
  outer loop
   vertex 9.864140e+00 3.821912e+01 3.000000e+00
   vertex -2.863782e+00 2.549120e+01 3.000000e+00
   vertex 1.005516e+01 2.831605e+01 3.000000e+00
  endloop
 endfacet
 facet normal 0.000000e+00 0.000000e+00 1.000000e+00
  outer loop
   vertex 1.361181e+01 3.694633e+01 3.000000e+00
   vertex 9.864140e+00 3.821912e+01 3.000000e+00
   vertex 1.250516e+01 3.255957e+01 3.000000e+00
  endloop
 endfacet
 facet normal 0.000000e+00 -0.000000e+00 1.000000e+00
  outer loop
   vertex 1.005516e+01 2.831605e+01 3.000000e+00
   vertex 1.250516e+01 3.255957e+01 3.000000e+00
   vertex 9.864140e+00 3.821912e+01 3.000000e+00
  endloop
 endfacet
 facet normal -0.000000e+00 0.000000e+00 1.000000e+00
  outer loop
   vertex 1.250516e+01 3.255957e+01 3.000000e+00
   vertex 1.535324e+01 3.149259e+01 3.000000e+00
   vertex 1.361181e+01 3.694633e+01 3.000000e+00
  endloop
 endfacet
 facet normal 0.000000e+00 0.000000e+00 1.000000e+00
  outer loop
   vertex 1.361181e+01 3.694633e+01 3.000000e+00
   vertex 1.158691e+01 4.119458e+01 3.000000e+00
   vertex 9.864140e+00 3.821912e+01 3.000000e+00
  endloop
 endfacet
 facet normal 0.000000e+00 -0.000000e+00 1.000000e+00
  outer loop
   vertex 9.864140e+00 3.821912e+01 3.000000e+00
   vertex 1.158691e+01 4.119458e+01 3.000000e+00
   vertex 8.591348e+00 3.949191e+01 3.000000e+00
  endloop
 endfacet
 facet normal 0.000000e+00 0.000000e+00 1.000000e+00
  outer loop
   vertex 1.959676e+01 2.904259e+01 3.000000e+00
   vertex 1.934676e+01 2.860958e+01 3.000000e+00
   vertex 2.194484e+01 2.710958e+01 3.000000e+00
  endloop
 endfacet
 facet normal -0.000000e+00 -0.000000e+00 1.000000e+00
  outer loop
   vertex 2.194484e+01 2.710958e+01 3.000000e+00
   vertex 3.694633e+01 1.361181e+01 3.000000e+00
   vertex 1.361181e+01 3.694633e+01 3.000000e+00
  endloop
 endfacet
 facet normal -0.000000e+00 -0.000000e+00 1.000000e+00
  outer loop
   vertex 1.535324e+01 3.149259e+01 3.000000e+00
   vertex 1.959676e+01 2.904259e+01 3.000000e+00
   vertex 1.361181e+01 3.694633e+01 3.000000e+00
  endloop
 endfacet
 facet normal 0.000000e+00 -0.000000e+00 1.000000e+00
  outer loop
   vertex 1.510324e+01 3.105958e+01 3.000000e+00
   vertex 1.535324e+01 3.149259e+01 3.000000e+00
   vertex 1.250516e+01 3.255957e+01 3.000000e+00
  endloop
 endfacet
 facet normal 0.000000e+00 0.000000e+00 1.000000e+00
  outer loop
   vertex 2.364873e+01 3.945552e+01 3.000000e+00
   vertex 1.647559e+01 3.981011e+01 3.000000e+00
   vertex 2.555623e+01 3.824760e+01 3.000000e+00
  endloop
 endfacet
 facet normal 0.000000e+00 0.000000e+00 1.000000e+00
  outer loop
   vertex 1.506137e+01 3.839590e+01 3.000000e+00
   vertex 1.158691e+01 4.119458e+01 3.000000e+00
   vertex 1.361181e+01 3.694633e+01 3.000000e+00
  endloop
 endfacet
 facet normal 0.000000e+00 0.000000e+00 1.000000e+00
  outer loop
   vertex 1.549693e+01 4.331103e+01 3.000000e+00
   vertex 1.335310e+01 4.401926e+01 3.000000e+00
   vertex 1.158691e+01 4.119458e+01 3.000000e+00
  endloop
 endfacet
 facet normal 0.000000e+00 -0.000000e+00 1.000000e+00
  outer loop
   vertex 1.506137e+01 3.839590e+01 3.000000e+00
   vertex 1.537957e+01 3.871410e+01 3.000000e+00
   vertex 1.158691e+01 4.119458e+01 3.000000e+00
  endloop
 endfacet
 facet normal 0.000000e+00 -0.000000e+00 1.000000e+00
  outer loop
   vertex 1.537957e+01 3.871410e+01 3.000000e+00
   vertex 1.549693e+01 4.331103e+01 3.000000e+00
   vertex 1.158691e+01 4.119458e+01 3.000000e+00
  endloop
 endfacet
 facet normal 0.000000e+00 0.000000e+00 1.000000e+00
  outer loop
   vertex 1.205621e+01 4.415765e+01 3.000000e+00
   vertex 1.158691e+01 4.119458e+01 3.000000e+00
   vertex 1.335310e+01 4.401926e+01 3.000000e+00
  endloop
 endfacet
 facet normal 0.000000e+00 0.000000e+00 1.000000e+00
  outer loop
   vertex 8.974154e+00 4.511612e+01 3.000000e+00
   vertex 6.749602e+00 4.550212e+01 3.000000e+00
   vertex 1.205621e+01 4.415765e+01 3.000000e+00
  endloop
 endfacet
 facet normal 0.000000e+00 0.000000e+00 1.000000e+00
  outer loop
   vertex 8.974154e+00 4.511612e+01 3.000000e+00
   vertex 1.205621e+01 4.415765e+01 3.000000e+00
   vertex 1.117709e+01 4.462144e+01 3.000000e+00
  endloop
 endfacet
 facet normal 0.000000e+00 0.000000e+00 1.000000e+00
  outer loop
   vertex 1.335310e+01 4.401926e+01 3.000000e+00
   vertex 1.117709e+01 4.462144e+01 3.000000e+00
   vertex 1.205621e+01 4.415765e+01 3.000000e+00
  endloop
 endfacet
 facet normal 0.000000e+00 0.000000e+00 1.000000e+00
  outer loop
   vertex 1.361181e+01 3.694633e+01 3.000000e+00
   vertex 1.959676e+01 2.904259e+01 3.000000e+00
   vertex 2.194484e+01 2.710958e+01 3.000000e+00
  endloop
 endfacet
 facet normal 0.000000e+00 0.000000e+00 1.000000e+00
  outer loop
   vertex 1.966753e+01 4.158351e+01 3.000000e+00
   vertex 1.647559e+01 3.981011e+01 3.000000e+00
   vertex 2.168425e+01 4.056838e+01 3.000000e+00
  endloop
 endfacet
 facet normal 0.000000e+00 0.000000e+00 1.000000e+00
  outer loop
   vertex 1.549693e+01 4.331103e+01 3.000000e+00
   vertex 1.647559e+01 3.981011e+01 3.000000e+00
   vertex 1.760344e+01 4.249846e+01 3.000000e+00
  endloop
 endfacet
 facet normal 0.000000e+00 0.000000e+00 1.000000e+00
  outer loop
   vertex 1.966753e+01 4.158351e+01 3.000000e+00
   vertex 1.760344e+01 4.249846e+01 3.000000e+00
   vertex 1.647559e+01 3.981011e+01 3.000000e+00
  endloop
 endfacet
 facet normal 0.000000e+00 0.000000e+00 1.000000e+00
  outer loop
   vertex 1.537957e+01 3.871410e+01 3.000000e+00
   vertex 1.647559e+01 3.981011e+01 3.000000e+00
   vertex 1.549693e+01 4.331103e+01 3.000000e+00
  endloop
 endfacet
 facet normal -0.000000e+00 0.000000e+00 1.000000e+00
  outer loop
   vertex 1.647559e+01 3.981011e+01 3.000000e+00
   vertex 2.364873e+01 3.945552e+01 3.000000e+00
   vertex 2.168425e+01 4.056838e+01 3.000000e+00
  endloop
 endfacet
 facet normal -0.000000e+00 -0.000000e+00 1.000000e+00
  outer loop
   vertex 2.598040e+01 1.838053e+01 3.000000e+00
   vertex 2.631359e+01 1.821254e+01 3.000000e+00
   vertex 2.194484e+01 2.710958e+01 3.000000e+00
  endloop
 endfacet
 facet normal 0.000000e+00 0.000000e+00 1.000000e+00
  outer loop
   vertex 8.591348e+00 3.949191e+01 3.000000e+00
   vertex -2.978997e+00 3.100372e+01 3.000000e+00
   vertex -4.136575e+00 2.676399e+01 3.000000e+00
  endloop
 endfacet
 facet normal 0.000000e+00 0.000000e+00 1.000000e+00
  outer loop
   vertex 1.005516e+01 2.831605e+01 3.000000e+00
   vertex 1.240324e+01 2.638304e+01 3.000000e+00
   vertex 1.265324e+01 2.681605e+01 3.000000e+00
  endloop
 endfacet
 facet normal 0.000000e+00 0.000000e+00 1.000000e+00
  outer loop
   vertex 2.488068e+01 1.852135e+01 3.000000e+00
   vertex 2.194484e+01 2.710958e+01 3.000000e+00
   vertex 2.451591e+01 1.844274e+01 3.000000e+00
  endloop
 endfacet
 facet normal 0.000000e+00 0.000000e+00 1.000000e+00
  outer loop
   vertex 2.604573e+01 8.757300e+00 3.000000e+00
   vertex 2.566649e+01 8.743107e+00 3.000000e+00
   vertex 2.621361e+01 7.109962e+00 3.000000e+00
  endloop
 endfacet
 facet normal 0.000000e+00 0.000000e+00 1.000000e+00
  outer loop
   vertex 2.529044e+01 8.794303e+00 3.000000e+00
   vertex 2.621361e+01 7.109962e+00 3.000000e+00
   vertex 2.566649e+01 8.743107e+00 3.000000e+00
  endloop
 endfacet
 facet normal 0.000000e+00 0.000000e+00 1.000000e+00
  outer loop
   vertex 2.621361e+01 7.109962e+00 3.000000e+00
   vertex 2.529044e+01 8.794303e+00 3.000000e+00
   vertex 2.492879e+01 8.909364e+00 3.000000e+00
  endloop
 endfacet
 facet normal 0.000000e+00 0.000000e+00 1.000000e+00
  outer loop
   vertex 2.604573e+01 8.757300e+00 3.000000e+00
   vertex 2.621361e+01 7.109962e+00 3.000000e+00
   vertex 2.670601e+01 7.196786e+00 3.000000e+00
  endloop
 endfacet
 facet normal 0.000000e+00 0.000000e+00 1.000000e+00
  outer loop
   vertex 2.621361e+01 7.109962e+00 3.000000e+00
   vertex 2.492879e+01 8.909364e+00 3.000000e+00
   vertex 2.459230e+01 9.084867e+00 3.000000e+00
  endloop
 endfacet
 facet normal 0.000000e+00 0.000000e+00 1.000000e+00
  outer loop
   vertex 2.755689e+01 2.371228e+00 3.000000e+00
   vertex 2.706449e+01 2.284404e+00 3.000000e+00
   vertex 2.807784e+01 -5.831950e-01 3.000000e+00
  endloop
 endfacet
 facet normal 0.000000e+00 0.000000e+00 1.000000e+00
  outer loop
   vertex 2.174353e+01 -1.590990e+00 3.000000e+00
   vertex 2.807784e+01 -5.831950e-01 3.000000e+00
   vertex 2.706449e+01 2.284404e+00 3.000000e+00
  endloop
 endfacet
 facet normal 0.000000e+00 0.000000e+00 1.000000e+00
  outer loop
   vertex 2.670601e+01 7.196786e+00 3.000000e+00
   vertex 2.641690e+01 8.836461e+00 3.000000e+00
   vertex 2.604573e+01 8.757300e+00 3.000000e+00
  endloop
 endfacet
 facet normal 0.000000e+00 0.000000e+00 1.000000e+00
  outer loop
   vertex 2.621361e+01 7.109962e+00 3.000000e+00
   vertex 2.174353e+01 -1.590990e+00 3.000000e+00
   vertex 2.706449e+01 2.284404e+00 3.000000e+00
  endloop
 endfacet
 facet normal 0.000000e+00 0.000000e+00 1.000000e+00
  outer loop
   vertex 3.101063e+01 1.100209e+01 3.000000e+00
   vertex 2.746964e+01 1.234235e+01 3.000000e+00
   vertex 2.768535e+01 1.203009e+01 3.000000e+00
  endloop
 endfacet
 facet normal 0.000000e+00 0.000000e+00 1.000000e+00
  outer loop
   vertex 2.720349e+01 1.261288e+01 3.000000e+00
   vertex 2.687180e+01 1.495709e+01 3.000000e+00
   vertex 2.689480e+01 1.283365e+01 3.000000e+00
  endloop
 endfacet
 facet normal 0.000000e+00 0.000000e+00 1.000000e+00
  outer loop
   vertex 2.708075e+01 1.526624e+01 3.000000e+00
   vertex 2.720349e+01 1.261288e+01 3.000000e+00
   vertex 2.746964e+01 1.234235e+01 3.000000e+00
  endloop
 endfacet
 facet normal 0.000000e+00 0.000000e+00 1.000000e+00
  outer loop
   vertex 3.101063e+01 1.100209e+01 3.000000e+00
   vertex 2.796066e+01 1.069734e+01 3.000000e+00
   vertex 2.792040e+01 1.045719e+01 3.000000e+00
  endloop
 endfacet
 facet normal 0.000000e+00 0.000000e+00 1.000000e+00
  outer loop
   vertex 3.101063e+01 1.100209e+01 3.000000e+00
   vertex 2.797414e+01 1.094047e+01 3.000000e+00
   vertex 2.796066e+01 1.069734e+01 3.000000e+00
  endloop
 endfacet
 facet normal 0.000000e+00 0.000000e+00 1.000000e+00
  outer loop
   vertex 3.101063e+01 1.100209e+01 3.000000e+00
   vertex 2.784418e+01 1.168542e+01 3.000000e+00
   vertex 2.794140e+01 1.131857e+01 3.000000e+00
  endloop
 endfacet
 facet normal 0.000000e+00 -0.000000e+00 1.000000e+00
  outer loop
   vertex 2.797414e+01 1.094047e+01 3.000000e+00
   vertex 3.101063e+01 1.100209e+01 3.000000e+00
   vertex 2.794140e+01 1.131857e+01 3.000000e+00
  endloop
 endfacet
 facet normal 0.000000e+00 0.000000e+00 1.000000e+00
  outer loop
   vertex 2.768535e+01 1.203009e+01 3.000000e+00
   vertex 2.784418e+01 1.168542e+01 3.000000e+00
   vertex 3.101063e+01 1.100209e+01 3.000000e+00
  endloop
 endfacet
 facet normal 0.000000e+00 0.000000e+00 1.000000e+00
  outer loop
   vertex 2.723445e+01 1.560626e+01 3.000000e+00
   vertex 2.746964e+01 1.234235e+01 3.000000e+00
   vertex 3.101063e+01 1.100209e+01 3.000000e+00
  endloop
 endfacet
 facet normal 0.000000e+00 0.000000e+00 1.000000e+00
  outer loop
   vertex 3.101063e+01 1.100209e+01 3.000000e+00
   vertex 3.153157e+01 8.047663e+00 3.000000e+00
   vertex 3.202398e+01 8.134486e+00 3.000000e+00
  endloop
 endfacet
 facet normal 0.000000e+00 0.000000e+00 1.000000e+00
  outer loop
   vertex 3.857542e+01 -1.331116e+01 3.000000e+00
   vertex 3.898423e+01 -2.441783e+01 3.000000e+00
   vertex 4.059544e+01 -2.163354e+01 3.000000e+00
  endloop
 endfacet
 facet normal 0.000000e+00 0.000000e+00 1.000000e+00
  outer loop
   vertex 3.857542e+01 -1.331116e+01 3.000000e+00
   vertex 4.200813e+01 -1.874345e+01 3.000000e+00
   vertex 4.150986e+01 -1.393490e+01 3.000000e+00
  endloop
 endfacet
 facet normal 0.000000e+00 0.000000e+00 1.000000e+00
  outer loop
   vertex 4.499097e+01 -9.581910e+00 3.000000e+00
   vertex 4.358898e+01 -4.153420e+00 3.000000e+00
   vertex 4.150986e+01 -1.393490e+01 3.000000e+00
  endloop
 endfacet
 facet normal 0.000000e+00 0.000000e+00 1.000000e+00
  outer loop
   vertex 3.290339e+01 2.676811e-01 3.000000e+00
   vertex 3.857542e+01 -1.331116e+01 3.000000e+00
   vertex 4.065454e+01 -3.529685e+00 3.000000e+00
  endloop
 endfacet
 facet normal 0.000000e+00 0.000000e+00 1.000000e+00
  outer loop
   vertex 4.200813e+01 -1.874345e+01 3.000000e+00
   vertex 3.857542e+01 -1.331116e+01 3.000000e+00
   vertex 4.059544e+01 -2.163354e+01 3.000000e+00
  endloop
 endfacet
 facet normal -0.000000e+00 0.000000e+00 1.000000e+00
  outer loop
   vertex 2.807784e+01 -5.831950e-01 3.000000e+00
   vertex 3.857542e+01 -1.331116e+01 3.000000e+00
   vertex 3.290339e+01 2.676811e-01 3.000000e+00
  endloop
 endfacet
 facet normal -0.000000e+00 0.000000e+00 1.000000e+00
  outer loop
   vertex 4.150986e+01 -1.393490e+01 3.000000e+00
   vertex 4.321538e+01 -1.576170e+01 3.000000e+00
   vertex 4.421128e+01 -1.270287e+01 3.000000e+00
  endloop
 endfacet
 facet normal 0.000000e+00 0.000000e+00 1.000000e+00
  outer loop
   vertex 4.150986e+01 -1.393490e+01 3.000000e+00
   vertex 4.421128e+01 -1.270287e+01 3.000000e+00
   vertex 4.499097e+01 -9.581910e+00 3.000000e+00
  endloop
 endfacet
 facet normal 0.000000e+00 0.000000e+00 1.000000e+00
  outer loop
   vertex 4.555062e+01 -6.414093e+00 3.000000e+00
   vertex 4.358898e+01 -4.153420e+00 3.000000e+00
   vertex 4.499097e+01 -9.581910e+00 3.000000e+00
  endloop
 endfacet
 facet normal 0.000000e+00 0.000000e+00 1.000000e+00
  outer loop
   vertex 4.588752e+01 -3.214908e+00 3.000000e+00
   vertex 4.358898e+01 -4.153420e+00 3.000000e+00
   vertex 4.555062e+01 -6.414093e+00 3.000000e+00
  endloop
 endfacet
 facet normal 0.000000e+00 -0.000000e+00 1.000000e+00
  outer loop
   vertex 4.200813e+01 -1.874345e+01 3.000000e+00
   vertex 4.321538e+01 -1.576170e+01 3.000000e+00
   vertex 4.150986e+01 -1.393490e+01 3.000000e+00
  endloop
 endfacet
 facet normal 0.000000e+00 0.000000e+00 1.000000e+00
  outer loop
   vertex 4.600000e+01 0.000000e+00 3.000000e+00
   vertex 4.065454e+01 -3.529685e+00 3.000000e+00
   vertex 4.358898e+01 -4.153420e+00 3.000000e+00
  endloop
 endfacet
 facet normal 0.000000e+00 0.000000e+00 1.000000e+00
  outer loop
   vertex 3.287486e+01 3.308928e+00 3.000000e+00
   vertex 3.238245e+01 3.222104e+00 3.000000e+00
   vertex 3.290339e+01 2.676811e-01 3.000000e+00
  endloop
 endfacet
 facet normal 0.000000e+00 0.000000e+00 1.000000e+00
  outer loop
   vertex 3.694633e+01 1.361181e+01 3.000000e+00
   vertex 3.287486e+01 3.308928e+00 3.000000e+00
   vertex 4.511612e+01 8.974154e+00 3.000000e+00
  endloop
 endfacet
 facet normal 0.000000e+00 0.000000e+00 1.000000e+00
  outer loop
   vertex 3.694633e+01 1.361181e+01 3.000000e+00
   vertex 3.202398e+01 8.134486e+00 3.000000e+00
   vertex 3.287486e+01 3.308928e+00 3.000000e+00
  endloop
 endfacet
 facet normal 0.000000e+00 0.000000e+00 1.000000e+00
  outer loop
   vertex 3.694633e+01 1.361181e+01 3.000000e+00
   vertex 3.101063e+01 1.100209e+01 3.000000e+00
   vertex 3.202398e+01 8.134486e+00 3.000000e+00
  endloop
 endfacet
 facet normal 0.000000e+00 0.000000e+00 1.000000e+00
  outer loop
   vertex 3.287486e+01 3.308928e+00 3.000000e+00
   vertex 3.290339e+01 2.676811e-01 3.000000e+00
   vertex 4.065454e+01 -3.529685e+00 3.000000e+00
  endloop
 endfacet
 facet normal 0.000000e+00 0.000000e+00 1.000000e+00
  outer loop
   vertex 4.577850e+01 4.508789e+00 3.000000e+00
   vertex 4.065454e+01 -3.529685e+00 3.000000e+00
   vertex 4.594459e+01 2.257113e+00 3.000000e+00
  endloop
 endfacet
 facet normal 0.000000e+00 -0.000000e+00 1.000000e+00
  outer loop
   vertex 4.065454e+01 -3.529685e+00 3.000000e+00
   vertex 4.577850e+01 4.508789e+00 3.000000e+00
   vertex 3.287486e+01 3.308928e+00 3.000000e+00
  endloop
 endfacet
 facet normal 0.000000e+00 0.000000e+00 1.000000e+00
  outer loop
   vertex 3.287486e+01 3.308928e+00 3.000000e+00
   vertex 4.550212e+01 6.749602e+00 3.000000e+00
   vertex 4.511612e+01 8.974154e+00 3.000000e+00
  endloop
 endfacet
 facet normal 0.000000e+00 0.000000e+00 1.000000e+00
  outer loop
   vertex 4.550212e+01 6.749602e+00 3.000000e+00
   vertex 3.287486e+01 3.308928e+00 3.000000e+00
   vertex 4.577850e+01 4.508789e+00 3.000000e+00
  endloop
 endfacet
 facet normal 0.000000e+00 0.000000e+00 1.000000e+00
  outer loop
   vertex 4.594459e+01 2.257113e+00 3.000000e+00
   vertex 4.065454e+01 -3.529685e+00 3.000000e+00
   vertex 4.600000e+01 0.000000e+00 3.000000e+00
  endloop
 endfacet
 facet normal 0.000000e+00 0.000000e+00 1.000000e+00
  outer loop
   vertex 4.600000e+01 0.000000e+00 3.000000e+00
   vertex 4.358898e+01 -4.153420e+00 3.000000e+00
   vertex 4.588752e+01 -3.214908e+00 3.000000e+00
  endloop
 endfacet
 facet normal 0.000000e+00 0.000000e+00 1.000000e+00
  outer loop
   vertex 3.857542e+01 -1.331116e+01 3.000000e+00
   vertex 2.807784e+01 -5.831950e-01 3.000000e+00
   vertex 1.997577e+01 -3.358757e+00 3.000000e+00
  endloop
 endfacet
 facet normal 0.000000e+00 0.000000e+00 1.000000e+00
  outer loop
   vertex 3.857542e+01 -1.331116e+01 3.000000e+00
   vertex 1.895046e+01 -4.384062e+00 3.000000e+00
   vertex 3.898423e+01 -2.441783e+01 3.000000e+00
  endloop
 endfacet
 facet normal 0.000000e+00 0.000000e+00 1.000000e+00
  outer loop
   vertex 3.694633e+01 1.361181e+01 3.000000e+00
   vertex 4.511612e+01 8.974154e+00 3.000000e+00
   vertex 4.462144e+01 1.117709e+01 3.000000e+00
  endloop
 endfacet
 facet normal 0.000000e+00 0.000000e+00 1.000000e+00
  outer loop
   vertex 2.525349e+01 1.414115e+01 3.000000e+00
   vertex 2.506307e+01 1.302239e+01 3.000000e+00
   vertex 2.543145e+01 1.311362e+01 3.000000e+00
  endloop
 endfacet
 facet normal 0.000000e+00 -0.000000e+00 1.000000e+00
  outer loop
   vertex 2.506307e+01 1.302239e+01 3.000000e+00
   vertex 2.525349e+01 1.414115e+01 3.000000e+00
   vertex 2.488068e+01 1.415699e+01 3.000000e+00
  endloop
 endfacet
 facet normal 0.000000e+00 -0.000000e+00 1.000000e+00
  outer loop
   vertex 2.543145e+01 1.311362e+01 3.000000e+00
   vertex 2.562361e+01 1.418855e+01 3.000000e+00
   vertex 2.525349e+01 1.414115e+01 3.000000e+00
  endloop
 endfacet
 facet normal 0.000000e+00 0.000000e+00 1.000000e+00
  outer loop
   vertex 2.562361e+01 1.418855e+01 3.000000e+00
   vertex 2.543145e+01 1.311362e+01 3.000000e+00
   vertex 2.581003e+01 1.314018e+01 3.000000e+00
  endloop
 endfacet
 facet normal 0.000000e+00 0.000000e+00 1.000000e+00
  outer loop
   vertex 2.471584e+01 1.286921e+01 3.000000e+00
   vertex 2.506307e+01 1.302239e+01 3.000000e+00
   vertex 2.488068e+01 1.415699e+01 3.000000e+00
  endloop
 endfacet
 facet normal 0.000000e+00 0.000000e+00 1.000000e+00
  outer loop
   vertex 2.631359e+01 1.446581e+01 3.000000e+00
   vertex 2.618754e+01 1.310128e+01 3.000000e+00
   vertex 2.655276e+01 1.299808e+01 3.000000e+00
  endloop
 endfacet
 facet normal 0.000000e+00 0.000000e+00 1.000000e+00
  outer loop
   vertex 2.598040e+01 1.429782e+01 3.000000e+00
   vertex 2.581003e+01 1.314018e+01 3.000000e+00
   vertex 2.618754e+01 1.310128e+01 3.000000e+00
  endloop
 endfacet
 facet normal 0.000000e+00 -0.000000e+00 1.000000e+00
  outer loop
   vertex 2.618754e+01 1.310128e+01 3.000000e+00
   vertex 2.631359e+01 1.446581e+01 3.000000e+00
   vertex 2.598040e+01 1.429782e+01 3.000000e+00
  endloop
 endfacet
 facet normal 0.000000e+00 -0.000000e+00 1.000000e+00
  outer loop
   vertex 2.655276e+01 1.299808e+01 3.000000e+00
   vertex 2.661360e+01 1.468769e+01 3.000000e+00
   vertex 2.631359e+01 1.446581e+01 3.000000e+00
  endloop
 endfacet
 facet normal -0.000000e+00 0.000000e+00 1.000000e+00
  outer loop
   vertex 2.655276e+01 1.299808e+01 3.000000e+00
   vertex 2.689480e+01 1.283365e+01 3.000000e+00
   vertex 2.661360e+01 1.468769e+01 3.000000e+00
  endloop
 endfacet
 facet normal -0.000000e+00 0.000000e+00 1.000000e+00
  outer loop
   vertex 2.562361e+01 1.418855e+01 3.000000e+00
   vertex 2.581003e+01 1.314018e+01 3.000000e+00
   vertex 2.598040e+01 1.429782e+01 3.000000e+00
  endloop
 endfacet
 facet normal -0.000000e+00 -0.000000e+00 1.000000e+00
  outer loop
   vertex 2.562361e+01 1.848979e+01 3.000000e+00
   vertex 2.598040e+01 1.838053e+01 3.000000e+00
   vertex 2.194484e+01 2.710958e+01 3.000000e+00
  endloop
 endfacet
 facet normal 0.000000e+00 0.000000e+00 1.000000e+00
  outer loop
   vertex 1.647559e+01 3.981011e+01 3.000000e+00
   vertex 2.740217e+01 3.694755e+01 3.000000e+00
   vertex 2.555623e+01 3.824760e+01 3.000000e+00
  endloop
 endfacet
 facet normal 0.000000e+00 0.000000e+00 1.000000e+00
  outer loop
   vertex 2.194484e+01 2.710958e+01 3.000000e+00
   vertex 2.525349e+01 1.853719e+01 3.000000e+00
   vertex 2.562361e+01 1.848979e+01 3.000000e+00
  endloop
 endfacet
 facet normal 0.000000e+00 0.000000e+00 1.000000e+00
  outer loop
   vertex 2.194484e+01 2.710958e+01 3.000000e+00
   vertex 2.488068e+01 1.852135e+01 3.000000e+00
   vertex 2.525349e+01 1.853719e+01 3.000000e+00
  endloop
 endfacet
 facet normal 0.000000e+00 0.000000e+00 1.000000e+00
  outer loop
   vertex 2.194484e+01 2.710958e+01 3.000000e+00
   vertex 2.631359e+01 1.821254e+01 3.000000e+00
   vertex 2.661360e+01 1.799065e+01 3.000000e+00
  endloop
 endfacet
 facet normal 0.000000e+00 0.000000e+00 1.000000e+00
  outer loop
   vertex 2.687180e+01 1.495709e+01 3.000000e+00
   vertex 2.661360e+01 1.468769e+01 3.000000e+00
   vertex 2.689480e+01 1.283365e+01 3.000000e+00
  endloop
 endfacet
 facet normal 0.000000e+00 0.000000e+00 1.000000e+00
  outer loop
   vertex 3.694633e+01 1.361181e+01 3.000000e+00
   vertex 2.687180e+01 1.772125e+01 3.000000e+00
   vertex 2.708075e+01 1.741210e+01 3.000000e+00
  endloop
 endfacet
 facet normal -0.000000e+00 -0.000000e+00 1.000000e+00
  outer loop
   vertex 2.723445e+01 1.707208e+01 3.000000e+00
   vertex 3.694633e+01 1.361181e+01 3.000000e+00
   vertex 2.708075e+01 1.741210e+01 3.000000e+00
  endloop
 endfacet
 facet normal 0.000000e+00 0.000000e+00 1.000000e+00
  outer loop
   vertex 2.720349e+01 1.261288e+01 3.000000e+00
   vertex 2.708075e+01 1.526624e+01 3.000000e+00
   vertex 2.687180e+01 1.495709e+01 3.000000e+00
  endloop
 endfacet
 facet normal 0.000000e+00 0.000000e+00 1.000000e+00
  outer loop
   vertex 2.732847e+01 1.596737e+01 3.000000e+00
   vertex 2.723445e+01 1.560626e+01 3.000000e+00
   vertex 3.101063e+01 1.100209e+01 3.000000e+00
  endloop
 endfacet
 facet normal 0.000000e+00 0.000000e+00 1.000000e+00
  outer loop
   vertex 3.694633e+01 1.361181e+01 3.000000e+00
   vertex 2.732847e+01 1.671097e+01 3.000000e+00
   vertex 2.736012e+01 1.633917e+01 3.000000e+00
  endloop
 endfacet
 facet normal 0.000000e+00 0.000000e+00 1.000000e+00
  outer loop
   vertex 3.694633e+01 1.361181e+01 3.000000e+00
   vertex 2.723445e+01 1.707208e+01 3.000000e+00
   vertex 2.732847e+01 1.671097e+01 3.000000e+00
  endloop
 endfacet
 facet normal -0.000000e+00 0.000000e+00 1.000000e+00
  outer loop
   vertex 2.732847e+01 1.596737e+01 3.000000e+00
   vertex 3.101063e+01 1.100209e+01 3.000000e+00
   vertex 2.736012e+01 1.633917e+01 3.000000e+00
  endloop
 endfacet
 facet normal 0.000000e+00 0.000000e+00 1.000000e+00
  outer loop
   vertex 3.839590e+01 1.506137e+01 3.000000e+00
   vertex 3.694633e+01 1.361181e+01 3.000000e+00
   vertex 4.401926e+01 1.335310e+01 3.000000e+00
  endloop
 endfacet
 facet normal 0.000000e+00 0.000000e+00 1.000000e+00
  outer loop
   vertex 3.694633e+01 1.361181e+01 3.000000e+00
   vertex 2.736012e+01 1.633917e+01 3.000000e+00
   vertex 3.101063e+01 1.100209e+01 3.000000e+00
  endloop
 endfacet
 facet normal 0.000000e+00 0.000000e+00 1.000000e+00
  outer loop
   vertex 3.871410e+01 1.537957e+01 3.000000e+00
   vertex 3.839590e+01 1.506137e+01 3.000000e+00
   vertex 4.401926e+01 1.335310e+01 3.000000e+00
  endloop
 endfacet
 facet normal 0.000000e+00 0.000000e+00 1.000000e+00
  outer loop
   vertex 3.981011e+01 1.647559e+01 3.000000e+00
   vertex 3.871410e+01 1.537957e+01 3.000000e+00
   vertex 4.331103e+01 1.549693e+01 3.000000e+00
  endloop
 endfacet
 facet normal 0.000000e+00 0.000000e+00 1.000000e+00
  outer loop
   vertex 4.401926e+01 1.335310e+01 3.000000e+00
   vertex 4.331103e+01 1.549693e+01 3.000000e+00
   vertex 3.871410e+01 1.537957e+01 3.000000e+00
  endloop
 endfacet
 facet normal 0.000000e+00 0.000000e+00 1.000000e+00
  outer loop
   vertex 4.249846e+01 1.760344e+01 3.000000e+00
   vertex 3.981011e+01 1.647559e+01 3.000000e+00
   vertex 4.331103e+01 1.549693e+01 3.000000e+00
  endloop
 endfacet
 facet normal 0.000000e+00 0.000000e+00 1.000000e+00
  outer loop
   vertex 3.694633e+01 1.361181e+01 3.000000e+00
   vertex 2.194484e+01 2.710958e+01 3.000000e+00
   vertex 2.661360e+01 1.799065e+01 3.000000e+00
  endloop
 endfacet
 facet normal 0.000000e+00 0.000000e+00 1.000000e+00
  outer loop
   vertex 2.723445e+01 1.560626e+01 3.000000e+00
   vertex 2.708075e+01 1.526624e+01 3.000000e+00
   vertex 2.746964e+01 1.234235e+01 3.000000e+00
  endloop
 endfacet
 facet normal 0.000000e+00 0.000000e+00 1.000000e+00
  outer loop
   vertex 3.945552e+01 2.364873e+01 3.000000e+00
   vertex 3.981011e+01 1.647559e+01 3.000000e+00
   vertex 4.056838e+01 2.168425e+01 3.000000e+00
  endloop
 endfacet
 facet normal 0.000000e+00 0.000000e+00 1.000000e+00
  outer loop
   vertex 3.252691e+01 3.252691e+01 3.000000e+00
   vertex 3.981011e+01 1.647559e+01 3.000000e+00
   vertex 3.408375e+01 3.089171e+01 3.000000e+00
  endloop
 endfacet
 facet normal 0.000000e+00 0.000000e+00 1.000000e+00
  outer loop
   vertex 1.647559e+01 3.981011e+01 3.000000e+00
   vertex 3.981011e+01 1.647559e+01 3.000000e+00
   vertex 3.252691e+01 3.252691e+01 3.000000e+00
  endloop
 endfacet
 facet normal 0.000000e+00 0.000000e+00 1.000000e+00
  outer loop
   vertex 2.918209e+01 3.555848e+01 3.000000e+00
   vertex 1.647559e+01 3.981011e+01 3.000000e+00
   vertex 3.089171e+01 3.408375e+01 3.000000e+00
  endloop
 endfacet
 facet normal 0.000000e+00 0.000000e+00 1.000000e+00
  outer loop
   vertex 3.252691e+01 3.252691e+01 3.000000e+00
   vertex 3.089171e+01 3.408375e+01 3.000000e+00
   vertex 1.647559e+01 3.981011e+01 3.000000e+00
  endloop
 endfacet
 facet normal 0.000000e+00 0.000000e+00 1.000000e+00
  outer loop
   vertex 1.647559e+01 3.981011e+01 3.000000e+00
   vertex 2.918209e+01 3.555848e+01 3.000000e+00
   vertex 2.740217e+01 3.694755e+01 3.000000e+00
  endloop
 endfacet
 facet normal 0.000000e+00 0.000000e+00 1.000000e+00
  outer loop
   vertex 4.056838e+01 2.168425e+01 3.000000e+00
   vertex 3.981011e+01 1.647559e+01 3.000000e+00
   vertex 4.158351e+01 1.966753e+01 3.000000e+00
  endloop
 endfacet
 facet normal 0.000000e+00 0.000000e+00 1.000000e+00
  outer loop
   vertex 3.824760e+01 2.555623e+01 3.000000e+00
   vertex 3.981011e+01 1.647559e+01 3.000000e+00
   vertex 3.945552e+01 2.364873e+01 3.000000e+00
  endloop
 endfacet
 facet normal 0.000000e+00 0.000000e+00 1.000000e+00
  outer loop
   vertex 3.981011e+01 1.647559e+01 3.000000e+00
   vertex 3.694755e+01 2.740217e+01 3.000000e+00
   vertex 3.555848e+01 2.918209e+01 3.000000e+00
  endloop
 endfacet
 facet normal 0.000000e+00 0.000000e+00 1.000000e+00
  outer loop
   vertex 3.824760e+01 2.555623e+01 3.000000e+00
   vertex 3.694755e+01 2.740217e+01 3.000000e+00
   vertex 3.981011e+01 1.647559e+01 3.000000e+00
  endloop
 endfacet
 facet normal 0.000000e+00 0.000000e+00 1.000000e+00
  outer loop
   vertex 3.981011e+01 1.647559e+01 3.000000e+00
   vertex 3.555848e+01 2.918209e+01 3.000000e+00
   vertex 3.408375e+01 3.089171e+01 3.000000e+00
  endloop
 endfacet
 facet normal 0.000000e+00 0.000000e+00 1.000000e+00
  outer loop
   vertex 4.158351e+01 1.966753e+01 3.000000e+00
   vertex 3.981011e+01 1.647559e+01 3.000000e+00
   vertex 4.249846e+01 1.760344e+01 3.000000e+00
  endloop
 endfacet
 facet normal 0.000000e+00 0.000000e+00 1.000000e+00
  outer loop
   vertex 2.661360e+01 1.799065e+01 3.000000e+00
   vertex 2.687180e+01 1.772125e+01 3.000000e+00
   vertex 3.694633e+01 1.361181e+01 3.000000e+00
  endloop
 endfacet
 facet normal 0.000000e+00 0.000000e+00 1.000000e+00
  outer loop
   vertex 3.694633e+01 1.361181e+01 3.000000e+00
   vertex 4.462144e+01 1.117709e+01 3.000000e+00
   vertex 4.401926e+01 1.335310e+01 3.000000e+00
  endloop
 endfacet
 facet normal 0.000000e+00 -0.000000e+00 1.000000e+00
  outer loop
   vertex 2.471584e+01 1.286921e+01 3.000000e+00
   vertex 2.488068e+01 1.415699e+01 3.000000e+00
   vertex 2.451591e+01 1.423560e+01 3.000000e+00
  endloop
 endfacet
 facet normal 7.071069e-01 7.071067e-01 -2.651407e-07
  outer loop
   vertex -1.323667e+01 2.780307e+01 7.500000e+00
   vertex -1.475530e+01 2.932170e+01 4.000000e+00
   vertex -2.441783e+01 3.898423e+01 3.000000e+00
  endloop
 endfacet
 facet normal 7.071069e-01 7.071067e-01 -1.007541e-06
  outer loop
   vertex -1.475530e+01 2.932170e+01 4.000000e+00
   vertex -1.888705e+01 3.345345e+01 3.000000e+00
   vertex -2.441783e+01 3.898423e+01 3.000000e+00
  endloop
 endfacet
 facet normal 7.071068e-01 7.071068e-01 0.000000e+00
  outer loop
   vertex -1.888705e+01 3.345345e+01 3.000000e+00
   vertex -1.475530e+01 2.932170e+01 4.000000e+00
   vertex -1.475530e+01 2.932170e+01 3.000000e+00
  endloop
 endfacet
 facet normal 7.071068e-01 7.071068e-01 1.498555e-07
  outer loop
   vertex -1.323667e+01 2.780307e+01 7.500000e+00
   vertex -2.441783e+01 3.898423e+01 3.000000e+00
   vertex -2.524371e+01 3.981011e+01 3.000000e+00
  endloop
 endfacet
 facet normal 7.071068e-01 7.071068e-01 0.000000e+00
  outer loop
   vertex 4.201223e+01 -2.744583e+01 0.000000e+00
   vertex 3.898423e+01 -2.441783e+01 0.000000e+00
   vertex 3.898423e+01 -2.441783e+01 1.500000e+00
  endloop
 endfacet
 facet normal 7.071068e-01 7.071068e-01 0.000000e+00
  outer loop
   vertex 3.898423e+01 -2.441783e+01 3.000000e+00
   vertex 4.201223e+01 -2.744583e+01 0.000000e+00
   vertex 3.898423e+01 -2.441783e+01 1.500000e+00
  endloop
 endfacet
 facet normal 7.071067e-01 7.071068e-01 -0.000000e+00
  outer loop
   vertex -1.023011e+01 2.479651e+01 3.000000e+00
   vertex -1.023011e+01 2.479651e+01 4.000000e+00
   vertex -4.384062e+00 1.895046e+01 3.000000e+00
  endloop
 endfacet
 facet normal 7.071068e-01 7.071068e-01 -0.000000e+00
  outer loop
   vertex 1.895046e+01 -4.384062e+00 3.000000e+00
   vertex 1.895046e+01 -4.384062e+00 1.200000e+01
   vertex 3.898423e+01 -2.441783e+01 3.000000e+00
  endloop
 endfacet
 facet normal 7.071068e-01 7.071067e-01 6.321383e-08
  outer loop
   vertex 4.734087e+01 -3.277447e+01 1.605615e+01
   vertex 4.201223e+01 -2.744583e+01 0.000000e+00
   vertex 3.898423e+01 -2.441783e+01 3.000000e+00
  endloop
 endfacet
 facet normal 7.071062e-01 7.071074e-01 0.000000e+00
  outer loop
   vertex -1.137901e+01 2.594541e+01 7.500000e+00
   vertex -1.081526e+01 2.538166e+01 4.000000e+00
   vertex -1.137901e+01 2.594541e+01 4.000000e+00
  endloop
 endfacet
 facet normal 7.071070e-01 7.071065e-01 0.000000e+00
  outer loop
   vertex -1.463827e+01 2.920467e+01 4.000000e+00
   vertex -1.323667e+01 2.780307e+01 7.500000e+00
   vertex -1.323667e+01 2.780307e+01 4.000000e+00
  endloop
 endfacet
 facet normal 7.071068e-01 7.071068e-01 -1.498555e-07
  outer loop
   vertex -4.384062e+00 1.895046e+01 1.200000e+01
   vertex -1.137901e+01 2.594541e+01 7.500000e+00
   vertex -1.323667e+01 2.780307e+01 7.500000e+00
  endloop
 endfacet
 facet normal 7.071010e-01 7.071125e-01 4.807700e-06
  outer loop
   vertex -1.475530e+01 2.932170e+01 4.000000e+00
   vertex -1.323667e+01 2.780307e+01 7.500000e+00
   vertex -1.463827e+01 2.920467e+01 4.000000e+00
  endloop
 endfacet
 facet normal 7.071068e-01 7.071068e-01 -6.848064e-08
  outer loop
   vertex -2.524371e+01 3.981011e+01 2.460000e+01
   vertex -4.384062e+00 1.895046e+01 1.200000e+01
   vertex -1.323667e+01 2.780307e+01 7.500000e+00
  endloop
 endfacet
 facet normal 7.071068e-01 7.071068e-01 0.000000e+00
  outer loop
   vertex -1.323667e+01 2.780307e+01 7.500000e+00
   vertex -2.524371e+01 3.981011e+01 3.000000e+00
   vertex -2.524371e+01 3.981011e+01 2.460000e+01
  endloop
 endfacet
 facet normal 7.071068e-01 7.071068e-01 1.926713e-07
  outer loop
   vertex -1.069823e+01 2.526463e+01 4.000000e+00
   vertex -1.081526e+01 2.538166e+01 4.000000e+00
   vertex -1.137901e+01 2.594541e+01 7.500000e+00
  endloop
 endfacet
 facet normal 7.071080e-01 7.071055e-01 6.730057e-07
  outer loop
   vertex -1.042516e+01 2.499156e+01 4.000000e+00
   vertex -1.069823e+01 2.526463e+01 4.000000e+00
   vertex -1.137901e+01 2.594541e+01 7.500000e+00
  endloop
 endfacet
 facet normal 7.071068e-01 7.071068e-01 0.000000e+00
  outer loop
   vertex -1.023011e+01 2.479651e+01 4.000000e+00
   vertex -1.042516e+01 2.499156e+01 4.000000e+00
   vertex -1.137901e+01 2.594541e+01 7.500000e+00
  endloop
 endfacet
 facet normal 7.071067e-01 7.071068e-01 -0.000000e+00
  outer loop
   vertex -4.384062e+00 1.895046e+01 3.000000e+00
   vertex -1.137901e+01 2.594541e+01 7.500000e+00
   vertex -4.384062e+00 1.895046e+01 1.200000e+01
  endloop
 endfacet
 facet normal 7.071068e-01 7.071068e-01 0.000000e+00
  outer loop
   vertex 1.895046e+01 -4.384062e+00 1.200000e+01
   vertex -4.384062e+00 1.895046e+01 1.200000e+01
   vertex -2.524371e+01 3.981011e+01 2.460000e+01
  endloop
 endfacet
 facet normal 7.071068e-01 7.071068e-01 -1.108500e-08
  outer loop
   vertex 1.895046e+01 -4.384062e+00 1.200000e+01
   vertex 4.927018e+01 -3.470378e+01 2.460000e+01
   vertex 4.734087e+01 -3.277447e+01 1.605615e+01
  endloop
 endfacet
 facet normal 7.071068e-01 7.071068e-01 6.348517e-08
  outer loop
   vertex 1.895046e+01 -4.384062e+00 1.200000e+01
   vertex -2.524371e+01 3.981011e+01 2.460000e+01
   vertex 4.927018e+01 -3.470378e+01 2.460000e+01
  endloop
 endfacet
 facet normal 7.071068e-01 7.071068e-01 8.023052e-08
  outer loop
   vertex 1.895046e+01 -4.384062e+00 1.200000e+01
   vertex 4.734087e+01 -3.277447e+01 1.605615e+01
   vertex 3.898423e+01 -2.441783e+01 3.000000e+00
  endloop
 endfacet
 facet normal 7.071067e-01 7.071068e-01 -4.011756e-08
  outer loop
   vertex -1.137901e+01 2.594541e+01 7.500000e+00
   vertex -4.384062e+00 1.895046e+01 3.000000e+00
   vertex -1.023011e+01 2.479651e+01 4.000000e+00
  endloop
 endfacet
 facet normal -9.848078e-01 -1.736482e-01 0.000000e+00
  outer loop
   vertex -2.978997e+00 3.100372e+01 3.000000e+00
   vertex -4.003521e+00 3.681408e+01 3.000000e+00
   vertex -4.003521e+00 3.681408e+01 0.000000e+00
  endloop
 endfacet
 facet normal 1.736481e-01 -9.848078e-01 0.000000e+00
  outer loop
   vertex -4.003521e+00 3.681408e+01 3.000000e+00
   vertex -8.829080e+00 3.596321e+01 3.000000e+00
   vertex -8.829080e+00 3.596321e+01 0.000000e+00
  endloop
 endfacet
 facet normal 9.848077e-01 1.736484e-01 -0.000000e+00
  outer loop
   vertex -8.829080e+00 3.596321e+01 0.000000e+00
   vertex -8.829080e+00 3.596321e+01 3.000000e+00
   vertex -8.086022e+00 3.174912e+01 3.000000e+00
  endloop
 endfacet
 facet normal 9.848078e-01 1.736482e-01 0.000000e+00
  outer loop
   vertex -7.804555e+00 3.015284e+01 4.000000e+00
   vertex -7.804555e+00 3.015284e+01 0.000000e+00
   vertex -8.086022e+00 3.174912e+01 3.000000e+00
  endloop
 endfacet
 facet normal 9.848078e-01 1.736482e-01 -0.000000e+00
  outer loop
   vertex -8.086022e+00 3.174912e+01 0.000000e+00
   vertex -8.086022e+00 3.174912e+01 3.000000e+00
   vertex -7.804555e+00 3.015284e+01 0.000000e+00
  endloop
 endfacet
 facet normal 9.848078e-01 1.736482e-01 -0.000000e+00
  outer loop
   vertex -8.086022e+00 3.174912e+01 3.000000e+00
   vertex -8.086022e+00 3.174912e+01 4.000000e+00
   vertex -7.804555e+00 3.015284e+01 4.000000e+00
  endloop
 endfacet
 facet normal -1.736478e-01 9.848078e-01 2.284767e-09
  outer loop
   vertex -5.183552e+00 3.061500e+01 3.000000e+00
   vertex -7.804555e+00 3.015284e+01 4.000000e+00
   vertex -6.529701e+00 3.037763e+01 4.000000e+00
  endloop
 endfacet
 facet normal -1.736452e-01 9.848083e-01 3.559680e-06
  outer loop
   vertex -6.529701e+00 3.037763e+01 4.000000e+00
   vertex -6.319391e+00 3.041472e+01 4.000000e+00
   vertex -5.183552e+00 3.061500e+01 3.000000e+00
  endloop
 endfacet
 facet normal -1.736478e-01 9.848078e-01 0.000000e+00
  outer loop
   vertex -7.804555e+00 3.015284e+01 4.000000e+00
   vertex -5.183552e+00 3.061500e+01 3.000000e+00
   vertex -7.804555e+00 3.015284e+01 0.000000e+00
  endloop
 endfacet
 facet normal -1.736486e-01 9.848077e-01 0.000000e+00
  outer loop
   vertex -2.978997e+00 3.100372e+01 0.000000e+00
   vertex -5.183552e+00 3.061500e+01 0.000000e+00
   vertex -5.183552e+00 3.061500e+01 3.000000e+00
  endloop
 endfacet
 facet normal -1.736483e-01 9.848077e-01 0.000000e+00
  outer loop
   vertex -6.319391e+00 3.041472e+01 4.000000e+00
   vertex -5.183552e+00 3.061500e+01 4.000000e+00
   vertex -5.183552e+00 3.061500e+01 3.000000e+00
  endloop
 endfacet
 facet normal 0.000000e+00 0.000000e+00 -1.000000e+00
  outer loop
   vertex -6.529701e+00 3.037763e+01 4.000000e+00
   vertex -6.333994e+00 3.045276e+01 4.000000e+00
   vertex -6.319391e+00 3.041472e+01 4.000000e+00
  endloop
 endfacet
 facet normal 0.000000e+00 0.000000e+00 1.000000e+00
  outer loop
   vertex -1.069823e+01 2.526463e+01 4.000000e+00
   vertex -6.834182e+00 2.667103e+01 4.000000e+00
   vertex -7.393024e+00 2.747549e+01 4.000000e+00
  endloop
 endfacet
 facet normal -0.000000e+00 0.000000e+00 1.000000e+00
  outer loop
   vertex -1.081526e+01 2.538166e+01 4.000000e+00
   vertex -1.069823e+01 2.526463e+01 4.000000e+00
   vertex -7.393024e+00 2.747549e+01 4.000000e+00
  endloop
 endfacet
 facet normal 0.000000e+00 0.000000e+00 1.000000e+00
  outer loop
   vertex -7.393024e+00 2.747549e+01 4.000000e+00
   vertex -1.137901e+01 2.594541e+01 4.000000e+00
   vertex -1.081526e+01 2.538166e+01 4.000000e+00
  endloop
 endfacet
 facet normal 0.000000e+00 0.000000e+00 1.000000e+00
  outer loop
   vertex -5.473911e+00 2.821217e+01 4.000000e+00
   vertex -6.834182e+00 2.667103e+01 4.000000e+00
   vertex -4.109073e+00 2.766289e+01 4.000000e+00
  endloop
 endfacet
 facet normal -0.000000e+00 0.000000e+00 1.000000e+00
  outer loop
   vertex -6.319391e+00 3.041472e+01 4.000000e+00
   vertex -5.473911e+00 2.821217e+01 4.000000e+00
   vertex -5.183552e+00 3.061500e+01 4.000000e+00
  endloop
 endfacet
 facet normal 0.000000e+00 0.000000e+00 1.000000e+00
  outer loop
   vertex -4.109073e+00 2.766289e+01 4.000000e+00
   vertex -5.183552e+00 3.061500e+01 4.000000e+00
   vertex -5.473911e+00 2.821217e+01 4.000000e+00
  endloop
 endfacet
 facet normal 0.000000e+00 0.000000e+00 1.000000e+00
  outer loop
   vertex -6.834182e+00 2.667103e+01 4.000000e+00
   vertex -7.159594e+00 2.756509e+01 4.000000e+00
   vertex -7.393024e+00 2.747549e+01 4.000000e+00
  endloop
 endfacet
 facet normal 0.000000e+00 -0.000000e+00 1.000000e+00
  outer loop
   vertex -6.834182e+00 2.667103e+01 4.000000e+00
   vertex -5.473911e+00 2.821217e+01 4.000000e+00
   vertex -7.159594e+00 2.756509e+01 4.000000e+00
  endloop
 endfacet
 facet normal 0.000000e+00 -0.000000e+00 1.000000e+00
  outer loop
   vertex -7.980567e+00 2.982070e+01 4.000000e+00
   vertex -7.804555e+00 3.015284e+01 4.000000e+00
   vertex -8.213998e+00 2.973109e+01 4.000000e+00
  endloop
 endfacet
 facet normal 0.000000e+00 0.000000e+00 1.000000e+00
  outer loop
   vertex -6.529701e+00 3.037763e+01 4.000000e+00
   vertex -7.804555e+00 3.015284e+01 4.000000e+00
   vertex -7.980567e+00 2.982070e+01 4.000000e+00
  endloop
 endfacet
 facet normal 0.000000e+00 0.000000e+00 1.000000e+00
  outer loop
   vertex -1.278924e+01 2.797482e+01 4.000000e+00
   vertex -1.368703e+01 2.971053e+01 4.000000e+00
   vertex -1.302267e+01 2.788522e+01 4.000000e+00
  endloop
 endfacet
 facet normal 0.000000e+00 0.000000e+00 1.000000e+00
  outer loop
   vertex -1.463827e+01 2.920467e+01 4.000000e+00
   vertex -1.323667e+01 2.780307e+01 4.000000e+00
   vertex -1.302267e+01 2.788522e+01 4.000000e+00
  endloop
 endfacet
 facet normal -0.000000e+00 0.000000e+00 1.000000e+00
  outer loop
   vertex -1.368703e+01 2.971053e+01 4.000000e+00
   vertex -1.278924e+01 2.797482e+01 4.000000e+00
   vertex -8.213998e+00 2.973109e+01 4.000000e+00
  endloop
 endfacet
 facet normal -0.000000e+00 0.000000e+00 1.000000e+00
  outer loop
   vertex -8.612686e+00 3.155743e+01 4.000000e+00
   vertex -7.804555e+00 3.015284e+01 4.000000e+00
   vertex -8.086022e+00 3.174912e+01 4.000000e+00
  endloop
 endfacet
 facet normal 0.000000e+00 0.000000e+00 1.000000e+00
  outer loop
   vertex -8.213998e+00 2.973109e+01 4.000000e+00
   vertex -8.612686e+00 3.155743e+01 4.000000e+00
   vertex -1.368703e+01 2.971053e+01 4.000000e+00
  endloop
 endfacet
 facet normal -0.000000e+00 0.000000e+00 1.000000e+00
  outer loop
   vertex -1.475530e+01 2.932170e+01 4.000000e+00
   vertex -1.463827e+01 2.920467e+01 4.000000e+00
   vertex -1.368703e+01 2.971053e+01 4.000000e+00
  endloop
 endfacet
 facet normal 0.000000e+00 0.000000e+00 1.000000e+00
  outer loop
   vertex -1.368703e+01 2.971053e+01 4.000000e+00
   vertex -1.463827e+01 2.920467e+01 4.000000e+00
   vertex -1.302267e+01 2.788522e+01 4.000000e+00
  endloop
 endfacet
 facet normal 0.000000e+00 0.000000e+00 1.000000e+00
  outer loop
   vertex -8.612686e+00 3.155743e+01 4.000000e+00
   vertex -8.213998e+00 2.973109e+01 4.000000e+00
   vertex -7.804555e+00 3.015284e+01 4.000000e+00
  endloop
 endfacet
 facet normal 9.396926e-01 3.420203e-01 0.000000e+00
  outer loop
   vertex -4.109073e+00 2.766289e+01 4.000000e+00
   vertex -5.183552e+00 3.061500e+01 3.000000e+00
   vertex -5.183552e+00 3.061500e+01 4.000000e+00
  endloop
 endfacet
 facet normal -3.420209e-01 9.396923e-01 0.000000e+00
  outer loop
   vertex -8.086022e+00 3.174912e+01 4.000000e+00
   vertex -8.612686e+00 3.155743e+01 3.000000e+00
   vertex -8.612686e+00 3.155743e+01 4.000000e+00
  endloop
 endfacet
 facet normal 3.420205e-01 -9.396925e-01 0.000000e+00
  outer loop
   vertex -6.834182e+00 2.667103e+01 4.000000e+00
   vertex -4.109073e+00 2.766289e+01 3.000000e+00
   vertex -4.109073e+00 2.766289e+01 4.000000e+00
  endloop
 endfacet
 facet normal 3.420200e-01 -9.396927e-01 0.000000e+00
  outer loop
   vertex -1.023011e+01 2.479651e+01 4.000000e+00
   vertex -6.628970e+00 2.610722e+01 3.000000e+00
   vertex -6.628970e+00 2.610722e+01 4.000000e+00
  endloop
 endfacet
 facet normal 9.876883e-01 -1.564345e-01 0.000000e+00
  outer loop
   vertex 1.158691e+01 4.119458e+01 1.100000e+01
   vertex 1.205621e+01 4.415765e+01 3.000000e+00
   vertex 1.205621e+01 4.415765e+01 1.100000e+01
  endloop
 endfacet
 facet normal 1.564346e-01 9.876883e-01 0.000000e+00
  outer loop
   vertex 1.205621e+01 4.415765e+01 1.100000e+01
   vertex 2.179327e+00 4.572199e+01 3.000000e+00
   vertex 2.179327e+00 4.572199e+01 1.100000e+01
  endloop
 endfacet
 facet normal -9.876883e-01 1.564344e-01 0.000000e+00
  outer loop
   vertex 2.179327e+00 4.572199e+01 1.100000e+01
   vertex 1.710023e+00 4.275893e+01 3.000000e+00
   vertex 1.710023e+00 4.275893e+01 1.100000e+01
  endloop
 endfacet
 facet normal -1.564343e-01 -9.876884e-01 0.000000e+00
  outer loop
   vertex 1.710023e+00 4.275893e+01 1.100000e+01
   vertex 1.158691e+01 4.119458e+01 3.000000e+00
   vertex 1.158691e+01 4.119458e+01 1.100000e+01
  endloop
 endfacet
 facet normal 0.000000e+00 -0.000000e+00 1.000000e+00
  outer loop
   vertex 1.158691e+01 4.119458e+01 1.100000e+01
   vertex 1.205621e+01 4.415765e+01 1.100000e+01
   vertex 2.179327e+00 4.572199e+01 1.100000e+01
  endloop
 endfacet
 facet normal -2.079120e-01 -9.781475e-01 0.000000e+00
  outer loop
   vertex 3.857542e+01 -1.331116e+01 1.100000e+01
   vertex 4.150986e+01 -1.393490e+01 3.000000e+00
   vertex 4.150986e+01 -1.393490e+01 1.100000e+01
  endloop
 endfacet
 facet normal 9.781476e-01 -2.079117e-01 0.000000e+00
  outer loop
   vertex 4.150986e+01 -1.393490e+01 1.100000e+01
   vertex 4.358898e+01 -4.153420e+00 3.000000e+00
   vertex 4.358898e+01 -4.153420e+00 1.100000e+01
  endloop
 endfacet
 facet normal 2.079118e-01 9.781476e-01 0.000000e+00
  outer loop
   vertex 4.358898e+01 -4.153420e+00 1.100000e+01
   vertex 4.065454e+01 -3.529685e+00 3.000000e+00
   vertex 4.065454e+01 -3.529685e+00 1.100000e+01
  endloop
 endfacet
 facet normal -9.781476e-01 2.079117e-01 0.000000e+00
  outer loop
   vertex 4.065454e+01 -3.529685e+00 1.100000e+01
   vertex 3.857542e+01 -1.331116e+01 3.000000e+00
   vertex 3.857542e+01 -1.331116e+01 1.100000e+01
  endloop
 endfacet
 facet normal -0.000000e+00 0.000000e+00 1.000000e+00
  outer loop
   vertex 3.857542e+01 -1.331116e+01 1.100000e+01
   vertex 4.150986e+01 -1.393490e+01 1.100000e+01
   vertex 4.358898e+01 -4.153420e+00 1.100000e+01
  endloop
 endfacet
 facet normal 3.583679e-01 -9.335804e-01 0.000000e+00
  outer loop
   vertex -2.305218e+01 4.610084e+01 7.500000e+00
   vertex -1.371637e+01 4.968452e+01 3.000000e+00
   vertex -1.371637e+01 4.968452e+01 7.500000e+00
  endloop
 endfacet
 facet normal 9.335804e-01 3.583680e-01 -8.578928e-08
  outer loop
   vertex -6.319391e+00 3.041472e+01 4.000000e+00
   vertex -6.333994e+00 3.045276e+01 7.500000e+00
   vertex -5.473911e+00 2.821217e+01 7.500000e+00
  endloop
 endfacet
 facet normal -3.583679e-01 9.335805e-01 -1.589085e-07
  outer loop
   vertex -8.213998e+00 2.973109e+01 4.000000e+00
   vertex -1.323667e+01 2.780307e+01 7.500000e+00
   vertex -6.333994e+00 3.045276e+01 7.500000e+00
  endloop
 endfacet
 facet normal 3.583681e-01 -9.335804e-01 8.092164e-08
  outer loop
   vertex -7.393024e+00 2.747549e+01 4.000000e+00
   vertex -5.473911e+00 2.821217e+01 7.500000e+00
   vertex -1.137901e+01 2.594541e+01 7.500000e+00
  endloop
 endfacet
 facet normal 0.000000e+00 -0.000000e+00 1.000000e+00
  outer loop
   vertex -1.137901e+01 2.594541e+01 7.500000e+00
   vertex -6.333994e+00 3.045276e+01 7.500000e+00
   vertex -1.323667e+01 2.780307e+01 7.500000e+00
  endloop
 endfacet
 facet normal -7.071069e-01 -7.071066e-01 0.000000e+00
  outer loop
   vertex -4.136575e+00 2.676399e+01 1.200000e+01
   vertex -2.863782e+00 2.549120e+01 3.000000e+00
   vertex -2.863782e+00 2.549120e+01 1.200000e+01
  endloop
 endfacet
 facet normal 7.071067e-01 -7.071068e-01 0.000000e+00
  outer loop
   vertex -2.863782e+00 2.549120e+01 1.200000e+01
   vertex 9.864140e+00 3.821912e+01 3.000000e+00
   vertex 9.864140e+00 3.821912e+01 1.200000e+01
  endloop
 endfacet
 facet normal 7.071070e-01 7.071065e-01 0.000000e+00
  outer loop
   vertex 9.864140e+00 3.821912e+01 1.200000e+01
   vertex 8.591348e+00 3.949191e+01 3.000000e+00
   vertex 8.591348e+00 3.949191e+01 1.200000e+01
  endloop
 endfacet
 facet normal -7.071067e-01 7.071068e-01 0.000000e+00
  outer loop
   vertex 8.591348e+00 3.949191e+01 1.200000e+01
   vertex -4.136575e+00 2.676399e+01 3.000000e+00
   vertex -4.136575e+00 2.676399e+01 1.200000e+01
  endloop
 endfacet
 facet normal -0.000000e+00 0.000000e+00 1.000000e+00
  outer loop
   vertex -4.136575e+00 2.676399e+01 1.200000e+01
   vertex -2.863782e+00 2.549120e+01 1.200000e+01
   vertex 9.864140e+00 3.821912e+01 1.200000e+01
  endloop
 endfacet
 facet normal -7.071068e-01 -7.071068e-01 0.000000e+00
  outer loop
   vertex 1.506137e+01 3.839590e+01 1.200000e+01
   vertex 3.839590e+01 1.506137e+01 9.000000e+00
   vertex 3.839590e+01 1.506137e+01 1.200000e+01
  endloop
 endfacet
 facet normal 7.071068e-01 7.071068e-01 0.000000e+00
  outer loop
   vertex 3.981011e+01 1.647559e+01 1.200000e+01
   vertex 1.647559e+01 3.981011e+01 3.000000e+00
   vertex 1.647559e+01 3.981011e+01 1.200000e+01
  endloop
 endfacet
 facet normal 0.000000e+00 0.000000e+00 1.000000e+00
  outer loop
   vertex 1.647559e+01 3.981011e+01 1.200000e+01
   vertex 3.839590e+01 1.506137e+01 1.200000e+01
   vertex 3.981011e+01 1.647559e+01 1.200000e+01
  endloop
 endfacet
 facet normal -7.071068e-01 -7.071068e-01 0.000000e+00
  outer loop
   vertex 1.361181e+01 3.694633e+01 9.000000e+00
   vertex 3.694633e+01 1.361181e+01 3.000000e+00
   vertex 3.694633e+01 1.361181e+01 9.000000e+00
  endloop
 endfacet
 facet normal 7.071075e-01 -7.071061e-01 0.000000e+00
  outer loop
   vertex 3.694633e+01 1.361181e+01 9.000000e+00
   vertex 3.839590e+01 1.506137e+01 3.000000e+00
   vertex 3.839590e+01 1.506137e+01 9.000000e+00
  endloop
 endfacet
 facet normal 7.071068e-01 7.071068e-01 0.000000e+00
  outer loop
   vertex 2.029396e+01 -3.040559e+00 1.200000e+01
   vertex -3.040559e+00 2.029396e+01 9.000000e+00
   vertex -3.040559e+00 2.029396e+01 1.200000e+01
  endloop
 endfacet
 facet normal 0.000000e+00 0.000000e+00 1.000000e+00
  outer loop
   vertex -3.040559e+00 2.029396e+01 1.200000e+01
   vertex 1.895046e+01 -4.384062e+00 1.200000e+01
   vertex 2.029396e+01 -3.040559e+00 1.200000e+01
  endloop
 endfacet
 facet normal 7.071068e-01 7.071068e-01 0.000000e+00
  outer loop
   vertex 2.174353e+01 -1.590990e+00 9.000000e+00
   vertex -1.590990e+00 2.174353e+01 3.000000e+00
   vertex -1.590990e+00 2.174353e+01 9.000000e+00
  endloop
 endfacet
 facet normal -7.071070e-01 7.071065e-01 0.000000e+00
  outer loop
   vertex -1.590990e+00 2.174353e+01 9.000000e+00
   vertex -3.040559e+00 2.029396e+01 3.000000e+00
   vertex -3.040559e+00 2.029396e+01 9.000000e+00
  endloop
 endfacet
 facet normal 8.655259e-01 -5.008642e-01 0.000000e+00
  outer loop
   vertex 4.059544e+01 -2.163354e+01 0.000000e+00
   vertex 3.898423e+01 -2.441783e+01 1.500000e+00
   vertex 3.898423e+01 -2.441783e+01 0.000000e+00
  endloop
 endfacet
 facet normal 9.508715e-01 -3.095860e-01 0.000000e+00
  outer loop
   vertex 4.421128e+01 -1.270287e+01 0.000000e+00
   vertex 4.321538e+01 -1.576170e+01 1.500000e+00
   vertex 4.321538e+01 -1.576170e+01 0.000000e+00
  endloop
 endfacet
 facet normal 8.655259e-01 -5.008642e-01 0.000000e+00
  outer loop
   vertex 3.898423e+01 -2.441783e+01 3.000000e+00
   vertex 4.059544e+01 -2.163354e+01 1.500000e+00
   vertex 4.059544e+01 -2.163354e+01 3.000000e+00
  endloop
 endfacet
 facet normal 9.508715e-01 -3.095860e-01 0.000000e+00
  outer loop
   vertex 4.321538e+01 -1.576170e+01 3.000000e+00
   vertex 4.421128e+01 -1.270287e+01 1.500000e+00
   vertex 4.421128e+01 -1.270287e+01 3.000000e+00
  endloop
 endfacet
 facet normal 9.701827e-01 -2.423749e-01 0.000000e+00
  outer loop
   vertex 4.421128e+01 -1.270287e+01 1.500000e+00
   vertex 4.499097e+01 -9.581910e+00 0.000000e+00
   vertex 4.499097e+01 -9.581910e+00 1.500000e+00
  endloop
 endfacet
 facet normal 9.847499e-01 -1.739757e-01 0.000000e+00
  outer loop
   vertex 4.499097e+01 -9.581910e+00 1.500000e+00
   vertex 4.555062e+01 -6.414093e+00 0.000000e+00
   vertex 4.555062e+01 -6.414093e+00 1.500000e+00
  endloop
 endfacet
 facet normal 9.701827e-01 -2.423749e-01 0.000000e+00
  outer loop
   vertex 4.421128e+01 -1.270287e+01 3.000000e+00
   vertex 4.499097e+01 -9.581910e+00 1.500000e+00
   vertex 4.499097e+01 -9.581910e+00 3.000000e+00
  endloop
 endfacet
 facet normal 9.945010e-01 -1.047274e-01 0.000000e+00
  outer loop
   vertex 4.588752e+01 -3.214908e+00 0.000000e+00
   vertex 4.555062e+01 -6.414093e+00 1.500000e+00
   vertex 4.555062e+01 -6.414093e+00 0.000000e+00
  endloop
 endfacet
 facet normal 9.993885e-01 -3.496566e-02 0.000000e+00
  outer loop
   vertex 4.600000e+01 -1.126675e-14 0.000000e+00
   vertex 4.588752e+01 -3.214908e+00 1.500000e+00
   vertex 4.588752e+01 -3.214908e+00 0.000000e+00
  endloop
 endfacet
 facet normal 9.847499e-01 -1.739757e-01 0.000000e+00
  outer loop
   vertex 4.555062e+01 -6.414093e+00 1.500000e+00
   vertex 4.499097e+01 -9.581910e+00 3.000000e+00
   vertex 4.499097e+01 -9.581910e+00 1.500000e+00
  endloop
 endfacet
 facet normal 9.993885e-01 -3.496566e-02 0.000000e+00
  outer loop
   vertex 4.600000e+01 -1.126675e-14 3.000000e+00
   vertex 4.588752e+01 -3.214908e+00 3.000000e+00
   vertex 4.588752e+01 -3.214908e+00 1.500000e+00
  endloop
 endfacet
 facet normal 9.945010e-01 -1.047274e-01 0.000000e+00
  outer loop
   vertex 4.588752e+01 -3.214908e+00 1.500000e+00
   vertex 4.555062e+01 -6.414093e+00 3.000000e+00
   vertex 4.555062e+01 -6.414093e+00 1.500000e+00
  endloop
 endfacet
 facet normal -9.228311e-01 -3.852048e-01 0.000000e+00
  outer loop
   vertex -4.171921e+01 -1.937802e+01 0.000000e+00
   vertex -4.311533e+01 -1.603335e+01 1.500000e+00
   vertex -4.311533e+01 -1.603335e+01 0.000000e+00
  endloop
 endfacet
 facet normal -8.896396e-01 -4.566632e-01 0.000000e+00
  outer loop
   vertex -4.006409e+01 -2.260240e+01 0.000000e+00
   vertex -4.171921e+01 -1.937802e+01 1.500000e+00
   vertex -4.171921e+01 -1.937802e+01 0.000000e+00
  endloop
 endfacet
 facet normal -8.896396e-01 -4.566632e-01 0.000000e+00
  outer loop
   vertex -4.171921e+01 -1.937802e+01 3.000000e+00
   vertex -4.006409e+01 -2.260240e+01 1.500000e+00
   vertex -4.006409e+01 -2.260240e+01 3.000000e+00
  endloop
 endfacet
 facet normal -9.228311e-01 -3.852048e-01 0.000000e+00
  outer loop
   vertex -4.171921e+01 -1.937802e+01 1.500000e+00
   vertex -4.311533e+01 -1.603335e+01 3.000000e+00
   vertex -4.311533e+01 -1.603335e+01 1.500000e+00
  endloop
 endfacet
 facet normal -8.509251e-01 -5.252870e-01 0.000000e+00
  outer loop
   vertex -4.006409e+01 -2.260240e+01 1.500000e+00
   vertex -3.816026e+01 -2.568646e+01 0.000000e+00
   vertex -3.816026e+01 -2.568646e+01 1.500000e+00
  endloop
 endfacet
 facet normal -8.069282e-01 -5.906495e-01 0.000000e+00
  outer loop
   vertex -3.816026e+01 -2.568646e+01 1.500000e+00
   vertex -3.601954e+01 -2.861106e+01 0.000000e+00
   vertex -3.601954e+01 -2.861106e+01 1.500000e+00
  endloop
 endfacet
 facet normal -8.509251e-01 -5.252870e-01 0.000000e+00
  outer loop
   vertex -4.006409e+01 -2.260240e+01 3.000000e+00
   vertex -3.816026e+01 -2.568646e+01 1.500000e+00
   vertex -3.816026e+01 -2.568646e+01 3.000000e+00
  endloop
 endfacet
 facet normal -7.579230e-01 -6.523441e-01 0.000000e+00
  outer loop
   vertex -3.365520e+01 -3.135805e+01 0.000000e+00
   vertex -3.601954e+01 -2.861106e+01 1.500000e+00
   vertex -3.601954e+01 -2.861106e+01 0.000000e+00
  endloop
 endfacet
 facet normal -7.042109e-01 -7.099908e-01 0.000000e+00
  outer loop
   vertex -3.365520e+01 -3.135805e+01 1.500000e+00
   vertex -3.108194e+01 -3.391037e+01 0.000000e+00
   vertex -3.108194e+01 -3.391037e+01 1.500000e+00
  endloop
 endfacet
 facet normal -8.069282e-01 -5.906495e-01 0.000000e+00
  outer loop
   vertex -3.601954e+01 -2.861106e+01 1.500000e+00
   vertex -3.816026e+01 -2.568646e+01 3.000000e+00
   vertex -3.816026e+01 -2.568646e+01 1.500000e+00
  endloop
 endfacet
 facet normal -7.042109e-01 -7.099908e-01 0.000000e+00
  outer loop
   vertex -3.365520e+01 -3.135805e+01 3.000000e+00
   vertex -3.108194e+01 -3.391037e+01 1.500000e+00
   vertex -3.108194e+01 -3.391037e+01 3.000000e+00
  endloop
 endfacet
 facet normal -7.579230e-01 -6.523441e-01 0.000000e+00
  outer loop
   vertex -3.365520e+01 -3.135805e+01 1.500000e+00
   vertex -3.601954e+01 -2.861106e+01 3.000000e+00
   vertex -3.601954e+01 -2.861106e+01 1.500000e+00
  endloop
 endfacet
 facet normal 7.071065e-01 -7.071070e-01 0.000000e+00
  outer loop
   vertex 2.029396e+01 -3.040559e+00 9.000000e+00
   vertex 2.174353e+01 -1.590990e+00 3.000000e+00
   vertex 2.174353e+01 -1.590990e+00 9.000000e+00
  endloop
 endfacet
 facet normal 0.000000e+00 0.000000e+00 1.000000e+00
  outer loop
   vertex -1.590990e+00 2.174353e+01 9.000000e+00
   vertex 2.029396e+01 -3.040559e+00 9.000000e+00
   vertex 2.174353e+01 -1.590990e+00 9.000000e+00
  endloop
 endfacet
 facet normal -7.071061e-01 7.071075e-01 0.000000e+00
  outer loop
   vertex 1.506137e+01 3.839590e+01 9.000000e+00
   vertex 1.361181e+01 3.694633e+01 3.000000e+00
   vertex 1.361181e+01 3.694633e+01 9.000000e+00
  endloop
 endfacet
 facet normal 0.000000e+00 0.000000e+00 1.000000e+00
  outer loop
   vertex 1.506137e+01 3.839590e+01 9.000000e+00
   vertex 3.694633e+01 1.361181e+01 9.000000e+00
   vertex 3.839590e+01 1.506137e+01 9.000000e+00
  endloop
 endfacet
 facet normal 9.924797e-01 1.224093e-01 0.000000e+00
  outer loop
   vertex 4.550212e+01 6.749602e+00 0.000000e+00
   vertex 4.577850e+01 4.508789e+00 3.000000e+00
   vertex 4.577850e+01 4.508789e+00 0.000000e+00
  endloop
 endfacet
 facet normal 9.972904e-01 7.356552e-02 0.000000e+00
  outer loop
   vertex 4.577850e+01 4.508789e+00 0.000000e+00
   vertex 4.594459e+01 2.257113e+00 3.000000e+00
   vertex 4.594459e+01 2.257113e+00 0.000000e+00
  endloop
 endfacet
 facet normal 9.757021e-01 2.191015e-01 0.000000e+00
  outer loop
   vertex 4.462144e+01 1.117709e+01 0.000000e+00
   vertex 4.511612e+01 8.974154e+00 3.000000e+00
   vertex 4.511612e+01 8.974154e+00 0.000000e+00
  endloop
 endfacet
 facet normal 9.495281e-01 3.136820e-01 0.000000e+00
  outer loop
   vertex 4.331103e+01 1.549693e+01 0.000000e+00
   vertex 4.401926e+01 1.335310e+01 3.000000e+00
   vertex 4.401926e+01 1.335310e+01 0.000000e+00
  endloop
 endfacet
 facet normal 9.637762e-01 2.667121e-01 0.000000e+00
  outer loop
   vertex 4.401926e+01 1.335310e+01 0.000000e+00
   vertex 4.462144e+01 1.117709e+01 3.000000e+00
   vertex 4.462144e+01 1.117709e+01 0.000000e+00
  endloop
 endfacet
 facet normal 9.852775e-01 1.709624e-01 0.000000e+00
  outer loop
   vertex 4.511612e+01 8.974154e+00 0.000000e+00
   vertex 4.550212e+01 6.749602e+00 3.000000e+00
   vertex 4.550212e+01 6.749602e+00 0.000000e+00
  endloop
 endfacet
 facet normal 9.142097e-01 4.052414e-01 0.000000e+00
  outer loop
   vertex 4.158351e+01 1.966753e+01 0.000000e+00
   vertex 4.249846e+01 1.760344e+01 3.000000e+00
   vertex 4.249846e+01 1.760344e+01 0.000000e+00
  endloop
 endfacet
 facet normal 8.700870e-01 4.928982e-01 0.000000e+00
  outer loop
   vertex 3.945552e+01 2.364873e+01 0.000000e+00
   vertex 4.056838e+01 2.168425e+01 3.000000e+00
   vertex 4.056838e+01 2.168425e+01 0.000000e+00
  endloop
 endfacet
 facet normal 8.932244e-01 4.496112e-01 0.000000e+00
  outer loop
   vertex 4.056838e+01 2.168425e+01 0.000000e+00
   vertex 4.158351e+01 1.966753e+01 3.000000e+00
   vertex 4.158351e+01 1.966753e+01 0.000000e+00
  endloop
 endfacet
 facet normal 8.175855e-01 5.758072e-01 0.000000e+00
  outer loop
   vertex 3.694755e+01 2.740217e+01 0.000000e+00
   vertex 3.824760e+01 2.555623e+01 3.000000e+00
   vertex 3.824760e+01 2.555623e+01 0.000000e+00
  endloop
 endfacet
 facet normal 7.572093e-01 6.531723e-01 0.000000e+00
  outer loop
   vertex 3.408375e+01 3.089171e+01 0.000000e+00
   vertex 3.555848e+01 2.918209e+01 3.000000e+00
   vertex 3.555848e+01 2.918209e+01 0.000000e+00
  endloop
 endfacet
 facet normal 7.242474e-01 6.895402e-01 0.000000e+00
  outer loop
   vertex 3.252691e+01 3.252691e+01 0.000000e+00
   vertex 3.408375e+01 3.089171e+01 3.000000e+00
   vertex 3.408375e+01 3.089171e+01 0.000000e+00
  endloop
 endfacet
 facet normal 7.883457e-01 6.152325e-01 0.000000e+00
  outer loop
   vertex 3.555848e+01 2.918209e+01 0.000000e+00
   vertex 3.694755e+01 2.740217e+01 3.000000e+00
   vertex 3.694755e+01 2.740217e+01 0.000000e+00
  endloop
 endfacet
 facet normal 8.448532e-01 5.349983e-01 0.000000e+00
  outer loop
   vertex 3.824760e+01 2.555623e+01 0.000000e+00
   vertex 3.945552e+01 2.364873e+01 3.000000e+00
   vertex 3.945552e+01 2.364873e+01 0.000000e+00
  endloop
 endfacet
 facet normal 9.329928e-01 3.598951e-01 0.000000e+00
  outer loop
   vertex 4.249846e+01 1.760344e+01 0.000000e+00
   vertex 4.331103e+01 1.549693e+01 3.000000e+00
   vertex 4.331103e+01 1.549693e+01 0.000000e+00
  endloop
 endfacet
 facet normal 6.895402e-01 7.242474e-01 0.000000e+00
  outer loop
   vertex 3.252691e+01 3.252691e+01 3.000000e+00
   vertex 3.089171e+01 3.408375e+01 0.000000e+00
   vertex 3.089171e+01 3.408375e+01 3.000000e+00
  endloop
 endfacet
 facet normal 6.531723e-01 7.572093e-01 0.000000e+00
  outer loop
   vertex 2.918209e+01 3.555848e+01 0.000000e+00
   vertex 3.089171e+01 3.408375e+01 3.000000e+00
   vertex 3.089171e+01 3.408375e+01 0.000000e+00
  endloop
 endfacet
 facet normal 5.758072e-01 8.175855e-01 0.000000e+00
  outer loop
   vertex 2.555623e+01 3.824760e+01 0.000000e+00
   vertex 2.740217e+01 3.694755e+01 3.000000e+00
   vertex 2.740217e+01 3.694755e+01 0.000000e+00
  endloop
 endfacet
 facet normal 6.152325e-01 7.883457e-01 0.000000e+00
  outer loop
   vertex 2.740217e+01 3.694755e+01 0.000000e+00
   vertex 2.918209e+01 3.555848e+01 3.000000e+00
   vertex 2.918209e+01 3.555848e+01 0.000000e+00
  endloop
 endfacet
 facet normal 4.928982e-01 8.700870e-01 0.000000e+00
  outer loop
   vertex 2.168425e+01 4.056838e+01 0.000000e+00
   vertex 2.364873e+01 3.945552e+01 3.000000e+00
   vertex 2.364873e+01 3.945552e+01 0.000000e+00
  endloop
 endfacet
 facet normal 4.052414e-01 9.142097e-01 0.000000e+00
  outer loop
   vertex 1.760344e+01 4.249846e+01 0.000000e+00
   vertex 1.966753e+01 4.158351e+01 3.000000e+00
   vertex 1.966753e+01 4.158351e+01 0.000000e+00
  endloop
 endfacet
 facet normal 4.496112e-01 8.932244e-01 0.000000e+00
  outer loop
   vertex 1.966753e+01 4.158351e+01 0.000000e+00
   vertex 2.168425e+01 4.056838e+01 3.000000e+00
   vertex 2.168425e+01 4.056838e+01 0.000000e+00
  endloop
 endfacet
 facet normal 5.349983e-01 8.448532e-01 0.000000e+00
  outer loop
   vertex 2.364873e+01 3.945552e+01 0.000000e+00
   vertex 2.555623e+01 3.824760e+01 3.000000e+00
   vertex 2.555623e+01 3.824760e+01 0.000000e+00
  endloop
 endfacet
 facet normal 3.136820e-01 9.495281e-01 0.000000e+00
  outer loop
   vertex 1.335310e+01 4.401926e+01 0.000000e+00
   vertex 1.549693e+01 4.331103e+01 3.000000e+00
   vertex 1.549693e+01 4.331103e+01 0.000000e+00
  endloop
 endfacet
 facet normal 2.191015e-01 9.757021e-01 0.000000e+00
  outer loop
   vertex 8.974154e+00 4.511612e+01 0.000000e+00
   vertex 1.117709e+01 4.462144e+01 3.000000e+00
   vertex 1.117709e+01 4.462144e+01 0.000000e+00
  endloop
 endfacet
 facet normal 2.667121e-01 9.637762e-01 0.000000e+00
  outer loop
   vertex 1.117709e+01 4.462144e+01 0.000000e+00
   vertex 1.335310e+01 4.401926e+01 3.000000e+00
   vertex 1.335310e+01 4.401926e+01 0.000000e+00
  endloop
 endfacet
 facet normal 1.224093e-01 9.924797e-01 0.000000e+00
  outer loop
   vertex 4.508789e+00 4.577850e+01 0.000000e+00
   vertex 6.749602e+00 4.550212e+01 3.000000e+00
   vertex 6.749602e+00 4.550212e+01 0.000000e+00
  endloop
 endfacet
 facet normal 2.454099e-02 9.996988e-01 0.000000e+00
  outer loop
   vertex 2.816688e-15 4.600000e+01 0.000000e+00
   vertex 2.257113e+00 4.594459e+01 3.000000e+00
   vertex 2.257113e+00 4.594459e+01 0.000000e+00
  endloop
 endfacet
 facet normal 7.356552e-02 9.972904e-01 0.000000e+00
  outer loop
   vertex 2.257113e+00 4.594459e+01 0.000000e+00
   vertex 4.508789e+00 4.577850e+01 3.000000e+00
   vertex 4.508789e+00 4.577850e+01 0.000000e+00
  endloop
 endfacet
 facet normal 1.709624e-01 9.852775e-01 0.000000e+00
  outer loop
   vertex 6.749602e+00 4.550212e+01 0.000000e+00
   vertex 8.974154e+00 4.511612e+01 3.000000e+00
   vertex 8.974154e+00 4.511612e+01 0.000000e+00
  endloop
 endfacet
 facet normal 3.598951e-01 9.329928e-01 0.000000e+00
  outer loop
   vertex 1.549693e+01 4.331103e+01 0.000000e+00
   vertex 1.760344e+01 4.249846e+01 3.000000e+00
   vertex 1.760344e+01 4.249846e+01 0.000000e+00
  endloop
 endfacet
 facet normal 0.000000e+00 -0.000000e+00 1.000000e+00
  outer loop
   vertex -4.419418e+01 1.803122e+01 3.000000e+00
   vertex -3.924443e+01 2.580940e+01 3.000000e+00
   vertex -4.560839e+01 1.944544e+01 3.000000e+00
  endloop
 endfacet
 facet normal -7.071063e-01 -7.071073e-01 0.000000e+00
  outer loop
   vertex -3.783021e+01 2.439518e+01 3.000000e+00
   vertex -3.924443e+01 2.580940e+01 1.550000e+01
   vertex -3.924443e+01 2.580940e+01 3.000000e+00
  endloop
 endfacet
 facet normal -5.472701e-01 -5.472709e-01 -6.332377e-01
  outer loop
   vertex -4.101219e+01 2.121320e+01 2.100000e+01
   vertex -4.242641e+01 2.262742e+01 2.100000e+01
   vertex -3.924443e+01 2.580940e+01 1.550000e+01
  endloop
 endfacet
 facet normal 5.472709e-01 5.472701e-01 -6.332377e-01
  outer loop
   vertex -4.419418e+01 1.803122e+01 1.550000e+01
   vertex -4.560839e+01 1.944544e+01 1.550000e+01
   vertex -4.242641e+01 2.262742e+01 2.100000e+01
  endloop
 endfacet
 facet normal 7.071073e-01 7.071063e-01 0.000000e+00
  outer loop
   vertex -4.419418e+01 1.803122e+01 1.550000e+01
   vertex -4.560839e+01 1.944544e+01 3.000000e+00
   vertex -4.560839e+01 1.944544e+01 1.550000e+01
  endloop
 endfacet
 facet normal -1.736483e-01 9.848077e-01 0.000000e+00
  outer loop
   vertex 2.807784e+01 -5.831950e-01 3.000000e+00
   vertex 3.290339e+01 2.676811e-01 0.000000e+00
   vertex 2.807784e+01 -5.831950e-01 0.000000e+00
  endloop
 endfacet
 facet normal -9.848077e-01 -1.736482e-01 -0.000000e+00
  outer loop
   vertex 3.153157e+01 8.047663e+00 3.000000e+00
   vertex 3.101063e+01 1.100209e+01 0.000000e+00
   vertex 3.153157e+01 8.047663e+00 0.000000e+00
  endloop
 endfacet
 facet normal 1.736483e-01 -9.848077e-01 0.000000e+00
  outer loop
   vertex 2.792040e+01 1.045719e+01 1.500000e+00
   vertex 2.792040e+01 1.045719e+01 1.000000e+00
   vertex 3.101063e+01 1.100209e+01 0.000000e+00
  endloop
 endfacet
 facet normal 9.848077e-01 1.736482e-01 0.000000e+00
  outer loop
   vertex 2.755689e+01 2.371228e+00 3.000000e+00
   vertex 2.807784e+01 -5.831950e-01 0.000000e+00
   vertex 2.755689e+01 2.371228e+00 0.000000e+00
  endloop
 endfacet
 facet normal -8.660255e-01 4.999998e-01 0.000000e+00
  outer loop
   vertex 1.949484e+01 2.286605e+01 3.000000e+00
   vertex 2.194484e+01 2.710958e+01 0.000000e+00
   vertex 1.949484e+01 2.286605e+01 0.000000e+00
  endloop
 endfacet
 facet normal -4.999994e-01 -8.660257e-01 -0.000000e+00
  outer loop
   vertex 1.510324e+01 3.105958e+01 3.000000e+00
   vertex 1.250516e+01 3.255957e+01 0.000000e+00
   vertex 1.510324e+01 3.105958e+01 0.000000e+00
  endloop
 endfacet
 facet normal 8.660253e-01 -5.000001e-01 0.000000e+00
  outer loop
   vertex 1.250516e+01 3.255957e+01 3.000000e+00
   vertex 1.005516e+01 2.831605e+01 0.000000e+00
   vertex 1.250516e+01 3.255957e+01 0.000000e+00
  endloop
 endfacet
 facet normal 5.000000e-01 8.660254e-01 0.000000e+00
  outer loop
   vertex 1.689676e+01 2.436605e+01 3.000000e+00
   vertex 1.949484e+01 2.286605e+01 0.000000e+00
   vertex 1.689676e+01 2.436605e+01 0.000000e+00
  endloop
 endfacet
 facet normal -9.666265e-01 -2.561900e-01 0.000000e+00
  outer loop
   vertex 2.794140e+01 1.131857e+01 0.000000e+00
   vertex 2.784418e+01 1.168542e+01 3.000000e+00
   vertex 2.784418e+01 1.168542e+01 0.000000e+00
  endloop
 endfacet
 facet normal -8.227752e-01 -5.683670e-01 0.000000e+00
  outer loop
   vertex 2.768535e+01 1.203009e+01 0.000000e+00
   vertex 2.746964e+01 1.234235e+01 3.000000e+00
   vertex 2.746964e+01 1.234235e+01 0.000000e+00
  endloop
 endfacet
 facet normal -9.082128e-01 -4.185086e-01 0.000000e+00
  outer loop
   vertex 2.784418e+01 1.168542e+01 0.000000e+00
   vertex 2.768535e+01 1.203009e+01 3.000000e+00
   vertex 2.768535e+01 1.203009e+01 0.000000e+00
  endloop
 endfacet
 facet normal -7.128516e-01 -7.013149e-01 0.000000e+00
  outer loop
   vertex 2.746964e+01 1.234235e+01 0.000000e+00
   vertex 2.720349e+01 1.261288e+01 3.000000e+00
   vertex 2.720349e+01 1.261288e+01 0.000000e+00
  endloop
 endfacet
 facet normal -5.817185e-01 -8.133902e-01 0.000000e+00
  outer loop
   vertex 2.720349e+01 1.261288e+01 0.000000e+00
   vertex 2.689480e+01 1.283365e+01 3.000000e+00
   vertex 2.689480e+01 1.283365e+01 0.000000e+00
  endloop
 endfacet
 facet normal -2.719278e-01 -9.623177e-01 0.000000e+00
  outer loop
   vertex 2.655276e+01 1.299808e+01 0.000000e+00
   vertex 2.618754e+01 1.310128e+01 3.000000e+00
   vertex 2.618754e+01 1.310128e+01 0.000000e+00
  endloop
 endfacet
 facet normal -4.332684e-01 -9.012650e-01 0.000000e+00
  outer loop
   vertex 2.689480e+01 1.283365e+01 0.000000e+00
   vertex 2.655276e+01 1.299808e+01 3.000000e+00
   vertex 2.655276e+01 1.299808e+01 0.000000e+00
  endloop
 endfacet
 facet normal 6.998657e-02 -9.975479e-01 0.000000e+00
  outer loop
   vertex 2.581003e+01 1.314018e+01 0.000000e+00
   vertex 2.543145e+01 1.311362e+01 3.000000e+00
   vertex 2.543145e+01 1.311362e+01 0.000000e+00
  endloop
 endfacet
 facet normal 4.036319e-01 -9.149215e-01 0.000000e+00
  outer loop
   vertex 2.506307e+01 1.302239e+01 0.000000e+00
   vertex 2.471584e+01 1.286921e+01 3.000000e+00
   vertex 2.471584e+01 1.286921e+01 0.000000e+00
  endloop
 endfacet
 facet normal 2.403840e-01 -9.706779e-01 0.000000e+00
  outer loop
   vertex 2.543145e+01 1.311362e+01 0.000000e+00
   vertex 2.506307e+01 1.302239e+01 3.000000e+00
   vertex 2.506307e+01 1.302239e+01 0.000000e+00
  endloop
 endfacet
 facet normal -1.024964e-01 -9.947334e-01 0.000000e+00
  outer loop
   vertex 2.618754e+01 1.310128e+01 0.000000e+00
   vertex 2.581003e+01 1.314018e+01 3.000000e+00
   vertex 2.581003e+01 1.314018e+01 0.000000e+00
  endloop
 endfacet
 facet normal 5.548695e-01 -8.319374e-01 0.000000e+00
  outer loop
   vertex 2.471584e+01 1.286921e+01 0.000000e+00
   vertex 2.440011e+01 1.265863e+01 3.000000e+00
   vertex 2.440011e+01 1.265863e+01 0.000000e+00
  endloop
 endfacet
 facet normal 6.895887e-01 -7.242013e-01 0.000000e+00
  outer loop
   vertex 2.440011e+01 1.265863e+01 0.000000e+00
   vertex 2.412527e+01 1.239692e+01 3.000000e+00
   vertex 2.412527e+01 1.239692e+01 0.000000e+00
  endloop
 endfacet
 facet normal 8.037924e-01 -5.949098e-01 0.000000e+00
  outer loop
   vertex 2.412527e+01 1.239692e+01 0.000000e+00
   vertex 2.389950e+01 1.209187e+01 3.000000e+00
   vertex 2.389950e+01 1.209187e+01 0.000000e+00
  endloop
 endfacet
 facet normal 9.577531e-01 -2.875918e-01 0.000000e+00
  outer loop
   vertex 2.372951e+01 1.175256e+01 0.000000e+00
   vertex 2.362036e+01 1.138908e+01 3.000000e+00
   vertex 2.362036e+01 1.138908e+01 0.000000e+00
  endloop
 endfacet
 facet normal 8.940746e-01 -4.479181e-01 0.000000e+00
  outer loop
   vertex 2.389950e+01 1.209187e+01 0.000000e+00
   vertex 2.372951e+01 1.175256e+01 3.000000e+00
   vertex 2.372951e+01 1.175256e+01 0.000000e+00
  endloop
 endfacet
 facet normal 9.985571e-01 5.370059e-02 0.000000e+00
  outer loop
   vertex 2.357531e+01 1.101225e+01 0.000000e+00
   vertex 2.359569e+01 1.063329e+01 3.000000e+00
   vertex 2.359569e+01 1.063329e+01 0.000000e+00
  endloop
 endfacet
 facet normal 9.213857e-01 3.886494e-01 0.000000e+00
  outer loop
   vertex 2.368089e+01 1.026347e+01 0.000000e+00
   vertex 2.382839e+01 9.913790e+00 3.000000e+00
   vertex 2.382839e+01 9.913790e+00 0.000000e+00
  endloop
 endfacet
 facet normal 9.744711e-01 2.245128e-01 0.000000e+00
  outer loop
   vertex 2.359569e+01 1.063329e+01 0.000000e+00
   vertex 2.368089e+01 1.026347e+01 3.000000e+00
   vertex 2.368089e+01 1.026347e+01 0.000000e+00
  endloop
 endfacet
 facet normal 9.929285e-01 -1.187143e-01 0.000000e+00
  outer loop
   vertex 2.362036e+01 1.138908e+01 0.000000e+00
   vertex 2.357531e+01 1.101225e+01 3.000000e+00
   vertex 2.357531e+01 1.101225e+01 0.000000e+00
  endloop
 endfacet
 facet normal 7.353541e-01 6.776831e-01 0.000000e+00
  outer loop
   vertex 2.403379e+01 9.594666e+00 0.000000e+00
   vertex 2.429098e+01 9.315590e+00 3.000000e+00
   vertex 2.429098e+01 9.315590e+00 0.000000e+00
  endloop
 endfacet
 facet normal 4.624467e-01 8.866471e-01 0.000000e+00
  outer loop
   vertex 2.459230e+01 9.084867e+00 0.000000e+00
   vertex 2.492879e+01 8.909364e+00 3.000000e+00
   vertex 2.492879e+01 8.909364e+00 0.000000e+00
  endloop
 endfacet
 facet normal 6.079447e-01 7.939794e-01 0.000000e+00
  outer loop
   vertex 2.429098e+01 9.315590e+00 0.000000e+00
   vertex 2.459230e+01 9.084867e+00 3.000000e+00
   vertex 2.459230e+01 9.084867e+00 0.000000e+00
  endloop
 endfacet
 facet normal 1.348997e-01 9.908593e-01 0.000000e+00
  outer loop
   vertex 2.529044e+01 8.794303e+00 0.000000e+00
   vertex 2.566649e+01 8.743107e+00 3.000000e+00
   vertex 2.566649e+01 8.743107e+00 0.000000e+00
  endloop
 endfacet
 facet normal -3.739951e-02 9.993004e-01 0.000000e+00
  outer loop
   vertex 2.566649e+01 8.743107e+00 0.000000e+00
   vertex 2.604573e+01 8.757300e+00 3.000000e+00
   vertex 2.604573e+01 8.757300e+00 0.000000e+00
  endloop
 endfacet
 facet normal 3.031817e-01 9.529328e-01 0.000000e+00
  outer loop
   vertex 2.492879e+01 8.909364e+00 0.000000e+00
   vertex 2.529044e+01 8.794303e+00 3.000000e+00
   vertex 2.529044e+01 8.794303e+00 0.000000e+00
  endloop
 endfacet
 facet normal 8.408820e-01 5.412185e-01 0.000000e+00
  outer loop
   vertex 2.382839e+01 9.913790e+00 0.000000e+00
   vertex 2.403379e+01 9.594666e+00 3.000000e+00
   vertex 2.403379e+01 9.594666e+00 0.000000e+00
  endloop
 endfacet
 facet normal -9.902499e-01 1.393024e-01 0.000000e+00
  outer loop
   vertex 2.796035e+01 1.069458e+01 1.500000e+00
   vertex 2.794335e+01 1.057371e+01 7.500000e-01
   vertex 2.794335e+01 1.057371e+01 1.500000e+00
  endloop
 endfacet
 facet normal -9.902499e-01 1.393024e-01 0.000000e+00
  outer loop
   vertex 2.796035e+01 1.069458e+01 2.250000e+00
   vertex 2.794335e+01 1.057371e+01 1.500000e+00
   vertex 2.794335e+01 1.057371e+01 2.250000e+00
  endloop
 endfacet
 facet normal -9.964738e-01 8.390462e-02 0.000000e+00
  outer loop
   vertex 2.797069e+01 1.081733e+01 1.500000e+00
   vertex 2.796035e+01 1.069458e+01 7.500000e-01
   vertex 2.796035e+01 1.069458e+01 1.500000e+00
  endloop
 endfacet
 facet normal -9.964738e-01 8.390462e-02 0.000000e+00
  outer loop
   vertex 2.797069e+01 1.081733e+01 2.250000e+00
   vertex 2.796035e+01 1.069458e+01 1.500000e+00
   vertex 2.796035e+01 1.069458e+01 2.250000e+00
  endloop
 endfacet
 facet normal -9.811482e-01 1.932566e-01 0.000000e+00
  outer loop
   vertex 2.792040e+01 1.045719e+01 1.000000e+00
   vertex 2.792040e+01 1.045719e+01 1.500000e+00
   vertex 2.794335e+01 1.057371e+01 1.500000e+00
  endloop
 endfacet
 facet normal -9.811482e-01 1.932566e-01 0.000000e+00
  outer loop
   vertex 2.792040e+01 1.045719e+01 2.000000e+00
   vertex 2.794335e+01 1.057371e+01 1.500000e+00
   vertex 2.792040e+01 1.045719e+01 1.500000e+00
  endloop
 endfacet
 facet normal -9.862255e-01 1.653455e-01 -4.491310e-03
  outer loop
   vertex 2.796066e+01 1.069734e+01 3.000000e+00
   vertex 2.794335e+01 1.057371e+01 2.250000e+00
   vertex 2.792040e+01 1.045719e+01 3.000000e+00
  endloop
 endfacet
 facet normal -9.996081e-01 2.799398e-02 0.000000e+00
  outer loop
   vertex 2.797069e+01 1.081733e+01 1.500000e+00
   vertex 2.797414e+01 1.094047e+01 1.000000e+00
   vertex 2.797069e+01 1.081733e+01 7.500000e-01
  endloop
 endfacet
 facet normal -9.996081e-01 2.799398e-02 0.000000e+00
  outer loop
   vertex 2.797069e+01 1.081733e+01 1.500000e+00
   vertex 2.797069e+01 1.081733e+01 2.250000e+00
   vertex 2.797414e+01 1.094047e+01 2.000000e+00
  endloop
 endfacet
 facet normal -9.963976e-01 -8.480512e-02 0.000000e+00
  outer loop
   vertex 2.736012e+01 1.633917e+01 0.000000e+00
   vertex 2.732847e+01 1.671097e+01 3.000000e+00
   vertex 2.732847e+01 1.671097e+01 0.000000e+00
  endloop
 endfacet
 facet normal -9.112279e-01 -4.119027e-01 0.000000e+00
  outer loop
   vertex 2.723445e+01 1.707208e+01 0.000000e+00
   vertex 2.708075e+01 1.741210e+01 3.000000e+00
   vertex 2.708075e+01 1.741210e+01 0.000000e+00
  endloop
 endfacet
 facet normal -9.677328e-01 -2.519787e-01 0.000000e+00
  outer loop
   vertex 2.732847e+01 1.671097e+01 0.000000e+00
   vertex 2.723445e+01 1.707208e+01 3.000000e+00
   vertex 2.723445e+01 1.707208e+01 0.000000e+00
  endloop
 endfacet
 facet normal -7.219575e-01 -6.919374e-01 0.000000e+00
  outer loop
   vertex 2.687180e+01 1.772125e+01 0.000000e+00
   vertex 2.661360e+01 1.799065e+01 3.000000e+00
   vertex 2.661360e+01 1.799065e+01 0.000000e+00
  endloop
 endfacet
 facet normal -4.502044e-01 -8.929255e-01 0.000000e+00
  outer loop
   vertex 2.631359e+01 1.821254e+01 0.000000e+00
   vertex 2.598040e+01 1.838053e+01 3.000000e+00
   vertex 2.598040e+01 1.838053e+01 0.000000e+00
  endloop
 endfacet
 facet normal -2.928191e-01 -9.561679e-01 0.000000e+00
  outer loop
   vertex 2.598040e+01 1.838053e+01 0.000000e+00
   vertex 2.562361e+01 1.848979e+01 3.000000e+00
   vertex 2.562361e+01 1.848979e+01 0.000000e+00
  endloop
 endfacet
 facet normal -5.946338e-01 -8.039967e-01 0.000000e+00
  outer loop
   vertex 2.661360e+01 1.799065e+01 0.000000e+00
   vertex 2.631359e+01 1.821254e+01 3.000000e+00
   vertex 2.631359e+01 1.821254e+01 0.000000e+00
  endloop
 endfacet
 facet normal -8.285097e-01 -5.599747e-01 0.000000e+00
  outer loop
   vertex 2.708075e+01 1.741210e+01 0.000000e+00
   vertex 2.687180e+01 1.772125e+01 3.000000e+00
   vertex 2.687180e+01 1.772125e+01 0.000000e+00
  endloop
 endfacet
 facet normal 4.244100e-02 -9.990990e-01 0.000000e+00
  outer loop
   vertex 2.525349e+01 1.853719e+01 0.000000e+00
   vertex 2.488068e+01 1.852135e+01 3.000000e+00
   vertex 2.488068e+01 1.852135e+01 0.000000e+00
  endloop
 endfacet
 facet normal 3.728549e-01 -9.278896e-01 0.000000e+00
  outer loop
   vertex 2.451591e+01 1.844274e+01 0.000000e+00
   vertex 2.416967e+01 1.830361e+01 3.000000e+00
   vertex 2.416967e+01 1.830361e+01 0.000000e+00
  endloop
 endfacet
 facet normal 5.243076e-01 -8.515289e-01 0.000000e+00
  outer loop
   vertex 2.416967e+01 1.830361e+01 0.000000e+00
   vertex 2.385192e+01 1.810797e+01 3.000000e+00
   vertex 2.385192e+01 1.810797e+01 0.000000e+00
  endloop
 endfacet
 facet normal 2.106820e-01 -9.775547e-01 0.000000e+00
  outer loop
   vertex 2.488068e+01 1.852135e+01 0.000000e+00
   vertex 2.451591e+01 1.844274e+01 3.000000e+00
   vertex 2.451591e+01 1.844274e+01 0.000000e+00
  endloop
 endfacet
 facet normal 7.780373e-01 -6.282181e-01 0.000000e+00
  outer loop
   vertex 2.357181e+01 1.786144e+01 0.000000e+00
   vertex 2.333740e+01 1.757112e+01 3.000000e+00
   vertex 2.333740e+01 1.757112e+01 0.000000e+00
  endloop
 endfacet
 facet normal 9.428778e-01 -3.331388e-01 0.000000e+00
  outer loop
   vertex 2.315541e+01 1.724535e+01 0.000000e+00
   vertex 2.303111e+01 1.689352e+01 3.000000e+00
   vertex 2.303111e+01 1.689352e+01 0.000000e+00
  endloop
 endfacet
 facet normal 9.856156e-01 -1.690025e-01 0.000000e+00
  outer loop
   vertex 2.303111e+01 1.689352e+01 0.000000e+00
   vertex 2.296804e+01 1.652574e+01 3.000000e+00
   vertex 2.296804e+01 1.652574e+01 0.000000e+00
  endloop
 endfacet
 facet normal 8.730134e-01 -4.876961e-01 0.000000e+00
  outer loop
   vertex 2.333740e+01 1.757112e+01 0.000000e+00
   vertex 2.315541e+01 1.724535e+01 3.000000e+00
   vertex 2.315541e+01 1.724535e+01 0.000000e+00
  endloop
 endfacet
 facet normal 6.606742e-01 -7.506728e-01 0.000000e+00
  outer loop
   vertex 2.385192e+01 1.810797e+01 0.000000e+00
   vertex 2.357181e+01 1.786144e+01 3.000000e+00
   vertex 2.357181e+01 1.786144e+01 0.000000e+00
  endloop
 endfacet
 facet normal -1.270218e-01 -9.918999e-01 0.000000e+00
  outer loop
   vertex 2.525349e+01 1.853719e+01 0.000000e+00
   vertex 2.562361e+01 1.848979e+01 3.000000e+00
   vertex 2.525349e+01 1.853719e+01 3.000000e+00
  endloop
 endfacet
 facet normal 1.000000e+00 -0.000000e+00 0.000000e+00
  outer loop
   vertex 2.296804e+01 1.615260e+01 3.000000e+00
   vertex 2.296804e+01 1.652574e+01 0.000000e+00
   vertex 2.296804e+01 1.652574e+01 3.000000e+00
  endloop
 endfacet
 facet normal 9.856155e-01 1.690030e-01 0.000000e+00
  outer loop
   vertex 2.296804e+01 1.615260e+01 0.000000e+00
   vertex 2.303111e+01 1.578482e+01 3.000000e+00
   vertex 2.303111e+01 1.578482e+01 0.000000e+00
  endloop
 endfacet
 facet normal 8.730134e-01 4.876961e-01 -0.000000e+00
  outer loop
   vertex 2.333740e+01 1.510723e+01 0.000000e+00
   vertex 2.315541e+01 1.543299e+01 3.000000e+00
   vertex 2.333740e+01 1.510723e+01 3.000000e+00
  endloop
 endfacet
 facet normal 9.428778e-01 3.331388e-01 -0.000000e+00
  outer loop
   vertex 2.315541e+01 1.543299e+01 0.000000e+00
   vertex 2.303111e+01 1.578482e+01 3.000000e+00
   vertex 2.315541e+01 1.543299e+01 3.000000e+00
  endloop
 endfacet
 facet normal 6.606742e-01 7.506728e-01 0.000000e+00
  outer loop
   vertex 2.357181e+01 1.481691e+01 0.000000e+00
   vertex 2.385192e+01 1.457038e+01 3.000000e+00
   vertex 2.385192e+01 1.457038e+01 0.000000e+00
  endloop
 endfacet
 facet normal 3.728549e-01 9.278896e-01 -0.000000e+00
  outer loop
   vertex 2.451591e+01 1.423560e+01 0.000000e+00
   vertex 2.416967e+01 1.437473e+01 3.000000e+00
   vertex 2.451591e+01 1.423560e+01 3.000000e+00
  endloop
 endfacet
 facet normal 2.106795e-01 9.775552e-01 -0.000000e+00
  outer loop
   vertex 2.488068e+01 1.415699e+01 0.000000e+00
   vertex 2.451591e+01 1.423560e+01 3.000000e+00
   vertex 2.488068e+01 1.415699e+01 3.000000e+00
  endloop
 endfacet
 facet normal 5.243095e-01 8.515278e-01 0.000000e+00
  outer loop
   vertex 2.385192e+01 1.457038e+01 0.000000e+00
   vertex 2.416967e+01 1.437473e+01 3.000000e+00
   vertex 2.416967e+01 1.437473e+01 0.000000e+00
  endloop
 endfacet
 facet normal 7.780363e-01 6.282194e-01 0.000000e+00
  outer loop
   vertex 2.333740e+01 1.510723e+01 0.000000e+00
   vertex 2.357181e+01 1.481691e+01 3.000000e+00
   vertex 2.357181e+01 1.481691e+01 0.000000e+00
  endloop
 endfacet
 facet normal -1.270193e-01 9.919002e-01 0.000000e+00
  outer loop
   vertex 2.562361e+01 1.418855e+01 0.000000e+00
   vertex 2.525349e+01 1.414115e+01 3.000000e+00
   vertex 2.562361e+01 1.418855e+01 3.000000e+00
  endloop
 endfacet
 facet normal -4.502044e-01 8.929255e-01 0.000000e+00
  outer loop
   vertex 2.631359e+01 1.446581e+01 0.000000e+00
   vertex 2.598040e+01 1.429782e+01 3.000000e+00
   vertex 2.631359e+01 1.446581e+01 3.000000e+00
  endloop
 endfacet
 facet normal -5.946321e-01 8.039979e-01 0.000000e+00
  outer loop
   vertex 2.661360e+01 1.468769e+01 0.000000e+00
   vertex 2.631359e+01 1.446581e+01 3.000000e+00
   vertex 2.661360e+01 1.468769e+01 3.000000e+00
  endloop
 endfacet
 facet normal -2.928214e-01 9.561671e-01 0.000000e+00
  outer loop
   vertex 2.598040e+01 1.429782e+01 0.000000e+00
   vertex 2.562361e+01 1.418855e+01 3.000000e+00
   vertex 2.598040e+01 1.429782e+01 3.000000e+00
  endloop
 endfacet
 facet normal -8.285097e-01 5.599747e-01 0.000000e+00
  outer loop
   vertex 2.708075e+01 1.526624e+01 0.000000e+00
   vertex 2.687180e+01 1.495709e+01 3.000000e+00
   vertex 2.708075e+01 1.526624e+01 3.000000e+00
  endloop
 endfacet
 facet normal -9.677330e-01 2.519780e-01 0.000000e+00
  outer loop
   vertex 2.732847e+01 1.596737e+01 0.000000e+00
   vertex 2.723445e+01 1.560626e+01 3.000000e+00
   vertex 2.732847e+01 1.596737e+01 3.000000e+00
  endloop
 endfacet
 facet normal -9.963975e-01 8.480555e-02 0.000000e+00
  outer loop
   vertex 2.736012e+01 1.633917e+01 0.000000e+00
   vertex 2.732847e+01 1.596737e+01 3.000000e+00
   vertex 2.736012e+01 1.633917e+01 3.000000e+00
  endloop
 endfacet
 facet normal -9.112279e-01 4.119027e-01 0.000000e+00
  outer loop
   vertex 2.723445e+01 1.560626e+01 0.000000e+00
   vertex 2.708075e+01 1.526624e+01 3.000000e+00
   vertex 2.723445e+01 1.560626e+01 3.000000e+00
  endloop
 endfacet
 facet normal -7.219575e-01 6.919374e-01 0.000000e+00
  outer loop
   vertex 2.687180e+01 1.495709e+01 0.000000e+00
   vertex 2.661360e+01 1.468769e+01 3.000000e+00
   vertex 2.687180e+01 1.495709e+01 3.000000e+00
  endloop
 endfacet
 facet normal 4.244100e-02 9.990990e-01 -0.000000e+00
  outer loop
   vertex 2.525349e+01 1.414115e+01 0.000000e+00
   vertex 2.488068e+01 1.415699e+01 3.000000e+00
   vertex 2.525349e+01 1.414115e+01 3.000000e+00
  endloop
 endfacet
 facet normal -9.963975e-01 -8.480555e-02 0.000000e+00
  outer loop
   vertex -2.752579e+01 2.676522e+01 0.000000e+00
   vertex -2.755744e+01 2.713703e+01 3.000000e+00
   vertex -2.755744e+01 2.713703e+01 0.000000e+00
  endloop
 endfacet
 facet normal -9.112279e-01 -4.119027e-01 0.000000e+00
  outer loop
   vertex -2.765146e+01 2.749813e+01 0.000000e+00
   vertex -2.780516e+01 2.783815e+01 3.000000e+00
   vertex -2.780516e+01 2.783815e+01 0.000000e+00
  endloop
 endfacet
 facet normal -9.677331e-01 -2.519774e-01 0.000000e+00
  outer loop
   vertex -2.755744e+01 2.713703e+01 0.000000e+00
   vertex -2.765146e+01 2.749813e+01 3.000000e+00
   vertex -2.765146e+01 2.749813e+01 0.000000e+00
  endloop
 endfacet
 facet normal -7.219575e-01 -6.919374e-01 0.000000e+00
  outer loop
   vertex -2.801411e+01 2.814731e+01 0.000000e+00
   vertex -2.827231e+01 2.841670e+01 3.000000e+00
   vertex -2.827231e+01 2.841670e+01 0.000000e+00
  endloop
 endfacet
 facet normal -4.502044e-01 -8.929255e-01 0.000000e+00
  outer loop
   vertex -2.857232e+01 2.863859e+01 0.000000e+00
   vertex -2.890551e+01 2.880658e+01 3.000000e+00
   vertex -2.890551e+01 2.880658e+01 0.000000e+00
  endloop
 endfacet
 facet normal -2.928238e-01 -9.561664e-01 0.000000e+00
  outer loop
   vertex -2.890551e+01 2.880658e+01 0.000000e+00
   vertex -2.926230e+01 2.891585e+01 3.000000e+00
   vertex -2.926230e+01 2.891585e+01 0.000000e+00
  endloop
 endfacet
 facet normal -5.946305e-01 -8.039991e-01 0.000000e+00
  outer loop
   vertex -2.827231e+01 2.841670e+01 0.000000e+00
   vertex -2.857232e+01 2.863859e+01 3.000000e+00
   vertex -2.857232e+01 2.863859e+01 0.000000e+00
  endloop
 endfacet
 facet normal -8.285097e-01 -5.599747e-01 0.000000e+00
  outer loop
   vertex -2.780516e+01 2.783815e+01 0.000000e+00
   vertex -2.801411e+01 2.814731e+01 3.000000e+00
   vertex -2.801411e+01 2.814731e+01 0.000000e+00
  endloop
 endfacet
 facet normal 4.244100e-02 -9.990990e-01 0.000000e+00
  outer loop
   vertex -2.963242e+01 2.896324e+01 0.000000e+00
   vertex -3.000523e+01 2.894740e+01 3.000000e+00
   vertex -3.000523e+01 2.894740e+01 0.000000e+00
  endloop
 endfacet
 facet normal 3.728549e-01 -9.278896e-01 0.000000e+00
  outer loop
   vertex -3.037000e+01 2.886879e+01 0.000000e+00
   vertex -3.071624e+01 2.872966e+01 3.000000e+00
   vertex -3.071624e+01 2.872966e+01 0.000000e+00
  endloop
 endfacet
 facet normal 5.243113e-01 -8.515267e-01 0.000000e+00
  outer loop
   vertex -3.071624e+01 2.872966e+01 0.000000e+00
   vertex -3.103399e+01 2.853402e+01 3.000000e+00
   vertex -3.103399e+01 2.853402e+01 0.000000e+00
  endloop
 endfacet
 facet normal 2.106771e-01 -9.775557e-01 0.000000e+00
  outer loop
   vertex -3.000523e+01 2.894740e+01 0.000000e+00
   vertex -3.037000e+01 2.886879e+01 3.000000e+00
   vertex -3.037000e+01 2.886879e+01 0.000000e+00
  endloop
 endfacet
 facet normal 7.780353e-01 -6.282206e-01 0.000000e+00
  outer loop
   vertex -3.131410e+01 2.828749e+01 0.000000e+00
   vertex -3.154851e+01 2.799717e+01 3.000000e+00
   vertex -3.154851e+01 2.799717e+01 0.000000e+00
  endloop
 endfacet
 facet normal 9.428778e-01 -3.331388e-01 0.000000e+00
  outer loop
   vertex -3.173050e+01 2.767141e+01 0.000000e+00
   vertex -3.185480e+01 2.731958e+01 3.000000e+00
   vertex -3.185480e+01 2.731958e+01 0.000000e+00
  endloop
 endfacet
 facet normal 9.856156e-01 -1.690025e-01 0.000000e+00
  outer loop
   vertex -3.191787e+01 2.695180e+01 0.000000e+00
   vertex -3.185480e+01 2.731958e+01 3.000000e+00
   vertex -3.191787e+01 2.695180e+01 3.000000e+00
  endloop
 endfacet
 facet normal 8.730134e-01 -4.876961e-01 0.000000e+00
  outer loop
   vertex -3.154851e+01 2.799717e+01 0.000000e+00
   vertex -3.173050e+01 2.767141e+01 3.000000e+00
   vertex -3.173050e+01 2.767141e+01 0.000000e+00
  endloop
 endfacet
 facet normal 6.606742e-01 -7.506728e-01 0.000000e+00
  outer loop
   vertex -3.103399e+01 2.853402e+01 0.000000e+00
   vertex -3.131410e+01 2.828749e+01 3.000000e+00
   vertex -3.131410e+01 2.828749e+01 0.000000e+00
  endloop
 endfacet
 facet normal -1.270168e-01 -9.919006e-01 0.000000e+00
  outer loop
   vertex -2.963242e+01 2.896324e+01 0.000000e+00
   vertex -2.926230e+01 2.891585e+01 3.000000e+00
   vertex -2.963242e+01 2.896324e+01 3.000000e+00
  endloop
 endfacet
 facet normal 1.000000e+00 0.000000e+00 0.000000e+00
  outer loop
   vertex -3.191787e+01 2.695180e+01 0.000000e+00
   vertex -3.191787e+01 2.657865e+01 3.000000e+00
   vertex -3.191787e+01 2.657865e+01 0.000000e+00
  endloop
 endfacet
 facet normal 9.856156e-01 1.690025e-01 0.000000e+00
  outer loop
   vertex -3.191787e+01 2.657865e+01 0.000000e+00
   vertex -3.185480e+01 2.621087e+01 3.000000e+00
   vertex -3.185480e+01 2.621087e+01 0.000000e+00
  endloop
 endfacet
 facet normal 8.730134e-01 4.876961e-01 -0.000000e+00
  outer loop
   vertex -3.154851e+01 2.553328e+01 0.000000e+00
   vertex -3.173050e+01 2.585904e+01 3.000000e+00
   vertex -3.154851e+01 2.553328e+01 3.000000e+00
  endloop
 endfacet
 facet normal 9.428778e-01 3.331388e-01 -0.000000e+00
  outer loop
   vertex -3.173050e+01 2.585904e+01 0.000000e+00
   vertex -3.185480e+01 2.621087e+01 3.000000e+00
   vertex -3.173050e+01 2.585904e+01 3.000000e+00
  endloop
 endfacet
 facet normal 6.606713e-01 7.506753e-01 -0.000000e+00
  outer loop
   vertex -3.103399e+01 2.499643e+01 0.000000e+00
   vertex -3.131410e+01 2.524296e+01 3.000000e+00
   vertex -3.103399e+01 2.499643e+01 3.000000e+00
  endloop
 endfacet
 facet normal 3.728549e-01 9.278896e-01 -0.000000e+00
  outer loop
   vertex -3.037000e+01 2.466166e+01 0.000000e+00
   vertex -3.071624e+01 2.480079e+01 3.000000e+00
   vertex -3.037000e+01 2.466166e+01 3.000000e+00
  endloop
 endfacet
 facet normal 2.106771e-01 9.775557e-01 -0.000000e+00
  outer loop
   vertex -3.000523e+01 2.458304e+01 0.000000e+00
   vertex -3.037000e+01 2.466166e+01 3.000000e+00
   vertex -3.000523e+01 2.458304e+01 3.000000e+00
  endloop
 endfacet
 facet normal 5.243113e-01 8.515267e-01 -0.000000e+00
  outer loop
   vertex -3.071624e+01 2.480079e+01 0.000000e+00
   vertex -3.103399e+01 2.499643e+01 3.000000e+00
   vertex -3.071624e+01 2.480079e+01 3.000000e+00
  endloop
 endfacet
 facet normal 7.780373e-01 6.282181e-01 -0.000000e+00
  outer loop
   vertex -3.131410e+01 2.524296e+01 0.000000e+00
   vertex -3.154851e+01 2.553328e+01 3.000000e+00
   vertex -3.131410e+01 2.524296e+01 3.000000e+00
  endloop
 endfacet
 facet normal -1.270168e-01 9.919006e-01 0.000000e+00
  outer loop
   vertex -2.926230e+01 2.461460e+01 0.000000e+00
   vertex -2.963242e+01 2.456721e+01 3.000000e+00
   vertex -2.926230e+01 2.461460e+01 3.000000e+00
  endloop
 endfacet
 facet normal -4.502044e-01 8.929255e-01 0.000000e+00
  outer loop
   vertex -2.857232e+01 2.489186e+01 0.000000e+00
   vertex -2.890551e+01 2.472387e+01 3.000000e+00
   vertex -2.857232e+01 2.489186e+01 3.000000e+00
  endloop
 endfacet
 facet normal -5.946305e-01 8.039991e-01 0.000000e+00
  outer loop
   vertex -2.827231e+01 2.511374e+01 0.000000e+00
   vertex -2.857232e+01 2.489186e+01 3.000000e+00
   vertex -2.827231e+01 2.511374e+01 3.000000e+00
  endloop
 endfacet
 facet normal -2.928238e-01 9.561664e-01 0.000000e+00
  outer loop
   vertex -2.890551e+01 2.472387e+01 0.000000e+00
   vertex -2.926230e+01 2.461460e+01 3.000000e+00
   vertex -2.890551e+01 2.472387e+01 3.000000e+00
  endloop
 endfacet
 facet normal -8.285097e-01 5.599747e-01 0.000000e+00
  outer loop
   vertex -2.780516e+01 2.569230e+01 0.000000e+00
   vertex -2.801411e+01 2.538314e+01 3.000000e+00
   vertex -2.780516e+01 2.569230e+01 3.000000e+00
  endloop
 endfacet
 facet normal -9.677331e-01 2.519774e-01 0.000000e+00
  outer loop
   vertex -2.755744e+01 2.639342e+01 0.000000e+00
   vertex -2.765146e+01 2.603232e+01 3.000000e+00
   vertex -2.755744e+01 2.639342e+01 3.000000e+00
  endloop
 endfacet
 facet normal -9.963975e-01 8.480555e-02 0.000000e+00
  outer loop
   vertex -2.752579e+01 2.676522e+01 0.000000e+00
   vertex -2.755744e+01 2.639342e+01 3.000000e+00
   vertex -2.752579e+01 2.676522e+01 3.000000e+00
  endloop
 endfacet
 facet normal -9.112279e-01 4.119027e-01 0.000000e+00
  outer loop
   vertex -2.765146e+01 2.603232e+01 0.000000e+00
   vertex -2.780516e+01 2.569230e+01 3.000000e+00
   vertex -2.765146e+01 2.603232e+01 3.000000e+00
  endloop
 endfacet
 facet normal -7.219575e-01 6.919374e-01 0.000000e+00
  outer loop
   vertex -2.801411e+01 2.538314e+01 0.000000e+00
   vertex -2.827231e+01 2.511374e+01 3.000000e+00
   vertex -2.801411e+01 2.538314e+01 3.000000e+00
  endloop
 endfacet
 facet normal 4.244100e-02 9.990990e-01 -0.000000e+00
  outer loop
   vertex -2.963242e+01 2.456721e+01 0.000000e+00
   vertex -3.000523e+01 2.458304e+01 3.000000e+00
   vertex -2.963242e+01 2.456721e+01 3.000000e+00
  endloop
 endfacet
 facet normal -7.656431e-01 6.432655e-01 -2.060703e-04
  outer loop
   vertex -1.668772e+01 -3.280975e+01 2.000000e+00
   vertex -1.653186e+01 -3.262424e+01 2.000000e+00
   vertex -1.653466e+01 -3.262821e+01 0.000000e+00
  endloop
 endfacet
 facet normal -9.386211e-01 3.449493e-01 -5.922082e-04
  outer loop
   vertex -1.641032e+01 -3.241463e+01 2.000000e+00
   vertex -1.632674e+01 -3.218721e+01 2.000000e+00
   vertex -1.633064e+01 -3.220125e+01 0.000000e+00
  endloop
 endfacet
 facet normal -8.650876e-01 5.016207e-01 -4.039488e-04
  outer loop
   vertex -1.653186e+01 -3.262424e+01 2.000000e+00
   vertex -1.641032e+01 -3.241463e+01 2.000000e+00
   vertex -1.641448e+01 -3.242342e+01 0.000000e+00
  endloop
 endfacet
 facet normal -9.999838e-01 5.612712e-03 -9.453508e-04
  outer loop
   vertex -1.628362e+01 -3.194878e+01 2.000000e+00
   vertex -1.628226e+01 -3.170649e+01 2.000000e+00
   vertex -1.628051e+01 -3.173071e+01 0.000000e+00
  endloop
 endfacet
 facet normal -9.424336e-01 -3.343911e-01 -1.265103e-03
  outer loop
   vertex -1.632270e+01 -3.146759e+01 2.000000e+00
   vertex -1.640372e+01 -3.123924e+01 2.000000e+00
   vertex -1.639000e+01 -3.127035e+01 0.000000e+00
  endloop
 endfacet
 facet normal -8.706656e-01 -4.918734e-01 -1.412337e-03
  outer loop
   vertex -1.640372e+01 -3.123924e+01 2.000000e+00
   vertex -1.652290e+01 -3.102828e+01 2.000000e+00
   vertex -1.650138e+01 -3.106064e+01 0.000000e+00
  endloop
 endfacet
 facet normal -9.859755e-01 -1.668863e-01 -1.109752e-03
  outer loop
   vertex -1.628226e+01 -3.170649e+01 2.000000e+00
   vertex -1.632270e+01 -3.146759e+01 2.000000e+00
   vertex -1.631566e+01 -3.149587e+01 0.000000e+00
  endloop
 endfacet
 facet normal -9.840401e-01 1.779453e-01 -7.733676e-04
  outer loop
   vertex -1.632674e+01 -3.218721e+01 2.000000e+00
   vertex -1.628362e+01 -3.194878e+01 2.000000e+00
   vertex -1.628555e+01 -3.196811e+01 0.000000e+00
  endloop
 endfacet
 facet normal -6.518187e-01 -7.583730e-01 -1.681154e-03
  outer loop
   vertex -1.667667e+01 -3.084103e+01 2.000000e+00
   vertex -1.686042e+01 -3.068310e+01 2.000000e+00
   vertex -1.682148e+01 -3.071213e+01 0.000000e+00
  endloop
 endfacet
 facet normal -3.554643e-01 -9.346879e-01 -1.916415e-03
  outer loop
   vertex -1.706865e+01 -3.055921e+01 2.000000e+00
   vertex -1.729512e+01 -3.047308e+01 2.000000e+00
   vertex -1.723940e+01 -3.049018e+01 0.000000e+00
  endloop
 endfacet
 facet normal -1.889819e-01 -9.819785e-01 -2.021540e-03
  outer loop
   vertex -1.729512e+01 -3.047308e+01 2.000000e+00
   vertex -1.753305e+01 -3.042729e+01 2.000000e+00
   vertex -1.747041e+01 -3.043523e+01 0.000000e+00
  endloop
 endfacet
 facet normal -5.113009e-01 -8.593999e-01 -1.803460e-03
  outer loop
   vertex -1.686042e+01 -3.068310e+01 2.000000e+00
   vertex -1.706865e+01 -3.055921e+01 2.000000e+00
   vertex -1.702099e+01 -3.058337e+01 0.000000e+00
  endloop
 endfacet
 facet normal 1.558102e-01 -9.877845e-01 -2.206607e-03
  outer loop
   vertex -1.777531e+01 -3.042321e+01 2.000000e+00
   vertex -1.801465e+01 -3.046097e+01 2.000000e+00
   vertex -1.794351e+01 -3.044528e+01 0.000000e+00
  endloop
 endfacet
 facet normal 4.820691e-01 -8.761300e-01 -2.358386e-03
  outer loop
   vertex -1.824389e+01 -3.053942e+01 2.000000e+00
   vertex -1.845618e+01 -3.065622e+01 2.000000e+00
   vertex -1.838623e+01 -3.061235e+01 0.000000e+00
  endloop
 endfacet
 facet normal 6.259088e-01 -7.798925e-01 -2.421081e-03
  outer loop
   vertex -1.845618e+01 -3.065622e+01 2.000000e+00
   vertex -1.864514e+01 -3.080788e+01 2.000000e+00
   vertex -1.858010e+01 -3.074947e+01 0.000000e+00
  endloop
 endfacet
 facet normal 3.237881e-01 -9.461269e-01 -2.286793e-03
  outer loop
   vertex -1.801465e+01 -3.046097e+01 2.000000e+00
   vertex -1.824389e+01 -3.053942e+01 2.000000e+00
   vertex -1.817198e+01 -3.050997e+01 0.000000e+00
  endloop
 endfacet
 facet normal -1.683811e-02 -9.998560e-01 -2.118529e-03
  outer loop
   vertex -1.753305e+01 -3.042729e+01 2.000000e+00
   vertex -1.777531e+01 -3.042321e+01 2.000000e+00
   vertex -1.770739e+01 -3.042012e+01 0.000000e+00
  endloop
 endfacet
 facet normal -7.728145e-01 -6.346300e-01 -1.551140e-03
  outer loop
   vertex -1.652290e+01 -3.102828e+01 2.000000e+00
   vertex -1.667667e+01 -3.084103e+01 2.000000e+00
   vertex -1.664660e+01 -3.087276e+01 0.000000e+00
  endloop
 endfacet
 facet normal 7.510064e-01 -6.602902e-01 -2.475582e-03
  outer loop
   vertex -1.864514e+01 -3.080788e+01 2.000000e+00
   vertex -1.880513e+01 -3.098985e+01 2.000000e+00
   vertex -1.874801e+01 -3.091738e+01 0.000000e+00
  endloop
 endfacet
 facet normal 8.536049e-01 -5.209149e-01 -2.521652e-03
  outer loop
   vertex -1.880513e+01 -3.098985e+01 2.000000e+00
   vertex -1.893135e+01 -3.119667e+01 2.000000e+00
   vertex -1.888512e+01 -3.111124e+01 0.000000e+00
  endloop
 endfacet
 facet normal 9.797934e-01 -1.999954e-01 -2.588758e-03
  outer loop
   vertex -1.902001e+01 -3.142216e+01 2.000000e+00
   vertex -1.906847e+01 -3.165956e+01 2.000000e+00
   vertex -1.905220e+01 -3.155397e+01 0.000000e+00
  endloop
 endfacet
 facet normal 9.306395e-01 -3.659283e-01 -2.559465e-03
  outer loop
   vertex -1.893135e+01 -3.119667e+01 2.000000e+00
   vertex -1.902001e+01 -3.142216e+01 2.000000e+00
   vertex -1.898750e+01 -3.132550e+01 0.000000e+00
  endloop
 endfacet
 facet normal 9.894718e-01 1.447021e-01 -2.621607e-03
  outer loop
   vertex -1.907527e+01 -3.190176e+01 2.000000e+00
   vertex -1.904021e+01 -3.214151e+01 2.000000e+00
   vertex -1.906224e+01 -3.202707e+01 0.000000e+00
  endloop
 endfacet
 facet normal 8.060789e-01 5.918053e-01 -1.808024e-03
  outer loop
   vertex -1.886587e+01 -3.256020e+01 2.000000e+00
   vertex -1.873997e+01 -3.273168e+01 2.000000e+00
   vertex -1.878534e+01 -3.267599e+01 0.000000e+00
  endloop
 endfacet
 facet normal 9.996027e-01 -2.806347e-02 -2.609876e-03
  outer loop
   vertex -1.906847e+01 -3.165956e+01 2.000000e+00
   vertex -1.907527e+01 -3.190176e+01 2.000000e+00
   vertex -1.907735e+01 -3.179009e+01 0.000000e+00
  endloop
 endfacet
 facet normal 5.918003e-01 8.060843e-01 -7.573168e-04
  outer loop
   vertex -1.858954e+01 -3.288211e+01 2.000000e+00
   vertex -1.841806e+01 -3.300800e+01 2.000000e+00
   vertex -1.843684e+01 -3.299610e+01 0.000000e+00
  endloop
 endfacet
 facet normal 3.130403e-01 9.497398e-01 9.251976e-05
  outer loop
   vertex -1.822712e+01 -3.310748e+01 0.000000e+00
   vertex -1.800374e+01 -3.318130e+01 2.000000e+00
   vertex -1.800160e+01 -3.318181e+01 0.000000e+00
  endloop
 endfacet
 facet normal 1.480529e-01 9.889794e-01 7.707032e-05
  outer loop
   vertex -1.800160e+01 -3.318181e+01 0.000000e+00
   vertex -1.776859e+01 -3.321685e+01 2.000000e+00
   vertex -1.776676e+01 -3.321697e+01 0.000000e+00
  endloop
 endfacet
 facet normal 4.628491e-01 8.864371e-01 9.841493e-05
  outer loop
   vertex -1.841806e+01 -3.300800e+01 2.000000e+00
   vertex -1.822948e+01 -3.310647e+01 2.000000e+00
   vertex -1.822712e+01 -3.310748e+01 0.000000e+00
  endloop
 endfacet
 facet normal -1.898701e-01 9.818092e-01 4.557072e-05
  outer loop
   vertex -1.752936e+01 -3.321193e+01 0.000000e+00
   vertex -1.729728e+01 -3.316714e+01 2.000000e+00
   vertex -1.729622e+01 -3.316684e+01 0.000000e+00
  endloop
 endfacet
 facet normal -5.061093e-01 8.624694e-01 1.469848e-05
  outer loop
   vertex -1.707406e+01 -3.308300e+01 0.000000e+00
   vertex -1.686956e+01 -3.296303e+01 2.000000e+00
   vertex -1.686926e+01 -3.296282e+01 0.000000e+00
  endloop
 endfacet
 facet normal -6.445942e-01 7.645249e-01 0.000000e+00
  outer loop
   vertex -1.686926e+01 -3.296282e+01 0.000000e+00
   vertex -1.668772e+01 -3.280975e+01 2.000000e+00
   vertex -1.668772e+01 -3.280975e+01 0.000000e+00
  endloop
 endfacet
 facet normal -3.530883e-01 9.355900e-01 3.126745e-05
  outer loop
   vertex -1.729622e+01 -3.316684e+01 0.000000e+00
   vertex -1.707472e+01 -3.308331e+01 2.000000e+00
   vertex -1.707406e+01 -3.308300e+01 0.000000e+00
  endloop
 endfacet
 facet normal -2.123779e-02 9.997745e-01 6.268940e-05
  outer loop
   vertex -1.776676e+01 -3.321697e+01 0.000000e+00
   vertex -1.753082e+01 -3.321208e+01 2.000000e+00
   vertex -1.752936e+01 -3.321193e+01 0.000000e+00
  endloop
 endfacet
 facet normal 7.071016e-01 7.071106e-01 -1.391707e-03
  outer loop
   vertex -1.873997e+01 -3.273168e+01 2.000000e+00
   vertex -1.858954e+01 -3.288211e+01 2.000000e+00
   vertex -1.862471e+01 -3.285088e+01 0.000000e+00
  endloop
 endfacet
 facet normal 0.000000e+00 9.052527e-01 -4.248736e-01
  outer loop
   vertex -1.403796e+01 5.052229e+01 3.000000e+00
   vertex -4.928314e+00 4.911426e+01 0.000000e+00
   vertex -1.611420e+01 4.911426e+01 0.000000e+00
  endloop
 endfacet
 facet normal -7.071068e-01 -7.071068e-01 -0.000000e+00
  outer loop
   vertex 1.508435e+00 -7.872396e+00 4.800000e+01
   vertex -9.638732e-01 -5.400088e+00 4.100000e+01
   vertex 1.508435e+00 -7.872396e+00 4.100000e+01
  endloop
 endfacet
 facet normal -7.071068e-01 -7.071068e-01 -0.000000e+00
  outer loop
   vertex 1.508435e+00 -7.872396e+00 5.500000e+01
   vertex -9.638732e-01 -5.400088e+00 4.800000e+01
   vertex 1.508435e+00 -7.872396e+00 4.800000e+01
  endloop
 endfacet
 facet normal 0.000000e+00 0.000000e+00 1.000000e+00
  outer loop
   vertex -1.371637e+01 4.968452e+01 7.500000e+00
   vertex -1.457646e+01 5.192511e+01 7.500000e+00
   vertex -2.186571e+01 4.912703e+01 7.500000e+00
  endloop
 endfacet
 facet normal -9.335803e-01 -3.583684e-01 -0.000000e+00
  outer loop
   vertex -2.810732e+01 3.694651e+01 3.000000e+00
   vertex -2.932899e+01 4.012907e+01 0.000000e+00
   vertex -2.810732e+01 3.694651e+01 0.000000e+00
  endloop
 endfacet
 facet normal -7.071068e-01 -7.071068e-01 0.000000e+00
  outer loop
   vertex 4.017943e+01 -3.126988e+01 3.000000e+00
   vertex -2.665793e+01 3.556747e+01 2.172000e+01
   vertex -2.665793e+01 3.556747e+01 3.000000e+00
  endloop
 endfacet
 facet normal 0.000000e+00 0.000000e+00 1.000000e+00
  outer loop
   vertex 4.777030e+01 -3.610442e+01 2.172000e+01
   vertex -2.665793e+01 3.556747e+01 2.172000e+01
   vertex 4.639213e+01 -3.748259e+01 2.172000e+01
  endloop
 endfacet
 facet normal -7.071068e-01 -7.071068e-01 6.743496e-07
  outer loop
   vertex 2.959636e+00 -5.005295e+01 2.000000e+00
   vertex -5.052229e+01 3.428979e+00 3.000000e+00
   vertex -5.005295e+01 2.959636e+00 2.000000e+00
  endloop
 endfacet
 facet normal 7.071069e-01 -7.071067e-01 0.000000e+00
  outer loop
   vertex -3.256435e+01 -3.822121e+01 2.000000e+00
   vertex -2.283955e+01 -2.849640e+01 2.000000e+00
   vertex -2.283955e+01 -2.849640e+01 8.800000e+00
  endloop
 endfacet
 facet normal -1.736480e-01 9.848078e-01 0.000000e+00
  outer loop
   vertex 3.238245e+01 3.222104e+00 3.000000e+00
   vertex 3.287486e+01 3.308928e+00 0.000000e+00
   vertex 3.238245e+01 3.222104e+00 0.000000e+00
  endloop
 endfacet
 facet normal -9.848078e-01 -1.736481e-01 -0.000000e+00
  outer loop
   vertex 3.287486e+01 3.308928e+00 3.000000e+00
   vertex 3.202398e+01 8.134486e+00 0.000000e+00
   vertex 3.287486e+01 3.308928e+00 0.000000e+00
  endloop
 endfacet
 facet normal 1.736466e-01 -9.848080e-01 0.000000e+00
  outer loop
   vertex 3.202398e+01 8.134486e+00 3.000000e+00
   vertex 3.153157e+01 8.047663e+00 0.000000e+00
   vertex 3.202398e+01 8.134486e+00 0.000000e+00
  endloop
 endfacet
 facet normal 9.848078e-01 1.736481e-01 0.000000e+00
  outer loop
   vertex 2.621361e+01 7.109962e+00 3.000000e+00
   vertex 2.706449e+01 2.284404e+00 0.000000e+00
   vertex 2.621361e+01 7.109962e+00 0.000000e+00
  endloop
 endfacet
 facet normal -9.848079e-01 -1.736476e-01 -0.000000e+00
  outer loop
   vertex 3.290339e+01 2.676811e-01 3.000000e+00
   vertex 3.238245e+01 3.222104e+00 0.000000e+00
   vertex 3.290339e+01 2.676811e-01 0.000000e+00
  endloop
 endfacet
 facet normal -1.736475e-01 9.848079e-01 0.000000e+00
  outer loop
   vertex 2.706449e+01 2.284404e+00 3.000000e+00
   vertex 2.755689e+01 2.371228e+00 0.000000e+00
   vertex 2.706449e+01 2.284404e+00 0.000000e+00
  endloop
 endfacet
 facet normal 1.736491e-01 -9.848076e-01 0.000000e+00
  outer loop
   vertex 2.670601e+01 7.196786e+00 3.000000e+00
   vertex 2.621361e+01 7.109962e+00 0.000000e+00
   vertex 2.670601e+01 7.196786e+00 0.000000e+00
  endloop
 endfacet
 facet normal -8.660251e-01 5.000006e-01 0.000000e+00
  outer loop
   vertex 1.934676e+01 2.860958e+01 3.000000e+00
   vertex 1.959676e+01 2.904259e+01 0.000000e+00
   vertex 1.934676e+01 2.860958e+01 0.000000e+00
  endloop
 endfacet
 facet normal -5.000002e-01 -8.660253e-01 -0.000000e+00
  outer loop
   vertex 1.959676e+01 2.904259e+01 3.000000e+00
   vertex 1.535324e+01 3.149259e+01 0.000000e+00
   vertex 1.959676e+01 2.904259e+01 0.000000e+00
  endloop
 endfacet
 facet normal 8.660251e-01 -5.000006e-01 0.000000e+00
  outer loop
   vertex 1.535324e+01 3.149259e+01 3.000000e+00
   vertex 1.510324e+01 3.105958e+01 0.000000e+00
   vertex 1.535324e+01 3.149259e+01 0.000000e+00
  endloop
 endfacet
 facet normal 4.999997e-01 8.660256e-01 0.000000e+00
  outer loop
   vertex 1.240324e+01 2.638304e+01 3.000000e+00
   vertex 1.664676e+01 2.393304e+01 0.000000e+00
   vertex 1.240324e+01 2.638304e+01 0.000000e+00
  endloop
 endfacet
 facet normal -5.000000e-01 -8.660254e-01 -0.000000e+00
  outer loop
   vertex 2.194484e+01 2.710958e+01 3.000000e+00
   vertex 1.934676e+01 2.860958e+01 0.000000e+00
   vertex 2.194484e+01 2.710958e+01 0.000000e+00
  endloop
 endfacet
 facet normal 5.000000e-01 8.660254e-01 0.000000e+00
  outer loop
   vertex 1.005516e+01 2.831605e+01 3.000000e+00
   vertex 1.265324e+01 2.681605e+01 0.000000e+00
   vertex 1.005516e+01 2.831605e+01 0.000000e+00
  endloop
 endfacet
 facet normal -8.660251e-01 5.000006e-01 0.000000e+00
  outer loop
   vertex 1.664676e+01 2.393304e+01 3.000000e+00
   vertex 1.689676e+01 2.436605e+01 0.000000e+00
   vertex 1.664676e+01 2.393304e+01 0.000000e+00
  endloop
 endfacet
 facet normal 8.660260e-01 -4.999989e-01 0.000000e+00
  outer loop
   vertex 1.265324e+01 2.681605e+01 3.000000e+00
   vertex 1.240324e+01 2.638304e+01 0.000000e+00
   vertex 1.265324e+01 2.681605e+01 0.000000e+00
  endloop
 endfacet
 facet normal -3.420204e-01 9.396925e-01 0.000000e+00
  outer loop
   vertex -8.817899e+00 3.212125e+01 4.000000e+00
   vertex -1.389224e+01 3.027434e+01 3.000000e+00
   vertex -1.389224e+01 3.027434e+01 4.000000e+00
  endloop
 endfacet
 facet normal -3.420212e-01 9.396922e-01 0.000000e+00
  outer loop
   vertex -1.368703e+01 2.971053e+01 4.000000e+00
   vertex -1.475530e+01 2.932170e+01 3.000000e+00
   vertex -1.475530e+01 2.932170e+01 4.000000e+00
  endloop
 endfacet
 facet normal 9.396927e-01 3.420199e-01 0.000000e+00
  outer loop
   vertex -6.628970e+00 2.610722e+01 4.000000e+00
   vertex -6.834182e+00 2.667103e+01 3.000000e+00
   vertex -6.834182e+00 2.667103e+01 4.000000e+00
  endloop
 endfacet
 facet normal 9.396924e-01 3.420206e-01 0.000000e+00
  outer loop
   vertex -8.612686e+00 3.155743e+01 4.000000e+00
   vertex -8.817899e+00 3.212125e+01 3.000000e+00
   vertex -8.817899e+00 3.212125e+01 4.000000e+00
  endloop
 endfacet
 facet normal -9.396926e-01 -3.420202e-01 0.000000e+00
  outer loop
   vertex -1.389224e+01 3.027434e+01 4.000000e+00
   vertex -1.368703e+01 2.971053e+01 3.000000e+00
   vertex -1.368703e+01 2.971053e+01 4.000000e+00
  endloop
 endfacet
 facet normal 0.000000e+00 -0.000000e+00 1.000000e+00
  outer loop
   vertex -1.368703e+01 2.971053e+01 4.000000e+00
   vertex -8.817899e+00 3.212125e+01 4.000000e+00
   vertex -1.389224e+01 3.027434e+01 4.000000e+00
  endloop
 endfacet
 facet normal -9.848078e-01 -1.736482e-01 -0.000000e+00
  outer loop
   vertex -2.978997e+00 3.100372e+01 3.000000e+00
   vertex -4.003521e+00 3.681408e+01 0.000000e+00
   vertex -2.978997e+00 3.100372e+01 0.000000e+00
  endloop
 endfacet
 facet normal 1.736481e-01 -9.848078e-01 0.000000e+00
  outer loop
   vertex -4.003521e+00 3.681408e+01 3.000000e+00
   vertex -8.829080e+00 3.596321e+01 0.000000e+00
   vertex -4.003521e+00 3.681408e+01 0.000000e+00
  endloop
 endfacet
 facet normal 9.848077e-01 1.736484e-01 0.000000e+00
  outer loop
   vertex -8.829080e+00 3.596321e+01 0.000000e+00
   vertex -8.086022e+00 3.174912e+01 3.000000e+00
   vertex -8.086022e+00 3.174912e+01 0.000000e+00
  endloop
 endfacet
 facet normal -1.736478e-01 9.848078e-01 0.000000e+00
  outer loop
   vertex -5.183552e+00 3.061500e+01 3.000000e+00
   vertex -5.183552e+00 3.061500e+01 0.000000e+00
   vertex -7.804555e+00 3.015284e+01 0.000000e+00
  endloop
 endfacet
 facet normal -1.736486e-01 9.848077e-01 0.000000e+00
  outer loop
   vertex -2.978997e+00 3.100372e+01 0.000000e+00
   vertex -5.183552e+00 3.061500e+01 3.000000e+00
   vertex -2.978997e+00 3.100372e+01 3.000000e+00
  endloop
 endfacet
endsolid v2_tray
