solid v3_bowl
 facet normal -7.071068e-01 7.071068e-01 -1.077690e-06
  outer loop
   vertex 3.256123e+01 -3.136123e+01 5.075147e+01
   vertex 3.196123e+01 -3.196123e+01 4.950000e+01
   vertex 3.136123e+01 -3.256123e+01 5.075147e+01
  endloop
 endfacet
 facet normal -7.071068e-01 7.071068e-01 0.000000e+00
  outer loop
   vertex 3.112900e+01 -3.279345e+01 5.136589e+01
   vertex 3.256123e+01 -3.136123e+01 5.075147e+01
   vertex 3.136123e+01 -3.256123e+01 5.075147e+01
  endloop
 endfacet
 facet normal -7.071089e-01 7.071046e-01 -2.514687e-06
  outer loop
   vertex 3.270956e+01 -3.121289e+01 5.103432e+01
   vertex 3.256123e+01 -3.136123e+01 5.075147e+01
   vertex 3.130531e+01 -3.261715e+01 5.236127e+01
  endloop
 endfacet
 facet normal -7.070905e-01 7.071231e-01 1.230403e-05
  outer loop
   vertex 3.112900e+01 -3.279345e+01 5.136589e+01
   vertex 3.136123e+01 -3.256123e+01 5.075147e+01
   vertex 3.121289e+01 -3.270956e+01 5.103432e+01
  endloop
 endfacet
 facet normal -7.071068e-01 7.071068e-01 0.000000e+00
  outer loop
   vertex 3.256123e+01 -3.136123e+01 5.075147e+01
   vertex 3.112900e+01 -3.279345e+01 5.136589e+01
   vertex 3.111679e+01 -3.280567e+01 5.171762e+01
  endloop
 endfacet
 facet normal -7.071080e-01 7.071056e-01 -3.529998e-06
  outer loop
   vertex 3.111679e+01 -3.280567e+01 5.171762e+01
   vertex 3.117729e+01 -3.274516e+01 5.205922e+01
   vertex 3.256123e+01 -3.136123e+01 5.075147e+01
  endloop
 endfacet
 facet normal -7.071034e-01 7.071101e-01 6.081618e-06
  outer loop
   vertex 3.117729e+01 -3.274516e+01 5.205922e+01
   vertex 3.130531e+01 -3.261715e+01 5.236127e+01
   vertex 3.256123e+01 -3.136123e+01 5.075147e+01
  endloop
 endfacet
 facet normal -7.071089e-01 7.071047e-01 -2.420145e-06
  outer loop
   vertex 3.130531e+01 -3.261715e+01 5.236127e+01
   vertex 3.148981e+01 -3.243264e+01 5.259776e+01
   vertex 3.270956e+01 -3.121289e+01 5.103432e+01
  endloop
 endfacet
 facet normal -7.071074e-01 7.071062e-01 4.158794e-08
  outer loop
   vertex 3.280567e+01 -3.111679e+01 5.171762e+01
   vertex 3.279345e+01 -3.112900e+01 5.136589e+01
   vertex 3.171491e+01 -3.220754e+01 5.274833e+01
  endloop
 endfacet
 facet normal -7.071111e-01 7.071025e-01 -5.473783e-06
  outer loop
   vertex 3.196123e+01 -3.196123e+01 5.280000e+01
   vertex 3.274516e+01 -3.117729e+01 5.205922e+01
   vertex 3.280567e+01 -3.111679e+01 5.171762e+01
  endloop
 endfacet
 facet normal -7.070997e-01 7.071138e-01 1.489590e-05
  outer loop
   vertex 3.274516e+01 -3.117729e+01 5.205922e+01
   vertex 3.220754e+01 -3.171491e+01 5.274833e+01
   vertex 3.261715e+01 -3.130531e+01 5.236127e+01
  endloop
 endfacet
 facet normal -7.071050e-01 7.071085e-01 3.712600e-06
  outer loop
   vertex 3.171491e+01 -3.220754e+01 5.274833e+01
   vertex 3.279345e+01 -3.112900e+01 5.136589e+01
   vertex 3.148981e+01 -3.243264e+01 5.259776e+01
  endloop
 endfacet
 facet normal -7.071063e-01 7.071073e-01 4.680290e-06
  outer loop
   vertex 3.196123e+01 -3.196123e+01 5.280000e+01
   vertex 3.220754e+01 -3.171491e+01 5.274833e+01
   vertex 3.274516e+01 -3.117729e+01 5.205922e+01
  endloop
 endfacet
 facet normal -7.071069e-01 7.071067e-01 1.070805e-06
  outer loop
   vertex 3.280567e+01 -3.111679e+01 5.171762e+01
   vertex 3.171491e+01 -3.220754e+01 5.274833e+01
   vertex 3.196123e+01 -3.196123e+01 5.280000e+01
  endloop
 endfacet
 facet normal -7.071170e-01 7.070965e-01 -2.170262e-05
  outer loop
   vertex 3.243264e+01 -3.148981e+01 5.259776e+01
   vertex 3.261715e+01 -3.130531e+01 5.236127e+01
   vertex 3.220754e+01 -3.171491e+01 5.274833e+01
  endloop
 endfacet
 facet normal -7.071052e-01 7.071083e-01 3.282819e-06
  outer loop
   vertex 3.270956e+01 -3.121289e+01 5.103432e+01
   vertex 3.148981e+01 -3.243264e+01 5.259776e+01
   vertex 3.279345e+01 -3.112900e+01 5.136589e+01
  endloop
 endfacet
 facet normal 7.071068e-01 7.071068e-01 -1.077690e-06
  outer loop
   vertex -3.136123e+01 -3.256123e+01 5.075147e+01
   vertex -3.196123e+01 -3.196123e+01 4.950000e+01
   vertex -3.256123e+01 -3.136123e+01 5.075147e+01
  endloop
 endfacet
 facet normal 7.071068e-01 7.071068e-01 -1.031315e-06
  outer loop
   vertex -3.117729e+01 -3.274516e+01 5.205922e+01
   vertex -3.136123e+01 -3.256123e+01 5.075147e+01
   vertex -3.256123e+01 -3.136123e+01 5.075147e+01
  endloop
 endfacet
 facet normal 7.071097e-01 7.071039e-01 -1.757631e-06
  outer loop
   vertex -3.256123e+01 -3.136123e+01 5.075147e+01
   vertex -3.270956e+01 -3.121289e+01 5.103432e+01
   vertex -3.171491e+01 -3.220754e+01 5.274833e+01
  endloop
 endfacet
 facet normal 7.071078e-01 7.071057e-01 7.390606e-08
  outer loop
   vertex -3.279345e+01 -3.112900e+01 5.136589e+01
   vertex -3.280567e+01 -3.111679e+01 5.171762e+01
   vertex -3.220754e+01 -3.171491e+01 5.274833e+01
  endloop
 endfacet
 facet normal 7.070862e-01 7.071273e-01 2.633397e-05
  outer loop
   vertex -3.261715e+01 -3.130531e+01 5.236127e+01
   vertex -3.243264e+01 -3.148981e+01 5.259776e+01
   vertex -3.274516e+01 -3.117729e+01 5.205922e+01
  endloop
 endfacet
 facet normal 7.071148e-01 7.070988e-01 -6.782812e-06
  outer loop
   vertex -3.274516e+01 -3.117729e+01 5.205922e+01
   vertex -3.243264e+01 -3.148981e+01 5.259776e+01
   vertex -3.280567e+01 -3.111679e+01 5.171762e+01
  endloop
 endfacet
 facet normal 7.071049e-01 7.071087e-01 3.118196e-06
  outer loop
   vertex -3.270956e+01 -3.121289e+01 5.103432e+01
   vertex -3.279345e+01 -3.112900e+01 5.136589e+01
   vertex -3.196123e+01 -3.196123e+01 5.280000e+01
  endloop
 endfacet
 facet normal 7.070905e-01 7.071231e-01 1.230403e-05
  outer loop
   vertex -3.121289e+01 -3.270956e+01 5.103432e+01
   vertex -3.136123e+01 -3.256123e+01 5.075147e+01
   vertex -3.112900e+01 -3.279345e+01 5.136589e+01
  endloop
 endfacet
 facet normal 7.071114e-01 7.071022e-01 -2.322387e-06
  outer loop
   vertex -3.136123e+01 -3.256123e+01 5.075147e+01
   vertex -3.117729e+01 -3.274516e+01 5.205922e+01
   vertex -3.111679e+01 -3.280567e+01 5.171762e+01
  endloop
 endfacet
 facet normal 7.071034e-01 7.071101e-01 6.081618e-06
  outer loop
   vertex -3.117729e+01 -3.274516e+01 5.205922e+01
   vertex -3.256123e+01 -3.136123e+01 5.075147e+01
   vertex -3.130531e+01 -3.261715e+01 5.236127e+01
  endloop
 endfacet
 facet normal 7.071089e-01 7.071047e-01 -2.432567e-06
  outer loop
   vertex -3.256123e+01 -3.136123e+01 5.075147e+01
   vertex -3.148981e+01 -3.243264e+01 5.259776e+01
   vertex -3.130531e+01 -3.261715e+01 5.236127e+01
  endloop
 endfacet
 facet normal 7.071110e-01 7.071026e-01 -3.544001e-06
  outer loop
   vertex -3.220754e+01 -3.171491e+01 5.274833e+01
   vertex -3.280567e+01 -3.111679e+01 5.171762e+01
   vertex -3.243264e+01 -3.148981e+01 5.259776e+01
  endloop
 endfacet
 facet normal 7.071067e-01 7.071069e-01 1.070794e-06
  outer loop
   vertex -3.279345e+01 -3.112900e+01 5.136589e+01
   vertex -3.220754e+01 -3.171491e+01 5.274833e+01
   vertex -3.196123e+01 -3.196123e+01 5.280000e+01
  endloop
 endfacet
 facet normal 7.071069e-01 7.071066e-01 1.402955e-06
  outer loop
   vertex -3.196123e+01 -3.196123e+01 5.280000e+01
   vertex -3.171491e+01 -3.220754e+01 5.274833e+01
   vertex -3.270956e+01 -3.121289e+01 5.103432e+01
  endloop
 endfacet
 facet normal 7.071046e-01 7.071089e-01 2.504698e-06
  outer loop
   vertex -3.256123e+01 -3.136123e+01 5.075147e+01
   vertex -3.171491e+01 -3.220754e+01 5.274833e+01
   vertex -3.148981e+01 -3.243264e+01 5.259776e+01
  endloop
 endfacet
 facet normal 7.071068e-01 7.071068e-01 0.000000e+00
  outer loop
   vertex -3.112900e+01 -3.279345e+01 5.136589e+01
   vertex -3.136123e+01 -3.256123e+01 5.075147e+01
   vertex -3.111679e+01 -3.280567e+01 5.171762e+01
  endloop
 endfacet
 facet normal 7.071068e-01 -7.071068e-01 -1.077690e-06
  outer loop
   vertex -3.256123e+01 3.136123e+01 5.075147e+01
   vertex -3.196123e+01 3.196123e+01 4.950000e+01
   vertex -3.136123e+01 3.256123e+01 5.075147e+01
  endloop
 endfacet
 facet normal 7.071068e-01 -7.071068e-01 -1.031315e-06
  outer loop
   vertex -3.274516e+01 3.117729e+01 5.205922e+01
   vertex -3.256123e+01 3.136123e+01 5.075147e+01
   vertex -3.136123e+01 3.256123e+01 5.075147e+01
  endloop
 endfacet
 facet normal 7.071039e-01 -7.071097e-01 -1.757631e-06
  outer loop
   vertex -3.136123e+01 3.256123e+01 5.075147e+01
   vertex -3.121289e+01 3.270956e+01 5.103432e+01
   vertex -3.220754e+01 3.171491e+01 5.274833e+01
  endloop
 endfacet
 facet normal 7.071057e-01 -7.071078e-01 7.390606e-08
  outer loop
   vertex -3.112900e+01 3.279345e+01 5.136589e+01
   vertex -3.111679e+01 3.280567e+01 5.171762e+01
   vertex -3.171491e+01 3.220754e+01 5.274833e+01
  endloop
 endfacet
 facet normal 7.071273e-01 -7.070862e-01 2.633397e-05
  outer loop
   vertex -3.130531e+01 3.261715e+01 5.236127e+01
   vertex -3.148981e+01 3.243264e+01 5.259776e+01
   vertex -3.117729e+01 3.274516e+01 5.205922e+01
  endloop
 endfacet
 facet normal 7.070988e-01 -7.071148e-01 -6.782812e-06
  outer loop
   vertex -3.117729e+01 3.274516e+01 5.205922e+01
   vertex -3.148981e+01 3.243264e+01 5.259776e+01
   vertex -3.111679e+01 3.280567e+01 5.171762e+01
  endloop
 endfacet
 facet normal 7.071087e-01 -7.071049e-01 3.118196e-06
  outer loop
   vertex -3.121289e+01 3.270956e+01 5.103432e+01
   vertex -3.112900e+01 3.279345e+01 5.136589e+01
   vertex -3.196123e+01 3.196123e+01 5.280000e+01
  endloop
 endfacet
 facet normal 7.071231e-01 -7.070905e-01 1.230403e-05
  outer loop
   vertex -3.270956e+01 3.121289e+01 5.103432e+01
   vertex -3.256123e+01 3.136123e+01 5.075147e+01
   vertex -3.279345e+01 3.112900e+01 5.136589e+01
  endloop
 endfacet
 facet normal 7.071022e-01 -7.071114e-01 -2.322387e-06
  outer loop
   vertex -3.256123e+01 3.136123e+01 5.075147e+01
   vertex -3.274516e+01 3.117729e+01 5.205922e+01
   vertex -3.280567e+01 3.111679e+01 5.171762e+01
  endloop
 endfacet
 facet normal 7.071101e-01 -7.071034e-01 6.081618e-06
  outer loop
   vertex -3.274516e+01 3.117729e+01 5.205922e+01
   vertex -3.136123e+01 3.256123e+01 5.075147e+01
   vertex -3.261715e+01 3.130531e+01 5.236127e+01
  endloop
 endfacet
 facet normal 7.071047e-01 -7.071089e-01 -2.432567e-06
  outer loop
   vertex -3.136123e+01 3.256123e+01 5.075147e+01
   vertex -3.243264e+01 3.148981e+01 5.259776e+01
   vertex -3.261715e+01 3.130531e+01 5.236127e+01
  endloop
 endfacet
 facet normal 7.071026e-01 -7.071110e-01 -3.544001e-06
  outer loop
   vertex -3.171491e+01 3.220754e+01 5.274833e+01
   vertex -3.111679e+01 3.280567e+01 5.171762e+01
   vertex -3.148981e+01 3.243264e+01 5.259776e+01
  endloop
 endfacet
 facet normal 7.071069e-01 -7.071067e-01 1.070794e-06
  outer loop
   vertex -3.112900e+01 3.279345e+01 5.136589e+01
   vertex -3.171491e+01 3.220754e+01 5.274833e+01
   vertex -3.196123e+01 3.196123e+01 5.280000e+01
  endloop
 endfacet
 facet normal 7.071066e-01 -7.071069e-01 1.402955e-06
  outer loop
   vertex -3.196123e+01 3.196123e+01 5.280000e+01
   vertex -3.220754e+01 3.171491e+01 5.274833e+01
   vertex -3.121289e+01 3.270956e+01 5.103432e+01
  endloop
 endfacet
 facet normal 7.071089e-01 -7.071046e-01 2.504698e-06
  outer loop
   vertex -3.136123e+01 3.256123e+01 5.075147e+01
   vertex -3.220754e+01 3.171491e+01 5.274833e+01
   vertex -3.243264e+01 3.148981e+01 5.259776e+01
  endloop
 endfacet
 facet normal 7.071068e-01 -7.071068e-01 0.000000e+00
  outer loop
   vertex -3.279345e+01 3.112900e+01 5.136589e+01
   vertex -3.256123e+01 3.136123e+01 5.075147e+01
   vertex -3.280567e+01 3.111679e+01 5.171762e+01
  endloop
 endfacet
 facet normal -7.071068e-01 -7.071068e-01 0.000000e+00
  outer loop
   vertex 3.280567e+01 3.111679e+01 5.171762e+01
   vertex 3.256123e+01 3.136123e+01 5.075147e+01
   vertex 3.279345e+01 3.112900e+01 5.136589e+01
  endloop
 endfacet
 facet normal -7.071231e-01 -7.070905e-01 1.230403e-05
  outer loop
   vertex 3.256123e+01 3.136123e+01 5.075147e+01
   vertex 3.270956e+01 3.121289e+01 5.103432e+01
   vertex 3.279345e+01 3.112900e+01 5.136589e+01
  endloop
 endfacet
 facet normal -7.071194e-01 -7.070941e-01 1.715753e-06
  outer loop
   vertex 3.261715e+01 3.130531e+01 5.236127e+01
   vertex 3.249906e+01 3.142340e+01 5.062180e+01
   vertex 3.256123e+01 3.136123e+01 5.075147e+01
  endloop
 endfacet
 facet normal -7.071022e-01 -7.071114e-01 -2.322387e-06
  outer loop
   vertex 3.280567e+01 3.111679e+01 5.171762e+01
   vertex 3.274516e+01 3.117729e+01 5.205922e+01
   vertex 3.256123e+01 3.136123e+01 5.075147e+01
  endloop
 endfacet
 facet normal -7.071068e-01 -7.071068e-01 0.000000e+00
  outer loop
   vertex 3.261715e+01 3.130531e+01 5.236127e+01
   vertex 3.249906e+01 3.142340e+01 5.251264e+01
   vertex 3.249906e+01 3.142340e+01 5.062180e+01
  endloop
 endfacet
 facet normal -7.071156e-01 -7.070980e-01 1.450862e-06
  outer loop
   vertex 3.261715e+01 3.130531e+01 5.236127e+01
   vertex 3.256123e+01 3.136123e+01 5.075147e+01
   vertex 3.274516e+01 3.117729e+01 5.205922e+01
  endloop
 endfacet
 facet normal 9.996944e-01 2.472187e-02 4.813814e-17
  outer loop
   vertex 4.770000e+01 -5.841565e-15 5.140000e+01
   vertex 4.770000e+01 0.000000e+00 4.840000e+01
   vertex 4.764170e+01 2.357670e+00 4.840000e+01
  endloop
 endfacet
 facet normal 9.923690e-01 1.233036e-01 -0.000000e+00
  outer loop
   vertex 4.717614e+01 7.049970e+00 4.840000e+01
   vertex 4.717614e+01 7.049970e+00 5.440000e+01
   vertex 4.746693e+01 4.709576e+00 5.440000e+01
  endloop
 endfacet
 facet normal 9.972506e-01 7.410254e-02 -0.000000e+00
  outer loop
   vertex 4.746693e+01 4.709576e+00 4.840000e+01
   vertex 4.746693e+01 4.709576e+00 5.440000e+01
   vertex 4.764170e+01 2.357670e+00 5.440000e+01
  endloop
 endfacet
 facet normal 9.753462e-01 2.206804e-01 -0.000000e+00
  outer loop
   vertex 4.624957e+01 1.167338e+01 4.840000e+01
   vertex 4.624957e+01 1.167338e+01 5.440000e+01
   vertex 4.677002e+01 9.373130e+00 5.440000e+01
  endloop
 endfacet
 facet normal 9.487921e-01 3.159011e-01 -0.000000e+00
  outer loop
   vertex 4.487104e+01 1.618271e+01 4.840000e+01
   vertex 4.487104e+01 1.618271e+01 5.440000e+01
   vertex 4.561605e+01 1.394509e+01 5.440000e+01
  endloop
 endfacet
 facet normal 9.320179e-01 3.624122e-01 0.000000e+00
  outer loop
   vertex 4.487104e+01 1.618271e+01 5.440000e+01
   vertex 4.487104e+01 1.618271e+01 4.840000e+01
   vertex 4.401633e+01 1.838077e+01 4.840000e+01
  endloop
 endfacet
 facet normal 9.632463e-01 2.686198e-01 -0.000000e+00
  outer loop
   vertex 4.561605e+01 1.394509e+01 4.840000e+01
   vertex 4.561605e+01 1.394509e+01 5.440000e+01
   vertex 4.624957e+01 1.167338e+01 5.440000e+01
  endloop
 endfacet
 facet normal 9.850616e-01 1.722023e-01 -0.000000e+00
  outer loop
   vertex 4.677002e+01 9.373130e+00 4.840000e+01
   vertex 4.677002e+01 9.373130e+00 5.440000e+01
   vertex 4.717614e+01 7.049970e+00 5.440000e+01
  endloop
 endfacet
 facet normal 9.996944e-01 2.472187e-02 -4.707545e-17
  outer loop
   vertex 4.764170e+01 2.357670e+00 5.440000e+01
   vertex 4.770000e+01 0.000000e+00 5.440000e+01
   vertex 4.770000e+01 -5.841565e-15 5.140000e+01
  endloop
 endfacet
 facet normal 9.996944e-01 2.472187e-02 -0.000000e+00
  outer loop
   vertex 4.764170e+01 2.357670e+00 4.840000e+01
   vertex 4.764170e+01 2.357670e+00 5.440000e+01
   vertex 4.770000e+01 -5.841565e-15 5.140000e+01
  endloop
 endfacet
 facet normal 8.916828e-01 4.526608e-01 -0.000000e+00
  outer loop
   vertex 4.198647e+01 2.263684e+01 4.840000e+01
   vertex 4.198647e+01 2.263684e+01 5.440000e+01
   vertex 4.305402e+01 2.053390e+01 5.440000e+01
  endloop
 endfacet
 facet normal 8.426328e-01 5.384886e-01 -0.000000e+00
  outer loop
   vertex 3.954631e+01 2.667169e+01 4.840000e+01
   vertex 3.954631e+01 2.667169e+01 5.440000e+01
   vertex 4.081628e+01 2.468444e+01 5.440000e+01
  endloop
 endfacet
 facet normal 8.682182e-01 4.961827e-01 -0.000000e+00
  outer loop
   vertex 4.081628e+01 2.468444e+01 4.840000e+01
   vertex 4.081628e+01 2.468444e+01 5.440000e+01
   vertex 4.198647e+01 2.263684e+01 5.440000e+01
  endloop
 endfacet
 facet normal 7.853491e-01 6.190531e-01 -0.000000e+00
  outer loop
   vertex 3.671970e+01 3.044591e+01 4.840000e+01
   vertex 3.671970e+01 3.044591e+01 5.440000e+01
   vertex 3.817967e+01 2.859375e+01 5.440000e+01
  endloop
 endfacet
 facet normal 7.203911e-01 6.935681e-01 0.000000e+00
  outer loop
   vertex 3.353426e+01 3.392261e+01 5.140000e+01
   vertex 3.516997e+01 3.222364e+01 4.840000e+01
   vertex 3.353426e+01 3.392261e+01 4.840000e+01
  endloop
 endfacet
 facet normal 7.537900e-01 6.571154e-01 -0.000000e+00
  outer loop
   vertex 3.516997e+01 3.222364e+01 4.840000e+01
   vertex 3.516997e+01 3.222364e+01 5.440000e+01
   vertex 3.671970e+01 3.044591e+01 5.440000e+01
  endloop
 endfacet
 facet normal 8.149871e-01 5.794791e-01 -0.000000e+00
  outer loop
   vertex 3.817967e+01 2.859375e+01 4.840000e+01
   vertex 3.817967e+01 2.859375e+01 5.440000e+01
   vertex 3.954631e+01 2.667169e+01 5.440000e+01
  endloop
 endfacet
 facet normal 7.203911e-01 6.935681e-01 0.000000e+00
  outer loop
   vertex 3.516997e+01 3.222364e+01 5.440000e+01
   vertex 3.516997e+01 3.222364e+01 4.840000e+01
   vertex 3.353426e+01 3.392261e+01 5.140000e+01
  endloop
 endfacet
 facet normal 9.129660e-01 4.080356e-01 -0.000000e+00
  outer loop
   vertex 4.305402e+01 2.053390e+01 4.840000e+01
   vertex 4.305402e+01 2.053390e+01 5.440000e+01
   vertex 4.401633e+01 1.838077e+01 5.440000e+01
  endloop
 endfacet
 facet normal 7.203911e-01 6.935681e-01 -0.000000e+00
  outer loop
   vertex 3.353426e+01 3.392261e+01 5.140000e+01
   vertex 3.353426e+01 3.392261e+01 5.440000e+01
   vertex 3.516997e+01 3.222364e+01 5.440000e+01
  endloop
 endfacet
 facet normal 0.000000e+00 0.000000e+00 1.000000e+00
  outer loop
   vertex -4.183977e+01 -2.028999e+01 5.440000e+01
   vertex -4.275820e+01 -2.114300e+01 5.440000e+01
   vertex -4.168773e+01 -2.318239e+01 5.440000e+01
  endloop
 endfacet
 facet normal 0.000000e+00 -0.000000e+00 1.000000e+00
  outer loop
   vertex -4.373997e+01 -1.902905e+01 5.440000e+01
   vertex -4.339568e+01 -1.670525e+01 5.440000e+01
   vertex -4.461731e+01 -1.686967e+01 5.440000e+01
  endloop
 endfacet
 facet normal 0.000000e+00 -0.000000e+00 1.000000e+00
  outer loop
   vertex -4.275820e+01 -2.114300e+01 5.440000e+01
   vertex -4.183977e+01 -2.028999e+01 5.440000e+01
   vertex -4.373997e+01 -1.902905e+01 5.440000e+01
  endloop
 endfacet
 facet normal 0.000000e+00 0.000000e+00 1.000000e+00
  outer loop
   vertex -4.183977e+01 -2.028999e+01 5.440000e+01
   vertex -4.339568e+01 -1.670525e+01 5.440000e+01
   vertex -4.373997e+01 -1.902905e+01 5.440000e+01
  endloop
 endfacet
 facet normal 0.000000e+00 0.000000e+00 1.000000e+00
  outer loop
   vertex -4.183977e+01 -2.028999e+01 5.440000e+01
   vertex -4.168773e+01 -2.318239e+01 5.440000e+01
   vertex -3.998836e+01 -2.373144e+01 5.440000e+01
  endloop
 endfacet
 facet normal 0.000000e+00 -0.000000e+00 1.000000e+00
  outer loop
   vertex -3.796998e+01 -2.887162e+01 5.440000e+01
   vertex -3.785453e+01 -2.700527e+01 5.440000e+01
   vertex -3.929894e+01 -2.703485e+01 5.440000e+01
  endloop
 endfacet
 facet normal -0.000000e+00 0.000000e+00 1.000000e+00
  outer loop
   vertex -3.796998e+01 -2.887162e+01 5.440000e+01
   vertex -3.545334e+01 -3.008838e+01 5.440000e+01
   vertex -3.785453e+01 -2.700527e+01 5.440000e+01
  endloop
 endfacet
 facet normal 0.000000e+00 0.000000e+00 1.000000e+00
  outer loop
   vertex -3.998836e+01 -2.373144e+01 5.440000e+01
   vertex -4.053912e+01 -2.513701e+01 5.440000e+01
   vertex -3.785453e+01 -2.700527e+01 5.440000e+01
  endloop
 endfacet
 facet normal 0.000000e+00 -0.000000e+00 1.000000e+00
  outer loop
   vertex -3.929894e+01 -2.703485e+01 5.440000e+01
   vertex -3.785453e+01 -2.700527e+01 5.440000e+01
   vertex -4.053912e+01 -2.513701e+01 5.440000e+01
  endloop
 endfacet
 facet normal 0.000000e+00 0.000000e+00 1.000000e+00
  outer loop
   vertex -4.168773e+01 -2.318239e+01 5.440000e+01
   vertex -4.053912e+01 -2.513701e+01 5.440000e+01
   vertex -3.998836e+01 -2.373144e+01 5.440000e+01
  endloop
 endfacet
 facet normal 0.000000e+00 -0.000000e+00 1.000000e+00
  outer loop
   vertex -4.704424e+01 -7.882258e+00 5.440000e+01
   vertex -4.619139e+01 -5.348364e+00 5.440000e+01
   vertex -4.737312e+01 -5.574770e+00 5.440000e+01
  endloop
 endfacet
 facet normal 0.000000e+00 0.000000e+00 1.000000e+00
  outer loop
   vertex -4.619139e+01 -5.348364e+00 5.440000e+01
   vertex -4.647736e+01 -1.450996e+00 5.440000e+01
   vertex -4.759518e+01 -3.160518e+00 5.440000e+01
  endloop
 endfacet
 facet normal 0.000000e+00 0.000000e+00 1.000000e+00
  outer loop
   vertex -4.759518e+01 -3.160518e+00 5.440000e+01
   vertex -4.737312e+01 -5.574770e+00 5.440000e+01
   vertex -4.619139e+01 -5.348364e+00 5.440000e+01
  endloop
 endfacet
 facet normal 0.000000e+00 0.000000e+00 1.000000e+00
  outer loop
   vertex -4.769550e+01 -6.555718e-01 5.440000e+01
   vertex -4.759518e+01 -3.160518e+00 5.440000e+01
   vertex -4.647736e+01 -1.450996e+00 5.440000e+01
  endloop
 endfacet
 facet normal 0.000000e+00 0.000000e+00 1.000000e+00
  outer loop
   vertex -4.557920e+01 -9.207958e+00 5.440000e+01
   vertex -4.704424e+01 -7.882258e+00 5.440000e+01
   vertex -4.660303e+01 -1.017093e+01 5.440000e+01
  endloop
 endfacet
 facet normal 0.000000e+00 0.000000e+00 1.000000e+00
  outer loop
   vertex -4.464510e+01 -1.300252e+01 5.440000e+01
   vertex -4.538811e+01 -1.467000e+01 5.440000e+01
   vertex -4.339568e+01 -1.670525e+01 5.440000e+01
  endloop
 endfacet
 facet normal 0.000000e+00 -0.000000e+00 1.000000e+00
  outer loop
   vertex -4.461731e+01 -1.686967e+01 5.440000e+01
   vertex -4.339568e+01 -1.670525e+01 5.440000e+01
   vertex -4.538811e+01 -1.467000e+01 5.440000e+01
  endloop
 endfacet
 facet normal 0.000000e+00 0.000000e+00 1.000000e+00
  outer loop
   vertex -4.605055e+01 -1.243531e+01 5.440000e+01
   vertex -4.538811e+01 -1.467000e+01 5.440000e+01
   vertex -4.464510e+01 -1.300252e+01 5.440000e+01
  endloop
 endfacet
 facet normal 0.000000e+00 0.000000e+00 1.000000e+00
  outer loop
   vertex -4.619139e+01 -5.348364e+00 5.440000e+01
   vertex -4.704424e+01 -7.882258e+00 5.440000e+01
   vertex -4.557920e+01 -9.207958e+00 5.440000e+01
  endloop
 endfacet
 facet normal 0.000000e+00 -0.000000e+00 1.000000e+00
  outer loop
   vertex -4.605055e+01 -1.243531e+01 5.440000e+01
   vertex -4.557920e+01 -9.207958e+00 5.440000e+01
   vertex -4.660303e+01 -1.017093e+01 5.440000e+01
  endloop
 endfacet
 facet normal 0.000000e+00 0.000000e+00 1.000000e+00
  outer loop
   vertex -4.464510e+01 -1.300252e+01 5.440000e+01
   vertex -4.557920e+01 -9.207958e+00 5.440000e+01
   vertex -4.605055e+01 -1.243531e+01 5.440000e+01
  endloop
 endfacet
 facet normal 0.000000e+00 -0.000000e+00 1.000000e+00
  outer loop
   vertex -3.655525e+01 -3.064317e+01 5.440000e+01
   vertex -3.545334e+01 -3.008838e+01 5.440000e+01
   vertex -3.796998e+01 -2.887162e+01 5.440000e+01
  endloop
 endfacet
 facet normal 0.000000e+00 0.000000e+00 1.000000e+00
  outer loop
   vertex -2.008969e+01 -4.193631e+01 5.440000e+01
   vertex -1.847937e+01 -4.397503e+01 5.440000e+01
   vertex -1.649755e+01 -4.347506e+01 5.440000e+01
  endloop
 endfacet
 facet normal 0.000000e+00 0.000000e+00 1.000000e+00
  outer loop
   vertex -1.636901e+01 -4.480341e+01 5.440000e+01
   vertex -1.649755e+01 -4.347506e+01 5.440000e+01
   vertex -1.847937e+01 -4.397503e+01 5.440000e+01
  endloop
 endfacet
 facet normal 0.000000e+00 0.000000e+00 1.000000e+00
  outer loop
   vertex -2.008969e+01 -4.193631e+01 5.440000e+01
   vertex -2.257019e+01 -4.202233e+01 5.440000e+01
   vertex -2.054799e+01 -4.304730e+01 5.440000e+01
  endloop
 endfacet
 facet normal 0.000000e+00 0.000000e+00 1.000000e+00
  outer loop
   vertex -1.847937e+01 -4.397503e+01 5.440000e+01
   vertex -2.008969e+01 -4.193631e+01 5.440000e+01
   vertex -2.054799e+01 -4.304730e+01 5.440000e+01
  endloop
 endfacet
 facet normal 0.000000e+00 0.000000e+00 1.000000e+00
  outer loop
   vertex -2.353995e+01 -4.010138e+01 5.440000e+01
   vertex -2.257019e+01 -4.202233e+01 5.440000e+01
   vertex -2.008969e+01 -4.193631e+01 5.440000e+01
  endloop
 endfacet
 facet normal 0.000000e+00 0.000000e+00 1.000000e+00
  outer loop
   vertex -8.989906e+00 -4.562271e+01 5.440000e+01
   vertex -1.204220e+01 -4.615491e+01 5.440000e+01
   vertex -9.835528e+00 -4.667496e+01 5.440000e+01
  endloop
 endfacet
 facet normal 0.000000e+00 0.000000e+00 1.000000e+00
  outer loop
   vertex -7.488196e+00 -4.710857e+01 5.440000e+01
   vertex -8.989906e+00 -4.562271e+01 5.440000e+01
   vertex -9.835528e+00 -4.667496e+01 5.440000e+01
  endloop
 endfacet
 facet normal 0.000000e+00 0.000000e+00 1.000000e+00
  outer loop
   vertex -1.278889e+01 -4.470676e+01 5.440000e+01
   vertex -1.204220e+01 -4.615491e+01 5.440000e+01
   vertex -8.989906e+00 -4.562271e+01 5.440000e+01
  endloop
 endfacet
 facet normal 0.000000e+00 0.000000e+00 1.000000e+00
  outer loop
   vertex -1.649755e+01 -4.347506e+01 5.440000e+01
   vertex -1.422167e+01 -4.553059e+01 5.440000e+01
   vertex -1.278889e+01 -4.470676e+01 5.440000e+01
  endloop
 endfacet
 facet normal 0.000000e+00 0.000000e+00 1.000000e+00
  outer loop
   vertex -1.204220e+01 -4.615491e+01 5.440000e+01
   vertex -1.278889e+01 -4.470676e+01 5.440000e+01
   vertex -1.422167e+01 -4.553059e+01 5.440000e+01
  endloop
 endfacet
 facet normal -0.000000e+00 -0.000000e+00 1.000000e+00
  outer loop
   vertex -1.636901e+01 -4.480341e+01 5.440000e+01
   vertex -1.422167e+01 -4.553059e+01 5.440000e+01
   vertex -1.649755e+01 -4.347506e+01 5.440000e+01
  endloop
 endfacet
 facet normal 0.000000e+00 0.000000e+00 1.000000e+00
  outer loop
   vertex -3.182929e+01 -3.552726e+01 5.440000e+01
   vertex -3.280176e+01 -3.295898e+01 5.440000e+01
   vertex -3.348143e+01 -3.397475e+01 5.440000e+01
  endloop
 endfacet
 facet normal -0.000000e+00 -0.000000e+00 1.000000e+00
  outer loop
   vertex -3.182929e+01 -3.552726e+01 5.440000e+01
   vertex -2.991851e+01 -3.559681e+01 5.440000e+01
   vertex -3.280176e+01 -3.295898e+01 5.440000e+01
  endloop
 endfacet
 facet normal 0.000000e+00 0.000000e+00 1.000000e+00
  outer loop
   vertex -3.280176e+01 -3.295898e+01 5.440000e+01
   vertex -3.545334e+01 -3.008838e+01 5.440000e+01
   vertex -3.505794e+01 -3.234550e+01 5.440000e+01
  endloop
 endfacet
 facet normal -0.000000e+00 0.000000e+00 1.000000e+00
  outer loop
   vertex -3.655525e+01 -3.064317e+01 5.440000e+01
   vertex -3.505794e+01 -3.234550e+01 5.440000e+01
   vertex -3.545334e+01 -3.008838e+01 5.440000e+01
  endloop
 endfacet
 facet normal 0.000000e+00 -0.000000e+00 1.000000e+00
  outer loop
   vertex -3.348143e+01 -3.397475e+01 5.440000e+01
   vertex -3.280176e+01 -3.295898e+01 5.440000e+01
   vertex -3.505794e+01 -3.234550e+01 5.440000e+01
  endloop
 endfacet
 facet normal 0.000000e+00 0.000000e+00 1.000000e+00
  outer loop
   vertex -2.991851e+01 -3.559681e+01 5.440000e+01
   vertex -3.182929e+01 -3.552726e+01 5.440000e+01
   vertex -3.010524e+01 -3.699952e+01 5.440000e+01
  endloop
 endfacet
 facet normal 0.000000e+00 0.000000e+00 1.000000e+00
  outer loop
   vertex -2.353995e+01 -4.010138e+01 5.440000e+01
   vertex -2.645718e+01 -3.969014e+01 5.440000e+01
   vertex -2.454141e+01 -4.090244e+01 5.440000e+01
  endloop
 endfacet
 facet normal 0.000000e+00 0.000000e+00 1.000000e+00
  outer loop
   vertex -2.257019e+01 -4.202233e+01 5.440000e+01
   vertex -2.353995e+01 -4.010138e+01 5.440000e+01
   vertex -2.454141e+01 -4.090244e+01 5.440000e+01
  endloop
 endfacet
 facet normal 0.000000e+00 0.000000e+00 1.000000e+00
  outer loop
   vertex -2.682396e+01 -3.798323e+01 5.440000e+01
   vertex -2.645718e+01 -3.969014e+01 5.440000e+01
   vertex -2.353995e+01 -4.010138e+01 5.440000e+01
  endloop
 endfacet
 facet normal 0.000000e+00 0.000000e+00 1.000000e+00
  outer loop
   vertex -2.682396e+01 -3.798323e+01 5.440000e+01
   vertex -2.991851e+01 -3.559681e+01 5.440000e+01
   vertex -2.831319e+01 -3.838819e+01 5.440000e+01
  endloop
 endfacet
 facet normal -0.000000e+00 0.000000e+00 1.000000e+00
  outer loop
   vertex -3.010524e+01 -3.699952e+01 5.440000e+01
   vertex -2.831319e+01 -3.838819e+01 5.440000e+01
   vertex -2.991851e+01 -3.559681e+01 5.440000e+01
  endloop
 endfacet
 facet normal 0.000000e+00 0.000000e+00 1.000000e+00
  outer loop
   vertex -2.645718e+01 -3.969014e+01 5.440000e+01
   vertex -2.682396e+01 -3.798323e+01 5.440000e+01
   vertex -2.831319e+01 -3.838819e+01 5.440000e+01
  endloop
 endfacet
 facet normal 0.000000e+00 0.000000e+00 1.000000e+00
  outer loop
   vertex -4.756059e+01 3.644223e+00 5.440000e+01
   vertex -4.768515e+01 1.190021e+00 5.440000e+01
   vertex -4.643506e+01 2.456619e+00 5.440000e+01
  endloop
 endfacet
 facet normal -0.000000e+00 0.000000e+00 1.000000e+00
  outer loop
   vertex -4.731423e+01 6.054221e+00 5.440000e+01
   vertex -4.756059e+01 3.644223e+00 5.440000e+01
   vertex -4.606482e+01 6.346885e+00 5.440000e+01
  endloop
 endfacet
 facet normal 0.000000e+00 0.000000e+00 1.000000e+00
  outer loop
   vertex -4.606482e+01 6.346885e+00 5.440000e+01
   vertex -4.694883e+01 8.431950e+00 5.440000e+01
   vertex -4.731423e+01 6.054221e+00 5.440000e+01
  endloop
 endfacet
 facet normal 0.000000e+00 0.000000e+00 1.000000e+00
  outer loop
   vertex -4.768515e+01 1.190021e+00 5.440000e+01
   vertex -4.769550e+01 -6.555718e-01 5.440000e+01
   vertex -4.647736e+01 -1.450996e+00 5.440000e+01
  endloop
 endfacet
 facet normal 0.000000e+00 0.000000e+00 1.000000e+00
  outer loop
   vertex -4.694883e+01 8.431950e+00 5.440000e+01
   vertex -4.536922e+01 1.019232e+01 5.440000e+01
   vertex -4.649515e+01 1.065322e+01 5.440000e+01
  endloop
 endfacet
 facet normal 0.000000e+00 -0.000000e+00 1.000000e+00
  outer loop
   vertex -4.606482e+01 6.346885e+00 5.440000e+01
   vertex -4.536922e+01 1.019232e+01 5.440000e+01
   vertex -4.694883e+01 8.431950e+00 5.440000e+01
  endloop
 endfacet
 facet normal -0.000000e+00 0.000000e+00 1.000000e+00
  outer loop
   vertex -4.649515e+01 1.065322e+01 5.440000e+01
   vertex -4.536922e+01 1.019232e+01 5.440000e+01
   vertex -4.593644e+01 1.285042e+01 5.440000e+01
  endloop
 endfacet
 facet normal 0.000000e+00 0.000000e+00 1.000000e+00
  outer loop
   vertex -4.435321e+01 1.396578e+01 5.440000e+01
   vertex -4.593644e+01 1.285042e+01 5.440000e+01
   vertex -4.536922e+01 1.019232e+01 5.440000e+01
  endloop
 endfacet
 facet normal 0.000000e+00 0.000000e+00 1.000000e+00
  outer loop
   vertex -4.527396e+01 1.501860e+01 5.440000e+01
   vertex -4.593644e+01 1.285042e+01 5.440000e+01
   vertex -4.435321e+01 1.396578e+01 5.440000e+01
  endloop
 endfacet
 facet normal 0.000000e+00 -0.000000e+00 1.000000e+00
  outer loop
   vertex -4.643506e+01 2.456619e+00 5.440000e+01
   vertex -4.606482e+01 6.346885e+00 5.440000e+01
   vertex -4.756059e+01 3.644223e+00 5.440000e+01
  endloop
 endfacet
 facet normal 0.000000e+00 -0.000000e+00 1.000000e+00
  outer loop
   vertex -4.647736e+01 -1.450996e+00 5.440000e+01
   vertex -4.643506e+01 2.456619e+00 5.440000e+01
   vertex -4.768515e+01 1.190021e+00 5.440000e+01
  endloop
 endfacet
 facet normal -0.000000e+00 0.000000e+00 1.000000e+00
  outer loop
   vertex -4.527396e+01 1.501860e+01 5.440000e+01
   vertex -4.435321e+01 1.396578e+01 5.440000e+01
   vertex -4.450921e+01 1.715284e+01 5.440000e+01
  endloop
 endfacet
 facet normal 0.000000e+00 0.000000e+00 1.000000e+00
  outer loop
   vertex -4.302394e+01 1.764060e+01 5.440000e+01
   vertex -4.450921e+01 1.715284e+01 5.440000e+01
   vertex -4.435321e+01 1.396578e+01 5.440000e+01
  endloop
 endfacet
 facet normal 0.000000e+00 0.000000e+00 1.000000e+00
  outer loop
   vertex -4.364391e+01 1.924834e+01 5.440000e+01
   vertex -4.450921e+01 1.715284e+01 5.440000e+01
   vertex -4.302394e+01 1.764060e+01 5.440000e+01
  endloop
 endfacet
 facet normal 0.000000e+00 0.000000e+00 1.000000e+00
  outer loop
   vertex -4.268003e+01 2.130036e+01 5.440000e+01
   vertex -4.364391e+01 1.924834e+01 5.440000e+01
   vertex -4.139081e+01 2.119083e+01 5.440000e+01
  endloop
 endfacet
 facet normal 0.000000e+00 0.000000e+00 1.000000e+00
  outer loop
   vertex -4.139081e+01 2.119083e+01 5.440000e+01
   vertex -4.161972e+01 2.330426e+01 5.440000e+01
   vertex -4.268003e+01 2.130036e+01 5.440000e+01
  endloop
 endfacet
 facet normal 0.000000e+00 -0.000000e+00 1.000000e+00
  outer loop
   vertex -4.302394e+01 1.764060e+01 5.440000e+01
   vertex -4.139081e+01 2.119083e+01 5.440000e+01
   vertex -4.364391e+01 1.924834e+01 5.440000e+01
  endloop
 endfacet
 facet normal 0.000000e+00 0.000000e+00 1.000000e+00
  outer loop
   vertex -4.161972e+01 2.330426e+01 5.440000e+01
   vertex -3.946534e+01 2.459139e+01 5.440000e+01
   vertex -4.046540e+01 2.525552e+01 5.440000e+01
  endloop
 endfacet
 facet normal 0.000000e+00 0.000000e+00 1.000000e+00
  outer loop
   vertex -3.921967e+01 2.714972e+01 5.440000e+01
   vertex -4.046540e+01 2.525552e+01 5.440000e+01
   vertex -3.946534e+01 2.459139e+01 5.440000e+01
  endloop
 endfacet
 facet normal 0.000000e+00 -0.000000e+00 1.000000e+00
  outer loop
   vertex -4.139081e+01 2.119083e+01 5.440000e+01
   vertex -3.946534e+01 2.459139e+01 5.440000e+01
   vertex -4.161972e+01 2.330426e+01 5.440000e+01
  endloop
 endfacet
 facet normal 0.000000e+00 0.000000e+00 1.000000e+00
  outer loop
   vertex -3.788535e+01 2.898259e+01 5.440000e+01
   vertex -3.921967e+01 2.714972e+01 5.440000e+01
   vertex -3.726115e+01 2.781828e+01 5.440000e+01
  endloop
 endfacet
 facet normal 0.000000e+00 0.000000e+00 1.000000e+00
  outer loop
   vertex -3.946534e+01 2.459139e+01 5.440000e+01
   vertex -3.726115e+01 2.781828e+01 5.440000e+01
   vertex -3.921967e+01 2.714972e+01 5.440000e+01
  endloop
 endfacet
 facet normal 0.000000e+00 0.000000e+00 1.000000e+00
  outer loop
   vertex -3.646544e+01 3.074999e+01 5.440000e+01
   vertex -3.788535e+01 2.898259e+01 5.440000e+01
   vertex -3.726115e+01 2.781828e+01 5.440000e+01
  endloop
 endfacet
 facet normal 0.000000e+00 0.000000e+00 1.000000e+00
  outer loop
   vertex -3.496315e+01 3.244793e+01 5.440000e+01
   vertex -3.646544e+01 3.074999e+01 5.440000e+01
   vertex -3.479380e+01 3.084869e+01 5.440000e+01
  endloop
 endfacet
 facet normal 0.000000e+00 0.000000e+00 1.000000e+00
  outer loop
   vertex -3.726115e+01 2.781828e+01 5.440000e+01
   vertex -3.479380e+01 3.084869e+01 5.440000e+01
   vertex -3.646544e+01 3.074999e+01 5.440000e+01
  endloop
 endfacet
 facet normal 0.000000e+00 0.000000e+00 1.000000e+00
  outer loop
   vertex -3.338188e+01 3.407257e+01 5.440000e+01
   vertex -3.496315e+01 3.244793e+01 5.440000e+01
   vertex -3.208070e+01 3.366123e+01 5.440000e+01
  endloop
 endfacet
 facet normal 0.000000e+00 -0.000000e+00 1.000000e+00
  outer loop
   vertex -3.479380e+01 3.084869e+01 5.440000e+01
   vertex -3.208070e+01 3.366123e+01 5.440000e+01
   vertex -3.496315e+01 3.244793e+01 5.440000e+01
  endloop
 endfacet
 facet normal 0.000000e+00 0.000000e+00 1.000000e+00
  outer loop
   vertex -3.172520e+01 3.562024e+01 5.440000e+01
   vertex -3.338188e+01 3.407257e+01 5.440000e+01
   vertex -3.208070e+01 3.366123e+01 5.440000e+01
  endloop
 endfacet
 facet normal 0.000000e+00 0.000000e+00 1.000000e+00
  outer loop
   vertex -2.999686e+01 3.708744e+01 5.440000e+01
   vertex -3.172520e+01 3.562024e+01 5.440000e+01
   vertex -2.914104e+01 3.623603e+01 5.440000e+01
  endloop
 endfacet
 facet normal 0.000000e+00 0.000000e+00 1.000000e+00
  outer loop
   vertex -3.208070e+01 3.366123e+01 5.440000e+01
   vertex -2.914104e+01 3.623603e+01 5.440000e+01
   vertex -3.172520e+01 3.562024e+01 5.440000e+01
  endloop
 endfacet
 facet normal 0.000000e+00 0.000000e+00 1.000000e+00
  outer loop
   vertex -2.820075e+01 3.847087e+01 5.440000e+01
   vertex -2.999686e+01 3.708744e+01 5.440000e+01
   vertex -2.914104e+01 3.623603e+01 5.440000e+01
  endloop
 endfacet
 facet normal 0.000000e+00 0.000000e+00 1.000000e+00
  outer loop
   vertex -2.634094e+01 3.976738e+01 5.440000e+01
   vertex -2.820075e+01 3.847087e+01 5.440000e+01
   vertex -2.599556e+01 3.855491e+01 5.440000e+01
  endloop
 endfacet
 facet normal 0.000000e+00 0.000000e+00 1.000000e+00
  outer loop
   vertex -2.914104e+01 3.623603e+01 5.440000e+01
   vertex -2.599556e+01 3.855491e+01 5.440000e+01
   vertex -2.820075e+01 3.847087e+01 5.440000e+01
  endloop
 endfacet
 facet normal 0.000000e+00 0.000000e+00 1.000000e+00
  outer loop
   vertex -2.442163e+01 4.097407e+01 5.440000e+01
   vertex -2.634094e+01 3.976738e+01 5.440000e+01
   vertex -2.599556e+01 3.855491e+01 5.440000e+01
  endloop
 endfacet
 facet normal 0.000000e+00 0.000000e+00 1.000000e+00
  outer loop
   vertex -2.244714e+01 4.208819e+01 5.440000e+01
   vertex -2.442163e+01 4.097407e+01 5.440000e+01
   vertex -2.266648e+01 4.060149e+01 5.440000e+01
  endloop
 endfacet
 facet normal 0.000000e+00 0.000000e+00 1.000000e+00
  outer loop
   vertex -2.599556e+01 3.855491e+01 5.440000e+01
   vertex -2.266648e+01 4.060149e+01 5.440000e+01
   vertex -2.442163e+01 4.097407e+01 5.440000e+01
  endloop
 endfacet
 facet normal 0.000000e+00 0.000000e+00 1.000000e+00
  outer loop
   vertex -1.917731e+01 4.236131e+01 5.440000e+01
   vertex -2.244714e+01 4.208819e+01 5.440000e+01
   vertex -2.266648e+01 4.060149e+01 5.440000e+01
  endloop
 endfacet
 facet normal 0.000000e+00 0.000000e+00 1.000000e+00
  outer loop
   vertex -1.823670e+01 4.407622e+01 5.440000e+01
   vertex -2.036802e+01 4.313275e+01 5.440000e+01
   vertex -1.917731e+01 4.236131e+01 5.440000e+01
  endloop
 endfacet
 facet normal 0.000000e+00 0.000000e+00 1.000000e+00
  outer loop
   vertex -2.244714e+01 4.208819e+01 5.440000e+01
   vertex -1.917731e+01 4.236131e+01 5.440000e+01
   vertex -2.036802e+01 4.313275e+01 5.440000e+01
  endloop
 endfacet
 facet normal 0.000000e+00 0.000000e+00 1.000000e+00
  outer loop
   vertex -1.555271e+01 4.382195e+01 5.440000e+01
   vertex -1.823670e+01 4.407622e+01 5.440000e+01
   vertex -1.917731e+01 4.236131e+01 5.440000e+01
  endloop
 endfacet
 facet normal 0.000000e+00 -0.000000e+00 1.000000e+00
  outer loop
   vertex -1.555271e+01 4.382195e+01 5.440000e+01
   vertex -1.384862e+01 4.564544e+01 5.440000e+01
   vertex -1.606183e+01 4.491445e+01 5.440000e+01
  endloop
 endfacet
 facet normal -0.000000e+00 0.000000e+00 1.000000e+00
  outer loop
   vertex -1.823670e+01 4.407622e+01 5.440000e+01
   vertex -1.555271e+01 4.382195e+01 5.440000e+01
   vertex -1.606183e+01 4.491445e+01 5.440000e+01
  endloop
 endfacet
 facet normal 0.000000e+00 0.000000e+00 1.000000e+00
  outer loop
   vertex -1.181825e+01 4.497309e+01 5.440000e+01
   vertex -1.384862e+01 4.564544e+01 5.440000e+01
   vertex -1.555271e+01 4.382195e+01 5.440000e+01
  endloop
 endfacet
 facet normal -0.000000e+00 0.000000e+00 1.000000e+00
  outer loop
   vertex -1.384862e+01 4.564544e+01 5.440000e+01
   vertex -1.181825e+01 4.497309e+01 5.440000e+01
   vertex -1.160233e+01 4.626744e+01 5.440000e+01
  endloop
 endfacet
 facet normal 0.000000e+00 0.000000e+00 1.000000e+00
  outer loop
   vertex -9.328351e+00 4.677897e+01 5.440000e+01
   vertex -1.160233e+01 4.626744e+01 5.440000e+01
   vertex -1.181825e+01 4.497309e+01 5.440000e+01
  endloop
 endfacet
 facet normal 0.000000e+00 0.000000e+00 1.000000e+00
  outer loop
   vertex -9.328351e+00 4.677897e+01 5.440000e+01
   vertex -1.181825e+01 4.497309e+01 5.440000e+01
   vertex -8.000336e+00 4.580660e+01 5.440000e+01
  endloop
 endfacet
 facet normal 0.000000e+00 0.000000e+00 1.000000e+00
  outer loop
   vertex -1.228739e+00 -4.648376e+01 5.440000e+01
   vertex -2.697370e+00 -4.762367e+01 5.440000e+01
   vertex -2.969032e-01 -4.769908e+01 5.440000e+01
  endloop
 endfacet
 facet normal 0.000000e+00 0.000000e+00 1.000000e+00
  outer loop
   vertex -5.098790e+00 -4.742670e+01 5.440000e+01
   vertex -5.127429e+00 -4.621644e+01 5.440000e+01
   vertex -7.488196e+00 -4.710857e+01 5.440000e+01
  endloop
 endfacet
 facet normal -0.000000e+00 -0.000000e+00 1.000000e+00
  outer loop
   vertex -5.098790e+00 -4.742670e+01 5.440000e+01
   vertex -2.697370e+00 -4.762367e+01 5.440000e+01
   vertex -5.127429e+00 -4.621644e+01 5.440000e+01
  endloop
 endfacet
 facet normal 0.000000e+00 -0.000000e+00 1.000000e+00
  outer loop
   vertex -2.697370e+00 -4.762367e+01 5.440000e+01
   vertex -1.228739e+00 -4.648376e+01 5.440000e+01
   vertex -5.127429e+00 -4.621644e+01 5.440000e+01
  endloop
 endfacet
 facet normal 0.000000e+00 0.000000e+00 1.000000e+00
  outer loop
   vertex -1.228739e+00 -4.648376e+01 5.440000e+01
   vertex -2.969032e-01 -4.769908e+01 5.440000e+01
   vertex 1.581128e+00 -4.767379e+01 5.440000e+01
  endloop
 endfacet
 facet normal 0.000000e+00 0.000000e+00 1.000000e+00
  outer loop
   vertex 4.083655e+00 -4.752488e+01 5.440000e+01
   vertex 2.678630e+00 -4.642278e+01 5.440000e+01
   vertex 1.581128e+00 -4.767379e+01 5.440000e+01
  endloop
 endfacet
 facet normal 0.000000e+00 -0.000000e+00 1.000000e+00
  outer loop
   vertex 4.083655e+00 -4.752488e+01 5.440000e+01
   vertex 6.567080e+00 -4.603394e+01 5.440000e+01
   vertex 2.678630e+00 -4.642278e+01 5.440000e+01
  endloop
 endfacet
 facet normal 0.000000e+00 0.000000e+00 1.000000e+00
  outer loop
   vertex 6.428678e+00 -4.726481e+01 5.440000e+01
   vertex 8.729856e+00 -4.689434e+01 5.440000e+01
   vertex 6.567080e+00 -4.603394e+01 5.440000e+01
  endloop
 endfacet
 facet normal 0.000000e+00 0.000000e+00 1.000000e+00
  outer loop
   vertex 6.567080e+00 -4.603394e+01 5.440000e+01
   vertex 4.083655e+00 -4.752488e+01 5.440000e+01
   vertex 6.428678e+00 -4.726481e+01 5.440000e+01
  endloop
 endfacet
 facet normal 0.000000e+00 0.000000e+00 1.000000e+00
  outer loop
   vertex 1.101019e+01 -4.641191e+01 5.440000e+01
   vertex 1.040915e+01 -4.531997e+01 5.440000e+01
   vertex 8.729856e+00 -4.689434e+01 5.440000e+01
  endloop
 endfacet
 facet normal -0.000000e+00 0.000000e+00 1.000000e+00
  outer loop
   vertex -1.228739e+00 -4.648376e+01 5.440000e+01
   vertex 1.581128e+00 -4.767379e+01 5.440000e+01
   vertex 2.678630e+00 -4.642278e+01 5.440000e+01
  endloop
 endfacet
 facet normal 0.000000e+00 0.000000e+00 1.000000e+00
  outer loop
   vertex 1.417770e+01 -4.428592e+01 5.440000e+01
   vertex 1.040915e+01 -4.531997e+01 5.440000e+01
   vertex 1.326424e+01 -4.581866e+01 5.440000e+01
  endloop
 endfacet
 facet normal 0.000000e+00 -0.000000e+00 1.000000e+00
  outer loop
   vertex 8.729856e+00 -4.689434e+01 5.440000e+01
   vertex 1.040915e+01 -4.531997e+01 5.440000e+01
   vertex 6.567080e+00 -4.603394e+01 5.440000e+01
  endloop
 endfacet
 facet normal 0.000000e+00 0.000000e+00 1.000000e+00
  outer loop
   vertex 1.548661e+01 -4.511602e+01 5.440000e+01
   vertex 1.417770e+01 -4.428592e+01 5.440000e+01
   vertex 1.326424e+01 -4.581866e+01 5.440000e+01
  endloop
 endfacet
 facet normal 0.000000e+00 0.000000e+00 1.000000e+00
  outer loop
   vertex 1.040915e+01 -4.531997e+01 5.440000e+01
   vertex 1.101019e+01 -4.641191e+01 5.440000e+01
   vertex 1.326424e+01 -4.581866e+01 5.440000e+01
  endloop
 endfacet
 facet normal 0.000000e+00 -0.000000e+00 1.000000e+00
  outer loop
   vertex 1.767201e+01 -4.430564e+01 5.440000e+01
   vertex 1.784612e+01 -4.293909e+01 5.440000e+01
   vertex 1.548661e+01 -4.511602e+01 5.440000e+01
  endloop
 endfacet
 facet normal 0.000000e+00 0.000000e+00 1.000000e+00
  outer loop
   vertex 1.981521e+01 -4.338948e+01 5.440000e+01
   vertex 1.784612e+01 -4.293909e+01 5.440000e+01
   vertex 1.767201e+01 -4.430564e+01 5.440000e+01
  endloop
 endfacet
 facet normal -0.000000e+00 0.000000e+00 1.000000e+00
  outer loop
   vertex 1.784612e+01 -4.293909e+01 5.440000e+01
   vertex 1.981521e+01 -4.338948e+01 5.440000e+01
   vertex 2.138850e+01 -4.128901e+01 5.440000e+01
  endloop
 endfacet
 facet normal 0.000000e+00 0.000000e+00 1.000000e+00
  outer loop
   vertex 2.191110e+01 -4.236972e+01 5.440000e+01
   vertex 2.138850e+01 -4.128901e+01 5.440000e+01
   vertex 1.981521e+01 -4.338948e+01 5.440000e+01
  endloop
 endfacet
 facet normal 0.000000e+00 0.000000e+00 1.000000e+00
  outer loop
   vertex 2.391049e+01 -4.127443e+01 5.440000e+01
   vertex 2.138850e+01 -4.128901e+01 5.440000e+01
   vertex 2.191110e+01 -4.236972e+01 5.440000e+01
  endloop
 endfacet
 facet normal -0.000000e+00 0.000000e+00 1.000000e+00
  outer loop
   vertex 1.417770e+01 -4.428592e+01 5.440000e+01
   vertex 1.548661e+01 -4.511602e+01 5.440000e+01
   vertex 1.784612e+01 -4.293909e+01 5.440000e+01
  endloop
 endfacet
 facet normal 0.000000e+00 0.000000e+00 1.000000e+00
  outer loop
   vertex 2.477982e+01 -3.934731e+01 5.440000e+01
   vertex 2.391049e+01 -4.127443e+01 5.440000e+01
   vertex 2.584465e+01 -4.009169e+01 5.440000e+01
  endloop
 endfacet
 facet normal 0.000000e+00 0.000000e+00 1.000000e+00
  outer loop
   vertex 2.799613e+01 -3.712771e+01 5.440000e+01
   vertex 2.477982e+01 -3.934731e+01 5.440000e+01
   vertex 2.772043e+01 -3.881839e+01 5.440000e+01
  endloop
 endfacet
 facet normal 0.000000e+00 -0.000000e+00 1.000000e+00
  outer loop
   vertex 2.584465e+01 -4.009169e+01 5.440000e+01
   vertex 2.772043e+01 -3.881839e+01 5.440000e+01
   vertex 2.477982e+01 -3.934731e+01 5.440000e+01
  endloop
 endfacet
 facet normal 0.000000e+00 0.000000e+00 1.000000e+00
  outer loop
   vertex 2.953360e+01 -3.745740e+01 5.440000e+01
   vertex 2.799613e+01 -3.712771e+01 5.440000e+01
   vertex 2.772043e+01 -3.881839e+01 5.440000e+01
  endloop
 endfacet
 facet normal 0.000000e+00 0.000000e+00 1.000000e+00
  outer loop
   vertex 2.138850e+01 -4.128901e+01 5.440000e+01
   vertex 2.391049e+01 -4.127443e+01 5.440000e+01
   vertex 2.477982e+01 -3.934731e+01 5.440000e+01
  endloop
 endfacet
 facet normal 0.000000e+00 0.000000e+00 1.000000e+00
  outer loop
   vertex 3.101471e+01 -3.464589e+01 5.440000e+01
   vertex 2.953360e+01 -3.745740e+01 5.440000e+01
   vertex 3.128004e+01 -3.601179e+01 5.440000e+01
  endloop
 endfacet
 facet normal 0.000000e+00 0.000000e+00 1.000000e+00
  outer loop
   vertex 3.295583e+01 -3.448483e+01 5.440000e+01
   vertex 3.101471e+01 -3.464589e+01 5.440000e+01
   vertex 3.128004e+01 -3.601179e+01 5.440000e+01
  endloop
 endfacet
 facet normal -0.000000e+00 0.000000e+00 1.000000e+00
  outer loop
   vertex 2.799613e+01 -3.712771e+01 5.440000e+01
   vertex 2.953360e+01 -3.745740e+01 5.440000e+01
   vertex 3.101471e+01 -3.464589e+01 5.440000e+01
  endloop
 endfacet
 facet normal 0.000000e+00 0.000000e+00 1.000000e+00
  outer loop
   vertex 3.381424e+01 -3.191938e+01 5.440000e+01
   vertex 3.295583e+01 -3.448483e+01 5.440000e+01
   vertex 3.455716e+01 -3.287997e+01 5.440000e+01
  endloop
 endfacet
 facet normal 0.000000e+00 0.000000e+00 1.000000e+00
  outer loop
   vertex 3.608044e+01 -3.120084e+01 5.440000e+01
   vertex 3.381424e+01 -3.191938e+01 5.440000e+01
   vertex 3.455716e+01 -3.287997e+01 5.440000e+01
  endloop
 endfacet
 facet normal 0.000000e+00 0.000000e+00 1.000000e+00
  outer loop
   vertex 3.101471e+01 -3.464589e+01 5.440000e+01
   vertex 3.295583e+01 -3.448483e+01 5.440000e+01
   vertex 3.381424e+01 -3.191938e+01 5.440000e+01
  endloop
 endfacet
 facet normal 0.000000e+00 0.000000e+00 1.000000e+00
  outer loop
   vertex 3.637496e+01 -2.896743e+01 5.440000e+01
   vertex 3.608044e+01 -3.120084e+01 5.440000e+01
   vertex 3.752220e+01 -2.945122e+01 5.440000e+01
  endloop
 endfacet
 facet normal 0.000000e+00 0.000000e+00 1.000000e+00
  outer loop
   vertex 3.887921e+01 -2.763507e+01 5.440000e+01
   vertex 3.637496e+01 -2.896743e+01 5.440000e+01
   vertex 3.752220e+01 -2.945122e+01 5.440000e+01
  endloop
 endfacet
 facet normal 0.000000e+00 0.000000e+00 1.000000e+00
  outer loop
   vertex 3.381424e+01 -3.191938e+01 5.440000e+01
   vertex 3.608044e+01 -3.120084e+01 5.440000e+01
   vertex 3.637496e+01 -2.896743e+01 5.440000e+01
  endloop
 endfacet
 facet normal 0.000000e+00 0.000000e+00 1.000000e+00
  outer loop
   vertex 4.014839e+01 -2.575650e+01 5.440000e+01
   vertex 3.867877e+01 -2.581090e+01 5.440000e+01
   vertex 3.887921e+01 -2.763507e+01 5.440000e+01
  endloop
 endfacet
 facet normal 0.000000e+00 0.000000e+00 1.000000e+00
  outer loop
   vertex 3.637496e+01 -2.896743e+01 5.440000e+01
   vertex 3.887921e+01 -2.763507e+01 5.440000e+01
   vertex 3.867877e+01 -2.581090e+01 5.440000e+01
  endloop
 endfacet
 facet normal 0.000000e+00 0.000000e+00 1.000000e+00
  outer loop
   vertex 4.132687e+01 -2.381974e+01 5.440000e+01
   vertex 3.867877e+01 -2.581090e+01 5.440000e+01
   vertex 4.014839e+01 -2.575650e+01 5.440000e+01
  endloop
 endfacet
 facet normal 0.000000e+00 0.000000e+00 1.000000e+00
  outer loop
   vertex 4.241199e+01 -2.182917e+01 5.440000e+01
   vertex 4.070941e+01 -2.247207e+01 5.440000e+01
   vertex 4.132687e+01 -2.381974e+01 5.440000e+01
  endloop
 endfacet
 facet normal 0.000000e+00 0.000000e+00 1.000000e+00
  outer loop
   vertex 3.867877e+01 -2.581090e+01 5.440000e+01
   vertex 4.132687e+01 -2.381974e+01 5.440000e+01
   vertex 4.070941e+01 -2.247207e+01 5.440000e+01
  endloop
 endfacet
 facet normal 0.000000e+00 0.000000e+00 1.000000e+00
  outer loop
   vertex 4.245253e+01 -1.897453e+01 5.440000e+01
   vertex 4.070941e+01 -2.247207e+01 5.440000e+01
   vertex 4.241199e+01 -2.182917e+01 5.440000e+01
  endloop
 endfacet
 facet normal 0.000000e+00 0.000000e+00 1.000000e+00
  outer loop
   vertex 4.429259e+01 -1.770471e+01 5.440000e+01
   vertex 4.245253e+01 -1.897453e+01 5.440000e+01
   vertex 4.340131e+01 -1.978929e+01 5.440000e+01
  endloop
 endfacet
 facet normal 0.000000e+00 0.000000e+00 1.000000e+00
  outer loop
   vertex 4.241199e+01 -2.182917e+01 5.440000e+01
   vertex 4.340131e+01 -1.978929e+01 5.440000e+01
   vertex 4.245253e+01 -1.897453e+01 5.440000e+01
  endloop
 endfacet
 facet normal 0.000000e+00 0.000000e+00 1.000000e+00
  outer loop
   vertex 4.429259e+01 -1.770471e+01 5.440000e+01
   vertex 4.389582e+01 -1.534298e+01 5.440000e+01
   vertex 4.245253e+01 -1.897453e+01 5.440000e+01
  endloop
 endfacet
 facet normal 0.000000e+00 0.000000e+00 1.000000e+00
  outer loop
   vertex 3.954631e+01 2.667169e+01 5.440000e+01
   vertex 3.972887e+01 2.416334e+01 5.440000e+01
   vertex 4.081628e+01 2.468444e+01 5.440000e+01
  endloop
 endfacet
 facet normal 0.000000e+00 0.000000e+00 1.000000e+00
  outer loop
   vertex 4.198647e+01 2.263684e+01 5.440000e+01
   vertex 4.081628e+01 2.468444e+01 5.440000e+01
   vertex 3.972887e+01 2.416334e+01 5.440000e+01
  endloop
 endfacet
 facet normal 0.000000e+00 0.000000e+00 1.000000e+00
  outer loop
   vertex 3.817967e+01 2.859375e+01 5.440000e+01
   vertex 3.772357e+01 2.718791e+01 5.440000e+01
   vertex 3.954631e+01 2.667169e+01 5.440000e+01
  endloop
 endfacet
 facet normal 0.000000e+00 0.000000e+00 1.000000e+00
  outer loop
   vertex 3.972887e+01 2.416334e+01 5.440000e+01
   vertex 3.954631e+01 2.667169e+01 5.440000e+01
   vertex 3.772357e+01 2.718791e+01 5.440000e+01
  endloop
 endfacet
 facet normal 0.000000e+00 0.000000e+00 1.000000e+00
  outer loop
   vertex 3.548851e+01 3.004689e+01 5.440000e+01
   vertex 3.772357e+01 2.718791e+01 5.440000e+01
   vertex 3.817967e+01 2.859375e+01 5.440000e+01
  endloop
 endfacet
 facet normal 0.000000e+00 0.000000e+00 1.000000e+00
  outer loop
   vertex 4.487104e+01 1.618271e+01 5.440000e+01
   vertex 4.401633e+01 1.838077e+01 5.440000e+01
   vertex 4.300282e+01 1.769202e+01 5.440000e+01
  endloop
 endfacet
 facet normal 0.000000e+00 0.000000e+00 1.000000e+00
  outer loop
   vertex 4.305402e+01 2.053390e+01 5.440000e+01
   vertex 4.300282e+01 1.769202e+01 5.440000e+01
   vertex 4.401633e+01 1.838077e+01 5.440000e+01
  endloop
 endfacet
 facet normal 0.000000e+00 0.000000e+00 1.000000e+00
  outer loop
   vertex 4.198647e+01 2.263684e+01 5.440000e+01
   vertex 4.149220e+01 2.099160e+01 5.440000e+01
   vertex 4.305402e+01 2.053390e+01 5.440000e+01
  endloop
 endfacet
 facet normal 0.000000e+00 -0.000000e+00 1.000000e+00
  outer loop
   vertex 4.300282e+01 1.769202e+01 5.440000e+01
   vertex 4.305402e+01 2.053390e+01 5.440000e+01
   vertex 4.149220e+01 2.099160e+01 5.440000e+01
  endloop
 endfacet
 facet normal 0.000000e+00 0.000000e+00 1.000000e+00
  outer loop
   vertex 3.972887e+01 2.416334e+01 5.440000e+01
   vertex 4.149220e+01 2.099160e+01 5.440000e+01
   vertex 4.198647e+01 2.263684e+01 5.440000e+01
  endloop
 endfacet
 facet normal 0.000000e+00 0.000000e+00 1.000000e+00
  outer loop
   vertex -2.236190e+00 4.764756e+01 5.440000e+01
   vertex -4.125912e+00 4.631659e+01 5.440000e+01
   vertex -2.223492e-01 4.649947e+01 5.440000e+01
  endloop
 endfacet
 facet normal 0.000000e+00 0.000000e+00 1.000000e+00
  outer loop
   vertex -7.032094e+00 4.717881e+01 5.440000e+01
   vertex -8.000336e+00 4.580660e+01 5.440000e+01
   vertex -4.125912e+00 4.631659e+01 5.440000e+01
  endloop
 endfacet
 facet normal -0.000000e+00 0.000000e+00 1.000000e+00
  outer loop
   vertex -7.032094e+00 4.717881e+01 5.440000e+01
   vertex -4.125912e+00 4.631659e+01 5.440000e+01
   vertex -4.719047e+00 4.746600e+01 5.440000e+01
  endloop
 endfacet
 facet normal 0.000000e+00 0.000000e+00 1.000000e+00
  outer loop
   vertex -2.236190e+00 4.764756e+01 5.440000e+01
   vertex -4.719047e+00 4.746600e+01 5.440000e+01
   vertex -4.125912e+00 4.631659e+01 5.440000e+01
  endloop
 endfacet
 facet normal -0.000000e+00 0.000000e+00 1.000000e+00
  outer loop
   vertex -2.236190e+00 4.764756e+01 5.440000e+01
   vertex -2.223492e-01 4.649947e+01 5.440000e+01
   vertex 2.745999e-01 4.769921e+01 5.440000e+01
  endloop
 endfacet
 facet normal -0.000000e+00 0.000000e+00 1.000000e+00
  outer loop
   vertex -9.328351e+00 4.677897e+01 5.440000e+01
   vertex -8.000336e+00 4.580660e+01 5.440000e+01
   vertex -7.032094e+00 4.717881e+01 5.440000e+01
  endloop
 endfacet
 facet normal 0.000000e+00 0.000000e+00 1.000000e+00
  outer loop
   vertex 3.671970e+01 3.044591e+01 5.440000e+01
   vertex 3.516997e+01 3.222364e+01 5.440000e+01
   vertex 3.548851e+01 3.004689e+01 5.440000e+01
  endloop
 endfacet
 facet normal 0.000000e+00 0.000000e+00 1.000000e+00
  outer loop
   vertex 3.303732e+01 3.272287e+01 5.440000e+01
   vertex 3.548851e+01 3.004689e+01 5.440000e+01
   vertex 3.516997e+01 3.222364e+01 5.440000e+01
  endloop
 endfacet
 facet normal 0.000000e+00 0.000000e+00 1.000000e+00
  outer loop
   vertex 3.817967e+01 2.859375e+01 5.440000e+01
   vertex 3.671970e+01 3.044591e+01 5.440000e+01
   vertex 3.548851e+01 3.004689e+01 5.440000e+01
  endloop
 endfacet
 facet normal 0.000000e+00 0.000000e+00 1.000000e+00
  outer loop
   vertex 3.516997e+01 3.222364e+01 5.440000e+01
   vertex 3.353426e+01 3.392261e+01 5.440000e+01
   vertex 3.303732e+01 3.272287e+01 5.440000e+01
  endloop
 endfacet
 facet normal 0.000000e+00 0.000000e+00 1.000000e+00
  outer loop
   vertex 4.389582e+01 -1.534298e+01 5.440000e+01
   vertex 4.577318e+01 -1.342036e+01 5.440000e+01
   vertex 4.502909e+01 -1.160307e+01 5.440000e+01
  endloop
 endfacet
 facet normal 0.000000e+00 0.000000e+00 1.000000e+00
  outer loop
   vertex 4.502909e+01 -1.160307e+01 5.440000e+01
   vertex 4.684040e+01 -9.014810e+00 5.440000e+01
   vertex 4.584433e+01 -7.781210e+00 5.440000e+01
  endloop
 endfacet
 facet normal 0.000000e+00 0.000000e+00 1.000000e+00
  outer loop
   vertex 4.584433e+01 -7.781210e+00 5.440000e+01
   vertex 4.723426e+01 -6.649437e+00 5.440000e+01
   vertex 4.633579e+01 -3.904393e+00 5.440000e+01
  endloop
 endfacet
 facet normal 0.000000e+00 -0.000000e+00 1.000000e+00
  outer loop
   vertex 4.577318e+01 -1.342036e+01 5.440000e+01
   vertex 4.635915e+01 -1.123027e+01 5.440000e+01
   vertex 4.502909e+01 -1.160307e+01 5.440000e+01
  endloop
 endfacet
 facet normal -0.000000e+00 0.000000e+00 1.000000e+00
  outer loop
   vertex 4.584433e+01 -7.781210e+00 5.440000e+01
   vertex 4.684040e+01 -9.014810e+00 5.440000e+01
   vertex 4.723426e+01 -6.649437e+00 5.440000e+01
  endloop
 endfacet
 facet normal 0.000000e+00 0.000000e+00 1.000000e+00
  outer loop
   vertex 4.633579e+01 -3.904393e+00 5.440000e+01
   vertex 4.723426e+01 -6.649437e+00 5.440000e+01
   vertex 4.751055e+01 -4.247049e+00 5.440000e+01
  endloop
 endfacet
 facet normal 0.000000e+00 0.000000e+00 1.000000e+00
  outer loop
   vertex 4.650000e+01 8.320563e-16 5.440000e+01
   vertex 4.633579e+01 -3.904393e+00 5.440000e+01
   vertex 4.766391e+01 -1.855085e+00 5.440000e+01
  endloop
 endfacet
 facet normal 0.000000e+00 0.000000e+00 1.000000e+00
  outer loop
   vertex 4.766391e+01 -1.855085e+00 5.440000e+01
   vertex 4.633579e+01 -3.904393e+00 5.440000e+01
   vertex 4.751055e+01 -4.247049e+00 5.440000e+01
  endloop
 endfacet
 facet normal 0.000000e+00 0.000000e+00 1.000000e+00
  outer loop
   vertex 4.770000e+01 0.000000e+00 5.440000e+01
   vertex 4.650000e+01 8.320563e-16 5.440000e+01
   vertex 4.766391e+01 -1.855085e+00 5.440000e+01
  endloop
 endfacet
 facet normal 0.000000e+00 -0.000000e+00 1.000000e+00
  outer loop
   vertex 4.635915e+01 -1.123027e+01 5.440000e+01
   vertex 4.684040e+01 -9.014810e+00 5.440000e+01
   vertex 4.502909e+01 -1.160307e+01 5.440000e+01
  endloop
 endfacet
 facet normal 0.000000e+00 0.000000e+00 1.000000e+00
  outer loop
   vertex 4.677002e+01 9.373130e+00 5.440000e+01
   vertex 4.624957e+01 1.167338e+01 5.440000e+01
   vertex 4.523073e+01 1.079034e+01 5.440000e+01
  endloop
 endfacet
 facet normal 0.000000e+00 -0.000000e+00 1.000000e+00
  outer loop
   vertex 4.593444e+01 7.230277e+00 5.440000e+01
   vertex 4.677002e+01 9.373130e+00 5.440000e+01
   vertex 4.523073e+01 1.079034e+01 5.440000e+01
  endloop
 endfacet
 facet normal 0.000000e+00 0.000000e+00 1.000000e+00
  outer loop
   vertex 4.561605e+01 1.394509e+01 5.440000e+01
   vertex 4.523073e+01 1.079034e+01 5.440000e+01
   vertex 4.624957e+01 1.167338e+01 5.440000e+01
  endloop
 endfacet
 facet normal 0.000000e+00 0.000000e+00 1.000000e+00
  outer loop
   vertex 4.487104e+01 1.618271e+01 5.440000e+01
   vertex 4.425153e+01 1.428468e+01 5.440000e+01
   vertex 4.561605e+01 1.394509e+01 5.440000e+01
  endloop
 endfacet
 facet normal 0.000000e+00 -0.000000e+00 1.000000e+00
  outer loop
   vertex 4.523073e+01 1.079034e+01 5.440000e+01
   vertex 4.561605e+01 1.394509e+01 5.440000e+01
   vertex 4.425153e+01 1.428468e+01 5.440000e+01
  endloop
 endfacet
 facet normal 0.000000e+00 0.000000e+00 1.000000e+00
  outer loop
   vertex 4.300282e+01 1.769202e+01 5.440000e+01
   vertex 4.425153e+01 1.428468e+01 5.440000e+01
   vertex 4.487104e+01 1.618271e+01 5.440000e+01
  endloop
 endfacet
 facet normal 0.000000e+00 0.000000e+00 1.000000e+00
  outer loop
   vertex 4.635839e+01 3.626181e+00 5.440000e+01
   vertex 4.650000e+01 8.320563e-16 5.440000e+01
   vertex 4.764170e+01 2.357670e+00 5.440000e+01
  endloop
 endfacet
 facet normal 0.000000e+00 0.000000e+00 1.000000e+00
  outer loop
   vertex 4.770000e+01 0.000000e+00 5.440000e+01
   vertex 4.764170e+01 2.357670e+00 5.440000e+01
   vertex 4.650000e+01 8.320563e-16 5.440000e+01
  endloop
 endfacet
 facet normal 0.000000e+00 0.000000e+00 1.000000e+00
  outer loop
   vertex 4.746693e+01 4.709576e+00 5.440000e+01
   vertex 4.635839e+01 3.626181e+00 5.440000e+01
   vertex 4.764170e+01 2.357670e+00 5.440000e+01
  endloop
 endfacet
 facet normal -0.000000e+00 0.000000e+00 1.000000e+00
  outer loop
   vertex 4.593444e+01 7.230277e+00 5.440000e+01
   vertex 4.717614e+01 7.049970e+00 5.440000e+01
   vertex 4.677002e+01 9.373130e+00 5.440000e+01
  endloop
 endfacet
 facet normal 0.000000e+00 0.000000e+00 1.000000e+00
  outer loop
   vertex 4.717614e+01 7.049970e+00 5.440000e+01
   vertex 4.593444e+01 7.230277e+00 5.440000e+01
   vertex 4.746693e+01 4.709576e+00 5.440000e+01
  endloop
 endfacet
 facet normal 0.000000e+00 0.000000e+00 1.000000e+00
  outer loop
   vertex 4.746693e+01 4.709576e+00 5.440000e+01
   vertex 4.593444e+01 7.230277e+00 5.440000e+01
   vertex 4.635839e+01 3.626181e+00 5.440000e+01
  endloop
 endfacet
 facet normal 0.000000e+00 0.000000e+00 1.000000e+00
  outer loop
   vertex 4.577318e+01 -1.342036e+01 5.440000e+01
   vertex 4.389582e+01 -1.534298e+01 5.440000e+01
   vertex 4.508381e+01 -1.558013e+01 5.440000e+01
  endloop
 endfacet
 facet normal 0.000000e+00 0.000000e+00 1.000000e+00
  outer loop
   vertex 4.508381e+01 -1.558013e+01 5.440000e+01
   vertex 4.389582e+01 -1.534298e+01 5.440000e+01
   vertex 4.429259e+01 -1.770471e+01 5.440000e+01
  endloop
 endfacet
 facet normal 0.000000e+00 -0.000000e+00 1.000000e+00
  outer loop
   vertex -7.488196e+00 -4.710857e+01 5.440000e+01
   vertex -5.127429e+00 -4.621644e+01 5.440000e+01
   vertex -8.989906e+00 -4.562271e+01 5.440000e+01
  endloop
 endfacet
 facet normal 2.265354e-02 -9.997434e-01 0.000000e+00
  outer loop
   vertex -2.223492e-01 4.649947e+01 5.140000e+01
   vertex -1.883961e+00 4.646182e+01 4.840000e+01
   vertex -2.223492e-01 4.649947e+01 4.840000e+01
  endloop
 endfacet
 facet normal 5.836427e-02 -9.982926e-01 -2.354622e-03
  outer loop
   vertex -4.125912e+00 4.631659e+01 5.440000e+01
   vertex -3.543167e+00 4.636481e+01 4.840000e+01
   vertex -1.883961e+00 4.646182e+01 4.840000e+01
  endloop
 endfacet
 facet normal 1.295227e-01 -9.915624e-01 -5.289024e-03
  outer loop
   vertex -4.125912e+00 4.631659e+01 5.440000e+01
   vertex -6.845884e+00 4.599330e+01 4.840000e+01
   vertex -5.197845e+00 4.620858e+01 4.840000e+01
  endloop
 endfacet
 facet normal 2.000187e-01 -9.797902e-01 -1.902655e-03
  outer loop
   vertex -8.000336e+00 4.580660e+01 5.440000e+01
   vertex -1.011363e+01 4.538683e+01 4.840000e+01
   vertex -8.485176e+00 4.571927e+01 4.840000e+01
  endloop
 endfacet
 facet normal 1.648751e-01 -9.863139e-01 1.032135e-03
  outer loop
   vertex -8.000336e+00 4.580660e+01 5.440000e+01
   vertex -8.485176e+00 4.571927e+01 4.840000e+01
   vertex -6.845884e+00 4.599330e+01 4.840000e+01
  endloop
 endfacet
 facet normal 9.400411e-02 -9.955712e-01 1.128742e-03
  outer loop
   vertex -4.125912e+00 4.631659e+01 5.440000e+01
   vertex -5.197845e+00 4.620858e+01 4.840000e+01
   vertex -3.543167e+00 4.636481e+01 4.840000e+01
  endloop
 endfacet
 facet normal 2.694944e-01 -9.630019e-01 2.589842e-04
  outer loop
   vertex -1.181825e+01 4.497309e+01 5.440000e+01
   vertex -1.332971e+01 4.454850e+01 4.840000e+01
   vertex -1.172916e+01 4.499641e+01 4.840000e+01
  endloop
 endfacet
 facet normal 3.375903e-01 -9.412924e-01 1.195115e-03
  outer loop
   vertex -1.555271e+01 4.382195e+01 5.440000e+01
   vertex -1.647769e+01 4.348259e+01 4.840000e+01
   vertex -1.491322e+01 4.404368e+01 4.840000e+01
  endloop
 endfacet
 facet normal 3.037353e-01 -9.527522e-01 -2.836655e-03
  outer loop
   vertex -1.555271e+01 4.382195e+01 5.440000e+01
   vertex -1.491322e+01 4.404368e+01 4.840000e+01
   vertex -1.332971e+01 4.454850e+01 4.840000e+01
  endloop
 endfacet
 facet normal 4.288449e-01 -9.033781e-01 2.854026e-04
  outer loop
   vertex -1.917731e+01 4.236131e+01 5.440000e+01
   vertex -2.077914e+01 4.159901e+01 4.840000e+01
   vertex -1.909535e+01 4.239832e+01 4.840000e+01
  endloop
 endfacet
 facet normal 4.998158e-01 -8.661314e-01 7.730968e-04
  outer loop
   vertex -2.266648e+01 4.060149e+01 5.440000e+01
   vertex -2.404391e+01 3.980126e+01 4.840000e+01
   vertex -2.242954e+01 4.073286e+01 4.840000e+01
  endloop
 endfacet
 facet normal 4.647019e-01 -8.854666e-01 -1.036853e-03
  outer loop
   vertex -2.266648e+01 4.060149e+01 5.440000e+01
   vertex -2.242954e+01 4.073286e+01 4.840000e+01
   vertex -2.077914e+01 4.159901e+01 4.840000e+01
  endloop
 endfacet
 facet normal 2.349059e-01 -9.720181e-01 -2.896632e-04
  outer loop
   vertex -1.181825e+01 4.497309e+01 5.440000e+01
   vertex -1.172916e+01 4.499641e+01 4.840000e+01
   vertex -1.011363e+01 4.538683e+01 4.840000e+01
  endloop
 endfacet
 facet normal 5.675757e-01 -8.233205e-01 1.143371e-03
  outer loop
   vertex -2.599556e+01 3.855491e+01 5.440000e+01
   vertex -2.715422e+01 3.774782e+01 4.840000e+01
   vertex -2.561965e+01 3.880572e+01 4.840000e+01
  endloop
 endfacet
 facet normal 6.001117e-01 -7.999112e-01 -2.831538e-03
  outer loop
   vertex -2.914104e+01 3.623603e+01 5.440000e+01
   vertex -2.864517e+01 3.662928e+01 4.840000e+01
   vertex -2.715422e+01 3.774782e+01 4.840000e+01
  endloop
 endfacet
 facet normal 6.622365e-01 -7.492691e-01 -6.214177e-03
  outer loop
   vertex -3.202518e+01 3.371406e+01 5.171762e+01
   vertex -3.148667e+01 3.421753e+01 4.840000e+01
   vertex -3.009009e+01 3.545189e+01 4.840000e+01
  endloop
 endfacet
 facet normal 7.201223e-01 -6.938344e-01 4.205290e-03
  outer loop
   vertex -3.317910e+01 3.257909e+01 5.012575e+01
   vertex -3.412589e+01 3.158597e+01 4.840000e+01
   vertex -3.283266e+01 3.292820e+01 4.840000e+01
  endloop
 endfacet
 facet normal 6.917407e-01 -7.221382e-01 3.350529e-03
  outer loop
   vertex -3.257909e+01 3.317910e+01 5.012574e+01
   vertex -3.283266e+01 3.292820e+01 4.840000e+01
   vertex -3.148667e+01 3.421753e+01 4.840000e+01
  endloop
 endfacet
 facet normal 6.316877e-01 -7.752217e-01 1.396229e-03
  outer loop
   vertex -2.914104e+01 3.623603e+01 5.440000e+01
   vertex -3.009009e+01 3.545189e+01 4.840000e+01
   vertex -2.864517e+01 3.662928e+01 4.840000e+01
  endloop
 endfacet
 facet normal 7.733760e-01 -6.339334e-01 -4.256753e-03
  outer loop
   vertex -3.479380e+01 3.084869e+01 5.440000e+01
   vertex -3.654589e+01 2.875149e+01 4.840000e+01
   vertex -3.536430e+01 3.019299e+01 4.840000e+01
  endloop
 endfacet
 facet normal 8.216649e-01 -5.699621e-01 -3.146977e-03
  outer loop
   vertex -3.726115e+01 2.781828e+01 5.440000e+01
   vertex -3.873110e+01 2.573231e+01 4.840000e+01
   vertex -3.766875e+01 2.726380e+01 4.840000e+01
  endloop
 endfacet
 facet normal 7.981670e-01 -6.024345e-01 1.450172e-03
  outer loop
   vertex -3.726115e+01 2.781828e+01 5.440000e+01
   vertex -3.766875e+01 2.726380e+01 4.840000e+01
   vertex -3.654589e+01 2.875149e+01 4.840000e+01
  endloop
 endfacet
 facet normal 8.646742e-01 -5.023285e-01 -2.155253e-03
  outer loop
   vertex -3.946534e+01 2.459139e+01 5.440000e+01
   vertex -4.066750e+01 2.254782e+01 4.840000e+01
   vertex -3.973122e+01 2.415947e+01 4.840000e+01
  endloop
 endfacet
 facet normal 9.021279e-01 -4.314668e-01 -1.280045e-03
  outer loop
   vertex -4.139081e+01 2.119083e+01 5.440000e+01
   vertex -4.234265e+01 1.921848e+01 4.840000e+01
   vertex -4.153845e+01 2.089993e+01 4.840000e+01
  endloop
 endfacet
 facet normal 8.841120e-01 -4.672742e-01 8.992758e-04
  outer loop
   vertex -4.139081e+01 2.119083e+01 5.440000e+01
   vertex -4.153845e+01 2.089993e+01 4.840000e+01
   vertex -4.066750e+01 2.254782e+01 4.840000e+01
  endloop
 endfacet
 facet normal 8.438497e-01 -5.365782e-01 1.233058e-03
  outer loop
   vertex -3.946534e+01 2.459139e+01 5.440000e+01
   vertex -3.973122e+01 2.415947e+01 4.840000e+01
   vertex -3.873110e+01 2.573231e+01 4.840000e+01
  endloop
 endfacet
 facet normal 7.473555e-01 -6.644226e-01 1.549365e-03
  outer loop
   vertex -3.479380e+01 3.084869e+01 5.440000e+01
   vertex -3.536430e+01 3.019299e+01 4.840000e+01
   vertex -3.412589e+01 3.158597e+01 4.840000e+01
  endloop
 endfacet
 facet normal 5.341218e-01 -8.454055e-01 -1.875743e-03
  outer loop
   vertex -2.599556e+01 3.855491e+01 5.440000e+01
   vertex -2.561965e+01 3.880572e+01 4.840000e+01
   vertex -2.404391e+01 3.980126e+01 4.840000e+01
  endloop
 endfacet
 facet normal 9.337856e-01 -3.578327e-01 -5.234750e-04
  outer loop
   vertex -4.302394e+01 1.764060e+01 5.440000e+01
   vertex -4.374578e+01 1.576567e+01 4.840000e+01
   vertex -4.307883e+01 1.750614e+01 4.840000e+01
  endloop
 endfacet
 facet normal 9.473758e-01 -3.201235e-01 -1.217897e-04
  outer loop
   vertex -4.435321e+01 1.396578e+01 5.440000e+01
   vertex -4.434246e+01 1.399987e+01 4.840000e+01
   vertex -4.374578e+01 1.576567e+01 4.840000e+01
  endloop
 endfacet
 facet normal 9.699696e-01 -2.432247e-01 -8.084140e-04
  outer loop
   vertex -4.536922e+01 1.019232e+01 5.440000e+01
   vertex -4.532123e+01 1.040367e+01 4.840000e+01
   vertex -4.486789e+01 1.221158e+01 4.840000e+01
  endloop
 endfacet
 facet normal 9.863319e-01 -1.647626e-01 -1.611984e-03
  outer loop
   vertex -4.606482e+01 6.346885e+00 5.440000e+01
   vertex -4.600885e+01 6.740640e+00 4.840000e+01
   vertex -4.570175e+01 8.579049e+00 4.840000e+01
  endloop
 endfacet
 facet normal 9.789385e-01 -2.041546e-01 6.395804e-04
  outer loop
   vertex -4.536922e+01 1.019232e+01 5.440000e+01
   vertex -4.570175e+01 8.579049e+00 4.840000e+01
   vertex -4.532123e+01 1.040367e+01 4.840000e+01
  endloop
 endfacet
 facet normal 9.594437e-01 -2.819002e-01 1.170402e-04
  outer loop
   vertex -4.435321e+01 1.396578e+01 5.440000e+01
   vertex -4.486789e+01 1.221158e+01 4.840000e+01
   vertex -4.434246e+01 1.399987e+01 4.840000e+01
  endloop
 endfacet
 facet normal 9.963572e-01 -8.524028e-02 -2.533027e-03
  outer loop
   vertex -4.643506e+01 2.456619e+00 5.440000e+01
   vertex -4.640089e+01 3.034303e+00 4.840000e+01
   vertex -4.624202e+01 4.891401e+00 4.840000e+01
  endloop
 endfacet
 facet normal 9.999802e-01 -5.171830e-03 -3.571555e-03
  outer loop
   vertex -4.647736e+01 -1.450996e+00 5.440000e+01
   vertex -4.649486e+01 -6.915267e-01 4.840000e+01
   vertex -4.648522e+01 1.172330e+00 4.840000e+01
  endloop
 endfacet
 facet normal 9.989752e-01 -4.524097e-02 1.333041e-03
  outer loop
   vertex -4.643506e+01 2.456619e+00 5.440000e+01
   vertex -4.648522e+01 1.172330e+00 4.840000e+01
   vertex -4.640089e+01 3.034303e+00 4.840000e+01
  endloop
 endfacet
 facet normal 9.971775e-01 7.493079e-02 -4.727192e-03
  outer loop
   vertex -4.619139e+01 -5.348364e+00 5.440000e+01
   vertex -4.629013e+01 -4.412914e+00 4.840000e+01
   vertex -4.642979e+01 -2.554272e+00 4.840000e+01
  endloop
 endfacet
 facet normal 9.879741e-01 1.545505e-01 -4.611890e-03
  outer loop
   vertex -4.619139e+01 -5.348364e+00 5.440000e+01
   vertex -4.578803e+01 -8.105952e+00 4.840000e+01
   vertex -4.607610e+01 -6.264466e+00 4.840000e+01
  endloop
 endfacet
 facet normal 9.933836e-01 1.148328e-01 1.556298e-03
  outer loop
   vertex -4.619139e+01 -5.348364e+00 5.440000e+01
   vertex -4.607610e+01 -6.264466e+00 4.840000e+01
   vertex -4.629013e+01 -4.412914e+00 4.840000e+01
  endloop
 endfacet
 facet normal 9.993894e-01 3.490748e-02 1.503336e-03
  outer loop
   vertex -4.647736e+01 -1.450996e+00 5.440000e+01
   vertex -4.642979e+01 -2.554272e+00 4.840000e+01
   vertex -4.649486e+01 -6.915267e-01 4.840000e+01
  endloop
 endfacet
 facet normal 9.921437e-01 -1.250989e-01 1.045194e-03
  outer loop
   vertex -4.606482e+01 6.346885e+00 5.440000e+01
   vertex -4.624202e+01 4.891401e+00 4.840000e+01
   vertex -4.600885e+01 6.740640e+00 4.840000e+01
  endloop
 endfacet
 facet normal 9.724278e-01 2.331785e-01 -3.466987e-03
  outer loop
   vertex -4.557920e+01 -9.207958e+00 5.440000e+01
   vertex -4.499178e+01 -1.174692e+01 4.840000e+01
   vertex -4.542640e+01 -9.934415e+00 4.840000e+01
  endloop
 endfacet
 facet normal 9.623072e-01 2.719616e-01 1.310532e-03
  outer loop
   vertex -4.464510e+01 -1.300252e+01 5.440000e+01
   vertex -4.448487e+01 -1.354054e+01 4.840000e+01
   vertex -4.499178e+01 -1.174692e+01 4.840000e+01
  endloop
 endfacet
 facet normal 9.374360e-01 3.481562e-01 1.011114e-03
  outer loop
   vertex -4.339568e+01 -1.670525e+01 5.440000e+01
   vertex -4.325757e+01 -1.705969e+01 4.840000e+01
   vertex -4.390649e+01 -1.531242e+01 4.840000e+01
  endloop
 endfacet
 facet normal 9.065419e-01 4.221155e-01 5.948584e-04
  outer loop
   vertex -4.183977e+01 -2.028999e+01 5.440000e+01
   vertex -4.175237e+01 -2.046924e+01 4.840000e+01
   vertex -4.253914e+01 -1.877955e+01 4.840000e+01
  endloop
 endfacet
 facet normal 9.227294e-01 3.854452e-01 -1.530177e-03
  outer loop
   vertex -4.339568e+01 -1.670525e+01 5.440000e+01
   vertex -4.253914e+01 -1.877955e+01 4.840000e+01
   vertex -4.325757e+01 -1.705969e+01 4.840000e+01
  endloop
 endfacet
 facet normal 9.506327e-01 3.103087e-01 -2.439845e-03
  outer loop
   vertex -4.464510e+01 -1.300252e+01 5.440000e+01
   vertex -4.390649e+01 -1.531242e+01 4.840000e+01
   vertex -4.448487e+01 -1.354054e+01 4.840000e+01
  endloop
 endfacet
 facet normal 8.698254e-01 4.933597e-01 6.100315e-05
  outer loop
   vertex -3.998836e+01 -2.373144e+01 5.440000e+01
   vertex -3.997895e+01 -2.374729e+01 4.840000e+01
   vertex -4.089851e+01 -2.212604e+01 4.840000e+01
  endloop
 endfacet
 facet normal 8.275185e-01 5.614381e-01 -5.901687e-04
  outer loop
   vertex -3.785453e+01 -2.700527e+01 5.440000e+01
   vertex -3.794870e+01 -2.687278e+01 4.840000e+01
   vertex -3.899515e+01 -2.533038e+01 4.840000e+01
  endloop
 endfacet
 facet normal 8.493547e-01 5.278224e-01 -6.214396e-05
  outer loop
   vertex -3.998836e+01 -2.373144e+01 5.440000e+01
   vertex -3.899515e+01 -2.533038e+01 4.840000e+01
   vertex -3.997895e+01 -2.374729e+01 4.840000e+01
  endloop
 endfacet
 facet normal 7.798963e-01 6.259072e-01 -1.358833e-03
  outer loop
   vertex -3.545334e+01 -3.008838e+01 5.440000e+01
   vertex -3.567466e+01 -2.982564e+01 4.840000e+01
   vertex -3.684127e+01 -2.837200e+01 4.840000e+01
  endloop
 endfacet
 facet normal 7.272631e-01 6.863529e-01 2.843821e-03
  outer loop
   vertex -3.347499e+01 -3.227499e+01 5.075147e+01
   vertex -3.317144e+01 -3.258689e+01 4.840000e+01
   vertex -3.445072e+01 -3.123136e+01 4.840000e+01
  endloop
 endfacet
 facet normal 7.541877e-01 6.566582e-01 9.360503e-04
  outer loop
   vertex -3.545334e+01 -3.008838e+01 5.440000e+01
   vertex -3.445072e+01 -3.123136e+01 4.840000e+01
   vertex -3.567466e+01 -2.982564e+01 4.840000e+01
  endloop
 endfacet
 facet normal 8.043552e-01 5.941486e-01 4.956925e-04
  outer loop
   vertex -3.785453e+01 -2.700527e+01 5.440000e+01
   vertex -3.684127e+01 -2.837200e+01 4.840000e+01
   vertex -3.794870e+01 -2.687278e+01 4.840000e+01
  endloop
 endfacet
 facet normal 8.888973e-01 4.581059e-01 -7.373329e-04
  outer loop
   vertex -4.183977e+01 -2.028999e+01 5.440000e+01
   vertex -4.089851e+01 -2.212604e+01 4.840000e+01
   vertex -4.175237e+01 -2.046924e+01 4.840000e+01
  endloop
 endfacet
 facet normal 9.809962e-01 1.940214e-01 1.492217e-03
  outer loop
   vertex -4.557920e+01 -9.207958e+00 5.440000e+01
   vertex -4.542640e+01 -9.934415e+00 4.840000e+01
   vertex -4.578803e+01 -8.105952e+00 4.840000e+01
  endloop
 endfacet
 facet normal 9.186945e-01 -3.949687e-01 4.468031e-04
  outer loop
   vertex -4.302394e+01 1.764060e+01 5.440000e+01
   vertex -4.307883e+01 1.750614e+01 4.840000e+01
   vertex -4.234265e+01 1.921848e+01 4.840000e+01
  endloop
 endfacet
 facet normal 6.926421e-01 -7.212677e-01 4.444970e-03
  outer loop
   vertex -3.148667e+01 3.421753e+01 4.840000e+01
   vertex -3.227499e+01 3.347499e+01 5.075147e+01
   vertex -3.257909e+01 3.317910e+01 5.012574e+01
  endloop
 endfacet
 facet normal 6.870713e-01 -7.265887e-01 1.394438e-03
  outer loop
   vertex -3.148667e+01 3.421753e+01 4.840000e+01
   vertex -3.203771e+01 3.370216e+01 5.136589e+01
   vertex -3.212362e+01 3.362029e+01 5.103432e+01
  endloop
 endfacet
 facet normal 1.305032e-01 -9.914313e-01 -5.740552e-03
  outer loop
   vertex -6.845884e+00 4.599330e+01 4.840000e+01
   vertex -4.125912e+00 4.631659e+01 5.440000e+01
   vertex -8.000336e+00 4.580660e+01 5.440000e+01
  endloop
 endfacet
 facet normal 3.687038e-01 -9.295275e-01 -6.006258e-03
  outer loop
   vertex -1.711640e+01 4.323516e+01 4.922174e+01
   vertex -1.555271e+01 4.382195e+01 5.440000e+01
   vertex -1.779478e+01 4.296040e+01 5.010000e+01
  endloop
 endfacet
 facet normal 6.617695e-01 -7.496774e-01 -6.700387e-03
  outer loop
   vertex -3.202518e+01 3.371406e+01 5.171762e+01
   vertex -3.009009e+01 3.545189e+01 4.840000e+01
   vertex -2.914104e+01 3.623603e+01 5.440000e+01
  endloop
 endfacet
 facet normal 6.840044e-01 -7.294778e-01 3.226077e-04
  outer loop
   vertex -3.202518e+01 3.371406e+01 5.171762e+01
   vertex -3.203771e+01 3.370216e+01 5.136589e+01
   vertex -3.148667e+01 3.421753e+01 4.840000e+01
  endloop
 endfacet
 facet normal 6.893818e-01 -7.243982e-01 2.454374e-06
  outer loop
   vertex -3.208070e+01 3.366123e+01 5.440000e+01
   vertex -3.208718e+01 3.365506e+01 5.205922e+01
   vertex -3.202518e+01 3.371406e+01 5.171762e+01
  endloop
 endfacet
 facet normal 3.584753e-01 -9.335360e-01 -2.463303e-03
  outer loop
   vertex -1.647769e+01 4.348259e+01 4.840000e+01
   vertex -1.555271e+01 4.382195e+01 5.440000e+01
   vertex -1.711640e+01 4.323516e+01 4.922174e+01
  endloop
 endfacet
 facet normal 6.898633e-01 -7.239347e-01 2.671240e-03
  outer loop
   vertex -3.148667e+01 3.421753e+01 4.840000e+01
   vertex -3.212362e+01 3.362029e+01 5.103432e+01
   vertex -3.227499e+01 3.347499e+01 5.075147e+01
  endloop
 endfacet
 facet normal 7.205387e-01 -6.934047e-01 3.729516e-03
  outer loop
   vertex -3.412589e+01 3.158597e+01 4.840000e+01
   vertex -3.317910e+01 3.257909e+01 5.012575e+01
   vertex -3.347499e+01 3.227499e+01 5.075147e+01
  endloop
 endfacet
 facet normal 7.233815e-01 -6.904455e-01 2.075530e-03
  outer loop
   vertex -3.347499e+01 3.227499e+01 5.075147e+01
   vertex -3.362029e+01 3.212362e+01 5.103432e+01
   vertex -3.412589e+01 3.158597e+01 4.840000e+01
  endloop
 endfacet
 facet normal 7.107003e-01 -7.034948e-01 3.595256e-04
  outer loop
   vertex -3.317910e+01 3.257909e+01 5.012575e+01
   vertex -3.283266e+01 3.292820e+01 4.840000e+01
   vertex -3.288047e+01 3.288047e+01 4.950000e+01
  endloop
 endfacet
 facet normal 5.236985e-01 -8.518780e-01 -6.610699e-03
  outer loop
   vertex -2.599556e+01 3.855491e+01 5.440000e+01
   vertex -2.404391e+01 3.980126e+01 4.840000e+01
   vertex -2.266648e+01 4.060149e+01 5.440000e+01
  endloop
 endfacet
 facet normal 7.040961e-01 -7.101047e-01 -2.143620e-04
  outer loop
   vertex -3.288047e+01 3.288047e+01 4.950000e+01
   vertex -3.283266e+01 3.292820e+01 4.840000e+01
   vertex -3.257909e+01 3.317910e+01 5.012574e+01
  endloop
 endfacet
 facet normal 6.914439e-01 -7.224301e-01 -8.441427e-06
  outer loop
   vertex -3.208718e+01 3.365506e+01 5.205922e+01
   vertex -3.208070e+01 3.366123e+01 5.440000e+01
   vertex -3.221800e+01 3.352984e+01 5.236127e+01
  endloop
 endfacet
 facet normal 2.265354e-02 -9.997434e-01 0.000000e+00
  outer loop
   vertex -2.223492e-01 4.649947e+01 5.440000e+01
   vertex -1.883961e+00 4.646182e+01 4.840000e+01
   vertex -2.223492e-01 4.649947e+01 5.140000e+01
  endloop
 endfacet
 facet normal 4.679626e-02 -9.988820e-01 -6.691377e-03
  outer loop
   vertex -2.223492e-01 4.649947e+01 5.440000e+01
   vertex -4.125912e+00 4.631659e+01 5.440000e+01
   vertex -1.883961e+00 4.646182e+01 4.840000e+01
  endloop
 endfacet
 facet normal 2.945657e-01 -9.556086e-01 -6.579877e-03
  outer loop
   vertex -1.181825e+01 4.497309e+01 5.440000e+01
   vertex -1.555271e+01 4.382195e+01 5.440000e+01
   vertex -1.332971e+01 4.454850e+01 4.840000e+01
  endloop
 endfacet
 facet normal 3.969771e-01 -9.178285e-01 -2.390806e-04
  outer loop
   vertex -1.917731e+01 4.236131e+01 5.440000e+01
   vertex -1.909535e+01 4.239832e+01 4.840000e+01
   vertex -1.779478e+01 4.296040e+01 5.010000e+01
  endloop
 endfacet
 facet normal 3.737560e-01 -9.274829e-01 -9.050204e-03
  outer loop
   vertex -1.555271e+01 4.382195e+01 5.440000e+01
   vertex -1.917731e+01 4.236131e+01 5.440000e+01
   vertex -1.779478e+01 4.296040e+01 5.010000e+01
  endloop
 endfacet
 facet normal 2.132860e-01 -9.769663e-01 -6.773185e-03
  outer loop
   vertex -1.011363e+01 4.538683e+01 4.840000e+01
   vertex -8.000336e+00 4.580660e+01 5.440000e+01
   vertex -1.181825e+01 4.497309e+01 5.440000e+01
  endloop
 endfacet
 facet normal 6.987202e-01 -7.153926e-01 -1.852919e-03
  outer loop
   vertex -3.208070e+01 3.366123e+01 5.440000e+01
   vertex -3.263323e+01 3.312586e+01 5.274833e+01
   vertex -3.240567e+01 3.334850e+01 5.259776e+01
  endloop
 endfacet
 facet normal 7.195206e-01 -6.940799e-01 -2.330741e-02
  outer loop
   vertex -3.479380e+01 3.084869e+01 5.440000e+01
   vertex -3.312586e+01 3.263323e+01 5.274833e+01
   vertex -3.208070e+01 3.366123e+01 5.440000e+01
  endloop
 endfacet
 facet normal 5.933790e-01 -8.048984e-01 -6.317576e-03
  outer loop
   vertex -2.715422e+01 3.774782e+01 4.840000e+01
   vertex -2.599556e+01 3.855491e+01 5.440000e+01
   vertex -2.914104e+01 3.623603e+01 5.440000e+01
  endloop
 endfacet
 facet normal 7.109811e-01 -7.031038e-01 -1.228728e-02
  outer loop
   vertex -3.312586e+01 3.263323e+01 5.274833e+01
   vertex -3.288047e+01 3.288047e+01 5.280000e+01
   vertex -3.208070e+01 3.366123e+01 5.440000e+01
  endloop
 endfacet
 facet normal 6.588800e-01 -7.522471e-01 -1.177475e-03
  outer loop
   vertex -3.208070e+01 3.366123e+01 5.440000e+01
   vertex -3.202518e+01 3.371406e+01 5.171762e+01
   vertex -2.914104e+01 3.623603e+01 5.440000e+01
  endloop
 endfacet
 facet normal 7.038905e-01 -7.102892e-01 -5.236731e-03
  outer loop
   vertex -3.263323e+01 3.312586e+01 5.274833e+01
   vertex -3.208070e+01 3.366123e+01 5.440000e+01
   vertex -3.288047e+01 3.288047e+01 5.280000e+01
  endloop
 endfacet
 facet normal 7.211830e-01 -6.924593e-01 -1.987767e-02
  outer loop
   vertex -3.334850e+01 3.240567e+01 5.259776e+01
   vertex -3.312586e+01 3.263323e+01 5.274833e+01
   vertex -3.479380e+01 3.084869e+01 5.440000e+01
  endloop
 endfacet
 facet normal 4.503205e-01 -8.928412e-01 -6.786669e-03
  outer loop
   vertex -2.266648e+01 4.060149e+01 5.440000e+01
   vertex -2.077914e+01 4.159901e+01 4.840000e+01
   vertex -1.917731e+01 4.236131e+01 5.440000e+01
  endloop
 endfacet
 facet normal 6.946055e-01 -7.193907e-01 -4.172299e-04
  outer loop
   vertex -3.240567e+01 3.334850e+01 5.259776e+01
   vertex -3.221800e+01 3.352984e+01 5.236127e+01
   vertex -3.208070e+01 3.366123e+01 5.440000e+01
  endloop
 endfacet
 facet normal 7.262326e-01 -6.873542e-01 -1.141777e-02
  outer loop
   vertex -3.479380e+01 3.084869e+01 5.440000e+01
   vertex -3.352984e+01 3.221800e+01 5.236127e+01
   vertex -3.334850e+01 3.240567e+01 5.259776e+01
  endloop
 endfacet
 facet normal 7.285186e-01 -6.850260e-01 2.537414e-04
  outer loop
   vertex -3.371406e+01 3.202518e+01 5.171762e+01
   vertex -3.412589e+01 3.158597e+01 4.840000e+01
   vertex -3.370216e+01 3.203771e+01 5.136589e+01
  endloop
 endfacet
 facet normal 7.754563e-01 -6.313750e-01 -5.758479e-03
  outer loop
   vertex -3.726115e+01 2.781828e+01 5.440000e+01
   vertex -3.654589e+01 2.875149e+01 4.840000e+01
   vertex -3.479380e+01 3.084869e+01 5.440000e+01
  endloop
 endfacet
 facet normal 7.319589e-01 6.813486e-01 5.012135e-04
  outer loop
   vertex -3.370216e+01 -3.203771e+01 5.136589e+01
   vertex -3.445072e+01 -3.123136e+01 4.840000e+01
   vertex -3.371406e+01 -3.202518e+01 5.171762e+01
  endloop
 endfacet
 facet normal 7.299157e-01 -6.835058e-01 -6.549615e-03
  outer loop
   vertex -3.352984e+01 3.221800e+01 5.236127e+01
   vertex -3.479380e+01 3.084869e+01 5.440000e+01
   vertex -3.365506e+01 3.208718e+01 5.205922e+01
  endloop
 endfacet
 facet normal 7.331159e-01 -6.800962e-01 -3.188818e-03
  outer loop
   vertex -3.479380e+01 3.084869e+01 5.440000e+01
   vertex -3.371406e+01 3.202518e+01 5.171762e+01
   vertex -3.365506e+01 3.208718e+01 5.205922e+01
  endloop
 endfacet
 facet normal 7.350588e-01 -6.780017e-01 -1.488057e-03
  outer loop
   vertex -3.371406e+01 3.202518e+01 5.171762e+01
   vertex -3.479380e+01 3.084869e+01 5.440000e+01
   vertex -3.412589e+01 3.158597e+01 4.840000e+01
  endloop
 endfacet
 facet normal 7.259177e-01 -6.877808e-01 1.044913e-03
  outer loop
   vertex -3.362029e+01 3.212362e+01 5.103432e+01
   vertex -3.370216e+01 3.203771e+01 5.136589e+01
   vertex -3.412589e+01 3.158597e+01 4.840000e+01
  endloop
 endfacet
 facet normal 7.412654e-01 6.712001e-01 -3.993489e-03
  outer loop
   vertex -3.545334e+01 -3.008838e+01 5.440000e+01
   vertex -3.371406e+01 -3.202518e+01 5.171762e+01
   vertex -3.445072e+01 -3.123136e+01 4.840000e+01
  endloop
 endfacet
 facet normal 7.284869e-01 6.850556e-01 2.385389e-03
  outer loop
   vertex -3.362029e+01 -3.212362e+01 5.103432e+01
   vertex -3.445072e+01 -3.123136e+01 4.840000e+01
   vertex -3.370216e+01 -3.203771e+01 5.136589e+01
  endloop
 endfacet
 facet normal 7.255192e-01 6.881879e-01 4.381829e-03
  outer loop
   vertex -3.445072e+01 -3.123136e+01 4.840000e+01
   vertex -3.362029e+01 -3.212362e+01 5.103432e+01
   vertex -3.347499e+01 -3.227499e+01 5.075147e+01
  endloop
 endfacet
 facet normal 9.840088e-01 -1.779947e-01 -6.675271e-03
  outer loop
   vertex -4.606482e+01 6.346885e+00 5.440000e+01
   vertex -4.570175e+01 8.579049e+00 4.840000e+01
   vertex -4.536922e+01 1.019232e+01 5.440000e+01
  endloop
 endfacet
 facet normal 7.400386e-01 6.725397e-01 -5.756204e-03
  outer loop
   vertex -3.365506e+01 -3.208718e+01 5.205922e+01
   vertex -3.371406e+01 -3.202518e+01 5.171762e+01
   vertex -3.545334e+01 -3.008838e+01 5.440000e+01
  endloop
 endfacet
 facet normal 7.344840e-01 6.784439e-01 -1.572138e-02
  outer loop
   vertex -3.352984e+01 -3.221800e+01 5.236127e+01
   vertex -3.545334e+01 -3.008838e+01 5.440000e+01
   vertex -3.280176e+01 -3.295898e+01 5.440000e+01
  endloop
 endfacet
 facet normal 7.362376e-01 6.766139e-01 -1.215526e-02
  outer loop
   vertex -3.352984e+01 -3.221800e+01 5.236127e+01
   vertex -3.365506e+01 -3.208718e+01 5.205922e+01
   vertex -3.545334e+01 -3.008838e+01 5.440000e+01
  endloop
 endfacet
 facet normal 9.999232e-01 -1.082253e-02 -6.042087e-03
  outer loop
   vertex -4.647736e+01 -1.450996e+00 5.440000e+01
   vertex -4.648522e+01 1.172330e+00 4.840000e+01
   vertex -4.643506e+01 2.456619e+00 5.440000e+01
  endloop
 endfacet
 facet normal 7.240759e-01 6.896748e-01 -7.922503e-03
  outer loop
   vertex -3.352984e+01 -3.221800e+01 5.236127e+01
   vertex -3.280176e+01 -3.295898e+01 5.440000e+01
   vertex -3.334850e+01 -3.240567e+01 5.259776e+01
  endloop
 endfacet
 facet normal 8.257299e-01 -5.640316e-01 -6.204665e-03
  outer loop
   vertex -3.726115e+01 2.781828e+01 5.440000e+01
   vertex -3.946534e+01 2.459139e+01 5.440000e+01
   vertex -3.873110e+01 2.573231e+01 4.840000e+01
  endloop
 endfacet
 facet normal 8.701706e-01 -4.927073e-01 -6.533453e-03
  outer loop
   vertex -3.946534e+01 2.459139e+01 5.440000e+01
   vertex -4.139081e+01 2.119083e+01 5.440000e+01
   vertex -4.066750e+01 2.254782e+01 4.840000e+01
  endloop
 endfacet
 facet normal 9.403477e-01 -3.401462e-01 -6.839750e-03
  outer loop
   vertex -4.302394e+01 1.764060e+01 5.440000e+01
   vertex -4.435321e+01 1.396578e+01 5.440000e+01
   vertex -4.374578e+01 1.576567e+01 4.840000e+01
  endloop
 endfacet
 facet normal 9.954811e-01 -9.474258e-02 -6.417219e-03
  outer loop
   vertex -4.606482e+01 6.346885e+00 5.440000e+01
   vertex -4.643506e+01 2.456619e+00 5.440000e+01
   vertex -4.624202e+01 4.891401e+00 4.840000e+01
  endloop
 endfacet
 facet normal 9.655877e-01 -2.599884e-01 -6.816255e-03
  outer loop
   vertex -4.486789e+01 1.221158e+01 4.840000e+01
   vertex -4.435321e+01 1.396578e+01 5.440000e+01
   vertex -4.536922e+01 1.019232e+01 5.440000e+01
  endloop
 endfacet
 facet normal 9.084675e-01 -4.179010e-01 -6.745192e-03
  outer loop
   vertex -4.234265e+01 1.921848e+01 4.840000e+01
   vertex -4.139081e+01 2.119083e+01 5.440000e+01
   vertex -4.302394e+01 1.764060e+01 5.440000e+01
  endloop
 endfacet
 facet normal 9.876375e-01 1.566553e-01 -5.601882e-03
  outer loop
   vertex -4.557920e+01 -9.207958e+00 5.440000e+01
   vertex -4.578803e+01 -8.105952e+00 4.840000e+01
   vertex -4.619139e+01 -5.348364e+00 5.440000e+01
  endloop
 endfacet
 facet normal 9.474920e-01 3.197143e-01 -6.447471e-03
  outer loop
   vertex -4.339568e+01 -1.670525e+01 5.440000e+01
   vertex -4.390649e+01 -1.531242e+01 4.840000e+01
   vertex -4.464510e+01 -1.300252e+01 5.440000e+01
  endloop
 endfacet
 facet normal 9.709934e-01 2.390289e-01 -6.083086e-03
  outer loop
   vertex -4.557920e+01 -9.207958e+00 5.440000e+01
   vertex -4.464510e+01 -1.300252e+01 5.440000e+01
   vertex -4.499178e+01 -1.174692e+01 4.840000e+01
  endloop
 endfacet
 facet normal 8.806298e-01 4.737558e-01 -6.823289e-03
  outer loop
   vertex -3.998836e+01 -2.373144e+01 5.440000e+01
   vertex -4.089851e+01 -2.212604e+01 4.840000e+01
   vertex -4.183977e+01 -2.028999e+01 5.440000e+01
  endloop
 endfacet
 facet normal 7.889354e-01 6.144393e-01 -6.730317e-03
  outer loop
   vertex -3.545334e+01 -3.008838e+01 5.440000e+01
   vertex -3.684127e+01 -2.837200e+01 4.840000e+01
   vertex -3.785453e+01 -2.700527e+01 5.440000e+01
  endloop
 endfacet
 facet normal 8.377405e-01 5.460258e-01 -6.835735e-03
  outer loop
   vertex -3.998836e+01 -2.373144e+01 5.440000e+01
   vertex -3.785453e+01 -2.700527e+01 5.440000e+01
   vertex -3.899515e+01 -2.533038e+01 4.840000e+01
  endloop
 endfacet
 facet normal 9.172998e-01 3.981410e-01 -6.694446e-03
  outer loop
   vertex -4.339568e+01 -1.670525e+01 5.440000e+01
   vertex -4.183977e+01 -2.028999e+01 5.440000e+01
   vertex -4.253914e+01 -1.877955e+01 4.840000e+01
  endloop
 endfacet
 facet normal 9.973037e-01 7.317506e-02 -5.549817e-03
  outer loop
   vertex -4.647736e+01 -1.450996e+00 5.440000e+01
   vertex -4.619139e+01 -5.348364e+00 5.440000e+01
   vertex -4.642979e+01 -2.554272e+00 4.840000e+01
  endloop
 endfacet
 facet normal 7.156646e-01 6.984390e-01 -2.680004e-03
  outer loop
   vertex -3.280176e+01 -3.295898e+01 5.440000e+01
   vertex -3.312586e+01 -3.263323e+01 5.274833e+01
   vertex -3.334850e+01 -3.240567e+01 5.259776e+01
  endloop
 endfacet
 facet normal 7.167505e-01 6.973297e-01 3.075333e-05
  outer loop
   vertex -3.317144e+01 -3.258689e+01 4.840000e+01
   vertex -3.347499e+01 -3.227499e+01 5.075147e+01
   vertex -3.317910e+01 -3.257909e+01 5.012574e+01
  endloop
 endfacet
 facet normal 7.102986e-01 7.039005e-01 -2.760149e-05
  outer loop
   vertex -3.288047e+01 -3.288047e+01 4.950000e+01
   vertex -3.317144e+01 -3.258689e+01 4.840000e+01
   vertex -3.317910e+01 -3.257909e+01 5.012574e+01
  endloop
 endfacet
 facet normal 6.986676e-01 7.154294e-01 4.941416e-03
  outer loop
   vertex -3.257909e+01 -3.317910e+01 5.012575e+01
   vertex -3.183886e+01 -3.389008e+01 4.840000e+01
   vertex -3.288047e+01 -3.288047e+01 4.950000e+01
  endloop
 endfacet
 facet normal 6.699603e-01 7.423939e-01 -2.119789e-03
  outer loop
   vertex -3.045512e+01 -3.513881e+01 4.840000e+01
   vertex -3.183886e+01 -3.389008e+01 4.840000e+01
   vertex -3.203771e+01 -3.370216e+01 5.136589e+01
  endloop
 endfacet
 facet normal 6.083485e-01 7.936580e-01 -4.368698e-03
  outer loop
   vertex -2.754315e+01 -3.746498e+01 4.840000e+01
   vertex -2.902245e+01 -3.633108e+01 4.840000e+01
   vertex -2.682396e+01 -3.798323e+01 5.440000e+01
  endloop
 endfacet
 facet normal 5.428305e-01 8.398275e-01 -4.977229e-03
  outer loop
   vertex -2.445424e+01 -3.955047e+01 4.840000e+01
   vertex -2.601960e+01 -3.853869e+01 4.840000e+01
   vertex -2.682396e+01 -3.798323e+01 5.440000e+01
  endloop
 endfacet
 facet normal 5.760590e-01 8.174067e-01 1.553002e-03
  outer loop
   vertex -2.601960e+01 -3.853869e+01 4.840000e+01
   vertex -2.754315e+01 -3.746498e+01 4.840000e+01
   vertex -2.682396e+01 -3.798323e+01 5.440000e+01
  endloop
 endfacet
 facet normal 6.396723e-01 7.686463e-01 1.464788e-03
  outer loop
   vertex -2.902245e+01 -3.633108e+01 4.840000e+01
   vertex -3.045512e+01 -3.513881e+01 4.840000e+01
   vertex -2.991851e+01 -3.559681e+01 5.440000e+01
  endloop
 endfacet
 facet normal 4.738327e-01 8.806067e-01 -3.797014e-03
  outer loop
   vertex -2.120824e+01 -4.138189e+01 4.840000e+01
   vertex -2.284960e+01 -4.049871e+01 4.840000e+01
   vertex -2.353995e+01 -4.010138e+01 5.440000e+01
  endloop
 endfacet
 facet normal 4.017868e-01 9.157291e-01 -2.735165e-03
  outer loop
   vertex -1.782598e+01 -4.294746e+01 4.840000e+01
   vertex -1.953280e+01 -4.219857e+01 4.840000e+01
   vertex -2.008969e+01 -4.193631e+01 5.440000e+01
  endloop
 endfacet
 facet normal 4.381631e-01 8.988944e-01 1.376967e-03
  outer loop
   vertex -1.953280e+01 -4.219857e+01 4.840000e+01
   vertex -2.120824e+01 -4.138189e+01 4.840000e+01
   vertex -2.008969e+01 -4.193631e+01 5.440000e+01
  endloop
 endfacet
 facet normal 3.271592e-01 9.449675e-01 -1.790077e-03
  outer loop
   vertex -1.432922e+01 -4.423713e+01 4.840000e+01
   vertex -1.609053e+01 -4.362734e+01 4.840000e+01
   vertex -1.649755e+01 -4.347506e+01 5.440000e+01
  endloop
 endfacet
 facet normal 2.504289e-01 9.681345e-01 -9.621050e-04
  outer loop
   vertex -1.074039e+01 -4.524261e+01 4.840000e+01
   vertex -1.254488e+01 -4.477584e+01 4.840000e+01
   vertex -1.278889e+01 -4.470676e+01 5.440000e+01
  endloop
 endfacet
 facet normal 2.890267e-01 9.573207e-01 7.320875e-04
  outer loop
   vertex -1.254488e+01 -4.477584e+01 4.840000e+01
   vertex -1.432922e+01 -4.423713e+01 4.840000e+01
   vertex -1.278889e+01 -4.470676e+01 5.440000e+01
  endloop
 endfacet
 facet normal 3.647665e-01 9.310984e-01 1.113112e-03
  outer loop
   vertex -1.609053e+01 -4.362734e+01 4.840000e+01
   vertex -1.782598e+01 -4.294746e+01 4.840000e+01
   vertex -1.649755e+01 -4.347506e+01 5.440000e+01
  endloop
 endfacet
 facet normal 5.087454e-01 8.609157e-01 1.524009e-03
  outer loop
   vertex -2.284960e+01 -4.049871e+01 4.840000e+01
   vertex -2.445424e+01 -3.955047e+01 4.840000e+01
   vertex -2.353995e+01 -4.010138e+01 5.440000e+01
  endloop
 endfacet
 facet normal 1.720918e-01 9.850809e-01 -2.522266e-04
  outer loop
   vertex -7.082575e+00 -4.595745e+01 4.840000e+01
   vertex -8.918650e+00 -4.563669e+01 4.840000e+01
   vertex -8.989906e+00 -4.562271e+01 5.440000e+01
  endloop
 endfacet
 facet normal 1.324750e-01 9.911863e-01 -3.832269e-04
  outer loop
   vertex -5.235121e+00 -4.620437e+01 4.840000e+01
   vertex -7.082575e+00 -4.595745e+01 4.840000e+01
   vertex -5.127429e+00 -4.621644e+01 5.440000e+01
  endloop
 endfacet
 facet normal 5.266824e-02 9.986114e-01 -1.115990e-03
  outer loop
   vertex -3.379255e+00 -4.637705e+01 4.840000e+01
   vertex -1.228739e+00 -4.648376e+01 5.440000e+01
   vertex -1.517961e+00 -4.647522e+01 4.840000e+01
  endloop
 endfacet
 facet normal 9.264531e-02 9.956991e-01 3.407423e-04
  outer loop
   vertex -5.127429e+00 -4.621644e+01 5.440000e+01
   vertex -3.379255e+00 -4.637705e+01 4.840000e+01
   vertex -5.235121e+00 -4.620437e+01 4.840000e+01
  endloop
 endfacet
 facet normal 1.260731e-02 9.999202e-01 8.169576e-04
  outer loop
   vertex 3.457729e-01 -4.649871e+01 4.840000e+01
   vertex -1.517961e+00 -4.647522e+01 4.840000e+01
   vertex -1.228739e+00 -4.648376e+01 5.440000e+01
  endloop
 endfacet
 facet normal -2.747611e-02 9.996205e-01 -1.967485e-03
  outer loop
   vertex 3.457729e-01 -4.649871e+01 4.840000e+01
   vertex 2.678630e+00 -4.642278e+01 5.440000e+01
   vertex 2.208951e+00 -4.644750e+01 4.840000e+01
  endloop
 endfacet
 facet normal 2.114303e-01 9.773930e-01 2.328810e-04
  outer loop
   vertex -8.989906e+00 -4.562271e+01 5.440000e+01
   vertex -8.918650e+00 -4.563669e+01 4.840000e+01
   vertex -1.074039e+01 -4.524261e+01 4.840000e+01
  endloop
 endfacet
 facet normal -6.751253e-02 9.977177e-01 1.174397e-03
  outer loop
   vertex 4.068580e+00 -4.632167e+01 4.840000e+01
   vertex 2.208951e+00 -4.644750e+01 4.840000e+01
   vertex 2.678630e+00 -4.642278e+01 5.440000e+01
  endloop
 endfacet
 facet normal -1.472004e-01 9.891057e-01 1.415639e-03
  outer loop
   vertex 7.765250e+00 -4.584704e+01 4.840000e+01
   vertex 5.921672e+00 -4.612140e+01 4.840000e+01
   vertex 6.567080e+00 -4.603394e+01 5.440000e+01
  endloop
 endfacet
 facet normal -1.074441e-01 9.942068e-01 -2.935232e-03
  outer loop
   vertex 5.921672e+00 -4.612140e+01 4.840000e+01
   vertex 4.068580e+00 -4.632167e+01 4.840000e+01
   vertex 6.567080e+00 -4.603394e+01 5.440000e+01
  endloop
 endfacet
 facet normal -2.259427e-01 9.741394e-01 1.538873e-03
  outer loop
   vertex 1.141203e+01 -4.507788e+01 4.840000e+01
   vertex 9.596351e+00 -4.549901e+01 4.840000e+01
   vertex 1.040915e+01 -4.531997e+01 5.440000e+01
  endloop
 endfacet
 facet normal -3.032320e-01 9.529155e-01 1.544635e-03
  outer loop
   vertex 1.498551e+01 -4.401914e+01 4.840000e+01
   vertex 1.320938e+01 -4.458433e+01 4.840000e+01
   vertex 1.417770e+01 -4.428592e+01 5.440000e+01
  endloop
 endfacet
 facet normal -2.647949e-01 9.642906e-01 -5.224342e-03
  outer loop
   vertex 1.320938e+01 -4.458433e+01 4.840000e+01
   vertex 1.141203e+01 -4.507788e+01 4.840000e+01
   vertex 1.417770e+01 -4.428592e+01 5.440000e+01
  endloop
 endfacet
 facet normal -1.867198e-01 9.824050e-01 -4.021168e-03
  outer loop
   vertex 9.596351e+00 -4.549901e+01 4.840000e+01
   vertex 7.765250e+00 -4.584704e+01 4.840000e+01
   vertex 1.040915e+01 -4.531997e+01 5.440000e+01
  endloop
 endfacet
 facet normal -3.411743e-01 9.399909e-01 -4.138348e-03
  outer loop
   vertex 1.498551e+01 -4.401914e+01 4.840000e+01
   vertex 1.417770e+01 -4.428592e+01 5.440000e+01
   vertex 1.673755e+01 -4.338322e+01 4.840000e+01
  endloop
 endfacet
 facet normal 6.991640e-01 7.149372e-01 5.863212e-03
  outer loop
   vertex -3.317144e+01 -3.258689e+01 4.840000e+01
   vertex -3.288047e+01 -3.288047e+01 4.950000e+01
   vertex -3.183886e+01 -3.389008e+01 4.840000e+01
  endloop
 endfacet
 facet normal -3.785727e-01 9.255704e-01 1.433476e-03
  outer loop
   vertex 1.846271e+01 -4.267761e+01 4.840000e+01
   vertex 1.673755e+01 -4.338322e+01 4.840000e+01
   vertex 1.784612e+01 -4.293909e+01 5.440000e+01
  endloop
 endfacet
 facet normal -4.153602e-01 9.096519e-01 -3.040714e-03
  outer loop
   vertex 2.015820e+01 -4.190342e+01 4.840000e+01
   vertex 1.846271e+01 -4.267761e+01 4.840000e+01
   vertex 1.784612e+01 -4.293909e+01 5.440000e+01
  endloop
 endfacet
 facet normal -4.868788e-01 8.734671e-01 -2.060691e-03
  outer loop
   vertex 2.344935e+01 -4.015443e+01 4.840000e+01
   vertex 2.182130e+01 -4.106191e+01 4.840000e+01
   vertex 2.138850e+01 -4.128901e+01 5.440000e+01
  endloop
 endfacet
 facet normal -5.552674e-01 8.316710e-01 -1.197563e-03
  outer loop
   vertex 2.658985e+01 -3.814747e+01 4.840000e+01
   vertex 2.503971e+01 -3.918243e+01 4.840000e+01
   vertex 2.477982e+01 -3.934731e+01 5.440000e+01
  endloop
 endfacet
 facet normal -5.214922e-01 8.532556e-01 8.585708e-04
  outer loop
   vertex 2.503971e+01 -3.918243e+01 4.840000e+01
   vertex 2.344935e+01 -4.015443e+01 4.840000e+01
   vertex 2.477982e+01 -3.934731e+01 5.440000e+01
  endloop
 endfacet
 facet normal -4.514824e-01 8.922792e-01 1.204596e-03
  outer loop
   vertex 2.182130e+01 -4.106191e+01 4.840000e+01
   vertex 2.015820e+01 -4.190342e+01 4.840000e+01
   vertex 2.138850e+01 -4.128901e+01 5.440000e+01
  endloop
 endfacet
 facet normal -6.200895e-01 7.845310e-01 -4.520799e-04
  outer loop
   vertex 2.955954e+01 -3.589545e+01 4.840000e+01
   vertex 2.809727e+01 -3.705123e+01 4.840000e+01
   vertex 2.799613e+01 -3.712771e+01 5.440000e+01
  endloop
 endfacet
 facet normal -6.809281e-01 7.323478e-01 1.912522e-03
  outer loop
   vertex 3.233933e+01 -3.341283e+01 4.840000e+01
   vertex 3.097432e+01 -3.468201e+01 4.840000e+01
   vertex 3.212362e+01 -3.362029e+01 5.103432e+01
  endloop
 endfacet
 facet normal -6.510324e-01 7.590500e-01 -1.864300e-04
  outer loop
   vertex 3.097432e+01 -3.468201e+01 4.840000e+01
   vertex 2.955954e+01 -3.589545e+01 4.840000e+01
   vertex 3.101471e+01 -3.464589e+01 5.440000e+01
  endloop
 endfacet
 facet normal -7.373921e-01 6.754648e-01 4.692789e-04
  outer loop
   vertex 3.491137e+01 -3.071557e+01 4.840000e+01
   vertex 3.365239e+01 -3.208998e+01 4.840000e+01
   vertex 3.370216e+01 -3.203771e+01 5.136589e+01
  endloop
 endfacet
 facet normal -7.891192e-01 6.142391e-01 1.079832e-03
  outer loop
   vertex 3.725914e+01 -2.782098e+01 4.840000e+01
   vertex 3.611427e+01 -2.929181e+01 4.840000e+01
   vertex 3.637496e+01 -2.896743e+01 5.440000e+01
  endloop
 endfacet
 facet normal -7.638692e-01 6.453688e-01 -1.700197e-03
  outer loop
   vertex 3.611427e+01 -2.929181e+01 4.840000e+01
   vertex 3.491137e+01 -3.071557e+01 4.840000e+01
   vertex 3.637496e+01 -2.896743e+01 5.440000e+01
  endloop
 endfacet
 facet normal -7.097069e-01 7.044493e-01 8.200391e-03
  outer loop
   vertex 3.365239e+01 -3.208998e+01 4.840000e+01
   vertex 3.233933e+01 -3.341283e+01 4.840000e+01
   vertex 3.288047e+01 -3.288047e+01 4.950000e+01
  endloop
 endfacet
 facet normal -5.881519e-01 8.087504e-01 3.949850e-04
  outer loop
   vertex 2.809727e+01 -3.705123e+01 4.840000e+01
   vertex 2.658985e+01 -3.814747e+01 4.840000e+01
   vertex 2.799613e+01 -3.712771e+01 5.440000e+01
  endloop
 endfacet
 facet normal -8.357765e-01 5.490681e-01 1.355876e-03
  outer loop
   vertex 3.936754e+01 -2.474766e+01 4.840000e+01
   vertex 3.834414e+01 -2.630545e+01 4.840000e+01
   vertex 3.867877e+01 -2.581090e+01 5.440000e+01
  endloop
 endfacet
 facet normal -8.571041e-01 5.151300e-01 -3.683748e-03
  outer loop
   vertex 4.032769e+01 -2.315011e+01 4.840000e+01
   vertex 3.936754e+01 -2.474766e+01 4.840000e+01
   vertex 4.070941e+01 -2.247207e+01 5.440000e+01
  endloop
 endfacet
 facet normal -8.956018e-01 4.448302e-01 -4.851616e-03
  outer loop
   vertex 4.205216e+01 -1.984605e+01 4.840000e+01
   vertex 4.122304e+01 -2.151537e+01 4.840000e+01
   vertex 4.245253e+01 -1.897453e+01 5.440000e+01
  endloop
 endfacet
 facet normal -9.283514e-01 3.716766e-01 -4.489447e-03
  outer loop
   vertex 4.350648e+01 -1.641449e+01 4.840000e+01
   vertex 4.281372e+01 -1.814485e+01 4.840000e+01
   vertex 4.245253e+01 -1.897453e+01 5.440000e+01
  endloop
 endfacet
 facet normal -9.127190e-01 4.085848e-01 1.555309e-03
  outer loop
   vertex 4.281372e+01 -1.814485e+01 4.840000e+01
   vertex 4.205216e+01 -1.984605e+01 4.840000e+01
   vertex 4.245253e+01 -1.897453e+01 5.440000e+01
  endloop
 endfacet
 facet normal -8.770643e-01 4.803706e-01 1.514163e-03
  outer loop
   vertex 4.122304e+01 -2.151537e+01 4.840000e+01
   vertex 4.032769e+01 -2.315011e+01 4.840000e+01
   vertex 4.070941e+01 -2.247207e+01 5.440000e+01
  endloop
 endfacet
 facet normal -9.551396e-01 2.961369e-01 -3.356824e-03
  outer loop
   vertex 4.468132e+01 -1.287749e+01 4.840000e+01
   vertex 4.412935e+01 -1.465777e+01 4.840000e+01
   vertex 4.389582e+01 -1.534298e+01 5.440000e+01
  endloop
 endfacet
 facet normal -9.757913e-01 2.186912e-01 -2.341766e-03
  outer loop
   vertex 4.556911e+01 -9.257756e+00 4.840000e+01
   vertex 4.516150e+01 -1.107652e+01 4.840000e+01
   vertex 4.502909e+01 -1.160307e+01 5.440000e+01
  endloop
 endfacet
 facet normal -9.662452e-01 2.576209e-01 1.285313e-03
  outer loop
   vertex 4.516150e+01 -1.107652e+01 4.840000e+01
   vertex 4.468132e+01 -1.287749e+01 4.840000e+01
   vertex 4.502909e+01 -1.160307e+01 5.440000e+01
  endloop
 endfacet
 facet normal -9.901727e-01 1.398427e-01 -1.443168e-03
  outer loop
   vertex 4.616416e+01 -5.578550e+00 4.840000e+01
   vertex 4.590351e+01 -7.424118e+00 4.840000e+01
   vertex 4.584433e+01 -7.781210e+00 5.440000e+01
  endloop
 endfacet
 facet normal -9.981927e-01 6.009143e-02 -6.635214e-04
  outer loop
   vertex 4.646264e+01 -1.863507e+00 4.840000e+01
   vertex 4.635064e+01 -3.724020e+00 4.840000e+01
   vertex 4.633579e+01 -3.904393e+00 5.440000e+01
  endloop
 endfacet
 facet normal -9.949825e-01 1.000480e-01 5.455997e-04
  outer loop
   vertex 4.635064e+01 -3.724020e+00 4.840000e+01
   vertex 4.616416e+01 -5.578550e+00 4.840000e+01
   vertex 4.633579e+01 -3.904393e+00 5.440000e+01
  endloop
 endfacet
 facet normal -9.837738e-01 1.794106e-01 9.748423e-04
  outer loop
   vertex 4.590351e+01 -7.424118e+00 4.840000e+01
   vertex 4.556911e+01 -9.257756e+00 4.840000e+01
   vertex 4.584433e+01 -7.781210e+00 5.440000e+01
  endloop
 endfacet
 facet normal -9.425091e-01 3.341773e-01 1.479112e-03
  outer loop
   vertex 4.412935e+01 -1.465777e+01 4.840000e+01
   vertex 4.350648e+01 -1.641449e+01 4.840000e+01
   vertex 4.389582e+01 -1.534298e+01 5.440000e+01
  endloop
 endfacet
 facet normal -8.130994e-01 5.821189e-01 -2.633111e-03
  outer loop
   vertex 3.834414e+01 -2.630545e+01 4.840000e+01
   vertex 3.725914e+01 -2.782098e+01 4.840000e+01
   vertex 3.867877e+01 -2.581090e+01 5.440000e+01
  endloop
 endfacet
 facet normal -9.997991e-01 2.004276e-02 -5.558901e-18
  outer loop
   vertex 4.650000e+01 -8.320563e-16 4.840000e+01
   vertex 4.646264e+01 -1.863507e+00 4.840000e+01
   vertex 4.650000e+01 0.000000e+00 5.140000e+01
  endloop
 endfacet
 facet normal 6.951894e-01 7.188237e-01 2.051131e-03
  outer loop
   vertex -3.227499e+01 -3.347499e+01 5.075147e+01
   vertex -3.183886e+01 -3.389008e+01 4.840000e+01
   vertex -3.257909e+01 -3.317910e+01 5.012575e+01
  endloop
 endfacet
 facet normal 7.097883e-01 7.044150e-01 -3.483013e-04
  outer loop
   vertex -3.312586e+01 -3.263323e+01 5.274833e+01
   vertex -3.280176e+01 -3.295898e+01 5.440000e+01
   vertex -3.288047e+01 -3.288047e+01 5.280000e+01
  endloop
 endfacet
 facet normal 7.044700e-01 7.097337e-01 1.743288e-04
  outer loop
   vertex -3.263323e+01 -3.312586e+01 5.274833e+01
   vertex -3.288047e+01 -3.288047e+01 5.280000e+01
   vertex -3.280176e+01 -3.295898e+01 5.440000e+01
  endloop
 endfacet
 facet normal 6.990364e-01 7.150855e-01 -9.207991e-04
  outer loop
   vertex -3.280176e+01 -3.295898e+01 5.440000e+01
   vertex -3.240567e+01 -3.334850e+01 5.259776e+01
   vertex -3.263323e+01 -3.312586e+01 5.274833e+01
  endloop
 endfacet
 facet normal 6.924193e-01 7.214855e-01 -3.758326e-03
  outer loop
   vertex -3.221800e+01 -3.352984e+01 5.236127e+01
   vertex -3.240567e+01 -3.334850e+01 5.259776e+01
   vertex -3.280176e+01 -3.295898e+01 5.440000e+01
  endloop
 endfacet
 facet normal 6.749479e-01 7.377453e-01 -1.331381e-02
  outer loop
   vertex -3.280176e+01 -3.295898e+01 5.440000e+01
   vertex -2.991851e+01 -3.559681e+01 5.440000e+01
   vertex -3.221800e+01 -3.352984e+01 5.236127e+01
  endloop
 endfacet
 facet normal 6.892729e-01 7.245018e-01 3.086997e-04
  outer loop
   vertex -3.183886e+01 -3.389008e+01 4.840000e+01
   vertex -3.212362e+01 -3.362029e+01 5.103432e+01
   vertex -3.203771e+01 -3.370216e+01 5.136589e+01
  endloop
 endfacet
 facet normal 6.106637e-01 7.918695e-01 -5.709481e-03
  outer loop
   vertex -2.902245e+01 -3.633108e+01 4.840000e+01
   vertex -2.991851e+01 -3.559681e+01 5.440000e+01
   vertex -2.682396e+01 -3.798323e+01 5.440000e+01
  endloop
 endfacet
 facet normal 6.732147e-01 7.394464e-01 1.044445e-03
  outer loop
   vertex -3.203771e+01 -3.370216e+01 5.136589e+01
   vertex -3.202518e+01 -3.371406e+01 5.171762e+01
   vertex -3.045512e+01 -3.513881e+01 4.840000e+01
  endloop
 endfacet
 facet normal 5.420179e-01 8.403493e-01 -5.434475e-03
  outer loop
   vertex -2.682396e+01 -3.798323e+01 5.440000e+01
   vertex -2.353995e+01 -4.010138e+01 5.440000e+01
   vertex -2.445424e+01 -3.955047e+01 4.840000e+01
  endloop
 endfacet
 facet normal 6.750122e-01 7.376840e-01 -1.344855e-02
  outer loop
   vertex -3.221800e+01 -3.352984e+01 5.236127e+01
   vertex -2.991851e+01 -3.559681e+01 5.440000e+01
   vertex -3.208718e+01 -3.365506e+01 5.205922e+01
  endloop
 endfacet
 facet normal 6.708275e-01 7.415864e-01 -6.334345e-03
  outer loop
   vertex -2.991851e+01 -3.559681e+01 5.440000e+01
   vertex -3.202518e+01 -3.371406e+01 5.171762e+01
   vertex -3.208718e+01 -3.365506e+01 5.205922e+01
  endloop
 endfacet
 facet normal 6.684989e-01 7.437070e-01 -3.017024e-03
  outer loop
   vertex -3.045512e+01 -3.513881e+01 4.840000e+01
   vertex -3.202518e+01 -3.371406e+01 5.171762e+01
   vertex -2.991851e+01 -3.559681e+01 5.440000e+01
  endloop
 endfacet
 facet normal 6.916845e-01 7.221993e-01 8.051881e-04
  outer loop
   vertex -3.183886e+01 -3.389008e+01 4.840000e+01
   vertex -3.227499e+01 -3.347499e+01 5.075147e+01
   vertex -3.212362e+01 -3.362029e+01 5.103432e+01
  endloop
 endfacet
 facet normal -9.950138e-02 9.950176e-01 -6.281591e-03
  outer loop
   vertex 6.567080e+00 -4.603394e+01 5.440000e+01
   vertex 4.068580e+00 -4.632167e+01 4.840000e+01
   vertex 2.678630e+00 -4.642278e+01 5.440000e+01
  endloop
 endfacet
 facet normal 6.840508e-02 9.976346e-01 -6.773754e-03
  outer loop
   vertex -1.228739e+00 -4.648376e+01 5.440000e+01
   vertex -3.379255e+00 -4.637705e+01 4.840000e+01
   vertex -5.127429e+00 -4.621644e+01 5.440000e+01
  endloop
 endfacet
 facet normal 4.695422e-01 8.828900e-01 -5.951701e-03
  outer loop
   vertex -2.008969e+01 -4.193631e+01 5.440000e+01
   vertex -2.120824e+01 -4.138189e+01 4.840000e+01
   vertex -2.353995e+01 -4.010138e+01 5.440000e+01
  endloop
 endfacet
 facet normal 3.937512e-01 9.191951e-01 -6.350969e-03
  outer loop
   vertex -1.649755e+01 -4.347506e+01 5.440000e+01
   vertex -1.782598e+01 -4.294746e+01 4.840000e+01
   vertex -2.008969e+01 -4.193631e+01 5.440000e+01
  endloop
 endfacet
 facet normal 2.343814e-01 9.721210e-01 -6.797025e-03
  outer loop
   vertex -8.989906e+00 -4.562271e+01 5.440000e+01
   vertex -1.074039e+01 -4.524261e+01 4.840000e+01
   vertex -1.278889e+01 -4.470676e+01 5.440000e+01
  endloop
 endfacet
 facet normal -1.560462e-02 9.998565e-01 -6.586218e-03
  outer loop
   vertex 3.457729e-01 -4.649871e+01 4.840000e+01
   vertex -1.228739e+00 -4.648376e+01 5.440000e+01
   vertex 2.678630e+00 -4.642278e+01 5.440000e+01
  endloop
 endfacet
 facet normal 1.519305e-01 9.883675e-01 -6.844627e-03
  outer loop
   vertex -8.989906e+00 -4.562271e+01 5.440000e+01
   vertex -5.127429e+00 -4.621644e+01 5.440000e+01
   vertex -7.082575e+00 -4.595745e+01 4.840000e+01
  endloop
 endfacet
 facet normal 3.151799e-01 9.490088e-01 -6.632556e-03
  outer loop
   vertex -1.649755e+01 -4.347506e+01 5.440000e+01
   vertex -1.278889e+01 -4.470676e+01 5.440000e+01
   vertex -1.432922e+01 -4.423713e+01 4.840000e+01
  endloop
 endfacet
 facet normal -2.646050e-01 9.643422e-01 -5.318723e-03
  outer loop
   vertex 1.141203e+01 -4.507788e+01 4.840000e+01
   vertex 1.040915e+01 -4.531997e+01 5.440000e+01
   vertex 1.417770e+01 -4.428592e+01 5.440000e+01
  endloop
 endfacet
 facet normal -4.222423e-01 9.064615e-01 -6.243402e-03
  outer loop
   vertex 2.015820e+01 -4.190342e+01 4.840000e+01
   vertex 1.784612e+01 -4.293909e+01 5.440000e+01
   vertex 2.138850e+01 -4.128901e+01 5.440000e+01
  endloop
 endfacet
 facet normal -3.446407e-01 9.387167e-01 -5.808970e-03
  outer loop
   vertex 1.784612e+01 -4.293909e+01 5.440000e+01
   vertex 1.673755e+01 -4.338322e+01 4.840000e+01
   vertex 1.417770e+01 -4.428592e+01 5.440000e+01
  endloop
 endfacet
 facet normal -5.679719e-01 8.230202e-01 -6.760101e-03
  outer loop
   vertex 2.658985e+01 -3.814747e+01 4.840000e+01
   vertex 2.477982e+01 -3.934731e+01 5.440000e+01
   vertex 2.799613e+01 -3.712771e+01 5.440000e+01
  endloop
 endfacet
 facet normal -6.777272e-01 7.353134e-01 1.361638e-04
  outer loop
   vertex 3.202518e+01 -3.371406e+01 5.171762e+01
   vertex 3.097432e+01 -3.468201e+01 4.840000e+01
   vertex 3.101471e+01 -3.464589e+01 5.440000e+01
  endloop
 endfacet
 facet normal -6.350714e-01 7.724232e-01 -6.842540e-03
  outer loop
   vertex 3.101471e+01 -3.464589e+01 5.440000e+01
   vertex 2.955954e+01 -3.589545e+01 4.840000e+01
   vertex 2.799613e+01 -3.712771e+01 5.440000e+01
  endloop
 endfacet
 facet normal -4.968617e-01 8.678049e-01 -6.560294e-03
  outer loop
   vertex 2.477982e+01 -3.934731e+01 5.440000e+01
   vertex 2.344935e+01 -4.015443e+01 4.840000e+01
   vertex 2.138850e+01 -4.128901e+01 5.440000e+01
  endloop
 endfacet
 facet normal -1.826987e-01 9.831515e-01 -5.858650e-03
  outer loop
   vertex 1.040915e+01 -4.531997e+01 5.440000e+01
   vertex 7.765250e+00 -4.584704e+01 4.840000e+01
   vertex 6.567080e+00 -4.603394e+01 5.440000e+01
  endloop
 endfacet
 facet normal -6.816996e-01 7.316275e-01 -2.640695e-03
  outer loop
   vertex 3.101471e+01 -3.464589e+01 5.440000e+01
   vertex 3.208718e+01 -3.365506e+01 5.205922e+01
   vertex 3.202518e+01 -3.371406e+01 5.171762e+01
  endloop
 endfacet
 facet normal -6.828431e-01 7.305569e-01 3.469775e-03
  outer loop
   vertex 3.203771e+01 -3.370216e+01 5.136589e+01
   vertex 3.212362e+01 -3.362029e+01 5.103432e+01
   vertex 3.097432e+01 -3.468201e+01 4.840000e+01
  endloop
 endfacet
 facet normal -6.923428e-01 7.215687e-01 1.289609e-04
  outer loop
   vertex 3.212362e+01 -3.362029e+01 5.103432e+01
   vertex 3.227499e+01 -3.347499e+01 5.075147e+01
   vertex 3.233933e+01 -3.341283e+01 4.840000e+01
  endloop
 endfacet
 facet normal -6.786577e-01 7.344544e-01 6.815470e-04
  outer loop
   vertex 3.097432e+01 -3.468201e+01 4.840000e+01
   vertex 3.202518e+01 -3.371406e+01 5.171762e+01
   vertex 3.203771e+01 -3.370216e+01 5.136589e+01
  endloop
 endfacet
 facet normal -6.849156e-01 7.286025e-01 -5.394629e-03
  outer loop
   vertex 3.101471e+01 -3.464589e+01 5.440000e+01
   vertex 3.221800e+01 -3.352984e+01 5.236127e+01
   vertex 3.208718e+01 -3.365506e+01 5.205922e+01
  endloop
 endfacet
 facet normal -6.975151e-01 7.165701e-01 -1.446976e-04
  outer loop
   vertex 3.233933e+01 -3.341283e+01 4.840000e+01
   vertex 3.227499e+01 -3.347499e+01 5.075147e+01
   vertex 3.257909e+01 -3.317910e+01 5.012574e+01
  endloop
 endfacet
 facet normal -7.174253e-01 6.966351e-01 6.873111e-04
  outer loop
   vertex 3.347499e+01 -3.227499e+01 5.075147e+01
   vertex 3.365239e+01 -3.208998e+01 4.840000e+01
   vertex 3.317910e+01 -3.257909e+01 5.012575e+01
  endloop
 endfacet
 facet normal -7.238835e-01 6.899222e-01 -1.221461e-05
  outer loop
   vertex 3.365239e+01 -3.208998e+01 4.840000e+01
   vertex 3.362029e+01 -3.212362e+01 5.103432e+01
   vertex 3.370216e+01 -3.203771e+01 5.136589e+01
  endloop
 endfacet
 facet normal -7.214939e-01 6.924208e-01 4.880410e-05
  outer loop
   vertex 3.347499e+01 -3.227499e+01 5.075147e+01
   vertex 3.362029e+01 -3.212362e+01 5.103432e+01
   vertex 3.365239e+01 -3.208998e+01 4.840000e+01
  endloop
 endfacet
 facet normal -7.228544e-01 6.910003e-01 -3.764642e-04
  outer loop
   vertex 3.365506e+01 -3.208718e+01 5.205922e+01
   vertex 3.352984e+01 -3.221800e+01 5.236127e+01
   vertex 3.381424e+01 -3.191938e+01 5.440000e+01
  endloop
 endfacet
 facet normal -7.247097e-01 6.890543e-01 -1.107919e-04
  outer loop
   vertex 3.381424e+01 -3.191938e+01 5.440000e+01
   vertex 3.371406e+01 -3.202518e+01 5.171762e+01
   vertex 3.365506e+01 -3.208718e+01 5.205922e+01
  endloop
 endfacet
 facet normal -7.369518e-01 6.759448e-01 8.627380e-04
  outer loop
   vertex 3.370216e+01 -3.203771e+01 5.136589e+01
   vertex 3.371406e+01 -3.202518e+01 5.171762e+01
   vertex 3.491137e+01 -3.071557e+01 4.840000e+01
  endloop
 endfacet
 facet normal -9.292828e-01 3.693257e-01 -5.656107e-03
  outer loop
   vertex 4.350648e+01 -1.641449e+01 4.840000e+01
   vertex 4.245253e+01 -1.897453e+01 5.440000e+01
   vertex 4.389582e+01 -1.534298e+01 5.440000e+01
  endloop
 endfacet
 facet normal -7.133923e-01 7.007587e-01 2.962076e-03
  outer loop
   vertex 3.365239e+01 -3.208998e+01 4.840000e+01
   vertex 3.288047e+01 -3.288047e+01 4.950000e+01
   vertex 3.317910e+01 -3.257909e+01 5.012575e+01
  endloop
 endfacet
 facet normal -9.997991e-01 2.004276e-02 -4.963759e-18
  outer loop
   vertex 4.646264e+01 -1.863507e+00 4.840000e+01
   vertex 4.650000e+01 8.320563e-16 5.440000e+01
   vertex 4.650000e+01 0.000000e+00 5.140000e+01
  endloop
 endfacet
 facet normal -7.158966e-01 6.981980e-01 -3.387377e-03
  outer loop
   vertex 3.381424e+01 -3.191938e+01 5.440000e+01
   vertex 3.334850e+01 -3.240567e+01 5.259776e+01
   vertex 3.312586e+01 -3.263323e+01 5.274833e+01
  endloop
 endfacet
 facet normal -7.025154e-01 7.114568e-01 -1.736168e-02
  outer loop
   vertex 3.381424e+01 -3.191938e+01 5.440000e+01
   vertex 3.288047e+01 -3.288047e+01 5.280000e+01
   vertex 3.263323e+01 -3.312586e+01 5.274833e+01
  endloop
 endfacet
 facet normal -7.105591e-01 7.035927e-01 -7.943522e-03
  outer loop
   vertex 3.312586e+01 -3.263323e+01 5.274833e+01
   vertex 3.288047e+01 -3.288047e+01 5.280000e+01
   vertex 3.381424e+01 -3.191938e+01 5.440000e+01
  endloop
 endfacet
 facet normal -7.199063e-01 6.940702e-01 -1.237376e-03
  outer loop
   vertex 3.334850e+01 -3.240567e+01 5.259776e+01
   vertex 3.381424e+01 -3.191938e+01 5.440000e+01
   vertex 3.352984e+01 -3.221800e+01 5.236127e+01
  endloop
 endfacet
 facet normal -6.974942e-01 7.161749e-01 -2.439841e-02
  outer loop
   vertex 3.263323e+01 -3.312586e+01 5.274833e+01
   vertex 3.101471e+01 -3.464589e+01 5.440000e+01
   vertex 3.381424e+01 -3.191938e+01 5.440000e+01
  endloop
 endfacet
 facet normal -7.369509e-01 6.759457e-01 8.634140e-04
  outer loop
   vertex 3.491137e+01 -3.071557e+01 4.840000e+01
   vertex 3.371406e+01 -3.202518e+01 5.171762e+01
   vertex 3.381424e+01 -3.191938e+01 5.440000e+01
  endloop
 endfacet
 facet normal -6.935451e-01 7.202171e-01 -1.680845e-02
  outer loop
   vertex 3.240567e+01 -3.334850e+01 5.259776e+01
   vertex 3.101471e+01 -3.464589e+01 5.440000e+01
   vertex 3.263323e+01 -3.312586e+01 5.274833e+01
  endloop
 endfacet
 facet normal -7.553727e-01 6.552616e-01 -6.655073e-03
  outer loop
   vertex 3.381424e+01 -3.191938e+01 5.440000e+01
   vertex 3.637496e+01 -2.896743e+01 5.440000e+01
   vertex 3.491137e+01 -3.071557e+01 4.840000e+01
  endloop
 endfacet
 facet normal -8.543756e-01 5.196213e-01 -5.997347e-03
  outer loop
   vertex 3.867877e+01 -2.581090e+01 5.440000e+01
   vertex 4.070941e+01 -2.247207e+01 5.440000e+01
   vertex 3.936754e+01 -2.474766e+01 4.840000e+01
  endloop
 endfacet
 facet normal -8.077264e-01 5.895230e-01 -6.384828e-03
  outer loop
   vertex 3.867877e+01 -2.581090e+01 5.440000e+01
   vertex 3.725914e+01 -2.782098e+01 4.840000e+01
   vertex 3.637496e+01 -2.896743e+01 5.440000e+01
  endloop
 endfacet
 facet normal -9.570090e-01 2.899934e-01 -6.126034e-03
  outer loop
   vertex 4.389582e+01 -1.534298e+01 5.440000e+01
   vertex 4.502909e+01 -1.160307e+01 5.440000e+01
   vertex 4.468132e+01 -1.287749e+01 4.840000e+01
  endloop
 endfacet
 facet normal -9.920381e-01 1.257593e-01 -6.712758e-03
  outer loop
   vertex 4.584433e+01 -7.781210e+00 5.440000e+01
   vertex 4.633579e+01 -3.904393e+00 5.440000e+01
   vertex 4.616416e+01 -5.578550e+00 4.840000e+01
  endloop
 endfacet
 facet normal -9.779767e-01 2.086136e-01 -6.477667e-03
  outer loop
   vertex 4.556911e+01 -9.257756e+00 4.840000e+01
   vertex 4.502909e+01 -1.160307e+01 5.440000e+01
   vertex 4.584433e+01 -7.781210e+00 5.440000e+01
  endloop
 endfacet
 facet normal -8.949914e-01 4.460495e-01 -5.493034e-03
  outer loop
   vertex 4.122304e+01 -2.151537e+01 4.840000e+01
   vertex 4.070941e+01 -2.247207e+01 5.440000e+01
   vertex 4.245253e+01 -1.897453e+01 5.440000e+01
  endloop
 endfacet
 facet normal -9.990935e-01 4.201898e-02 -6.829868e-03
  outer loop
   vertex 4.646264e+01 -1.863507e+00 4.840000e+01
   vertex 4.633579e+01 -3.904393e+00 5.440000e+01
   vertex 4.650000e+01 8.320563e-16 5.440000e+01
  endloop
 endfacet
 facet normal -6.886176e-01 7.250622e-01 -9.517666e-03
  outer loop
   vertex 3.101471e+01 -3.464589e+01 5.440000e+01
   vertex 3.240567e+01 -3.334850e+01 5.259776e+01
   vertex 3.221800e+01 -3.352984e+01 5.236127e+01
  endloop
 endfacet
 facet normal -7.025797e-01 7.116040e-01 1.231541e-03
  outer loop
   vertex 3.257909e+01 -3.317910e+01 5.012574e+01
   vertex 3.288047e+01 -3.288047e+01 4.950000e+01
   vertex 3.233933e+01 -3.341283e+01 4.840000e+01
  endloop
 endfacet
 facet normal -9.090318e-01 4.167268e-01 0.000000e+00
  outer loop
   vertex -4.619398e+01 1.913417e+01 4.482207e+01
   vertex -4.464650e+01 2.250978e+01 4.482207e+01
   vertex -4.464650e+01 2.250978e+01 4.436103e+01
  endloop
 endfacet
 facet normal -9.374530e-01 3.481119e-01 0.000000e+00
  outer loop
   vertex -4.748666e+01 1.565302e+01 4.482207e+01
   vertex -4.619398e+01 1.913417e+01 4.482207e+01
   vertex -4.619398e+01 1.913417e+01 4.436103e+01
  endloop
 endfacet
 facet normal -8.642740e-01 4.908501e-01 1.099851e-01
  outer loop
   vertex -4.464650e+01 2.250978e+01 4.436103e+01
   vertex -4.285276e+01 2.576123e+01 4.394559e+01
   vertex -4.407549e+01 2.360829e+01 4.394559e+01
  endloop
 endfacet
 facet normal -9.065676e-01 4.155971e-01 7.358105e-02
  outer loop
   vertex -4.519014e+01 2.139747e+01 4.394559e+01
   vertex -4.619398e+01 1.913417e+01 4.436103e+01
   vertex -4.464650e+01 2.250978e+01 4.436103e+01
  endloop
 endfacet
 facet normal -8.923226e-01 4.498896e-01 -3.687572e-02
  outer loop
   vertex -4.407549e+01 2.360829e+01 4.394559e+01
   vertex -4.519014e+01 2.139747e+01 4.394559e+01
   vertex -4.464650e+01 2.250978e+01 4.436103e+01
  endloop
 endfacet
 facet normal -9.141211e-01 4.054412e-01 0.000000e+00
  outer loop
   vertex -4.619398e+01 1.913417e+01 4.394559e+01
   vertex -4.619398e+01 1.913417e+01 4.436103e+01
   vertex -4.519014e+01 2.139747e+01 4.394559e+01
  endloop
 endfacet
 facet normal -8.772371e-01 4.765905e-01 -5.758889e-02
  outer loop
   vertex -4.381576e+01 2.408692e+01 4.475851e+01
   vertex -4.285276e+01 2.576123e+01 4.394559e+01
   vertex -4.464650e+01 2.250978e+01 4.436103e+01
  endloop
 endfacet
 facet normal -8.845801e-01 4.663034e-01 8.900269e-03
  outer loop
   vertex -4.474908e+01 2.230515e+01 4.534765e+01
   vertex -4.381576e+01 2.408692e+01 4.475851e+01
   vertex -4.464650e+01 2.250978e+01 4.482207e+01
  endloop
 endfacet
 facet normal -8.847631e-01 4.660411e-01 0.000000e+00
  outer loop
   vertex -4.464650e+01 2.250978e+01 4.482207e+01
   vertex -4.381576e+01 2.408692e+01 4.475851e+01
   vertex -4.464650e+01 2.250978e+01 4.436103e+01
  endloop
 endfacet
 facet normal -8.833816e-01 3.659089e-01 -2.928270e-01
  outer loop
   vertex -4.710363e+01 1.677046e+01 4.553469e+01
   vertex -4.565561e+01 2.038542e+01 4.568356e+01
   vertex -4.474908e+01 2.230515e+01 4.534765e+01
  endloop
 endfacet
 facet normal -9.089271e-01 4.166788e-01 -1.517344e-02
  outer loop
   vertex -4.474908e+01 2.230515e+01 4.534765e+01
   vertex -4.464650e+01 2.250978e+01 4.482207e+01
   vertex -4.619398e+01 1.913417e+01 4.482207e+01
  endloop
 endfacet
 facet normal -9.330714e-01 3.596912e-01 0.000000e+00
  outer loop
   vertex -4.619398e+01 1.913417e+01 4.436103e+01
   vertex -4.619398e+01 1.913417e+01 4.394559e+01
   vertex -4.708455e+01 1.682396e+01 4.394559e+01
  endloop
 endfacet
 facet normal -9.490873e-01 3.128483e-01 -3.686921e-02
  outer loop
   vertex -4.785966e+01 1.447249e+01 4.394559e+01
   vertex -4.748666e+01 1.565302e+01 4.436103e+01
   vertex -4.708455e+01 1.682396e+01 4.394559e+01
  endloop
 endfacet
 facet normal -9.564497e-01 2.841349e-01 -6.686752e-02
  outer loop
   vertex -4.748666e+01 1.565302e+01 4.436103e+01
   vertex -4.851742e+01 1.208554e+01 4.394559e+01
   vertex -4.811596e+01 1.359612e+01 4.462207e+01
  endloop
 endfacet
 facet normal -9.582164e-01 2.640492e-01 1.099970e-01
  outer loop
   vertex -4.785966e+01 1.447249e+01 4.394559e+01
   vertex -4.851742e+01 1.208554e+01 4.394559e+01
   vertex -4.748666e+01 1.565302e+01 4.436103e+01
  endloop
 endfacet
 facet normal -9.562475e-01 2.925590e-01 0.000000e+00
  outer loop
   vertex -4.748666e+01 1.565302e+01 4.482207e+01
   vertex -4.748666e+01 1.565302e+01 4.436103e+01
   vertex -4.811596e+01 1.359612e+01 4.462207e+01
  endloop
 endfacet
 facet normal -9.097152e-01 3.916674e-01 1.378948e-01
  outer loop
   vertex -4.619398e+01 1.913417e+01 4.482207e+01
   vertex -4.710363e+01 1.677046e+01 4.553469e+01
   vertex -4.474908e+01 2.230515e+01 4.534765e+01
  endloop
 endfacet
 facet normal -8.833821e-01 3.659090e-01 -2.928254e-01
  outer loop
   vertex -4.648941e+01 1.840474e+01 4.572392e+01
   vertex -4.565561e+01 2.038542e+01 4.568356e+01
   vertex -4.710363e+01 1.677046e+01 4.553469e+01
  endloop
 endfacet
 facet normal -9.382074e-01 3.356722e-01 -8.420818e-02
  outer loop
   vertex -4.710363e+01 1.677046e+01 4.553469e+01
   vertex -4.619398e+01 1.913417e+01 4.482207e+01
   vertex -4.765095e+01 1.514552e+01 4.515535e+01
  endloop
 endfacet
 facet normal -9.352952e-01 3.473106e-01 6.781037e-02
  outer loop
   vertex -4.748666e+01 1.565302e+01 4.482207e+01
   vertex -4.765095e+01 1.514552e+01 4.515535e+01
   vertex -4.619398e+01 1.913417e+01 4.482207e+01
  endloop
 endfacet
 facet normal -9.553897e-01 2.944874e-01 -2.253202e-02
  outer loop
   vertex -4.811596e+01 1.359612e+01 4.462207e+01
   vertex -4.765095e+01 1.514552e+01 4.515535e+01
   vertex -4.748666e+01 1.565302e+01 4.482207e+01
  endloop
 endfacet
 facet normal -9.349116e-01 3.471682e-01 7.358402e-02
  outer loop
   vertex -4.708455e+01 1.682396e+01 4.394559e+01
   vertex -4.748666e+01 1.565302e+01 4.436103e+01
   vertex -4.619398e+01 1.913417e+01 4.436103e+01
  endloop
 endfacet
 facet normal 0.000000e+00 0.000000e+00 1.000000e+00
  outer loop
   vertex 1.055565e+01 4.887308e+01 4.840000e+01
   vertex 1.756091e+01 4.681468e+01 4.840000e+01
   vertex 1.435594e+01 4.789475e+01 4.840000e+01
  endloop
 endfacet
 facet normal 0.000000e+00 0.000000e+00 1.000000e+00
  outer loop
   vertex 1.435594e+01 4.789475e+01 4.840000e+01
   vertex 1.108529e+01 4.875568e+01 4.840000e+01
   vertex 1.055565e+01 4.887308e+01 4.840000e+01
  endloop
 endfacet
 facet normal 0.000000e+00 0.000000e+00 1.000000e+00
  outer loop
   vertex 2.068554e+01 4.552042e+01 4.840000e+01
   vertex 1.756091e+01 4.681468e+01 4.840000e+01
   vertex 1.055565e+01 4.887308e+01 4.840000e+01
  endloop
 endfacet
 facet normal 0.000000e+00 0.000000e+00 1.000000e+00
  outer loop
   vertex 2.663699e+01 4.231395e+01 4.840000e+01
   vertex 2.371552e+01 4.401789e+01 4.840000e+01
   vertex 1.055565e+01 4.887308e+01 4.840000e+01
  endloop
 endfacet
 facet normal 0.000000e+00 0.000000e+00 1.000000e+00
  outer loop
   vertex 2.371552e+01 4.401789e+01 4.840000e+01
   vertex 2.068554e+01 4.552042e+01 4.840000e+01
   vertex 1.055565e+01 4.887308e+01 4.840000e+01
  endloop
 endfacet
 facet normal 0.000000e+00 0.000000e+00 1.000000e+00
  outer loop
   vertex 2.709452e+01 4.202246e+01 4.840000e+01
   vertex 2.663699e+01 4.231395e+01 4.840000e+01
   vertex 1.055565e+01 4.887308e+01 4.840000e+01
  endloop
 endfacet
 facet normal 4.288020e-01 -9.032876e-01 -1.415571e-02
  outer loop
   vertex -1.935469e+01 4.228056e+01 4.805840e+01
   vertex -1.909535e+01 4.239832e+01 4.840000e+01
   vertex -2.077914e+01 4.159901e+01 4.840000e+01
  endloop
 endfacet
 facet normal 4.646644e-01 -8.853951e-01 -1.275077e-02
  outer loop
   vertex -2.100352e+01 4.148617e+01 4.805840e+01
   vertex -2.077914e+01 4.159901e+01 4.840000e+01
   vertex -2.242954e+01 4.073286e+01 4.840000e+01
  endloop
 endfacet
 facet normal 5.340975e-01 -8.453670e-01 -9.720633e-03
  outer loop
   vertex -2.420107e+01 3.970590e+01 4.805840e+01
   vertex -2.404391e+01 3.980126e+01 4.840000e+01
   vertex -2.561965e+01 3.880572e+01 4.840000e+01
  endloop
 endfacet
 facet normal 5.675574e-01 -8.232940e-01 -8.097711e-03
  outer loop
   vertex -2.574482e+01 3.872279e+01 4.805840e+01
   vertex -2.561965e+01 3.880572e+01 4.840000e+01
   vertex -2.715422e+01 3.774782e+01 4.840000e+01
  endloop
 endfacet
 facet normal 4.997842e-01 -8.660767e-01 -1.126694e-02
  outer loop
   vertex -2.261981e+01 4.062750e+01 4.805840e+01
   vertex -2.242954e+01 4.073286e+01 4.840000e+01
   vertex -2.404391e+01 3.980126e+01 4.840000e+01
  endloop
 endfacet
 facet normal 6.316815e-01 -7.752141e-01 -4.643086e-03
  outer loop
   vertex -2.871036e+01 3.657821e+01 4.805840e+01
   vertex -2.864517e+01 3.662928e+01 4.840000e+01
   vertex -3.009009e+01 3.545189e+01 4.840000e+01
  endloop
 endfacet
 facet normal 6.622467e-01 -7.492807e-01 -2.803194e-03
  outer loop
   vertex -3.012755e+01 3.542006e+01 4.805840e+01
   vertex -3.009009e+01 3.545189e+01 4.840000e+01
   vertex -3.148667e+01 3.421753e+01 4.840000e+01
  endloop
 endfacet
 facet normal 7.196054e-01 -6.943825e-01 1.036495e-03
  outer loop
   vertex -3.281977e+01 3.294104e+01 4.805840e+01
   vertex -3.283266e+01 3.292820e+01 4.840000e+01
   vertex -3.409065e+01 3.162401e+01 4.805840e+01
  endloop
 endfacet
 facet normal 7.719775e-01 -6.356325e-01 4.695124e-03
  outer loop
   vertex -3.530871e+01 3.025798e+01 4.805840e+01
   vertex -3.536430e+01 3.019299e+01 4.840000e+01
   vertex -3.647207e+01 2.884507e+01 4.805840e+01
  endloop
 endfacet
 facet normal 7.463709e-01 -6.655239e-01 2.901034e-03
  outer loop
   vertex -3.409065e+01 3.162401e+01 4.805840e+01
   vertex -3.412589e+01 3.158597e+01 4.840000e+01
   vertex -3.530871e+01 3.025798e+01 4.805840e+01
  endloop
 endfacet
 facet normal 6.917233e-01 -7.221621e-01 -9.005035e-04
  outer loop
   vertex -3.149806e+01 3.420705e+01 4.805840e+01
   vertex -3.148667e+01 3.421753e+01 4.840000e+01
   vertex -3.281977e+01 3.294104e+01 4.805840e+01
  endloop
 endfacet
 facet normal 6.001018e-01 -7.998979e-01 -6.413804e-03
  outer loop
   vertex -2.724870e+01 3.767968e+01 4.805840e+01
   vertex -2.715422e+01 3.774782e+01 4.840000e+01
   vertex -2.864517e+01 3.662928e+01 4.840000e+01
  endloop
 endfacet
 facet normal 8.195560e-01 -5.729423e-01 8.070334e-03
  outer loop
   vertex -3.757893e+01 2.738748e+01 4.805840e+01
   vertex -3.766875e+01 2.726380e+01 4.840000e+01
   vertex -3.862757e+01 2.588747e+01 4.805840e+01
  endloop
 endfacet
 facet normal 8.414571e-01 -5.402379e-01 9.642973e-03
  outer loop
   vertex -3.862757e+01 2.588747e+01 4.805840e+01
   vertex -3.873110e+01 2.573231e+01 4.840000e+01
   vertex -3.961637e+01 2.434734e+01 4.805840e+01
  endloop
 endfacet
 facet normal 8.813074e-01 -4.723755e-01 1.259259e-02
  outer loop
   vertex -4.054380e+01 2.276950e+01 4.805840e+01
   vertex -4.066750e+01 2.254782e+01 4.840000e+01
   vertex -4.140842e+01 2.115639e+01 4.805840e+01
  endloop
 endfacet
 facet normal 9.156924e-01 -4.015902e-01 1.525688e-02
  outer loop
   vertex -4.220889e+01 1.951050e+01 4.805840e+01
   vertex -4.234265e+01 1.921848e+01 4.840000e+01
   vertex -4.294397e+01 1.783438e+01 4.805840e+01
  endloop
 endfacet
 facet normal 8.991978e-01 -4.373195e-01 1.396078e-02
  outer loop
   vertex -4.140842e+01 2.115639e+01 4.805840e+01
   vertex -4.153845e+01 2.089993e+01 4.840000e+01
   vertex -4.220889e+01 1.951050e+01 4.805840e+01
  endloop
 endfacet
 facet normal 8.620506e-01 -5.066994e-01 1.115679e-02
  outer loop
   vertex -3.961637e+01 2.434734e+01 4.805840e+01
   vertex -3.973122e+01 2.415947e+01 4.840000e+01
   vertex -4.054380e+01 2.276950e+01 4.805840e+01
  endloop
 endfacet
 facet normal 9.444021e-01 -3.283195e-01 1.763200e-02
  outer loop
   vertex -4.361253e+01 1.613064e+01 4.805840e+01
   vertex -4.374578e+01 1.576567e+01 4.840000e+01
   vertex -4.421352e+01 1.440191e+01 4.805840e+01
  endloop
 endfacet
 facet normal 9.565717e-01 -2.908962e-01 1.870846e-02
  outer loop
   vertex -4.421352e+01 1.440191e+01 4.805840e+01
   vertex -4.434246e+01 1.399987e+01 4.840000e+01
   vertex -4.474601e+01 1.265086e+01 4.805840e+01
  endloop
 endfacet
 facet normal 9.764487e-01 -2.147583e-01 2.065682e-02
  outer loop
   vertex -4.520919e+01 1.088022e+01 4.805840e+01
   vertex -4.532123e+01 1.040367e+01 4.840000e+01
   vertex -4.560233e+01 9.092725e+00 4.805840e+01
  endloop
 endfacet
 facet normal 9.902780e-01 -1.372992e-01 2.232476e-02
  outer loop
   vertex -4.592482e+01 7.291141e+00 4.805840e+01
   vertex -4.600885e+01 6.740640e+00 4.840000e+01
   vertex -4.617617e+01 5.478262e+00 4.805840e+01
  endloop
 endfacet
 facet normal 9.841259e-01 -1.761625e-01 2.151673e-02
  outer loop
   vertex -4.560233e+01 9.092725e+00 4.805840e+01
   vertex -4.570175e+01 8.579049e+00 4.840000e+01
   vertex -4.592482e+01 7.291141e+00 4.805840e+01
  endloop
 endfacet
 facet normal 9.672596e-01 -2.530224e-01 1.971323e-02
  outer loop
   vertex -4.474601e+01 1.265086e+01 4.805840e+01
   vertex -4.486789e+01 1.221158e+01 4.840000e+01
   vertex -4.520919e+01 1.088022e+01 4.805840e+01
  endloop
 endfacet
 facet normal 9.307691e-01 -3.652358e-01 1.648065e-02
  outer loop
   vertex -4.294397e+01 1.783438e+01 4.805840e+01
   vertex -4.307883e+01 1.750614e+01 4.840000e+01
   vertex -4.361253e+01 1.613064e+01 4.805840e+01
  endloop
 endfacet
 facet normal 7.963856e-01 -6.047552e-01 6.421169e-03
  outer loop
   vertex -3.647207e+01 2.884507e+01 4.805840e+01
   vertex -3.654589e+01 2.875149e+01 4.840000e+01
   vertex -3.757893e+01 2.738748e+01 4.805840e+01
  endloop
 endfacet
 facet normal 9.979774e-01 -5.899159e-02 2.368810e-02
  outer loop
   vertex -4.635598e+01 3.656897e+00 4.805840e+01
   vertex -4.640089e+01 3.034303e+00 4.840000e+01
   vertex -4.646398e+01 1.829866e+00 4.805840e+01
  endloop
 endfacet
 facet normal 9.995119e-01 -1.967401e-02 2.426736e-02
  outer loop
   vertex -4.646398e+01 1.829866e+00 4.805840e+01
   vertex -4.648522e+01 1.172330e+00 4.840000e+01
   vertex -4.650000e+01 2.847304e-15 4.805840e+01
  endloop
 endfacet
 facet normal 9.978493e-01 6.035762e-02 2.556957e-02
  outer loop
   vertex -4.646229e+01 -1.872366e+00 4.805840e+01
   vertex -4.642979e+01 -2.554272e+00 4.840000e+01
   vertex -4.634922e+01 -3.741695e+00 4.805840e+01
  endloop
 endfacet
 facet normal 9.946131e-01 1.004912e-01 2.542169e-02
  outer loop
   vertex -4.634922e+01 -3.741695e+00 4.805840e+01
   vertex -4.629013e+01 -4.412914e+00 4.840000e+01
   vertex -4.616096e+01 -5.604956e+00 4.805840e+01
  endloop
 endfacet
 facet normal 9.994668e-01 2.013067e-02 2.570687e-02
  outer loop
   vertex -4.650000e+01 2.847304e-15 4.805840e+01
   vertex -4.649486e+01 -6.915267e-01 4.840000e+01
   vertex -4.646229e+01 -1.872366e+00 4.805840e+01
  endloop
 endfacet
 facet normal 9.833093e-01 1.801992e-01 2.511945e-02
  outer loop
   vertex -4.589784e+01 -7.459125e+00 4.805840e+01
   vertex -4.578803e+01 -8.105952e+00 4.840000e+01
   vertex -4.556026e+01 -9.301195e+00 4.805840e+01
  endloop
 endfacet
 facet normal 9.752603e-01 2.196456e-01 2.496101e-02
  outer loop
   vertex -4.556026e+01 -9.301195e+00 4.805840e+01
   vertex -4.542640e+01 -9.934415e+00 4.840000e+01
   vertex -4.514880e+01 -1.112818e+01 4.805840e+01
  endloop
 endfacet
 facet normal 9.544312e-01 2.974130e-01 2.462990e-02
  outer loop
   vertex -4.466409e+01 -1.293711e+01 4.805840e+01
   vertex -4.448487e+01 -1.354054e+01 4.840000e+01
   vertex -4.410695e+01 -1.472506e+01 4.805840e+01
  endloop
 endfacet
 facet normal 9.274125e-01 3.732514e-01 2.427734e-02
  outer loop
   vertex -4.347826e+01 -1.648913e+01 4.805840e+01
   vertex -4.325757e+01 -1.705969e+01 4.840000e+01
   vertex -4.277905e+01 -1.822645e+01 4.805840e+01
  endloop
 endfacet
 facet normal 9.416858e-01 3.356037e-01 2.445376e-02
  outer loop
   vertex -4.410695e+01 -1.472506e+01 4.805840e+01
   vertex -4.390649e+01 -1.531242e+01 4.840000e+01
   vertex -4.347826e+01 -1.648913e+01 4.805840e+01
  endloop
 endfacet
 facet normal 9.656288e-01 2.587399e-01 2.479132e-02
  outer loop
   vertex -4.514880e+01 -1.112818e+01 4.805840e+01
   vertex -4.499178e+01 -1.174692e+01 4.840000e+01
   vertex -4.466409e+01 -1.293711e+01 4.805840e+01
  endloop
 endfacet
 facet normal 9.897641e-01 1.404561e-01 2.527910e-02
  outer loop
   vertex -4.616096e+01 -5.604956e+00 4.805840e+01
   vertex -4.607610e+01 -6.264466e+00 4.840000e+01
   vertex -4.589784e+01 -7.459125e+00 4.805840e+01
  endloop
 endfacet
 facet normal 8.943792e-01 4.466703e-01 2.390376e-02
  outer loop
   vertex -4.201044e+01 -1.993420e+01 4.805840e+01
   vertex -4.175237e+01 -2.046924e+01 4.840000e+01
   vertex -4.117371e+01 -2.160963e+01 4.805840e+01
  endloop
 endfacet
 facet normal 8.756717e-01 4.823246e-01 2.370815e-02
  outer loop
   vertex -4.117371e+01 -2.160963e+01 4.805840e+01
   vertex -4.089851e+01 -2.212604e+01 4.840000e+01
   vertex -4.027018e+01 -2.325000e+01 4.805840e+01
  endloop
 endfacet
 facet normal 8.340293e-01 5.512272e-01 2.331625e-02
  outer loop
   vertex -3.930134e+01 -2.485266e+01 4.805840e+01
   vertex -3.899515e+01 -2.533038e+01 4.840000e+01
   vertex -3.826875e+01 -2.641501e+01 4.805840e+01
  endloop
 endfacet
 facet normal 7.869776e-01 6.165567e-01 2.289217e-02
  outer loop
   vertex -3.717409e+01 -2.793451e+01 4.805840e+01
   vertex -3.684127e+01 -2.837200e+01 4.840000e+01
   vertex -3.601913e+01 -2.940871e+01 4.805840e+01
  endloop
 endfacet
 facet normal 8.111612e-01 5.843662e-01 2.310145e-02
  outer loop
   vertex -3.826875e+01 -2.641501e+01 4.805840e+01
   vertex -3.794870e+01 -2.687278e+01 4.840000e+01
   vertex -3.717409e+01 -2.793451e+01 4.805840e+01
  endloop
 endfacet
 facet normal 8.555448e-01 5.171944e-01 2.351820e-02
  outer loop
   vertex -4.027018e+01 -2.325000e+01 4.805840e+01
   vertex -3.997895e+01 -2.374729e+01 4.840000e+01
   vertex -3.930134e+01 -2.485266e+01 4.805840e+01
  endloop
 endfacet
 facet normal 7.348212e-01 6.778893e-01 2.244753e-02
  outer loop
   vertex -3.480575e+01 -3.083520e+01 4.805840e+01
   vertex -3.445072e+01 -3.123136e+01 4.840000e+01
   vertex -3.353592e+01 -3.221168e+01 4.805840e+01
  endloop
 endfacet
 facet normal 7.069323e-01 7.069323e-01 2.221498e-02
  outer loop
   vertex -3.353592e+01 -3.221168e+01 4.805840e+01
   vertex -3.317144e+01 -3.258689e+01 4.840000e+01
   vertex -3.221168e+01 -3.353592e+01 4.805840e+01
  endloop
 endfacet
 facet normal 6.477630e-01 7.615315e-01 2.174692e-02
  outer loop
   vertex -3.083520e+01 -3.480575e+01 4.805840e+01
   vertex -3.045512e+01 -3.513881e+01 4.840000e+01
   vertex -2.940871e+01 -3.601913e+01 4.805840e+01
  endloop
 endfacet
 facet normal 5.843901e-01 8.111943e-01 2.126024e-02
  outer loop
   vertex -2.793451e+01 -3.717409e+01 4.805840e+01
   vertex -2.754315e+01 -3.746498e+01 4.840000e+01
   vertex -2.641501e+01 -3.826875e+01 4.805840e+01
  endloop
 endfacet
 facet normal 6.165757e-01 7.870018e-01 2.150658e-02
  outer loop
   vertex -2.940871e+01 -3.601913e+01 4.805840e+01
   vertex -2.902245e+01 -3.633108e+01 4.840000e+01
   vertex -2.793451e+01 -3.717409e+01 4.805840e+01
  endloop
 endfacet
 facet normal 6.778963e-01 7.348287e-01 2.198504e-02
  outer loop
   vertex -3.221168e+01 -3.353592e+01 4.805840e+01
   vertex -3.183886e+01 -3.389008e+01 4.840000e+01
   vertex -3.083520e+01 -3.480575e+01 4.805840e+01
  endloop
 endfacet
 facet normal 7.615159e-01 6.477497e-01 2.266628e-02
  outer loop
   vertex -3.601913e+01 -2.940871e+01 4.805840e+01
   vertex -3.567466e+01 -2.982564e+01 4.840000e+01
   vertex -3.480575e+01 -3.083520e+01 4.805840e+01
  endloop
 endfacet
 facet normal 9.116347e-01 4.102945e-01 2.409457e-02
  outer loop
   vertex -4.277905e+01 -1.822645e+01 4.805840e+01
   vertex -4.253914e+01 -1.877955e+01 4.840000e+01
   vertex -4.201044e+01 -1.993420e+01 4.805840e+01
  endloop
 endfacet
 facet normal 9.948981e-01 -9.822079e-02 2.303168e-02
  outer loop
   vertex -4.617617e+01 5.478262e+00 4.805840e+01
   vertex -4.624202e+01 4.891401e+00 4.840000e+01
   vertex -4.635598e+01 3.656897e+00 4.805840e+01
  endloop
 endfacet
 facet normal 5.512554e-01 8.340720e-01 2.100920e-02
  outer loop
   vertex -2.641501e+01 -3.826875e+01 4.805840e+01
   vertex -2.601960e+01 -3.853869e+01 4.840000e+01
   vertex -2.485266e+01 -3.930134e+01 4.805840e+01
  endloop
 endfacet
 facet normal 5.172262e-01 8.555973e-01 2.074368e-02
  outer loop
   vertex -2.485266e+01 -3.930134e+01 4.805840e+01
   vertex -2.445424e+01 -3.955047e+01 4.840000e+01
   vertex -2.325000e+01 -4.027018e+01 4.805840e+01
  endloop
 endfacet
 facet normal 4.823590e-01 8.757341e-01 2.048359e-02
  outer loop
   vertex -2.325000e+01 -4.027018e+01 4.805840e+01
   vertex -2.284960e+01 -4.049871e+01 4.840000e+01
   vertex -2.160963e+01 -4.117371e+01 4.805840e+01
  endloop
 endfacet
 facet normal 4.103320e-01 9.117181e-01 1.994480e-02
  outer loop
   vertex -1.993420e+01 -4.201044e+01 4.805840e+01
   vertex -1.953280e+01 -4.219857e+01 4.840000e+01
   vertex -1.822645e+01 -4.277905e+01 4.805840e+01
  endloop
 endfacet
 facet normal 3.732893e-01 9.275066e-01 1.966490e-02
  outer loop
   vertex -1.822645e+01 -4.277905e+01 4.805840e+01
   vertex -1.782598e+01 -4.294746e+01 4.840000e+01
   vertex -1.648913e+01 -4.347826e+01 4.805840e+01
  endloop
 endfacet
 facet normal 4.467067e-01 8.944520e-01 2.021768e-02
  outer loop
   vertex -2.160963e+01 -4.117371e+01 4.805840e+01
   vertex -2.120824e+01 -4.138189e+01 4.840000e+01
   vertex -1.993420e+01 -4.201044e+01 4.805840e+01
  endloop
 endfacet
 facet normal 2.974490e-01 9.545467e-01 1.909569e-02
  outer loop
   vertex -1.472506e+01 -4.410695e+01 4.805840e+01
   vertex -1.432922e+01 -4.423713e+01 4.840000e+01
   vertex -1.293711e+01 -4.466409e+01 4.805840e+01
  endloop
 endfacet
 facet normal 2.587737e-01 9.657550e-01 1.880162e-02
  outer loop
   vertex -1.293711e+01 -4.466409e+01 4.805840e+01
   vertex -1.254488e+01 -4.477584e+01 4.840000e+01
   vertex -1.112818e+01 -4.514880e+01 4.805840e+01
  endloop
 endfacet
 facet normal 1.802262e-01 9.834567e-01 1.820375e-02
  outer loop
   vertex -9.301195e+00 -4.556026e+01 4.805840e+01
   vertex -8.918650e+00 -4.563669e+01 4.840000e+01
   vertex -7.459125e+00 -4.589784e+01 4.805840e+01
  endloop
 endfacet
 facet normal 1.005081e-01 9.947807e-01 1.759223e-02
  outer loop
   vertex -5.604956e+00 -4.616096e+01 4.805840e+01
   vertex -5.235121e+00 -4.620437e+01 4.840000e+01
   vertex -3.741695e+00 -4.634922e+01 4.805840e+01
  endloop
 endfacet
 facet normal 1.404785e-01 9.899219e-01 1.789929e-02
  outer loop
   vertex -7.459125e+00 -4.589784e+01 4.805840e+01
   vertex -7.082575e+00 -4.595745e+01 4.840000e+01
   vertex -5.604956e+00 -4.616096e+01 4.805840e+01
  endloop
 endfacet
 facet normal 2.196765e-01 9.753973e-01 1.850047e-02
  outer loop
   vertex -1.112818e+01 -4.514880e+01 4.805840e+01
   vertex -1.074039e+01 -4.524261e+01 4.840000e+01
   vertex -9.301195e+00 -4.556026e+01 4.805840e+01
  endloop
 endfacet
 facet normal 3.356410e-01 9.417906e-01 1.938168e-02
  outer loop
   vertex -1.648913e+01 -4.347826e+01 4.805840e+01
   vertex -1.609053e+01 -4.362734e+01 4.840000e+01
   vertex -1.472506e+01 -4.410695e+01 4.805840e+01
  endloop
 endfacet
 facet normal 2.013444e-02 9.996537e-01 1.694321e-02
  outer loop
   vertex -1.872366e+00 -4.646229e+01 4.805840e+01
   vertex -1.517961e+00 -4.647522e+01 4.840000e+01
   vertex 1.536285e-31 -4.650000e+01 4.805840e+01
  endloop
 endfacet
 facet normal -2.013455e-02 9.996592e-01 1.661853e-02
  outer loop
   vertex 1.536285e-31 -4.650000e+01 4.805840e+01
   vertex 3.457729e-01 -4.649871e+01 4.840000e+01
   vertex 1.872366e+00 -4.646229e+01 4.805840e+01
  endloop
 endfacet
 facet normal -1.005109e-01 9.948081e-01 1.595064e-02
  outer loop
   vertex 3.741695e+00 -4.634922e+01 4.805840e+01
   vertex 4.068580e+00 -4.632167e+01 4.840000e+01
   vertex 5.604956e+00 -4.616096e+01 4.805840e+01
  endloop
 endfacet
 facet normal -1.802351e-01 9.835052e-01 1.525803e-02
  outer loop
   vertex 7.459125e+00 -4.589784e+01 4.805840e+01
   vertex 7.765250e+00 -4.584704e+01 4.840000e+01
   vertex 9.301195e+00 -4.556026e+01 4.805840e+01
  endloop
 endfacet
 facet normal -1.404838e-01 9.899599e-01 1.560976e-02
  outer loop
   vertex 5.604956e+00 -4.616096e+01 4.805840e+01
   vertex 5.921672e+00 -4.612140e+01 4.840000e+01
   vertex 7.459125e+00 -4.589784e+01 4.805840e+01
  endloop
 endfacet
 facet normal -6.036935e-02 9.980433e-01 1.628395e-02
  outer loop
   vertex 1.872366e+00 -4.646229e+01 4.805840e+01
   vertex 2.208951e+00 -4.644750e+01 4.840000e+01
   vertex 3.741695e+00 -4.634922e+01 4.805840e+01
  endloop
 endfacet
 facet normal -2.587921e-01 9.658236e-01 1.454325e-02
  outer loop
   vertex 1.112818e+01 -4.514880e+01 4.805840e+01
   vertex 1.141203e+01 -4.507788e+01 4.840000e+01
   vertex 1.293711e+01 -4.466409e+01 4.805840e+01
  endloop
 endfacet
 facet normal -2.974733e-01 9.546247e-01 1.418966e-02
  outer loop
   vertex 1.293711e+01 -4.466409e+01 4.805840e+01
   vertex 1.320938e+01 -4.458433e+01 4.840000e+01
   vertex 1.472506e+01 -4.410695e+01 4.805840e+01
  endloop
 endfacet
 facet normal -3.733277e-01 9.276021e-01 1.344305e-02
  outer loop
   vertex 1.648913e+01 -4.347826e+01 4.805840e+01
   vertex 1.673755e+01 -4.338322e+01 4.840000e+01
   vertex 1.822645e+01 -4.277905e+01 4.805840e+01
  endloop
 endfacet
 facet normal -4.467620e-01 8.945628e-01 1.269107e-02
  outer loop
   vertex 1.993420e+01 -4.201044e+01 4.805840e+01
   vertex 2.015820e+01 -4.190342e+01 4.840000e+01
   vertex 2.160963e+01 -4.117371e+01 4.805840e+01
  endloop
 endfacet
 facet normal -4.103786e-01 9.118216e-01 1.306946e-02
  outer loop
   vertex 1.822645e+01 -4.277905e+01 4.805840e+01
   vertex 1.846271e+01 -4.267761e+01 4.840000e+01
   vertex 1.993420e+01 -4.201044e+01 4.805840e+01
  endloop
 endfacet
 facet normal -3.356720e-01 9.418775e-01 1.381980e-02
  outer loop
   vertex 1.472506e+01 -4.410695e+01 4.805840e+01
   vertex 1.498551e+01 -4.401914e+01 4.840000e+01
   vertex 1.648913e+01 -4.347826e+01 4.805840e+01
  endloop
 endfacet
 facet normal -2.196897e-01 9.754559e-01 1.491053e-02
  outer loop
   vertex 9.301195e+00 -4.556026e+01 4.805840e+01
   vertex 9.596351e+00 -4.549901e+01 4.840000e+01
   vertex 1.112818e+01 -4.514880e+01 4.805840e+01
  endloop
 endfacet
 facet normal 6.036836e-02 9.980269e-01 1.726354e-02
  outer loop
   vertex -3.741695e+00 -4.634922e+01 4.805840e+01
   vertex -3.379255e+00 -4.637705e+01 4.840000e+01
   vertex -1.872366e+00 -4.646229e+01 4.805840e+01
  endloop
 endfacet
 facet normal -5.173008e-01 8.557207e-01 1.191377e-02
  outer loop
   vertex 2.325000e+01 -4.027018e+01 4.805840e+01
   vertex 2.344935e+01 -4.015443e+01 4.840000e+01
   vertex 2.485266e+01 -3.930134e+01 4.805840e+01
  endloop
 endfacet
 facet normal -5.513405e-01 8.342008e-01 1.151647e-02
  outer loop
   vertex 2.485266e+01 -3.930134e+01 4.805840e+01
   vertex 2.503971e+01 -3.918243e+01 4.840000e+01
   vertex 2.641501e+01 -3.826875e+01 4.805840e+01
  endloop
 endfacet
 facet normal -6.166830e-01 7.871387e-01 1.071038e-02
  outer loop
   vertex 2.793451e+01 -3.717409e+01 4.805840e+01
   vertex 2.809727e+01 -3.705123e+01 4.840000e+01
   vertex 2.940871e+01 -3.601913e+01 4.805840e+01
  endloop
 endfacet
 facet normal -6.478818e-01 7.616712e-01 1.030126e-02
  outer loop
   vertex 2.940871e+01 -3.601913e+01 4.805840e+01
   vertex 2.955954e+01 -3.589545e+01 4.840000e+01
   vertex 3.083520e+01 -3.480575e+01 4.805840e+01
  endloop
 endfacet
 facet normal -5.844861e-01 8.113276e-01 1.111815e-02
  outer loop
   vertex 2.641501e+01 -3.826875e+01 4.805840e+01
   vertex 2.658985e+01 -3.814747e+01 4.840000e+01
   vertex 2.793451e+01 -3.717409e+01 4.805840e+01
  endloop
 endfacet
 facet normal -7.070751e-01 7.070751e-01 9.459463e-03
  outer loop
   vertex 3.221168e+01 -3.353592e+01 4.805840e+01
   vertex 3.233933e+01 -3.341283e+01 4.840000e+01
   vertex 3.353592e+01 -3.221168e+01 4.805840e+01
  endloop
 endfacet
 facet normal -7.349764e-01 6.780325e-01 9.034567e-03
  outer loop
   vertex 3.353592e+01 -3.221168e+01 4.805840e+01
   vertex 3.365239e+01 -3.208998e+01 4.840000e+01
   vertex 3.480575e+01 -3.083520e+01 4.805840e+01
  endloop
 endfacet
 facet normal -7.871576e-01 6.166978e-01 8.169966e-03
  outer loop
   vertex 3.601913e+01 -2.940871e+01 4.805840e+01
   vertex 3.611427e+01 -2.929181e+01 4.840000e+01
   vertex 3.717409e+01 -2.793451e+01 4.805840e+01
  endloop
 endfacet
 facet normal -8.342340e-01 5.513625e-01 7.282255e-03
  outer loop
   vertex 3.826875e+01 -2.641501e+01 4.805840e+01
   vertex 3.834414e+01 -2.630545e+01 4.840000e+01
   vertex 3.930134e+01 -2.485266e+01 4.805840e+01
  endloop
 endfacet
 facet normal -8.113535e-01 5.845047e-01 7.733413e-03
  outer loop
   vertex 3.717409e+01 -2.793451e+01 4.805840e+01
   vertex 3.725914e+01 -2.782098e+01 4.840000e+01
   vertex 3.826875e+01 -2.641501e+01 4.805840e+01
  endloop
 endfacet
 facet normal -7.616834e-01 6.478922e-01 8.614158e-03
  outer loop
   vertex 3.480575e+01 -3.083520e+01 4.805840e+01
   vertex 3.491137e+01 -3.071557e+01 4.840000e+01
   vertex 3.601913e+01 -2.940871e+01 4.805840e+01
  endloop
 endfacet
 facet normal -6.780270e-01 7.349704e-01 9.890314e-03
  outer loop
   vertex 3.083520e+01 -3.480575e+01 4.805840e+01
   vertex 3.097432e+01 -3.468201e+01 4.840000e+01
   vertex 3.221168e+01 -3.353592e+01 4.805840e+01
  endloop
 endfacet
 facet normal -8.759001e-01 4.824504e-01 6.379029e-03
  outer loop
   vertex 4.027018e+01 -2.325000e+01 4.805840e+01
   vertex 4.032769e+01 -2.315011e+01 4.840000e+01
   vertex 4.117371e+01 -2.160963e+01 4.805840e+01
  endloop
 endfacet
 facet normal -8.946192e-01 4.467902e-01 5.917772e-03
  outer loop
   vertex 4.117371e+01 -2.160963e+01 4.805840e+01
   vertex 4.122304e+01 -2.151537e+01 4.840000e+01
   vertex 4.201044e+01 -1.993420e+01 4.805840e+01
  endloop
 endfacet
 facet normal -9.276745e-01 3.733569e-01 4.971153e-03
  outer loop
   vertex 4.277905e+01 -1.822645e+01 4.805840e+01
   vertex 4.281372e+01 -1.814485e+01 4.840000e+01
   vertex 4.347826e+01 -1.648913e+01 4.805840e+01
  endloop
 endfacet
 facet normal -9.547131e-01 2.975008e-01 4.017651e-03
  outer loop
   vertex 4.410695e+01 -1.472506e+01 4.805840e+01
   vertex 4.412935e+01 -1.465777e+01 4.840000e+01
   vertex 4.466409e+01 -1.293711e+01 4.805840e+01
  endloop
 endfacet
 facet normal -9.419580e-01 3.357007e-01 4.494848e-03
  outer loop
   vertex 4.347826e+01 -1.648913e+01 4.805840e+01
   vertex 4.350648e+01 -1.641449e+01 4.840000e+01
   vertex 4.410695e+01 -1.472506e+01 4.805840e+01
  endloop
 endfacet
 facet normal -9.118859e-01 4.104075e-01 5.452682e-03
  outer loop
   vertex 4.201044e+01 -1.993420e+01 4.805840e+01
   vertex 4.205216e+01 -1.984605e+01 4.840000e+01
   vertex 4.277905e+01 -1.822645e+01 4.805840e+01
  endloop
 endfacet
 facet normal -9.755598e-01 2.197131e-01 3.041265e-03
  outer loop
   vertex 4.514880e+01 -1.112818e+01 4.805840e+01
   vertex 4.516150e+01 -1.107652e+01 4.840000e+01
   vertex 4.556026e+01 -9.301195e+00 4.805840e+01
  endloop
 endfacet
 facet normal -9.836165e-01 1.802555e-01 2.550500e-03
  outer loop
   vertex 4.556026e+01 -9.301195e+00 4.805840e+01
   vertex 4.556911e+01 -9.257756e+00 4.840000e+01
   vertex 4.589784e+01 -7.459125e+00 4.805840e+01
  endloop
 endfacet
 facet normal -9.949335e-01 1.005235e-01 1.551406e-03
  outer loop
   vertex 4.616096e+01 -5.604956e+00 4.805840e+01
   vertex 4.616416e+01 -5.578550e+00 4.840000e+01
   vertex 4.634922e+01 -3.741695e+00 4.805840e+01
  endloop
 endfacet
 facet normal -9.997971e-01 2.013732e-02 5.161028e-04
  outer loop
   vertex 4.646229e+01 -1.872366e+00 4.805840e+01
   vertex 4.646264e+01 -1.863507e+00 4.840000e+01
   vertex 4.650000e+01 3.106262e-15 4.805840e+01
  endloop
 endfacet
 facet normal -9.981751e-01 6.037732e-02 1.033731e-03
  outer loop
   vertex 4.634922e+01 -3.741695e+00 4.805840e+01
   vertex 4.635064e+01 -3.724020e+00 4.840000e+01
   vertex 4.646229e+01 -1.872366e+00 4.805840e+01
  endloop
 endfacet
 facet normal -9.900785e-01 1.405007e-01 2.042363e-03
  outer loop
   vertex 4.589784e+01 -7.459125e+00 4.805840e+01
   vertex 4.590351e+01 -7.424118e+00 4.840000e+01
   vertex 4.616096e+01 -5.604956e+00 4.805840e+01
  endloop
 endfacet
 facet normal -9.659197e-01 2.588179e-01 3.537434e-03
  outer loop
   vertex 4.466409e+01 -1.293711e+01 4.805840e+01
   vertex 4.468132e+01 -1.287749e+01 4.840000e+01
   vertex 4.514880e+01 -1.112818e+01 4.805840e+01
  endloop
 endfacet
 facet normal -8.557615e-01 5.173254e-01 6.831669e-03
  outer loop
   vertex 3.930134e+01 -2.485266e+01 4.805840e+01
   vertex 3.936754e+01 -2.474766e+01 4.840000e+01
   vertex 4.027018e+01 -2.325000e+01 4.805840e+01
  endloop
 endfacet
 facet normal -4.824237e-01 8.758516e-01 1.230609e-02
  outer loop
   vertex 2.160963e+01 -4.117371e+01 4.805840e+01
   vertex 2.182130e+01 -4.106191e+01 4.840000e+01
   vertex 2.325000e+01 -4.027018e+01 4.805840e+01
  endloop
 endfacet
 facet normal -7.141323e-01 2.651842e-01 -6.478367e-01
  outer loop
   vertex 4.591331e+01 -1.901792e+01 4.430257e+01
   vertex 4.729432e+01 -1.558962e+01 4.418358e+01
   vertex 4.600687e+01 -1.905667e+01 4.418358e+01
  endloop
 endfacet
 facet normal -7.141428e-01 2.651886e-01 -6.478234e-01
  outer loop
   vertex 4.610042e+01 -1.909542e+01 4.406459e+01
   vertex 4.600687e+01 -1.905667e+01 4.418358e+01
   vertex 4.739049e+01 -1.562132e+01 4.406459e+01
  endloop
 endfacet
 facet normal -6.924866e-01 3.174559e-01 -6.478302e-01
  outer loop
   vertex 4.455608e+01 -2.246419e+01 4.406459e+01
   vertex 4.446566e+01 -2.241860e+01 4.418358e+01
   vertex 4.610042e+01 -1.909542e+01 4.406459e+01
  endloop
 endfacet
 facet normal -7.281445e-01 2.250713e-01 -6.474168e-01
  outer loop
   vertex 4.786704e+01 -1.382233e+01 4.415383e+01
   vertex 4.729432e+01 -1.558962e+01 4.418358e+01
   vertex 4.720087e+01 -1.554964e+01 4.430257e+01
  endloop
 endfacet
 facet normal -7.132063e-01 2.647699e-01 -6.490252e-01
  outer loop
   vertex 4.591331e+01 -1.901792e+01 4.430257e+01
   vertex 4.720087e+01 -1.554964e+01 4.430257e+01
   vertex 4.729432e+01 -1.558962e+01 4.418358e+01
  endloop
 endfacet
 facet normal -7.089461e-01 2.783012e-01 -6.480308e-01
  outer loop
   vertex 4.581976e+01 -1.897917e+01 4.442156e+01
   vertex 4.651856e+01 -1.726831e+01 4.439181e+01
   vertex 4.591331e+01 -1.901792e+01 4.430257e+01
  endloop
 endfacet
 facet normal -6.924816e-01 3.174540e-01 -6.478366e-01
  outer loop
   vertex 4.446566e+01 -2.241860e+01 4.418358e+01
   vertex 4.591331e+01 -1.901792e+01 4.430257e+01
   vertex 4.600687e+01 -1.905667e+01 4.418358e+01
  endloop
 endfacet
 facet normal -8.500337e-01 3.155656e-01 -4.217357e-01
  outer loop
   vertex 4.651856e+01 -1.726831e+01 4.439181e+01
   vertex 4.720087e+01 -1.554964e+01 4.430257e+01
   vertex 4.591331e+01 -1.901792e+01 4.430257e+01
  endloop
 endfacet
 facet normal -8.148560e-01 2.419854e-01 -5.267378e-01
  outer loop
   vertex 4.739049e+01 -1.562132e+01 4.406459e+01
   vertex 4.786704e+01 -1.382233e+01 4.415383e+01
   vertex 4.851742e+01 -1.208554e+01 4.394559e+01
  endloop
 endfacet
 facet normal -7.699395e-01 2.537957e-01 -5.854749e-01
  outer loop
   vertex 4.708455e+01 -1.682396e+01 4.394559e+01
   vertex 4.739049e+01 -1.562132e+01 4.406459e+01
   vertex 4.785966e+01 -1.447249e+01 4.394559e+01
  endloop
 endfacet
 facet normal -6.062788e-01 1.670681e-01 -7.775052e-01
  outer loop
   vertex 4.851742e+01 -1.208554e+01 4.394559e+01
   vertex 4.785966e+01 -1.447249e+01 4.394559e+01
   vertex 4.739049e+01 -1.562132e+01 4.406459e+01
  endloop
 endfacet
 facet normal -6.280866e-01 2.332326e-01 -7.423677e-01
  outer loop
   vertex 4.739049e+01 -1.562132e+01 4.406459e+01
   vertex 4.708455e+01 -1.682396e+01 4.394559e+01
   vertex 4.610042e+01 -1.909542e+01 4.406459e+01
  endloop
 endfacet
 facet normal -7.276543e-01 2.249022e-01 -6.480264e-01
  outer loop
   vertex 4.739049e+01 -1.562132e+01 4.406459e+01
   vertex 4.729432e+01 -1.558962e+01 4.418358e+01
   vertex 4.786704e+01 -1.382233e+01 4.415383e+01
  endloop
 endfacet
 facet normal -8.241994e-01 3.779251e-01 -4.217439e-01
  outer loop
   vertex 4.591331e+01 -1.901792e+01 4.430257e+01
   vertex 4.437131e+01 -2.238080e+01 4.430257e+01
   vertex 4.510413e+01 -2.068305e+01 4.439181e+01
  endloop
 endfacet
 facet normal -6.740126e-01 3.557214e-01 -6.474329e-01
  outer loop
   vertex 4.362097e+01 -2.407325e+01 4.415383e+01
   vertex 4.437131e+01 -2.238080e+01 4.430257e+01
   vertex 4.446566e+01 -2.241860e+01 4.418358e+01
  endloop
 endfacet
 facet normal -6.915206e-01 3.170871e-01 -6.490416e-01
  outer loop
   vertex 4.437131e+01 -2.238080e+01 4.430257e+01
   vertex 4.591331e+01 -1.901792e+01 4.430257e+01
   vertex 4.446566e+01 -2.241860e+01 4.418358e+01
  endloop
 endfacet
 facet normal -6.735604e-01 3.555012e-01 -6.480242e-01
  outer loop
   vertex 4.455608e+01 -2.246419e+01 4.406459e+01
   vertex 4.362097e+01 -2.407325e+01 4.415383e+01
   vertex 4.446566e+01 -2.241860e+01 4.418358e+01
  endloop
 endfacet
 facet normal -6.962465e-01 3.088070e-01 -6.479807e-01
  outer loop
   vertex 4.619398e+01 -1.913417e+01 4.394559e+01
   vertex 4.519014e+01 -2.139747e+01 4.394559e+01
   vertex 4.610042e+01 -1.909542e+01 4.406459e+01
  endloop
 endfacet
 facet normal -6.090475e-01 2.792050e-01 -7.423649e-01
  outer loop
   vertex 4.455608e+01 -2.246419e+01 4.406459e+01
   vertex 4.610042e+01 -1.909542e+01 4.406459e+01
   vertex 4.519014e+01 -2.139747e+01 4.394559e+01
  endloop
 endfacet
 facet normal -5.468497e-01 3.105743e-01 -7.774953e-01
  outer loop
   vertex 4.407549e+01 -2.360829e+01 4.394559e+01
   vertex 4.285276e+01 -2.576123e+01 4.394559e+01
   vertex 4.455608e+01 -2.246419e+01 4.406459e+01
  endloop
 endfacet
 facet normal -7.472960e-01 4.050793e-01 -5.267442e-01
  outer loop
   vertex 4.362097e+01 -2.407325e+01 4.415383e+01
   vertex 4.455608e+01 -2.246419e+01 4.406459e+01
   vertex 4.285276e+01 -2.576123e+01 4.394559e+01
  endloop
 endfacet
 facet normal -7.238968e-01 3.649730e-01 -5.854640e-01
  outer loop
   vertex 4.519014e+01 -2.139747e+01 4.394559e+01
   vertex 4.407549e+01 -2.360829e+01 4.394559e+01
   vertex 4.455608e+01 -2.246419e+01 4.406459e+01
  endloop
 endfacet
 facet normal -6.980889e-01 3.045128e-01 -6.480308e-01
  outer loop
   vertex 4.591331e+01 -1.901792e+01 4.430257e+01
   vertex 4.510413e+01 -2.068305e+01 4.439181e+01
   vertex 4.581976e+01 -1.897917e+01 4.442156e+01
  endloop
 endfacet
 facet normal 6.589494e-01 2.729458e-01 -7.009182e-01
  outer loop
   vertex 3.593892e+01 1.488639e+01 9.500000e+00
   vertex 3.200000e+01 0.000000e+00 0.000000e+00
   vertex 2.262742e+01 2.262742e+01 0.000000e+00
  endloop
 endfacet
 facet normal 6.531870e-01 6.531870e-01 -3.830060e-01
  outer loop
   vertex 2.262742e+01 2.262742e+01 0.000000e+00
   vertex 1.488639e+01 3.593892e+01 9.500000e+00
   vertex 3.593892e+01 1.488639e+01 9.500000e+00
  endloop
 endfacet
 facet normal 2.729458e-01 6.589494e-01 -7.009182e-01
  outer loop
   vertex 1.488639e+01 3.593892e+01 9.500000e+00
   vertex 2.262742e+01 2.262742e+01 0.000000e+00
   vertex 1.959435e-15 3.200000e+01 0.000000e+00
  endloop
 endfacet
 facet normal 0.000000e+00 9.237459e-01 -3.830060e-01
  outer loop
   vertex 1.959435e-15 3.200000e+01 0.000000e+00
   vertex -1.488639e+01 3.593892e+01 9.500000e+00
   vertex 1.488639e+01 3.593892e+01 9.500000e+00
  endloop
 endfacet
 facet normal -2.729458e-01 6.589494e-01 -7.009182e-01
  outer loop
   vertex -1.488639e+01 3.593892e+01 9.500000e+00
   vertex 1.959435e-15 3.200000e+01 0.000000e+00
   vertex -2.262742e+01 2.262742e+01 0.000000e+00
  endloop
 endfacet
 facet normal -6.531870e-01 6.531870e-01 -3.830060e-01
  outer loop
   vertex -2.262742e+01 2.262742e+01 0.000000e+00
   vertex -3.593892e+01 1.488639e+01 9.500000e+00
   vertex -1.488639e+01 3.593892e+01 9.500000e+00
  endloop
 endfacet
 facet normal -6.589494e-01 2.729458e-01 -7.009182e-01
  outer loop
   vertex -3.593892e+01 1.488639e+01 9.500000e+00
   vertex -2.262742e+01 2.262742e+01 0.000000e+00
   vertex -3.200000e+01 3.918870e-15 0.000000e+00
  endloop
 endfacet
 facet normal -9.237459e-01 0.000000e+00 -3.830060e-01
  outer loop
   vertex -3.200000e+01 3.918870e-15 0.000000e+00
   vertex -3.593892e+01 -1.488639e+01 9.500000e+00
   vertex -3.593892e+01 1.488639e+01 9.500000e+00
  endloop
 endfacet
 facet normal -6.589494e-01 -2.729458e-01 -7.009182e-01
  outer loop
   vertex -3.593892e+01 -1.488639e+01 9.500000e+00
   vertex -3.200000e+01 3.918870e-15 0.000000e+00
   vertex -2.262742e+01 -2.262742e+01 0.000000e+00
  endloop
 endfacet
 facet normal -6.531870e-01 -6.531870e-01 -3.830060e-01
  outer loop
   vertex -2.262742e+01 -2.262742e+01 0.000000e+00
   vertex -1.488639e+01 -3.593892e+01 9.500000e+00
   vertex -3.593892e+01 -1.488639e+01 9.500000e+00
  endloop
 endfacet
 facet normal -2.729458e-01 -6.589494e-01 -7.009182e-01
  outer loop
   vertex -1.488639e+01 -3.593892e+01 9.500000e+00
   vertex -2.262742e+01 -2.262742e+01 0.000000e+00
   vertex -5.878304e-15 -3.200000e+01 0.000000e+00
  endloop
 endfacet
 facet normal -0.000000e+00 -9.237459e-01 -3.830060e-01
  outer loop
   vertex 1.488639e+01 -3.593892e+01 9.500000e+00
   vertex -1.488639e+01 -3.593892e+01 9.500000e+00
   vertex -5.878304e-15 -3.200000e+01 0.000000e+00
  endloop
 endfacet
 facet normal 2.729458e-01 -6.589494e-01 -7.009182e-01
  outer loop
   vertex 1.488639e+01 -3.593892e+01 9.500000e+00
   vertex -5.878304e-15 -3.200000e+01 0.000000e+00
   vertex 2.262742e+01 -2.262742e+01 0.000000e+00
  endloop
 endfacet
 facet normal 6.531870e-01 -6.531870e-01 -3.830060e-01
  outer loop
   vertex 2.262742e+01 -2.262742e+01 0.000000e+00
   vertex 3.593892e+01 -1.488639e+01 9.500000e+00
   vertex 1.488639e+01 -3.593892e+01 9.500000e+00
  endloop
 endfacet
 facet normal 6.589494e-01 -2.729458e-01 -7.009182e-01
  outer loop
   vertex 3.593892e+01 -1.488639e+01 9.500000e+00
   vertex 2.262742e+01 -2.262742e+01 0.000000e+00
   vertex 3.200000e+01 0.000000e+00 0.000000e+00
  endloop
 endfacet
 facet normal 9.237459e-01 0.000000e+00 -3.830060e-01
  outer loop
   vertex 3.593892e+01 1.488639e+01 9.500000e+00
   vertex 3.593892e+01 -1.488639e+01 9.500000e+00
   vertex 3.200000e+01 0.000000e+00 0.000000e+00
  endloop
 endfacet
 facet normal 8.833807e-01 3.659076e-01 -2.928313e-01
  outer loop
   vertex 4.404501e+01 1.728441e+01 3.695000e+01
   vertex 3.593892e+01 1.488639e+01 9.500000e+00
   vertex 4.357213e+01 1.854492e+01 3.709856e+01
  endloop
 endfacet
 facet normal 8.833802e-01 3.659087e-01 -2.928313e-01
  outer loop
   vertex 4.319483e+01 1.980223e+01 3.753143e+01
   vertex 4.357213e+01 1.854492e+01 3.709856e+01
   vertex 3.593892e+01 1.488639e+01 9.500000e+00
  endloop
 endfacet
 facet normal 8.833805e-01 3.659080e-01 -2.928313e-01
  outer loop
   vertex 4.457273e+01 1.612927e+01 3.709856e+01
   vertex 3.593892e+01 1.488639e+01 9.500000e+00
   vertex 4.404501e+01 1.728441e+01 3.695000e+01
  endloop
 endfacet
 facet normal 8.833797e-01 3.659103e-01 -2.928311e-01
  outer loop
   vertex 3.593892e+01 1.488639e+01 9.500000e+00
   vertex 4.457273e+01 1.612927e+01 3.709856e+01
   vertex 4.510985e+01 1.517896e+01 3.753143e+01
  endloop
 endfacet
 facet normal 8.833805e-01 3.659080e-01 -2.928314e-01
  outer loop
   vertex 5.500000e+01 0.000000e+00 4.840000e+01
   vertex 3.593892e+01 1.488639e+01 9.500000e+00
   vertex 4.561012e+01 1.451534e+01 3.821134e+01
  endloop
 endfacet
 facet normal 8.833800e-01 3.659095e-01 -2.928312e-01
  outer loop
   vertex 3.593892e+01 1.488639e+01 9.500000e+00
   vertex 4.510985e+01 1.517896e+01 3.753143e+01
   vertex 4.561012e+01 1.451534e+01 3.821134e+01
  endloop
 endfacet
 facet normal 8.833806e-01 3.659095e-01 -2.928293e-01
  outer loop
   vertex 4.603045e+01 1.419555e+01 3.907974e+01
   vertex 5.500000e+01 0.000000e+00 4.840000e+01
   vertex 4.561012e+01 1.451534e+01 3.821134e+01
  endloop
 endfacet
 facet normal 8.833790e-01 3.659093e-01 -2.928341e-01
  outer loop
   vertex 4.284588e+01 2.188377e+01 3.907974e+01
   vertex 3.889087e+01 3.889087e+01 4.840000e+01
   vertex 4.290429e+01 2.252872e+01 4.006184e+01
  endloop
 endfacet
 facet normal 8.833807e-01 3.659080e-01 -2.928309e-01
  outer loop
   vertex 4.290429e+01 2.252872e+01 4.006184e+01
   vertex 4.285276e+01 2.576123e+01 4.394559e+01
   vertex 4.311578e+01 2.282741e+01 4.107306e+01
  endloop
 endfacet
 facet normal 8.833812e-01 3.659065e-01 -2.928312e-01
  outer loop
   vertex 3.593892e+01 1.488639e+01 9.500000e+00
   vertex 4.294559e+01 2.094807e+01 3.821134e+01
   vertex 4.319483e+01 1.980223e+01 3.753143e+01
  endloop
 endfacet
 facet normal 8.833803e-01 3.659092e-01 -2.928304e-01
  outer loop
   vertex 4.672980e+01 1.674146e+01 4.437074e+01
   vertex 4.635091e+01 1.643078e+01 4.283952e+01
   vertex 4.642050e+01 1.751132e+01 4.439965e+01
  endloop
 endfacet
 facet normal 8.833816e-01 3.659072e-01 -2.928291e-01
  outer loop
   vertex 4.642050e+01 1.751132e+01 4.439965e+01
   vertex 4.635091e+01 1.643078e+01 4.283952e+01
   vertex 4.610786e+01 1.827963e+01 4.441658e+01
  endloop
 endfacet
 facet normal 8.833796e-01 3.659100e-01 -2.928316e-01
  outer loop
   vertex 3.593892e+01 1.488639e+01 9.500000e+00
   vertex 4.284588e+01 2.188377e+01 3.907974e+01
   vertex 4.294559e+01 2.094807e+01 3.821134e+01
  endloop
 endfacet
 facet normal 8.833805e-01 3.659081e-01 -2.928313e-01
  outer loop
   vertex 3.593892e+01 1.488639e+01 9.500000e+00
   vertex 3.889087e+01 3.889087e+01 4.840000e+01
   vertex 4.284588e+01 2.188377e+01 3.907974e+01
  endloop
 endfacet
 facet normal 8.833806e-01 3.659069e-01 -2.928323e-01
  outer loop
   vertex 4.822744e+01 1.286628e+01 4.404641e+01
   vertex 4.649649e+01 1.466564e+01 4.107306e+01
   vertex 4.650208e+01 1.541504e+01 4.202632e+01
  endloop
 endfacet
 facet normal 8.833804e-01 3.659080e-01 -2.928318e-01
  outer loop
   vertex 4.851742e+01 1.208554e+01 4.394559e+01
   vertex 4.633463e+01 1.424713e+01 4.006184e+01
   vertex 4.649649e+01 1.466564e+01 4.107306e+01
  endloop
 endfacet
 facet normal 8.833803e-01 3.659077e-01 -2.928324e-01
  outer loop
   vertex 4.832436e+01 1.283573e+01 4.430061e+01
   vertex 5.500000e+01 0.000000e+00 4.840000e+01
   vertex 4.851742e+01 1.208554e+01 4.394559e+01
  endloop
 endfacet
 facet normal 8.833805e-01 3.659082e-01 -2.928312e-01
  outer loop
   vertex 4.851742e+01 1.208554e+01 4.394559e+01
   vertex 5.500000e+01 0.000000e+00 4.840000e+01
   vertex 4.603045e+01 1.419555e+01 3.907974e+01
  endloop
 endfacet
 facet normal 8.833803e-01 3.659089e-01 -2.928310e-01
  outer loop
   vertex 4.822744e+01 1.286628e+01 4.404641e+01
   vertex 4.851742e+01 1.208554e+01 4.394559e+01
   vertex 4.649649e+01 1.466564e+01 4.107306e+01
  endloop
 endfacet
 facet normal 8.833805e-01 3.659082e-01 -2.928310e-01
  outer loop
   vertex 4.811596e+01 1.359612e+01 4.462207e+01
   vertex 5.500000e+01 0.000000e+00 4.840000e+01
   vertex 4.832436e+01 1.283573e+01 4.430061e+01
  endloop
 endfacet
 facet normal 8.833806e-01 3.659061e-01 -2.928334e-01
  outer loop
   vertex 4.793433e+01 1.364502e+01 4.413525e+01
   vertex 4.822744e+01 1.286628e+01 4.404641e+01
   vertex 4.650208e+01 1.541504e+01 4.202632e+01
  endloop
 endfacet
 facet normal 8.833796e-01 3.659120e-01 -2.928292e-01
  outer loop
   vertex 4.633463e+01 1.424713e+01 4.006184e+01
   vertex 4.851742e+01 1.208554e+01 4.394559e+01
   vertex 4.603045e+01 1.419555e+01 3.907974e+01
  endloop
 endfacet
 facet normal 8.833806e-01 3.659103e-01 -2.928281e-01
  outer loop
   vertex 4.763804e+01 1.442183e+01 4.421210e+01
   vertex 4.635091e+01 1.643078e+01 4.283952e+01
   vertex 4.733854e+01 1.519679e+01 4.427697e+01
  endloop
 endfacet
 facet normal 8.833805e-01 3.659080e-01 -2.928314e-01
  outer loop
   vertex 4.763804e+01 1.442183e+01 4.421210e+01
   vertex 4.650208e+01 1.541504e+01 4.202632e+01
   vertex 4.635091e+01 1.643078e+01 4.283952e+01
  endloop
 endfacet
 facet normal 8.833803e-01 3.659089e-01 -2.928309e-01
  outer loop
   vertex 4.793433e+01 1.364502e+01 4.413525e+01
   vertex 4.650208e+01 1.541504e+01 4.202632e+01
   vertex 4.763804e+01 1.442183e+01 4.421210e+01
  endloop
 endfacet
 facet normal 8.833801e-01 3.659074e-01 -2.928332e-01
  outer loop
   vertex 5.500000e+01 0.000000e+00 4.840000e+01
   vertex 4.811596e+01 1.359612e+01 4.462207e+01
   vertex 4.789167e+01 1.436621e+01 4.490773e+01
  endloop
 endfacet
 facet normal 8.833813e-01 3.659095e-01 -2.928272e-01
  outer loop
   vertex 4.789167e+01 1.436621e+01 4.490773e+01
   vertex 4.765095e+01 1.514552e+01 4.515535e+01
   vertex 5.500000e+01 0.000000e+00 4.840000e+01
  endloop
 endfacet
 facet normal 8.833809e-01 3.659079e-01 -2.928303e-01
  outer loop
   vertex 4.703580e+01 1.596998e+01 4.432985e+01
   vertex 4.733854e+01 1.519679e+01 4.427697e+01
   vertex 4.635091e+01 1.643078e+01 4.283952e+01
  endloop
 endfacet
 facet normal 8.833809e-01 3.659079e-01 -2.928303e-01
  outer loop
   vertex 4.703580e+01 1.596998e+01 4.432985e+01
   vertex 4.635091e+01 1.643078e+01 4.283952e+01
   vertex 4.672980e+01 1.674146e+01 4.437074e+01
  endloop
 endfacet
 facet normal 8.833806e-01 3.659083e-01 -2.928308e-01
  outer loop
   vertex 4.738550e+01 1.595664e+01 4.536810e+01
   vertex 5.500000e+01 0.000000e+00 4.840000e+01
   vertex 4.765095e+01 1.514552e+01 4.515535e+01
  endloop
 endfacet
 facet normal 8.833807e-01 3.659078e-01 -2.928310e-01
  outer loop
   vertex 4.355957e+01 2.420979e+01 4.413921e+01
   vertex 4.346214e+01 2.275409e+01 4.202632e+01
   vertex 4.332566e+01 2.472732e+01 4.408026e+01
  endloop
 endfacet
 facet normal 8.833798e-01 3.659091e-01 -2.928323e-01
  outer loop
   vertex 4.309006e+01 2.524446e+01 4.401572e+01
   vertex 4.332566e+01 2.472732e+01 4.408026e+01
   vertex 4.346214e+01 2.275409e+01 4.202632e+01
  endloop
 endfacet
 facet normal 8.833810e-01 3.659073e-01 -2.928307e-01
  outer loop
   vertex 4.379180e+01 2.369185e+01 4.419258e+01
   vertex 4.346214e+01 2.275409e+01 4.202632e+01
   vertex 4.355957e+01 2.420979e+01 4.413921e+01
  endloop
 endfacet
 facet normal 8.833779e-01 3.659125e-01 -2.928337e-01
  outer loop
   vertex 4.402235e+01 2.317348e+01 4.424036e+01
   vertex 4.425126e+01 2.265464e+01 4.428256e+01
   vertex 4.391354e+01 2.231509e+01 4.283952e+01
  endloop
 endfacet
 facet normal 8.833820e-01 3.659057e-01 -2.928299e-01
  outer loop
   vertex 4.379180e+01 2.369185e+01 4.419258e+01
   vertex 4.402235e+01 2.317348e+01 4.424036e+01
   vertex 4.391354e+01 2.231509e+01 4.283952e+01
  endloop
 endfacet
 facet normal 8.833817e-01 3.659060e-01 -2.928302e-01
  outer loop
   vertex 4.379180e+01 2.369185e+01 4.419258e+01
   vertex 4.391354e+01 2.231509e+01 4.283952e+01
   vertex 4.346214e+01 2.275409e+01 4.202632e+01
  endloop
 endfacet
 facet normal 8.833788e-01 3.659090e-01 -2.928352e-01
  outer loop
   vertex 4.309571e+01 2.535270e+01 4.416803e+01
   vertex 4.285276e+01 2.576123e+01 4.394559e+01
   vertex 3.889087e+01 3.889087e+01 4.840000e+01
  endloop
 endfacet
 facet normal 8.833802e-01 3.659086e-01 -2.928316e-01
  outer loop
   vertex 4.311578e+01 2.282741e+01 4.107306e+01
   vertex 4.285276e+01 2.576123e+01 4.394559e+01
   vertex 4.346214e+01 2.275409e+01 4.202632e+01
  endloop
 endfacet
 facet normal 8.833800e-01 3.659088e-01 -2.928319e-01
  outer loop
   vertex 4.285276e+01 2.576123e+01 4.394559e+01
   vertex 4.309006e+01 2.524446e+01 4.401572e+01
   vertex 4.346214e+01 2.275409e+01 4.202632e+01
  endloop
 endfacet
 facet normal 8.833818e-01 3.659077e-01 -2.928279e-01
  outer loop
   vertex 4.333731e+01 2.493748e+01 4.437800e+01
   vertex 4.309571e+01 2.535270e+01 4.416803e+01
   vertex 3.889087e+01 3.889087e+01 4.840000e+01
  endloop
 endfacet
 facet normal 8.833840e-01 3.659072e-01 -2.928220e-01
  outer loop
   vertex 3.889087e+01 3.889087e+01 4.840000e+01
   vertex 4.405228e+01 2.365156e+01 4.492804e+01
   vertex 4.381576e+01 2.408692e+01 4.475851e+01
  endloop
 endfacet
 facet normal 8.833795e-01 3.659086e-01 -2.928336e-01
  outer loop
   vertex 3.889087e+01 3.889087e+01 4.840000e+01
   vertex 4.357738e+01 2.451555e+01 4.457499e+01
   vertex 4.333731e+01 2.493748e+01 4.437800e+01
  endloop
 endfacet
 facet normal 8.833799e-01 3.659084e-01 -2.928325e-01
  outer loop
   vertex 3.889087e+01 3.889087e+01 4.840000e+01
   vertex 4.381576e+01 2.408692e+01 4.475851e+01
   vertex 4.357738e+01 2.451555e+01 4.457499e+01
  endloop
 endfacet
 facet normal 8.833818e-01 3.659178e-01 -2.928152e-01
  outer loop
   vertex 4.428679e+01 2.320949e+01 4.508307e+01
   vertex 4.405228e+01 2.365156e+01 4.492804e+01
   vertex 4.579642e+01 2.064885e+01 4.643750e+01
  endloop
 endfacet
 facet normal 8.833806e-01 3.659081e-01 -2.928310e-01
  outer loop
   vertex 4.285276e+01 2.576123e+01 4.394559e+01
   vertex 4.290429e+01 2.252872e+01 4.006184e+01
   vertex 3.889087e+01 3.889087e+01 4.840000e+01
  endloop
 endfacet
 facet normal 8.833801e-01 3.659082e-01 -2.928323e-01
  outer loop
   vertex 3.889087e+01 3.889087e+01 4.840000e+01
   vertex 4.579642e+01 2.064885e+01 4.643750e+01
   vertex 4.405228e+01 2.365156e+01 4.492804e+01
  endloop
 endfacet
 facet normal 8.833805e-01 3.659081e-01 -2.928312e-01
  outer loop
   vertex 5.500000e+01 0.000000e+00 4.840000e+01
   vertex 4.710363e+01 1.677046e+01 4.553469e+01
   vertex 4.579642e+01 2.064885e+01 4.643750e+01
  endloop
 endfacet
 facet normal 8.833776e-01 3.659090e-01 -2.928390e-01
  outer loop
   vertex 4.579642e+01 2.064885e+01 4.643750e+01
   vertex 4.680503e+01 1.758662e+01 4.565375e+01
   vertex 4.648941e+01 1.840474e+01 4.572392e+01
  endloop
 endfacet
 facet normal 8.833784e-01 3.659087e-01 -2.928369e-01
  outer loop
   vertex 4.579642e+01 2.064885e+01 4.643750e+01
   vertex 4.710363e+01 1.677046e+01 4.553469e+01
   vertex 4.680503e+01 1.758662e+01 4.565375e+01
  endloop
 endfacet
 facet normal 8.833825e-01 3.659067e-01 -2.928269e-01
  outer loop
   vertex 4.648941e+01 1.840474e+01 4.572392e+01
   vertex 4.620247e+01 1.911367e+01 4.574413e+01
   vertex 4.579642e+01 2.064885e+01 4.643750e+01
  endloop
 endfacet
 facet normal 8.833805e-01 3.659075e-01 -2.928319e-01
  outer loop
   vertex 4.391354e+01 2.231509e+01 4.283952e+01
   vertex 4.447850e+01 2.213532e+01 4.431918e+01
   vertex 4.470411e+01 2.161549e+01 4.435020e+01
  endloop
 endfacet
 facet normal 8.833804e-01 3.659086e-01 -2.928310e-01
  outer loop
   vertex 4.579642e+01 2.064885e+01 4.643750e+01
   vertex 4.474908e+01 2.230515e+01 4.534765e+01
   vertex 4.451911e+01 2.276068e+01 4.522311e+01
  endloop
 endfacet
 facet normal 8.833795e-01 3.659132e-01 -2.928280e-01
  outer loop
   vertex 4.535994e+01 2.103511e+01 4.560344e+01
   vertex 4.505837e+01 2.167355e+01 4.549147e+01
   vertex 4.579642e+01 2.064885e+01 4.643750e+01
  endloop
 endfacet
 facet normal 8.833800e-01 3.659024e-01 -2.928400e-01
  outer loop
   vertex 4.474908e+01 2.230515e+01 4.534765e+01
   vertex 4.579642e+01 2.064885e+01 4.643750e+01
   vertex 4.505837e+01 2.167355e+01 4.549147e+01
  endloop
 endfacet
 facet normal 8.833796e-01 3.659087e-01 -2.928332e-01
  outer loop
   vertex 4.620247e+01 1.911367e+01 4.574413e+01
   vertex 4.590602e+01 1.981507e+01 4.572630e+01
   vertex 4.579642e+01 2.064885e+01 4.643750e+01
  endloop
 endfacet
 facet normal 8.833804e-01 3.659086e-01 -2.928311e-01
  outer loop
   vertex 4.579642e+01 2.064885e+01 4.643750e+01
   vertex 4.451911e+01 2.276068e+01 4.522311e+01
   vertex 4.428679e+01 2.320949e+01 4.508307e+01
  endloop
 endfacet
 facet normal 8.833815e-01 3.659044e-01 -2.928327e-01
  outer loop
   vertex 4.391354e+01 2.231509e+01 4.283952e+01
   vertex 4.425126e+01 2.265464e+01 4.428256e+01
   vertex 4.447850e+01 2.213532e+01 4.431918e+01
  endloop
 endfacet
 facet normal 8.833795e-01 3.659069e-01 -2.928358e-01
  outer loop
   vertex 4.738550e+01 1.595664e+01 4.536810e+01
   vertex 4.710363e+01 1.677046e+01 4.553469e+01
   vertex 5.500000e+01 0.000000e+00 4.840000e+01
  endloop
 endfacet
 facet normal 8.833806e-01 3.659082e-01 -2.928307e-01
  outer loop
   vertex 4.579642e+01 2.064885e+01 4.643750e+01
   vertex 3.889087e+01 3.889087e+01 4.840000e+01
   vertex 5.500000e+01 0.000000e+00 4.840000e+01
  endloop
 endfacet
 facet normal 6.349745e-01 6.349745e-01 -4.400167e-01
  outer loop
   vertex 3.036227e+01 2.626474e+01 1.787227e+01
   vertex 3.593892e+01 1.488639e+01 9.500000e+00
   vertex 1.488639e+01 3.593892e+01 9.500000e+00
  endloop
 endfacet
 facet normal 6.349747e-01 6.349741e-01 -4.400171e-01
  outer loop
   vertex 3.394708e+01 3.491923e+01 3.553440e+01
   vertex 2.236416e+01 3.349482e+01 1.676394e+01
   vertex 1.488639e+01 3.593892e+01 9.500000e+00
  endloop
 endfacet
 facet normal 6.349745e-01 6.349745e-01 -4.400167e-01
  outer loop
   vertex 2.236416e+01 3.349482e+01 1.676394e+01
   vertex 3.036227e+01 2.626474e+01 1.787227e+01
   vertex 1.488639e+01 3.593892e+01 9.500000e+00
  endloop
 endfacet
 facet normal 6.349748e-01 6.349743e-01 -4.400167e-01
  outer loop
   vertex 3.593892e+01 1.488639e+01 9.500000e+00
   vertex 3.394708e+01 3.491923e+01 3.553440e+01
   vertex 3.889087e+01 3.889087e+01 4.840000e+01
  endloop
 endfacet
 facet normal 6.349742e-01 6.349749e-01 -4.400167e-01
  outer loop
   vertex 1.488639e+01 3.593892e+01 9.500000e+00
   vertex 3.889087e+01 3.889087e+01 4.840000e+01
   vertex 3.394708e+01 3.491923e+01 3.553440e+01
  endloop
 endfacet
 facet normal 6.349743e-01 6.349746e-01 -4.400170e-01
  outer loop
   vertex 3.036227e+01 2.626474e+01 1.787227e+01
   vertex 3.394708e+01 3.491923e+01 3.553440e+01
   vertex 3.593892e+01 1.488639e+01 9.500000e+00
  endloop
 endfacet
 facet normal 3.659077e-01 8.833807e-01 -2.928312e-01
  outer loop
   vertex 2.407325e+01 4.362097e+01 4.415383e+01
   vertex 1.488639e+01 3.593892e+01 9.500000e+00
   vertex 2.238080e+01 4.437131e+01 4.430257e+01
  endloop
 endfacet
 facet normal 3.659087e-01 8.833802e-01 -2.928314e-01
  outer loop
   vertex 2.068305e+01 4.510413e+01 4.439181e+01
   vertex 2.238080e+01 4.437131e+01 4.430257e+01
   vertex 1.488639e+01 3.593892e+01 9.500000e+00
  endloop
 endfacet
 facet normal 3.659076e-01 8.833807e-01 -2.928313e-01
  outer loop
   vertex 1.488639e+01 3.593892e+01 9.500000e+00
   vertex 1.897917e+01 4.581976e+01 4.442156e+01
   vertex 2.068305e+01 4.510413e+01 4.439181e+01
  endloop
 endfacet
 facet normal 3.659099e-01 8.833797e-01 -2.928313e-01
  outer loop
   vertex 1.897917e+01 4.581976e+01 4.442156e+01
   vertex 1.488639e+01 3.593892e+01 9.500000e+00
   vertex 1.726831e+01 4.651856e+01 4.439181e+01
  endloop
 endfacet
 facet normal 3.659084e-01 8.833800e-01 -2.928324e-01
  outer loop
   vertex 2.408692e+01 4.381576e+01 4.475851e+01
   vertex 3.889087e+01 3.889087e+01 4.840000e+01
   vertex 2.576123e+01 4.285276e+01 4.394559e+01
  endloop
 endfacet
 facet normal 3.659082e-01 8.833804e-01 -2.928314e-01
  outer loop
   vertex 1.488639e+01 3.593892e+01 9.500000e+00
   vertex 2.576123e+01 4.285276e+01 4.394559e+01
   vertex 3.889087e+01 3.889087e+01 4.840000e+01
  endloop
 endfacet
 facet normal 3.659081e-01 8.833808e-01 -2.928302e-01
  outer loop
   vertex 3.889087e+01 3.889087e+01 4.840000e+01
   vertex 2.408692e+01 4.381576e+01 4.475851e+01
   vertex 2.230515e+01 4.474908e+01 4.534765e+01
  endloop
 endfacet
 facet normal 3.659078e-01 8.833806e-01 -2.928313e-01
  outer loop
   vertex 2.407325e+01 4.362097e+01 4.415383e+01
   vertex 2.576123e+01 4.285276e+01 4.394559e+01
   vertex 1.488639e+01 3.593892e+01 9.500000e+00
  endloop
 endfacet
 facet normal 3.659081e-01 8.833810e-01 -2.928297e-01
  outer loop
   vertex 2.038542e+01 4.565561e+01 4.568356e+01
   vertex 3.889087e+01 3.889087e+01 4.840000e+01
   vertex 2.230515e+01 4.474908e+01 4.534765e+01
  endloop
 endfacet
 facet normal 3.659080e-01 8.833804e-01 -2.928318e-01
  outer loop
   vertex 3.367779e-15 5.500000e+01 4.840000e+01
   vertex 1.359612e+01 4.811596e+01 4.462207e+01
   vertex 1.208554e+01 4.851742e+01 4.394559e+01
  endloop
 endfacet
 facet normal 3.659081e-01 8.833805e-01 -2.928313e-01
  outer loop
   vertex 1.488639e+01 3.593892e+01 9.500000e+00
   vertex 3.367779e-15 5.500000e+01 4.840000e+01
   vertex 1.208554e+01 4.851742e+01 4.394559e+01
  endloop
 endfacet
 facet normal 3.659084e-01 8.833806e-01 -2.928305e-01
  outer loop
   vertex 1.514552e+01 4.765095e+01 4.515535e+01
   vertex 1.359612e+01 4.811596e+01 4.462207e+01
   vertex 3.367779e-15 5.500000e+01 4.840000e+01
  endloop
 endfacet
 facet normal 3.659078e-01 8.833806e-01 -2.928314e-01
  outer loop
   vertex 1.554964e+01 4.720087e+01 4.430257e+01
   vertex 1.488639e+01 3.593892e+01 9.500000e+00
   vertex 1.382233e+01 4.786704e+01 4.415383e+01
  endloop
 endfacet
 facet normal 3.659076e-01 8.833801e-01 -2.928330e-01
  outer loop
   vertex 1.677046e+01 4.710363e+01 4.553469e+01
   vertex 1.514552e+01 4.765095e+01 4.515535e+01
   vertex 3.367779e-15 5.500000e+01 4.840000e+01
  endloop
 endfacet
 facet normal 3.659090e-01 8.833812e-01 -2.928281e-01
  outer loop
   vertex 3.367779e-15 5.500000e+01 4.840000e+01
   vertex 1.840474e+01 4.648941e+01 4.572392e+01
   vertex 1.677046e+01 4.710363e+01 4.553469e+01
  endloop
 endfacet
 facet normal 3.659078e-01 8.833806e-01 -2.928314e-01
  outer loop
   vertex 1.726831e+01 4.651856e+01 4.439181e+01
   vertex 1.488639e+01 3.593892e+01 9.500000e+00
   vertex 1.554964e+01 4.720087e+01 4.430257e+01
  endloop
 endfacet
 facet normal 3.659082e-01 8.833804e-01 -2.928314e-01
  outer loop
   vertex 3.889087e+01 3.889087e+01 4.840000e+01
   vertex 1.840474e+01 4.648941e+01 4.572392e+01
   vertex 3.367779e-15 5.500000e+01 4.840000e+01
  endloop
 endfacet
 facet normal 3.659082e-01 8.833804e-01 -2.928315e-01
  outer loop
   vertex 1.840474e+01 4.648941e+01 4.572392e+01
   vertex 3.889087e+01 3.889087e+01 4.840000e+01
   vertex 2.038542e+01 4.565561e+01 4.568356e+01
  endloop
 endfacet
 facet normal 3.659080e-01 8.833805e-01 -2.928314e-01
  outer loop
   vertex 1.208554e+01 4.851742e+01 4.394559e+01
   vertex 1.382233e+01 4.786704e+01 4.415383e+01
   vertex 1.488639e+01 3.593892e+01 9.500000e+00
  endloop
 endfacet
 facet normal -2.179766e-08 8.979895e-01 -4.400168e-01
  outer loop
   vertex 6.874139e-01 4.869583e+01 3.553440e+01
   vertex -2.897391e+00 4.004135e+01 1.787227e+01
   vertex -1.488639e+01 3.593892e+01 9.500000e+00
  endloop
 endfacet
 facet normal -2.398055e-07 8.979896e-01 -4.400167e-01
  outer loop
   vertex 3.367779e-15 5.500000e+01 4.840000e+01
   vertex 6.874139e-01 4.869583e+01 3.553440e+01
   vertex -1.488639e+01 3.593892e+01 9.500000e+00
  endloop
 endfacet
 facet normal 0.000000e+00 8.979895e-01 -4.400169e-01
  outer loop
   vertex 1.488639e+01 3.593892e+01 9.500000e+00
   vertex -1.488639e+01 3.593892e+01 9.500000e+00
   vertex -2.897391e+00 4.004135e+01 1.787227e+01
  endloop
 endfacet
 facet normal -5.456312e-07 8.979894e-01 -4.400171e-01
  outer loop
   vertex 7.870560e+00 3.949826e+01 1.676394e+01
   vertex 6.874139e-01 4.869583e+01 3.553440e+01
   vertex 1.488639e+01 3.593892e+01 9.500000e+00
  endloop
 endfacet
 facet normal 3.176356e-07 8.979896e-01 -4.400167e-01
  outer loop
   vertex 3.367779e-15 5.500000e+01 4.840000e+01
   vertex 1.488639e+01 3.593892e+01 9.500000e+00
   vertex 6.874139e-01 4.869583e+01 3.553440e+01
  endloop
 endfacet
 facet normal 2.137518e-07 8.979897e-01 -4.400165e-01
  outer loop
   vertex -2.897391e+00 4.004135e+01 1.787227e+01
   vertex 7.870560e+00 3.949826e+01 1.676394e+01
   vertex 1.488639e+01 3.593892e+01 9.500000e+00
  endloop
 endfacet
 facet normal -3.659090e-01 8.833801e-01 -2.928314e-01
  outer loop
   vertex -1.798045e+01 4.340864e+01 3.590000e+01
   vertex -1.488639e+01 3.593892e+01 9.500000e+00
   vertex -1.961158e+01 4.284655e+01 3.624254e+01
  endloop
 endfacet
 facet normal -3.659080e-01 8.833805e-01 -2.928313e-01
  outer loop
   vertex -2.107468e+01 4.256387e+01 3.721802e+01
   vertex -1.961158e+01 4.284655e+01 3.624254e+01
   vertex -1.488639e+01 3.593892e+01 9.500000e+00
  endloop
 endfacet
 facet normal -3.659075e-01 8.833807e-01 -2.928314e-01
  outer loop
   vertex -1.642960e+01 4.416457e+01 3.624254e+01
   vertex -1.488639e+01 3.593892e+01 9.500000e+00
   vertex -1.798045e+01 4.340864e+01 3.590000e+01
  endloop
 endfacet
 facet normal -3.659082e-01 8.833804e-01 -2.928313e-01
  outer loop
   vertex 3.367779e-15 5.500000e+01 4.840000e+01
   vertex -1.488639e+01 3.593892e+01 9.500000e+00
   vertex -1.519515e+01 4.499925e+01 3.721802e+01
  endloop
 endfacet
 facet normal -3.659082e-01 8.833805e-01 -2.928313e-01
  outer loop
   vertex -1.488639e+01 3.593892e+01 9.500000e+00
   vertex -1.642960e+01 4.416457e+01 3.624254e+01
   vertex -1.519515e+01 4.499925e+01 3.721802e+01
  endloop
 endfacet
 facet normal -3.659070e-01 8.833804e-01 -2.928329e-01
  outer loop
   vertex -1.519515e+01 4.499925e+01 3.721802e+01
   vertex -1.446503e+01 4.578563e+01 3.867793e+01
   vertex 3.367779e-15 5.500000e+01 4.840000e+01
  endloop
 endfacet
 facet normal -3.659075e-01 8.833811e-01 -2.928301e-01
  outer loop
   vertex -2.107468e+01 4.256387e+01 3.721802e+01
   vertex -3.889087e+01 3.889087e+01 4.840000e+01
   vertex -2.214701e+01 4.260364e+01 3.867793e+01
  endloop
 endfacet
 facet normal -3.659082e-01 8.833803e-01 -2.928317e-01
  outer loop
   vertex -2.214701e+01 4.260364e+01 3.867793e+01
   vertex -2.576123e+01 4.285276e+01 4.394559e+01
   vertex -2.266530e+01 4.295981e+01 4.040000e+01
  endloop
 endfacet
 facet normal -3.659080e-01 8.833806e-01 -2.928312e-01
  outer loop
   vertex -1.435038e+01 4.640396e+01 4.040000e+01
   vertex -1.597818e+01 4.703257e+01 4.433034e+01
   vertex -1.549413e+01 4.722259e+01 4.429871e+01
  endloop
 endfacet
 facet normal -3.659056e-01 8.833817e-01 -2.928308e-01
  outer loop
   vertex -1.500939e+01 4.741132e+01 4.426236e+01
   vertex -1.435038e+01 4.640396e+01 4.040000e+01
   vertex -1.549413e+01 4.722259e+01 4.429871e+01
  endloop
 endfacet
 facet normal -3.659082e-01 8.833804e-01 -2.928316e-01
  outer loop
   vertex -2.105273e+01 4.494625e+01 4.437747e+01
   vertex -2.058657e+01 4.382085e+01 4.040000e+01
   vertex -2.266530e+01 4.295981e+01 4.040000e+01
  endloop
 endfacet
 facet normal -3.659081e-01 8.833805e-01 -2.928313e-01
  outer loop
   vertex -1.488639e+01 3.593892e+01 9.500000e+00
   vertex -3.889087e+01 3.889087e+01 4.840000e+01
   vertex -2.107468e+01 4.256387e+01 3.721802e+01
  endloop
 endfacet
 facet normal -3.659082e-01 8.833805e-01 -2.928311e-01
  outer loop
   vertex -1.435038e+01 4.640396e+01 4.040000e+01
   vertex -1.208554e+01 4.851742e+01 4.394559e+01
   vertex -1.446503e+01 4.578563e+01 3.867793e+01
  endloop
 endfacet
 facet normal -3.659082e-01 8.833804e-01 -2.928315e-01
  outer loop
   vertex -1.435038e+01 4.640396e+01 4.040000e+01
   vertex -1.355088e+01 4.796997e+01 4.412514e+01
   vertex -1.306322e+01 4.815369e+01 4.406999e+01
  endloop
 endfacet
 facet normal -3.659082e-01 8.833805e-01 -2.928311e-01
  outer loop
   vertex -1.321468e+01 4.822211e+01 4.446568e+01
   vertex 3.367779e-15 5.500000e+01 4.840000e+01
   vertex -1.283573e+01 4.832436e+01 4.430061e+01
  endloop
 endfacet
 facet normal -3.659083e-01 8.833805e-01 -2.928310e-01
  outer loop
   vertex -1.245933e+01 4.842278e+01 4.412716e+01
   vertex 3.367779e-15 5.500000e+01 4.840000e+01
   vertex -1.208554e+01 4.851742e+01 4.394559e+01
  endloop
 endfacet
 facet normal -3.659083e-01 8.833805e-01 -2.928311e-01
  outer loop
   vertex -1.446503e+01 4.578563e+01 3.867793e+01
   vertex -1.208554e+01 4.851742e+01 4.394559e+01
   vertex 3.367779e-15 5.500000e+01 4.840000e+01
  endloop
 endfacet
 facet normal -3.659062e-01 8.833809e-01 -2.928324e-01
  outer loop
   vertex -1.306322e+01 4.815369e+01 4.406999e+01
   vertex -1.257477e+01 4.833617e+01 4.401014e+01
   vertex -1.435038e+01 4.640396e+01 4.040000e+01
  endloop
 endfacet
 facet normal -3.659071e-01 8.833801e-01 -2.928339e-01
  outer loop
   vertex -1.283573e+01 4.832436e+01 4.430061e+01
   vertex 3.367779e-15 5.500000e+01 4.840000e+01
   vertex -1.245933e+01 4.842278e+01 4.412716e+01
  endloop
 endfacet
 facet normal -3.659078e-01 8.833806e-01 -2.928315e-01
  outer loop
   vertex -1.435038e+01 4.640396e+01 4.040000e+01
   vertex -1.257477e+01 4.833617e+01 4.401014e+01
   vertex -1.208554e+01 4.851742e+01 4.394559e+01
  endloop
 endfacet
 facet normal -3.659074e-01 8.833808e-01 -2.928312e-01
  outer loop
   vertex -1.403778e+01 4.778501e+01 4.417558e+01
   vertex -1.435038e+01 4.640396e+01 4.040000e+01
   vertex -1.452395e+01 4.759880e+01 4.422132e+01
  endloop
 endfacet
 facet normal -3.659111e-01 8.833795e-01 -2.928305e-01
  outer loop
   vertex -1.435038e+01 4.640396e+01 4.040000e+01
   vertex -1.403778e+01 4.778501e+01 4.417558e+01
   vertex -1.355088e+01 4.796997e+01 4.412514e+01
  endloop
 endfacet
 facet normal -3.659083e-01 8.833806e-01 -2.928309e-01
  outer loop
   vertex 3.367779e-15 5.500000e+01 4.840000e+01
   vertex -1.321468e+01 4.822211e+01 4.446568e+01
   vertex -1.359612e+01 4.811596e+01 4.462207e+01
  endloop
 endfacet
 facet normal -3.659083e-01 8.833805e-01 -2.928311e-01
  outer loop
   vertex -1.724951e+01 4.752353e+01 4.740000e+01
   vertex 3.367779e-15 5.500000e+01 4.840000e+01
   vertex -1.397998e+01 4.800583e+01 4.476952e+01
  endloop
 endfacet
 facet normal -3.659098e-01 8.833813e-01 -2.928268e-01
  outer loop
   vertex 3.367779e-15 5.500000e+01 4.840000e+01
   vertex -1.359612e+01 4.811596e+01 4.462207e+01
   vertex -1.397998e+01 4.800583e+01 4.476952e+01
  endloop
 endfacet
 facet normal -3.659101e-01 8.833798e-01 -2.928310e-01
  outer loop
   vertex -1.435038e+01 4.640396e+01 4.040000e+01
   vertex -1.500939e+01 4.741132e+01 4.426236e+01
   vertex -1.452395e+01 4.759880e+01 4.422132e+01
  endloop
 endfacet
 facet normal -3.659004e-01 8.833874e-01 -2.928201e-01
  outer loop
   vertex -1.436621e+01 4.789167e+01 4.490773e+01
   vertex -1.724951e+01 4.752353e+01 4.740000e+01
   vertex -1.397998e+01 4.800583e+01 4.476952e+01
  endloop
 endfacet
 facet normal -3.659093e-01 8.833797e-01 -2.928321e-01
  outer loop
   vertex -2.458744e+01 4.338906e+01 4.409675e+01
   vertex -2.266530e+01 4.295981e+01 4.040000e+01
   vertex -2.517457e+01 4.312201e+01 4.402477e+01
  endloop
 endfacet
 facet normal -3.659059e-01 8.833817e-01 -2.928305e-01
  outer loop
   vertex -2.399980e+01 4.365395e+01 4.416153e+01
   vertex -2.266530e+01 4.295981e+01 4.040000e+01
   vertex -2.458744e+01 4.338906e+01 4.409675e+01
  endloop
 endfacet
 facet normal -3.659059e-01 8.833812e-01 -2.928318e-01
  outer loop
   vertex -2.341162e+01 4.391667e+01 4.421911e+01
   vertex -2.282285e+01 4.417725e+01 4.426950e+01
   vertex -2.266530e+01 4.295981e+01 4.040000e+01
  endloop
 endfacet
 facet normal -3.659127e-01 8.833782e-01 -2.928323e-01
  outer loop
   vertex -2.341162e+01 4.391667e+01 4.421911e+01
   vertex -2.266530e+01 4.295981e+01 4.040000e+01
   vertex -2.399980e+01 4.365395e+01 4.416153e+01
  endloop
 endfacet
 facet normal -3.659074e-01 8.833807e-01 -2.928316e-01
  outer loop
   vertex -2.266530e+01 4.295981e+01 4.040000e+01
   vertex -2.282285e+01 4.417725e+01 4.426950e+01
   vertex -2.223347e+01 4.443569e+01 4.431269e+01
  endloop
 endfacet
 facet normal -3.659182e-01 8.833801e-01 -2.928197e-01
  outer loop
   vertex -2.576123e+01 4.285276e+01 4.394559e+01
   vertex -2.075427e+01 4.640330e+01 4.840000e+01
   vertex -2.535270e+01 4.309571e+01 4.416803e+01
  endloop
 endfacet
 facet normal -3.659083e-01 8.833803e-01 -2.928317e-01
  outer loop
   vertex -2.214701e+01 4.260364e+01 3.867793e+01
   vertex -3.889087e+01 3.889087e+01 4.840000e+01
   vertex -2.576123e+01 4.285276e+01 4.394559e+01
  endloop
 endfacet
 facet normal -3.659007e-01 8.833806e-01 -2.928403e-01
  outer loop
   vertex -2.140697e+01 4.580146e+01 4.740000e+01
   vertex -2.493748e+01 4.333731e+01 4.437800e+01
   vertex -2.535270e+01 4.309571e+01 4.416803e+01
  endloop
 endfacet
 facet normal -3.658978e-01 8.833812e-01 -2.928420e-01
  outer loop
   vertex -2.408692e+01 4.381576e+01 4.475851e+01
   vertex -2.140697e+01 4.580146e+01 4.740000e+01
   vertex -2.365156e+01 4.405228e+01 4.492804e+01
  endloop
 endfacet
 facet normal -3.659124e-01 8.833803e-01 -2.928264e-01
  outer loop
   vertex -2.493748e+01 4.333731e+01 4.437800e+01
   vertex -2.140697e+01 4.580146e+01 4.740000e+01
   vertex -2.451555e+01 4.357738e+01 4.457499e+01
  endloop
 endfacet
 facet normal -3.659103e-01 8.833804e-01 -2.928288e-01
  outer loop
   vertex -2.451555e+01 4.357738e+01 4.457499e+01
   vertex -2.140697e+01 4.580146e+01 4.740000e+01
   vertex -2.408692e+01 4.381576e+01 4.475851e+01
  endloop
 endfacet
 facet normal -3.659123e-01 8.833799e-01 -2.928280e-01
  outer loop
   vertex -2.320949e+01 4.428679e+01 4.508307e+01
   vertex -2.365156e+01 4.405228e+01 4.492804e+01
   vertex -2.140697e+01 4.580146e+01 4.740000e+01
  endloop
 endfacet
 facet normal -3.659085e-01 8.833803e-01 -2.928314e-01
  outer loop
   vertex -2.223347e+01 4.443569e+01 4.431269e+01
   vertex -2.164344e+01 4.469202e+01 4.434867e+01
   vertex -2.266530e+01 4.295981e+01 4.040000e+01
  endloop
 endfacet
 facet normal -3.659082e-01 8.833805e-01 -2.928313e-01
  outer loop
   vertex -2.075427e+01 4.640330e+01 4.840000e+01
   vertex -2.576123e+01 4.285276e+01 4.394559e+01
   vertex -3.889087e+01 3.889087e+01 4.840000e+01
  endloop
 endfacet
 facet normal -3.659087e-01 8.833802e-01 -2.928313e-01
  outer loop
   vertex -2.164344e+01 4.469202e+01 4.434867e+01
   vertex -2.105273e+01 4.494625e+01 4.437747e+01
   vertex -2.266530e+01 4.295981e+01 4.040000e+01
  endloop
 endfacet
 facet normal -3.659062e-01 8.833821e-01 -2.928288e-01
  outer loop
   vertex -1.724951e+01 4.752353e+01 4.740000e+01
   vertex -1.475475e+01 4.777340e+01 4.503643e+01
   vertex -1.514552e+01 4.765095e+01 4.515535e+01
  endloop
 endfacet
 facet normal -3.659098e-01 8.833794e-01 -2.928324e-01
  outer loop
   vertex -1.514552e+01 4.765095e+01 4.515535e+01
   vertex -1.579803e+01 4.743861e+01 4.533014e+01
   vertex -1.724951e+01 4.752353e+01 4.740000e+01
  endloop
 endfacet
 facet normal -3.659051e-01 8.833824e-01 -2.928292e-01
  outer loop
   vertex -1.645234e+01 4.721568e+01 4.547521e+01
   vertex -1.724951e+01 4.752353e+01 4.740000e+01
   vertex -1.579803e+01 4.743861e+01 4.533014e+01
  endloop
 endfacet
 facet normal -3.659080e-01 8.833801e-01 -2.928324e-01
  outer loop
   vertex 3.367779e-15 5.500000e+01 4.840000e+01
   vertex -1.724951e+01 4.752353e+01 4.740000e+01
   vertex -1.813661e+01 4.748757e+01 4.840000e+01
  endloop
 endfacet
 facet normal -3.659085e-01 8.833803e-01 -2.928312e-01
  outer loop
   vertex -2.140697e+01 4.580146e+01 4.740000e+01
   vertex -2.230515e+01 4.474908e+01 4.534765e+01
   vertex -2.276068e+01 4.451911e+01 4.522311e+01
  endloop
 endfacet
 facet normal -3.659078e-01 8.833805e-01 -2.928316e-01
  outer loop
   vertex -2.140697e+01 4.580146e+01 4.740000e+01
   vertex -2.175197e+01 4.502057e+01 4.547542e+01
   vertex -2.230515e+01 4.474908e+01 4.534765e+01
  endloop
 endfacet
 facet normal -3.659097e-01 8.833805e-01 -2.928292e-01
  outer loop
   vertex -2.535270e+01 4.309571e+01 4.416803e+01
   vertex -2.075427e+01 4.640330e+01 4.840000e+01
   vertex -2.140697e+01 4.580146e+01 4.740000e+01
  endloop
 endfacet
 facet normal -3.659076e-01 8.833806e-01 -2.928317e-01
  outer loop
   vertex -2.140697e+01 4.580146e+01 4.740000e+01
   vertex -2.119352e+01 4.528614e+01 4.557875e+01
   vertex -2.175197e+01 4.502057e+01 4.547542e+01
  endloop
 endfacet
 facet normal -3.659085e-01 8.833803e-01 -2.928312e-01
  outer loop
   vertex -2.140697e+01 4.580146e+01 4.740000e+01
   vertex -2.276068e+01 4.451911e+01 4.522311e+01
   vertex -2.320949e+01 4.428679e+01 4.508307e+01
  endloop
 endfacet
 facet normal -3.659156e-01 8.833746e-01 -2.928396e-01
  outer loop
   vertex -1.475475e+01 4.777340e+01 4.503643e+01
   vertex -1.724951e+01 4.752353e+01 4.740000e+01
   vertex -1.436621e+01 4.789167e+01 4.490773e+01
  endloop
 endfacet
 facet normal -3.659067e-01 8.833814e-01 -2.928304e-01
  outer loop
   vertex -2.576123e+01 4.285276e+01 4.394559e+01
   vertex -2.517457e+01 4.312201e+01 4.402477e+01
   vertex -2.266530e+01 4.295981e+01 4.040000e+01
  endloop
 endfacet
 facet normal -6.349744e-01 6.349746e-01 -4.400169e-01
  outer loop
   vertex -3.058940e+01 2.917518e+01 2.240000e+01
   vertex -3.593892e+01 1.488639e+01 9.500000e+00
   vertex -3.691784e+01 2.284674e+01 2.240000e+01
  endloop
 endfacet
 facet normal -6.349746e-01 6.349743e-01 -4.400169e-01
  outer loop
   vertex -3.284155e+01 3.142733e+01 2.890000e+01
   vertex -1.488639e+01 3.593892e+01 9.500000e+00
   vertex -3.058940e+01 2.917518e+01 2.240000e+01
  endloop
 endfacet
 facet normal -6.349745e-01 6.349745e-01 -4.400168e-01
  outer loop
   vertex -3.593892e+01 1.488639e+01 9.500000e+00
   vertex -3.058940e+01 2.917518e+01 2.240000e+01
   vertex -1.488639e+01 3.593892e+01 9.500000e+00
  endloop
 endfacet
 facet normal -6.349743e-01 6.349747e-01 -4.400169e-01
  outer loop
   vertex -3.450681e+01 3.309260e+01 3.370619e+01
   vertex -3.777582e+01 2.982359e+01 3.370619e+01
   vertex -3.889087e+01 3.889087e+01 4.840000e+01
  endloop
 endfacet
 facet normal -6.349745e-01 6.349744e-01 -4.400168e-01
  outer loop
   vertex -1.488639e+01 3.593892e+01 9.500000e+00
   vertex -3.450681e+01 3.309260e+01 3.370619e+01
   vertex -3.889087e+01 3.889087e+01 4.840000e+01
  endloop
 endfacet
 facet normal -6.349743e-01 6.349748e-01 -4.400166e-01
  outer loop
   vertex -3.450681e+01 3.309260e+01 3.370619e+01
   vertex -1.488639e+01 3.593892e+01 9.500000e+00
   vertex -3.330473e+01 3.189052e+01 3.023682e+01
  endloop
 endfacet
 facet normal -6.349744e-01 6.349746e-01 -4.400167e-01
  outer loop
   vertex -3.330473e+01 3.189052e+01 3.023682e+01
   vertex -1.488639e+01 3.593892e+01 9.500000e+00
   vertex -3.284155e+01 3.142733e+01 2.890000e+01
  endloop
 endfacet
 facet normal -8.833801e-01 3.659079e-01 -2.928327e-01
  outer loop
   vertex -3.900972e+01 1.779651e+01 2.240000e+01
   vertex -3.691784e+01 2.284674e+01 2.240000e+01
   vertex -3.975242e+01 1.500000e+01 2.114612e+01
  endloop
 endfacet
 facet normal -8.833806e-01 3.659079e-01 -2.928312e-01
  outer loop
   vertex -3.593892e+01 1.488639e+01 9.500000e+00
   vertex -3.975242e+01 1.500000e+01 2.114612e+01
   vertex -3.691784e+01 2.284674e+01 2.240000e+01
  endloop
 endfacet
 facet normal -8.833803e-01 3.659086e-01 -2.928311e-01
  outer loop
   vertex -3.593892e+01 1.488639e+01 9.500000e+00
   vertex -4.472618e+01 1.111558e+01 3.129660e+01
   vertex -3.975242e+01 1.500000e+01 2.114612e+01
  endloop
 endfacet
 facet normal -8.833806e-01 3.659079e-01 -2.928312e-01
  outer loop
   vertex -4.217410e+01 2.096089e+01 3.590000e+01
   vertex -4.053331e+01 1.932010e+01 2.890000e+01
   vertex -4.334203e+01 1.500000e+01 3.197484e+01
  endloop
 endfacet
 facet normal -8.833806e-01 3.659078e-01 -2.928314e-01
  outer loop
   vertex -4.334203e+01 1.500000e+01 3.197484e+01
   vertex -4.053331e+01 1.932010e+01 2.890000e+01
   vertex -3.975242e+01 1.500000e+01 2.114612e+01
  endloop
 endfacet
 facet normal -8.833804e-01 3.659082e-01 -2.928315e-01
  outer loop
   vertex -4.334203e+01 1.500000e+01 3.197484e+01
   vertex -4.472618e+01 1.111558e+01 3.129660e+01
   vertex -4.320422e+01 2.199102e+01 4.029478e+01
  endloop
 endfacet
 facet normal -8.833808e-01 3.659074e-01 -2.928313e-01
  outer loop
   vertex -3.900972e+01 1.779651e+01 2.240000e+01
   vertex -3.975242e+01 1.500000e+01 2.114612e+01
   vertex -4.053331e+01 1.932010e+01 2.890000e+01
  endloop
 endfacet
 facet normal -8.833804e-01 3.659084e-01 -2.928312e-01
  outer loop
   vertex -4.472618e+01 1.111558e+01 3.129660e+01
   vertex -3.593892e+01 1.488639e+01 9.500000e+00
   vertex -5.500000e+01 6.735557e-15 4.840000e+01
  endloop
 endfacet
 facet normal -8.833804e-01 3.659082e-01 -2.928313e-01
  outer loop
   vertex -4.285276e+01 2.576123e+01 4.394559e+01
   vertex -3.901727e+01 2.858214e+01 3.590000e+01
   vertex -4.071727e+01 2.447797e+01 3.590000e+01
  endloop
 endfacet
 facet normal -8.833806e-01 3.659080e-01 -2.928312e-01
  outer loop
   vertex -3.889087e+01 3.889087e+01 4.840000e+01
   vertex -3.777582e+01 2.982359e+01 3.370619e+01
   vertex -3.901727e+01 2.858214e+01 3.590000e+01
  endloop
 endfacet
 facet normal -8.833806e-01 3.659078e-01 -2.928312e-01
  outer loop
   vertex -4.285276e+01 2.576123e+01 4.394559e+01
   vertex -4.320422e+01 2.199102e+01 4.029478e+01
   vertex -4.362097e+01 2.407325e+01 4.415383e+01
  endloop
 endfacet
 facet normal -8.833807e-01 3.659077e-01 -2.928312e-01
  outer loop
   vertex -4.320422e+01 2.199102e+01 4.029478e+01
   vertex -4.437131e+01 2.238080e+01 4.430257e+01
   vertex -4.362097e+01 2.407325e+01 4.415383e+01
  endloop
 endfacet
 facet normal -8.833800e-01 3.659084e-01 -2.928324e-01
  outer loop
   vertex -4.285276e+01 2.576123e+01 4.394559e+01
   vertex -4.381576e+01 2.408692e+01 4.475851e+01
   vertex -3.889087e+01 3.889087e+01 4.840000e+01
  endloop
 endfacet
 facet normal -8.833804e-01 3.659082e-01 -2.928314e-01
  outer loop
   vertex -4.285276e+01 2.576123e+01 4.394559e+01
   vertex -3.889087e+01 3.889087e+01 4.840000e+01
   vertex -3.901727e+01 2.858214e+01 3.590000e+01
  endloop
 endfacet
 facet normal -8.833806e-01 3.659079e-01 -2.928313e-01
  outer loop
   vertex -4.320422e+01 2.199102e+01 4.029478e+01
   vertex -4.285276e+01 2.576123e+01 4.394559e+01
   vertex -4.071727e+01 2.447797e+01 3.590000e+01
  endloop
 endfacet
 facet normal -8.833806e-01 3.659080e-01 -2.928313e-01
  outer loop
   vertex -4.320422e+01 2.199102e+01 4.029478e+01
   vertex -4.217410e+01 2.096089e+01 3.590000e+01
   vertex -4.334203e+01 1.500000e+01 3.197484e+01
  endloop
 endfacet
 facet normal -8.833803e-01 3.659083e-01 -2.928316e-01
  outer loop
   vertex -4.651856e+01 1.726831e+01 4.439181e+01
   vertex -4.320422e+01 2.199102e+01 4.029478e+01
   vertex -4.472618e+01 1.111558e+01 3.129660e+01
  endloop
 endfacet
 facet normal -8.833806e-01 3.659078e-01 -2.928314e-01
  outer loop
   vertex -4.786704e+01 1.382233e+01 4.415383e+01
   vertex -4.720087e+01 1.554964e+01 4.430257e+01
   vertex -4.472618e+01 1.111558e+01 3.129660e+01
  endloop
 endfacet
 facet normal -8.833804e-01 3.659080e-01 -2.928318e-01
  outer loop
   vertex -4.811596e+01 1.359612e+01 4.462207e+01
   vertex -4.851742e+01 1.208554e+01 4.394559e+01
   vertex -5.500000e+01 6.735557e-15 4.840000e+01
  endloop
 endfacet
 facet normal -8.833804e-01 3.659081e-01 -2.928315e-01
  outer loop
   vertex -4.472618e+01 1.111558e+01 3.129660e+01
   vertex -5.500000e+01 6.735557e-15 4.840000e+01
   vertex -4.851742e+01 1.208554e+01 4.394559e+01
  endloop
 endfacet
 facet normal -8.833806e-01 3.659084e-01 -2.928305e-01
  outer loop
   vertex -5.500000e+01 6.735557e-15 4.840000e+01
   vertex -4.765095e+01 1.514552e+01 4.515535e+01
   vertex -4.811596e+01 1.359612e+01 4.462207e+01
  endloop
 endfacet
 facet normal -8.833801e-01 3.659076e-01 -2.928330e-01
  outer loop
   vertex -4.765095e+01 1.514552e+01 4.515535e+01
   vertex -5.500000e+01 6.735557e-15 4.840000e+01
   vertex -4.710363e+01 1.677046e+01 4.553469e+01
  endloop
 endfacet
 facet normal -8.833806e-01 3.659078e-01 -2.928314e-01
  outer loop
   vertex -4.720087e+01 1.554964e+01 4.430257e+01
   vertex -4.651856e+01 1.726831e+01 4.439181e+01
   vertex -4.472618e+01 1.111558e+01 3.129660e+01
  endloop
 endfacet
 facet normal -8.833812e-01 3.659090e-01 -2.928281e-01
  outer loop
   vertex -4.648941e+01 1.840474e+01 4.572392e+01
   vertex -4.710363e+01 1.677046e+01 4.553469e+01
   vertex -5.500000e+01 6.735557e-15 4.840000e+01
  endloop
 endfacet
 facet normal -8.833803e-01 3.659087e-01 -2.928311e-01
  outer loop
   vertex -4.437131e+01 2.238080e+01 4.430257e+01
   vertex -4.320422e+01 2.199102e+01 4.029478e+01
   vertex -4.510413e+01 2.068305e+01 4.439181e+01
  endloop
 endfacet
 facet normal -8.833808e-01 3.659081e-01 -2.928302e-01
  outer loop
   vertex -3.889087e+01 3.889087e+01 4.840000e+01
   vertex -4.381576e+01 2.408692e+01 4.475851e+01
   vertex -4.474908e+01 2.230515e+01 4.534765e+01
  endloop
 endfacet
 facet normal -8.833804e-01 3.659082e-01 -2.928314e-01
  outer loop
   vertex -4.648941e+01 1.840474e+01 4.572392e+01
   vertex -5.500000e+01 6.735557e-15 4.840000e+01
   vertex -3.889087e+01 3.889087e+01 4.840000e+01
  endloop
 endfacet
 facet normal -8.833806e-01 3.659075e-01 -2.928317e-01
  outer loop
   vertex -4.581976e+01 1.897917e+01 4.442156e+01
   vertex -4.510413e+01 2.068305e+01 4.439181e+01
   vertex -4.320422e+01 2.199102e+01 4.029478e+01
  endloop
 endfacet
 facet normal -8.833802e-01 3.659101e-01 -2.928296e-01
  outer loop
   vertex -4.651856e+01 1.726831e+01 4.439181e+01
   vertex -4.581976e+01 1.897917e+01 4.442156e+01
   vertex -4.320422e+01 2.199102e+01 4.029478e+01
  endloop
 endfacet
 facet normal -8.833810e-01 3.659081e-01 -2.928297e-01
  outer loop
   vertex -3.889087e+01 3.889087e+01 4.840000e+01
   vertex -4.474908e+01 2.230515e+01 4.534765e+01
   vertex -4.565561e+01 2.038542e+01 4.568356e+01
  endloop
 endfacet
 facet normal -8.833804e-01 3.659082e-01 -2.928315e-01
  outer loop
   vertex -4.648941e+01 1.840474e+01 4.572392e+01
   vertex -3.889087e+01 3.889087e+01 4.840000e+01
   vertex -4.565561e+01 2.038542e+01 4.568356e+01
  endloop
 endfacet
 facet normal -8.833805e-01 3.659080e-01 -2.928315e-01
  outer loop
   vertex -4.786704e+01 1.382233e+01 4.415383e+01
   vertex -4.472618e+01 1.111558e+01 3.129660e+01
   vertex -4.851742e+01 1.208554e+01 4.394559e+01
  endloop
 endfacet
 facet normal -8.979893e-01 1.050730e-06 -4.400172e-01
  outer loop
   vertex -4.375085e+01 -4.965504e+00 2.544267e+01
   vertex -4.862885e+01 -2.400000e+00 3.539772e+01
   vertex -4.651677e+01 -2.400000e+00 3.108737e+01
  endloop
 endfacet
 facet normal -8.979893e-01 -5.833233e-08 -4.400172e-01
  outer loop
   vertex -4.768596e+01 -4.757368e-01 3.347345e+01
   vertex -4.651677e+01 -2.400000e+00 3.108737e+01
   vertex -4.862885e+01 -2.400000e+00 3.539772e+01
  endloop
 endfacet
 facet normal -8.979893e-01 -2.071214e-07 -4.400173e-01
  outer loop
   vertex -4.346180e+01 -4.757368e-01 2.485275e+01
   vertex -4.375085e+01 -4.965504e+00 2.544267e+01
   vertex -4.440469e+01 -2.400000e+00 2.677702e+01
  endloop
 endfacet
 facet normal -8.979896e-01 -6.978561e-07 -4.400166e-01
  outer loop
   vertex -4.651677e+01 -2.400000e+00 3.108737e+01
   vertex -4.440469e+01 -2.400000e+00 2.677702e+01
   vertex -4.375085e+01 -4.965504e+00 2.544267e+01
  endloop
 endfacet
 facet normal -8.979896e-01 -1.043796e-06 -4.400166e-01
  outer loop
   vertex -4.440469e+01 -2.400000e+00 2.677702e+01
   vertex -4.651677e+01 -2.400000e+00 3.108737e+01
   vertex -4.557388e+01 -4.757368e-01 2.916310e+01
  endloop
 endfacet
 facet normal -8.979893e-01 1.692794e-06 -4.400174e-01
  outer loop
   vertex -4.229261e+01 -7.215408e+00 2.246667e+01
   vertex -4.862885e+01 -2.400000e+00 3.539772e+01
   vertex -4.375085e+01 -4.965504e+00 2.544267e+01
  endloop
 endfacet
 facet normal -8.979896e-01 -1.104169e-07 -4.400167e-01
  outer loop
   vertex -4.346180e+01 -4.757368e-01 2.485275e+01
   vertex -4.229712e+01 -2.392576e+00 2.247587e+01
   vertex -4.375085e+01 -4.965504e+00 2.544267e+01
  endloop
 endfacet
 facet normal -8.979899e-01 -6.470549e-07 -4.400161e-01
  outer loop
   vertex -3.900452e+01 -4.659513e+00 1.575632e+01
   vertex -3.608951e+01 -1.204788e+01 9.807330e+00
   vertex -3.660566e+01 -1.256403e+01 1.086071e+01
  endloop
 endfacet
 facet normal -8.979929e-01 -0.000000e+00 -4.400099e-01
  outer loop
   vertex -3.593892e+01 1.488639e+01 9.500000e+00
   vertex -3.593892e+01 -1.488639e+01 9.500000e+00
   vertex -3.604811e+01 -1.233309e+01 9.722852e+00
  endloop
 endfacet
 facet normal -8.979892e-01 8.134909e-07 -4.400174e-01
  outer loop
   vertex -3.660566e+01 -1.256403e+01 1.086071e+01
   vertex -3.604811e+01 -1.233309e+01 9.722852e+00
   vertex -3.593892e+01 -1.488639e+01 9.500000e+00
  endloop
 endfacet
 facet normal -8.979794e-01 -2.807186e-07 -4.400375e-01
  outer loop
   vertex -3.604811e+01 -1.233309e+01 9.722852e+00
   vertex -3.608951e+01 -1.204788e+01 9.807330e+00
   vertex -3.593892e+01 1.488639e+01 9.500000e+00
  endloop
 endfacet
 facet normal -8.979895e-01 4.920739e-07 -4.400170e-01
  outer loop
   vertex -4.018053e+01 -7.217064e+00 1.815632e+01
   vertex -3.660566e+01 -1.256403e+01 1.086071e+01
   vertex -3.593892e+01 -1.488639e+01 9.500000e+00
  endloop
 endfacet
 facet normal -8.979893e-01 -1.184880e-07 -4.400172e-01
  outer loop
   vertex -4.018053e+01 -7.217064e+00 1.815632e+01
   vertex -4.229261e+01 -7.215408e+00 2.246667e+01
   vertex -4.141638e+01 -5.316261e+00 2.067845e+01
  endloop
 endfacet
 facet normal -8.979895e-01 -0.000000e+00 -4.400170e-01
  outer loop
   vertex -3.900452e+01 5.472838e-15 1.575632e+01
   vertex -3.900452e+01 -4.659513e+00 1.575632e+01
   vertex -4.017624e+01 -2.391243e+00 1.814756e+01
  endloop
 endfacet
 facet normal -8.979897e-01 -4.208134e-07 -4.400164e-01
  outer loop
   vertex -3.660566e+01 -1.256403e+01 1.086071e+01
   vertex -4.018053e+01 -7.217064e+00 1.815632e+01
   vertex -3.900452e+01 -4.659513e+00 1.575632e+01
  endloop
 endfacet
 facet normal -8.979893e-01 8.536679e-07 -4.400172e-01
  outer loop
   vertex -3.593892e+01 -1.488639e+01 9.500000e+00
   vertex -4.229261e+01 -7.215408e+00 2.246667e+01
   vertex -4.018053e+01 -7.217064e+00 1.815632e+01
  endloop
 endfacet
 facet normal -8.979895e-01 1.814744e-07 -4.400169e-01
  outer loop
   vertex -4.229261e+01 -7.215408e+00 2.246667e+01
   vertex -3.593892e+01 -1.488639e+01 9.500000e+00
   vertex -4.862885e+01 -2.400000e+00 3.539772e+01
  endloop
 endfacet
 facet normal -8.979896e-01 -0.000000e+00 -4.400168e-01
  outer loop
   vertex -3.900452e+01 5.472838e-15 1.575632e+01
   vertex -3.608951e+01 -1.204788e+01 9.807330e+00
   vertex -3.900452e+01 -4.659513e+00 1.575632e+01
  endloop
 endfacet
 facet normal -8.979896e-01 -1.997038e-07 -4.400167e-01
  outer loop
   vertex -5.500000e+01 6.735557e-15 4.840000e+01
   vertex -4.862885e+01 -2.400000e+00 3.539772e+01
   vertex -3.593892e+01 -1.488639e+01 9.500000e+00
  endloop
 endfacet
 facet normal -8.979895e-01 4.631947e-07 -4.400168e-01
  outer loop
   vertex -4.862885e+01 -2.400000e+00 3.539772e+01
   vertex -5.500000e+01 6.735557e-15 4.840000e+01
   vertex -5.008710e+01 2.576447e-15 3.837371e+01
  endloop
 endfacet
 facet normal -8.979895e-01 -4.631947e-07 -4.400168e-01
  outer loop
   vertex -4.862885e+01 2.400000e+00 3.539772e+01
   vertex -5.008710e+01 2.576447e-15 3.837371e+01
   vertex -5.500000e+01 6.735557e-15 4.840000e+01
  endloop
 endfacet
 facet normal -8.979893e-01 5.833233e-08 -4.400172e-01
  outer loop
   vertex -4.768596e+01 4.757368e-01 3.347345e+01
   vertex -4.862885e+01 2.400000e+00 3.539772e+01
   vertex -4.651677e+01 2.400000e+00 3.108737e+01
  endloop
 endfacet
 facet normal -8.979893e-01 -1.050730e-06 -4.400172e-01
  outer loop
   vertex -4.375085e+01 4.965504e+00 2.544267e+01
   vertex -4.651677e+01 2.400000e+00 3.108737e+01
   vertex -4.862885e+01 2.400000e+00 3.539772e+01
  endloop
 endfacet
 facet normal -8.979893e-01 2.071214e-07 -4.400173e-01
  outer loop
   vertex -4.346180e+01 4.757368e-01 2.485275e+01
   vertex -4.440469e+01 2.400000e+00 2.677702e+01
   vertex -4.375085e+01 4.965504e+00 2.544267e+01
  endloop
 endfacet
 facet normal -8.979896e-01 6.978561e-07 -4.400166e-01
  outer loop
   vertex -4.651677e+01 2.400000e+00 3.108737e+01
   vertex -4.375085e+01 4.965504e+00 2.544267e+01
   vertex -4.440469e+01 2.400000e+00 2.677702e+01
  endloop
 endfacet
 facet normal -8.979893e-01 -1.692794e-06 -4.400174e-01
  outer loop
   vertex -4.229261e+01 7.215408e+00 2.246667e+01
   vertex -4.375085e+01 4.965504e+00 2.544267e+01
   vertex -4.862885e+01 2.400000e+00 3.539772e+01
  endloop
 endfacet
 facet normal -8.979896e-01 1.043796e-06 -4.400166e-01
  outer loop
   vertex -4.557388e+01 4.757368e-01 2.916310e+01
   vertex -4.651677e+01 2.400000e+00 3.108737e+01
   vertex -4.440469e+01 2.400000e+00 2.677702e+01
  endloop
 endfacet
 facet normal -8.979896e-01 1.997038e-07 -4.400167e-01
  outer loop
   vertex -3.593892e+01 1.488639e+01 9.500000e+00
   vertex -4.862885e+01 2.400000e+00 3.539772e+01
   vertex -5.500000e+01 6.735557e-15 4.840000e+01
  endloop
 endfacet
 facet normal -8.979896e-01 1.104169e-07 -4.400167e-01
  outer loop
   vertex -4.229712e+01 2.392576e+00 2.247587e+01
   vertex -4.346180e+01 4.757368e-01 2.485275e+01
   vertex -4.375085e+01 4.965504e+00 2.544267e+01
  endloop
 endfacet
 facet normal -8.979895e-01 -0.000000e+00 -4.400170e-01
  outer loop
   vertex -3.900452e+01 4.659513e+00 1.575632e+01
   vertex -3.900452e+01 5.472838e-15 1.575632e+01
   vertex -4.017624e+01 2.391243e+00 1.814756e+01
  endloop
 endfacet
 facet normal -8.979893e-01 1.184880e-07 -4.400172e-01
  outer loop
   vertex -4.018053e+01 7.217064e+00 1.815632e+01
   vertex -4.141638e+01 5.316261e+00 2.067845e+01
   vertex -4.229261e+01 7.215408e+00 2.246667e+01
  endloop
 endfacet
 facet normal -8.979898e-01 3.492102e-07 -4.400164e-01
  outer loop
   vertex -3.593892e+01 1.488639e+01 9.500000e+00
   vertex -3.900452e+01 4.659513e+00 1.575632e+01
   vertex -4.018053e+01 7.217064e+00 1.815632e+01
  endloop
 endfacet
 facet normal -8.979893e-01 -8.536679e-07 -4.400172e-01
  outer loop
   vertex -4.229261e+01 7.215408e+00 2.246667e+01
   vertex -3.593892e+01 1.488639e+01 9.500000e+00
   vertex -4.018053e+01 7.217064e+00 1.815632e+01
  endloop
 endfacet
 facet normal -8.979895e-01 0.000000e+00 -4.400168e-01
  outer loop
   vertex -3.900452e+01 5.472838e-15 1.575632e+01
   vertex -3.900452e+01 4.659513e+00 1.575632e+01
   vertex -3.593892e+01 1.488639e+01 9.500000e+00
  endloop
 endfacet
 facet normal -8.979895e-01 -1.814744e-07 -4.400169e-01
  outer loop
   vertex -3.593892e+01 1.488639e+01 9.500000e+00
   vertex -4.229261e+01 7.215408e+00 2.246667e+01
   vertex -4.862885e+01 2.400000e+00 3.539772e+01
  endloop
 endfacet
 facet normal -8.979895e-01 1.276221e-08 -4.400168e-01
  outer loop
   vertex -3.608951e+01 -1.204788e+01 9.807330e+00
   vertex -3.900452e+01 5.472838e-15 1.575632e+01
   vertex -3.593892e+01 1.488639e+01 9.500000e+00
  endloop
 endfacet
 facet normal -8.833805e-01 -3.659081e-01 -2.928313e-01
  outer loop
   vertex -3.593892e+01 -1.488639e+01 9.500000e+00
   vertex -3.983760e+01 -2.721193e+01 3.666254e+01
   vertex -3.823687e+01 -1.419524e+01 1.556860e+01
  endloop
 endfacet
 facet normal -8.833803e-01 -3.659087e-01 -2.928311e-01
  outer loop
   vertex -3.975242e+01 -1.500000e+01 2.114612e+01
   vertex -4.472618e+01 -1.111558e+01 3.129660e+01
   vertex -3.823687e+01 -1.419524e+01 1.556860e+01
  endloop
 endfacet
 facet normal -8.833804e-01 -3.659083e-01 -2.928313e-01
  outer loop
   vertex -5.500000e+01 6.735557e-15 4.840000e+01
   vertex -3.593892e+01 -1.488639e+01 9.500000e+00
   vertex -3.823687e+01 -1.419524e+01 1.556860e+01
  endloop
 endfacet
 facet normal -8.833805e-01 -3.659080e-01 -2.928314e-01
  outer loop
   vertex -3.975242e+01 -1.500000e+01 2.114612e+01
   vertex -4.351163e+01 -1.947001e+01 3.807200e+01
   vertex -4.334203e+01 -1.500000e+01 3.197484e+01
  endloop
 endfacet
 facet normal -8.833816e-01 -3.659056e-01 -2.928310e-01
  outer loop
   vertex -4.351163e+01 -1.947001e+01 3.807200e+01
   vertex -3.975242e+01 -1.500000e+01 2.114612e+01
   vertex -3.823687e+01 -1.419524e+01 1.556860e+01
  endloop
 endfacet
 facet normal -8.833804e-01 -3.659078e-01 -2.928318e-01
  outer loop
   vertex -4.651856e+01 -1.726831e+01 4.439181e+01
   vertex -4.720087e+01 -1.554964e+01 4.430257e+01
   vertex -4.351163e+01 -1.947001e+01 3.807200e+01
  endloop
 endfacet
 facet normal -8.833804e-01 -3.659081e-01 -2.928315e-01
  outer loop
   vertex -4.851742e+01 -1.208554e+01 4.394559e+01
   vertex -4.334203e+01 -1.500000e+01 3.197484e+01
   vertex -4.351163e+01 -1.947001e+01 3.807200e+01
  endloop
 endfacet
 facet normal -8.833804e-01 -3.659083e-01 -2.928314e-01
  outer loop
   vertex -3.983760e+01 -2.721193e+01 3.666254e+01
   vertex -3.593892e+01 -1.488639e+01 9.500000e+00
   vertex -3.889087e+01 -3.889087e+01 4.840000e+01
  endloop
 endfacet
 facet normal -8.833804e-01 -3.659081e-01 -2.928315e-01
  outer loop
   vertex -5.500000e+01 6.735557e-15 4.840000e+01
   vertex -4.472618e+01 -1.111558e+01 3.129660e+01
   vertex -4.851742e+01 -1.208554e+01 4.394559e+01
  endloop
 endfacet
 facet normal -8.833804e-01 -3.659082e-01 -2.928315e-01
  outer loop
   vertex -4.851742e+01 -1.208554e+01 4.394559e+01
   vertex -4.472618e+01 -1.111558e+01 3.129660e+01
   vertex -4.334203e+01 -1.500000e+01 3.197484e+01
  endloop
 endfacet
 facet normal -8.833804e-01 -3.659080e-01 -2.928318e-01
  outer loop
   vertex -4.811596e+01 -1.359612e+01 4.462207e+01
   vertex -5.500000e+01 6.735557e-15 4.840000e+01
   vertex -4.851742e+01 -1.208554e+01 4.394559e+01
  endloop
 endfacet
 facet normal -8.833804e-01 -3.659085e-01 -2.928312e-01
  outer loop
   vertex -3.823687e+01 -1.419524e+01 1.556860e+01
   vertex -4.472618e+01 -1.111558e+01 3.129660e+01
   vertex -5.500000e+01 6.735557e-15 4.840000e+01
  endloop
 endfacet
 facet normal -8.833804e-01 -3.659080e-01 -2.928316e-01
  outer loop
   vertex -4.786704e+01 -1.382233e+01 4.415383e+01
   vertex -4.851742e+01 -1.208554e+01 4.394559e+01
   vertex -4.351163e+01 -1.947001e+01 3.807200e+01
  endloop
 endfacet
 facet normal -8.833806e-01 -3.659084e-01 -2.928305e-01
  outer loop
   vertex -4.765095e+01 -1.514552e+01 4.515535e+01
   vertex -5.500000e+01 6.735557e-15 4.840000e+01
   vertex -4.811596e+01 -1.359612e+01 4.462207e+01
  endloop
 endfacet
 facet normal -8.833804e-01 -3.659078e-01 -2.928319e-01
  outer loop
   vertex -4.786704e+01 -1.382233e+01 4.415383e+01
   vertex -4.351163e+01 -1.947001e+01 3.807200e+01
   vertex -4.720087e+01 -1.554964e+01 4.430257e+01
  endloop
 endfacet
 facet normal -8.833806e-01 -3.659081e-01 -2.928312e-01
  outer loop
   vertex -4.437131e+01 -2.238080e+01 4.430257e+01
   vertex -4.351163e+01 -1.947001e+01 3.807200e+01
   vertex -3.983760e+01 -2.721193e+01 3.666254e+01
  endloop
 endfacet
 facet normal -8.833806e-01 -3.659076e-01 -2.928315e-01
  outer loop
   vertex -4.362097e+01 -2.407325e+01 4.415383e+01
   vertex -4.437131e+01 -2.238080e+01 4.430257e+01
   vertex -3.983760e+01 -2.721193e+01 3.666254e+01
  endloop
 endfacet
 facet normal -8.833800e-01 -3.659084e-01 -2.928324e-01
  outer loop
   vertex -3.889087e+01 -3.889087e+01 4.840000e+01
   vertex -4.381576e+01 -2.408692e+01 4.475851e+01
   vertex -4.285276e+01 -2.576123e+01 4.394559e+01
  endloop
 endfacet
 facet normal -8.833805e-01 -3.659082e-01 -2.928313e-01
  outer loop
   vertex -3.983760e+01 -2.721193e+01 3.666254e+01
   vertex -3.889087e+01 -3.889087e+01 4.840000e+01
   vertex -4.285276e+01 -2.576123e+01 4.394559e+01
  endloop
 endfacet
 facet normal -8.833808e-01 -3.659081e-01 -2.928302e-01
  outer loop
   vertex -4.474908e+01 -2.230515e+01 4.534765e+01
   vertex -4.381576e+01 -2.408692e+01 4.475851e+01
   vertex -3.889087e+01 -3.889087e+01 4.840000e+01
  endloop
 endfacet
 facet normal -8.833802e-01 -3.659087e-01 -2.928314e-01
  outer loop
   vertex -4.437131e+01 -2.238080e+01 4.430257e+01
   vertex -4.510413e+01 -2.068305e+01 4.439181e+01
   vertex -4.351163e+01 -1.947001e+01 3.807200e+01
  endloop
 endfacet
 facet normal -8.833810e-01 -3.659081e-01 -2.928297e-01
  outer loop
   vertex -4.565561e+01 -2.038542e+01 4.568356e+01
   vertex -4.474908e+01 -2.230515e+01 4.534765e+01
   vertex -3.889087e+01 -3.889087e+01 4.840000e+01
  endloop
 endfacet
 facet normal -8.833801e-01 -3.659076e-01 -2.928330e-01
  outer loop
   vertex -5.500000e+01 6.735557e-15 4.840000e+01
   vertex -4.765095e+01 -1.514552e+01 4.515535e+01
   vertex -4.710363e+01 -1.677046e+01 4.553469e+01
  endloop
 endfacet
 facet normal -8.833804e-01 -3.659082e-01 -2.928315e-01
  outer loop
   vertex -4.648941e+01 -1.840474e+01 4.572392e+01
   vertex -4.565561e+01 -2.038542e+01 4.568356e+01
   vertex -3.889087e+01 -3.889087e+01 4.840000e+01
  endloop
 endfacet
 facet normal -8.833799e-01 -3.659099e-01 -2.928308e-01
  outer loop
   vertex -4.581976e+01 -1.897917e+01 4.442156e+01
   vertex -4.651856e+01 -1.726831e+01 4.439181e+01
   vertex -4.351163e+01 -1.947001e+01 3.807200e+01
  endloop
 endfacet
 facet normal -8.833807e-01 -3.659076e-01 -2.928313e-01
  outer loop
   vertex -4.351163e+01 -1.947001e+01 3.807200e+01
   vertex -4.510413e+01 -2.068305e+01 4.439181e+01
   vertex -4.581976e+01 -1.897917e+01 4.442156e+01
  endloop
 endfacet
 facet normal -8.833804e-01 -3.659082e-01 -2.928314e-01
  outer loop
   vertex -5.500000e+01 6.735557e-15 4.840000e+01
   vertex -4.648941e+01 -1.840474e+01 4.572392e+01
   vertex -3.889087e+01 -3.889087e+01 4.840000e+01
  endloop
 endfacet
 facet normal -8.833812e-01 -3.659090e-01 -2.928281e-01
  outer loop
   vertex -4.648941e+01 -1.840474e+01 4.572392e+01
   vertex -5.500000e+01 6.735557e-15 4.840000e+01
   vertex -4.710363e+01 -1.677046e+01 4.553469e+01
  endloop
 endfacet
 facet normal -8.833806e-01 -3.659077e-01 -2.928314e-01
  outer loop
   vertex -4.285276e+01 -2.576123e+01 4.394559e+01
   vertex -4.362097e+01 -2.407325e+01 4.415383e+01
   vertex -3.983760e+01 -2.721193e+01 3.666254e+01
  endloop
 endfacet
 facet normal -6.349746e-01 -6.349746e-01 -4.400166e-01
  outer loop
   vertex -3.468964e+01 -1.799614e+01 1.218481e+01
   vertex -3.593892e+01 -1.488639e+01 9.500000e+00
   vertex -1.488639e+01 -3.593892e+01 9.500000e+00
  endloop
 endfacet
 facet normal -6.349747e-01 -6.349742e-01 -4.400169e-01
  outer loop
   vertex -3.703038e+01 -3.703038e+01 4.303038e+01
   vertex -1.799614e+01 -3.468964e+01 1.218481e+01
   vertex -1.488639e+01 -3.593892e+01 9.500000e+00
  endloop
 endfacet
 facet normal -6.349746e-01 -6.349746e-01 -4.400166e-01
  outer loop
   vertex -1.799614e+01 -3.468964e+01 1.218481e+01
   vertex -3.468964e+01 -1.799614e+01 1.218481e+01
   vertex -1.488639e+01 -3.593892e+01 9.500000e+00
  endloop
 endfacet
 facet normal -6.349742e-01 -6.349747e-01 -4.400169e-01
  outer loop
   vertex -3.889087e+01 -3.889087e+01 4.840000e+01
   vertex -3.468964e+01 -1.799614e+01 1.218481e+01
   vertex -3.703038e+01 -3.703038e+01 4.303038e+01
  endloop
 endfacet
 facet normal -6.349742e-01 -6.349747e-01 -4.400169e-01
  outer loop
   vertex -3.593892e+01 -1.488639e+01 9.500000e+00
   vertex -3.468964e+01 -1.799614e+01 1.218481e+01
   vertex -3.889087e+01 -3.889087e+01 4.840000e+01
  endloop
 endfacet
 facet normal -3.659084e-01 -8.833800e-01 -2.928324e-01
  outer loop
   vertex -2.408692e+01 -4.381576e+01 4.475851e+01
   vertex -3.889087e+01 -3.889087e+01 4.840000e+01
   vertex -2.576123e+01 -4.285276e+01 4.394559e+01
  endloop
 endfacet
 facet normal -3.659082e-01 -8.833805e-01 -2.928313e-01
  outer loop
   vertex -2.721193e+01 -3.983760e+01 3.666254e+01
   vertex -2.576123e+01 -4.285276e+01 4.394559e+01
   vertex -3.889087e+01 -3.889087e+01 4.840000e+01
  endloop
 endfacet
 facet normal -3.659087e-01 -8.833802e-01 -2.928314e-01
  outer loop
   vertex -2.068305e+01 -4.510413e+01 4.439181e+01
   vertex -2.238080e+01 -4.437131e+01 4.430257e+01
   vertex -1.947001e+01 -4.351163e+01 3.807200e+01
  endloop
 endfacet
 facet normal -3.659077e-01 -8.833807e-01 -2.928310e-01
  outer loop
   vertex -2.407325e+01 -4.362097e+01 4.415383e+01
   vertex -1.947001e+01 -4.351163e+01 3.807200e+01
   vertex -2.238080e+01 -4.437131e+01 4.430257e+01
  endloop
 endfacet
 facet normal -3.659081e-01 -8.833808e-01 -2.928302e-01
  outer loop
   vertex -2.230515e+01 -4.474908e+01 4.534765e+01
   vertex -3.889087e+01 -3.889087e+01 4.840000e+01
   vertex -2.408692e+01 -4.381576e+01 4.475851e+01
  endloop
 endfacet
 facet normal -3.659082e-01 -8.833804e-01 -2.928315e-01
  outer loop
   vertex -3.889087e+01 -3.889087e+01 4.840000e+01
   vertex -2.038542e+01 -4.565561e+01 4.568356e+01
   vertex -1.840474e+01 -4.648941e+01 4.572392e+01
  endloop
 endfacet
 facet normal -3.659081e-01 -8.833810e-01 -2.928297e-01
  outer loop
   vertex -3.889087e+01 -3.889087e+01 4.840000e+01
   vertex -2.230515e+01 -4.474908e+01 4.534765e+01
   vertex -2.038542e+01 -4.565561e+01 4.568356e+01
  endloop
 endfacet
 facet normal -3.659076e-01 -8.833807e-01 -2.928313e-01
  outer loop
   vertex -2.068305e+01 -4.510413e+01 4.439181e+01
   vertex -1.947001e+01 -4.351163e+01 3.807200e+01
   vertex -1.897917e+01 -4.581976e+01 4.442156e+01
  endloop
 endfacet
 facet normal -3.659082e-01 -8.833804e-01 -2.928314e-01
  outer loop
   vertex -1.010334e-14 -5.500000e+01 4.840000e+01
   vertex -3.889087e+01 -3.889087e+01 4.840000e+01
   vertex -1.840474e+01 -4.648941e+01 4.572392e+01
  endloop
 endfacet
 facet normal -3.659078e-01 -8.833807e-01 -2.928311e-01
  outer loop
   vertex -1.947001e+01 -4.351163e+01 3.807200e+01
   vertex -2.407325e+01 -4.362097e+01 4.415383e+01
   vertex -2.576123e+01 -4.285276e+01 4.394559e+01
  endloop
 endfacet
 facet normal -3.659090e-01 -8.833812e-01 -2.928281e-01
  outer loop
   vertex -1.677046e+01 -4.710363e+01 4.553469e+01
   vertex -1.010334e-14 -5.500000e+01 4.840000e+01
   vertex -1.840474e+01 -4.648941e+01 4.572392e+01
  endloop
 endfacet
 facet normal -3.659099e-01 -8.833799e-01 -2.928308e-01
  outer loop
   vertex -1.726831e+01 -4.651856e+01 4.439181e+01
   vertex -1.897917e+01 -4.581976e+01 4.442156e+01
   vertex -1.947001e+01 -4.351163e+01 3.807200e+01
  endloop
 endfacet
 facet normal -3.659080e-01 -8.833805e-01 -2.928313e-01
  outer loop
   vertex -2.721193e+01 -3.983760e+01 3.666254e+01
   vertex -1.947001e+01 -4.351163e+01 3.807200e+01
   vertex -2.576123e+01 -4.285276e+01 4.394559e+01
  endloop
 endfacet
 facet normal -3.659081e-01 -8.833805e-01 -2.928313e-01
  outer loop
   vertex -1.488639e+01 -3.593892e+01 9.500000e+00
   vertex -1.419524e+01 -3.823687e+01 1.556860e+01
   vertex -2.721193e+01 -3.983760e+01 3.666254e+01
  endloop
 endfacet
 facet normal -3.659083e-01 -8.833804e-01 -2.928313e-01
  outer loop
   vertex -1.010334e-14 -5.500000e+01 4.840000e+01
   vertex -1.419524e+01 -3.823687e+01 1.556860e+01
   vertex -1.488639e+01 -3.593892e+01 9.500000e+00
  endloop
 endfacet
 facet normal -3.659078e-01 -8.833804e-01 -2.928318e-01
  outer loop
   vertex -1.554964e+01 -4.720087e+01 4.430257e+01
   vertex -1.726831e+01 -4.651856e+01 4.439181e+01
   vertex -1.947001e+01 -4.351163e+01 3.807200e+01
  endloop
 endfacet
 facet normal -3.659083e-01 -8.833804e-01 -2.928314e-01
  outer loop
   vertex -1.488639e+01 -3.593892e+01 9.500000e+00
   vertex -2.721193e+01 -3.983760e+01 3.666254e+01
   vertex -3.889087e+01 -3.889087e+01 4.840000e+01
  endloop
 endfacet
 facet normal -3.659082e-01 -8.833804e-01 -2.928313e-01
  outer loop
   vertex -1.419524e+01 -3.823687e+01 1.556860e+01
   vertex -1.208554e+01 -4.851742e+01 4.394559e+01
   vertex -1.947001e+01 -4.351163e+01 3.807200e+01
  endloop
 endfacet
 facet normal -3.659084e-01 -8.833806e-01 -2.928305e-01
  outer loop
   vertex -1.010334e-14 -5.500000e+01 4.840000e+01
   vertex -1.514552e+01 -4.765095e+01 4.515535e+01
   vertex -1.359612e+01 -4.811596e+01 4.462207e+01
  endloop
 endfacet
 facet normal -3.659080e-01 -8.833804e-01 -2.928318e-01
  outer loop
   vertex -1.359612e+01 -4.811596e+01 4.462207e+01
   vertex -1.208554e+01 -4.851742e+01 4.394559e+01
   vertex -1.010334e-14 -5.500000e+01 4.840000e+01
  endloop
 endfacet
 facet normal -3.659078e-01 -8.833804e-01 -2.928319e-01
  outer loop
   vertex -1.947001e+01 -4.351163e+01 3.807200e+01
   vertex -1.382233e+01 -4.786704e+01 4.415383e+01
   vertex -1.554964e+01 -4.720087e+01 4.430257e+01
  endloop
 endfacet
 facet normal -3.659081e-01 -8.833805e-01 -2.928314e-01
  outer loop
   vertex -1.419524e+01 -3.823687e+01 1.556860e+01
   vertex -1.010334e-14 -5.500000e+01 4.840000e+01
   vertex -1.208554e+01 -4.851742e+01 4.394559e+01
  endloop
 endfacet
 facet normal -3.659080e-01 -8.833804e-01 -2.928316e-01
  outer loop
   vertex -1.382233e+01 -4.786704e+01 4.415383e+01
   vertex -1.947001e+01 -4.351163e+01 3.807200e+01
   vertex -1.208554e+01 -4.851742e+01 4.394559e+01
  endloop
 endfacet
 facet normal -3.659076e-01 -8.833801e-01 -2.928330e-01
  outer loop
   vertex -1.677046e+01 -4.710363e+01 4.553469e+01
   vertex -1.514552e+01 -4.765095e+01 4.515535e+01
   vertex -1.010334e-14 -5.500000e+01 4.840000e+01
  endloop
 endfacet
 facet normal 8.134909e-07 -8.979892e-01 -4.400174e-01
  outer loop
   vertex -1.256403e+01 -3.660566e+01 1.086071e+01
   vertex -1.488639e+01 -3.593892e+01 9.500000e+00
   vertex -1.233309e+01 -3.604811e+01 9.722852e+00
  endloop
 endfacet
 facet normal -0.000000e+00 -8.979929e-01 -4.400099e-01
  outer loop
   vertex 1.488639e+01 -3.593892e+01 9.500000e+00
   vertex -1.233309e+01 -3.604811e+01 9.722852e+00
   vertex -1.488639e+01 -3.593892e+01 9.500000e+00
  endloop
 endfacet
 facet normal 4.948308e-07 -8.979895e-01 -4.400170e-01
  outer loop
   vertex -1.010334e-14 -5.500000e+01 4.840000e+01
   vertex -1.488639e+01 -3.593892e+01 9.500000e+00
   vertex -1.256403e+01 -3.660566e+01 1.086071e+01
  endloop
 endfacet
 facet normal -3.310486e-08 -8.979895e-01 -4.400168e-01
  outer loop
   vertex -1.256403e+01 -3.660566e+01 1.086071e+01
   vertex 1.488639e+01 -3.593892e+01 9.500000e+00
   vertex -1.010334e-14 -5.500000e+01 4.840000e+01
  endloop
 endfacet
 facet normal -2.807186e-07 -8.979794e-01 -4.400375e-01
  outer loop
   vertex -1.233309e+01 -3.604811e+01 9.722852e+00
   vertex 1.488639e+01 -3.593892e+01 9.500000e+00
   vertex -1.204788e+01 -3.608951e+01 9.807330e+00
  endloop
 endfacet
 facet normal 2.598972e-08 -8.979900e-01 -4.400159e-01
  outer loop
   vertex -1.204788e+01 -3.608951e+01 9.807330e+00
   vertex 1.488639e+01 -3.593892e+01 9.500000e+00
   vertex -1.256403e+01 -3.660566e+01 1.086071e+01
  endloop
 endfacet
 facet normal 3.659080e-01 -8.833804e-01 -2.928318e-01
  outer loop
   vertex 1.359612e+01 -4.811596e+01 4.462207e+01
   vertex -1.010334e-14 -5.500000e+01 4.840000e+01
   vertex 1.208554e+01 -4.851742e+01 4.394559e+01
  endloop
 endfacet
 facet normal 3.659083e-01 -8.833805e-01 -2.928311e-01
  outer loop
   vertex 9.157017e+00 -4.901069e+01 4.177431e+01
   vertex 1.208554e+01 -4.851742e+01 4.394559e+01
   vertex -1.010334e-14 -5.500000e+01 4.840000e+01
  endloop
 endfacet
 facet normal 3.659084e-01 -8.833806e-01 -2.928305e-01
  outer loop
   vertex 1.514552e+01 -4.765095e+01 4.515535e+01
   vertex -1.010334e-14 -5.500000e+01 4.840000e+01
   vertex 1.359612e+01 -4.811596e+01 4.462207e+01
  endloop
 endfacet
 facet normal 3.659078e-01 -8.833810e-01 -2.928302e-01
  outer loop
   vertex 1.554964e+01 -4.720087e+01 4.430257e+01
   vertex 1.382233e+01 -4.786704e+01 4.415383e+01
   vertex 9.157017e+00 -4.901069e+01 4.177431e+01
  endloop
 endfacet
 facet normal 3.659079e-01 -8.833808e-01 -2.928305e-01
  outer loop
   vertex 1.554964e+01 -4.720087e+01 4.430257e+01
   vertex 9.157017e+00 -4.901069e+01 4.177431e+01
   vertex 1.726831e+01 -4.651856e+01 4.439181e+01
  endloop
 endfacet
 facet normal 3.659081e-01 -8.833807e-01 -2.928308e-01
  outer loop
   vertex 9.157017e+00 -4.901069e+01 4.177431e+01
   vertex 1.382233e+01 -4.786704e+01 4.415383e+01
   vertex 1.208554e+01 -4.851742e+01 4.394559e+01
  endloop
 endfacet
 facet normal 3.659080e-01 -8.833805e-01 -2.928315e-01
  outer loop
   vertex 9.157017e+00 -4.901069e+01 4.177431e+01
   vertex -1.010334e-14 -5.500000e+01 4.840000e+01
   vertex 8.410491e+00 -4.720842e+01 3.540459e+01
  endloop
 endfacet
 facet normal 3.659076e-01 -8.833801e-01 -2.928330e-01
  outer loop
   vertex 1.677046e+01 -4.710363e+01 4.553469e+01
   vertex -1.010334e-14 -5.500000e+01 4.840000e+01
   vertex 1.514552e+01 -4.765095e+01 4.515535e+01
  endloop
 endfacet
 facet normal 3.659082e-01 -8.833804e-01 -2.928314e-01
  outer loop
   vertex 3.889087e+01 -3.889087e+01 4.840000e+01
   vertex -1.010334e-14 -5.500000e+01 4.840000e+01
   vertex 1.840474e+01 -4.648941e+01 4.572392e+01
  endloop
 endfacet
 facet normal 3.659090e-01 -8.833812e-01 -2.928281e-01
  outer loop
   vertex -1.010334e-14 -5.500000e+01 4.840000e+01
   vertex 1.677046e+01 -4.710363e+01 4.553469e+01
   vertex 1.840474e+01 -4.648941e+01 4.572392e+01
  endloop
 endfacet
 facet normal 3.659083e-01 -8.833805e-01 -2.928309e-01
  outer loop
   vertex 1.897917e+01 -4.581976e+01 4.442156e+01
   vertex 9.157017e+00 -4.901069e+01 4.177431e+01
   vertex 2.818080e+01 -4.113078e+01 4.177431e+01
  endloop
 endfacet
 facet normal 3.659093e-01 -8.833780e-01 -2.928375e-01
  outer loop
   vertex 1.897917e+01 -4.581976e+01 4.442156e+01
   vertex 1.726831e+01 -4.651856e+01 4.439181e+01
   vertex 9.157017e+00 -4.901069e+01 4.177431e+01
  endloop
 endfacet
 facet normal 3.659072e-01 -8.833800e-01 -2.928339e-01
  outer loop
   vertex 2.068305e+01 -4.510413e+01 4.439181e+01
   vertex 1.897917e+01 -4.581976e+01 4.442156e+01
   vertex 2.818080e+01 -4.113078e+01 4.177431e+01
  endloop
 endfacet
 facet normal 3.659081e-01 -8.833810e-01 -2.928297e-01
  outer loop
   vertex 3.889087e+01 -3.889087e+01 4.840000e+01
   vertex 2.038542e+01 -4.565561e+01 4.568356e+01
   vertex 2.230515e+01 -4.474908e+01 4.534765e+01
  endloop
 endfacet
 facet normal 3.659082e-01 -8.833804e-01 -2.928315e-01
  outer loop
   vertex 2.038542e+01 -4.565561e+01 4.568356e+01
   vertex 3.889087e+01 -3.889087e+01 4.840000e+01
   vertex 1.840474e+01 -4.648941e+01 4.572392e+01
  endloop
 endfacet
 facet normal 3.659084e-01 -8.833805e-01 -2.928308e-01
  outer loop
   vertex 1.003559e+01 -4.653528e+01 3.540459e+01
   vertex 8.410491e+00 -4.720842e+01 3.540459e+01
   vertex 9.654578e+00 -4.561544e+01 3.215363e+01
  endloop
 endfacet
 facet normal 3.659098e-01 -8.833802e-01 -2.928301e-01
  outer loop
   vertex 9.654578e+00 -4.561544e+01 3.215363e+01
   vertex 8.410491e+00 -4.720842e+01 3.540459e+01
   vertex -1.010334e-14 -5.500000e+01 4.840000e+01
  endloop
 endfacet
 facet normal 3.659084e-01 -8.833805e-01 -2.928310e-01
  outer loop
   vertex 2.008275e+01 -4.129595e+01 3.215363e+01
   vertex 9.654578e+00 -4.561544e+01 3.215363e+01
   vertex 1.932010e+01 -4.053331e+01 2.890000e+01
  endloop
 endfacet
 facet normal 3.659081e-01 -8.833805e-01 -2.928314e-01
  outer loop
   vertex 2.284674e+01 -3.691784e+01 2.240000e+01
   vertex 1.779651e+01 -3.900972e+01 2.240000e+01
   vertex 1.488639e+01 -3.593892e+01 9.500000e+00
  endloop
 endfacet
 facet normal 3.659082e-01 -8.833804e-01 -2.928314e-01
  outer loop
   vertex 9.654578e+00 -4.561544e+01 3.215363e+01
   vertex 1.488639e+01 -3.593892e+01 9.500000e+00
   vertex 1.779651e+01 -3.900972e+01 2.240000e+01
  endloop
 endfacet
 facet normal 3.659083e-01 -8.833804e-01 -2.928314e-01
  outer loop
   vertex 9.654578e+00 -4.561544e+01 3.215363e+01
   vertex 1.779651e+01 -3.900972e+01 2.240000e+01
   vertex 1.932010e+01 -4.053331e+01 2.890000e+01
  endloop
 endfacet
 facet normal 3.659077e-01 -8.833806e-01 -2.928316e-01
  outer loop
   vertex 9.654578e+00 -4.561544e+01 3.215363e+01
   vertex -1.010334e-14 -5.500000e+01 4.840000e+01
   vertex 1.488639e+01 -3.593892e+01 9.500000e+00
  endloop
 endfacet
 facet normal 3.659084e-01 -8.833800e-01 -2.928324e-01
  outer loop
   vertex 2.408692e+01 -4.381576e+01 4.475851e+01
   vertex 2.576123e+01 -4.285276e+01 4.394559e+01
   vertex 3.889087e+01 -3.889087e+01 4.840000e+01
  endloop
 endfacet
 facet normal 3.659083e-01 -8.833802e-01 -2.928319e-01
  outer loop
   vertex 2.818080e+01 -4.113078e+01 4.177431e+01
   vertex 3.889087e+01 -3.889087e+01 4.840000e+01
   vertex 2.576123e+01 -4.285276e+01 4.394559e+01
  endloop
 endfacet
 facet normal 3.659073e-01 -8.833802e-01 -2.928330e-01
  outer loop
   vertex 2.818080e+01 -4.113078e+01 4.177431e+01
   vertex 2.407325e+01 -4.362097e+01 4.415383e+01
   vertex 2.238080e+01 -4.437131e+01 4.430257e+01
  endloop
 endfacet
 facet normal 3.659081e-01 -8.833808e-01 -2.928302e-01
  outer loop
   vertex 2.230515e+01 -4.474908e+01 4.534765e+01
   vertex 2.408692e+01 -4.381576e+01 4.475851e+01
   vertex 3.889087e+01 -3.889087e+01 4.840000e+01
  endloop
 endfacet
 facet normal 3.659082e-01 -8.833805e-01 -2.928311e-01
  outer loop
   vertex 2.818080e+01 -4.113078e+01 4.177431e+01
   vertex 2.749234e+01 -3.946868e+01 3.590000e+01
   vertex 2.858214e+01 -3.901727e+01 3.590000e+01
  endloop
 endfacet
 facet normal 3.659079e-01 -8.833806e-01 -2.928312e-01
  outer loop
   vertex 3.889087e+01 -3.889087e+01 4.840000e+01
   vertex 2.818080e+01 -4.113078e+01 4.177431e+01
   vertex 2.982359e+01 -3.777582e+01 3.370619e+01
  endloop
 endfacet
 facet normal 3.659081e-01 -8.833805e-01 -2.928311e-01
  outer loop
   vertex 2.858214e+01 -3.901727e+01 3.590000e+01
   vertex 2.982359e+01 -3.777582e+01 3.370619e+01
   vertex 2.818080e+01 -4.113078e+01 4.177431e+01
  endloop
 endfacet
 facet normal 3.659074e-01 -8.833802e-01 -2.928329e-01
  outer loop
   vertex 2.818080e+01 -4.113078e+01 4.177431e+01
   vertex 2.576123e+01 -4.285276e+01 4.394559e+01
   vertex 2.407325e+01 -4.362097e+01 4.415383e+01
  endloop
 endfacet
 facet normal 3.659090e-01 -8.833806e-01 -2.928298e-01
  outer loop
   vertex 2.818080e+01 -4.113078e+01 4.177431e+01
   vertex 2.238080e+01 -4.437131e+01 4.430257e+01
   vertex 2.068305e+01 -4.510413e+01 4.439181e+01
  endloop
 endfacet
 facet normal 6.349745e-01 -6.349745e-01 -4.400168e-01
  outer loop
   vertex 1.488639e+01 -3.593892e+01 9.500000e+00
   vertex 3.593892e+01 -1.488639e+01 9.500000e+00
   vertex 2.917518e+01 -3.058940e+01 2.240000e+01
  endloop
 endfacet
 facet normal 6.349743e-01 -6.349746e-01 -4.400169e-01
  outer loop
   vertex 3.142733e+01 -3.284155e+01 2.890000e+01
   vertex 2.917518e+01 -3.058940e+01 2.240000e+01
   vertex 3.593892e+01 -1.488639e+01 9.500000e+00
  endloop
 endfacet
 facet normal 6.349746e-01 -6.349744e-01 -4.400169e-01
  outer loop
   vertex 2.917518e+01 -3.058940e+01 2.240000e+01
   vertex 2.284674e+01 -3.691784e+01 2.240000e+01
   vertex 1.488639e+01 -3.593892e+01 9.500000e+00
  endloop
 endfacet
 facet normal 6.349747e-01 -6.349743e-01 -4.400169e-01
  outer loop
   vertex 2.982359e+01 -3.777582e+01 3.370619e+01
   vertex 3.309260e+01 -3.450681e+01 3.370619e+01
   vertex 3.889087e+01 -3.889087e+01 4.840000e+01
  endloop
 endfacet
 facet normal 6.349748e-01 -6.349743e-01 -4.400166e-01
  outer loop
   vertex 3.593892e+01 -1.488639e+01 9.500000e+00
   vertex 3.309260e+01 -3.450681e+01 3.370619e+01
   vertex 3.189052e+01 -3.330473e+01 3.023682e+01
  endloop
 endfacet
 facet normal 6.349746e-01 -6.349744e-01 -4.400167e-01
  outer loop
   vertex 3.189052e+01 -3.330473e+01 3.023682e+01
   vertex 3.142733e+01 -3.284155e+01 2.890000e+01
   vertex 3.593892e+01 -1.488639e+01 9.500000e+00
  endloop
 endfacet
 facet normal 6.349744e-01 -6.349745e-01 -4.400168e-01
  outer loop
   vertex 3.309260e+01 -3.450681e+01 3.370619e+01
   vertex 3.593892e+01 -1.488639e+01 9.500000e+00
   vertex 3.889087e+01 -3.889087e+01 4.840000e+01
  endloop
 endfacet
 facet normal 8.833800e-01 -3.659084e-01 -2.928324e-01
  outer loop
   vertex 4.381576e+01 -2.408692e+01 4.475851e+01
   vertex 3.889087e+01 -3.889087e+01 4.840000e+01
   vertex 4.285276e+01 -2.576123e+01 4.394559e+01
  endloop
 endfacet
 facet normal 8.833802e-01 -3.659083e-01 -2.928319e-01
  outer loop
   vertex 4.113078e+01 -2.818080e+01 4.177431e+01
   vertex 4.285276e+01 -2.576123e+01 4.394559e+01
   vertex 3.889087e+01 -3.889087e+01 4.840000e+01
  endloop
 endfacet
 facet normal 8.833808e-01 -3.659081e-01 -2.928302e-01
  outer loop
   vertex 4.474908e+01 -2.230515e+01 4.534765e+01
   vertex 3.889087e+01 -3.889087e+01 4.840000e+01
   vertex 4.381576e+01 -2.408692e+01 4.475851e+01
  endloop
 endfacet
 facet normal 8.833802e-01 -3.659073e-01 -2.928330e-01
  outer loop
   vertex 4.437131e+01 -2.238080e+01 4.430257e+01
   vertex 4.362097e+01 -2.407325e+01 4.415383e+01
   vertex 4.113078e+01 -2.818080e+01 4.177431e+01
  endloop
 endfacet
 facet normal 8.833802e-01 -3.659074e-01 -2.928329e-01
  outer loop
   vertex 4.285276e+01 -2.576123e+01 4.394559e+01
   vertex 4.113078e+01 -2.818080e+01 4.177431e+01
   vertex 4.362097e+01 -2.407325e+01 4.415383e+01
  endloop
 endfacet
 facet normal 8.833806e-01 -3.659090e-01 -2.928298e-01
  outer loop
   vertex 4.510413e+01 -2.068305e+01 4.439181e+01
   vertex 4.437131e+01 -2.238080e+01 4.430257e+01
   vertex 4.113078e+01 -2.818080e+01 4.177431e+01
  endloop
 endfacet
 facet normal 8.833805e-01 -3.659081e-01 -2.928314e-01
  outer loop
   vertex 4.113078e+01 -2.818080e+01 4.177431e+01
   vertex 3.889087e+01 -3.889087e+01 4.840000e+01
   vertex 3.932851e+01 -2.743428e+01 3.540459e+01
  endloop
 endfacet
 facet normal 8.833804e-01 -3.659082e-01 -2.928315e-01
  outer loop
   vertex 3.889087e+01 -3.889087e+01 4.840000e+01
   vertex 4.565561e+01 -2.038542e+01 4.568356e+01
   vertex 4.648941e+01 -1.840474e+01 4.572392e+01
  endloop
 endfacet
 facet normal 8.833810e-01 -3.659081e-01 -2.928297e-01
  outer loop
   vertex 3.889087e+01 -3.889087e+01 4.840000e+01
   vertex 4.474908e+01 -2.230515e+01 4.534765e+01
   vertex 4.565561e+01 -2.038542e+01 4.568356e+01
  endloop
 endfacet
 facet normal 8.833800e-01 -3.659072e-01 -2.928339e-01
  outer loop
   vertex 4.581976e+01 -1.897917e+01 4.442156e+01
   vertex 4.510413e+01 -2.068305e+01 4.439181e+01
   vertex 4.113078e+01 -2.818080e+01 4.177431e+01
  endloop
 endfacet
 facet normal 8.833816e-01 -3.659105e-01 -2.928251e-01
  outer loop
   vertex 4.581976e+01 -1.897917e+01 4.442156e+01
   vertex 4.113078e+01 -2.818080e+01 4.177431e+01
   vertex 4.651856e+01 -1.726831e+01 4.439181e+01
  endloop
 endfacet
 facet normal 8.833804e-01 -3.659082e-01 -2.928314e-01
  outer loop
   vertex 5.500000e+01 0.000000e+00 4.840000e+01
   vertex 3.889087e+01 -3.889087e+01 4.840000e+01
   vertex 4.648941e+01 -1.840474e+01 4.572392e+01
  endloop
 endfacet
 facet normal 8.833812e-01 -3.659090e-01 -2.928281e-01
  outer loop
   vertex 4.710363e+01 -1.677046e+01 4.553469e+01
   vertex 5.500000e+01 0.000000e+00 4.840000e+01
   vertex 4.648941e+01 -1.840474e+01 4.572392e+01
  endloop
 endfacet
 facet normal 8.833802e-01 -3.659082e-01 -2.928320e-01
  outer loop
   vertex 4.113078e+01 -2.818080e+01 4.177431e+01
   vertex 4.901069e+01 -9.157017e+00 4.177431e+01
   vertex 4.651856e+01 -1.726831e+01 4.439181e+01
  endloop
 endfacet
 facet normal 8.833805e-01 -3.659084e-01 -2.928308e-01
  outer loop
   vertex 3.908181e+01 -2.542817e+01 3.215363e+01
   vertex 4.000164e+01 -2.580918e+01 3.540459e+01
   vertex 3.932851e+01 -2.743428e+01 3.540459e+01
  endloop
 endfacet
 facet normal 8.833808e-01 -3.659079e-01 -2.928305e-01
  outer loop
   vertex 4.651856e+01 -1.726831e+01 4.439181e+01
   vertex 4.901069e+01 -9.157017e+00 4.177431e+01
   vertex 4.720087e+01 -1.554964e+01 4.430257e+01
  endloop
 endfacet
 facet normal 8.833804e-01 -3.659082e-01 -2.928314e-01
  outer loop
   vertex 4.561544e+01 -9.654578e+00 3.215363e+01
   vertex 3.908181e+01 -2.542817e+01 3.215363e+01
   vertex 3.593892e+01 -1.488639e+01 9.500000e+00
  endloop
 endfacet
 facet normal 8.833821e-01 -3.659058e-01 -2.928294e-01
  outer loop
   vertex 3.889087e+01 -3.889087e+01 4.840000e+01
   vertex 3.908181e+01 -2.542817e+01 3.215363e+01
   vertex 3.932851e+01 -2.743428e+01 3.540459e+01
  endloop
 endfacet
 facet normal 8.833805e-01 -3.659084e-01 -2.928308e-01
  outer loop
   vertex 4.720842e+01 -8.410491e+00 3.540459e+01
   vertex 4.653528e+01 -1.003559e+01 3.540459e+01
   vertex 4.561544e+01 -9.654578e+00 3.215363e+01
  endloop
 endfacet
 facet normal 8.833806e-01 -3.659077e-01 -2.928316e-01
  outer loop
   vertex 4.561544e+01 -9.654578e+00 3.215363e+01
   vertex 3.593892e+01 -1.488639e+01 9.500000e+00
   vertex 5.500000e+01 0.000000e+00 4.840000e+01
  endloop
 endfacet
 facet normal 8.833805e-01 -3.659082e-01 -2.928313e-01
  outer loop
   vertex 3.908181e+01 -2.542817e+01 3.215363e+01
   vertex 3.889087e+01 -3.889087e+01 4.840000e+01
   vertex 3.593892e+01 -1.488639e+01 9.500000e+00
  endloop
 endfacet
 facet normal 8.833806e-01 -3.659084e-01 -2.928305e-01
  outer loop
   vertex 5.500000e+01 0.000000e+00 4.840000e+01
   vertex 4.765095e+01 -1.514552e+01 4.515535e+01
   vertex 4.811596e+01 -1.359612e+01 4.462207e+01
  endloop
 endfacet
 facet normal 8.833807e-01 -3.659081e-01 -2.928308e-01
  outer loop
   vertex 4.851742e+01 -1.208554e+01 4.394559e+01
   vertex 4.786704e+01 -1.382233e+01 4.415383e+01
   vertex 4.901069e+01 -9.157017e+00 4.177431e+01
  endloop
 endfacet
 facet normal 8.833810e-01 -3.659078e-01 -2.928302e-01
  outer loop
   vertex 4.720087e+01 -1.554964e+01 4.430257e+01
   vertex 4.901069e+01 -9.157017e+00 4.177431e+01
   vertex 4.786704e+01 -1.382233e+01 4.415383e+01
  endloop
 endfacet
 facet normal 8.833805e-01 -3.659080e-01 -2.928315e-01
  outer loop
   vertex 4.720842e+01 -8.410491e+00 3.540459e+01
   vertex 5.500000e+01 0.000000e+00 4.840000e+01
   vertex 4.901069e+01 -9.157017e+00 4.177431e+01
  endloop
 endfacet
 facet normal 8.833805e-01 -3.659083e-01 -2.928311e-01
  outer loop
   vertex 4.851742e+01 -1.208554e+01 4.394559e+01
   vertex 4.901069e+01 -9.157017e+00 4.177431e+01
   vertex 5.500000e+01 0.000000e+00 4.840000e+01
  endloop
 endfacet
 facet normal 8.833802e-01 -3.659098e-01 -2.928301e-01
  outer loop
   vertex 5.500000e+01 0.000000e+00 4.840000e+01
   vertex 4.720842e+01 -8.410491e+00 3.540459e+01
   vertex 4.561544e+01 -9.654578e+00 3.215363e+01
  endloop
 endfacet
 facet normal 8.833804e-01 -3.659080e-01 -2.928318e-01
  outer loop
   vertex 4.811596e+01 -1.359612e+01 4.462207e+01
   vertex 4.851742e+01 -1.208554e+01 4.394559e+01
   vertex 5.500000e+01 0.000000e+00 4.840000e+01
  endloop
 endfacet
 facet normal 8.833801e-01 -3.659076e-01 -2.928330e-01
  outer loop
   vertex 4.710363e+01 -1.677046e+01 4.553469e+01
   vertex 4.765095e+01 -1.514552e+01 4.515535e+01
   vertex 5.500000e+01 0.000000e+00 4.840000e+01
  endloop
 endfacet
 facet normal 8.979895e-01 0.000000e+00 -4.400168e-01
  outer loop
   vertex 5.500000e+01 0.000000e+00 4.840000e+01
   vertex 3.593892e+01 -1.488639e+01 9.500000e+00
   vertex 3.593892e+01 1.488639e+01 9.500000e+00
  endloop
 endfacet
 facet normal 0.000000e+00 0.000000e+00 -1.000000e+00
  outer loop
   vertex 3.200000e+01 0.000000e+00 0.000000e+00
   vertex 5.592847e-01 1.391834e+00 0.000000e+00
   vertex 2.262742e+01 2.262742e+01 0.000000e+00
  endloop
 endfacet
 facet normal 0.000000e+00 0.000000e+00 -1.000000e+00
  outer loop
   vertex 3.200000e+01 0.000000e+00 0.000000e+00
   vertex 9.910121e-01 1.126009e+00 0.000000e+00
   vertex 7.864609e-01 1.277294e+00 0.000000e+00
  endloop
 endfacet
 facet normal 0.000000e+00 0.000000e+00 -1.000000e+00
  outer loop
   vertex 3.200000e+01 0.000000e+00 0.000000e+00
   vertex 1.167054e+00 9.423300e-01 0.000000e+00
   vertex 9.910121e-01 1.126009e+00 0.000000e+00
  endloop
 endfacet
 facet normal 0.000000e+00 0.000000e+00 -1.000000e+00
  outer loop
   vertex 1.167054e+00 9.423300e-01 0.000000e+00
   vertex 3.200000e+01 0.000000e+00 0.000000e+00
   vertex 1.309521e+00 7.315424e-01 0.000000e+00
  endloop
 endfacet
 facet normal 0.000000e+00 0.000000e+00 -1.000000e+00
  outer loop
   vertex 7.864609e-01 1.277294e+00 0.000000e+00
   vertex 5.592847e-01 1.391834e+00 0.000000e+00
   vertex 3.200000e+01 0.000000e+00 0.000000e+00
  endloop
 endfacet
 facet normal -2.329648e-16 2.804899e-14 -1.000000e+00
  outer loop
   vertex 3.200000e+01 0.000000e+00 0.000000e+00
   vertex 1.478424e+00 -2.535012e-01 0.000000e+00
   vertex 1.500000e+00 -2.664535e-15 7.105427e-15
  endloop
 endfacet
 facet normal 0.000000e+00 0.000000e+00 -1.000000e+00
  outer loop
   vertex 3.200000e+01 0.000000e+00 0.000000e+00
   vertex 1.414316e+00 -4.997097e-01 0.000000e+00
   vertex 1.478424e+00 -2.535012e-01 0.000000e+00
  endloop
 endfacet
 facet normal 0.000000e+00 0.000000e+00 -1.000000e+00
  outer loop
   vertex 3.200000e+01 0.000000e+00 0.000000e+00
   vertex 1.414316e+00 4.997097e-01 0.000000e+00
   vertex 1.309521e+00 7.315424e-01 0.000000e+00
  endloop
 endfacet
 facet normal 0.000000e+00 0.000000e+00 -1.000000e+00
  outer loop
   vertex 3.200000e+01 0.000000e+00 0.000000e+00
   vertex 1.478424e+00 2.535012e-01 0.000000e+00
   vertex 1.414316e+00 4.997097e-01 0.000000e+00
  endloop
 endfacet
 facet normal -2.329648e-16 -2.804899e-14 -1.000000e+00
  outer loop
   vertex 3.200000e+01 0.000000e+00 0.000000e+00
   vertex 1.500000e+00 -2.664535e-15 7.105427e-15
   vertex 1.478424e+00 2.535012e-01 0.000000e+00
  endloop
 endfacet
 facet normal 0.000000e+00 0.000000e+00 -1.000000e+00
  outer loop
   vertex 1.414316e+00 -4.997097e-01 0.000000e+00
   vertex 3.200000e+01 0.000000e+00 0.000000e+00
   vertex 2.262742e+01 -2.262742e+01 0.000000e+00
  endloop
 endfacet
 facet normal 0.000000e+00 0.000000e+00 -1.000000e+00
  outer loop
   vertex -2.262742e+01 2.262742e+01 0.000000e+00
   vertex 5.592847e-01 1.391834e+00 0.000000e+00
   vertex 3.160189e-01 1.466333e+00 0.000000e+00
  endloop
 endfacet
 facet normal 0.000000e+00 -0.000000e+00 -1.000000e+00
  outer loop
   vertex 1.959435e-15 3.200000e+01 0.000000e+00
   vertex 5.592847e-01 1.391834e+00 0.000000e+00
   vertex -2.262742e+01 2.262742e+01 0.000000e+00
  endloop
 endfacet
 facet normal 0.000000e+00 0.000000e+00 -1.000000e+00
  outer loop
   vertex 6.366181e-02 1.498648e+00 0.000000e+00
   vertex -2.262742e+01 2.262742e+01 0.000000e+00
   vertex 3.160189e-01 1.466333e+00 0.000000e+00
  endloop
 endfacet
 facet normal 0.000000e+00 0.000000e+00 -1.000000e+00
  outer loop
   vertex -1.905267e-01 1.487851e+00 0.000000e+00
   vertex -2.262742e+01 2.262742e+01 0.000000e+00
   vertex 6.366181e-02 1.498648e+00 0.000000e+00
  endloop
 endfacet
 facet normal -0.000000e+00 0.000000e+00 -1.000000e+00
  outer loop
   vertex 2.262742e+01 2.262742e+01 0.000000e+00
   vertex 5.592847e-01 1.391834e+00 0.000000e+00
   vertex 1.959435e-15 3.200000e+01 0.000000e+00
  endloop
 endfacet
 facet normal 0.000000e+00 0.000000e+00 -1.000000e+00
  outer loop
   vertex -2.262742e+01 2.262742e+01 0.000000e+00
   vertex -4.392342e-01 1.434250e+00 0.000000e+00
   vertex -6.753056e-01 1.339389e+00 0.000000e+00
  endloop
 endfacet
 facet normal 0.000000e+00 0.000000e+00 -1.000000e+00
  outer loop
   vertex -2.262742e+01 2.262742e+01 0.000000e+00
   vertex -1.905267e-01 1.487851e+00 0.000000e+00
   vertex -4.392342e-01 1.434250e+00 0.000000e+00
  endloop
 endfacet
 facet normal 0.000000e+00 0.000000e+00 -1.000000e+00
  outer loop
   vertex -2.262742e+01 2.262742e+01 0.000000e+00
   vertex -1.082934e+00 1.037908e+00 0.000000e+00
   vertex -1.242764e+00 8.399622e-01 0.000000e+00
  endloop
 endfacet
 facet normal 0.000000e+00 0.000000e+00 -1.000000e+00
  outer loop
   vertex -2.262742e+01 2.262742e+01 0.000000e+00
   vertex -8.919498e-01 1.205996e+00 0.000000e+00
   vertex -1.082934e+00 1.037908e+00 0.000000e+00
  endloop
 endfacet
 facet normal 0.000000e+00 0.000000e+00 -1.000000e+00
  outer loop
   vertex -2.262742e+01 2.262742e+01 0.000000e+00
   vertex -6.753056e-01 1.339389e+00 0.000000e+00
   vertex -8.919498e-01 1.205996e+00 0.000000e+00
  endloop
 endfacet
 facet normal 0.000000e+00 0.000000e+00 -1.000000e+00
  outer loop
   vertex -1.366843e+00 6.178519e-01 0.000000e+00
   vertex -2.262742e+01 2.262742e+01 0.000000e+00
   vertex -1.242764e+00 8.399622e-01 0.000000e+00
  endloop
 endfacet
 facet normal 0.000000e+00 0.000000e+00 -1.000000e+00
  outer loop
   vertex 2.262742e+01 -2.262742e+01 0.000000e+00
   vertex 1.167054e+00 -9.423300e-01 0.000000e+00
   vertex 1.309521e+00 -7.315424e-01 0.000000e+00
  endloop
 endfacet
 facet normal 0.000000e+00 0.000000e+00 -1.000000e+00
  outer loop
   vertex 2.262742e+01 -2.262742e+01 0.000000e+00
   vertex 7.864609e-01 -1.277294e+00 0.000000e+00
   vertex 9.910121e-01 -1.126009e+00 0.000000e+00
  endloop
 endfacet
 facet normal 0.000000e+00 0.000000e+00 -1.000000e+00
  outer loop
   vertex 2.262742e+01 -2.262742e+01 0.000000e+00
   vertex 5.592847e-01 -1.391834e+00 0.000000e+00
   vertex 7.864609e-01 -1.277294e+00 0.000000e+00
  endloop
 endfacet
 facet normal 0.000000e+00 0.000000e+00 -1.000000e+00
  outer loop
   vertex 9.910121e-01 -1.126009e+00 0.000000e+00
   vertex 1.167054e+00 -9.423300e-01 0.000000e+00
   vertex 2.262742e+01 -2.262742e+01 0.000000e+00
  endloop
 endfacet
 facet normal 0.000000e+00 0.000000e+00 -1.000000e+00
  outer loop
   vertex 2.262742e+01 -2.262742e+01 0.000000e+00
   vertex 6.366181e-02 -1.498648e+00 0.000000e+00
   vertex 3.160189e-01 -1.466333e+00 0.000000e+00
  endloop
 endfacet
 facet normal 0.000000e+00 -0.000000e+00 -1.000000e+00
  outer loop
   vertex 5.592847e-01 -1.391834e+00 0.000000e+00
   vertex 2.262742e+01 -2.262742e+01 0.000000e+00
   vertex 3.160189e-01 -1.466333e+00 0.000000e+00
  endloop
 endfacet
 facet normal 0.000000e+00 0.000000e+00 -1.000000e+00
  outer loop
   vertex -5.878304e-15 -3.200000e+01 0.000000e+00
   vertex -4.392342e-01 -1.434250e+00 0.000000e+00
   vertex 2.262742e+01 -2.262742e+01 0.000000e+00
  endloop
 endfacet
 facet normal 0.000000e+00 0.000000e+00 -1.000000e+00
  outer loop
   vertex 2.262742e+01 -2.262742e+01 0.000000e+00
   vertex -1.905267e-01 -1.487851e+00 0.000000e+00
   vertex 6.366181e-02 -1.498648e+00 0.000000e+00
  endloop
 endfacet
 facet normal 0.000000e+00 0.000000e+00 -1.000000e+00
  outer loop
   vertex 2.262742e+01 -2.262742e+01 0.000000e+00
   vertex -4.392342e-01 -1.434250e+00 0.000000e+00
   vertex -1.905267e-01 -1.487851e+00 0.000000e+00
  endloop
 endfacet
 facet normal -0.000000e+00 -0.000000e+00 -1.000000e+00
  outer loop
   vertex -4.392342e-01 -1.434250e+00 0.000000e+00
   vertex -5.878304e-15 -3.200000e+01 0.000000e+00
   vertex -6.753056e-01 -1.339389e+00 0.000000e+00
  endloop
 endfacet
 facet normal 0.000000e+00 0.000000e+00 -1.000000e+00
  outer loop
   vertex 2.262742e+01 -2.262742e+01 0.000000e+00
   vertex 1.309521e+00 -7.315424e-01 0.000000e+00
   vertex 1.414316e+00 -4.997097e-01 0.000000e+00
  endloop
 endfacet
 facet normal 0.000000e+00 0.000000e+00 -1.000000e+00
  outer loop
   vertex -3.200000e+01 3.918870e-15 0.000000e+00
   vertex -1.451599e+00 -3.779671e-01 0.000000e+00
   vertex -1.366843e+00 -6.178519e-01 0.000000e+00
  endloop
 endfacet
 facet normal 0.000000e+00 0.000000e+00 -1.000000e+00
  outer loop
   vertex -3.200000e+01 3.918870e-15 0.000000e+00
   vertex -1.494596e+00 -1.272089e-01 0.000000e+00
   vertex -1.451599e+00 -3.779671e-01 0.000000e+00
  endloop
 endfacet
 facet normal 0.000000e+00 0.000000e+00 -1.000000e+00
  outer loop
   vertex -3.200000e+01 3.918870e-15 0.000000e+00
   vertex -1.451599e+00 3.779671e-01 0.000000e+00
   vertex -1.494596e+00 1.272089e-01 0.000000e+00
  endloop
 endfacet
 facet normal 0.000000e+00 0.000000e+00 -1.000000e+00
  outer loop
   vertex -3.200000e+01 3.918870e-15 0.000000e+00
   vertex -1.366843e+00 6.178519e-01 0.000000e+00
   vertex -1.451599e+00 3.779671e-01 0.000000e+00
  endloop
 endfacet
 facet normal 0.000000e+00 -0.000000e+00 -1.000000e+00
  outer loop
   vertex -1.494596e+00 1.272089e-01 0.000000e+00
   vertex -1.494596e+00 -1.272089e-01 0.000000e+00
   vertex -3.200000e+01 3.918870e-15 0.000000e+00
  endloop
 endfacet
 facet normal 0.000000e+00 0.000000e+00 -1.000000e+00
  outer loop
   vertex -3.200000e+01 3.918870e-15 0.000000e+00
   vertex -8.919498e-01 -1.205996e+00 0.000000e+00
   vertex -6.753056e-01 -1.339389e+00 0.000000e+00
  endloop
 endfacet
 facet normal 0.000000e+00 0.000000e+00 -1.000000e+00
  outer loop
   vertex -3.200000e+01 3.918870e-15 0.000000e+00
   vertex -1.082934e+00 -1.037908e+00 0.000000e+00
   vertex -8.919498e-01 -1.205996e+00 0.000000e+00
  endloop
 endfacet
 facet normal -0.000000e+00 -0.000000e+00 -1.000000e+00
  outer loop
   vertex -1.242764e+00 -8.399622e-01 0.000000e+00
   vertex -1.082934e+00 -1.037908e+00 0.000000e+00
   vertex -3.200000e+01 3.918870e-15 0.000000e+00
  endloop
 endfacet
 facet normal 0.000000e+00 0.000000e+00 -1.000000e+00
  outer loop
   vertex -2.262742e+01 -2.262742e+01 0.000000e+00
   vertex -3.200000e+01 3.918870e-15 0.000000e+00
   vertex -6.753056e-01 -1.339389e+00 0.000000e+00
  endloop
 endfacet
 facet normal -0.000000e+00 -0.000000e+00 -1.000000e+00
  outer loop
   vertex -1.366843e+00 -6.178519e-01 0.000000e+00
   vertex -1.242764e+00 -8.399622e-01 0.000000e+00
   vertex -3.200000e+01 3.918870e-15 0.000000e+00
  endloop
 endfacet
 facet normal 0.000000e+00 0.000000e+00 -1.000000e+00
  outer loop
   vertex -2.262742e+01 -2.262742e+01 0.000000e+00
   vertex -6.753056e-01 -1.339389e+00 0.000000e+00
   vertex -5.878304e-15 -3.200000e+01 0.000000e+00
  endloop
 endfacet
 facet normal 0.000000e+00 -0.000000e+00 -1.000000e+00
  outer loop
   vertex -2.262742e+01 2.262742e+01 0.000000e+00
   vertex -1.366843e+00 6.178519e-01 0.000000e+00
   vertex -3.200000e+01 3.918870e-15 0.000000e+00
  endloop
 endfacet
 facet normal -0.000000e+00 0.000000e+00 1.000000e+00
  outer loop
   vertex 3.668434e-01 -5.319540e+01 4.840000e+01
   vertex -1.010334e-14 -5.500000e+01 4.840000e+01
   vertex 1.108529e+01 -4.875568e+01 4.840000e+01
  endloop
 endfacet
 facet normal 0.000000e+00 0.000000e+00 1.000000e+00
  outer loop
   vertex 1.435594e+01 -4.789475e+01 4.840000e+01
   vertex 1.108529e+01 -4.875568e+01 4.840000e+01
   vertex -1.010334e-14 -5.500000e+01 4.840000e+01
  endloop
 endfacet
 facet normal 0.000000e+00 0.000000e+00 1.000000e+00
  outer loop
   vertex -1.010334e-14 -5.500000e+01 4.840000e+01
   vertex 1.756091e+01 -4.681468e+01 4.840000e+01
   vertex 1.435594e+01 -4.789475e+01 4.840000e+01
  endloop
 endfacet
 facet normal -0.000000e+00 0.000000e+00 1.000000e+00
  outer loop
   vertex 1.756091e+01 -4.681468e+01 4.840000e+01
   vertex -1.010334e-14 -5.500000e+01 4.840000e+01
   vertex 3.889087e+01 -3.889087e+01 4.840000e+01
  endloop
 endfacet
 facet normal 0.000000e+00 0.000000e+00 1.000000e+00
  outer loop
   vertex -1.435594e+01 -4.789475e+01 4.840000e+01
   vertex -1.756091e+01 -4.681468e+01 4.840000e+01
   vertex -1.010334e-14 -5.500000e+01 4.840000e+01
  endloop
 endfacet
 facet normal 0.000000e+00 -0.000000e+00 1.000000e+00
  outer loop
   vertex -1.010334e-14 -5.500000e+01 4.840000e+01
   vertex 3.668434e-01 -5.319540e+01 4.840000e+01
   vertex -3.668434e-01 -5.319540e+01 4.840000e+01
  endloop
 endfacet
 facet normal 0.000000e+00 0.000000e+00 1.000000e+00
  outer loop
   vertex -1.010334e-14 -5.500000e+01 4.840000e+01
   vertex -1.108529e+01 -4.875568e+01 4.840000e+01
   vertex -1.435594e+01 -4.789475e+01 4.840000e+01
  endloop
 endfacet
 facet normal 0.000000e+00 0.000000e+00 1.000000e+00
  outer loop
   vertex -1.010334e-14 -5.500000e+01 4.840000e+01
   vertex -3.668434e-01 -5.319540e+01 4.840000e+01
   vertex -1.108529e+01 -4.875568e+01 4.840000e+01
  endloop
 endfacet
 facet normal 0.000000e+00 0.000000e+00 1.000000e+00
  outer loop
   vertex -3.889087e+01 -3.889087e+01 4.840000e+01
   vertex -1.010334e-14 -5.500000e+01 4.840000e+01
   vertex -2.068554e+01 -4.552042e+01 4.840000e+01
  endloop
 endfacet
 facet normal -0.000000e+00 0.000000e+00 1.000000e+00
  outer loop
   vertex 3.735543e+01 -3.787423e+01 4.840000e+01
   vertex 3.889087e+01 -3.889087e+01 4.840000e+01
   vertex 3.787423e+01 -3.735543e+01 4.840000e+01
  endloop
 endfacet
 facet normal 0.000000e+00 -0.000000e+00 1.000000e+00
  outer loop
   vertex 3.889087e+01 -3.889087e+01 4.840000e+01
   vertex 4.231395e+01 -2.663699e+01 4.840000e+01
   vertex 3.787423e+01 -3.735543e+01 4.840000e+01
  endloop
 endfacet
 facet normal 0.000000e+00 0.000000e+00 1.000000e+00
  outer loop
   vertex 3.889087e+01 -3.889087e+01 4.840000e+01
   vertex 4.552042e+01 -2.068554e+01 4.840000e+01
   vertex 4.401789e+01 -2.371552e+01 4.840000e+01
  endloop
 endfacet
 facet normal -0.000000e+00 0.000000e+00 1.000000e+00
  outer loop
   vertex 4.552042e+01 -2.068554e+01 4.840000e+01
   vertex 3.889087e+01 -3.889087e+01 4.840000e+01
   vertex 5.500000e+01 0.000000e+00 4.840000e+01
  endloop
 endfacet
 facet normal 0.000000e+00 0.000000e+00 1.000000e+00
  outer loop
   vertex 4.401789e+01 -2.371552e+01 4.840000e+01
   vertex 4.231395e+01 -2.663699e+01 4.840000e+01
   vertex 3.889087e+01 -3.889087e+01 4.840000e+01
  endloop
 endfacet
 facet normal -0.000000e+00 0.000000e+00 1.000000e+00
  outer loop
   vertex 2.371552e+01 -4.401789e+01 4.840000e+01
   vertex 2.068554e+01 -4.552042e+01 4.840000e+01
   vertex 3.889087e+01 -3.889087e+01 4.840000e+01
  endloop
 endfacet
 facet normal 0.000000e+00 0.000000e+00 1.000000e+00
  outer loop
   vertex 3.889087e+01 -3.889087e+01 4.840000e+01
   vertex 2.663699e+01 -4.231395e+01 4.840000e+01
   vertex 2.371552e+01 -4.401789e+01 4.840000e+01
  endloop
 endfacet
 facet normal 0.000000e+00 0.000000e+00 1.000000e+00
  outer loop
   vertex 3.889087e+01 -3.889087e+01 4.840000e+01
   vertex 3.735543e+01 -3.787423e+01 4.840000e+01
   vertex 2.663699e+01 -4.231395e+01 4.840000e+01
  endloop
 endfacet
 facet normal 0.000000e+00 0.000000e+00 1.000000e+00
  outer loop
   vertex 1.756091e+01 -4.681468e+01 4.840000e+01
   vertex 3.889087e+01 -3.889087e+01 4.840000e+01
   vertex 2.068554e+01 -4.552042e+01 4.840000e+01
  endloop
 endfacet
 facet normal 0.000000e+00 0.000000e+00 1.000000e+00
  outer loop
   vertex -2.371552e+01 -4.401789e+01 4.840000e+01
   vertex -3.889087e+01 -3.889087e+01 4.840000e+01
   vertex -2.068554e+01 -4.552042e+01 4.840000e+01
  endloop
 endfacet
 facet normal 0.000000e+00 0.000000e+00 1.000000e+00
  outer loop
   vertex -3.889087e+01 -3.889087e+01 4.840000e+01
   vertex -2.371552e+01 -4.401789e+01 4.840000e+01
   vertex -2.663699e+01 -4.231395e+01 4.840000e+01
  endloop
 endfacet
 facet normal 0.000000e+00 0.000000e+00 1.000000e+00
  outer loop
   vertex -2.663699e+01 -4.231395e+01 4.840000e+01
   vertex -3.735543e+01 -3.787423e+01 4.840000e+01
   vertex -3.889087e+01 -3.889087e+01 4.840000e+01
  endloop
 endfacet
 facet normal 0.000000e+00 0.000000e+00 1.000000e+00
  outer loop
   vertex -4.231395e+01 -2.663699e+01 4.840000e+01
   vertex -3.889087e+01 -3.889087e+01 4.840000e+01
   vertex -3.787423e+01 -3.735543e+01 4.840000e+01
  endloop
 endfacet
 facet normal 0.000000e+00 0.000000e+00 1.000000e+00
  outer loop
   vertex -3.735543e+01 -3.787423e+01 4.840000e+01
   vertex -3.787423e+01 -3.735543e+01 4.840000e+01
   vertex -3.889087e+01 -3.889087e+01 4.840000e+01
  endloop
 endfacet
 facet normal 0.000000e+00 0.000000e+00 1.000000e+00
  outer loop
   vertex -3.889087e+01 -3.889087e+01 4.840000e+01
   vertex -4.401789e+01 -2.371552e+01 4.840000e+01
   vertex -4.552042e+01 -2.068554e+01 4.840000e+01
  endloop
 endfacet
 facet normal 0.000000e+00 0.000000e+00 1.000000e+00
  outer loop
   vertex -3.889087e+01 -3.889087e+01 4.840000e+01
   vertex -4.231395e+01 -2.663699e+01 4.840000e+01
   vertex -4.401789e+01 -2.371552e+01 4.840000e+01
  endloop
 endfacet
 facet normal 0.000000e+00 0.000000e+00 1.000000e+00
  outer loop
   vertex -5.500000e+01 6.735557e-15 4.840000e+01
   vertex -3.889087e+01 -3.889087e+01 4.840000e+01
   vertex -4.552042e+01 -2.068554e+01 4.840000e+01
  endloop
 endfacet
 facet normal 0.000000e+00 0.000000e+00 1.000000e+00
  outer loop
   vertex -4.789475e+01 -1.435594e+01 4.840000e+01
   vertex -5.500000e+01 6.735557e-15 4.840000e+01
   vertex -4.681468e+01 -1.756091e+01 4.840000e+01
  endloop
 endfacet
 facet normal -0.000000e+00 0.000000e+00 1.000000e+00
  outer loop
   vertex -5.500000e+01 6.735557e-15 4.840000e+01
   vertex -5.319540e+01 -3.668434e-01 4.840000e+01
   vertex -5.319540e+01 3.668434e-01 4.840000e+01
  endloop
 endfacet
 facet normal 0.000000e+00 0.000000e+00 1.000000e+00
  outer loop
   vertex -5.500000e+01 6.735557e-15 4.840000e+01
   vertex -4.789475e+01 -1.435594e+01 4.840000e+01
   vertex -4.875568e+01 -1.108529e+01 4.840000e+01
  endloop
 endfacet
 facet normal 0.000000e+00 0.000000e+00 1.000000e+00
  outer loop
   vertex -4.875568e+01 -1.108529e+01 4.840000e+01
   vertex -5.319540e+01 -3.668434e-01 4.840000e+01
   vertex -5.500000e+01 6.735557e-15 4.840000e+01
  endloop
 endfacet
 facet normal 0.000000e+00 0.000000e+00 1.000000e+00
  outer loop
   vertex -4.789475e+01 1.435594e+01 4.840000e+01
   vertex -5.500000e+01 6.735557e-15 4.840000e+01
   vertex -4.875568e+01 1.108529e+01 4.840000e+01
  endloop
 endfacet
 facet normal 0.000000e+00 -0.000000e+00 1.000000e+00
  outer loop
   vertex -5.319540e+01 3.668434e-01 4.840000e+01
   vertex -4.875568e+01 1.108529e+01 4.840000e+01
   vertex -5.500000e+01 6.735557e-15 4.840000e+01
  endloop
 endfacet
 facet normal 0.000000e+00 0.000000e+00 1.000000e+00
  outer loop
   vertex -3.889087e+01 3.889087e+01 4.840000e+01
   vertex -5.500000e+01 6.735557e-15 4.840000e+01
   vertex -4.681468e+01 1.756091e+01 4.840000e+01
  endloop
 endfacet
 facet normal 0.000000e+00 0.000000e+00 1.000000e+00
  outer loop
   vertex -5.500000e+01 6.735557e-15 4.840000e+01
   vertex -4.789475e+01 1.435594e+01 4.840000e+01
   vertex -4.681468e+01 1.756091e+01 4.840000e+01
  endloop
 endfacet
 facet normal 0.000000e+00 -0.000000e+00 1.000000e+00
  outer loop
   vertex -4.552042e+01 2.068554e+01 4.840000e+01
   vertex -3.889087e+01 3.889087e+01 4.840000e+01
   vertex -4.681468e+01 1.756091e+01 4.840000e+01
  endloop
 endfacet
 facet normal 0.000000e+00 0.000000e+00 1.000000e+00
  outer loop
   vertex -4.552042e+01 -2.068554e+01 4.840000e+01
   vertex -4.681468e+01 -1.756091e+01 4.840000e+01
   vertex -5.500000e+01 6.735557e-15 4.840000e+01
  endloop
 endfacet
 facet normal 0.000000e+00 0.000000e+00 1.000000e+00
  outer loop
   vertex 5.500000e+01 0.000000e+00 4.840000e+01
   vertex 4.789475e+01 -1.435594e+01 4.840000e+01
   vertex 4.681468e+01 -1.756091e+01 4.840000e+01
  endloop
 endfacet
 facet normal -0.000000e+00 0.000000e+00 1.000000e+00
  outer loop
   vertex 5.319540e+01 -3.668434e-01 4.840000e+01
   vertex 4.875568e+01 -1.108529e+01 4.840000e+01
   vertex 5.500000e+01 0.000000e+00 4.840000e+01
  endloop
 endfacet
 facet normal 0.000000e+00 0.000000e+00 1.000000e+00
  outer loop
   vertex 4.789475e+01 -1.435594e+01 4.840000e+01
   vertex 5.500000e+01 0.000000e+00 4.840000e+01
   vertex 4.875568e+01 -1.108529e+01 4.840000e+01
  endloop
 endfacet
 facet normal 0.000000e+00 0.000000e+00 1.000000e+00
  outer loop
   vertex 5.500000e+01 0.000000e+00 4.840000e+01
   vertex 4.681468e+01 -1.756091e+01 4.840000e+01
   vertex 4.552042e+01 -2.068554e+01 4.840000e+01
  endloop
 endfacet
 facet normal 0.000000e+00 0.000000e+00 1.000000e+00
  outer loop
   vertex 5.500000e+01 0.000000e+00 4.840000e+01
   vertex 5.319540e+01 3.668434e-01 4.840000e+01
   vertex 5.319540e+01 -3.668434e-01 4.840000e+01
  endloop
 endfacet
 facet normal 0.000000e+00 0.000000e+00 1.000000e+00
  outer loop
   vertex 5.500000e+01 0.000000e+00 4.840000e+01
   vertex 4.875568e+01 1.108529e+01 4.840000e+01
   vertex 5.319540e+01 3.668434e-01 4.840000e+01
  endloop
 endfacet
 facet normal 0.000000e+00 0.000000e+00 1.000000e+00
  outer loop
   vertex 4.789475e+01 1.435594e+01 4.840000e+01
   vertex 4.875568e+01 1.108529e+01 4.840000e+01
   vertex 5.500000e+01 0.000000e+00 4.840000e+01
  endloop
 endfacet
 facet normal -0.000000e+00 -0.000000e+00 1.000000e+00
  outer loop
   vertex 4.789475e+01 1.435594e+01 4.840000e+01
   vertex 5.500000e+01 0.000000e+00 4.840000e+01
   vertex 4.681468e+01 1.756091e+01 4.840000e+01
  endloop
 endfacet
 facet normal -0.000000e+00 -0.000000e+00 1.000000e+00
  outer loop
   vertex 4.681468e+01 1.756091e+01 4.840000e+01
   vertex 5.500000e+01 0.000000e+00 4.840000e+01
   vertex 4.552042e+01 2.068554e+01 4.840000e+01
  endloop
 endfacet
 facet normal 0.000000e+00 0.000000e+00 1.000000e+00
  outer loop
   vertex 3.889087e+01 3.889087e+01 4.840000e+01
   vertex 4.401789e+01 2.371552e+01 4.840000e+01
   vertex 4.552042e+01 2.068554e+01 4.840000e+01
  endloop
 endfacet
 facet normal -0.000000e+00 0.000000e+00 1.000000e+00
  outer loop
   vertex 3.787423e+01 3.735543e+01 4.840000e+01
   vertex 4.231395e+01 2.663699e+01 4.840000e+01
   vertex 3.889087e+01 3.889087e+01 4.840000e+01
  endloop
 endfacet
 facet normal 0.000000e+00 0.000000e+00 1.000000e+00
  outer loop
   vertex 4.401789e+01 2.371552e+01 4.840000e+01
   vertex 3.889087e+01 3.889087e+01 4.840000e+01
   vertex 4.231395e+01 2.663699e+01 4.840000e+01
  endloop
 endfacet
 facet normal 0.000000e+00 0.000000e+00 1.000000e+00
  outer loop
   vertex 3.889087e+01 3.889087e+01 4.840000e+01
   vertex 4.552042e+01 2.068554e+01 4.840000e+01
   vertex 5.500000e+01 0.000000e+00 4.840000e+01
  endloop
 endfacet
 facet normal 0.000000e+00 0.000000e+00 1.000000e+00
  outer loop
   vertex 3.889087e+01 3.889087e+01 4.840000e+01
   vertex 3.735543e+01 3.787423e+01 4.840000e+01
   vertex 3.787423e+01 3.735543e+01 4.840000e+01
  endloop
 endfacet
 facet normal 0.000000e+00 0.000000e+00 1.000000e+00
  outer loop
   vertex 3.889087e+01 3.889087e+01 4.840000e+01
   vertex 2.663699e+01 4.231395e+01 4.840000e+01
   vertex 3.735543e+01 3.787423e+01 4.840000e+01
  endloop
 endfacet
 facet normal 0.000000e+00 0.000000e+00 1.000000e+00
  outer loop
   vertex 2.371552e+01 4.401789e+01 4.840000e+01
   vertex 2.663699e+01 4.231395e+01 4.840000e+01
   vertex 3.889087e+01 3.889087e+01 4.840000e+01
  endloop
 endfacet
 facet normal -0.000000e+00 -0.000000e+00 1.000000e+00
  outer loop
   vertex 2.371552e+01 4.401789e+01 4.840000e+01
   vertex 3.889087e+01 3.889087e+01 4.840000e+01
   vertex 2.068554e+01 4.552042e+01 4.840000e+01
  endloop
 endfacet
 facet normal -0.000000e+00 -0.000000e+00 1.000000e+00
  outer loop
   vertex 2.068554e+01 4.552042e+01 4.840000e+01
   vertex 3.889087e+01 3.889087e+01 4.840000e+01
   vertex 1.756091e+01 4.681468e+01 4.840000e+01
  endloop
 endfacet
 facet normal 0.000000e+00 0.000000e+00 1.000000e+00
  outer loop
   vertex -2.359460e+01 4.408282e+01 4.840000e+01
   vertex -3.889087e+01 3.889087e+01 4.840000e+01
   vertex -2.663699e+01 4.231395e+01 4.840000e+01
  endloop
 endfacet
 facet normal 0.000000e+00 0.000000e+00 1.000000e+00
  outer loop
   vertex -2.359460e+01 4.408282e+01 4.840000e+01
   vertex -2.043532e+01 4.563330e+01 4.840000e+01
   vertex -2.075427e+01 4.640330e+01 4.840000e+01
  endloop
 endfacet
 facet normal 0.000000e+00 0.000000e+00 1.000000e+00
  outer loop
   vertex -2.075427e+01 4.640330e+01 4.840000e+01
   vertex -3.889087e+01 3.889087e+01 4.840000e+01
   vertex -2.359460e+01 4.408282e+01 4.840000e+01
  endloop
 endfacet
 facet normal 0.000000e+00 0.000000e+00 1.000000e+00
  outer loop
   vertex -3.889087e+01 3.889087e+01 4.840000e+01
   vertex -4.401789e+01 2.371552e+01 4.840000e+01
   vertex -4.231395e+01 2.663699e+01 4.840000e+01
  endloop
 endfacet
 facet normal 0.000000e+00 0.000000e+00 1.000000e+00
  outer loop
   vertex -3.889087e+01 3.889087e+01 4.840000e+01
   vertex -3.787423e+01 3.735543e+01 4.840000e+01
   vertex -3.735543e+01 3.787423e+01 4.840000e+01
  endloop
 endfacet
 facet normal 0.000000e+00 0.000000e+00 1.000000e+00
  outer loop
   vertex -2.663699e+01 4.231395e+01 4.840000e+01
   vertex -3.889087e+01 3.889087e+01 4.840000e+01
   vertex -3.735543e+01 3.787423e+01 4.840000e+01
  endloop
 endfacet
 facet normal 0.000000e+00 0.000000e+00 1.000000e+00
  outer loop
   vertex -4.231395e+01 2.663699e+01 4.840000e+01
   vertex -3.787423e+01 3.735543e+01 4.840000e+01
   vertex -3.889087e+01 3.889087e+01 4.840000e+01
  endloop
 endfacet
 facet normal 0.000000e+00 0.000000e+00 1.000000e+00
  outer loop
   vertex -4.552042e+01 2.068554e+01 4.840000e+01
   vertex -4.401789e+01 2.371552e+01 4.840000e+01
   vertex -3.889087e+01 3.889087e+01 4.840000e+01
  endloop
 endfacet
 facet normal -0.000000e+00 -0.000000e+00 1.000000e+00
  outer loop
   vertex 1.108529e+01 4.875568e+01 4.840000e+01
   vertex 1.435594e+01 4.789475e+01 4.840000e+01
   vertex 3.367779e-15 5.500000e+01 4.840000e+01
  endloop
 endfacet
 facet normal -0.000000e+00 -0.000000e+00 1.000000e+00
  outer loop
   vertex 3.668434e-01 5.319540e+01 4.840000e+01
   vertex 1.108529e+01 4.875568e+01 4.840000e+01
   vertex 3.367779e-15 5.500000e+01 4.840000e+01
  endloop
 endfacet
 facet normal 0.000000e+00 0.000000e+00 1.000000e+00
  outer loop
   vertex 1.756091e+01 4.681468e+01 4.840000e+01
   vertex 3.367779e-15 5.500000e+01 4.840000e+01
   vertex 1.435594e+01 4.789475e+01 4.840000e+01
  endloop
 endfacet
 facet normal 0.000000e+00 0.000000e+00 1.000000e+00
  outer loop
   vertex 3.367779e-15 5.500000e+01 4.840000e+01
   vertex -3.668434e-01 5.319540e+01 4.840000e+01
   vertex 3.668434e-01 5.319540e+01 4.840000e+01
  endloop
 endfacet
 facet normal 0.000000e+00 0.000000e+00 1.000000e+00
  outer loop
   vertex -1.448736e+01 4.785516e+01 4.840000e+01
   vertex -1.813661e+01 4.748757e+01 4.840000e+01
   vertex -1.781766e+01 4.671757e+01 4.840000e+01
  endloop
 endfacet
 facet normal 0.000000e+00 0.000000e+00 1.000000e+00
  outer loop
   vertex -1.813661e+01 4.748757e+01 4.840000e+01
   vertex -1.108529e+01 4.875568e+01 4.840000e+01
   vertex 3.367779e-15 5.500000e+01 4.840000e+01
  endloop
 endfacet
 facet normal 0.000000e+00 -0.000000e+00 1.000000e+00
  outer loop
   vertex -3.668434e-01 5.319540e+01 4.840000e+01
   vertex 3.367779e-15 5.500000e+01 4.840000e+01
   vertex -1.108529e+01 4.875568e+01 4.840000e+01
  endloop
 endfacet
 facet normal 0.000000e+00 -0.000000e+00 1.000000e+00
  outer loop
   vertex -1.448736e+01 4.785516e+01 4.840000e+01
   vertex -1.108529e+01 4.875568e+01 4.840000e+01
   vertex -1.813661e+01 4.748757e+01 4.840000e+01
  endloop
 endfacet
 facet normal 0.000000e+00 0.000000e+00 1.000000e+00
  outer loop
   vertex 3.367779e-15 5.500000e+01 4.840000e+01
   vertex 1.756091e+01 4.681468e+01 4.840000e+01
   vertex 3.889087e+01 3.889087e+01 4.840000e+01
  endloop
 endfacet
 facet normal -6.534205e-01 -2.706556e-01 7.069563e-01
  outer loop
   vertex 3.464001e+01 1.434836e+01 1.028695e+01
   vertex 2.205085e+01 2.205085e+01 1.600000e+00
   vertex 3.118461e+01 0.000000e+00 1.600000e+00
  endloop
 endfacet
 facet normal -6.570363e-01 -6.570363e-01 3.696031e-01
  outer loop
   vertex 2.205085e+01 2.205085e+01 1.600000e+00
   vertex 3.464001e+01 1.434836e+01 1.028695e+01
   vertex 1.434836e+01 3.464001e+01 1.028695e+01
  endloop
 endfacet
 facet normal -2.706556e-01 -6.534205e-01 7.069563e-01
  outer loop
   vertex 1.434836e+01 3.464001e+01 1.028695e+01
   vertex 1.909507e-15 3.118461e+01 1.600000e+00
   vertex 2.205085e+01 2.205085e+01 1.600000e+00
  endloop
 endfacet
 facet normal 0.000000e+00 -9.291897e-01 3.696032e-01
  outer loop
   vertex 1.909507e-15 3.118461e+01 1.600000e+00
   vertex 1.434836e+01 3.464001e+01 1.028695e+01
   vertex -1.434836e+01 3.464001e+01 1.028695e+01
  endloop
 endfacet
 facet normal 2.706556e-01 -6.534205e-01 7.069563e-01
  outer loop
   vertex -1.434836e+01 3.464001e+01 1.028695e+01
   vertex -2.205085e+01 2.205085e+01 1.600000e+00
   vertex 1.909507e-15 3.118461e+01 1.600000e+00
  endloop
 endfacet
 facet normal 6.570363e-01 -6.570363e-01 3.696031e-01
  outer loop
   vertex -2.205085e+01 2.205085e+01 1.600000e+00
   vertex -1.434836e+01 3.464001e+01 1.028695e+01
   vertex -3.464001e+01 1.434836e+01 1.028695e+01
  endloop
 endfacet
 facet normal 6.534205e-01 -2.706556e-01 7.069563e-01
  outer loop
   vertex -3.464001e+01 1.434836e+01 1.028695e+01
   vertex -3.118461e+01 3.819013e-15 1.600000e+00
   vertex -2.205085e+01 2.205085e+01 1.600000e+00
  endloop
 endfacet
 facet normal 9.291872e-01 0.000000e+00 3.696095e-01
  outer loop
   vertex -3.457660e+01 -1.408502e+01 1.012752e+01
   vertex -3.464001e+01 -1.413209e+01 1.028695e+01
   vertex -3.464001e+01 -1.434836e+01 1.028695e+01
  endloop
 endfacet
 facet normal 6.534189e-01 2.706565e-01 7.069574e-01
  outer loop
   vertex -3.402747e+01 -1.435372e+01 9.722852e+00
   vertex -3.118461e+01 3.819013e-15 1.600000e+00
   vertex -3.445987e+01 -1.360033e+01 9.834071e+00
  endloop
 endfacet
 facet normal 6.534202e-01 2.706545e-01 7.069569e-01
  outer loop
   vertex -2.205085e+01 -2.205085e+01 1.600000e+00
   vertex -3.402747e+01 -1.435372e+01 9.722852e+00
   vertex -3.464001e+01 -1.434836e+01 1.028695e+01
  endloop
 endfacet
 facet normal 6.534205e-01 2.706530e-01 7.069573e-01
  outer loop
   vertex -3.457660e+01 -1.408502e+01 1.012752e+01
   vertex -3.464001e+01 -1.434836e+01 1.028695e+01
   vertex -3.402747e+01 -1.435372e+01 9.722852e+00
  endloop
 endfacet
 facet normal 6.534205e-01 2.706556e-01 7.069563e-01
  outer loop
   vertex -3.118461e+01 3.819013e-15 1.600000e+00
   vertex -3.402747e+01 -1.435372e+01 9.722852e+00
   vertex -2.205085e+01 -2.205085e+01 1.600000e+00
  endloop
 endfacet
 facet normal 6.570363e-01 6.570363e-01 3.696031e-01
  outer loop
   vertex -2.205085e+01 -2.205085e+01 1.600000e+00
   vertex -3.464001e+01 -1.434836e+01 1.028695e+01
   vertex -1.434836e+01 -3.464001e+01 1.028695e+01
  endloop
 endfacet
 facet normal 2.706545e-01 6.534202e-01 7.069569e-01
  outer loop
   vertex -1.434836e+01 -3.464001e+01 1.028695e+01
   vertex -1.435372e+01 -3.402747e+01 9.722852e+00
   vertex -2.205085e+01 -2.205085e+01 1.600000e+00
  endloop
 endfacet
 facet normal 2.706556e-01 6.534205e-01 7.069563e-01
  outer loop
   vertex -5.728520e-15 -3.118461e+01 1.600000e+00
   vertex -2.205085e+01 -2.205085e+01 1.600000e+00
   vertex -1.435372e+01 -3.402747e+01 9.722852e+00
  endloop
 endfacet
 facet normal 2.706530e-01 6.534205e-01 7.069573e-01
  outer loop
   vertex -1.408502e+01 -3.457660e+01 1.012752e+01
   vertex -1.435372e+01 -3.402747e+01 9.722852e+00
   vertex -1.434836e+01 -3.464001e+01 1.028695e+01
  endloop
 endfacet
 facet normal 2.706565e-01 6.534189e-01 7.069574e-01
  outer loop
   vertex -5.728520e-15 -3.118461e+01 1.600000e+00
   vertex -1.435372e+01 -3.402747e+01 9.722852e+00
   vertex -1.360033e+01 -3.445987e+01 9.834071e+00
  endloop
 endfacet
 facet normal 0.000000e+00 9.291872e-01 3.696095e-01
  outer loop
   vertex -1.413209e+01 -3.464001e+01 1.028695e+01
   vertex -1.408502e+01 -3.457660e+01 1.012752e+01
   vertex -1.434836e+01 -3.464001e+01 1.028695e+01
  endloop
 endfacet
 facet normal -2.706556e-01 6.534205e-01 7.069563e-01
  outer loop
   vertex 1.434836e+01 -3.464001e+01 1.028695e+01
   vertex 2.205085e+01 -2.205085e+01 1.600000e+00
   vertex -5.728520e-15 -3.118461e+01 1.600000e+00
  endloop
 endfacet
 facet normal -6.570363e-01 6.570363e-01 3.696031e-01
  outer loop
   vertex 2.205085e+01 -2.205085e+01 1.600000e+00
   vertex 1.434836e+01 -3.464001e+01 1.028695e+01
   vertex 3.464001e+01 -1.434836e+01 1.028695e+01
  endloop
 endfacet
 facet normal -6.534205e-01 2.706556e-01 7.069563e-01
  outer loop
   vertex 3.464001e+01 -1.434836e+01 1.028695e+01
   vertex 3.118461e+01 0.000000e+00 1.600000e+00
   vertex 2.205085e+01 -2.205085e+01 1.600000e+00
  endloop
 endfacet
 facet normal -9.291897e-01 0.000000e+00 3.696032e-01
  outer loop
   vertex 3.464001e+01 1.434836e+01 1.028695e+01
   vertex 3.118461e+01 0.000000e+00 1.600000e+00
   vertex 3.464001e+01 -1.434836e+01 1.028695e+01
  endloop
 endfacet
 facet normal -6.357639e-01 -6.357639e-01 4.377310e-01
  outer loop
   vertex 2.975296e+01 2.479374e+01 1.835990e+01
   vertex 1.434836e+01 3.464001e+01 1.028695e+01
   vertex 3.464001e+01 1.434836e+01 1.028695e+01
  endloop
 endfacet
 facet normal -6.357639e-01 -6.357640e-01 4.377309e-01
  outer loop
   vertex 2.975296e+01 2.479374e+01 1.835990e+01
   vertex 1.825914e+01 3.518977e+01 1.676547e+01
   vertex 1.434836e+01 3.464001e+01 1.028695e+01
  endloop
 endfacet
 facet normal -6.357639e-01 -6.357639e-01 4.377310e-01
  outer loop
   vertex 3.787423e+01 3.735543e+01 4.840000e+01
   vertex 3.735543e+01 3.787423e+01 4.840000e+01
   vertex 3.496100e+01 3.736705e+01 4.418567e+01
  endloop
 endfacet
 facet normal -6.357634e-01 -6.357646e-01 4.377308e-01
  outer loop
   vertex 1.930431e+01 3.533670e+01 1.849688e+01
   vertex 3.496100e+01 3.736705e+01 4.418567e+01
   vertex 3.735543e+01 3.787423e+01 4.840000e+01
  endloop
 endfacet
 facet normal -6.357639e-01 -6.357639e-01 4.377310e-01
  outer loop
   vertex 3.464001e+01 1.434836e+01 1.028695e+01
   vertex 3.787423e+01 3.735543e+01 4.840000e+01
   vertex 2.975296e+01 2.479374e+01 1.835990e+01
  endloop
 endfacet
 facet normal -6.357640e-01 -6.357639e-01 4.377310e-01
  outer loop
   vertex 3.496100e+01 3.736705e+01 4.418567e+01
   vertex 2.975296e+01 2.479374e+01 1.835990e+01
   vertex 3.787423e+01 3.735543e+01 4.840000e+01
  endloop
 endfacet
 facet normal 3.846933e-07 -8.991060e-01 4.377309e-01
  outer loop
   vertex -3.668434e-01 5.319540e+01 4.840000e+01
   vertex -1.434836e+01 3.464001e+01 1.028695e+01
   vertex 1.701336e+00 5.114365e+01 4.418567e+01
  endloop
 endfacet
 facet normal 0.000000e+00 -8.991060e-01 4.377311e-01
  outer loop
   vertex 1.434836e+01 3.464001e+01 1.028695e+01
   vertex -3.506702e+00 3.857034e+01 1.835990e+01
   vertex -1.434836e+01 3.464001e+01 1.028695e+01
  endloop
 endfacet
 facet normal 6.395818e-08 -8.991060e-01 4.377310e-01
  outer loop
   vertex -1.434836e+01 3.464001e+01 1.028695e+01
   vertex -3.506702e+00 3.857034e+01 1.835990e+01
   vertex 1.701336e+00 5.114365e+01 4.418567e+01
  endloop
 endfacet
 facet normal 0.000000e+00 -8.991061e-01 4.377307e-01
  outer loop
   vertex 1.701336e+00 5.114365e+01 4.418567e+01
   vertex 3.668434e-01 5.319540e+01 4.840000e+01
   vertex -3.668434e-01 5.319540e+01 4.840000e+01
  endloop
 endfacet
 facet normal -5.731465e-06 -8.991068e-01 4.377292e-01
  outer loop
   vertex 3.668434e-01 5.319540e+01 4.840000e+01
   vertex 1.701336e+00 5.114365e+01 4.418567e+01
   vertex 1.133661e+01 3.863703e+01 1.849688e+01
  endloop
 endfacet
 facet normal -1.276751e-07 -8.991061e-01 4.377308e-01
  outer loop
   vertex 1.197176e+01 3.779409e+01 1.676547e+01
   vertex -3.506702e+00 3.857034e+01 1.835990e+01
   vertex 1.434836e+01 3.464001e+01 1.028695e+01
  endloop
 endfacet
 facet normal 6.357640e-01 -6.357639e-01 4.377310e-01
  outer loop
   vertex -2.937128e+01 2.795707e+01 2.240000e+01
   vertex -3.566791e+01 2.166045e+01 2.240000e+01
   vertex -3.464001e+01 1.434836e+01 1.028695e+01
  endloop
 endfacet
 facet normal 6.357639e-01 -6.357640e-01 4.377310e-01
  outer loop
   vertex -3.160895e+01 3.019473e+01 2.890000e+01
   vertex -2.937128e+01 2.795707e+01 2.240000e+01
   vertex -1.434836e+01 3.464001e+01 1.028695e+01
  endloop
 endfacet
 facet normal 6.357639e-01 -6.357639e-01 4.377311e-01
  outer loop
   vertex -3.464001e+01 1.434836e+01 1.028695e+01
   vertex -1.434836e+01 3.464001e+01 1.028695e+01
   vertex -2.937128e+01 2.795707e+01 2.240000e+01
  endloop
 endfacet
 facet normal 6.357640e-01 -6.357638e-01 4.377311e-01
  outer loop
   vertex -3.330473e+01 3.189052e+01 3.382593e+01
   vertex -3.160895e+01 3.019473e+01 2.890000e+01
   vertex -1.434836e+01 3.464001e+01 1.028695e+01
  endloop
 endfacet
 facet normal 6.357637e-01 -6.357641e-01 4.377311e-01
  outer loop
   vertex -3.401874e+01 3.260453e+01 3.590000e+01
   vertex -3.787423e+01 3.735543e+01 4.840000e+01
   vertex -3.681350e+01 2.980977e+01 3.590000e+01
  endloop
 endfacet
 facet normal 6.357640e-01 -6.357638e-01 4.377311e-01
  outer loop
   vertex -1.434836e+01 3.464001e+01 1.028695e+01
   vertex -3.735543e+01 3.787423e+01 4.840000e+01
   vertex -3.401874e+01 3.260453e+01 3.590000e+01
  endloop
 endfacet
 facet normal 6.357639e-01 -6.357639e-01 4.377311e-01
  outer loop
   vertex -3.787423e+01 3.735543e+01 4.840000e+01
   vertex -3.401874e+01 3.260453e+01 3.590000e+01
   vertex -3.735543e+01 3.787423e+01 4.840000e+01
  endloop
 endfacet
 facet normal 6.357631e-01 -6.357653e-01 4.377302e-01
  outer loop
   vertex -3.330473e+01 3.189052e+01 3.382593e+01
   vertex -1.434836e+01 3.464001e+01 1.028695e+01
   vertex -3.401874e+01 3.260453e+01 3.590000e+01
  endloop
 endfacet
 facet normal 8.825985e-01 -3.655833e-01 2.955821e-01
  outer loop
   vertex -3.610756e+01 1.500000e+01 1.547497e+01
   vertex -3.680587e+01 1.303747e+01 1.513279e+01
   vertex -3.464001e+01 1.434836e+01 1.028695e+01
  endloop
 endfacet
 facet normal 8.825975e-01 -3.655868e-01 2.955807e-01
  outer loop
   vertex -4.472618e+01 6.984928e+00 3.129660e+01
   vertex -3.464001e+01 1.434836e+01 1.028695e+01
   vertex -3.680587e+01 1.303747e+01 1.513279e+01
  endloop
 endfacet
 facet normal 8.825979e-01 -3.655845e-01 2.955823e-01
  outer loop
   vertex -3.566791e+01 2.166045e+01 2.240000e+01
   vertex -3.777842e+01 1.656522e+01 2.240000e+01
   vertex -3.610756e+01 1.500000e+01 1.547497e+01
  endloop
 endfacet
 facet normal 8.825987e-01 -3.655829e-01 2.955818e-01
  outer loop
   vertex -3.931769e+01 1.810448e+01 2.890000e+01
   vertex -3.953015e+01 1.690273e+01 2.804806e+01
   vertex -3.777842e+01 1.656522e+01 2.240000e+01
  endloop
 endfacet
 facet normal 8.825980e-01 -3.655844e-01 2.955821e-01
  outer loop
   vertex -3.464001e+01 1.434836e+01 1.028695e+01
   vertex -3.566791e+01 2.166045e+01 2.240000e+01
   vertex -3.610756e+01 1.500000e+01 1.547497e+01
  endloop
 endfacet
 facet normal 8.825982e-01 -3.655842e-01 2.955818e-01
  outer loop
   vertex -4.679847e+01 1.345061e+01 4.548134e+01
   vertex -4.187424e+01 1.500000e+01 3.269406e+01
   vertex -4.208209e+01 1.945467e+01 3.882436e+01
  endloop
 endfacet
 facet normal 8.825977e-01 -3.655855e-01 2.955817e-01
  outer loop
   vertex -4.187424e+01 1.500000e+01 3.269406e+01
   vertex -3.777842e+01 1.656522e+01 2.240000e+01
   vertex -3.953015e+01 1.690273e+01 2.804806e+01
  endloop
 endfacet
 facet normal 8.825988e-01 -3.655828e-01 2.955817e-01
  outer loop
   vertex -3.931769e+01 1.810448e+01 2.890000e+01
   vertex -3.974836e+01 1.853516e+01 3.071864e+01
   vertex -3.953015e+01 1.690273e+01 2.804806e+01
  endloop
 endfacet
 facet normal 8.825979e-01 -3.655847e-01 2.955821e-01
  outer loop
   vertex -4.208209e+01 1.945467e+01 3.882436e+01
   vertex -4.187424e+01 1.500000e+01 3.269406e+01
   vertex -3.953015e+01 1.690273e+01 2.804806e+01
  endloop
 endfacet
 facet normal 8.825983e-01 -3.655838e-01 2.955822e-01
  outer loop
   vertex -4.187424e+01 1.500000e+01 3.269406e+01
   vertex -3.610756e+01 1.500000e+01 1.547497e+01
   vertex -3.777842e+01 1.656522e+01 2.240000e+01
  endloop
 endfacet
 facet normal 8.825981e-01 -3.655843e-01 2.955819e-01
  outer loop
   vertex -4.472618e+01 6.984928e+00 3.129660e+01
   vertex -5.319540e+01 3.668434e-01 4.840000e+01
   vertex -3.464001e+01 1.434836e+01 1.028695e+01
  endloop
 endfacet
 facet normal 8.825977e-01 -3.655853e-01 2.955820e-01
  outer loop
   vertex -3.954760e+01 3.003635e+01 4.434418e+01
   vertex -3.681350e+01 2.980977e+01 3.590000e+01
   vertex -3.878506e+01 3.155502e+01 4.394559e+01
  endloop
 endfacet
 facet normal 8.825982e-01 -3.655839e-01 2.955822e-01
  outer loop
   vertex -3.681350e+01 2.980977e+01 3.590000e+01
   vertex -4.030117e+01 2.850170e+01 4.469621e+01
   vertex -3.782326e+01 2.737198e+01 3.590000e+01
  endloop
 endfacet
 facet normal 8.825983e-01 -3.655840e-01 2.955819e-01
  outer loop
   vertex -3.787423e+01 3.735543e+01 4.840000e+01
   vertex -3.878506e+01 3.155502e+01 4.394559e+01
   vertex -3.681350e+01 2.980977e+01 3.590000e+01
  endloop
 endfacet
 facet normal 8.825984e-01 -3.655834e-01 2.955822e-01
  outer loop
   vertex -4.030117e+01 2.850170e+01 4.469621e+01
   vertex -4.108064e+01 2.687634e+01 4.501339e+01
   vertex -3.782326e+01 2.737198e+01 3.590000e+01
  endloop
 endfacet
 facet normal 8.825982e-01 -3.655840e-01 2.955822e-01
  outer loop
   vertex -3.681350e+01 2.980977e+01 3.590000e+01
   vertex -3.954760e+01 3.003635e+01 4.434418e+01
   vertex -4.030117e+01 2.850170e+01 4.469621e+01
  endloop
 endfacet
 facet normal 8.825978e-01 -3.655844e-01 2.955828e-01
  outer loop
   vertex -4.153938e+01 2.365587e+01 4.240000e+01
   vertex -4.108064e+01 2.687634e+01 4.501339e+01
   vertex -4.184810e+01 2.523553e+01 4.527562e+01
  endloop
 endfacet
 facet normal 8.825982e-01 -3.655841e-01 2.955820e-01
  outer loop
   vertex -3.878506e+01 3.155502e+01 4.394559e+01
   vertex -3.787423e+01 3.735543e+01 4.840000e+01
   vertex -3.965952e+01 3.044868e+01 4.518836e+01
  endloop
 endfacet
 facet normal 8.825981e-01 -3.655841e-01 2.955821e-01
  outer loop
   vertex -3.965952e+01 3.044868e+01 4.518836e+01
   vertex -3.787423e+01 3.735543e+01 4.840000e+01
   vertex -4.054385e+01 2.926083e+01 4.635977e+01
  endloop
 endfacet
 facet normal 8.825982e-01 -3.655839e-01 2.955821e-01
  outer loop
   vertex -4.108064e+01 2.687634e+01 4.501339e+01
   vertex -4.153938e+01 2.365587e+01 4.240000e+01
   vertex -3.782326e+01 2.737198e+01 3.590000e+01
  endloop
 endfacet
 facet normal 8.825986e-01 -3.655834e-01 2.955817e-01
  outer loop
   vertex -4.208209e+01 1.945467e+01 3.882436e+01
   vertex -4.162659e+01 2.041338e+01 3.865001e+01
   vertex -4.251462e+01 2.130142e+01 4.240000e+01
  endloop
 endfacet
 facet normal 8.825983e-01 -3.655838e-01 2.955820e-01
  outer loop
   vertex -4.187424e+01 1.500000e+01 3.269406e+01
   vertex -4.862375e+01 8.422008e+00 4.471205e+01
   vertex -4.472618e+01 6.984928e+00 3.129660e+01
  endloop
 endfacet
 facet normal 8.825983e-01 -3.655837e-01 2.955821e-01
  outer loop
   vertex -4.187424e+01 1.500000e+01 3.269406e+01
   vertex -4.803910e+01 1.008240e+01 4.501992e+01
   vertex -4.862375e+01 8.422008e+00 4.471205e+01
  endloop
 endfacet
 facet normal 8.825977e-01 -3.655857e-01 2.955814e-01
  outer loop
   vertex -4.679847e+01 1.345061e+01 4.548134e+01
   vertex -4.743530e+01 1.174686e+01 4.527562e+01
   vertex -4.187424e+01 1.500000e+01 3.269406e+01
  endloop
 endfacet
 facet normal 8.825984e-01 -3.655835e-01 2.955822e-01
  outer loop
   vertex -4.803910e+01 1.008240e+01 4.501992e+01
   vertex -4.187424e+01 1.500000e+01 3.269406e+01
   vertex -4.743530e+01 1.174686e+01 4.527562e+01
  endloop
 endfacet
 facet normal 8.825975e-01 -3.655857e-01 2.955820e-01
  outer loop
   vertex -4.918984e+01 6.765434e+00 4.435346e+01
   vertex -4.472618e+01 6.984928e+00 3.129660e+01
   vertex -4.862375e+01 8.422008e+00 4.471205e+01
  endloop
 endfacet
 facet normal 8.825983e-01 -3.655839e-01 2.955820e-01
  outer loop
   vertex -4.957399e+01 6.513051e+00 4.518836e+01
   vertex -5.319540e+01 3.668434e-01 4.840000e+01
   vertex -4.973795e+01 5.112415e+00 4.394559e+01
  endloop
 endfacet
 facet normal 8.825983e-01 -3.655837e-01 2.955822e-01
  outer loop
   vertex -4.472618e+01 6.984928e+00 3.129660e+01
   vertex -4.973795e+01 5.112415e+00 4.394559e+01
   vertex -5.319540e+01 3.668434e-01 4.840000e+01
  endloop
 endfacet
 facet normal 8.825983e-01 -3.655840e-01 2.955819e-01
  outer loop
   vertex -4.935936e+01 7.978301e+00 4.635977e+01
   vertex -5.319540e+01 3.668434e-01 4.840000e+01
   vertex -4.957399e+01 6.513051e+00 4.518836e+01
  endloop
 endfacet
 facet normal 8.825982e-01 -3.655838e-01 2.955824e-01
  outer loop
   vertex -5.319540e+01 3.668434e-01 4.840000e+01
   vertex -4.935936e+01 7.978301e+00 4.635977e+01
   vertex -4.908847e+01 9.503825e+00 4.743769e+01
  endloop
 endfacet
 facet normal 8.825987e-01 -3.655842e-01 2.955803e-01
  outer loop
   vertex -5.319540e+01 3.668434e-01 4.840000e+01
   vertex -4.908847e+01 9.503825e+00 4.743769e+01
   vertex -4.875568e+01 1.108529e+01 4.840000e+01
  endloop
 endfacet
 facet normal 8.825983e-01 -3.655829e-01 2.955830e-01
  outer loop
   vertex -4.679847e+01 1.345061e+01 4.548134e+01
   vertex -4.208209e+01 1.945467e+01 3.882436e+01
   vertex -4.614277e+01 1.515321e+01 4.562924e+01
  endloop
 endfacet
 facet normal 8.825979e-01 -3.655842e-01 2.955827e-01
  outer loop
   vertex -4.153938e+01 2.365587e+01 4.240000e+01
   vertex -4.184810e+01 2.523553e+01 4.527562e+01
   vertex -4.260254e+01 2.358050e+01 4.548134e+01
  endloop
 endfacet
 facet normal 8.825979e-01 -3.655843e-01 2.955827e-01
  outer loop
   vertex -4.260254e+01 2.358050e+01 4.548134e+01
   vertex -4.334280e+01 2.191293e+01 4.562924e+01
   vertex -4.153938e+01 2.365587e+01 4.240000e+01
  endloop
 endfacet
 facet normal 8.825977e-01 -3.655842e-01 2.955832e-01
  outer loop
   vertex -3.787423e+01 3.735543e+01 4.840000e+01
   vertex -4.143101e+01 2.799057e+01 4.743769e+01
   vertex -4.054385e+01 2.926083e+01 4.635977e+01
  endloop
 endfacet
 facet normal 8.825978e-01 -3.655845e-01 2.955826e-01
  outer loop
   vertex -4.153938e+01 2.365587e+01 4.240000e+01
   vertex -4.334280e+01 2.191293e+01 4.562924e+01
   vertex -4.251462e+01 2.130142e+01 4.240000e+01
  endloop
 endfacet
 facet normal 8.825982e-01 -3.655841e-01 2.955820e-01
  outer loop
   vertex -4.251462e+01 2.130142e+01 4.240000e+01
   vertex -4.477677e+01 1.854715e+01 4.574815e+01
   vertex -4.208209e+01 1.945467e+01 3.882436e+01
  endloop
 endfacet
 facet normal 8.825982e-01 -3.655841e-01 2.955819e-01
  outer loop
   vertex -4.251462e+01 2.130142e+01 4.240000e+01
   vertex -4.406786e+01 2.023453e+01 4.571837e+01
   vertex -4.477677e+01 1.854715e+01 4.574815e+01
  endloop
 endfacet
 facet normal 8.825985e-01 -3.655829e-01 2.955825e-01
  outer loop
   vertex -4.406786e+01 2.023453e+01 4.571837e+01
   vertex -4.251462e+01 2.130142e+01 4.240000e+01
   vertex -4.334280e+01 2.191293e+01 4.562924e+01
  endloop
 endfacet
 facet normal 8.825977e-01 -3.655855e-01 2.955816e-01
  outer loop
   vertex -4.477677e+01 1.854715e+01 4.574815e+01
   vertex -4.546866e+01 1.685271e+01 4.571837e+01
   vertex -4.208209e+01 1.945467e+01 3.882436e+01
  endloop
 endfacet
 facet normal 8.825983e-01 -3.655832e-01 2.955828e-01
  outer loop
   vertex -4.208209e+01 1.945467e+01 3.882436e+01
   vertex -4.546866e+01 1.685271e+01 4.571837e+01
   vertex -4.614277e+01 1.515321e+01 4.562924e+01
  endloop
 endfacet
 facet normal 8.825988e-01 -3.655843e-01 2.955798e-01
  outer loop
   vertex -3.787423e+01 3.735543e+01 4.840000e+01
   vertex -4.231395e+01 2.663699e+01 4.840000e+01
   vertex -4.143101e+01 2.799057e+01 4.743769e+01
  endloop
 endfacet
 facet normal 8.825985e-01 -3.655830e-01 2.955824e-01
  outer loop
   vertex -4.973795e+01 5.112415e+00 4.394559e+01
   vertex -4.472618e+01 6.984928e+00 3.129660e+01
   vertex -4.918984e+01 6.765434e+00 4.435346e+01
  endloop
 endfacet
 facet normal 8.991044e-01 0.000000e+00 4.377343e-01
  outer loop
   vertex -3.464001e+01 -1.413209e+01 1.028695e+01
   vertex -3.482379e+01 -1.420989e+01 1.066442e+01
   vertex -3.464001e+01 -1.434836e+01 1.028695e+01
  endloop
 endfacet
 facet normal 8.825964e-01 3.655870e-01 2.955836e-01
  outer loop
   vertex -3.694803e+01 -3.010150e+01 3.666254e+01
   vertex -3.464001e+01 -1.434836e+01 1.028695e+01
   vertex -3.482379e+01 -1.420989e+01 1.066442e+01
  endloop
 endfacet
 facet normal 8.825982e-01 3.655836e-01 2.955827e-01
  outer loop
   vertex -4.743530e+01 -1.174686e+01 4.527562e+01
   vertex -4.186097e+01 -1.781934e+01 3.614151e+01
   vertex -4.862375e+01 -8.422008e+00 4.471205e+01
  endloop
 endfacet
 facet normal 8.825976e-01 3.655854e-01 2.955821e-01
  outer loop
   vertex -4.186097e+01 -1.781934e+01 3.614151e+01
   vertex -3.904163e+01 -1.500000e+01 2.423599e+01
   vertex -4.187424e+01 -1.500000e+01 3.269406e+01
  endloop
 endfacet
 facet normal 8.825982e-01 3.655839e-01 2.955821e-01
  outer loop
   vertex -4.472618e+01 -6.984928e+00 3.129660e+01
   vertex -3.696075e+01 -1.291912e+01 1.544885e+01
   vertex -3.677858e+01 -1.273695e+01 1.467960e+01
  endloop
 endfacet
 facet normal 8.825982e-01 3.655838e-01 2.955822e-01
  outer loop
   vertex -4.973795e+01 -5.112415e+00 4.394559e+01
   vertex -4.187424e+01 -1.500000e+01 3.269406e+01
   vertex -4.472618e+01 -6.984928e+00 3.129660e+01
  endloop
 endfacet
 facet normal 8.825982e-01 3.655846e-01 2.955815e-01
  outer loop
   vertex -4.973795e+01 -5.112415e+00 4.394559e+01
   vertex -4.186097e+01 -1.781934e+01 3.614151e+01
   vertex -4.187424e+01 -1.500000e+01 3.269406e+01
  endloop
 endfacet
 facet normal 8.825983e-01 3.655837e-01 2.955822e-01
  outer loop
   vertex -5.319540e+01 -3.668434e-01 4.840000e+01
   vertex -4.973795e+01 -5.112415e+00 4.394559e+01
   vertex -4.472618e+01 -6.984928e+00 3.129660e+01
  endloop
 endfacet
 facet normal 8.825981e-01 3.655843e-01 2.955818e-01
  outer loop
   vertex -4.862375e+01 -8.422008e+00 4.471205e+01
   vertex -4.186097e+01 -1.781934e+01 3.614151e+01
   vertex -4.973795e+01 -5.112415e+00 4.394559e+01
  endloop
 endfacet
 facet normal 8.825983e-01 3.655840e-01 2.955819e-01
  outer loop
   vertex -4.935936e+01 -7.978301e+00 4.635977e+01
   vertex -4.957399e+01 -6.513051e+00 4.518836e+01
   vertex -5.319540e+01 -3.668434e-01 4.840000e+01
  endloop
 endfacet
 facet normal 8.825983e-01 3.655839e-01 2.955820e-01
  outer loop
   vertex -4.973795e+01 -5.112415e+00 4.394559e+01
   vertex -5.319540e+01 -3.668434e-01 4.840000e+01
   vertex -4.957399e+01 -6.513051e+00 4.518836e+01
  endloop
 endfacet
 facet normal 8.825982e-01 3.655838e-01 2.955824e-01
  outer loop
   vertex -5.319540e+01 -3.668434e-01 4.840000e+01
   vertex -4.908847e+01 -9.503825e+00 4.743769e+01
   vertex -4.935936e+01 -7.978301e+00 4.635977e+01
  endloop
 endfacet
 facet normal 8.825985e-01 3.655828e-01 2.955827e-01
  outer loop
   vertex -3.677858e+01 -1.273695e+01 1.467960e+01
   vertex -5.319540e+01 -3.668434e-01 4.840000e+01
   vertex -4.472618e+01 -6.984928e+00 3.129660e+01
  endloop
 endfacet
 facet normal 8.825981e-01 3.655838e-01 2.955826e-01
  outer loop
   vertex -4.206354e+01 -1.933472e+01 3.862061e+01
   vertex -4.186097e+01 -1.781934e+01 3.614151e+01
   vertex -4.743530e+01 -1.174686e+01 4.527562e+01
  endloop
 endfacet
 facet normal 8.825980e-01 3.655847e-01 2.955820e-01
  outer loop
   vertex -4.030117e+01 -2.850170e+01 4.469621e+01
   vertex -3.878506e+01 -3.155502e+01 4.394559e+01
   vertex -3.694803e+01 -3.010150e+01 3.666254e+01
  endloop
 endfacet
 facet normal 8.825982e-01 3.655840e-01 2.955819e-01
  outer loop
   vertex -3.787423e+01 -3.735543e+01 4.840000e+01
   vertex -3.694803e+01 -3.010150e+01 3.666254e+01
   vertex -3.878506e+01 -3.155502e+01 4.394559e+01
  endloop
 endfacet
 facet normal 8.825982e-01 3.655840e-01 2.955822e-01
  outer loop
   vertex -4.184810e+01 -2.523553e+01 4.527562e+01
   vertex -4.030117e+01 -2.850170e+01 4.469621e+01
   vertex -3.694803e+01 -3.010150e+01 3.666254e+01
  endloop
 endfacet
 facet normal 8.825981e-01 3.655841e-01 2.955821e-01
  outer loop
   vertex -4.054385e+01 -2.926083e+01 4.635977e+01
   vertex -3.787423e+01 -3.735543e+01 4.840000e+01
   vertex -3.965952e+01 -3.044868e+01 4.518836e+01
  endloop
 endfacet
 facet normal 8.825982e-01 3.655841e-01 2.955820e-01
  outer loop
   vertex -3.878506e+01 -3.155502e+01 4.394559e+01
   vertex -3.965952e+01 -3.044868e+01 4.518836e+01
   vertex -3.787423e+01 -3.735543e+01 4.840000e+01
  endloop
 endfacet
 facet normal 8.825977e-01 3.655842e-01 2.955832e-01
  outer loop
   vertex -3.787423e+01 -3.735543e+01 4.840000e+01
   vertex -4.054385e+01 -2.926083e+01 4.635977e+01
   vertex -4.143101e+01 -2.799057e+01 4.743769e+01
  endloop
 endfacet
 facet normal 8.825988e-01 3.655843e-01 2.955798e-01
  outer loop
   vertex -4.143101e+01 -2.799057e+01 4.743769e+01
   vertex -4.231395e+01 -2.663699e+01 4.840000e+01
   vertex -3.787423e+01 -3.735543e+01 4.840000e+01
  endloop
 endfacet
 facet normal 8.825970e-01 3.655860e-01 2.955831e-01
  outer loop
   vertex -3.787423e+01 -3.735543e+01 4.840000e+01
   vertex -3.464001e+01 -1.434836e+01 1.028695e+01
   vertex -3.694803e+01 -3.010150e+01 3.666254e+01
  endloop
 endfacet
 facet normal 8.825981e-01 3.655843e-01 2.955819e-01
  outer loop
   vertex -4.743530e+01 -1.174686e+01 4.527562e+01
   vertex -4.614277e+01 -1.515321e+01 4.562924e+01
   vertex -4.206354e+01 -1.933472e+01 3.862061e+01
  endloop
 endfacet
 facet normal 8.825987e-01 3.655842e-01 2.955803e-01
  outer loop
   vertex -5.319540e+01 -3.668434e-01 4.840000e+01
   vertex -4.875568e+01 -1.108529e+01 4.840000e+01
   vertex -4.908847e+01 -9.503825e+00 4.743769e+01
  endloop
 endfacet
 facet normal 8.825984e-01 3.655836e-01 2.955821e-01
  outer loop
   vertex -4.477677e+01 -1.854715e+01 4.574815e+01
   vertex -4.334280e+01 -2.191293e+01 4.562924e+01
   vertex -4.206354e+01 -1.933472e+01 3.862061e+01
  endloop
 endfacet
 facet normal 8.825981e-01 3.655844e-01 2.955819e-01
  outer loop
   vertex -4.477677e+01 -1.854715e+01 4.574815e+01
   vertex -4.206354e+01 -1.933472e+01 3.862061e+01
   vertex -4.614277e+01 -1.515321e+01 4.562924e+01
  endloop
 endfacet
 facet normal 8.825981e-01 3.655844e-01 2.955819e-01
  outer loop
   vertex -4.184810e+01 -2.523553e+01 4.527562e+01
   vertex -3.694803e+01 -3.010150e+01 3.666254e+01
   vertex -4.334280e+01 -2.191293e+01 4.562924e+01
  endloop
 endfacet
 facet normal 8.825981e-01 3.655841e-01 2.955822e-01
  outer loop
   vertex -4.206354e+01 -1.933472e+01 3.862061e+01
   vertex -4.334280e+01 -2.191293e+01 4.562924e+01
   vertex -3.694803e+01 -3.010150e+01 3.666254e+01
  endloop
 endfacet
 facet normal 6.357639e-01 6.357639e-01 4.377311e-01
  outer loop
   vertex -3.464001e+01 -1.434836e+01 1.028695e+01
   vertex -1.957142e+01 -3.269844e+01 1.505301e+01
   vertex -1.434836e+01 -3.464001e+01 1.028695e+01
  endloop
 endfacet
 facet normal 6.357638e-01 6.357640e-01 4.377310e-01
  outer loop
   vertex -3.449547e+01 -3.449547e+01 3.933882e+01
   vertex -1.434836e+01 -3.464001e+01 1.028695e+01
   vertex -1.957142e+01 -3.269844e+01 1.505301e+01
  endloop
 endfacet
 facet normal 6.357639e-01 6.357639e-01 4.377311e-01
  outer loop
   vertex -3.269844e+01 -1.957142e+01 1.505301e+01
   vertex -1.957142e+01 -3.269844e+01 1.505301e+01
   vertex -3.464001e+01 -1.434836e+01 1.028695e+01
  endloop
 endfacet
 facet normal 6.357640e-01 6.357640e-01 4.377309e-01
  outer loop
   vertex -3.449547e+01 -3.449547e+01 3.933882e+01
   vertex -3.787423e+01 -3.735543e+01 4.840000e+01
   vertex -3.735543e+01 -3.787423e+01 4.840000e+01
  endloop
 endfacet
 facet normal 6.357643e-01 6.357637e-01 4.377309e-01
  outer loop
   vertex -3.464001e+01 -1.434836e+01 1.028695e+01
   vertex -3.787423e+01 -3.735543e+01 4.840000e+01
   vertex -3.449547e+01 -3.449547e+01 3.933882e+01
  endloop
 endfacet
 facet normal 6.357640e-01 6.357638e-01 4.377310e-01
  outer loop
   vertex -3.449547e+01 -3.449547e+01 3.933882e+01
   vertex -3.269844e+01 -1.957142e+01 1.505301e+01
   vertex -3.464001e+01 -1.434836e+01 1.028695e+01
  endloop
 endfacet
 facet normal 6.357637e-01 6.357643e-01 4.377309e-01
  outer loop
   vertex -1.434836e+01 -3.464001e+01 1.028695e+01
   vertex -3.449547e+01 -3.449547e+01 3.933882e+01
   vertex -3.735543e+01 -3.787423e+01 4.840000e+01
  endloop
 endfacet
 facet normal 3.655842e-01 8.825977e-01 2.955832e-01
  outer loop
   vertex -2.799057e+01 -4.143101e+01 4.743769e+01
   vertex -2.926083e+01 -4.054385e+01 4.635977e+01
   vertex -3.735543e+01 -3.787423e+01 4.840000e+01
  endloop
 endfacet
 facet normal 3.655841e-01 8.825981e-01 2.955821e-01
  outer loop
   vertex -3.044868e+01 -3.965952e+01 4.518836e+01
   vertex -3.735543e+01 -3.787423e+01 4.840000e+01
   vertex -2.926083e+01 -4.054385e+01 4.635977e+01
  endloop
 endfacet
 facet normal 3.655843e-01 8.825988e-01 2.955798e-01
  outer loop
   vertex -2.663699e+01 -4.231395e+01 4.840000e+01
   vertex -2.799057e+01 -4.143101e+01 4.743769e+01
   vertex -3.735543e+01 -3.787423e+01 4.840000e+01
  endloop
 endfacet
 facet normal 3.655841e-01 8.825982e-01 2.955820e-01
  outer loop
   vertex -3.735543e+01 -3.787423e+01 4.840000e+01
   vertex -3.044868e+01 -3.965952e+01 4.518836e+01
   vertex -3.155502e+01 -3.878506e+01 4.394559e+01
  endloop
 endfacet
 facet normal 3.655841e-01 8.825982e-01 2.955820e-01
  outer loop
   vertex -2.850170e+01 -4.030117e+01 4.469621e+01
   vertex -2.523553e+01 -4.184810e+01 4.527562e+01
   vertex -1.933472e+01 -4.206354e+01 3.862061e+01
  endloop
 endfacet
 facet normal 3.655840e-01 8.825982e-01 2.955819e-01
  outer loop
   vertex -3.155502e+01 -3.878506e+01 4.394559e+01
   vertex -3.010150e+01 -3.694803e+01 3.666254e+01
   vertex -3.735543e+01 -3.787423e+01 4.840000e+01
  endloop
 endfacet
 facet normal 3.655836e-01 8.825984e-01 2.955821e-01
  outer loop
   vertex -2.191293e+01 -4.334280e+01 4.562924e+01
   vertex -1.854715e+01 -4.477677e+01 4.574815e+01
   vertex -1.933472e+01 -4.206354e+01 3.862061e+01
  endloop
 endfacet
 facet normal 3.655844e-01 8.825981e-01 2.955819e-01
  outer loop
   vertex -1.854715e+01 -4.477677e+01 4.574815e+01
   vertex -1.515321e+01 -4.614277e+01 4.562924e+01
   vertex -1.933472e+01 -4.206354e+01 3.862061e+01
  endloop
 endfacet
 facet normal 3.655843e-01 8.825980e-01 2.955823e-01
  outer loop
   vertex -2.523553e+01 -4.184810e+01 4.527562e+01
   vertex -2.191293e+01 -4.334280e+01 4.562924e+01
   vertex -1.933472e+01 -4.206354e+01 3.862061e+01
  endloop
 endfacet
 facet normal 3.655847e-01 8.825980e-01 2.955820e-01
  outer loop
   vertex -3.010150e+01 -3.694803e+01 3.666254e+01
   vertex -3.155502e+01 -3.878506e+01 4.394559e+01
   vertex -2.850170e+01 -4.030117e+01 4.469621e+01
  endloop
 endfacet
 facet normal 3.655843e-01 8.825980e-01 2.955821e-01
  outer loop
   vertex -1.515321e+01 -4.614277e+01 4.562924e+01
   vertex -1.174686e+01 -4.743530e+01 4.527562e+01
   vertex -1.781934e+01 -4.186097e+01 3.614151e+01
  endloop
 endfacet
 facet normal 3.655835e-01 8.825983e-01 2.955824e-01
  outer loop
   vertex -1.933472e+01 -4.206354e+01 3.862061e+01
   vertex -1.515321e+01 -4.614277e+01 4.562924e+01
   vertex -1.781934e+01 -4.186097e+01 3.614151e+01
  endloop
 endfacet
 facet normal 3.655870e-01 8.825964e-01 2.955836e-01
  outer loop
   vertex -3.010150e+01 -3.694803e+01 3.666254e+01
   vertex -1.420989e+01 -3.482379e+01 1.066442e+01
   vertex -1.434836e+01 -3.464001e+01 1.028695e+01
  endloop
 endfacet
 facet normal 3.655860e-01 8.825970e-01 2.955831e-01
  outer loop
   vertex -1.434836e+01 -3.464001e+01 1.028695e+01
   vertex -3.735543e+01 -3.787423e+01 4.840000e+01
   vertex -3.010150e+01 -3.694803e+01 3.666254e+01
  endloop
 endfacet
 facet normal 3.655842e-01 8.825981e-01 2.955820e-01
  outer loop
   vertex -5.112415e+00 -4.973795e+01 4.394559e+01
   vertex -1.273695e+01 -3.677858e+01 1.467960e+01
   vertex -1.781934e+01 -4.186097e+01 3.614151e+01
  endloop
 endfacet
 facet normal 3.655838e-01 8.825982e-01 2.955824e-01
  outer loop
   vertex -3.668434e-01 -5.319540e+01 4.840000e+01
   vertex -7.978301e+00 -4.935936e+01 4.635977e+01
   vertex -9.503825e+00 -4.908847e+01 4.743769e+01
  endloop
 endfacet
 facet normal 3.655840e-01 8.825983e-01 2.955819e-01
  outer loop
   vertex -7.978301e+00 -4.935936e+01 4.635977e+01
   vertex -3.668434e-01 -5.319540e+01 4.840000e+01
   vertex -6.513051e+00 -4.957399e+01 4.518836e+01
  endloop
 endfacet
 facet normal 3.655836e-01 8.825983e-01 2.955823e-01
  outer loop
   vertex -1.273695e+01 -3.677858e+01 1.467960e+01
   vertex -5.112415e+00 -4.973795e+01 4.394559e+01
   vertex -3.668434e-01 -5.319540e+01 4.840000e+01
  endloop
 endfacet
 facet normal 3.655839e-01 8.825983e-01 2.955820e-01
  outer loop
   vertex -6.513051e+00 -4.957399e+01 4.518836e+01
   vertex -3.668434e-01 -5.319540e+01 4.840000e+01
   vertex -5.112415e+00 -4.973795e+01 4.394559e+01
  endloop
 endfacet
 facet normal 3.655836e-01 8.825982e-01 2.955827e-01
  outer loop
   vertex -8.422008e+00 -4.862375e+01 4.471205e+01
   vertex -1.781934e+01 -4.186097e+01 3.614151e+01
   vertex -1.174686e+01 -4.743530e+01 4.527562e+01
  endloop
 endfacet
 facet normal 3.655843e-01 8.825981e-01 2.955818e-01
  outer loop
   vertex -8.422008e+00 -4.862375e+01 4.471205e+01
   vertex -5.112415e+00 -4.973795e+01 4.394559e+01
   vertex -1.781934e+01 -4.186097e+01 3.614151e+01
  endloop
 endfacet
 facet normal 3.655842e-01 8.825987e-01 2.955803e-01
  outer loop
   vertex -1.108529e+01 -4.875568e+01 4.840000e+01
   vertex -3.668434e-01 -5.319540e+01 4.840000e+01
   vertex -9.503825e+00 -4.908847e+01 4.743769e+01
  endloop
 endfacet
 facet normal 3.655841e-01 8.825981e-01 2.955822e-01
  outer loop
   vertex -1.933472e+01 -4.206354e+01 3.862061e+01
   vertex -3.010150e+01 -3.694803e+01 3.666254e+01
   vertex -2.850170e+01 -4.030117e+01 4.469621e+01
  endloop
 endfacet
 facet normal 0.000000e+00 8.991044e-01 4.377343e-01
  outer loop
   vertex -1.420989e+01 -3.482379e+01 1.066442e+01
   vertex -1.413209e+01 -3.464001e+01 1.028695e+01
   vertex -1.434836e+01 -3.464001e+01 1.028695e+01
  endloop
 endfacet
 facet normal -3.655838e-01 8.825982e-01 2.955824e-01
  outer loop
   vertex 9.503825e+00 -4.908847e+01 4.743769e+01
   vertex 7.978301e+00 -4.935936e+01 4.635977e+01
   vertex 3.668434e-01 -5.319540e+01 4.840000e+01
  endloop
 endfacet
 facet normal -3.655840e-01 8.825983e-01 2.955819e-01
  outer loop
   vertex 6.513051e+00 -4.957399e+01 4.518836e+01
   vertex 3.668434e-01 -5.319540e+01 4.840000e+01
   vertex 7.978301e+00 -4.935936e+01 4.635977e+01
  endloop
 endfacet
 facet normal -3.655842e-01 8.825987e-01 2.955803e-01
  outer loop
   vertex 3.668434e-01 -5.319540e+01 4.840000e+01
   vertex 1.108529e+01 -4.875568e+01 4.840000e+01
   vertex 9.503825e+00 -4.908847e+01 4.743769e+01
  endloop
 endfacet
 facet normal -3.655843e-01 8.825981e-01 2.955818e-01
  outer loop
   vertex 8.422008e+00 -4.862375e+01 4.471205e+01
   vertex 8.218760e+00 -4.674554e+01 3.885239e+01
   vertex 5.112415e+00 -4.973795e+01 4.394559e+01
  endloop
 endfacet
 facet normal -3.655837e-01 8.825983e-01 2.955823e-01
  outer loop
   vertex 5.112415e+00 -4.973795e+01 4.394559e+01
   vertex 8.218760e+00 -4.674554e+01 3.885239e+01
   vertex 7.460068e+00 -4.491389e+01 3.244479e+01
  endloop
 endfacet
 facet normal -3.655836e-01 8.825984e-01 2.955819e-01
  outer loop
   vertex 8.218760e+00 -4.674554e+01 3.885239e+01
   vertex 8.422008e+00 -4.862375e+01 4.471205e+01
   vertex 1.174686e+01 -4.743530e+01 4.527562e+01
  endloop
 endfacet
 facet normal -3.655843e-01 8.825980e-01 2.955822e-01
  outer loop
   vertex 1.174686e+01 -4.743530e+01 4.527562e+01
   vertex 1.515321e+01 -4.614277e+01 4.562924e+01
   vertex 8.218760e+00 -4.674554e+01 3.885239e+01
  endloop
 endfacet
 facet normal -3.655839e-01 8.825983e-01 2.955820e-01
  outer loop
   vertex 3.668434e-01 -5.319540e+01 4.840000e+01
   vertex 6.513051e+00 -4.957399e+01 4.518836e+01
   vertex 5.112415e+00 -4.973795e+01 4.394559e+01
  endloop
 endfacet
 facet normal -3.655836e-01 8.825983e-01 2.955823e-01
  outer loop
   vertex 7.460068e+00 -4.491389e+01 3.244479e+01
   vertex 3.668434e-01 -5.319540e+01 4.840000e+01
   vertex 5.112415e+00 -4.973795e+01 4.394559e+01
  endloop
 endfacet
 facet normal -3.655835e-01 8.825983e-01 2.955825e-01
  outer loop
   vertex 2.130142e+01 -4.251462e+01 4.240000e+01
   vertex 1.854715e+01 -4.477677e+01 4.574815e+01
   vertex 2.191293e+01 -4.334280e+01 4.562924e+01
  endloop
 endfacet
 facet normal -3.655843e-01 8.825988e-01 2.955798e-01
  outer loop
   vertex 3.735543e+01 -3.787423e+01 4.840000e+01
   vertex 2.799057e+01 -4.143101e+01 4.743769e+01
   vertex 2.663699e+01 -4.231395e+01 4.840000e+01
  endloop
 endfacet
 facet normal -3.655840e-01 8.825982e-01 2.955820e-01
  outer loop
   vertex 2.046131e+01 -4.167451e+01 3.885239e+01
   vertex 1.854715e+01 -4.477677e+01 4.574815e+01
   vertex 2.130142e+01 -4.251462e+01 4.240000e+01
  endloop
 endfacet
 facet normal -3.655842e-01 8.825979e-01 2.955827e-01
  outer loop
   vertex 2.191293e+01 -4.334280e+01 4.562924e+01
   vertex 2.523553e+01 -4.184810e+01 4.527562e+01
   vertex 2.365587e+01 -4.153938e+01 4.240000e+01
  endloop
 endfacet
 facet normal -3.655841e-01 8.825982e-01 2.955820e-01
  outer loop
   vertex 2.523553e+01 -4.184810e+01 4.527562e+01
   vertex 2.850170e+01 -4.030117e+01 4.469621e+01
   vertex 2.724255e+01 -3.886563e+01 3.885239e+01
  endloop
 endfacet
 facet normal -3.655833e-01 8.825984e-01 2.955823e-01
  outer loop
   vertex 2.724255e+01 -3.886563e+01 3.885239e+01
   vertex 2.365587e+01 -4.153938e+01 4.240000e+01
   vertex 2.523553e+01 -4.184810e+01 4.527562e+01
  endloop
 endfacet
 facet normal -3.655845e-01 8.825978e-01 2.955826e-01
  outer loop
   vertex 2.130142e+01 -4.251462e+01 4.240000e+01
   vertex 2.191293e+01 -4.334280e+01 4.562924e+01
   vertex 2.365587e+01 -4.153938e+01 4.240000e+01
  endloop
 endfacet
 facet normal -3.655844e-01 8.825981e-01 2.955819e-01
  outer loop
   vertex 1.515321e+01 -4.614277e+01 4.562924e+01
   vertex 1.854715e+01 -4.477677e+01 4.574815e+01
   vertex 2.046131e+01 -4.167451e+01 3.885239e+01
  endloop
 endfacet
 facet normal -3.655842e-01 8.825977e-01 2.955832e-01
  outer loop
   vertex 3.735543e+01 -3.787423e+01 4.840000e+01
   vertex 2.926083e+01 -4.054385e+01 4.635977e+01
   vertex 2.799057e+01 -4.143101e+01 4.743769e+01
  endloop
 endfacet
 facet normal -3.655842e-01 8.825981e-01 2.955821e-01
  outer loop
   vertex 8.218760e+00 -4.674554e+01 3.885239e+01
   vertex 1.515321e+01 -4.614277e+01 4.562924e+01
   vertex 2.046131e+01 -4.167451e+01 3.885239e+01
  endloop
 endfacet
 facet normal -3.655843e-01 8.825982e-01 2.955817e-01
  outer loop
   vertex 9.085165e+00 -4.424076e+01 3.244479e+01
   vertex 8.697946e+00 -4.330593e+01 2.917449e+01
   vertex 7.460068e+00 -4.491389e+01 3.244479e+01
  endloop
 endfacet
 facet normal -3.655817e-01 8.825988e-01 2.955830e-01
  outer loop
   vertex 1.434836e+01 -3.464001e+01 1.028695e+01
   vertex 7.460068e+00 -4.491389e+01 3.244479e+01
   vertex 8.697946e+00 -4.330593e+01 2.917449e+01
  endloop
 endfacet
 facet normal -3.655840e-01 8.825981e-01 2.955824e-01
  outer loop
   vertex 1.690273e+01 -3.953015e+01 2.804806e+01
   vertex 8.697946e+00 -4.330593e+01 2.917449e+01
   vertex 1.716949e+01 -3.979690e+01 2.917449e+01
  endloop
 endfacet
 facet normal -3.655841e-01 8.825982e-01 2.955818e-01
  outer loop
   vertex 8.697946e+00 -4.330593e+01 2.917449e+01
   vertex 1.690273e+01 -3.953015e+01 2.804806e+01
   vertex 1.656522e+01 -3.777842e+01 2.240000e+01
  endloop
 endfacet
 facet normal -3.655850e-01 8.826004e-01 2.955743e-01
  outer loop
   vertex 1.816949e+01 -3.938269e+01 2.917449e+01
   vertex 1.810448e+01 -3.931769e+01 2.890000e+01
   vertex 1.759128e+01 -3.962219e+01 2.917449e+01
  endloop
 endfacet
 facet normal -3.655817e-01 8.825999e-01 2.955799e-01
  outer loop
   vertex 1.690273e+01 -3.953015e+01 2.804806e+01
   vertex 1.759128e+01 -3.962219e+01 2.917449e+01
   vertex 1.810448e+01 -3.931769e+01 2.890000e+01
  endloop
 endfacet
 facet normal -3.655829e-01 8.825987e-01 2.955818e-01
  outer loop
   vertex 1.656522e+01 -3.777842e+01 2.240000e+01
   vertex 1.690273e+01 -3.953015e+01 2.804806e+01
   vertex 1.810448e+01 -3.931769e+01 2.890000e+01
  endloop
 endfacet
 facet normal -3.655845e-01 8.825979e-01 2.955822e-01
  outer loop
   vertex 1.434836e+01 -3.464001e+01 1.028695e+01
   vertex 1.656522e+01 -3.777842e+01 2.240000e+01
   vertex 2.166045e+01 -3.566791e+01 2.240000e+01
  endloop
 endfacet
 facet normal -3.655838e-01 8.825982e-01 2.955821e-01
  outer loop
   vertex 1.434836e+01 -3.464001e+01 1.028695e+01
   vertex 8.697946e+00 -4.330593e+01 2.917449e+01
   vertex 1.656522e+01 -3.777842e+01 2.240000e+01
  endloop
 endfacet
 facet normal -3.655844e-01 8.825981e-01 2.955819e-01
  outer loop
   vertex 1.434836e+01 -3.464001e+01 1.028695e+01
   vertex 3.668434e-01 -5.319540e+01 4.840000e+01
   vertex 7.460068e+00 -4.491389e+01 3.244479e+01
  endloop
 endfacet
 facet normal -3.655828e-01 8.825984e-01 2.955829e-01
  outer loop
   vertex 2.568407e+01 -3.951117e+01 3.885239e+01
   vertex 2.365587e+01 -4.153938e+01 4.240000e+01
   vertex 2.724255e+01 -3.886563e+01 3.885239e+01
  endloop
 endfacet
 facet normal -3.655841e-01 8.825982e-01 2.955820e-01
  outer loop
   vertex 3.735543e+01 -3.787423e+01 4.840000e+01
   vertex 3.155502e+01 -3.878506e+01 4.394559e+01
   vertex 3.044868e+01 -3.965952e+01 4.518836e+01
  endloop
 endfacet
 facet normal -3.655840e-01 8.825983e-01 2.955819e-01
  outer loop
   vertex 3.155502e+01 -3.878506e+01 4.394559e+01
   vertex 3.735543e+01 -3.787423e+01 4.840000e+01
   vertex 2.980977e+01 -3.681350e+01 3.590000e+01
  endloop
 endfacet
 facet normal -3.655841e-01 8.825981e-01 2.955821e-01
  outer loop
   vertex 2.926083e+01 -4.054385e+01 4.635977e+01
   vertex 3.735543e+01 -3.787423e+01 4.840000e+01
   vertex 3.044868e+01 -3.965952e+01 4.518836e+01
  endloop
 endfacet
 facet normal -3.655846e-01 8.825979e-01 2.955820e-01
  outer loop
   vertex 3.155502e+01 -3.878506e+01 4.394559e+01
   vertex 2.724255e+01 -3.886563e+01 3.885239e+01
   vertex 2.850170e+01 -4.030117e+01 4.469621e+01
  endloop
 endfacet
 facet normal -3.655841e-01 8.825980e-01 2.955824e-01
  outer loop
   vertex 2.724255e+01 -3.886563e+01 3.885239e+01
   vertex 2.980977e+01 -3.681350e+01 3.590000e+01
   vertex 2.697516e+01 -3.822009e+01 3.659410e+01
  endloop
 endfacet
 facet normal -3.655837e-01 8.825978e-01 2.955836e-01
  outer loop
   vertex 2.737198e+01 -3.782326e+01 3.590000e+01
   vertex 2.697516e+01 -3.822009e+01 3.659410e+01
   vertex 2.980977e+01 -3.681350e+01 3.590000e+01
  endloop
 endfacet
 facet normal -3.655846e-01 8.825980e-01 2.955820e-01
  outer loop
   vertex 3.155502e+01 -3.878506e+01 4.394559e+01
   vertex 2.980977e+01 -3.681350e+01 3.590000e+01
   vertex 2.724255e+01 -3.886563e+01 3.885239e+01
  endloop
 endfacet
 facet normal -6.357640e-01 6.357639e-01 4.377310e-01
  outer loop
   vertex 2.795707e+01 -2.937128e+01 2.240000e+01
   vertex 3.019473e+01 -3.160895e+01 2.890000e+01
   vertex 3.464001e+01 -1.434836e+01 1.028695e+01
  endloop
 endfacet
 facet normal -6.357638e-01 6.357640e-01 4.377311e-01
  outer loop
   vertex 3.189052e+01 -3.330473e+01 3.382593e+01
   vertex 3.464001e+01 -1.434836e+01 1.028695e+01
   vertex 3.019473e+01 -3.160895e+01 2.890000e+01
  endloop
 endfacet
 facet normal -6.357639e-01 6.357640e-01 4.377310e-01
  outer loop
   vertex 2.166045e+01 -3.566791e+01 2.240000e+01
   vertex 2.795707e+01 -2.937128e+01 2.240000e+01
   vertex 1.434836e+01 -3.464001e+01 1.028695e+01
  endloop
 endfacet
 facet normal -6.357639e-01 6.357639e-01 4.377311e-01
  outer loop
   vertex 3.464001e+01 -1.434836e+01 1.028695e+01
   vertex 1.434836e+01 -3.464001e+01 1.028695e+01
   vertex 2.795707e+01 -2.937128e+01 2.240000e+01
  endloop
 endfacet
 facet normal -6.357639e-01 6.357639e-01 4.377311e-01
  outer loop
   vertex 3.260453e+01 -3.401874e+01 3.590000e+01
   vertex 3.735543e+01 -3.787423e+01 4.840000e+01
   vertex 3.787423e+01 -3.735543e+01 4.840000e+01
  endloop
 endfacet
 facet normal -6.357653e-01 6.357631e-01 4.377302e-01
  outer loop
   vertex 3.260453e+01 -3.401874e+01 3.590000e+01
   vertex 3.464001e+01 -1.434836e+01 1.028695e+01
   vertex 3.189052e+01 -3.330473e+01 3.382593e+01
  endloop
 endfacet
 facet normal -6.357641e-01 6.357637e-01 4.377311e-01
  outer loop
   vertex 3.735543e+01 -3.787423e+01 4.840000e+01
   vertex 3.260453e+01 -3.401874e+01 3.590000e+01
   vertex 2.980977e+01 -3.681350e+01 3.590000e+01
  endloop
 endfacet
 facet normal -6.357638e-01 6.357640e-01 4.377311e-01
  outer loop
   vertex 3.787423e+01 -3.735543e+01 4.840000e+01
   vertex 3.464001e+01 -1.434836e+01 1.028695e+01
   vertex 3.260453e+01 -3.401874e+01 3.590000e+01
  endloop
 endfacet
 facet normal -8.991060e-01 0.000000e+00 4.377310e-01
  outer loop
   vertex 5.319540e+01 3.668434e-01 4.840000e+01
   vertex 3.464001e+01 -1.434836e+01 1.028695e+01
   vertex 5.319540e+01 -3.668434e-01 4.840000e+01
  endloop
 endfacet
 facet normal -8.991060e-01 0.000000e+00 4.377310e-01
  outer loop
   vertex 3.464001e+01 -1.434836e+01 1.028695e+01
   vertex 5.319540e+01 3.668434e-01 4.840000e+01
   vertex 3.464001e+01 1.434836e+01 1.028695e+01
  endloop
 endfacet
 facet normal 0.000000e+00 -0.000000e+00 1.000000e+00
  outer loop
   vertex 1.309521e+00 7.315424e-01 1.600000e+00
   vertex 2.205085e+01 2.205085e+01 1.600000e+00
   vertex 1.167054e+00 9.423300e-01 1.600000e+00
  endloop
 endfacet
 facet normal 0.000000e+00 0.000000e+00 1.000000e+00
  outer loop
   vertex 2.205085e+01 2.205085e+01 1.600000e+00
   vertex 7.864609e-01 1.277294e+00 1.600000e+00
   vertex 9.910121e-01 1.126009e+00 1.600000e+00
  endloop
 endfacet
 facet normal 0.000000e+00 0.000000e+00 1.000000e+00
  outer loop
   vertex 2.205085e+01 2.205085e+01 1.600000e+00
   vertex 9.910121e-01 1.126009e+00 1.600000e+00
   vertex 1.167054e+00 9.423300e-01 1.600000e+00
  endloop
 endfacet
 facet normal -0.000000e+00 0.000000e+00 1.000000e+00
  outer loop
   vertex 1.414316e+00 4.997097e-01 1.600000e+00
   vertex 3.118461e+01 0.000000e+00 1.600000e+00
   vertex 2.205085e+01 2.205085e+01 1.600000e+00
  endloop
 endfacet
 facet normal -0.000000e+00 0.000000e+00 1.000000e+00
  outer loop
   vertex 5.592847e-01 1.391834e+00 1.600000e+00
   vertex 7.864609e-01 1.277294e+00 1.600000e+00
   vertex 2.205085e+01 2.205085e+01 1.600000e+00
  endloop
 endfacet
 facet normal 0.000000e+00 0.000000e+00 1.000000e+00
  outer loop
   vertex 3.118461e+01 0.000000e+00 1.600000e+00
   vertex 1.500000e+00 8.881784e-16 1.600000e+00
   vertex 1.478424e+00 -2.535012e-01 1.600000e+00
  endloop
 endfacet
 facet normal 0.000000e+00 0.000000e+00 1.000000e+00
  outer loop
   vertex 3.118461e+01 0.000000e+00 1.600000e+00
   vertex 1.478424e+00 -2.535012e-01 1.600000e+00
   vertex 1.414316e+00 -4.997097e-01 1.600000e+00
  endloop
 endfacet
 facet normal 0.000000e+00 0.000000e+00 1.000000e+00
  outer loop
   vertex 2.205085e+01 2.205085e+01 1.600000e+00
   vertex 1.309521e+00 7.315424e-01 1.600000e+00
   vertex 1.414316e+00 4.997097e-01 1.600000e+00
  endloop
 endfacet
 facet normal 0.000000e+00 0.000000e+00 1.000000e+00
  outer loop
   vertex 3.118461e+01 0.000000e+00 1.600000e+00
   vertex 1.414316e+00 4.997097e-01 1.600000e+00
   vertex 1.478424e+00 2.535012e-01 1.600000e+00
  endloop
 endfacet
 facet normal 0.000000e+00 0.000000e+00 1.000000e+00
  outer loop
   vertex 3.118461e+01 0.000000e+00 1.600000e+00
   vertex 1.478424e+00 2.535012e-01 1.600000e+00
   vertex 1.500000e+00 8.881784e-16 1.600000e+00
  endloop
 endfacet
 facet normal -0.000000e+00 0.000000e+00 1.000000e+00
  outer loop
   vertex 1.414316e+00 -4.997097e-01 1.600000e+00
   vertex 2.205085e+01 -2.205085e+01 1.600000e+00
   vertex 3.118461e+01 0.000000e+00 1.600000e+00
  endloop
 endfacet
 facet normal 0.000000e+00 0.000000e+00 1.000000e+00
  outer loop
   vertex 1.909507e-15 3.118461e+01 1.600000e+00
   vertex 3.160189e-01 1.466333e+00 1.600000e+00
   vertex 5.592847e-01 1.391834e+00 1.600000e+00
  endloop
 endfacet
 facet normal 0.000000e+00 -0.000000e+00 1.000000e+00
  outer loop
   vertex -6.753056e-01 1.339389e+00 1.600000e+00
   vertex 1.909507e-15 3.118461e+01 1.600000e+00
   vertex -2.205085e+01 2.205085e+01 1.600000e+00
  endloop
 endfacet
 facet normal 0.000000e+00 0.000000e+00 1.000000e+00
  outer loop
   vertex 3.160189e-01 1.466333e+00 1.600000e+00
   vertex 1.909507e-15 3.118461e+01 1.600000e+00
   vertex 6.366181e-02 1.498648e+00 1.600000e+00
  endloop
 endfacet
 facet normal 0.000000e+00 0.000000e+00 1.000000e+00
  outer loop
   vertex 6.366181e-02 1.498648e+00 1.600000e+00
   vertex 1.909507e-15 3.118461e+01 1.600000e+00
   vertex -1.905267e-01 1.487851e+00 1.600000e+00
  endloop
 endfacet
 facet normal 0.000000e+00 0.000000e+00 1.000000e+00
  outer loop
   vertex 2.205085e+01 2.205085e+01 1.600000e+00
   vertex 1.909507e-15 3.118461e+01 1.600000e+00
   vertex 5.592847e-01 1.391834e+00 1.600000e+00
  endloop
 endfacet
 facet normal 0.000000e+00 0.000000e+00 1.000000e+00
  outer loop
   vertex 1.909507e-15 3.118461e+01 1.600000e+00
   vertex -6.753056e-01 1.339389e+00 1.600000e+00
   vertex -4.392342e-01 1.434250e+00 1.600000e+00
  endloop
 endfacet
 facet normal 0.000000e+00 0.000000e+00 1.000000e+00
  outer loop
   vertex 1.909507e-15 3.118461e+01 1.600000e+00
   vertex -4.392342e-01 1.434250e+00 1.600000e+00
   vertex -1.905267e-01 1.487851e+00 1.600000e+00
  endloop
 endfacet
 facet normal 0.000000e+00 0.000000e+00 1.000000e+00
  outer loop
   vertex -2.205085e+01 2.205085e+01 1.600000e+00
   vertex -1.242764e+00 8.399622e-01 1.600000e+00
   vertex -1.082934e+00 1.037908e+00 1.600000e+00
  endloop
 endfacet
 facet normal 0.000000e+00 0.000000e+00 1.000000e+00
  outer loop
   vertex -2.205085e+01 2.205085e+01 1.600000e+00
   vertex -1.082934e+00 1.037908e+00 1.600000e+00
   vertex -8.919498e-01 1.205996e+00 1.600000e+00
  endloop
 endfacet
 facet normal 0.000000e+00 0.000000e+00 1.000000e+00
  outer loop
   vertex -2.205085e+01 2.205085e+01 1.600000e+00
   vertex -8.919498e-01 1.205996e+00 1.600000e+00
   vertex -6.753056e-01 1.339389e+00 1.600000e+00
  endloop
 endfacet
 facet normal 0.000000e+00 -0.000000e+00 1.000000e+00
  outer loop
   vertex -1.366843e+00 6.178519e-01 1.600000e+00
   vertex -1.242764e+00 8.399622e-01 1.600000e+00
   vertex -2.205085e+01 2.205085e+01 1.600000e+00
  endloop
 endfacet
 facet normal 0.000000e+00 0.000000e+00 1.000000e+00
  outer loop
   vertex 2.205085e+01 -2.205085e+01 1.600000e+00
   vertex 1.309521e+00 -7.315424e-01 1.600000e+00
   vertex 1.167054e+00 -9.423300e-01 1.600000e+00
  endloop
 endfacet
 facet normal 0.000000e+00 0.000000e+00 1.000000e+00
  outer loop
   vertex 2.205085e+01 -2.205085e+01 1.600000e+00
   vertex 9.910121e-01 -1.126009e+00 1.600000e+00
   vertex 7.864609e-01 -1.277294e+00 1.600000e+00
  endloop
 endfacet
 facet normal 0.000000e+00 0.000000e+00 1.000000e+00
  outer loop
   vertex 2.205085e+01 -2.205085e+01 1.600000e+00
   vertex 7.864609e-01 -1.277294e+00 1.600000e+00
   vertex 5.592847e-01 -1.391834e+00 1.600000e+00
  endloop
 endfacet
 facet normal -0.000000e+00 0.000000e+00 1.000000e+00
  outer loop
   vertex 9.910121e-01 -1.126009e+00 1.600000e+00
   vertex 2.205085e+01 -2.205085e+01 1.600000e+00
   vertex 1.167054e+00 -9.423300e-01 1.600000e+00
  endloop
 endfacet
 facet normal -0.000000e+00 0.000000e+00 1.000000e+00
  outer loop
   vertex 3.160189e-01 -1.466333e+00 1.600000e+00
   vertex -5.728520e-15 -3.118461e+01 1.600000e+00
   vertex 5.592847e-01 -1.391834e+00 1.600000e+00
  endloop
 endfacet
 facet normal 0.000000e+00 0.000000e+00 1.000000e+00
  outer loop
   vertex 2.205085e+01 -2.205085e+01 1.600000e+00
   vertex 5.592847e-01 -1.391834e+00 1.600000e+00
   vertex -5.728520e-15 -3.118461e+01 1.600000e+00
  endloop
 endfacet
 facet normal -0.000000e+00 0.000000e+00 1.000000e+00
  outer loop
   vertex 6.366181e-02 -1.498648e+00 1.600000e+00
   vertex -5.728520e-15 -3.118461e+01 1.600000e+00
   vertex 3.160189e-01 -1.466333e+00 1.600000e+00
  endloop
 endfacet
 facet normal 0.000000e+00 -0.000000e+00 1.000000e+00
  outer loop
   vertex -5.728520e-15 -3.118461e+01 1.600000e+00
   vertex 6.366181e-02 -1.498648e+00 1.600000e+00
   vertex -1.905267e-01 -1.487851e+00 1.600000e+00
  endloop
 endfacet
 facet normal 0.000000e+00 0.000000e+00 1.000000e+00
  outer loop
   vertex -5.728520e-15 -3.118461e+01 1.600000e+00
   vertex -1.905267e-01 -1.487851e+00 1.600000e+00
   vertex -4.392342e-01 -1.434250e+00 1.600000e+00
  endloop
 endfacet
 facet normal 0.000000e+00 0.000000e+00 1.000000e+00
  outer loop
   vertex -4.392342e-01 -1.434250e+00 1.600000e+00
   vertex -6.753056e-01 -1.339389e+00 1.600000e+00
   vertex -5.728520e-15 -3.118461e+01 1.600000e+00
  endloop
 endfacet
 facet normal 0.000000e+00 0.000000e+00 1.000000e+00
  outer loop
   vertex 2.205085e+01 -2.205085e+01 1.600000e+00
   vertex 1.414316e+00 -4.997097e-01 1.600000e+00
   vertex 1.309521e+00 -7.315424e-01 1.600000e+00
  endloop
 endfacet
 facet normal 0.000000e+00 0.000000e+00 1.000000e+00
  outer loop
   vertex -3.118461e+01 3.819013e-15 1.600000e+00
   vertex -1.366843e+00 -6.178519e-01 1.600000e+00
   vertex -1.451599e+00 -3.779671e-01 1.600000e+00
  endloop
 endfacet
 facet normal 0.000000e+00 0.000000e+00 1.000000e+00
  outer loop
   vertex -3.118461e+01 3.819013e-15 1.600000e+00
   vertex -1.451599e+00 -3.779671e-01 1.600000e+00
   vertex -1.494596e+00 -1.272089e-01 1.600000e+00
  endloop
 endfacet
 facet normal 0.000000e+00 0.000000e+00 1.000000e+00
  outer loop
   vertex -3.118461e+01 3.819013e-15 1.600000e+00
   vertex -1.494596e+00 1.272089e-01 1.600000e+00
   vertex -1.451599e+00 3.779671e-01 1.600000e+00
  endloop
 endfacet
 facet normal 0.000000e+00 0.000000e+00 1.000000e+00
  outer loop
   vertex -3.118461e+01 3.819013e-15 1.600000e+00
   vertex -1.451599e+00 3.779671e-01 1.600000e+00
   vertex -1.366843e+00 6.178519e-01 1.600000e+00
  endloop
 endfacet
 facet normal 0.000000e+00 0.000000e+00 1.000000e+00
  outer loop
   vertex -1.494596e+00 1.272089e-01 1.600000e+00
   vertex -3.118461e+01 3.819013e-15 1.600000e+00
   vertex -1.494596e+00 -1.272089e-01 1.600000e+00
  endloop
 endfacet
 facet normal 0.000000e+00 0.000000e+00 1.000000e+00
  outer loop
   vertex -2.205085e+01 -2.205085e+01 1.600000e+00
   vertex -6.753056e-01 -1.339389e+00 1.600000e+00
   vertex -8.919498e-01 -1.205996e+00 1.600000e+00
  endloop
 endfacet
 facet normal 0.000000e+00 0.000000e+00 1.000000e+00
  outer loop
   vertex -2.205085e+01 -2.205085e+01 1.600000e+00
   vertex -8.919498e-01 -1.205996e+00 1.600000e+00
   vertex -1.082934e+00 -1.037908e+00 1.600000e+00
  endloop
 endfacet
 facet normal 0.000000e+00 0.000000e+00 1.000000e+00
  outer loop
   vertex -1.366843e+00 -6.178519e-01 1.600000e+00
   vertex -3.118461e+01 3.819013e-15 1.600000e+00
   vertex -2.205085e+01 -2.205085e+01 1.600000e+00
  endloop
 endfacet
 facet normal 0.000000e+00 0.000000e+00 1.000000e+00
  outer loop
   vertex -1.082934e+00 -1.037908e+00 1.600000e+00
   vertex -1.242764e+00 -8.399622e-01 1.600000e+00
   vertex -2.205085e+01 -2.205085e+01 1.600000e+00
  endloop
 endfacet
 facet normal 0.000000e+00 0.000000e+00 1.000000e+00
  outer loop
   vertex -1.242764e+00 -8.399622e-01 1.600000e+00
   vertex -1.366843e+00 -6.178519e-01 1.600000e+00
   vertex -2.205085e+01 -2.205085e+01 1.600000e+00
  endloop
 endfacet
 facet normal -0.000000e+00 0.000000e+00 1.000000e+00
  outer loop
   vertex -2.205085e+01 -2.205085e+01 1.600000e+00
   vertex -5.728520e-15 -3.118461e+01 1.600000e+00
   vertex -6.753056e-01 -1.339389e+00 1.600000e+00
  endloop
 endfacet
 facet normal 0.000000e+00 0.000000e+00 1.000000e+00
  outer loop
   vertex -2.205085e+01 2.205085e+01 1.600000e+00
   vertex -3.118461e+01 3.819013e-15 1.600000e+00
   vertex -1.366843e+00 6.178519e-01 1.600000e+00
  endloop
 endfacet
 facet normal -9.374530e-01 -3.481119e-01 0.000000e+00
  outer loop
   vertex -4.619398e+01 -1.913417e+01 4.482207e+01
   vertex -4.748666e+01 -1.565302e+01 4.482207e+01
   vertex -4.748666e+01 -1.565302e+01 4.436103e+01
  endloop
 endfacet
 facet normal -9.090318e-01 -4.167268e-01 0.000000e+00
  outer loop
   vertex -4.464650e+01 -2.250978e+01 4.482207e+01
   vertex -4.619398e+01 -1.913417e+01 4.482207e+01
   vertex -4.619398e+01 -1.913417e+01 4.436103e+01
  endloop
 endfacet
 facet normal -9.582164e-01 -2.640492e-01 1.099970e-01
  outer loop
   vertex -4.748666e+01 -1.565302e+01 4.436103e+01
   vertex -4.851742e+01 -1.208554e+01 4.394559e+01
   vertex -4.785966e+01 -1.447249e+01 4.394559e+01
  endloop
 endfacet
 facet normal -9.349116e-01 -3.471682e-01 7.358402e-02
  outer loop
   vertex -4.708455e+01 -1.682396e+01 4.394559e+01
   vertex -4.619398e+01 -1.913417e+01 4.436103e+01
   vertex -4.748666e+01 -1.565302e+01 4.436103e+01
  endloop
 endfacet
 facet normal -9.490873e-01 -3.128483e-01 -3.686921e-02
  outer loop
   vertex -4.785966e+01 -1.447249e+01 4.394559e+01
   vertex -4.708455e+01 -1.682396e+01 4.394559e+01
   vertex -4.748666e+01 -1.565302e+01 4.436103e+01
  endloop
 endfacet
 facet normal -9.564497e-01 -2.841349e-01 -6.686752e-02
  outer loop
   vertex -4.811596e+01 -1.359612e+01 4.462207e+01
   vertex -4.851742e+01 -1.208554e+01 4.394559e+01
   vertex -4.748666e+01 -1.565302e+01 4.436103e+01
  endloop
 endfacet
 facet normal -9.553897e-01 -2.944874e-01 -2.253202e-02
  outer loop
   vertex -4.748666e+01 -1.565302e+01 4.482207e+01
   vertex -4.765095e+01 -1.514552e+01 4.515535e+01
   vertex -4.811596e+01 -1.359612e+01 4.462207e+01
  endloop
 endfacet
 facet normal -8.833821e-01 -3.659090e-01 -2.928254e-01
  outer loop
   vertex -4.648941e+01 -1.840474e+01 4.572392e+01
   vertex -4.710363e+01 -1.677046e+01 4.553469e+01
   vertex -4.565561e+01 -2.038542e+01 4.568356e+01
  endloop
 endfacet
 facet normal -9.352952e-01 -3.473106e-01 6.781037e-02
  outer loop
   vertex -4.619398e+01 -1.913417e+01 4.482207e+01
   vertex -4.765095e+01 -1.514552e+01 4.515535e+01
   vertex -4.748666e+01 -1.565302e+01 4.482207e+01
  endloop
 endfacet
 facet normal -9.382074e-01 -3.356722e-01 -8.420818e-02
  outer loop
   vertex -4.710363e+01 -1.677046e+01 4.553469e+01
   vertex -4.765095e+01 -1.514552e+01 4.515535e+01
   vertex -4.619398e+01 -1.913417e+01 4.482207e+01
  endloop
 endfacet
 facet normal -9.562475e-01 -2.925590e-01 -0.000000e+00
  outer loop
   vertex -4.748666e+01 -1.565302e+01 4.482207e+01
   vertex -4.811596e+01 -1.359612e+01 4.462207e+01
   vertex -4.748666e+01 -1.565302e+01 4.436103e+01
  endloop
 endfacet
 facet normal -9.330714e-01 -3.596912e-01 0.000000e+00
  outer loop
   vertex -4.708455e+01 -1.682396e+01 4.394559e+01
   vertex -4.619398e+01 -1.913417e+01 4.394559e+01
   vertex -4.619398e+01 -1.913417e+01 4.436103e+01
  endloop
 endfacet
 facet normal -9.065676e-01 -4.155971e-01 7.358105e-02
  outer loop
   vertex -4.464650e+01 -2.250978e+01 4.436103e+01
   vertex -4.619398e+01 -1.913417e+01 4.436103e+01
   vertex -4.519014e+01 -2.139747e+01 4.394559e+01
  endloop
 endfacet
 facet normal -9.141211e-01 -4.054412e-01 0.000000e+00
  outer loop
   vertex -4.619398e+01 -1.913417e+01 4.394559e+01
   vertex -4.519014e+01 -2.139747e+01 4.394559e+01
   vertex -4.619398e+01 -1.913417e+01 4.436103e+01
  endloop
 endfacet
 facet normal -8.642740e-01 -4.908501e-01 1.099851e-01
  outer loop
   vertex -4.285276e+01 -2.576123e+01 4.394559e+01
   vertex -4.464650e+01 -2.250978e+01 4.436103e+01
   vertex -4.407549e+01 -2.360829e+01 4.394559e+01
  endloop
 endfacet
 facet normal -8.923226e-01 -4.498896e-01 -3.687572e-02
  outer loop
   vertex -4.519014e+01 -2.139747e+01 4.394559e+01
   vertex -4.407549e+01 -2.360829e+01 4.394559e+01
   vertex -4.464650e+01 -2.250978e+01 4.436103e+01
  endloop
 endfacet
 facet normal -8.772371e-01 -4.765905e-01 -5.758889e-02
  outer loop
   vertex -4.381576e+01 -2.408692e+01 4.475851e+01
   vertex -4.464650e+01 -2.250978e+01 4.436103e+01
   vertex -4.285276e+01 -2.576123e+01 4.394559e+01
  endloop
 endfacet
 facet normal -9.097152e-01 -3.916674e-01 1.378948e-01
  outer loop
   vertex -4.619398e+01 -1.913417e+01 4.482207e+01
   vertex -4.474908e+01 -2.230515e+01 4.534765e+01
   vertex -4.710363e+01 -1.677046e+01 4.553469e+01
  endloop
 endfacet
 facet normal -8.833816e-01 -3.659089e-01 -2.928270e-01
  outer loop
   vertex -4.565561e+01 -2.038542e+01 4.568356e+01
   vertex -4.710363e+01 -1.677046e+01 4.553469e+01
   vertex -4.474908e+01 -2.230515e+01 4.534765e+01
  endloop
 endfacet
 facet normal -8.845801e-01 -4.663034e-01 8.900269e-03
  outer loop
   vertex -4.381576e+01 -2.408692e+01 4.475851e+01
   vertex -4.474908e+01 -2.230515e+01 4.534765e+01
   vertex -4.464650e+01 -2.250978e+01 4.482207e+01
  endloop
 endfacet
 facet normal -9.089271e-01 -4.166788e-01 -1.517344e-02
  outer loop
   vertex -4.619398e+01 -1.913417e+01 4.482207e+01
   vertex -4.464650e+01 -2.250978e+01 4.482207e+01
   vertex -4.474908e+01 -2.230515e+01 4.534765e+01
  endloop
 endfacet
 facet normal -8.847631e-01 -4.660411e-01 -0.000000e+00
  outer loop
   vertex -4.464650e+01 -2.250978e+01 4.482207e+01
   vertex -4.464650e+01 -2.250978e+01 4.436103e+01
   vertex -4.381576e+01 -2.408692e+01 4.475851e+01
  endloop
 endfacet
 facet normal 9.405316e-01 3.397062e-01 0.000000e+00
  outer loop
   vertex 4.667223e+01 1.793608e+01 4.482207e+01
   vertex 4.736156e+01 1.602755e+01 4.482207e+01
   vertex 4.736156e+01 1.602755e+01 4.436103e+01
  endloop
 endfacet
 facet normal 9.405316e-01 3.397062e-01 0.000000e+00
  outer loop
   vertex 4.736156e+01 1.602755e+01 4.482207e+01
   vertex 4.667223e+01 1.793608e+01 4.482207e+01
   vertex 4.667223e+01 1.793608e+01 4.528310e+01
  endloop
 endfacet
 facet normal 9.676104e-01 2.523493e-01 -7.068155e-03
  outer loop
   vertex 4.824024e+01 1.314836e+01 4.394559e+01
   vertex 4.832436e+01 1.283573e+01 4.430061e+01
   vertex 4.851742e+01 1.208554e+01 4.394559e+01
  endloop
 endfacet
 facet normal 9.633418e-01 2.681038e-01 -9.639702e-03
  outer loop
   vertex 4.811596e+01 1.359612e+01 4.462207e+01
   vertex 4.832436e+01 1.283573e+01 4.430061e+01
   vertex 4.793978e+01 1.420483e+01 4.394559e+01
  endloop
 endfacet
 facet normal 9.617776e-01 2.735250e-01 1.296127e-02
  outer loop
   vertex 4.832436e+01 1.283573e+01 4.430061e+01
   vertex 4.824024e+01 1.314836e+01 4.394559e+01
   vertex 4.793978e+01 1.420483e+01 4.394559e+01
  endloop
 endfacet
 facet normal 9.549477e-01 2.944025e-01 3.744398e-02
  outer loop
   vertex 4.761619e+01 1.525445e+01 4.394559e+01
   vertex 4.736156e+01 1.602755e+01 4.436103e+01
   vertex 4.793978e+01 1.420483e+01 4.394559e+01
  endloop
 endfacet
 facet normal 9.527393e-01 3.026481e-01 -2.630611e-02
  outer loop
   vertex 4.765095e+01 1.514552e+01 4.515535e+01
   vertex 4.789167e+01 1.436621e+01 4.490773e+01
   vertex 4.736156e+01 1.602755e+01 4.482207e+01
  endloop
 endfacet
 facet normal 9.517340e-01 3.004507e-01 -6.270342e-02
  outer loop
   vertex 4.811596e+01 1.359612e+01 4.462207e+01
   vertex 4.736156e+01 1.602755e+01 4.482207e+01
   vertex 4.789167e+01 1.436621e+01 4.490773e+01
  endloop
 endfacet
 facet normal 9.503027e-01 3.113249e-01 -1.227357e-03
  outer loop
   vertex 4.738550e+01 1.595664e+01 4.536810e+01
   vertex 4.765095e+01 1.514552e+01 4.515535e+01
   vertex 4.736156e+01 1.602755e+01 4.482207e+01
  endloop
 endfacet
 facet normal 9.550848e-01 2.963326e-01 -0.000000e+00
  outer loop
   vertex 4.736156e+01 1.602755e+01 4.436103e+01
   vertex 4.736156e+01 1.602755e+01 4.482207e+01
   vertex 4.811596e+01 1.359612e+01 4.462207e+01
  endloop
 endfacet
 facet normal 9.407438e-01 3.391067e-01 2.799151e-03
  outer loop
   vertex 4.667223e+01 1.793608e+01 4.528310e+01
   vertex 4.738550e+01 1.595664e+01 4.536810e+01
   vertex 4.736156e+01 1.602755e+01 4.482207e+01
  endloop
 endfacet
 facet normal 9.542935e-01 2.982139e-01 1.981081e-02
  outer loop
   vertex 4.736156e+01 1.602755e+01 4.436103e+01
   vertex 4.811596e+01 1.359612e+01 4.462207e+01
   vertex 4.793978e+01 1.420483e+01 4.394559e+01
  endloop
 endfacet
 facet normal 9.489008e-01 3.155255e-01 -5.570106e-03
  outer loop
   vertex 4.736156e+01 1.602755e+01 4.436103e+01
   vertex 4.761619e+01 1.525445e+01 4.394559e+01
   vertex 4.726962e+01 1.629671e+01 4.394559e+01
  endloop
 endfacet
 facet normal 9.403139e-01 3.396276e-01 2.151482e-02
  outer loop
   vertex 4.736156e+01 1.602755e+01 4.436103e+01
   vertex 4.690024e+01 1.733111e+01 4.394559e+01
   vertex 4.667223e+01 1.793608e+01 4.436103e+01
  endloop
 endfacet
 facet normal 9.341176e-01 3.568962e-01 -7.032873e-03
  outer loop
   vertex 4.650823e+01 1.835714e+01 4.394559e+01
   vertex 4.667223e+01 1.793608e+01 4.436103e+01
   vertex 4.690024e+01 1.733111e+01 4.394559e+01
  endloop
 endfacet
 facet normal 9.289117e-01 3.703014e-01 0.000000e+00
  outer loop
   vertex 4.667223e+01 1.793608e+01 4.482207e+01
   vertex 4.667223e+01 1.793608e+01 4.436103e+01
   vertex 4.621176e+01 1.909119e+01 4.483335e+01
  endloop
 endfacet
 facet normal 9.297488e-01 3.681442e-01 6.091925e-03
  outer loop
   vertex 4.650823e+01 1.835714e+01 4.394559e+01
   vertex 4.621176e+01 1.909119e+01 4.483335e+01
   vertex 4.667223e+01 1.793608e+01 4.436103e+01
  endloop
 endfacet
 facet normal 9.289117e-01 3.703014e-01 0.000000e+00
  outer loop
   vertex 4.667223e+01 1.793608e+01 4.528310e+01
   vertex 4.667223e+01 1.793608e+01 4.482207e+01
   vertex 4.621176e+01 1.909119e+01 4.483335e+01
  endloop
 endfacet
 facet normal 9.385455e-01 3.449797e-01 -1.101422e-02
  outer loop
   vertex 4.680503e+01 1.758662e+01 4.565375e+01
   vertex 4.710363e+01 1.677046e+01 4.553469e+01
   vertex 4.667223e+01 1.793608e+01 4.528310e+01
  endloop
 endfacet
 facet normal 9.401840e-01 3.365053e-01 -5.308704e-02
  outer loop
   vertex 4.667223e+01 1.793608e+01 4.528310e+01
   vertex 4.710363e+01 1.677046e+01 4.553469e+01
   vertex 4.738550e+01 1.595664e+01 4.536810e+01
  endloop
 endfacet
 facet normal 9.331047e-01 3.595742e-01 4.695694e-03
  outer loop
   vertex 4.648941e+01 1.840474e+01 4.572392e+01
   vertex 4.680503e+01 1.758662e+01 4.565375e+01
   vertex 4.667223e+01 1.793608e+01 4.528310e+01
  endloop
 endfacet
 facet normal 9.266962e-01 3.755155e-01 -1.491030e-02
  outer loop
   vertex 4.648941e+01 1.840474e+01 4.572392e+01
   vertex 4.667223e+01 1.793608e+01 4.528310e+01
   vertex 4.620247e+01 1.911367e+01 4.574413e+01
  endloop
 endfacet
 facet normal 9.203242e-01 3.876359e-01 -5.236233e-02
  outer loop
   vertex 4.590602e+01 1.981507e+01 4.572630e+01
   vertex 4.620247e+01 1.911367e+01 4.574413e+01
   vertex 4.667223e+01 1.793608e+01 4.528310e+01
  endloop
 endfacet
 facet normal 9.270013e-01 3.748135e-01 1.354430e-02
  outer loop
   vertex 4.590602e+01 1.981507e+01 4.572630e+01
   vertex 4.667223e+01 1.793608e+01 4.528310e+01
   vertex 4.621176e+01 1.909119e+01 4.483335e+01
  endloop
 endfacet
 facet normal 9.417129e-01 3.362842e-01 9.470527e-03
  outer loop
   vertex 4.736156e+01 1.602755e+01 4.436103e+01
   vertex 4.726962e+01 1.629671e+01 4.394559e+01
   vertex 4.690024e+01 1.733111e+01 4.394559e+01
  endloop
 endfacet
 facet normal 3.481119e-01 -9.374530e-01 0.000000e+00
  outer loop
   vertex 1.913417e+01 -4.619398e+01 4.482207e+01
   vertex 1.565302e+01 -4.748666e+01 4.482207e+01
   vertex 1.565302e+01 -4.748666e+01 4.436103e+01
  endloop
 endfacet
 facet normal 4.167268e-01 -9.090318e-01 0.000000e+00
  outer loop
   vertex 2.250978e+01 -4.464650e+01 4.482207e+01
   vertex 1.913417e+01 -4.619398e+01 4.482207e+01
   vertex 1.913417e+01 -4.619398e+01 4.436103e+01
  endloop
 endfacet
 facet normal 2.640492e-01 -9.582164e-01 1.099970e-01
  outer loop
   vertex 1.565302e+01 -4.748666e+01 4.436103e+01
   vertex 1.208554e+01 -4.851742e+01 4.394559e+01
   vertex 1.447249e+01 -4.785966e+01 4.394559e+01
  endloop
 endfacet
 facet normal 3.471682e-01 -9.349116e-01 7.358402e-02
  outer loop
   vertex 1.682396e+01 -4.708455e+01 4.394559e+01
   vertex 1.913417e+01 -4.619398e+01 4.436103e+01
   vertex 1.565302e+01 -4.748666e+01 4.436103e+01
  endloop
 endfacet
 facet normal 3.128483e-01 -9.490873e-01 -3.686921e-02
  outer loop
   vertex 1.447249e+01 -4.785966e+01 4.394559e+01
   vertex 1.682396e+01 -4.708455e+01 4.394559e+01
   vertex 1.565302e+01 -4.748666e+01 4.436103e+01
  endloop
 endfacet
 facet normal 2.841349e-01 -9.564497e-01 -6.686752e-02
  outer loop
   vertex 1.359612e+01 -4.811596e+01 4.462207e+01
   vertex 1.208554e+01 -4.851742e+01 4.394559e+01
   vertex 1.565302e+01 -4.748666e+01 4.436103e+01
  endloop
 endfacet
 facet normal 2.944874e-01 -9.553897e-01 -2.253202e-02
  outer loop
   vertex 1.565302e+01 -4.748666e+01 4.482207e+01
   vertex 1.514552e+01 -4.765095e+01 4.515535e+01
   vertex 1.359612e+01 -4.811596e+01 4.462207e+01
  endloop
 endfacet
 facet normal 3.659090e-01 -8.833821e-01 -2.928254e-01
  outer loop
   vertex 1.840474e+01 -4.648941e+01 4.572392e+01
   vertex 1.677046e+01 -4.710363e+01 4.553469e+01
   vertex 2.038542e+01 -4.565561e+01 4.568356e+01
  endloop
 endfacet
 facet normal 3.473106e-01 -9.352952e-01 6.781037e-02
  outer loop
   vertex 1.913417e+01 -4.619398e+01 4.482207e+01
   vertex 1.514552e+01 -4.765095e+01 4.515535e+01
   vertex 1.565302e+01 -4.748666e+01 4.482207e+01
  endloop
 endfacet
 facet normal 3.356722e-01 -9.382074e-01 -8.420818e-02
  outer loop
   vertex 1.677046e+01 -4.710363e+01 4.553469e+01
   vertex 1.514552e+01 -4.765095e+01 4.515535e+01
   vertex 1.913417e+01 -4.619398e+01 4.482207e+01
  endloop
 endfacet
 facet normal 2.925590e-01 -9.562475e-01 0.000000e+00
  outer loop
   vertex 1.565302e+01 -4.748666e+01 4.482207e+01
   vertex 1.359612e+01 -4.811596e+01 4.462207e+01
   vertex 1.565302e+01 -4.748666e+01 4.436103e+01
  endloop
 endfacet
 facet normal 3.596912e-01 -9.330714e-01 0.000000e+00
  outer loop
   vertex 1.682396e+01 -4.708455e+01 4.394559e+01
   vertex 1.913417e+01 -4.619398e+01 4.394559e+01
   vertex 1.913417e+01 -4.619398e+01 4.436103e+01
  endloop
 endfacet
 facet normal 4.155971e-01 -9.065676e-01 7.358105e-02
  outer loop
   vertex 2.250978e+01 -4.464650e+01 4.436103e+01
   vertex 1.913417e+01 -4.619398e+01 4.436103e+01
   vertex 2.139747e+01 -4.519014e+01 4.394559e+01
  endloop
 endfacet
 facet normal 4.054412e-01 -9.141211e-01 0.000000e+00
  outer loop
   vertex 1.913417e+01 -4.619398e+01 4.394559e+01
   vertex 2.139747e+01 -4.519014e+01 4.394559e+01
   vertex 1.913417e+01 -4.619398e+01 4.436103e+01
  endloop
 endfacet
 facet normal 4.908501e-01 -8.642740e-01 1.099851e-01
  outer loop
   vertex 2.576123e+01 -4.285276e+01 4.394559e+01
   vertex 2.250978e+01 -4.464650e+01 4.436103e+01
   vertex 2.360829e+01 -4.407549e+01 4.394559e+01
  endloop
 endfacet
 facet normal 4.498896e-01 -8.923226e-01 -3.687572e-02
  outer loop
   vertex 2.139747e+01 -4.519014e+01 4.394559e+01
   vertex 2.360829e+01 -4.407549e+01 4.394559e+01
   vertex 2.250978e+01 -4.464650e+01 4.436103e+01
  endloop
 endfacet
 facet normal 4.765905e-01 -8.772371e-01 -5.758889e-02
  outer loop
   vertex 2.408692e+01 -4.381576e+01 4.475851e+01
   vertex 2.250978e+01 -4.464650e+01 4.436103e+01
   vertex 2.576123e+01 -4.285276e+01 4.394559e+01
  endloop
 endfacet
 facet normal 3.916674e-01 -9.097152e-01 1.378948e-01
  outer loop
   vertex 1.913417e+01 -4.619398e+01 4.482207e+01
   vertex 2.230515e+01 -4.474908e+01 4.534765e+01
   vertex 1.677046e+01 -4.710363e+01 4.553469e+01
  endloop
 endfacet
 facet normal 3.659089e-01 -8.833816e-01 -2.928270e-01
  outer loop
   vertex 2.038542e+01 -4.565561e+01 4.568356e+01
   vertex 1.677046e+01 -4.710363e+01 4.553469e+01
   vertex 2.230515e+01 -4.474908e+01 4.534765e+01
  endloop
 endfacet
 facet normal 4.663034e-01 -8.845801e-01 8.900269e-03
  outer loop
   vertex 2.408692e+01 -4.381576e+01 4.475851e+01
   vertex 2.230515e+01 -4.474908e+01 4.534765e+01
   vertex 2.250978e+01 -4.464650e+01 4.482207e+01
  endloop
 endfacet
 facet normal 4.166788e-01 -9.089271e-01 -1.517344e-02
  outer loop
   vertex 1.913417e+01 -4.619398e+01 4.482207e+01
   vertex 2.250978e+01 -4.464650e+01 4.482207e+01
   vertex 2.230515e+01 -4.474908e+01 4.534765e+01
  endloop
 endfacet
 facet normal 4.660411e-01 -8.847631e-01 0.000000e+00
  outer loop
   vertex 2.250978e+01 -4.464650e+01 4.482207e+01
   vertex 2.250978e+01 -4.464650e+01 4.436103e+01
   vertex 2.408692e+01 -4.381576e+01 4.475851e+01
  endloop
 endfacet
 facet normal -2.966979e-01 9.549714e-01 0.000000e+00
  outer loop
   vertex -1.537601e+01 4.757708e+01 4.468763e+01
   vertex -1.429177e+01 4.791394e+01 4.468763e+01
   vertex -1.429177e+01 4.791394e+01 4.429382e+01
  endloop
 endfacet
 facet normal -2.482758e-01 9.686695e-01 -6.200370e-03
  outer loop
   vertex -1.274192e+01 4.834918e+01 4.394559e+01
   vertex -1.245933e+01 4.842278e+01 4.412716e+01
   vertex -1.208554e+01 4.851742e+01 4.394559e+01
  endloop
 endfacet
 facet normal -2.613862e-01 9.652330e-01 -1.588935e-03
  outer loop
   vertex -1.339597e+01 4.817207e+01 4.394559e+01
   vertex -1.283573e+01 4.832436e+01 4.430061e+01
   vertex -1.274192e+01 4.834918e+01 4.394559e+01
  endloop
 endfacet
 facet normal -2.525591e-01 9.675810e-01 9.075681e-04
  outer loop
   vertex -1.245933e+01 4.842278e+01 4.412716e+01
   vertex -1.274192e+01 4.834918e+01 4.394559e+01
   vertex -1.283573e+01 4.832436e+01 4.430061e+01
  endloop
 endfacet
 facet normal -2.744355e-01 9.615814e-01 6.812817e-03
  outer loop
   vertex -1.404755e+01 4.798610e+01 4.394559e+01
   vertex -1.429177e+01 4.791394e+01 4.429382e+01
   vertex -1.339597e+01 4.817207e+01 4.394559e+01
  endloop
 endfacet
 facet normal -2.731105e-01 9.618921e-01 -1.320411e-02
  outer loop
   vertex -1.359612e+01 4.811596e+01 4.462207e+01
   vertex -1.321468e+01 4.822211e+01 4.446568e+01
   vertex -1.429177e+01 4.791394e+01 4.429382e+01
  endloop
 endfacet
 facet normal -2.710981e-01 9.621909e-01 -2.635150e-02
  outer loop
   vertex -1.283573e+01 4.832436e+01 4.430061e+01
   vertex -1.429177e+01 4.791394e+01 4.429382e+01
   vertex -1.321468e+01 4.822211e+01 4.446568e+01
  endloop
 endfacet
 facet normal -2.798796e-01 9.599644e-01 -1.165368e-02
  outer loop
   vertex -1.397998e+01 4.800583e+01 4.476952e+01
   vertex -1.359612e+01 4.811596e+01 4.462207e+01
   vertex -1.429177e+01 4.791394e+01 4.468763e+01
  endloop
 endfacet
 facet normal -2.788857e-01 9.603243e-01 0.000000e+00
  outer loop
   vertex -1.429177e+01 4.791394e+01 4.429382e+01
   vertex -1.429177e+01 4.791394e+01 4.468763e+01
   vertex -1.359612e+01 4.811596e+01 4.462207e+01
  endloop
 endfacet
 facet normal -2.830300e-01 9.591102e-01 1.301045e-03
  outer loop
   vertex -1.436621e+01 4.789167e+01 4.490773e+01
   vertex -1.397998e+01 4.800583e+01 4.476952e+01
   vertex -1.429177e+01 4.791394e+01 4.468763e+01
  endloop
 endfacet
 facet normal -2.713408e-01 9.623609e-01 1.535207e-02
  outer loop
   vertex -1.429177e+01 4.791394e+01 4.429382e+01
   vertex -1.283573e+01 4.832436e+01 4.430061e+01
   vertex -1.339597e+01 4.817207e+01 4.394559e+01
  endloop
 endfacet
 facet normal -2.874452e-01 9.577921e-01 -3.096448e-03
  outer loop
   vertex -1.429177e+01 4.791394e+01 4.429382e+01
   vertex -1.404755e+01 4.798610e+01 4.394559e+01
   vertex -1.469656e+01 4.779133e+01 4.394559e+01
  endloop
 endfacet
 facet normal -3.004002e-01 9.538130e-01 7.158192e-04
  outer loop
   vertex -1.537601e+01 4.757708e+01 4.429382e+01
   vertex -1.469656e+01 4.779133e+01 4.394559e+01
   vertex -1.534287e+01 4.758778e+01 4.394559e+01
  endloop
 endfacet
 facet normal -3.159665e-01 9.487704e-01 0.000000e+00
  outer loop
   vertex -1.621958e+01 4.729615e+01 4.471039e+01
   vertex -1.537601e+01 4.757708e+01 4.468763e+01
   vertex -1.537601e+01 4.757708e+01 4.429382e+01
  endloop
 endfacet
 facet normal -3.132981e-01 9.496546e-01 -6.396213e-04
  outer loop
   vertex -1.534287e+01 4.758778e+01 4.394559e+01
   vertex -1.598636e+01 4.737548e+01 4.394559e+01
   vertex -1.537601e+01 4.757708e+01 4.429382e+01
  endloop
 endfacet
 facet normal -3.148809e-01 9.491281e-01 2.439525e-03
  outer loop
   vertex -1.598636e+01 4.737548e+01 4.394559e+01
   vertex -1.621958e+01 4.729615e+01 4.471039e+01
   vertex -1.537601e+01 4.757708e+01 4.429382e+01
  endloop
 endfacet
 facet normal -2.966958e-01 9.549647e-01 -3.740505e-03
  outer loop
   vertex -1.436621e+01 4.789167e+01 4.490773e+01
   vertex -1.429177e+01 4.791394e+01 4.468763e+01
   vertex -1.537601e+01 4.757708e+01 4.468763e+01
  endloop
 endfacet
 facet normal -2.998141e-01 9.539931e-01 -2.934019e-03
  outer loop
   vertex -1.475475e+01 4.777340e+01 4.503643e+01
   vertex -1.537601e+01 4.757708e+01 4.468763e+01
   vertex -1.514552e+01 4.765095e+01 4.515535e+01
  endloop
 endfacet
 facet normal -2.949535e-01 9.554311e-01 -1.240081e-02
  outer loop
   vertex -1.537601e+01 4.757708e+01 4.468763e+01
   vertex -1.475475e+01 4.777340e+01 4.503643e+01
   vertex -1.436621e+01 4.789167e+01 4.490773e+01
  endloop
 endfacet
 facet normal -3.222025e-01 9.466695e-01 1.537567e-03
  outer loop
   vertex -1.645234e+01 4.721568e+01 4.547521e+01
   vertex -1.579803e+01 4.743861e+01 4.533014e+01
   vertex -1.621958e+01 4.729615e+01 4.471039e+01
  endloop
 endfacet
 facet normal -3.110987e-01 9.503528e-01 -6.861742e-03
  outer loop
   vertex -1.514552e+01 4.765095e+01 4.515535e+01
   vertex -1.621958e+01 4.729615e+01 4.471039e+01
   vertex -1.579803e+01 4.743861e+01 4.533014e+01
  endloop
 endfacet
 facet normal -3.158210e-01 9.488012e-01 5.774215e-03
  outer loop
   vertex -1.537601e+01 4.757708e+01 4.468763e+01
   vertex -1.621958e+01 4.729615e+01 4.471039e+01
   vertex -1.514552e+01 4.765095e+01 4.515535e+01
  endloop
 endfacet
 facet normal -2.966868e-01 9.549356e-01 8.652271e-03
  outer loop
   vertex -1.469656e+01 4.779133e+01 4.394559e+01
   vertex -1.537601e+01 4.757708e+01 4.429382e+01
   vertex -1.429177e+01 4.791394e+01 4.429382e+01
  endloop
 endfacet
 facet normal -9.929606e-01 1.184192e-01 -2.459728e-03
  outer loop
   vertex -4.968795e+01 5.577454e+00 4.615000e+01
   vertex -4.957399e+01 6.513051e+00 4.518836e+01
   vertex -4.973795e+01 5.112415e+00 4.394559e+01
  endloop
 endfacet
 facet normal -9.963487e-01 8.525240e-02 4.613942e-03
  outer loop
   vertex -4.988348e+01 3.411591e+00 4.394559e+01
   vertex -4.968795e+01 5.577454e+00 4.615000e+01
   vertex -4.973795e+01 5.112415e+00 4.394559e+01
  endloop
 endfacet
 facet normal -9.908318e-01 1.344376e-01 1.337720e-02
  outer loop
   vertex -4.935936e+01 7.978301e+00 4.635977e+01
   vertex -4.957399e+01 6.513051e+00 4.518836e+01
   vertex -4.968795e+01 5.577454e+00 4.615000e+01
  endloop
 endfacet
 facet normal -9.978728e-01 5.583012e-02 3.365696e-02
  outer loop
   vertex -5.000000e+01 6.123234e-15 4.615000e+01
   vertex -4.968795e+01 5.577454e+00 4.615000e+01
   vertex -4.988348e+01 3.411591e+00 4.394559e+01
  endloop
 endfacet
 facet normal -9.983402e-01 5.117210e-02 2.642340e-02
  outer loop
   vertex -4.997086e+01 1.706790e+00 4.394559e+01
   vertex -5.000000e+01 6.123234e-15 4.615000e+01
   vertex -4.988348e+01 3.411591e+00 4.394559e+01
  endloop
 endfacet
 facet normal -9.998543e-01 1.707077e-02 -2.370895e-17
  outer loop
   vertex -5.000000e+01 3.061617e-15 4.394559e+01
   vertex -5.000000e+01 6.123234e-15 4.615000e+01
   vertex -4.997086e+01 1.706790e+00 4.394559e+01
  endloop
 endfacet
 facet normal -9.807356e-01 1.943352e-01 1.978723e-02
  outer loop
   vertex -4.929879e+01 8.344401e+00 4.840000e+01
   vertex -4.875568e+01 1.108529e+01 4.840000e+01
   vertex -4.908847e+01 9.503825e+00 4.743769e+01
  endloop
 endfacet
 facet normal -9.842938e-01 1.765209e-01 -2.453639e-03
  outer loop
   vertex -4.935936e+01 7.978301e+00 4.635977e+01
   vertex -4.929879e+01 8.344401e+00 4.840000e+01
   vertex -4.908847e+01 9.503825e+00 4.743769e+01
  endloop
 endfacet
 facet normal -9.964878e-01 8.373775e-02 0.000000e+00
  outer loop
   vertex -4.968795e+01 5.577454e+00 4.615000e+01
   vertex -4.992192e+01 2.793088e+00 4.840000e+01
   vertex -4.968795e+01 5.577454e+00 4.840000e+01
  endloop
 endfacet
 facet normal -9.978380e-01 5.582817e-02 -3.467839e-02
  outer loop
   vertex -5.000000e+01 6.123234e-15 4.615000e+01
   vertex -4.992192e+01 2.793088e+00 4.840000e+01
   vertex -4.968795e+01 5.577454e+00 4.615000e+01
  endloop
 endfacet
 facet normal -9.907641e-01 1.355971e-01 0.000000e+00
  outer loop
   vertex -4.968795e+01 5.577454e+00 4.615000e+01
   vertex -4.968795e+01 5.577454e+00 4.840000e+01
   vertex -4.935936e+01 7.978301e+00 4.635977e+01
  endloop
 endfacet
 facet normal -9.996095e-01 2.794216e-02 0.000000e+00
  outer loop
   vertex -4.992192e+01 2.793088e+00 4.840000e+01
   vertex -5.000000e+01 6.123234e-15 4.615000e+01
   vertex -5.000000e+01 6.123234e-15 4.840000e+01
  endloop
 endfacet
 facet normal -9.902445e-01 1.392712e-01 4.407131e-03
  outer loop
   vertex -4.929879e+01 8.344401e+00 4.840000e+01
   vertex -4.935936e+01 7.978301e+00 4.635977e+01
   vertex -4.968795e+01 5.577454e+00 4.840000e+01
  endloop
 endfacet
 facet normal -9.998543e-01 -1.707077e-02 2.370895e-17
  outer loop
   vertex -5.000000e+01 6.123234e-15 4.615000e+01
   vertex -5.000000e+01 3.061617e-15 4.394559e+01
   vertex -4.997086e+01 -1.706790e+00 4.394559e+01
  endloop
 endfacet
 facet normal -9.986843e-01 -5.118974e-02 -3.056043e-03
  outer loop
   vertex -4.992192e+01 -2.793088e+00 4.615000e+01
   vertex -4.997086e+01 -1.706790e+00 4.394559e+01
   vertex -4.988348e+01 -3.411591e+00 4.394559e+01
  endloop
 endfacet
 facet normal -9.964692e-01 -8.373619e-02 6.114330e-03
  outer loop
   vertex -4.968795e+01 -5.577454e+00 4.615000e+01
   vertex -4.992192e+01 -2.793088e+00 4.615000e+01
   vertex -4.988348e+01 -3.411591e+00 4.394559e+01
  endloop
 endfacet
 facet normal -9.996095e-01 -2.794216e-02 -0.000000e+00
  outer loop
   vertex -5.000000e+01 6.123234e-15 4.840000e+01
   vertex -5.000000e+01 6.123234e-15 4.615000e+01
   vertex -4.992192e+01 -2.793088e+00 4.615000e+01
  endloop
 endfacet
 facet normal -9.929606e-01 -1.184192e-01 -2.459728e-03
  outer loop
   vertex -4.968795e+01 -5.577454e+00 4.615000e+01
   vertex -4.973795e+01 -5.112415e+00 4.394559e+01
   vertex -4.957399e+01 -6.513051e+00 4.518836e+01
  endloop
 endfacet
 facet normal -9.908318e-01 -1.344376e-01 1.337720e-02
  outer loop
   vertex -4.935936e+01 -7.978301e+00 4.635977e+01
   vertex -4.968795e+01 -5.577454e+00 4.615000e+01
   vertex -4.957399e+01 -6.513051e+00 4.518836e+01
  endloop
 endfacet
 facet normal -9.963487e-01 -8.525240e-02 4.613942e-03
  outer loop
   vertex -4.988348e+01 -3.411591e+00 4.394559e+01
   vertex -4.973795e+01 -5.112415e+00 4.394559e+01
   vertex -4.968795e+01 -5.577454e+00 4.615000e+01
  endloop
 endfacet
 facet normal -9.964878e-01 -8.373775e-02 0.000000e+00
  outer loop
   vertex -4.968795e+01 -5.577454e+00 4.615000e+01
   vertex -4.968795e+01 -5.577454e+00 4.840000e+01
   vertex -4.992192e+01 -2.793088e+00 4.840000e+01
  endloop
 endfacet
 facet normal -9.842938e-01 -1.765209e-01 -2.453639e-03
  outer loop
   vertex -4.929879e+01 -8.344401e+00 4.840000e+01
   vertex -4.935936e+01 -7.978301e+00 4.635977e+01
   vertex -4.908847e+01 -9.503825e+00 4.743769e+01
  endloop
 endfacet
 facet normal -9.807356e-01 -1.943352e-01 1.978723e-02
  outer loop
   vertex -4.908847e+01 -9.503825e+00 4.743769e+01
   vertex -4.875568e+01 -1.108529e+01 4.840000e+01
   vertex -4.929879e+01 -8.344401e+00 4.840000e+01
  endloop
 endfacet
 facet normal -9.902445e-01 -1.392712e-01 4.407131e-03
  outer loop
   vertex -4.968795e+01 -5.577454e+00 4.840000e+01
   vertex -4.935936e+01 -7.978301e+00 4.635977e+01
   vertex -4.929879e+01 -8.344401e+00 4.840000e+01
  endloop
 endfacet
 facet normal -9.907641e-01 -1.355971e-01 0.000000e+00
  outer loop
   vertex -4.968795e+01 -5.577454e+00 4.615000e+01
   vertex -4.935936e+01 -7.978301e+00 4.635977e+01
   vertex -4.968795e+01 -5.577454e+00 4.840000e+01
  endloop
 endfacet
 facet normal -9.995741e-01 -2.794117e-02 8.420249e-03
  outer loop
   vertex -4.997086e+01 -1.706790e+00 4.394559e+01
   vertex -4.992192e+01 -2.793088e+00 4.615000e+01
   vertex -5.000000e+01 6.123234e-15 4.615000e+01
  endloop
 endfacet
 facet normal -4.167268e-01 -9.090318e-01 0.000000e+00
  outer loop
   vertex -1.913417e+01 -4.619398e+01 4.482207e+01
   vertex -2.250978e+01 -4.464650e+01 4.482207e+01
   vertex -2.250978e+01 -4.464650e+01 4.436103e+01
  endloop
 endfacet
 facet normal -3.481119e-01 -9.374530e-01 0.000000e+00
  outer loop
   vertex -1.565302e+01 -4.748666e+01 4.482207e+01
   vertex -1.913417e+01 -4.619398e+01 4.482207e+01
   vertex -1.913417e+01 -4.619398e+01 4.436103e+01
  endloop
 endfacet
 facet normal -4.908501e-01 -8.642740e-01 1.099851e-01
  outer loop
   vertex -2.250978e+01 -4.464650e+01 4.436103e+01
   vertex -2.576123e+01 -4.285276e+01 4.394559e+01
   vertex -2.360829e+01 -4.407549e+01 4.394559e+01
  endloop
 endfacet
 facet normal -4.155971e-01 -9.065676e-01 7.358105e-02
  outer loop
   vertex -2.139747e+01 -4.519014e+01 4.394559e+01
   vertex -1.913417e+01 -4.619398e+01 4.436103e+01
   vertex -2.250978e+01 -4.464650e+01 4.436103e+01
  endloop
 endfacet
 facet normal -4.498896e-01 -8.923226e-01 -3.687572e-02
  outer loop
   vertex -2.360829e+01 -4.407549e+01 4.394559e+01
   vertex -2.139747e+01 -4.519014e+01 4.394559e+01
   vertex -2.250978e+01 -4.464650e+01 4.436103e+01
  endloop
 endfacet
 facet normal -4.054412e-01 -9.141211e-01 0.000000e+00
  outer loop
   vertex -1.913417e+01 -4.619398e+01 4.394559e+01
   vertex -1.913417e+01 -4.619398e+01 4.436103e+01
   vertex -2.139747e+01 -4.519014e+01 4.394559e+01
  endloop
 endfacet
 facet normal -4.765905e-01 -8.772371e-01 -5.758889e-02
  outer loop
   vertex -2.408692e+01 -4.381576e+01 4.475851e+01
   vertex -2.576123e+01 -4.285276e+01 4.394559e+01
   vertex -2.250978e+01 -4.464650e+01 4.436103e+01
  endloop
 endfacet
 facet normal -4.663034e-01 -8.845801e-01 8.900269e-03
  outer loop
   vertex -2.230515e+01 -4.474908e+01 4.534765e+01
   vertex -2.408692e+01 -4.381576e+01 4.475851e+01
   vertex -2.250978e+01 -4.464650e+01 4.482207e+01
  endloop
 endfacet
 facet normal -4.660411e-01 -8.847631e-01 -0.000000e+00
  outer loop
   vertex -2.250978e+01 -4.464650e+01 4.482207e+01
   vertex -2.408692e+01 -4.381576e+01 4.475851e+01
   vertex -2.250978e+01 -4.464650e+01 4.436103e+01
  endloop
 endfacet
 facet normal -3.659089e-01 -8.833816e-01 -2.928270e-01
  outer loop
   vertex -1.677046e+01 -4.710363e+01 4.553469e+01
   vertex -2.038542e+01 -4.565561e+01 4.568356e+01
   vertex -2.230515e+01 -4.474908e+01 4.534765e+01
  endloop
 endfacet
 facet normal -4.166788e-01 -9.089271e-01 -1.517344e-02
  outer loop
   vertex -2.230515e+01 -4.474908e+01 4.534765e+01
   vertex -2.250978e+01 -4.464650e+01 4.482207e+01
   vertex -1.913417e+01 -4.619398e+01 4.482207e+01
  endloop
 endfacet
 facet normal -3.596912e-01 -9.330714e-01 -0.000000e+00
  outer loop
   vertex -1.913417e+01 -4.619398e+01 4.436103e+01
   vertex -1.913417e+01 -4.619398e+01 4.394559e+01
   vertex -1.682396e+01 -4.708455e+01 4.394559e+01
  endloop
 endfacet
 facet normal -3.128483e-01 -9.490873e-01 -3.686921e-02
  outer loop
   vertex -1.447249e+01 -4.785966e+01 4.394559e+01
   vertex -1.565302e+01 -4.748666e+01 4.436103e+01
   vertex -1.682396e+01 -4.708455e+01 4.394559e+01
  endloop
 endfacet
 facet normal -2.841349e-01 -9.564497e-01 -6.686752e-02
  outer loop
   vertex -1.565302e+01 -4.748666e+01 4.436103e+01
   vertex -1.208554e+01 -4.851742e+01 4.394559e+01
   vertex -1.359612e+01 -4.811596e+01 4.462207e+01
  endloop
 endfacet
 facet normal -2.640492e-01 -9.582164e-01 1.099970e-01
  outer loop
   vertex -1.447249e+01 -4.785966e+01 4.394559e+01
   vertex -1.208554e+01 -4.851742e+01 4.394559e+01
   vertex -1.565302e+01 -4.748666e+01 4.436103e+01
  endloop
 endfacet
 facet normal -2.925590e-01 -9.562475e-01 -0.000000e+00
  outer loop
   vertex -1.565302e+01 -4.748666e+01 4.482207e+01
   vertex -1.565302e+01 -4.748666e+01 4.436103e+01
   vertex -1.359612e+01 -4.811596e+01 4.462207e+01
  endloop
 endfacet
 facet normal -3.916674e-01 -9.097152e-01 1.378948e-01
  outer loop
   vertex -1.913417e+01 -4.619398e+01 4.482207e+01
   vertex -1.677046e+01 -4.710363e+01 4.553469e+01
   vertex -2.230515e+01 -4.474908e+01 4.534765e+01
  endloop
 endfacet
 facet normal -3.659090e-01 -8.833821e-01 -2.928254e-01
  outer loop
   vertex -1.840474e+01 -4.648941e+01 4.572392e+01
   vertex -2.038542e+01 -4.565561e+01 4.568356e+01
   vertex -1.677046e+01 -4.710363e+01 4.553469e+01
  endloop
 endfacet
 facet normal -3.356722e-01 -9.382074e-01 -8.420818e-02
  outer loop
   vertex -1.677046e+01 -4.710363e+01 4.553469e+01
   vertex -1.913417e+01 -4.619398e+01 4.482207e+01
   vertex -1.514552e+01 -4.765095e+01 4.515535e+01
  endloop
 endfacet
 facet normal -3.473106e-01 -9.352952e-01 6.781037e-02
  outer loop
   vertex -1.565302e+01 -4.748666e+01 4.482207e+01
   vertex -1.514552e+01 -4.765095e+01 4.515535e+01
   vertex -1.913417e+01 -4.619398e+01 4.482207e+01
  endloop
 endfacet
 facet normal -2.944874e-01 -9.553897e-01 -2.253202e-02
  outer loop
   vertex -1.359612e+01 -4.811596e+01 4.462207e+01
   vertex -1.514552e+01 -4.765095e+01 4.515535e+01
   vertex -1.565302e+01 -4.748666e+01 4.482207e+01
  endloop
 endfacet
 facet normal -3.471682e-01 -9.349116e-01 7.358402e-02
  outer loop
   vertex -1.682396e+01 -4.708455e+01 4.394559e+01
   vertex -1.565302e+01 -4.748666e+01 4.436103e+01
   vertex -1.913417e+01 -4.619398e+01 4.436103e+01
  endloop
 endfacet
 facet normal 9.090318e-01 -4.167268e-01 0.000000e+00
  outer loop
   vertex 4.619398e+01 -1.913417e+01 4.482207e+01
   vertex 4.464650e+01 -2.250978e+01 4.482207e+01
   vertex 4.464650e+01 -2.250978e+01 4.436103e+01
  endloop
 endfacet
 facet normal 9.374530e-01 -3.481119e-01 0.000000e+00
  outer loop
   vertex 4.748666e+01 -1.565302e+01 4.482207e+01
   vertex 4.619398e+01 -1.913417e+01 4.482207e+01
   vertex 4.619398e+01 -1.913417e+01 4.436103e+01
  endloop
 endfacet
 facet normal 8.642740e-01 -4.908501e-01 1.099851e-01
  outer loop
   vertex 4.464650e+01 -2.250978e+01 4.436103e+01
   vertex 4.285276e+01 -2.576123e+01 4.394559e+01
   vertex 4.407549e+01 -2.360829e+01 4.394559e+01
  endloop
 endfacet
 facet normal 9.065676e-01 -4.155971e-01 7.358105e-02
  outer loop
   vertex 4.519014e+01 -2.139747e+01 4.394559e+01
   vertex 4.619398e+01 -1.913417e+01 4.436103e+01
   vertex 4.464650e+01 -2.250978e+01 4.436103e+01
  endloop
 endfacet
 facet normal 8.923226e-01 -4.498896e-01 -3.687572e-02
  outer loop
   vertex 4.407549e+01 -2.360829e+01 4.394559e+01
   vertex 4.519014e+01 -2.139747e+01 4.394559e+01
   vertex 4.464650e+01 -2.250978e+01 4.436103e+01
  endloop
 endfacet
 facet normal 9.141211e-01 -4.054412e-01 0.000000e+00
  outer loop
   vertex 4.619398e+01 -1.913417e+01 4.394559e+01
   vertex 4.619398e+01 -1.913417e+01 4.436103e+01
   vertex 4.519014e+01 -2.139747e+01 4.394559e+01
  endloop
 endfacet
 facet normal 8.772371e-01 -4.765905e-01 -5.758889e-02
  outer loop
   vertex 4.381576e+01 -2.408692e+01 4.475851e+01
   vertex 4.285276e+01 -2.576123e+01 4.394559e+01
   vertex 4.464650e+01 -2.250978e+01 4.436103e+01
  endloop
 endfacet
 facet normal 8.845801e-01 -4.663034e-01 8.900269e-03
  outer loop
   vertex 4.474908e+01 -2.230515e+01 4.534765e+01
   vertex 4.381576e+01 -2.408692e+01 4.475851e+01
   vertex 4.464650e+01 -2.250978e+01 4.482207e+01
  endloop
 endfacet
 facet normal 8.847631e-01 -4.660411e-01 0.000000e+00
  outer loop
   vertex 4.464650e+01 -2.250978e+01 4.482207e+01
   vertex 4.381576e+01 -2.408692e+01 4.475851e+01
   vertex 4.464650e+01 -2.250978e+01 4.436103e+01
  endloop
 endfacet
 facet normal 8.833816e-01 -3.659089e-01 -2.928270e-01
  outer loop
   vertex 4.710363e+01 -1.677046e+01 4.553469e+01
   vertex 4.565561e+01 -2.038542e+01 4.568356e+01
   vertex 4.474908e+01 -2.230515e+01 4.534765e+01
  endloop
 endfacet
 facet normal 9.089271e-01 -4.166788e-01 -1.517344e-02
  outer loop
   vertex 4.474908e+01 -2.230515e+01 4.534765e+01
   vertex 4.464650e+01 -2.250978e+01 4.482207e+01
   vertex 4.619398e+01 -1.913417e+01 4.482207e+01
  endloop
 endfacet
 facet normal 9.330714e-01 -3.596912e-01 0.000000e+00
  outer loop
   vertex 4.619398e+01 -1.913417e+01 4.436103e+01
   vertex 4.619398e+01 -1.913417e+01 4.394559e+01
   vertex 4.708455e+01 -1.682396e+01 4.394559e+01
  endloop
 endfacet
 facet normal 9.490873e-01 -3.128483e-01 -3.686921e-02
  outer loop
   vertex 4.785966e+01 -1.447249e+01 4.394559e+01
   vertex 4.748666e+01 -1.565302e+01 4.436103e+01
   vertex 4.708455e+01 -1.682396e+01 4.394559e+01
  endloop
 endfacet
 facet normal 9.564497e-01 -2.841349e-01 -6.686752e-02
  outer loop
   vertex 4.748666e+01 -1.565302e+01 4.436103e+01
   vertex 4.851742e+01 -1.208554e+01 4.394559e+01
   vertex 4.811596e+01 -1.359612e+01 4.462207e+01
  endloop
 endfacet
 facet normal 9.582164e-01 -2.640492e-01 1.099970e-01
  outer loop
   vertex 4.785966e+01 -1.447249e+01 4.394559e+01
   vertex 4.851742e+01 -1.208554e+01 4.394559e+01
   vertex 4.748666e+01 -1.565302e+01 4.436103e+01
  endloop
 endfacet
 facet normal 9.562475e-01 -2.925590e-01 0.000000e+00
  outer loop
   vertex 4.748666e+01 -1.565302e+01 4.482207e+01
   vertex 4.748666e+01 -1.565302e+01 4.436103e+01
   vertex 4.811596e+01 -1.359612e+01 4.462207e+01
  endloop
 endfacet
 facet normal 9.097152e-01 -3.916674e-01 1.378948e-01
  outer loop
   vertex 4.619398e+01 -1.913417e+01 4.482207e+01
   vertex 4.710363e+01 -1.677046e+01 4.553469e+01
   vertex 4.474908e+01 -2.230515e+01 4.534765e+01
  endloop
 endfacet
 facet normal 8.833821e-01 -3.659090e-01 -2.928254e-01
  outer loop
   vertex 4.648941e+01 -1.840474e+01 4.572392e+01
   vertex 4.565561e+01 -2.038542e+01 4.568356e+01
   vertex 4.710363e+01 -1.677046e+01 4.553469e+01
  endloop
 endfacet
 facet normal 9.382074e-01 -3.356722e-01 -8.420818e-02
  outer loop
   vertex 4.710363e+01 -1.677046e+01 4.553469e+01
   vertex 4.619398e+01 -1.913417e+01 4.482207e+01
   vertex 4.765095e+01 -1.514552e+01 4.515535e+01
  endloop
 endfacet
 facet normal 9.352952e-01 -3.473106e-01 6.781037e-02
  outer loop
   vertex 4.748666e+01 -1.565302e+01 4.482207e+01
   vertex 4.765095e+01 -1.514552e+01 4.515535e+01
   vertex 4.619398e+01 -1.913417e+01 4.482207e+01
  endloop
 endfacet
 facet normal 9.553897e-01 -2.944874e-01 -2.253202e-02
  outer loop
   vertex 4.811596e+01 -1.359612e+01 4.462207e+01
   vertex 4.765095e+01 -1.514552e+01 4.515535e+01
   vertex 4.748666e+01 -1.565302e+01 4.482207e+01
  endloop
 endfacet
 facet normal 9.349116e-01 -3.471682e-01 7.358402e-02
  outer loop
   vertex 4.708455e+01 -1.682396e+01 4.394559e+01
   vertex 4.748666e+01 -1.565302e+01 4.436103e+01
   vertex 4.619398e+01 -1.913417e+01 4.436103e+01
  endloop
 endfacet
 facet normal -1.184192e-01 -9.929606e-01 -2.459728e-03
  outer loop
   vertex -5.577454e+00 -4.968795e+01 4.615000e+01
   vertex -6.513051e+00 -4.957399e+01 4.518836e+01
   vertex -5.112415e+00 -4.973795e+01 4.394559e+01
  endloop
 endfacet
 facet normal -8.525240e-02 -9.963487e-01 4.613942e-03
  outer loop
   vertex -3.411591e+00 -4.988348e+01 4.394559e+01
   vertex -5.577454e+00 -4.968795e+01 4.615000e+01
   vertex -5.112415e+00 -4.973795e+01 4.394559e+01
  endloop
 endfacet
 facet normal -1.344376e-01 -9.908318e-01 1.337720e-02
  outer loop
   vertex -7.978301e+00 -4.935936e+01 4.635977e+01
   vertex -6.513051e+00 -4.957399e+01 4.518836e+01
   vertex -5.577454e+00 -4.968795e+01 4.615000e+01
  endloop
 endfacet
 facet normal -5.117210e-02 -9.983402e-01 2.642340e-02
  outer loop
   vertex -1.706790e+00 -4.997086e+01 4.394559e+01
   vertex -9.184851e-15 -5.000000e+01 4.615000e+01
   vertex -3.411591e+00 -4.988348e+01 4.394559e+01
  endloop
 endfacet
 facet normal -5.583012e-02 -9.978728e-01 3.365696e-02
  outer loop
   vertex -5.577454e+00 -4.968795e+01 4.615000e+01
   vertex -3.411591e+00 -4.988348e+01 4.394559e+01
   vertex -9.184851e-15 -5.000000e+01 4.615000e+01
  endloop
 endfacet
 facet normal -1.707077e-02 -9.998543e-01 -2.346927e-18
  outer loop
   vertex -8.881784e-15 -5.000000e+01 4.394559e+01
   vertex -9.184851e-15 -5.000000e+01 4.615000e+01
   vertex -1.706790e+00 -4.997086e+01 4.394559e+01
  endloop
 endfacet
 facet normal -1.943352e-01 -9.807356e-01 1.978723e-02
  outer loop
   vertex -8.344401e+00 -4.929879e+01 4.840000e+01
   vertex -1.108529e+01 -4.875568e+01 4.840000e+01
   vertex -9.503825e+00 -4.908847e+01 4.743769e+01
  endloop
 endfacet
 facet normal -1.765209e-01 -9.842938e-01 -2.453639e-03
  outer loop
   vertex -7.978301e+00 -4.935936e+01 4.635977e+01
   vertex -8.344401e+00 -4.929879e+01 4.840000e+01
   vertex -9.503825e+00 -4.908847e+01 4.743769e+01
  endloop
 endfacet
 facet normal -8.373775e-02 -9.964878e-01 0.000000e+00
  outer loop
   vertex -5.577454e+00 -4.968795e+01 4.615000e+01
   vertex -2.793088e+00 -4.992192e+01 4.840000e+01
   vertex -5.577454e+00 -4.968795e+01 4.840000e+01
  endloop
 endfacet
 facet normal -5.582817e-02 -9.978380e-01 -3.467839e-02
  outer loop
   vertex -9.184851e-15 -5.000000e+01 4.615000e+01
   vertex -2.793088e+00 -4.992192e+01 4.840000e+01
   vertex -5.577454e+00 -4.968795e+01 4.615000e+01
  endloop
 endfacet
 facet normal -1.355971e-01 -9.907641e-01 0.000000e+00
  outer loop
   vertex -5.577454e+00 -4.968795e+01 4.615000e+01
   vertex -5.577454e+00 -4.968795e+01 4.840000e+01
   vertex -7.978301e+00 -4.935936e+01 4.635977e+01
  endloop
 endfacet
 facet normal -2.794216e-02 -9.996095e-01 0.000000e+00
  outer loop
   vertex -2.793088e+00 -4.992192e+01 4.840000e+01
   vertex -9.184851e-15 -5.000000e+01 4.615000e+01
   vertex -9.184851e-15 -5.000000e+01 4.840000e+01
  endloop
 endfacet
 facet normal -1.392712e-01 -9.902445e-01 4.407131e-03
  outer loop
   vertex -8.344401e+00 -4.929879e+01 4.840000e+01
   vertex -7.978301e+00 -4.935936e+01 4.635977e+01
   vertex -5.577454e+00 -4.968795e+01 4.840000e+01
  endloop
 endfacet
 facet normal 1.707077e-02 -9.998543e-01 2.346927e-18
  outer loop
   vertex -9.184851e-15 -5.000000e+01 4.615000e+01
   vertex -8.881784e-15 -5.000000e+01 4.394559e+01
   vertex 1.706790e+00 -4.997086e+01 4.394559e+01
  endloop
 endfacet
 facet normal 5.118974e-02 -9.986843e-01 -3.056043e-03
  outer loop
   vertex 2.793088e+00 -4.992192e+01 4.615000e+01
   vertex 1.706790e+00 -4.997086e+01 4.394559e+01
   vertex 3.411591e+00 -4.988348e+01 4.394559e+01
  endloop
 endfacet
 facet normal 8.373619e-02 -9.964692e-01 6.114330e-03
  outer loop
   vertex 5.577454e+00 -4.968795e+01 4.615000e+01
   vertex 2.793088e+00 -4.992192e+01 4.615000e+01
   vertex 3.411591e+00 -4.988348e+01 4.394559e+01
  endloop
 endfacet
 facet normal 2.794216e-02 -9.996095e-01 0.000000e+00
  outer loop
   vertex -9.184851e-15 -5.000000e+01 4.840000e+01
   vertex -9.184851e-15 -5.000000e+01 4.615000e+01
   vertex 2.793088e+00 -4.992192e+01 4.615000e+01
  endloop
 endfacet
 facet normal 1.184192e-01 -9.929606e-01 -2.459728e-03
  outer loop
   vertex 5.577454e+00 -4.968795e+01 4.615000e+01
   vertex 5.112415e+00 -4.973795e+01 4.394559e+01
   vertex 6.513051e+00 -4.957399e+01 4.518836e+01
  endloop
 endfacet
 facet normal 1.344376e-01 -9.908318e-01 1.337720e-02
  outer loop
   vertex 7.978301e+00 -4.935936e+01 4.635977e+01
   vertex 5.577454e+00 -4.968795e+01 4.615000e+01
   vertex 6.513051e+00 -4.957399e+01 4.518836e+01
  endloop
 endfacet
 facet normal 8.525240e-02 -9.963487e-01 4.613942e-03
  outer loop
   vertex 3.411591e+00 -4.988348e+01 4.394559e+01
   vertex 5.112415e+00 -4.973795e+01 4.394559e+01
   vertex 5.577454e+00 -4.968795e+01 4.615000e+01
  endloop
 endfacet
 facet normal 8.373775e-02 -9.964878e-01 0.000000e+00
  outer loop
   vertex 5.577454e+00 -4.968795e+01 4.615000e+01
   vertex 5.577454e+00 -4.968795e+01 4.840000e+01
   vertex 2.793088e+00 -4.992192e+01 4.840000e+01
  endloop
 endfacet
 facet normal 1.765209e-01 -9.842938e-01 -2.453639e-03
  outer loop
   vertex 8.344401e+00 -4.929879e+01 4.840000e+01
   vertex 7.978301e+00 -4.935936e+01 4.635977e+01
   vertex 9.503825e+00 -4.908847e+01 4.743769e+01
  endloop
 endfacet
 facet normal 1.943352e-01 -9.807356e-01 1.978723e-02
  outer loop
   vertex 9.503825e+00 -4.908847e+01 4.743769e+01
   vertex 1.108529e+01 -4.875568e+01 4.840000e+01
   vertex 8.344401e+00 -4.929879e+01 4.840000e+01
  endloop
 endfacet
 facet normal 1.392712e-01 -9.902445e-01 4.407131e-03
  outer loop
   vertex 5.577454e+00 -4.968795e+01 4.840000e+01
   vertex 7.978301e+00 -4.935936e+01 4.635977e+01
   vertex 8.344401e+00 -4.929879e+01 4.840000e+01
  endloop
 endfacet
 facet normal 1.355971e-01 -9.907641e-01 0.000000e+00
  outer loop
   vertex 5.577454e+00 -4.968795e+01 4.615000e+01
   vertex 7.978301e+00 -4.935936e+01 4.635977e+01
   vertex 5.577454e+00 -4.968795e+01 4.840000e+01
  endloop
 endfacet
 facet normal 2.794117e-02 -9.995741e-01 8.420249e-03
  outer loop
   vertex 1.706790e+00 -4.997086e+01 4.394559e+01
   vertex 2.793088e+00 -4.992192e+01 4.615000e+01
   vertex -9.184851e-15 -5.000000e+01 4.615000e+01
  endloop
 endfacet
 facet normal 9.964878e-01 8.373775e-02 0.000000e+00
  outer loop
   vertex 4.968795e+01 5.577454e+00 4.615000e+01
   vertex 4.992192e+01 2.793088e+00 4.615000e+01
   vertex 4.992192e+01 2.793088e+00 4.502500e+01
  endloop
 endfacet
 facet normal 9.964878e-01 8.373775e-02 0.000000e+00
  outer loop
   vertex 4.968795e+01 5.577454e+00 4.727500e+01
   vertex 4.992192e+01 2.793088e+00 4.727500e+01
   vertex 4.992192e+01 2.793088e+00 4.615000e+01
  endloop
 endfacet
 facet normal 9.998543e-01 1.707077e-02 5.749069e-17
  outer loop
   vertex 4.997086e+01 1.706790e+00 4.394559e+01
   vertex 5.000000e+01 -2.082438e-15 4.543040e+01
   vertex 5.000000e+01 2.999577e-15 4.394559e+01
  endloop
 endfacet
 facet normal 9.986695e-01 5.118898e-02 -6.241078e-03
  outer loop
   vertex 4.992192e+01 2.793088e+00 4.502500e+01
   vertex 4.997086e+01 1.706790e+00 4.394559e+01
   vertex 4.988348e+01 3.411591e+00 4.394559e+01
  endloop
 endfacet
 facet normal 9.994339e-01 3.011473e-02 1.500237e-02
  outer loop
   vertex 5.000000e+01 -2.082438e-15 4.543040e+01
   vertex 4.997086e+01 1.706790e+00 4.394559e+01
   vertex 4.992192e+01 2.793088e+00 4.502500e+01
  endloop
 endfacet
 facet normal 9.996095e-01 2.794216e-02 0.000000e+00
  outer loop
   vertex 4.992192e+01 2.793088e+00 4.615000e+01
   vertex 5.000000e+01 -2.082438e-15 4.543040e+01
   vertex 4.992192e+01 2.793088e+00 4.502500e+01
  endloop
 endfacet
 facet normal 9.996095e-01 2.794216e-02 -1.348262e-16
  outer loop
   vertex 5.000000e+01 0.000000e+00 4.840000e+01
   vertex 5.000000e+01 -7.164453e-15 4.691520e+01
   vertex 4.992192e+01 2.793088e+00 4.727500e+01
  endloop
 endfacet
 facet normal 9.996095e-01 2.794216e-02 0.000000e+00
  outer loop
   vertex 5.000000e+01 -7.164453e-15 4.691520e+01
   vertex 4.992192e+01 2.793088e+00 4.615000e+01
   vertex 4.992192e+01 2.793088e+00 4.727500e+01
  endloop
 endfacet
 facet normal 9.964878e-01 8.373775e-02 0.000000e+00
  outer loop
   vertex 4.992192e+01 2.793088e+00 4.840000e+01
   vertex 4.992192e+01 2.793088e+00 4.727500e+01
   vertex 4.968795e+01 5.577454e+00 4.727500e+01
  endloop
 endfacet
 facet normal 9.996095e-01 2.794216e-02 9.366027e-17
  outer loop
   vertex 4.992192e+01 2.793088e+00 4.615000e+01
   vertex 5.000000e+01 -7.164453e-15 4.691520e+01
   vertex 5.000000e+01 -2.082438e-15 4.543040e+01
  endloop
 endfacet
 facet normal 9.964101e-01 8.373122e-02 1.248618e-02
  outer loop
   vertex 4.992192e+01 2.793088e+00 4.502500e+01
   vertex 4.988348e+01 3.411591e+00 4.394559e+01
   vertex 4.968795e+01 5.577454e+00 4.502500e+01
  endloop
 endfacet
 facet normal 9.925026e-01 1.220452e-01 -6.606741e-03
  outer loop
   vertex 4.957399e+01 6.513051e+00 4.518836e+01
   vertex 4.968795e+01 5.577454e+00 4.502500e+01
   vertex 4.973795e+01 5.112415e+00 4.394559e+01
  endloop
 endfacet
 facet normal 9.908318e-01 1.344376e-01 1.337720e-02
  outer loop
   vertex 4.935936e+01 7.978301e+00 4.635977e+01
   vertex 4.968795e+01 5.577454e+00 4.615000e+01
   vertex 4.957399e+01 6.513051e+00 4.518836e+01
  endloop
 endfacet
 facet normal 9.926633e-01 1.209112e-01 -0.000000e+00
  outer loop
   vertex 4.968795e+01 5.577454e+00 4.502500e+01
   vertex 4.957399e+01 6.513051e+00 4.518836e+01
   vertex 4.968795e+01 5.577454e+00 4.615000e+01
  endloop
 endfacet
 facet normal 9.907641e-01 1.355971e-01 0.000000e+00
  outer loop
   vertex 4.968795e+01 5.577454e+00 4.727500e+01
   vertex 4.968795e+01 5.577454e+00 4.615000e+01
   vertex 4.935936e+01 7.978301e+00 4.635977e+01
  endloop
 endfacet
 facet normal 9.902541e-01 1.392726e-01 0.000000e+00
  outer loop
   vertex 4.929879e+01 8.344401e+00 4.840000e+01
   vertex 4.968795e+01 5.577454e+00 4.840000e+01
   vertex 4.968795e+01 5.577454e+00 4.727500e+01
  endloop
 endfacet
 facet normal 9.807356e-01 1.943352e-01 1.978723e-02
  outer loop
   vertex 4.875568e+01 1.108529e+01 4.840000e+01
   vertex 4.929879e+01 8.344401e+00 4.840000e+01
   vertex 4.908847e+01 9.503825e+00 4.743769e+01
  endloop
 endfacet
 facet normal 9.878178e-01 1.521696e-01 -3.256304e-02
  outer loop
   vertex 4.968795e+01 5.577454e+00 4.727500e+01
   vertex 4.908847e+01 9.503825e+00 4.743769e+01
   vertex 4.929879e+01 8.344401e+00 4.840000e+01
  endloop
 endfacet
 facet normal 9.880955e-01 1.493304e-01 3.698316e-02
  outer loop
   vertex 4.908847e+01 9.503825e+00 4.743769e+01
   vertex 4.968795e+01 5.577454e+00 4.727500e+01
   vertex 4.935936e+01 7.978301e+00 4.635977e+01
  endloop
 endfacet
 facet normal 9.963151e-01 8.524952e-02 9.422455e-03
  outer loop
   vertex 4.988348e+01 3.411591e+00 4.394559e+01
   vertex 4.973795e+01 5.112415e+00 4.394559e+01
   vertex 4.968795e+01 5.577454e+00 4.502500e+01
  endloop
 endfacet
 facet normal -6.183931e-01 7.858650e-01 -2.460853e-03
  outer loop
   vertex -3.119083e+01 3.907854e+01 4.615000e+01
   vertex -3.044868e+01 3.965952e+01 4.518836e+01
   vertex -3.155502e+01 3.878506e+01 4.394559e+01
  endloop
 endfacet
 facet normal -6.468481e-01 7.626002e-01 5.337484e-03
  outer loop
   vertex -3.311715e+01 3.746004e+01 4.394559e+01
   vertex -3.119083e+01 3.907854e+01 4.615000e+01
   vertex -3.155502e+01 3.878506e+01 4.394559e+01
  endloop
 endfacet
 facet normal -6.055612e-01 7.956863e-01 1.337581e-02
  outer loop
   vertex -2.926083e+01 4.054385e+01 4.635977e+01
   vertex -3.044868e+01 3.965952e+01 4.518836e+01
   vertex -3.119083e+01 3.907854e+01 4.615000e+01
  endloop
 endfacet
 facet normal -6.774822e-01 7.354007e-01 1.427264e-02
  outer loop
   vertex -3.535534e+01 3.535534e+01 4.615000e+01
   vertex -3.311715e+01 3.746004e+01 4.394559e+01
   vertex -3.462370e+01 3.607214e+01 4.394559e+01
  endloop
 endfacet
 facet normal -7.070988e-01 7.070988e-01 -4.759902e-03
  outer loop
   vertex -3.607214e+01 3.462370e+01 4.394559e+01
   vertex -3.535534e+01 3.535534e+01 4.615000e+01
   vertex -3.462370e+01 3.607214e+01 4.394559e+01
  endloop
 endfacet
 facet normal -6.660932e-01 7.450448e-01 3.504416e-02
  outer loop
   vertex -3.119083e+01 3.907854e+01 4.615000e+01
   vertex -3.311715e+01 3.746004e+01 4.394559e+01
   vertex -3.535534e+01 3.535534e+01 4.615000e+01
  endloop
 endfacet
 facet normal -6.661017e-01 7.450543e-01 -3.467779e-02
  outer loop
   vertex -3.332512e+01 3.727514e+01 4.840000e+01
   vertex -3.119083e+01 3.907854e+01 4.615000e+01
   vertex -3.535534e+01 3.535534e+01 4.615000e+01
  endloop
 endfacet
 facet normal -5.560696e-01 8.309001e-01 1.978860e-02
  outer loop
   vertex -2.895913e+01 4.075989e+01 4.840000e+01
   vertex -2.663699e+01 4.231395e+01 4.840000e+01
   vertex -2.799057e+01 4.143101e+01 4.743769e+01
  endloop
 endfacet
 facet normal -5.711825e-01 8.208194e-01 -2.452630e-03
  outer loop
   vertex -2.926083e+01 4.054385e+01 4.635977e+01
   vertex -2.895913e+01 4.075989e+01 4.840000e+01
   vertex -2.799057e+01 4.143101e+01 4.743769e+01
  endloop
 endfacet
 facet normal -6.046935e-01 7.964582e-01 0.000000e+00
  outer loop
   vertex -2.926083e+01 4.054385e+01 4.635977e+01
   vertex -3.119083e+01 3.907854e+01 4.615000e+01
   vertex -3.119083e+01 3.907854e+01 4.840000e+01
  endloop
 endfacet
 facet normal -6.454123e-01 7.638344e-01 0.000000e+00
  outer loop
   vertex -3.332512e+01 3.727514e+01 4.840000e+01
   vertex -3.119083e+01 3.907854e+01 4.840000e+01
   vertex -3.119083e+01 3.907854e+01 4.615000e+01
  endloop
 endfacet
 facet normal -6.017278e-01 7.986891e-01 4.407701e-03
  outer loop
   vertex -2.895913e+01 4.075989e+01 4.840000e+01
   vertex -2.926083e+01 4.054385e+01 4.635977e+01
   vertex -3.119083e+01 3.907854e+01 4.840000e+01
  endloop
 endfacet
 facet normal -6.870724e-01 7.265890e-01 0.000000e+00
  outer loop
   vertex -3.332512e+01 3.727514e+01 4.840000e+01
   vertex -3.535534e+01 3.535534e+01 4.615000e+01
   vertex -3.535534e+01 3.535534e+01 4.840000e+01
  endloop
 endfacet
 facet normal -7.354737e-01 6.775495e-01 -2.234006e-03
  outer loop
   vertex -3.727514e+01 3.332512e+01 4.615000e+01
   vertex -3.607214e+01 3.462370e+01 4.394559e+01
   vertex -3.746004e+01 3.311715e+01 4.394559e+01
  endloop
 endfacet
 facet normal -7.626078e-01 6.468545e-01 2.937710e-03
  outer loop
   vertex -3.878506e+01 3.155502e+01 4.394559e+01
   vertex -3.727514e+01 3.332512e+01 4.615000e+01
   vertex -3.746004e+01 3.311715e+01 4.394559e+01
  endloop
 endfacet
 facet normal -7.265890e-01 6.870724e-01 0.000000e+00
  outer loop
   vertex -3.535534e+01 3.535534e+01 4.840000e+01
   vertex -3.535534e+01 3.535534e+01 4.615000e+01
   vertex -3.727514e+01 3.332512e+01 4.615000e+01
  endloop
 endfacet
 facet normal -7.858650e-01 6.183931e-01 -2.460853e-03
  outer loop
   vertex -3.907854e+01 3.119083e+01 4.615000e+01
   vertex -3.878506e+01 3.155502e+01 4.394559e+01
   vertex -3.965952e+01 3.044868e+01 4.518836e+01
  endloop
 endfacet
 facet normal -7.956863e-01 6.055612e-01 1.337581e-02
  outer loop
   vertex -4.054385e+01 2.926083e+01 4.635977e+01
   vertex -3.907854e+01 3.119083e+01 4.615000e+01
   vertex -3.965952e+01 3.044868e+01 4.518836e+01
  endloop
 endfacet
 facet normal -7.638251e-01 6.454044e-01 4.935906e-03
  outer loop
   vertex -3.727514e+01 3.332512e+01 4.615000e+01
   vertex -3.878506e+01 3.155502e+01 4.394559e+01
   vertex -3.907854e+01 3.119083e+01 4.615000e+01
  endloop
 endfacet
 facet normal -7.638344e-01 6.454123e-01 0.000000e+00
  outer loop
   vertex -3.907854e+01 3.119083e+01 4.615000e+01
   vertex -3.907854e+01 3.119083e+01 4.840000e+01
   vertex -3.727514e+01 3.332512e+01 4.840000e+01
  endloop
 endfacet
 facet normal -8.208194e-01 5.711825e-01 -2.452630e-03
  outer loop
   vertex -4.075989e+01 2.895913e+01 4.840000e+01
   vertex -4.054385e+01 2.926083e+01 4.635977e+01
   vertex -4.143101e+01 2.799057e+01 4.743769e+01
  endloop
 endfacet
 facet normal -8.309001e-01 5.560696e-01 1.978860e-02
  outer loop
   vertex -4.143101e+01 2.799057e+01 4.743769e+01
   vertex -4.231395e+01 2.663699e+01 4.840000e+01
   vertex -4.075989e+01 2.895913e+01 4.840000e+01
  endloop
 endfacet
 facet normal -7.986891e-01 6.017278e-01 4.407701e-03
  outer loop
   vertex -3.907854e+01 3.119083e+01 4.840000e+01
   vertex -4.054385e+01 2.926083e+01 4.635977e+01
   vertex -4.075989e+01 2.895913e+01 4.840000e+01
  endloop
 endfacet
 facet normal -7.964582e-01 6.046935e-01 0.000000e+00
  outer loop
   vertex -3.907854e+01 3.119083e+01 4.615000e+01
   vertex -4.054385e+01 2.926083e+01 4.635977e+01
   vertex -3.907854e+01 3.119083e+01 4.840000e+01
  endloop
 endfacet
 facet normal -7.265644e-01 6.870492e-01 8.224123e-03
  outer loop
   vertex -3.607214e+01 3.462370e+01 4.394559e+01
   vertex -3.727514e+01 3.332512e+01 4.615000e+01
   vertex -3.535534e+01 3.535534e+01 4.615000e+01
  endloop
 endfacet
 facet normal 4.167268e-01 9.090318e-01 0.000000e+00
  outer loop
   vertex 1.913417e+01 4.619398e+01 4.482207e+01
   vertex 2.250978e+01 4.464650e+01 4.482207e+01
   vertex 2.250978e+01 4.464650e+01 4.436103e+01
  endloop
 endfacet
 facet normal 3.481119e-01 9.374530e-01 0.000000e+00
  outer loop
   vertex 1.565302e+01 4.748666e+01 4.482207e+01
   vertex 1.913417e+01 4.619398e+01 4.482207e+01
   vertex 1.913417e+01 4.619398e+01 4.436103e+01
  endloop
 endfacet
 facet normal 4.908501e-01 8.642740e-01 1.099851e-01
  outer loop
   vertex 2.250978e+01 4.464650e+01 4.436103e+01
   vertex 2.576123e+01 4.285276e+01 4.394559e+01
   vertex 2.360829e+01 4.407549e+01 4.394559e+01
  endloop
 endfacet
 facet normal 4.155971e-01 9.065676e-01 7.358105e-02
  outer loop
   vertex 2.139747e+01 4.519014e+01 4.394559e+01
   vertex 1.913417e+01 4.619398e+01 4.436103e+01
   vertex 2.250978e+01 4.464650e+01 4.436103e+01
  endloop
 endfacet
 facet normal 4.498896e-01 8.923226e-01 -3.687572e-02
  outer loop
   vertex 2.360829e+01 4.407549e+01 4.394559e+01
   vertex 2.139747e+01 4.519014e+01 4.394559e+01
   vertex 2.250978e+01 4.464650e+01 4.436103e+01
  endloop
 endfacet
 facet normal 4.054412e-01 9.141211e-01 -0.000000e+00
  outer loop
   vertex 1.913417e+01 4.619398e+01 4.394559e+01
   vertex 1.913417e+01 4.619398e+01 4.436103e+01
   vertex 2.139747e+01 4.519014e+01 4.394559e+01
  endloop
 endfacet
 facet normal 4.765905e-01 8.772371e-01 -5.758889e-02
  outer loop
   vertex 2.408692e+01 4.381576e+01 4.475851e+01
   vertex 2.576123e+01 4.285276e+01 4.394559e+01
   vertex 2.250978e+01 4.464650e+01 4.436103e+01
  endloop
 endfacet
 facet normal 4.663034e-01 8.845801e-01 8.900269e-03
  outer loop
   vertex 2.230515e+01 4.474908e+01 4.534765e+01
   vertex 2.408692e+01 4.381576e+01 4.475851e+01
   vertex 2.250978e+01 4.464650e+01 4.482207e+01
  endloop
 endfacet
 facet normal 4.660411e-01 8.847631e-01 0.000000e+00
  outer loop
   vertex 2.250978e+01 4.464650e+01 4.482207e+01
   vertex 2.408692e+01 4.381576e+01 4.475851e+01
   vertex 2.250978e+01 4.464650e+01 4.436103e+01
  endloop
 endfacet
 facet normal 3.659089e-01 8.833816e-01 -2.928270e-01
  outer loop
   vertex 1.677046e+01 4.710363e+01 4.553469e+01
   vertex 2.038542e+01 4.565561e+01 4.568356e+01
   vertex 2.230515e+01 4.474908e+01 4.534765e+01
  endloop
 endfacet
 facet normal 4.166788e-01 9.089271e-01 -1.517344e-02
  outer loop
   vertex 2.230515e+01 4.474908e+01 4.534765e+01
   vertex 2.250978e+01 4.464650e+01 4.482207e+01
   vertex 1.913417e+01 4.619398e+01 4.482207e+01
  endloop
 endfacet
 facet normal 3.596912e-01 9.330714e-01 0.000000e+00
  outer loop
   vertex 1.913417e+01 4.619398e+01 4.436103e+01
   vertex 1.913417e+01 4.619398e+01 4.394559e+01
   vertex 1.682396e+01 4.708455e+01 4.394559e+01
  endloop
 endfacet
 facet normal 3.128483e-01 9.490873e-01 -3.686921e-02
  outer loop
   vertex 1.447249e+01 4.785966e+01 4.394559e+01
   vertex 1.565302e+01 4.748666e+01 4.436103e+01
   vertex 1.682396e+01 4.708455e+01 4.394559e+01
  endloop
 endfacet
 facet normal 2.841349e-01 9.564497e-01 -6.686752e-02
  outer loop
   vertex 1.565302e+01 4.748666e+01 4.436103e+01
   vertex 1.208554e+01 4.851742e+01 4.394559e+01
   vertex 1.359612e+01 4.811596e+01 4.462207e+01
  endloop
 endfacet
 facet normal 2.640492e-01 9.582164e-01 1.099970e-01
  outer loop
   vertex 1.447249e+01 4.785966e+01 4.394559e+01
   vertex 1.208554e+01 4.851742e+01 4.394559e+01
   vertex 1.565302e+01 4.748666e+01 4.436103e+01
  endloop
 endfacet
 facet normal 2.925590e-01 9.562475e-01 0.000000e+00
  outer loop
   vertex 1.565302e+01 4.748666e+01 4.482207e+01
   vertex 1.565302e+01 4.748666e+01 4.436103e+01
   vertex 1.359612e+01 4.811596e+01 4.462207e+01
  endloop
 endfacet
 facet normal 3.916674e-01 9.097152e-01 1.378948e-01
  outer loop
   vertex 1.913417e+01 4.619398e+01 4.482207e+01
   vertex 1.677046e+01 4.710363e+01 4.553469e+01
   vertex 2.230515e+01 4.474908e+01 4.534765e+01
  endloop
 endfacet
 facet normal 3.659090e-01 8.833821e-01 -2.928254e-01
  outer loop
   vertex 1.840474e+01 4.648941e+01 4.572392e+01
   vertex 2.038542e+01 4.565561e+01 4.568356e+01
   vertex 1.677046e+01 4.710363e+01 4.553469e+01
  endloop
 endfacet
 facet normal 3.356722e-01 9.382074e-01 -8.420818e-02
  outer loop
   vertex 1.677046e+01 4.710363e+01 4.553469e+01
   vertex 1.913417e+01 4.619398e+01 4.482207e+01
   vertex 1.514552e+01 4.765095e+01 4.515535e+01
  endloop
 endfacet
 facet normal 3.473106e-01 9.352952e-01 6.781037e-02
  outer loop
   vertex 1.565302e+01 4.748666e+01 4.482207e+01
   vertex 1.514552e+01 4.765095e+01 4.515535e+01
   vertex 1.913417e+01 4.619398e+01 4.482207e+01
  endloop
 endfacet
 facet normal 2.944874e-01 9.553897e-01 -2.253202e-02
  outer loop
   vertex 1.359612e+01 4.811596e+01 4.462207e+01
   vertex 1.514552e+01 4.765095e+01 4.515535e+01
   vertex 1.565302e+01 4.748666e+01 4.482207e+01
  endloop
 endfacet
 facet normal 3.471682e-01 9.349116e-01 7.358402e-02
  outer loop
   vertex 1.682396e+01 4.708455e+01 4.394559e+01
   vertex 1.565302e+01 4.748666e+01 4.436103e+01
   vertex 1.913417e+01 4.619398e+01 4.436103e+01
  endloop
 endfacet
 facet normal 9.964878e-01 -8.373775e-02 0.000000e+00
  outer loop
   vertex 4.992192e+01 -2.793088e+00 4.615000e+01
   vertex 4.968795e+01 -5.577454e+00 4.615000e+01
   vertex 4.968795e+01 -5.577454e+00 4.502500e+01
  endloop
 endfacet
 facet normal 9.964878e-01 -8.373775e-02 0.000000e+00
  outer loop
   vertex 4.992192e+01 -2.793088e+00 4.727500e+01
   vertex 4.968795e+01 -5.577454e+00 4.727500e+01
   vertex 4.968795e+01 -5.577454e+00 4.615000e+01
  endloop
 endfacet
 facet normal 9.908318e-01 -1.344376e-01 1.337720e-02
  outer loop
   vertex 4.968795e+01 -5.577454e+00 4.615000e+01
   vertex 4.935936e+01 -7.978301e+00 4.635977e+01
   vertex 4.957399e+01 -6.513051e+00 4.518836e+01
  endloop
 endfacet
 facet normal 9.925026e-01 -1.220452e-01 -6.606741e-03
  outer loop
   vertex 4.957399e+01 -6.513051e+00 4.518836e+01
   vertex 4.973795e+01 -5.112415e+00 4.394559e+01
   vertex 4.968795e+01 -5.577454e+00 4.502500e+01
  endloop
 endfacet
 facet normal 9.926633e-01 -1.209112e-01 0.000000e+00
  outer loop
   vertex 4.957399e+01 -6.513051e+00 4.518836e+01
   vertex 4.968795e+01 -5.577454e+00 4.502500e+01
   vertex 4.968795e+01 -5.577454e+00 4.615000e+01
  endloop
 endfacet
 facet normal 9.907641e-01 -1.355971e-01 0.000000e+00
  outer loop
   vertex 4.968795e+01 -5.577454e+00 4.727500e+01
   vertex 4.935936e+01 -7.978301e+00 4.635977e+01
   vertex 4.968795e+01 -5.577454e+00 4.615000e+01
  endloop
 endfacet
 facet normal 9.807356e-01 -1.943352e-01 1.978723e-02
  outer loop
   vertex 4.929879e+01 -8.344401e+00 4.840000e+01
   vertex 4.875568e+01 -1.108529e+01 4.840000e+01
   vertex 4.908847e+01 -9.503825e+00 4.743769e+01
  endloop
 endfacet
 facet normal 9.902541e-01 -1.392726e-01 0.000000e+00
  outer loop
   vertex 4.968795e+01 -5.577454e+00 4.840000e+01
   vertex 4.929879e+01 -8.344401e+00 4.840000e+01
   vertex 4.968795e+01 -5.577454e+00 4.727500e+01
  endloop
 endfacet
 facet normal 9.878178e-01 -1.521696e-01 -3.256304e-02
  outer loop
   vertex 4.908847e+01 -9.503825e+00 4.743769e+01
   vertex 4.968795e+01 -5.577454e+00 4.727500e+01
   vertex 4.929879e+01 -8.344401e+00 4.840000e+01
  endloop
 endfacet
 facet normal 9.964878e-01 -8.373775e-02 0.000000e+00
  outer loop
   vertex 4.968795e+01 -5.577454e+00 4.840000e+01
   vertex 4.968795e+01 -5.577454e+00 4.727500e+01
   vertex 4.992192e+01 -2.793088e+00 4.727500e+01
  endloop
 endfacet
 facet normal 9.880955e-01 -1.493304e-01 3.698316e-02
  outer loop
   vertex 4.968795e+01 -5.577454e+00 4.727500e+01
   vertex 4.908847e+01 -9.503825e+00 4.743769e+01
   vertex 4.935936e+01 -7.978301e+00 4.635977e+01
  endloop
 endfacet
 facet normal 9.963151e-01 -8.524952e-02 9.422455e-03
  outer loop
   vertex 4.968795e+01 -5.577454e+00 4.502500e+01
   vertex 4.973795e+01 -5.112415e+00 4.394559e+01
   vertex 4.988348e+01 -3.411591e+00 4.394559e+01
  endloop
 endfacet
 facet normal 9.986695e-01 -5.118898e-02 -6.241078e-03
  outer loop
   vertex 4.997086e+01 -1.706790e+00 4.394559e+01
   vertex 4.992192e+01 -2.793088e+00 4.502500e+01
   vertex 4.988348e+01 -3.411591e+00 4.394559e+01
  endloop
 endfacet
 facet normal 9.998543e-01 -1.707077e-02 -5.842793e-17
  outer loop
   vertex 5.000000e+01 -2.082438e-15 4.543040e+01
   vertex 4.997086e+01 -1.706790e+00 4.394559e+01
   vertex 5.000000e+01 2.999577e-15 4.394559e+01
  endloop
 endfacet
 facet normal 9.994339e-01 -3.011473e-02 1.500237e-02
  outer loop
   vertex 4.992192e+01 -2.793088e+00 4.502500e+01
   vertex 4.997086e+01 -1.706790e+00 4.394559e+01
   vertex 5.000000e+01 -2.082438e-15 4.543040e+01
  endloop
 endfacet
 facet normal 9.996095e-01 -2.794216e-02 0.000000e+00
  outer loop
   vertex 4.992192e+01 -2.793088e+00 4.615000e+01
   vertex 4.992192e+01 -2.793088e+00 4.502500e+01
   vertex 5.000000e+01 -2.082438e-15 4.543040e+01
  endloop
 endfacet
 facet normal 9.996095e-01 -2.794216e-02 0.000000e+00
  outer loop
   vertex 5.000000e+01 -7.164453e-15 4.691520e+01
   vertex 4.992192e+01 -2.793088e+00 4.727500e+01
   vertex 4.992192e+01 -2.793088e+00 4.615000e+01
  endloop
 endfacet
 facet normal 9.996095e-01 -2.794216e-02 0.000000e+00
  outer loop
   vertex 4.992192e+01 -2.793088e+00 4.840000e+01
   vertex 4.992192e+01 -2.793088e+00 4.727500e+01
   vertex 5.000000e+01 -1.224647e-14 4.840000e+01
  endloop
 endfacet
 facet normal 9.996095e-01 -2.794216e-02 -9.563731e-17
  outer loop
   vertex 5.000000e+01 -7.164453e-15 4.691520e+01
   vertex 4.992192e+01 -2.793088e+00 4.615000e+01
   vertex 5.000000e+01 -2.082438e-15 4.543040e+01
  endloop
 endfacet
 facet normal 9.964101e-01 -8.373122e-02 1.248618e-02
  outer loop
   vertex 4.968795e+01 -5.577454e+00 4.502500e+01
   vertex 4.988348e+01 -3.411591e+00 4.394559e+01
   vertex 4.992192e+01 -2.793088e+00 4.502500e+01
  endloop
 endfacet
 facet normal 6.332461e-01 7.739392e-01 4.186139e-03
  outer loop
   vertex 3.125191e+01 3.902971e+01 4.456668e+01
   vertex 3.176984e+01 3.860929e+01 4.394559e+01
   vertex 3.155502e+01 3.878506e+01 4.394559e+01
  endloop
 endfacet
 facet normal 6.227246e-01 7.824289e-01 4.372233e-03
  outer loop
   vertex 3.071519e+01 3.945348e+01 4.517441e+01
   vertex 3.125191e+01 3.902971e+01 4.456668e+01
   vertex 3.101198e+01 3.922062e+01 4.457452e+01
  endloop
 endfacet
 facet normal 6.225484e-01 7.825687e-01 -4.433684e-03
  outer loop
   vertex 3.155502e+01 3.878506e+01 4.394559e+01
   vertex 3.101198e+01 3.922062e+01 4.457452e+01
   vertex 3.125191e+01 3.902971e+01 4.456668e+01
  endloop
 endfacet
 facet normal 6.117836e-01 7.910123e-01 4.517257e-03
  outer loop
   vertex 3.015958e+01 3.987981e+01 4.576627e+01
   vertex 3.071519e+01 3.945348e+01 4.517441e+01
   vertex 3.044868e+01 3.965952e+01 4.518836e+01
  endloop
 endfacet
 facet normal 6.114842e-01 7.912432e-01 -4.610145e-03
  outer loop
   vertex 3.101198e+01 3.922062e+01 4.457452e+01
   vertex 3.044868e+01 3.965952e+01 4.518836e+01
   vertex 3.071519e+01 3.945348e+01 4.517441e+01
  endloop
 endfacet
 facet normal 6.004234e-01 7.996688e-01 4.634559e-03
  outer loop
   vertex 2.958498e+01 4.030793e+01 4.633976e+01
   vertex 3.015958e+01 3.987981e+01 4.576627e+01
   vertex 2.986500e+01 4.010089e+01 4.578437e+01
  endloop
 endfacet
 facet normal 6.000540e-01 7.999454e-01 -4.755664e-03
  outer loop
   vertex 3.044868e+01 3.965952e+01 4.518836e+01
   vertex 2.986500e+01 4.010089e+01 4.578437e+01
   vertex 3.015958e+01 3.987981e+01 4.576627e+01
  endloop
 endfacet
 facet normal 5.882598e-01 8.086574e-01 -4.848820e-03
  outer loop
   vertex 2.926083e+01 4.054385e+01 4.635977e+01
   vertex 2.958498e+01 4.030793e+01 4.633976e+01
   vertex 2.986500e+01 4.010089e+01 4.578437e+01
  endloop
 endfacet
 facet normal 5.886458e-01 8.083773e-01 4.705972e-03
  outer loop
   vertex 2.958498e+01 4.030793e+01 4.633976e+01
   vertex 2.926083e+01 4.054385e+01 4.635977e+01
   vertex 2.899128e+01 4.073703e+01 4.689238e+01
  endloop
 endfacet
 facet normal 5.760946e-01 8.173683e-01 -4.907418e-03
  outer loop
   vertex 2.863606e+01 4.098751e+01 4.691179e+01
   vertex 2.899128e+01 4.073703e+01 4.689238e+01
   vertex 2.926083e+01 4.054385e+01 4.635977e+01
  endloop
 endfacet
 facet normal 5.764470e-01 8.171208e-01 4.734113e-03
  outer loop
   vertex 2.899128e+01 4.073703e+01 4.689238e+01
   vertex 2.863606e+01 4.098751e+01 4.691179e+01
   vertex 2.837837e+01 4.116635e+01 4.742162e+01
  endloop
 endfacet
 facet normal 5.635497e-01 8.260675e-01 -4.923057e-03
  outer loop
   vertex 2.799057e+01 4.143101e+01 4.743769e+01
   vertex 2.837837e+01 4.116635e+01 4.742162e+01
   vertex 2.863606e+01 4.098751e+01 4.691179e+01
  endloop
 endfacet
 facet normal 5.638226e-01 8.258825e-01 4.713431e-03
  outer loop
   vertex 2.837837e+01 4.116635e+01 4.742162e+01
   vertex 2.799057e+01 4.143101e+01 4.743769e+01
   vertex 2.774615e+01 4.159509e+01 4.792500e+01
  endloop
 endfacet
 facet normal 5.506278e-01 8.347366e-01 -4.885866e-03
  outer loop
   vertex 2.732425e+01 4.187345e+01 4.793468e+01
   vertex 2.774615e+01 4.159509e+01 4.792500e+01
   vertex 2.799057e+01 4.143101e+01 4.743769e+01
  endloop
 endfacet
 facet normal 5.373138e-01 8.433688e-01 -4.802902e-03
  outer loop
   vertex 2.709452e+01 4.202246e+01 4.840000e+01
   vertex 2.732425e+01 4.187345e+01 4.793468e+01
   vertex 2.663699e+01 4.231395e+01 4.840000e+01
  endloop
 endfacet
 facet normal 5.507807e-01 8.346371e-01 4.641981e-03
  outer loop
   vertex 2.774615e+01 4.159509e+01 4.792500e+01
   vertex 2.732425e+01 4.187345e+01 4.793468e+01
   vertex 2.709452e+01 4.202246e+01 4.840000e+01
  endloop
 endfacet
 facet normal 6.183931e-01 -7.858650e-01 -2.460853e-03
  outer loop
   vertex 3.119083e+01 -3.907854e+01 4.615000e+01
   vertex 3.044868e+01 -3.965952e+01 4.518836e+01
   vertex 3.155502e+01 -3.878506e+01 4.394559e+01
  endloop
 endfacet
 facet normal 6.468481e-01 -7.626002e-01 5.337484e-03
  outer loop
   vertex 3.311715e+01 -3.746004e+01 4.394559e+01
   vertex 3.119083e+01 -3.907854e+01 4.615000e+01
   vertex 3.155502e+01 -3.878506e+01 4.394559e+01
  endloop
 endfacet
 facet normal 6.055612e-01 -7.956863e-01 1.337581e-02
  outer loop
   vertex 2.926083e+01 -4.054385e+01 4.635977e+01
   vertex 3.044868e+01 -3.965952e+01 4.518836e+01
   vertex 3.119083e+01 -3.907854e+01 4.615000e+01
  endloop
 endfacet
 facet normal 6.774822e-01 -7.354007e-01 1.427264e-02
  outer loop
   vertex 3.535534e+01 -3.535534e+01 4.615000e+01
   vertex 3.311715e+01 -3.746004e+01 4.394559e+01
   vertex 3.462370e+01 -3.607214e+01 4.394559e+01
  endloop
 endfacet
 facet normal 7.070988e-01 -7.070988e-01 -4.759902e-03
  outer loop
   vertex 3.607214e+01 -3.462370e+01 4.394559e+01
   vertex 3.535534e+01 -3.535534e+01 4.615000e+01
   vertex 3.462370e+01 -3.607214e+01 4.394559e+01
  endloop
 endfacet
 facet normal 6.660932e-01 -7.450448e-01 3.504416e-02
  outer loop
   vertex 3.119083e+01 -3.907854e+01 4.615000e+01
   vertex 3.311715e+01 -3.746004e+01 4.394559e+01
   vertex 3.535534e+01 -3.535534e+01 4.615000e+01
  endloop
 endfacet
 facet normal 6.661017e-01 -7.450543e-01 -3.467779e-02
  outer loop
   vertex 3.332512e+01 -3.727514e+01 4.840000e+01
   vertex 3.119083e+01 -3.907854e+01 4.615000e+01
   vertex 3.535534e+01 -3.535534e+01 4.615000e+01
  endloop
 endfacet
 facet normal 5.560696e-01 -8.309001e-01 1.978860e-02
  outer loop
   vertex 2.895913e+01 -4.075989e+01 4.840000e+01
   vertex 2.663699e+01 -4.231395e+01 4.840000e+01
   vertex 2.799057e+01 -4.143101e+01 4.743769e+01
  endloop
 endfacet
 facet normal 5.711825e-01 -8.208194e-01 -2.452630e-03
  outer loop
   vertex 2.926083e+01 -4.054385e+01 4.635977e+01
   vertex 2.895913e+01 -4.075989e+01 4.840000e+01
   vertex 2.799057e+01 -4.143101e+01 4.743769e+01
  endloop
 endfacet
 facet normal 6.046935e-01 -7.964582e-01 0.000000e+00
  outer loop
   vertex 2.926083e+01 -4.054385e+01 4.635977e+01
   vertex 3.119083e+01 -3.907854e+01 4.615000e+01
   vertex 3.119083e+01 -3.907854e+01 4.840000e+01
  endloop
 endfacet
 facet normal 6.454123e-01 -7.638344e-01 0.000000e+00
  outer loop
   vertex 3.332512e+01 -3.727514e+01 4.840000e+01
   vertex 3.119083e+01 -3.907854e+01 4.840000e+01
   vertex 3.119083e+01 -3.907854e+01 4.615000e+01
  endloop
 endfacet
 facet normal 6.017278e-01 -7.986891e-01 4.407701e-03
  outer loop
   vertex 2.895913e+01 -4.075989e+01 4.840000e+01
   vertex 2.926083e+01 -4.054385e+01 4.635977e+01
   vertex 3.119083e+01 -3.907854e+01 4.840000e+01
  endloop
 endfacet
 facet normal 6.870724e-01 -7.265890e-01 0.000000e+00
  outer loop
   vertex 3.332512e+01 -3.727514e+01 4.840000e+01
   vertex 3.535534e+01 -3.535534e+01 4.615000e+01
   vertex 3.535534e+01 -3.535534e+01 4.840000e+01
  endloop
 endfacet
 facet normal 7.354737e-01 -6.775495e-01 -2.234006e-03
  outer loop
   vertex 3.727514e+01 -3.332512e+01 4.615000e+01
   vertex 3.607214e+01 -3.462370e+01 4.394559e+01
   vertex 3.746004e+01 -3.311715e+01 4.394559e+01
  endloop
 endfacet
 facet normal 7.626078e-01 -6.468545e-01 2.937710e-03
  outer loop
   vertex 3.878506e+01 -3.155502e+01 4.394559e+01
   vertex 3.727514e+01 -3.332512e+01 4.615000e+01
   vertex 3.746004e+01 -3.311715e+01 4.394559e+01
  endloop
 endfacet
 facet normal 7.265890e-01 -6.870724e-01 0.000000e+00
  outer loop
   vertex 3.535534e+01 -3.535534e+01 4.840000e+01
   vertex 3.535534e+01 -3.535534e+01 4.615000e+01
   vertex 3.727514e+01 -3.332512e+01 4.615000e+01
  endloop
 endfacet
 facet normal 7.858650e-01 -6.183931e-01 -2.460853e-03
  outer loop
   vertex 3.907854e+01 -3.119083e+01 4.615000e+01
   vertex 3.878506e+01 -3.155502e+01 4.394559e+01
   vertex 3.965952e+01 -3.044868e+01 4.518836e+01
  endloop
 endfacet
 facet normal 7.956863e-01 -6.055612e-01 1.337581e-02
  outer loop
   vertex 4.054385e+01 -2.926083e+01 4.635977e+01
   vertex 3.907854e+01 -3.119083e+01 4.615000e+01
   vertex 3.965952e+01 -3.044868e+01 4.518836e+01
  endloop
 endfacet
 facet normal 7.638251e-01 -6.454044e-01 4.935906e-03
  outer loop
   vertex 3.727514e+01 -3.332512e+01 4.615000e+01
   vertex 3.878506e+01 -3.155502e+01 4.394559e+01
   vertex 3.907854e+01 -3.119083e+01 4.615000e+01
  endloop
 endfacet
 facet normal 7.638344e-01 -6.454123e-01 0.000000e+00
  outer loop
   vertex 3.907854e+01 -3.119083e+01 4.615000e+01
   vertex 3.907854e+01 -3.119083e+01 4.840000e+01
   vertex 3.727514e+01 -3.332512e+01 4.840000e+01
  endloop
 endfacet
 facet normal 8.208194e-01 -5.711825e-01 -2.452630e-03
  outer loop
   vertex 4.075989e+01 -2.895913e+01 4.840000e+01
   vertex 4.054385e+01 -2.926083e+01 4.635977e+01
   vertex 4.143101e+01 -2.799057e+01 4.743769e+01
  endloop
 endfacet
 facet normal 8.309001e-01 -5.560696e-01 1.978860e-02
  outer loop
   vertex 4.143101e+01 -2.799057e+01 4.743769e+01
   vertex 4.231395e+01 -2.663699e+01 4.840000e+01
   vertex 4.075989e+01 -2.895913e+01 4.840000e+01
  endloop
 endfacet
 facet normal 7.986891e-01 -6.017278e-01 4.407701e-03
  outer loop
   vertex 3.907854e+01 -3.119083e+01 4.840000e+01
   vertex 4.054385e+01 -2.926083e+01 4.635977e+01
   vertex 4.075989e+01 -2.895913e+01 4.840000e+01
  endloop
 endfacet
 facet normal 7.964582e-01 -6.046935e-01 0.000000e+00
  outer loop
   vertex 3.907854e+01 -3.119083e+01 4.615000e+01
   vertex 4.054385e+01 -2.926083e+01 4.635977e+01
   vertex 3.907854e+01 -3.119083e+01 4.840000e+01
  endloop
 endfacet
 facet normal 7.265644e-01 -6.870492e-01 8.224123e-03
  outer loop
   vertex 3.607214e+01 -3.462370e+01 4.394559e+01
   vertex 3.727514e+01 -3.332512e+01 4.615000e+01
   vertex 3.535534e+01 -3.535534e+01 4.615000e+01
  endloop
 endfacet
 facet normal -7.858650e-01 -6.183931e-01 -2.460853e-03
  outer loop
   vertex -3.907854e+01 -3.119083e+01 4.615000e+01
   vertex -3.965952e+01 -3.044868e+01 4.518836e+01
   vertex -3.878506e+01 -3.155502e+01 4.394559e+01
  endloop
 endfacet
 facet normal -7.626002e-01 -6.468481e-01 5.337484e-03
  outer loop
   vertex -3.746004e+01 -3.311715e+01 4.394559e+01
   vertex -3.907854e+01 -3.119083e+01 4.615000e+01
   vertex -3.878506e+01 -3.155502e+01 4.394559e+01
  endloop
 endfacet
 facet normal -7.956863e-01 -6.055612e-01 1.337581e-02
  outer loop
   vertex -4.054385e+01 -2.926083e+01 4.635977e+01
   vertex -3.965952e+01 -3.044868e+01 4.518836e+01
   vertex -3.907854e+01 -3.119083e+01 4.615000e+01
  endloop
 endfacet
 facet normal -7.354007e-01 -6.774822e-01 1.427264e-02
  outer loop
   vertex -3.535534e+01 -3.535534e+01 4.615000e+01
   vertex -3.746004e+01 -3.311715e+01 4.394559e+01
   vertex -3.607214e+01 -3.462370e+01 4.394559e+01
  endloop
 endfacet
 facet normal -7.070988e-01 -7.070988e-01 -4.759902e-03
  outer loop
   vertex -3.462370e+01 -3.607214e+01 4.394559e+01
   vertex -3.535534e+01 -3.535534e+01 4.615000e+01
   vertex -3.607214e+01 -3.462370e+01 4.394559e+01
  endloop
 endfacet
 facet normal -7.450448e-01 -6.660932e-01 3.504416e-02
  outer loop
   vertex -3.907854e+01 -3.119083e+01 4.615000e+01
   vertex -3.746004e+01 -3.311715e+01 4.394559e+01
   vertex -3.535534e+01 -3.535534e+01 4.615000e+01
  endloop
 endfacet
 facet normal -7.450543e-01 -6.661017e-01 -3.467779e-02
  outer loop
   vertex -3.727514e+01 -3.332512e+01 4.840000e+01
   vertex -3.907854e+01 -3.119083e+01 4.615000e+01
   vertex -3.535534e+01 -3.535534e+01 4.615000e+01
  endloop
 endfacet
 facet normal -8.309001e-01 -5.560696e-01 1.978860e-02
  outer loop
   vertex -4.075989e+01 -2.895913e+01 4.840000e+01
   vertex -4.231395e+01 -2.663699e+01 4.840000e+01
   vertex -4.143101e+01 -2.799057e+01 4.743769e+01
  endloop
 endfacet
 facet normal -8.208194e-01 -5.711825e-01 -2.452630e-03
  outer loop
   vertex -4.054385e+01 -2.926083e+01 4.635977e+01
   vertex -4.075989e+01 -2.895913e+01 4.840000e+01
   vertex -4.143101e+01 -2.799057e+01 4.743769e+01
  endloop
 endfacet
 facet normal -7.964582e-01 -6.046935e-01 0.000000e+00
  outer loop
   vertex -4.054385e+01 -2.926083e+01 4.635977e+01
   vertex -3.907854e+01 -3.119083e+01 4.615000e+01
   vertex -3.907854e+01 -3.119083e+01 4.840000e+01
  endloop
 endfacet
 facet normal -7.638344e-01 -6.454123e-01 0.000000e+00
  outer loop
   vertex -3.727514e+01 -3.332512e+01 4.840000e+01
   vertex -3.907854e+01 -3.119083e+01 4.840000e+01
   vertex -3.907854e+01 -3.119083e+01 4.615000e+01
  endloop
 endfacet
 facet normal -7.986891e-01 -6.017278e-01 4.407701e-03
  outer loop
   vertex -4.075989e+01 -2.895913e+01 4.840000e+01
   vertex -4.054385e+01 -2.926083e+01 4.635977e+01
   vertex -3.907854e+01 -3.119083e+01 4.840000e+01
  endloop
 endfacet
 facet normal -7.265890e-01 -6.870724e-01 0.000000e+00
  outer loop
   vertex -3.727514e+01 -3.332512e+01 4.840000e+01
   vertex -3.535534e+01 -3.535534e+01 4.615000e+01
   vertex -3.535534e+01 -3.535534e+01 4.840000e+01
  endloop
 endfacet
 facet normal -6.775495e-01 -7.354737e-01 -2.234006e-03
  outer loop
   vertex -3.332512e+01 -3.727514e+01 4.615000e+01
   vertex -3.462370e+01 -3.607214e+01 4.394559e+01
   vertex -3.311715e+01 -3.746004e+01 4.394559e+01
  endloop
 endfacet
 facet normal -6.468545e-01 -7.626078e-01 2.937710e-03
  outer loop
   vertex -3.155502e+01 -3.878506e+01 4.394559e+01
   vertex -3.332512e+01 -3.727514e+01 4.615000e+01
   vertex -3.311715e+01 -3.746004e+01 4.394559e+01
  endloop
 endfacet
 facet normal -6.870724e-01 -7.265890e-01 -0.000000e+00
  outer loop
   vertex -3.535534e+01 -3.535534e+01 4.840000e+01
   vertex -3.535534e+01 -3.535534e+01 4.615000e+01
   vertex -3.332512e+01 -3.727514e+01 4.615000e+01
  endloop
 endfacet
 facet normal -6.183931e-01 -7.858650e-01 -2.460853e-03
  outer loop
   vertex -3.119083e+01 -3.907854e+01 4.615000e+01
   vertex -3.155502e+01 -3.878506e+01 4.394559e+01
   vertex -3.044868e+01 -3.965952e+01 4.518836e+01
  endloop
 endfacet
 facet normal -6.055612e-01 -7.956863e-01 1.337581e-02
  outer loop
   vertex -2.926083e+01 -4.054385e+01 4.635977e+01
   vertex -3.119083e+01 -3.907854e+01 4.615000e+01
   vertex -3.044868e+01 -3.965952e+01 4.518836e+01
  endloop
 endfacet
 facet normal -6.454044e-01 -7.638251e-01 4.935906e-03
  outer loop
   vertex -3.332512e+01 -3.727514e+01 4.615000e+01
   vertex -3.155502e+01 -3.878506e+01 4.394559e+01
   vertex -3.119083e+01 -3.907854e+01 4.615000e+01
  endloop
 endfacet
 facet normal -6.454123e-01 -7.638344e-01 0.000000e+00
  outer loop
   vertex -3.119083e+01 -3.907854e+01 4.615000e+01
   vertex -3.119083e+01 -3.907854e+01 4.840000e+01
   vertex -3.332512e+01 -3.727514e+01 4.840000e+01
  endloop
 endfacet
 facet normal -5.711825e-01 -8.208194e-01 -2.452630e-03
  outer loop
   vertex -2.895913e+01 -4.075989e+01 4.840000e+01
   vertex -2.926083e+01 -4.054385e+01 4.635977e+01
   vertex -2.799057e+01 -4.143101e+01 4.743769e+01
  endloop
 endfacet
 facet normal -5.560696e-01 -8.309001e-01 1.978860e-02
  outer loop
   vertex -2.799057e+01 -4.143101e+01 4.743769e+01
   vertex -2.663699e+01 -4.231395e+01 4.840000e+01
   vertex -2.895913e+01 -4.075989e+01 4.840000e+01
  endloop
 endfacet
 facet normal -6.017278e-01 -7.986891e-01 4.407701e-03
  outer loop
   vertex -3.119083e+01 -3.907854e+01 4.840000e+01
   vertex -2.926083e+01 -4.054385e+01 4.635977e+01
   vertex -2.895913e+01 -4.075989e+01 4.840000e+01
  endloop
 endfacet
 facet normal -6.046935e-01 -7.964582e-01 0.000000e+00
  outer loop
   vertex -3.119083e+01 -3.907854e+01 4.615000e+01
   vertex -2.926083e+01 -4.054385e+01 4.635977e+01
   vertex -3.119083e+01 -3.907854e+01 4.840000e+01
  endloop
 endfacet
 facet normal -6.870492e-01 -7.265644e-01 8.224123e-03
  outer loop
   vertex -3.462370e+01 -3.607214e+01 4.394559e+01
   vertex -3.332512e+01 -3.727514e+01 4.615000e+01
   vertex -3.535534e+01 -3.535534e+01 4.615000e+01
  endloop
 endfacet
 facet normal 1.701852e-01 9.854007e-01 4.735225e-03
  outer loop
   vertex 8.305507e+00 4.930536e+01 4.689238e+01
   vertex 9.042471e+00 4.917554e+01 4.742162e+01
   vertex 8.733800e+00 4.923130e+01 4.691179e+01
  endloop
 endfacet
 facet normal 1.856251e-01 9.826083e-01 -4.918095e-03
  outer loop
   vertex 9.503825e+00 4.908847e+01 4.743769e+01
   vertex 8.733800e+00 4.923130e+01 4.691179e+01
   vertex 9.042471e+00 4.917554e+01 4.742162e+01
  endloop
 endfacet
 facet normal 1.553741e-01 9.878445e-01 4.703416e-03
  outer loop
   vertex 7.582269e+00 4.942175e+01 4.633976e+01
   vertex 8.305507e+00 4.930536e+01 4.689238e+01
   vertex 7.978301e+00 4.935936e+01 4.635977e+01
  endloop
 endfacet
 facet normal 1.706097e-01 9.853265e-01 -4.911786e-03
  outer loop
   vertex 8.733800e+00 4.923130e+01 4.691179e+01
   vertex 7.978301e+00 4.935936e+01 4.635977e+01
   vertex 8.305507e+00 4.930536e+01 4.689238e+01
  endloop
 endfacet
 facet normal 2.164075e-01 9.762914e-01 -4.794624e-03
  outer loop
   vertex 1.028784e+01 4.893016e+01 4.793468e+01
   vertex 1.055565e+01 4.887308e+01 4.840000e+01
   vertex 1.108529e+01 4.875568e+01 4.840000e+01
  endloop
 endfacet
 facet normal 2.008950e-01 9.796006e-01 -4.883585e-03
  outer loop
   vertex 9.792680e+00 4.903166e+01 4.792500e+01
   vertex 1.028784e+01 4.893016e+01 4.793468e+01
   vertex 9.503825e+00 4.908847e+01 4.743769e+01
  endloop
 endfacet
 facet normal 1.853013e-01 9.826704e-01 4.717456e-03
  outer loop
   vertex 9.042471e+00 4.917554e+01 4.742162e+01
   vertex 9.792680e+00 4.903166e+01 4.792500e+01
   vertex 9.503825e+00 4.908847e+01 4.743769e+01
  endloop
 endfacet
 facet normal 2.007165e-01 9.796384e-01 4.646822e-03
  outer loop
   vertex 1.055565e+01 4.887308e+01 4.840000e+01
   vertex 1.028784e+01 4.893016e+01 4.793468e+01
   vertex 9.792680e+00 4.903166e+01 4.792500e+01
  endloop
 endfacet
 facet normal 1.129285e-01 9.935935e-01 4.375775e-03
  outer loop
   vertex 6.178900e+00 4.961674e+01 4.517441e+01
   vertex 5.804385e+00 4.966195e+01 4.457452e+01
   vertex 5.499732e+00 4.969661e+01 4.456668e+01
  endloop
 endfacet
 facet normal 1.131521e-01 9.935678e-01 -4.436670e-03
  outer loop
   vertex 5.112415e+00 4.973795e+01 4.394559e+01
   vertex 5.499732e+00 4.969661e+01 4.456668e+01
   vertex 5.804385e+00 4.966195e+01 4.457452e+01
  endloop
 endfacet
 facet normal 9.948465e-02 9.950303e-01 4.183803e-03
  outer loop
   vertex 5.499732e+00 4.969661e+01 4.456668e+01
   vertex 5.112415e+00 4.973795e+01 4.394559e+01
   vertex 4.836218e+00 4.976556e+01 4.394559e+01
  endloop
 endfacet
 facet normal 1.408888e-01 9.900146e-01 4.630663e-03
  outer loop
   vertex 6.873239e+00 4.952533e+01 4.576627e+01
   vertex 7.582269e+00 4.942175e+01 4.633976e+01
   vertex 7.237870e+00 4.947336e+01 4.578437e+01
  endloop
 endfacet
 facet normal 1.558452e-01 9.877696e-01 -4.852477e-03
  outer loop
   vertex 7.978301e+00 4.935936e+01 4.635977e+01
   vertex 7.237870e+00 4.947336e+01 4.578437e+01
   vertex 7.582269e+00 4.942175e+01 4.633976e+01
  endloop
 endfacet
 facet normal 1.267296e-01 9.919270e-01 4.522187e-03
  outer loop
   vertex 6.178900e+00 4.961674e+01 4.517441e+01
   vertex 6.873239e+00 4.952533e+01 4.576627e+01
   vertex 6.513051e+00 4.957399e+01 4.518836e+01
  endloop
 endfacet
 facet normal 1.413453e-01 9.899489e-01 -4.753788e-03
  outer loop
   vertex 7.237870e+00 4.947336e+01 4.578437e+01
   vertex 6.513051e+00 4.957399e+01 4.518836e+01
   vertex 6.873239e+00 4.952533e+01 4.576627e+01
  endloop
 endfacet
 facet normal 1.271045e-01 9.918786e-01 -4.603613e-03
  outer loop
   vertex 5.804385e+00 4.966195e+01 4.457452e+01
   vertex 6.178900e+00 4.961674e+01 4.517441e+01
   vertex 6.513051e+00 4.957399e+01 4.518836e+01
  endloop
 endfacet
 facet normal 2.651842e-01 7.141323e-01 -6.478367e-01
  outer loop
   vertex -1.901792e+01 -4.591331e+01 4.430257e+01
   vertex -1.558962e+01 -4.729432e+01 4.418358e+01
   vertex -1.905667e+01 -4.600687e+01 4.418358e+01
  endloop
 endfacet
 facet normal 2.651886e-01 7.141428e-01 -6.478234e-01
  outer loop
   vertex -1.909542e+01 -4.610042e+01 4.406459e+01
   vertex -1.905667e+01 -4.600687e+01 4.418358e+01
   vertex -1.562132e+01 -4.739049e+01 4.406459e+01
  endloop
 endfacet
 facet normal 3.174559e-01 6.924866e-01 -6.478302e-01
  outer loop
   vertex -2.246419e+01 -4.455608e+01 4.406459e+01
   vertex -2.241860e+01 -4.446566e+01 4.418358e+01
   vertex -1.909542e+01 -4.610042e+01 4.406459e+01
  endloop
 endfacet
 facet normal 2.250713e-01 7.281445e-01 -6.474168e-01
  outer loop
   vertex -1.382233e+01 -4.786704e+01 4.415383e+01
   vertex -1.558962e+01 -4.729432e+01 4.418358e+01
   vertex -1.554964e+01 -4.720087e+01 4.430257e+01
  endloop
 endfacet
 facet normal 2.647699e-01 7.132063e-01 -6.490252e-01
  outer loop
   vertex -1.901792e+01 -4.591331e+01 4.430257e+01
   vertex -1.554964e+01 -4.720087e+01 4.430257e+01
   vertex -1.558962e+01 -4.729432e+01 4.418358e+01
  endloop
 endfacet
 facet normal 2.783012e-01 7.089461e-01 -6.480308e-01
  outer loop
   vertex -1.897917e+01 -4.581976e+01 4.442156e+01
   vertex -1.726831e+01 -4.651856e+01 4.439181e+01
   vertex -1.901792e+01 -4.591331e+01 4.430257e+01
  endloop
 endfacet
 facet normal 3.174540e-01 6.924816e-01 -6.478366e-01
  outer loop
   vertex -2.241860e+01 -4.446566e+01 4.418358e+01
   vertex -1.901792e+01 -4.591331e+01 4.430257e+01
   vertex -1.905667e+01 -4.600687e+01 4.418358e+01
  endloop
 endfacet
 facet normal 3.155656e-01 8.500337e-01 -4.217357e-01
  outer loop
   vertex -1.726831e+01 -4.651856e+01 4.439181e+01
   vertex -1.554964e+01 -4.720087e+01 4.430257e+01
   vertex -1.901792e+01 -4.591331e+01 4.430257e+01
  endloop
 endfacet
 facet normal 2.419854e-01 8.148560e-01 -5.267378e-01
  outer loop
   vertex -1.562132e+01 -4.739049e+01 4.406459e+01
   vertex -1.382233e+01 -4.786704e+01 4.415383e+01
   vertex -1.208554e+01 -4.851742e+01 4.394559e+01
  endloop
 endfacet
 facet normal 2.537957e-01 7.699395e-01 -5.854749e-01
  outer loop
   vertex -1.682396e+01 -4.708455e+01 4.394559e+01
   vertex -1.562132e+01 -4.739049e+01 4.406459e+01
   vertex -1.447249e+01 -4.785966e+01 4.394559e+01
  endloop
 endfacet
 facet normal 1.670681e-01 6.062788e-01 -7.775052e-01
  outer loop
   vertex -1.208554e+01 -4.851742e+01 4.394559e+01
   vertex -1.447249e+01 -4.785966e+01 4.394559e+01
   vertex -1.562132e+01 -4.739049e+01 4.406459e+01
  endloop
 endfacet
 facet normal 2.332326e-01 6.280866e-01 -7.423677e-01
  outer loop
   vertex -1.562132e+01 -4.739049e+01 4.406459e+01
   vertex -1.682396e+01 -4.708455e+01 4.394559e+01
   vertex -1.909542e+01 -4.610042e+01 4.406459e+01
  endloop
 endfacet
 facet normal 2.249022e-01 7.276543e-01 -6.480264e-01
  outer loop
   vertex -1.562132e+01 -4.739049e+01 4.406459e+01
   vertex -1.558962e+01 -4.729432e+01 4.418358e+01
   vertex -1.382233e+01 -4.786704e+01 4.415383e+01
  endloop
 endfacet
 facet normal 3.779251e-01 8.241994e-01 -4.217439e-01
  outer loop
   vertex -1.901792e+01 -4.591331e+01 4.430257e+01
   vertex -2.238080e+01 -4.437131e+01 4.430257e+01
   vertex -2.068305e+01 -4.510413e+01 4.439181e+01
  endloop
 endfacet
 facet normal 3.557214e-01 6.740126e-01 -6.474329e-01
  outer loop
   vertex -2.407325e+01 -4.362097e+01 4.415383e+01
   vertex -2.238080e+01 -4.437131e+01 4.430257e+01
   vertex -2.241860e+01 -4.446566e+01 4.418358e+01
  endloop
 endfacet
 facet normal 3.170871e-01 6.915206e-01 -6.490416e-01
  outer loop
   vertex -2.238080e+01 -4.437131e+01 4.430257e+01
   vertex -1.901792e+01 -4.591331e+01 4.430257e+01
   vertex -2.241860e+01 -4.446566e+01 4.418358e+01
  endloop
 endfacet
 facet normal 3.555012e-01 6.735604e-01 -6.480242e-01
  outer loop
   vertex -2.246419e+01 -4.455608e+01 4.406459e+01
   vertex -2.407325e+01 -4.362097e+01 4.415383e+01
   vertex -2.241860e+01 -4.446566e+01 4.418358e+01
  endloop
 endfacet
 facet normal 2.792050e-01 6.090475e-01 -7.423649e-01
  outer loop
   vertex -2.139747e+01 -4.519014e+01 4.394559e+01
   vertex -2.246419e+01 -4.455608e+01 4.406459e+01
   vertex -1.909542e+01 -4.610042e+01 4.406459e+01
  endloop
 endfacet
 facet normal 3.105743e-01 5.468497e-01 -7.774953e-01
  outer loop
   vertex -2.360829e+01 -4.407549e+01 4.394559e+01
   vertex -2.576123e+01 -4.285276e+01 4.394559e+01
   vertex -2.246419e+01 -4.455608e+01 4.406459e+01
  endloop
 endfacet
 facet normal 4.050793e-01 7.472960e-01 -5.267442e-01
  outer loop
   vertex -2.407325e+01 -4.362097e+01 4.415383e+01
   vertex -2.246419e+01 -4.455608e+01 4.406459e+01
   vertex -2.576123e+01 -4.285276e+01 4.394559e+01
  endloop
 endfacet
 facet normal 3.649730e-01 7.238968e-01 -5.854640e-01
  outer loop
   vertex -2.139747e+01 -4.519014e+01 4.394559e+01
   vertex -2.360829e+01 -4.407549e+01 4.394559e+01
   vertex -2.246419e+01 -4.455608e+01 4.406459e+01
  endloop
 endfacet
 facet normal 3.045128e-01 6.980889e-01 -6.480308e-01
  outer loop
   vertex -1.901792e+01 -4.591331e+01 4.430257e+01
   vertex -2.068305e+01 -4.510413e+01 4.439181e+01
   vertex -1.897917e+01 -4.581976e+01 4.442156e+01
  endloop
 endfacet
 facet normal 6.924816e-01 3.174540e-01 -6.478366e-01
  outer loop
   vertex -4.591331e+01 -1.901792e+01 4.430257e+01
   vertex -4.446566e+01 -2.241860e+01 4.418358e+01
   vertex -4.600687e+01 -1.905667e+01 4.418358e+01
  endloop
 endfacet
 facet normal 6.924915e-01 3.174586e-01 -6.478237e-01
  outer loop
   vertex -4.610042e+01 -1.909542e+01 4.406459e+01
   vertex -4.600687e+01 -1.905667e+01 4.418358e+01
   vertex -4.446566e+01 -2.241860e+01 4.418358e+01
  endloop
 endfacet
 facet normal 7.141358e-01 2.651854e-01 -6.478324e-01
  outer loop
   vertex -4.739049e+01 -1.562132e+01 4.406459e+01
   vertex -4.729432e+01 -1.558962e+01 4.418358e+01
   vertex -4.600687e+01 -1.905667e+01 4.418358e+01
  endloop
 endfacet
 facet normal 6.740126e-01 3.557214e-01 -6.474329e-01
  outer loop
   vertex -4.446566e+01 -2.241860e+01 4.418358e+01
   vertex -4.437131e+01 -2.238080e+01 4.430257e+01
   vertex -4.362097e+01 -2.407325e+01 4.415383e+01
  endloop
 endfacet
 facet normal 6.915206e-01 3.170871e-01 -6.490416e-01
  outer loop
   vertex -4.591331e+01 -1.901792e+01 4.430257e+01
   vertex -4.437131e+01 -2.238080e+01 4.430257e+01
   vertex -4.446566e+01 -2.241860e+01 4.418358e+01
  endloop
 endfacet
 facet normal 8.241994e-01 3.779251e-01 -4.217439e-01
  outer loop
   vertex -4.437131e+01 -2.238080e+01 4.430257e+01
   vertex -4.591331e+01 -1.901792e+01 4.430257e+01
   vertex -4.510413e+01 -2.068305e+01 4.439181e+01
  endloop
 endfacet
 facet normal 6.735604e-01 3.555012e-01 -6.480242e-01
  outer loop
   vertex -4.455608e+01 -2.246419e+01 4.406459e+01
   vertex -4.446566e+01 -2.241860e+01 4.418358e+01
   vertex -4.362097e+01 -2.407325e+01 4.415383e+01
  endloop
 endfacet
 facet normal 5.468497e-01 3.105743e-01 -7.774953e-01
  outer loop
   vertex -4.455608e+01 -2.246419e+01 4.406459e+01
   vertex -4.285276e+01 -2.576123e+01 4.394559e+01
   vertex -4.407549e+01 -2.360829e+01 4.394559e+01
  endloop
 endfacet
 facet normal 6.962465e-01 3.088070e-01 -6.479807e-01
  outer loop
   vertex -4.619398e+01 -1.913417e+01 4.394559e+01
   vertex -4.610042e+01 -1.909542e+01 4.406459e+01
   vertex -4.519014e+01 -2.139747e+01 4.394559e+01
  endloop
 endfacet
 facet normal 6.090475e-01 2.792050e-01 -7.423649e-01
  outer loop
   vertex -4.519014e+01 -2.139747e+01 4.394559e+01
   vertex -4.610042e+01 -1.909542e+01 4.406459e+01
   vertex -4.455608e+01 -2.246419e+01 4.406459e+01
  endloop
 endfacet
 facet normal 7.238968e-01 3.649730e-01 -5.854640e-01
  outer loop
   vertex -4.407549e+01 -2.360829e+01 4.394559e+01
   vertex -4.519014e+01 -2.139747e+01 4.394559e+01
   vertex -4.455608e+01 -2.246419e+01 4.406459e+01
  endloop
 endfacet
 facet normal 7.472960e-01 4.050793e-01 -5.267442e-01
  outer loop
   vertex -4.455608e+01 -2.246419e+01 4.406459e+01
   vertex -4.362097e+01 -2.407325e+01 4.415383e+01
   vertex -4.285276e+01 -2.576123e+01 4.394559e+01
  endloop
 endfacet
 facet normal 6.980889e-01 3.045128e-01 -6.480308e-01
  outer loop
   vertex -4.510413e+01 -2.068305e+01 4.439181e+01
   vertex -4.591331e+01 -1.901792e+01 4.430257e+01
   vertex -4.581976e+01 -1.897917e+01 4.442156e+01
  endloop
 endfacet
 facet normal 7.141323e-01 2.651842e-01 -6.478367e-01
  outer loop
   vertex -4.729432e+01 -1.558962e+01 4.418358e+01
   vertex -4.591331e+01 -1.901792e+01 4.430257e+01
   vertex -4.600687e+01 -1.905667e+01 4.418358e+01
  endloop
 endfacet
 facet normal 7.132063e-01 2.647699e-01 -6.490252e-01
  outer loop
   vertex -4.591331e+01 -1.901792e+01 4.430257e+01
   vertex -4.729432e+01 -1.558962e+01 4.418358e+01
   vertex -4.720087e+01 -1.554964e+01 4.430257e+01
  endloop
 endfacet
 facet normal 7.281445e-01 2.250713e-01 -6.474168e-01
  outer loop
   vertex -4.786704e+01 -1.382233e+01 4.415383e+01
   vertex -4.720087e+01 -1.554964e+01 4.430257e+01
   vertex -4.729432e+01 -1.558962e+01 4.418358e+01
  endloop
 endfacet
 facet normal 8.500337e-01 3.155656e-01 -4.217357e-01
  outer loop
   vertex -4.651856e+01 -1.726831e+01 4.439181e+01
   vertex -4.591331e+01 -1.901792e+01 4.430257e+01
   vertex -4.720087e+01 -1.554964e+01 4.430257e+01
  endloop
 endfacet
 facet normal 7.089461e-01 2.783012e-01 -6.480308e-01
  outer loop
   vertex -4.651856e+01 -1.726831e+01 4.439181e+01
   vertex -4.581976e+01 -1.897917e+01 4.442156e+01
   vertex -4.591331e+01 -1.901792e+01 4.430257e+01
  endloop
 endfacet
 facet normal 7.106801e-01 2.739612e-01 -6.479808e-01
  outer loop
   vertex -4.610042e+01 -1.909542e+01 4.406459e+01
   vertex -4.619398e+01 -1.913417e+01 4.394559e+01
   vertex -4.708455e+01 -1.682396e+01 4.394559e+01
  endloop
 endfacet
 facet normal 7.699395e-01 2.537957e-01 -5.854749e-01
  outer loop
   vertex -4.785966e+01 -1.447249e+01 4.394559e+01
   vertex -4.739049e+01 -1.562132e+01 4.406459e+01
   vertex -4.708455e+01 -1.682396e+01 4.394559e+01
  endloop
 endfacet
 facet normal 6.062788e-01 1.670681e-01 -7.775052e-01
  outer loop
   vertex -4.785966e+01 -1.447249e+01 4.394559e+01
   vertex -4.851742e+01 -1.208554e+01 4.394559e+01
   vertex -4.739049e+01 -1.562132e+01 4.406459e+01
  endloop
 endfacet
 facet normal 8.148560e-01 2.419854e-01 -5.267378e-01
  outer loop
   vertex -4.786704e+01 -1.382233e+01 4.415383e+01
   vertex -4.739049e+01 -1.562132e+01 4.406459e+01
   vertex -4.851742e+01 -1.208554e+01 4.394559e+01
  endloop
 endfacet
 facet normal 7.276543e-01 2.249022e-01 -6.480264e-01
  outer loop
   vertex -4.739049e+01 -1.562132e+01 4.406459e+01
   vertex -4.786704e+01 -1.382233e+01 4.415383e+01
   vertex -4.729432e+01 -1.558962e+01 4.418358e+01
  endloop
 endfacet
 facet normal 7.141323e-01 -2.651842e-01 -6.478367e-01
  outer loop
   vertex -4.591331e+01 1.901792e+01 4.430257e+01
   vertex -4.729432e+01 1.558962e+01 4.418358e+01
   vertex -4.600687e+01 1.905667e+01 4.418358e+01
  endloop
 endfacet
 facet normal 7.141428e-01 -2.651886e-01 -6.478234e-01
  outer loop
   vertex -4.610042e+01 1.909542e+01 4.406459e+01
   vertex -4.600687e+01 1.905667e+01 4.418358e+01
   vertex -4.739049e+01 1.562132e+01 4.406459e+01
  endloop
 endfacet
 facet normal 6.924866e-01 -3.174559e-01 -6.478302e-01
  outer loop
   vertex -4.455608e+01 2.246419e+01 4.406459e+01
   vertex -4.446566e+01 2.241860e+01 4.418358e+01
   vertex -4.610042e+01 1.909542e+01 4.406459e+01
  endloop
 endfacet
 facet normal 7.281445e-01 -2.250713e-01 -6.474168e-01
  outer loop
   vertex -4.729432e+01 1.558962e+01 4.418358e+01
   vertex -4.720087e+01 1.554964e+01 4.430257e+01
   vertex -4.786704e+01 1.382233e+01 4.415383e+01
  endloop
 endfacet
 facet normal 7.132063e-01 -2.647699e-01 -6.490252e-01
  outer loop
   vertex -4.591331e+01 1.901792e+01 4.430257e+01
   vertex -4.720087e+01 1.554964e+01 4.430257e+01
   vertex -4.729432e+01 1.558962e+01 4.418358e+01
  endloop
 endfacet
 facet normal 8.500337e-01 -3.155656e-01 -4.217357e-01
  outer loop
   vertex -4.720087e+01 1.554964e+01 4.430257e+01
   vertex -4.591331e+01 1.901792e+01 4.430257e+01
   vertex -4.651856e+01 1.726831e+01 4.439181e+01
  endloop
 endfacet
 facet normal 7.276543e-01 -2.249022e-01 -6.480264e-01
  outer loop
   vertex -4.739049e+01 1.562132e+01 4.406459e+01
   vertex -4.729432e+01 1.558962e+01 4.418358e+01
   vertex -4.786704e+01 1.382233e+01 4.415383e+01
  endloop
 endfacet
 facet normal 6.062788e-01 -1.670681e-01 -7.775052e-01
  outer loop
   vertex -4.739049e+01 1.562132e+01 4.406459e+01
   vertex -4.851742e+01 1.208554e+01 4.394559e+01
   vertex -4.785966e+01 1.447249e+01 4.394559e+01
  endloop
 endfacet
 facet normal 7.106801e-01 -2.739612e-01 -6.479808e-01
  outer loop
   vertex -4.619398e+01 1.913417e+01 4.394559e+01
   vertex -4.610042e+01 1.909542e+01 4.406459e+01
   vertex -4.708455e+01 1.682396e+01 4.394559e+01
  endloop
 endfacet
 facet normal 7.699395e-01 -2.537957e-01 -5.854749e-01
  outer loop
   vertex -4.785966e+01 1.447249e+01 4.394559e+01
   vertex -4.708455e+01 1.682396e+01 4.394559e+01
   vertex -4.739049e+01 1.562132e+01 4.406459e+01
  endloop
 endfacet
 facet normal 8.148560e-01 -2.419854e-01 -5.267378e-01
  outer loop
   vertex -4.739049e+01 1.562132e+01 4.406459e+01
   vertex -4.786704e+01 1.382233e+01 4.415383e+01
   vertex -4.851742e+01 1.208554e+01 4.394559e+01
  endloop
 endfacet
 facet normal 7.089461e-01 -2.783012e-01 -6.480308e-01
  outer loop
   vertex -4.651856e+01 1.726831e+01 4.439181e+01
   vertex -4.591331e+01 1.901792e+01 4.430257e+01
   vertex -4.581976e+01 1.897917e+01 4.442156e+01
  endloop
 endfacet
 facet normal 6.924816e-01 -3.174540e-01 -6.478366e-01
  outer loop
   vertex -4.446566e+01 2.241860e+01 4.418358e+01
   vertex -4.591331e+01 1.901792e+01 4.430257e+01
   vertex -4.600687e+01 1.905667e+01 4.418358e+01
  endloop
 endfacet
 facet normal 6.915206e-01 -3.170871e-01 -6.490416e-01
  outer loop
   vertex -4.591331e+01 1.901792e+01 4.430257e+01
   vertex -4.446566e+01 2.241860e+01 4.418358e+01
   vertex -4.437131e+01 2.238080e+01 4.430257e+01
  endloop
 endfacet
 facet normal 6.740126e-01 -3.557214e-01 -6.474329e-01
  outer loop
   vertex -4.362097e+01 2.407325e+01 4.415383e+01
   vertex -4.437131e+01 2.238080e+01 4.430257e+01
   vertex -4.446566e+01 2.241860e+01 4.418358e+01
  endloop
 endfacet
 facet normal 8.241994e-01 -3.779251e-01 -4.217439e-01
  outer loop
   vertex -4.510413e+01 2.068305e+01 4.439181e+01
   vertex -4.591331e+01 1.901792e+01 4.430257e+01
   vertex -4.437131e+01 2.238080e+01 4.430257e+01
  endloop
 endfacet
 facet normal 6.980889e-01 -3.045128e-01 -6.480308e-01
  outer loop
   vertex -4.510413e+01 2.068305e+01 4.439181e+01
   vertex -4.581976e+01 1.897917e+01 4.442156e+01
   vertex -4.591331e+01 1.901792e+01 4.430257e+01
  endloop
 endfacet
 facet normal 6.962465e-01 -3.088070e-01 -6.479807e-01
  outer loop
   vertex -4.610042e+01 1.909542e+01 4.406459e+01
   vertex -4.619398e+01 1.913417e+01 4.394559e+01
   vertex -4.519014e+01 2.139747e+01 4.394559e+01
  endloop
 endfacet
 facet normal 7.238968e-01 -3.649730e-01 -5.854640e-01
  outer loop
   vertex -4.407549e+01 2.360829e+01 4.394559e+01
   vertex -4.455608e+01 2.246419e+01 4.406459e+01
   vertex -4.519014e+01 2.139747e+01 4.394559e+01
  endloop
 endfacet
 facet normal 5.468497e-01 -3.105743e-01 -7.774953e-01
  outer loop
   vertex -4.407549e+01 2.360829e+01 4.394559e+01
   vertex -4.285276e+01 2.576123e+01 4.394559e+01
   vertex -4.455608e+01 2.246419e+01 4.406459e+01
  endloop
 endfacet
 facet normal 7.472960e-01 -4.050793e-01 -5.267442e-01
  outer loop
   vertex -4.362097e+01 2.407325e+01 4.415383e+01
   vertex -4.455608e+01 2.246419e+01 4.406459e+01
   vertex -4.285276e+01 2.576123e+01 4.394559e+01
  endloop
 endfacet
 facet normal 6.735604e-01 -3.555012e-01 -6.480242e-01
  outer loop
   vertex -4.455608e+01 2.246419e+01 4.406459e+01
   vertex -4.362097e+01 2.407325e+01 4.415383e+01
   vertex -4.446566e+01 2.241860e+01 4.418358e+01
  endloop
 endfacet
 facet normal -2.651842e-01 -7.141323e-01 -6.478367e-01
  outer loop
   vertex 1.901792e+01 4.591331e+01 4.430257e+01
   vertex 1.558962e+01 4.729432e+01 4.418358e+01
   vertex 1.905667e+01 4.600687e+01 4.418358e+01
  endloop
 endfacet
 facet normal -2.651886e-01 -7.141428e-01 -6.478234e-01
  outer loop
   vertex 1.909542e+01 4.610042e+01 4.406459e+01
   vertex 1.905667e+01 4.600687e+01 4.418358e+01
   vertex 1.562132e+01 4.739049e+01 4.406459e+01
  endloop
 endfacet
 facet normal -3.174559e-01 -6.924866e-01 -6.478302e-01
  outer loop
   vertex 2.246419e+01 4.455608e+01 4.406459e+01
   vertex 2.241860e+01 4.446566e+01 4.418358e+01
   vertex 1.909542e+01 4.610042e+01 4.406459e+01
  endloop
 endfacet
 facet normal -2.250713e-01 -7.281445e-01 -6.474168e-01
  outer loop
   vertex 1.382233e+01 4.786704e+01 4.415383e+01
   vertex 1.558962e+01 4.729432e+01 4.418358e+01
   vertex 1.554964e+01 4.720087e+01 4.430257e+01
  endloop
 endfacet
 facet normal -2.647699e-01 -7.132063e-01 -6.490252e-01
  outer loop
   vertex 1.901792e+01 4.591331e+01 4.430257e+01
   vertex 1.554964e+01 4.720087e+01 4.430257e+01
   vertex 1.558962e+01 4.729432e+01 4.418358e+01
  endloop
 endfacet
 facet normal -2.783012e-01 -7.089461e-01 -6.480308e-01
  outer loop
   vertex 1.901792e+01 4.591331e+01 4.430257e+01
   vertex 1.897917e+01 4.581976e+01 4.442156e+01
   vertex 1.726831e+01 4.651856e+01 4.439181e+01
  endloop
 endfacet
 facet normal -3.045128e-01 -6.980889e-01 -6.480308e-01
  outer loop
   vertex 2.068305e+01 4.510413e+01 4.439181e+01
   vertex 1.897917e+01 4.581976e+01 4.442156e+01
   vertex 1.901792e+01 4.591331e+01 4.430257e+01
  endloop
 endfacet
 facet normal -3.155656e-01 -8.500337e-01 -4.217357e-01
  outer loop
   vertex 1.554964e+01 4.720087e+01 4.430257e+01
   vertex 1.901792e+01 4.591331e+01 4.430257e+01
   vertex 1.726831e+01 4.651856e+01 4.439181e+01
  endloop
 endfacet
 facet normal -2.419854e-01 -8.148560e-01 -5.267378e-01
  outer loop
   vertex 1.562132e+01 4.739049e+01 4.406459e+01
   vertex 1.382233e+01 4.786704e+01 4.415383e+01
   vertex 1.208554e+01 4.851742e+01 4.394559e+01
  endloop
 endfacet
 facet normal -2.537957e-01 -7.699395e-01 -5.854749e-01
  outer loop
   vertex 1.682396e+01 4.708455e+01 4.394559e+01
   vertex 1.562132e+01 4.739049e+01 4.406459e+01
   vertex 1.447249e+01 4.785966e+01 4.394559e+01
  endloop
 endfacet
 facet normal -1.670681e-01 -6.062788e-01 -7.775052e-01
  outer loop
   vertex 1.208554e+01 4.851742e+01 4.394559e+01
   vertex 1.447249e+01 4.785966e+01 4.394559e+01
   vertex 1.562132e+01 4.739049e+01 4.406459e+01
  endloop
 endfacet
 facet normal -2.332326e-01 -6.280866e-01 -7.423677e-01
  outer loop
   vertex 1.562132e+01 4.739049e+01 4.406459e+01
   vertex 1.682396e+01 4.708455e+01 4.394559e+01
   vertex 1.909542e+01 4.610042e+01 4.406459e+01
  endloop
 endfacet
 facet normal -2.249022e-01 -7.276543e-01 -6.480264e-01
  outer loop
   vertex 1.562132e+01 4.739049e+01 4.406459e+01
   vertex 1.558962e+01 4.729432e+01 4.418358e+01
   vertex 1.382233e+01 4.786704e+01 4.415383e+01
  endloop
 endfacet
 facet normal -3.170871e-01 -6.915206e-01 -6.490416e-01
  outer loop
   vertex 1.901792e+01 4.591331e+01 4.430257e+01
   vertex 2.241860e+01 4.446566e+01 4.418358e+01
   vertex 2.238080e+01 4.437131e+01 4.430257e+01
  endloop
 endfacet
 facet normal -3.779251e-01 -8.241994e-01 -4.217439e-01
  outer loop
   vertex 2.068305e+01 4.510413e+01 4.439181e+01
   vertex 1.901792e+01 4.591331e+01 4.430257e+01
   vertex 2.238080e+01 4.437131e+01 4.430257e+01
  endloop
 endfacet
 facet normal -3.557214e-01 -6.740126e-01 -6.474329e-01
  outer loop
   vertex 2.407325e+01 4.362097e+01 4.415383e+01
   vertex 2.238080e+01 4.437131e+01 4.430257e+01
   vertex 2.241860e+01 4.446566e+01 4.418358e+01
  endloop
 endfacet
 facet normal -3.174540e-01 -6.924816e-01 -6.478366e-01
  outer loop
   vertex 1.901792e+01 4.591331e+01 4.430257e+01
   vertex 1.905667e+01 4.600687e+01 4.418358e+01
   vertex 2.241860e+01 4.446566e+01 4.418358e+01
  endloop
 endfacet
 facet normal -3.555012e-01 -6.735604e-01 -6.480242e-01
  outer loop
   vertex 2.407325e+01 4.362097e+01 4.415383e+01
   vertex 2.241860e+01 4.446566e+01 4.418358e+01
   vertex 2.246419e+01 4.455608e+01 4.406459e+01
  endloop
 endfacet
 facet normal -2.792050e-01 -6.090475e-01 -7.423649e-01
  outer loop
   vertex 2.139747e+01 4.519014e+01 4.394559e+01
   vertex 2.246419e+01 4.455608e+01 4.406459e+01
   vertex 1.909542e+01 4.610042e+01 4.406459e+01
  endloop
 endfacet
 facet normal -3.105743e-01 -5.468497e-01 -7.774953e-01
  outer loop
   vertex 2.360829e+01 4.407549e+01 4.394559e+01
   vertex 2.576123e+01 4.285276e+01 4.394559e+01
   vertex 2.246419e+01 4.455608e+01 4.406459e+01
  endloop
 endfacet
 facet normal -4.050793e-01 -7.472960e-01 -5.267442e-01
  outer loop
   vertex 2.407325e+01 4.362097e+01 4.415383e+01
   vertex 2.246419e+01 4.455608e+01 4.406459e+01
   vertex 2.576123e+01 4.285276e+01 4.394559e+01
  endloop
 endfacet
 facet normal -3.649730e-01 -7.238968e-01 -5.854640e-01
  outer loop
   vertex 2.139747e+01 4.519014e+01 4.394559e+01
   vertex 2.360829e+01 4.407549e+01 4.394559e+01
   vertex 2.246419e+01 4.455608e+01 4.406459e+01
  endloop
 endfacet
 facet normal -7.210515e-01 -2.452138e-01 -6.480392e-01
  outer loop
   vertex 4.750408e+01 1.527586e+01 4.406334e+01
   vertex 4.740869e+01 1.524519e+01 4.418108e+01
   vertex 4.696799e+01 1.685223e+01 4.406334e+01
  endloop
 endfacet
 facet normal -7.332113e-01 -2.847469e-01 -6.175114e-01
  outer loop
   vertex 4.642050e+01 1.751132e+01 4.439965e+01
   vertex 4.610786e+01 1.827963e+01 4.441658e+01
   vertex 4.687368e+01 1.681839e+01 4.418108e+01
  endloop
 endfacet
 facet normal -7.144274e-01 -2.626774e-01 -6.485323e-01
  outer loop
   vertex 4.672980e+01 1.674146e+01 4.437074e+01
   vertex 4.642050e+01 1.751132e+01 4.439965e+01
   vertex 4.687368e+01 1.681839e+01 4.418108e+01
  endloop
 endfacet
 facet normal -7.194355e-01 -2.510312e-01 -6.476078e-01
  outer loop
   vertex 4.703580e+01 1.596998e+01 4.432985e+01
   vertex 4.672980e+01 1.674146e+01 4.437074e+01
   vertex 4.687368e+01 1.681839e+01 4.418108e+01
  endloop
 endfacet
 facet normal -6.895007e-01 -2.634360e-01 -6.746779e-01
  outer loop
   vertex 4.696799e+01 1.685223e+01 4.406334e+01
   vertex 4.650823e+01 1.835714e+01 4.394559e+01
   vertex 4.690024e+01 1.733111e+01 4.394559e+01
  endloop
 endfacet
 facet normal -7.015204e-01 -2.385717e-01 -6.715301e-01
  outer loop
   vertex 4.696799e+01 1.685223e+01 4.406334e+01
   vertex 4.726962e+01 1.629671e+01 4.394559e+01
   vertex 4.750408e+01 1.527586e+01 4.406334e+01
  endloop
 endfacet
 facet normal -7.261343e-01 -2.593014e-01 -6.367824e-01
  outer loop
   vertex 4.690024e+01 1.733111e+01 4.394559e+01
   vertex 4.726962e+01 1.629671e+01 4.394559e+01
   vertex 4.696799e+01 1.685223e+01 4.406334e+01
  endloop
 endfacet
 facet normal -7.127198e-01 -2.684462e-01 -6.480487e-01
  outer loop
   vertex 4.650823e+01 1.835714e+01 4.394559e+01
   vertex 4.696799e+01 1.685223e+01 4.406334e+01
   vertex 4.687368e+01 1.681839e+01 4.418108e+01
  endloop
 endfacet
 facet normal -7.117199e-01 -2.683809e-01 -6.491737e-01
  outer loop
   vertex 4.687368e+01 1.681839e+01 4.418108e+01
   vertex 4.610786e+01 1.827963e+01 4.441658e+01
   vertex 4.650823e+01 1.835714e+01 4.394559e+01
  endloop
 endfacet
 facet normal -7.476879e-01 -2.506966e-01 -6.149097e-01
  outer loop
   vertex 4.733854e+01 1.519679e+01 4.427697e+01
   vertex 4.703580e+01 1.596998e+01 4.432985e+01
   vertex 4.687368e+01 1.681839e+01 4.418108e+01
  endloop
 endfacet
 facet normal -7.288789e-01 -2.208671e-01 -6.480380e-01
  outer loop
   vertex 4.793433e+01 1.364502e+01 4.413525e+01
   vertex 4.740869e+01 1.524519e+01 4.418108e+01
   vertex 4.750408e+01 1.527586e+01 4.406334e+01
  endloop
 endfacet
 facet normal -7.758501e-01 -2.381236e-01 -5.842549e-01
  outer loop
   vertex 4.740869e+01 1.524519e+01 4.418108e+01
   vertex 4.793433e+01 1.364502e+01 4.413525e+01
   vertex 4.763804e+01 1.442183e+01 4.421210e+01
  endloop
 endfacet
 facet normal -7.277836e-01 -2.271026e-01 -6.471132e-01
  outer loop
   vertex 4.733854e+01 1.519679e+01 4.427697e+01
   vertex 4.740869e+01 1.524519e+01 4.418108e+01
   vertex 4.763804e+01 1.442183e+01 4.421210e+01
  endloop
 endfacet
 facet normal -7.195150e-01 -2.446917e-01 -6.499417e-01
  outer loop
   vertex 4.733854e+01 1.519679e+01 4.427697e+01
   vertex 4.687368e+01 1.681839e+01 4.418108e+01
   vertex 4.740869e+01 1.524519e+01 4.418108e+01
  endloop
 endfacet
 facet normal -7.921287e-01 -2.338385e-01 -5.637833e-01
  outer loop
   vertex 4.822744e+01 1.286628e+01 4.404641e+01
   vertex 4.793433e+01 1.364502e+01 4.413525e+01
   vertex 4.750408e+01 1.527586e+01 4.406334e+01
  endloop
 endfacet
 facet normal -7.258518e-01 -2.237741e-01 -6.504340e-01
  outer loop
   vertex 4.793978e+01 1.420483e+01 4.394559e+01
   vertex 4.750408e+01 1.527586e+01 4.406334e+01
   vertex 4.761619e+01 1.525445e+01 4.394559e+01
  endloop
 endfacet
 facet normal -7.449938e-01 -1.942917e-01 -6.381496e-01
  outer loop
   vertex 4.851742e+01 1.208554e+01 4.394559e+01
   vertex 4.822744e+01 1.286628e+01 4.404641e+01
   vertex 4.824024e+01 1.314836e+01 4.394559e+01
  endloop
 endfacet
 facet normal -7.194260e-01 -2.046014e-01 -6.637503e-01
  outer loop
   vertex 4.793978e+01 1.420483e+01 4.394559e+01
   vertex 4.824024e+01 1.314836e+01 4.394559e+01
   vertex 4.822744e+01 1.286628e+01 4.404641e+01
  endloop
 endfacet
 facet normal -6.805982e-01 -1.993648e-01 -7.050105e-01
  outer loop
   vertex 4.793978e+01 1.420483e+01 4.394559e+01
   vertex 4.822744e+01 1.286628e+01 4.404641e+01
   vertex 4.750408e+01 1.527586e+01 4.406334e+01
  endloop
 endfacet
 facet normal -3.174540e-01 6.924816e-01 -6.478366e-01
  outer loop
   vertex 1.901792e+01 -4.591331e+01 4.430257e+01
   vertex 2.241860e+01 -4.446566e+01 4.418358e+01
   vertex 1.905667e+01 -4.600687e+01 4.418358e+01
  endloop
 endfacet
 facet normal -3.174586e-01 6.924915e-01 -6.478237e-01
  outer loop
   vertex 1.909542e+01 -4.610042e+01 4.406459e+01
   vertex 1.905667e+01 -4.600687e+01 4.418358e+01
   vertex 2.241860e+01 -4.446566e+01 4.418358e+01
  endloop
 endfacet
 facet normal -2.651854e-01 7.141358e-01 -6.478324e-01
  outer loop
   vertex 1.562132e+01 -4.739049e+01 4.406459e+01
   vertex 1.558962e+01 -4.729432e+01 4.418358e+01
   vertex 1.905667e+01 -4.600687e+01 4.418358e+01
  endloop
 endfacet
 facet normal -3.557214e-01 6.740126e-01 -6.474329e-01
  outer loop
   vertex 2.407325e+01 -4.362097e+01 4.415383e+01
   vertex 2.241860e+01 -4.446566e+01 4.418358e+01
   vertex 2.238080e+01 -4.437131e+01 4.430257e+01
  endloop
 endfacet
 facet normal -3.170871e-01 6.915206e-01 -6.490416e-01
  outer loop
   vertex 1.901792e+01 -4.591331e+01 4.430257e+01
   vertex 2.238080e+01 -4.437131e+01 4.430257e+01
   vertex 2.241860e+01 -4.446566e+01 4.418358e+01
  endloop
 endfacet
 facet normal -3.045128e-01 6.980889e-01 -6.480308e-01
  outer loop
   vertex 1.901792e+01 -4.591331e+01 4.430257e+01
   vertex 1.897917e+01 -4.581976e+01 4.442156e+01
   vertex 2.068305e+01 -4.510413e+01 4.439181e+01
  endloop
 endfacet
 facet normal -2.783012e-01 7.089461e-01 -6.480308e-01
  outer loop
   vertex 1.726831e+01 -4.651856e+01 4.439181e+01
   vertex 1.897917e+01 -4.581976e+01 4.442156e+01
   vertex 1.901792e+01 -4.591331e+01 4.430257e+01
  endloop
 endfacet
 facet normal -3.779251e-01 8.241994e-01 -4.217439e-01
  outer loop
   vertex 2.238080e+01 -4.437131e+01 4.430257e+01
   vertex 1.901792e+01 -4.591331e+01 4.430257e+01
   vertex 2.068305e+01 -4.510413e+01 4.439181e+01
  endloop
 endfacet
 facet normal -4.050793e-01 7.472960e-01 -5.267442e-01
  outer loop
   vertex 2.246419e+01 -4.455608e+01 4.406459e+01
   vertex 2.407325e+01 -4.362097e+01 4.415383e+01
   vertex 2.576123e+01 -4.285276e+01 4.394559e+01
  endloop
 endfacet
 facet normal -3.649730e-01 7.238968e-01 -5.854640e-01
  outer loop
   vertex 2.139747e+01 -4.519014e+01 4.394559e+01
   vertex 2.246419e+01 -4.455608e+01 4.406459e+01
   vertex 2.360829e+01 -4.407549e+01 4.394559e+01
  endloop
 endfacet
 facet normal -3.105743e-01 5.468497e-01 -7.774953e-01
  outer loop
   vertex 2.576123e+01 -4.285276e+01 4.394559e+01
   vertex 2.360829e+01 -4.407549e+01 4.394559e+01
   vertex 2.246419e+01 -4.455608e+01 4.406459e+01
  endloop
 endfacet
 facet normal -2.792050e-01 6.090475e-01 -7.423649e-01
  outer loop
   vertex 2.246419e+01 -4.455608e+01 4.406459e+01
   vertex 2.139747e+01 -4.519014e+01 4.394559e+01
   vertex 1.909542e+01 -4.610042e+01 4.406459e+01
  endloop
 endfacet
 facet normal -3.555012e-01 6.735604e-01 -6.480242e-01
  outer loop
   vertex 2.246419e+01 -4.455608e+01 4.406459e+01
   vertex 2.241860e+01 -4.446566e+01 4.418358e+01
   vertex 2.407325e+01 -4.362097e+01 4.415383e+01
  endloop
 endfacet
 facet normal -2.647699e-01 7.132063e-01 -6.490252e-01
  outer loop
   vertex 1.901792e+01 -4.591331e+01 4.430257e+01
   vertex 1.558962e+01 -4.729432e+01 4.418358e+01
   vertex 1.554964e+01 -4.720087e+01 4.430257e+01
  endloop
 endfacet
 facet normal -3.155656e-01 8.500337e-01 -4.217357e-01
  outer loop
   vertex 1.726831e+01 -4.651856e+01 4.439181e+01
   vertex 1.901792e+01 -4.591331e+01 4.430257e+01
   vertex 1.554964e+01 -4.720087e+01 4.430257e+01
  endloop
 endfacet
 facet normal -2.250713e-01 7.281445e-01 -6.474168e-01
  outer loop
   vertex 1.382233e+01 -4.786704e+01 4.415383e+01
   vertex 1.554964e+01 -4.720087e+01 4.430257e+01
   vertex 1.558962e+01 -4.729432e+01 4.418358e+01
  endloop
 endfacet
 facet normal -2.651842e-01 7.141323e-01 -6.478367e-01
  outer loop
   vertex 1.901792e+01 -4.591331e+01 4.430257e+01
   vertex 1.905667e+01 -4.600687e+01 4.418358e+01
   vertex 1.558962e+01 -4.729432e+01 4.418358e+01
  endloop
 endfacet
 facet normal -2.249022e-01 7.276543e-01 -6.480264e-01
  outer loop
   vertex 1.382233e+01 -4.786704e+01 4.415383e+01
   vertex 1.558962e+01 -4.729432e+01 4.418358e+01
   vertex 1.562132e+01 -4.739049e+01 4.406459e+01
  endloop
 endfacet
 facet normal -2.739612e-01 7.106801e-01 -6.479808e-01
  outer loop
   vertex 1.913417e+01 -4.619398e+01 4.394559e+01
   vertex 1.682396e+01 -4.708455e+01 4.394559e+01
   vertex 1.909542e+01 -4.610042e+01 4.406459e+01
  endloop
 endfacet
 facet normal -2.332326e-01 6.280866e-01 -7.423677e-01
  outer loop
   vertex 1.562132e+01 -4.739049e+01 4.406459e+01
   vertex 1.909542e+01 -4.610042e+01 4.406459e+01
   vertex 1.682396e+01 -4.708455e+01 4.394559e+01
  endloop
 endfacet
 facet normal -1.670681e-01 6.062788e-01 -7.775052e-01
  outer loop
   vertex 1.447249e+01 -4.785966e+01 4.394559e+01
   vertex 1.208554e+01 -4.851742e+01 4.394559e+01
   vertex 1.562132e+01 -4.739049e+01 4.406459e+01
  endloop
 endfacet
 facet normal -2.419854e-01 8.148560e-01 -5.267378e-01
  outer loop
   vertex 1.382233e+01 -4.786704e+01 4.415383e+01
   vertex 1.562132e+01 -4.739049e+01 4.406459e+01
   vertex 1.208554e+01 -4.851742e+01 4.394559e+01
  endloop
 endfacet
 facet normal -2.537957e-01 7.699395e-01 -5.854749e-01
  outer loop
   vertex 1.682396e+01 -4.708455e+01 4.394559e+01
   vertex 1.447249e+01 -4.785966e+01 4.394559e+01
   vertex 1.562132e+01 -4.739049e+01 4.406459e+01
  endloop
 endfacet
 facet normal 2.224252e-01 -7.283718e-01 -6.480753e-01
  outer loop
   vertex -1.408035e+01 4.789118e+01 4.404178e+01
   vertex -1.405727e+01 4.781264e+01 4.413797e+01
   vertex -1.507615e+01 4.758709e+01 4.404178e+01
  endloop
 endfacet
 facet normal 2.479116e-01 -7.363551e-01 -6.295403e-01
  outer loop
   vertex -1.549413e+01 4.722259e+01 4.429871e+01
   vertex -1.597818e+01 4.703257e+01 4.433034e+01
   vertex -1.505143e+01 4.750906e+01 4.413797e+01
  endloop
 endfacet
 facet normal 2.335603e-01 -7.246932e-01 -6.482819e-01
  outer loop
   vertex -1.500939e+01 4.741132e+01 4.426236e+01
   vertex -1.549413e+01 4.722259e+01 4.429871e+01
   vertex -1.505143e+01 4.750906e+01 4.413797e+01
  endloop
 endfacet
 facet normal 2.261402e-01 -7.273895e-01 -6.478928e-01
  outer loop
   vertex -1.452395e+01 4.759880e+01 4.422132e+01
   vertex -1.500939e+01 4.741132e+01 4.426236e+01
   vertex -1.505143e+01 4.750906e+01 4.413797e+01
  endloop
 endfacet
 facet normal 2.357152e-01 -7.144889e-01 -6.587442e-01
  outer loop
   vertex -1.507615e+01 4.758709e+01 4.404178e+01
   vertex -1.598636e+01 4.737548e+01 4.394559e+01
   vertex -1.534287e+01 4.758778e+01 4.394559e+01
  endloop
 endfacet
 facet normal 2.194443e-01 -7.186101e-01 -6.598816e-01
  outer loop
   vertex -1.507615e+01 4.758709e+01 4.404178e+01
   vertex -1.469656e+01 4.779133e+01 4.394559e+01
   vertex -1.408035e+01 4.789118e+01 4.404178e+01
  endloop
 endfacet
 facet normal 2.300377e-01 -7.304020e-01 -6.431140e-01
  outer loop
   vertex -1.534287e+01 4.758778e+01 4.394559e+01
   vertex -1.469656e+01 4.779133e+01 4.394559e+01
   vertex -1.507615e+01 4.758709e+01 4.404178e+01
  endloop
 endfacet
 facet normal 2.367613e-01 -7.238384e-01 -6.480757e-01
  outer loop
   vertex -1.598636e+01 4.737548e+01 4.394559e+01
   vertex -1.507615e+01 4.758709e+01 4.404178e+01
   vertex -1.505143e+01 4.750906e+01 4.413797e+01
  endloop
 endfacet
 facet normal 2.368465e-01 -7.227808e-01 -6.492239e-01
  outer loop
   vertex -1.505143e+01 4.750906e+01 4.413797e+01
   vertex -1.597818e+01 4.703257e+01 4.433034e+01
   vertex -1.598636e+01 4.737548e+01 4.394559e+01
  endloop
 endfacet
 facet normal 2.259467e-01 -7.442997e-01 -6.284633e-01
  outer loop
   vertex -1.452395e+01 4.759880e+01 4.422132e+01
   vertex -1.505143e+01 4.750906e+01 4.413797e+01
   vertex -1.403778e+01 4.778501e+01 4.417558e+01
  endloop
 endfacet
 facet normal 2.109301e-01 -7.317699e-01 -6.480905e-01
  outer loop
   vertex -1.355088e+01 4.796997e+01 4.412514e+01
   vertex -1.405727e+01 4.781264e+01 4.413797e+01
   vertex -1.408035e+01 4.789118e+01 4.404178e+01
  endloop
 endfacet
 facet normal 2.104254e-01 -7.476450e-01 -6.298794e-01
  outer loop
   vertex -1.408035e+01 4.789118e+01 4.404178e+01
   vertex -1.306322e+01 4.815369e+01 4.406999e+01
   vertex -1.355088e+01 4.796997e+01 4.412514e+01
  endloop
 endfacet
 facet normal 2.111118e-01 -7.323011e-01 -6.474310e-01
  outer loop
   vertex -1.403778e+01 4.778501e+01 4.417558e+01
   vertex -1.405727e+01 4.781264e+01 4.413797e+01
   vertex -1.355088e+01 4.796997e+01 4.412514e+01
  endloop
 endfacet
 facet normal 2.220892e-01 -7.272735e-01 -6.494225e-01
  outer loop
   vertex -1.403778e+01 4.778501e+01 4.417558e+01
   vertex -1.505143e+01 4.750906e+01 4.413797e+01
   vertex -1.405727e+01 4.781264e+01 4.413797e+01
  endloop
 endfacet
 facet normal 2.054630e-01 -7.255232e-01 -6.568113e-01
  outer loop
   vertex -1.339597e+01 4.817207e+01 4.394559e+01
   vertex -1.306322e+01 4.815369e+01 4.406999e+01
   vertex -1.408035e+01 4.789118e+01 4.404178e+01
  endloop
 endfacet
 facet normal 2.085482e-01 -7.307218e-01 -6.500410e-01
  outer loop
   vertex -1.339597e+01 4.817207e+01 4.394559e+01
   vertex -1.408035e+01 4.789118e+01 4.404178e+01
   vertex -1.404755e+01 4.798610e+01 4.394559e+01
  endloop
 endfacet
 facet normal 1.902733e-01 -7.423676e-01 -6.424067e-01
  outer loop
   vertex -1.208554e+01 4.851742e+01 4.394559e+01
   vertex -1.257477e+01 4.833617e+01 4.401014e+01
   vertex -1.274192e+01 4.834918e+01 4.394559e+01
  endloop
 endfacet
 facet normal 1.970554e-01 -7.276756e-01 -6.570063e-01
  outer loop
   vertex -1.339597e+01 4.817207e+01 4.394559e+01
   vertex -1.274192e+01 4.834918e+01 4.394559e+01
   vertex -1.257477e+01 4.833617e+01 4.401014e+01
  endloop
 endfacet
 facet normal 1.985662e-01 -7.416336e-01 -6.407426e-01
  outer loop
   vertex -1.339597e+01 4.817207e+01 4.394559e+01
   vertex -1.257477e+01 4.833617e+01 4.401014e+01
   vertex -1.306322e+01 4.815369e+01 4.406999e+01
  endloop
 endfacet
 facet normal 7.614778e-01 -1.498864e-02 -6.480177e-01
  outer loop
   vertex -4.825000e+01 2.954460e-15 4.600200e+01
   vertex -4.646398e+01 1.829866e+00 4.805840e+01
   vertex -4.650000e+01 2.847304e-15 4.805840e+01
  endloop
 endfacet
 facet normal 7.594554e-01 -7.497684e-02 -6.462244e-01
  outer loop
   vertex -4.812726e+01 3.439420e+00 4.600200e+01
   vertex -4.617617e+01 5.478262e+00 4.805840e+01
   vertex -4.635598e+01 3.656897e+00 4.805840e+01
  endloop
 endfacet
 facet normal 7.592596e-01 -4.488071e-02 -6.492385e-01
  outer loop
   vertex -4.812726e+01 3.439420e+00 4.600200e+01
   vertex -4.635598e+01 3.656897e+00 4.805840e+01
   vertex -4.646398e+01 1.829866e+00 4.805840e+01
  endloop
 endfacet
 facet normal 7.554958e-01 -2.696118e-02 -6.545985e-01
  outer loop
   vertex -4.997086e+01 1.706790e+00 4.394559e+01
   vertex -4.812726e+01 3.439420e+00 4.600200e+01
   vertex -4.825000e+01 2.954460e-15 4.600200e+01
  endloop
 endfacet
 facet normal 7.666402e-01 -2.735889e-02 -6.414938e-01
  outer loop
   vertex -4.812726e+01 3.439420e+00 4.600200e+01
   vertex -4.646398e+01 1.829866e+00 4.805840e+01
   vertex -4.825000e+01 2.954460e-15 4.600200e+01
  endloop
 endfacet
 facet normal 7.539455e-01 -1.349593e-01 -6.429247e-01
  outer loop
   vertex -4.714906e+01 1.024835e+01 4.600200e+01
   vertex -4.560233e+01 9.092725e+00 4.805840e+01
   vertex -4.592482e+01 7.291141e+00 4.805840e+01
  endloop
 endfacet
 facet normal 7.422059e-01 -1.632394e-01 -6.499872e-01
  outer loop
   vertex -4.520919e+01 1.088022e+01 4.805840e+01
   vertex -4.560233e+01 9.092725e+00 4.805840e+01
   vertex -4.714906e+01 1.024835e+01 4.600200e+01
  endloop
 endfacet
 facet normal 7.752811e-01 -1.113800e-01 -6.217183e-01
  outer loop
   vertex -4.714906e+01 1.024835e+01 4.600200e+01
   vertex -4.592482e+01 7.291141e+00 4.805840e+01
   vertex -4.812726e+01 3.439420e+00 4.600200e+01
  endloop
 endfacet
 facet normal 7.247342e-01 -1.041182e-01 -6.811166e-01
  outer loop
   vertex -4.862375e+01 8.422008e+00 4.471205e+01
   vertex -4.714906e+01 1.024835e+01 4.600200e+01
   vertex -4.812726e+01 3.439420e+00 4.600200e+01
  endloop
 endfacet
 facet normal 7.388999e-01 -1.932865e-01 -6.454977e-01
  outer loop
   vertex -4.629858e+01 1.358323e+01 4.600200e+01
   vertex -4.474601e+01 1.265086e+01 4.805840e+01
   vertex -4.520919e+01 1.088022e+01 4.805840e+01
  endloop
 endfacet
 facet normal 7.198210e-01 -2.502444e-01 -6.474840e-01
  outer loop
   vertex -4.521254e+01 1.684899e+01 4.600200e+01
   vertex -4.361253e+01 1.613064e+01 4.805840e+01
   vertex -4.421352e+01 1.440191e+01 4.805840e+01
  endloop
 endfacet
 facet normal 7.274518e-01 -2.212202e-01 -6.495194e-01
  outer loop
   vertex -4.629858e+01 1.358323e+01 4.600200e+01
   vertex -4.421352e+01 1.440191e+01 4.805840e+01
   vertex -4.474601e+01 1.265086e+01 4.805840e+01
  endloop
 endfacet
 facet normal 6.968112e-01 -3.055967e-01 -6.488951e-01
  outer loop
   vertex -4.294397e+01 1.783438e+01 4.805840e+01
   vertex -4.389648e+01 2.002903e+01 4.600200e+01
   vertex -4.220889e+01 1.951050e+01 4.805840e+01
  endloop
 endfacet
 facet normal 7.086210e-01 -2.780644e-01 -6.484878e-01
  outer loop
   vertex -4.521254e+01 1.684899e+01 4.600200e+01
   vertex -4.294397e+01 1.783438e+01 4.805840e+01
   vertex -4.361253e+01 1.613064e+01 4.805840e+01
  endloop
 endfacet
 facet normal 6.857825e-01 -3.335262e-01 -6.468869e-01
  outer loop
   vertex -4.140842e+01 2.115639e+01 4.805840e+01
   vertex -4.220889e+01 1.951050e+01 4.805840e+01
   vertex -4.389648e+01 2.002903e+01 4.600200e+01
  endloop
 endfacet
 facet normal 6.699866e-01 -3.591088e-01 -6.497375e-01
  outer loop
   vertex -4.054380e+01 2.276950e+01 4.805840e+01
   vertex -4.140842e+01 2.115639e+01 4.805840e+01
   vertex -4.235707e+01 2.310716e+01 4.600200e+01
  endloop
 endfacet
 facet normal 6.590191e-01 -3.873607e-01 -6.447057e-01
  outer loop
   vertex -3.961637e+01 2.434734e+01 4.805840e+01
   vertex -4.054380e+01 2.276950e+01 4.805840e+01
   vertex -4.235707e+01 2.310716e+01 4.600200e+01
  endloop
 endfacet
 facet normal 7.426359e-01 -1.893915e-01 -6.423571e-01
  outer loop
   vertex -4.714906e+01 1.024835e+01 4.600200e+01
   vertex -4.629858e+01 1.358323e+01 4.600200e+01
   vertex -4.520919e+01 1.088022e+01 4.805840e+01
  endloop
 endfacet
 facet normal 7.232425e-01 -1.844457e-01 -6.655073e-01
  outer loop
   vertex -4.743530e+01 1.174686e+01 4.527562e+01
   vertex -4.629858e+01 1.358323e+01 4.600200e+01
   vertex -4.714906e+01 1.024835e+01 4.600200e+01
  endloop
 endfacet
 facet normal 7.289554e-01 -1.025880e-01 -6.768306e-01
  outer loop
   vertex -4.918984e+01 6.765434e+00 4.435346e+01
   vertex -4.862375e+01 8.422008e+00 4.471205e+01
   vertex -4.812726e+01 3.439420e+00 4.600200e+01
  endloop
 endfacet
 facet normal 7.318458e-01 -1.946918e-01 -6.530673e-01
  outer loop
   vertex -4.629858e+01 1.358323e+01 4.600200e+01
   vertex -4.743530e+01 1.174686e+01 4.527562e+01
   vertex -4.679847e+01 1.345061e+01 4.548134e+01
  endloop
 endfacet
 facet normal 7.308248e-01 -2.254939e-01 -6.442418e-01
  outer loop
   vertex -4.614277e+01 1.515321e+01 4.562924e+01
   vertex -4.629858e+01 1.358323e+01 4.600200e+01
   vertex -4.679847e+01 1.345061e+01 4.548134e+01
  endloop
 endfacet
 facet normal 7.452943e-01 -1.416231e-01 -6.515208e-01
  outer loop
   vertex -4.862375e+01 8.422008e+00 4.471205e+01
   vertex -4.803910e+01 1.008240e+01 4.501992e+01
   vertex -4.714906e+01 1.024835e+01 4.600200e+01
  endloop
 endfacet
 facet normal 7.614990e-01 -1.300127e-02 -6.480357e-01
  outer loop
   vertex -5.000000e+01 3.061617e-15 4.394559e+01
   vertex -4.997086e+01 1.706790e+00 4.394559e+01
   vertex -4.825000e+01 2.954460e-15 4.600200e+01
  endloop
 endfacet
 facet normal 7.592550e-01 -6.496551e-02 -6.475426e-01
  outer loop
   vertex -4.988348e+01 3.411591e+00 4.394559e+01
   vertex -4.973795e+01 5.112415e+00 4.394559e+01
   vertex -4.812726e+01 3.439420e+00 4.600200e+01
  endloop
 endfacet
 facet normal 7.601103e-01 -3.896111e-02 -6.486250e-01
  outer loop
   vertex -4.812726e+01 3.439420e+00 4.600200e+01
   vertex -4.997086e+01 1.706790e+00 4.394559e+01
   vertex -4.988348e+01 3.411591e+00 4.394559e+01
  endloop
 endfacet
 facet normal 7.490371e-01 -8.628639e-02 -6.568851e-01
  outer loop
   vertex -4.973795e+01 5.112415e+00 4.394559e+01
   vertex -4.918984e+01 6.765434e+00 4.435346e+01
   vertex -4.812726e+01 3.439420e+00 4.600200e+01
  endloop
 endfacet
 facet normal 7.442733e-01 -1.708095e-01 -6.456635e-01
  outer loop
   vertex -4.743530e+01 1.174686e+01 4.527562e+01
   vertex -4.714906e+01 1.024835e+01 4.600200e+01
   vertex -4.803910e+01 1.008240e+01 4.501992e+01
  endloop
 endfacet
 facet normal 7.109060e-01 -2.789384e-01 -6.456052e-01
  outer loop
   vertex -4.546866e+01 1.685271e+01 4.571837e+01
   vertex -4.477677e+01 1.854715e+01 4.574815e+01
   vertex -4.521254e+01 1.684899e+01 4.600200e+01
  endloop
 endfacet
 facet normal 7.088725e-01 -2.933686e-01 -6.414317e-01
  outer loop
   vertex -4.521254e+01 1.684899e+01 4.600200e+01
   vertex -4.389648e+01 2.002903e+01 4.600200e+01
   vertex -4.294397e+01 1.783438e+01 4.805840e+01
  endloop
 endfacet
 facet normal 7.005533e-01 -3.056980e-01 -6.448053e-01
  outer loop
   vertex -4.406786e+01 2.023453e+01 4.571837e+01
   vertex -4.389648e+01 2.002903e+01 4.600200e+01
   vertex -4.477677e+01 1.854715e+01 4.574815e+01
  endloop
 endfacet
 facet normal 6.542477e-01 -3.271958e-01 -6.818379e-01
  outer loop
   vertex -4.334280e+01 2.191293e+01 4.562924e+01
   vertex -4.235707e+01 2.310716e+01 4.600200e+01
   vertex -4.389648e+01 2.002903e+01 4.600200e+01
  endloop
 endfacet
 facet normal 6.590174e-01 -3.906386e-01 -6.427266e-01
  outer loop
   vertex -3.961637e+01 2.434734e+01 4.805840e+01
   vertex -4.235707e+01 2.310716e+01 4.600200e+01
   vertex -4.060217e+01 2.606773e+01 4.600200e+01
  endloop
 endfacet
 facet normal 6.858794e-01 -3.430152e-01 -6.418021e-01
  outer loop
   vertex -4.389648e+01 2.002903e+01 4.600200e+01
   vertex -4.235707e+01 2.310716e+01 4.600200e+01
   vertex -4.140842e+01 2.115639e+01 4.805840e+01
  endloop
 endfacet
 facet normal 6.626060e-01 -2.742211e-01 -6.969620e-01
  outer loop
   vertex -4.521254e+01 1.684899e+01 4.600200e+01
   vertex -4.477677e+01 1.854715e+01 4.574815e+01
   vertex -4.389648e+01 2.002903e+01 4.600200e+01
  endloop
 endfacet
 facet normal 6.421627e-01 -3.806478e-01 -6.653829e-01
  outer loop
   vertex -4.060217e+01 2.606773e+01 4.600200e+01
   vertex -4.235707e+01 2.310716e+01 4.600200e+01
   vertex -4.184810e+01 2.523553e+01 4.527562e+01
  endloop
 endfacet
 facet normal 6.765112e-01 -3.574197e-01 -6.438818e-01
  outer loop
   vertex -4.235707e+01 2.310716e+01 4.600200e+01
   vertex -4.334280e+01 2.191293e+01 4.562924e+01
   vertex -4.260254e+01 2.358050e+01 4.548134e+01
  endloop
 endfacet
 facet normal 6.545818e-01 -3.796478e-01 -6.537508e-01
  outer loop
   vertex -4.235707e+01 2.310716e+01 4.600200e+01
   vertex -4.260254e+01 2.358050e+01 4.548134e+01
   vertex -4.184810e+01 2.523553e+01 4.527562e+01
  endloop
 endfacet
 facet normal 6.831074e-01 -3.297061e-01 -6.516580e-01
  outer loop
   vertex -4.334280e+01 2.191293e+01 4.562924e+01
   vertex -4.389648e+01 2.002903e+01 4.600200e+01
   vertex -4.406786e+01 2.023453e+01 4.571837e+01
  endloop
 endfacet
 facet normal 6.472604e-01 -4.058678e-01 -6.452328e-01
  outer loop
   vertex -4.184810e+01 2.523553e+01 4.527562e+01
   vertex -4.108064e+01 2.687634e+01 4.501339e+01
   vertex -4.060217e+01 2.606773e+01 4.600200e+01
  endloop
 endfacet
 facet normal 7.169372e-01 -2.502476e-01 -6.506744e-01
  outer loop
   vertex -4.614277e+01 1.515321e+01 4.562924e+01
   vertex -4.546866e+01 1.685271e+01 4.571837e+01
   vertex -4.521254e+01 1.684899e+01 4.600200e+01
  endloop
 endfacet
 facet normal 6.940169e-01 -2.307969e-01 -6.819628e-01
  outer loop
   vertex -4.614277e+01 1.515321e+01 4.562924e+01
   vertex -4.521254e+01 1.684899e+01 4.600200e+01
   vertex -4.629858e+01 1.358323e+01 4.600200e+01
  endloop
 endfacet
 facet normal 6.394687e-01 -4.105559e-01 -6.500182e-01
  outer loop
   vertex -4.060217e+01 2.606773e+01 4.600200e+01
   vertex -3.862757e+01 2.588747e+01 4.805840e+01
   vertex -3.961637e+01 2.434734e+01 4.805840e+01
  endloop
 endfacet
 facet normal 6.265140e-01 -4.379888e-01 -6.447061e-01
  outer loop
   vertex -3.864068e+01 2.889568e+01 4.600200e+01
   vertex -3.757893e+01 2.738748e+01 4.805840e+01
   vertex -3.862757e+01 2.588747e+01 4.805840e+01
  endloop
 endfacet
 facet normal 5.887064e-01 -4.847303e-01 -6.468859e-01
  outer loop
   vertex -3.648260e+01 3.157660e+01 4.600200e+01
   vertex -3.530871e+01 3.025798e+01 4.805840e+01
   vertex -3.647207e+01 2.884507e+01 4.805840e+01
  endloop
 endfacet
 facet normal 6.053917e-01 -4.597193e-01 -6.497377e-01
  outer loop
   vertex -3.864068e+01 2.889568e+01 4.600200e+01
   vertex -3.647207e+01 2.884507e+01 4.805840e+01
   vertex -3.757893e+01 2.738748e+01 4.805840e+01
  endloop
 endfacet
 facet normal 5.913100e-01 -4.759889e-01 -6.509893e-01
  outer loop
   vertex -3.954760e+01 3.003635e+01 4.434418e+01
   vertex -3.648260e+01 3.157660e+01 4.600200e+01
   vertex -3.864068e+01 2.889568e+01 4.600200e+01
  endloop
 endfacet
 facet normal 5.973731e-01 -4.808696e-01 -6.418020e-01
  outer loop
   vertex -3.648260e+01 3.157660e+01 4.600200e+01
   vertex -3.647207e+01 2.884507e+01 4.805840e+01
   vertex -3.864068e+01 2.889568e+01 4.600200e+01
  endloop
 endfacet
 facet normal 5.477820e-01 -5.285817e-01 -6.484876e-01
  outer loop
   vertex -3.413891e+01 3.409688e+01 4.600200e+01
   vertex -3.281977e+01 3.294104e+01 4.805840e+01
   vertex -3.409065e+01 3.162401e+01 4.805840e+01
  endloop
 endfacet
 facet normal 5.271481e-01 -5.503449e-01 -6.474838e-01
  outer loop
   vertex -3.149806e+01 3.420705e+01 4.805840e+01
   vertex -3.281977e+01 3.294104e+01 4.805840e+01
   vertex -3.413891e+01 3.409688e+01 4.600200e+01
  endloop
 endfacet
 facet normal 5.618024e-01 -5.224402e-01 -6.414315e-01
  outer loop
   vertex -3.648260e+01 3.157660e+01 4.600200e+01
   vertex -3.413891e+01 3.409688e+01 4.600200e+01
   vertex -3.409065e+01 3.162401e+01 4.805840e+01
  endloop
 endfacet
 facet normal 5.679001e-01 -5.063851e-01 -6.488942e-01
  outer loop
   vertex -3.648260e+01 3.157660e+01 4.600200e+01
   vertex -3.409065e+01 3.162401e+01 4.805840e+01
   vertex -3.530871e+01 3.025798e+01 4.805840e+01
  endloop
 endfacet
 facet normal 5.584089e-01 -5.144299e-01 -6.508006e-01
  outer loop
   vertex -3.648260e+01 3.157660e+01 4.600200e+01
   vertex -3.746004e+01 3.311715e+01 4.394559e+01
   vertex -3.607214e+01 3.462370e+01 4.394559e+01
  endloop
 endfacet
 facet normal 6.218108e-01 -4.312926e-01 -6.537109e-01
  outer loop
   vertex -4.060217e+01 2.606773e+01 4.600200e+01
   vertex -4.108064e+01 2.687634e+01 4.501339e+01
   vertex -3.864068e+01 2.889568e+01 4.600200e+01
  endloop
 endfacet
 facet normal 5.039328e-01 -5.693642e-01 -6.495199e-01
  outer loop
   vertex -3.162153e+01 3.644368e+01 4.600200e+01
   vertex -3.012755e+01 3.542006e+01 4.805840e+01
   vertex -3.149806e+01 3.420705e+01 4.805840e+01
  endloop
 endfacet
 facet normal 4.573563e-01 -6.069120e-01 -6.499870e-01
  outer loop
   vertex -2.894326e+01 3.860505e+01 4.600200e+01
   vertex -2.724870e+01 3.767968e+01 4.805840e+01
   vertex -2.871036e+01 3.657821e+01 4.805840e+01
  endloop
 endfacet
 facet normal 4.371913e-01 -6.286599e-01 -6.431566e-01
  outer loop
   vertex -2.724870e+01 3.767968e+01 4.805840e+01
   vertex -2.894326e+01 3.860505e+01 4.600200e+01
   vertex -2.611773e+01 4.057002e+01 4.600200e+01
  endloop
 endfacet
 facet normal 4.832996e-01 -5.913996e-01 -6.454983e-01
  outer loop
   vertex -3.162153e+01 3.644368e+01 4.600200e+01
   vertex -2.871036e+01 3.657821e+01 4.805840e+01
   vertex -3.012755e+01 3.542006e+01 4.805840e+01
  endloop
 endfacet
 facet normal 3.842813e-01 -6.593344e-01 -6.462244e-01
  outer loop
   vertex -2.261981e+01 4.062750e+01 4.805840e+01
   vertex -2.420107e+01 3.970590e+01 4.805840e+01
   vertex -2.315933e+01 4.232857e+01 4.600200e+01
  endloop
 endfacet
 facet normal 3.287398e-01 -6.823254e-01 -6.529641e-01
  outer loop
   vertex -2.006733e+01 4.256729e+01 4.740000e+01
   vertex -1.935469e+01 4.228056e+01 4.805840e+01
   vertex -2.100352e+01 4.148617e+01 4.805840e+01
  endloop
 endfacet
 facet normal 3.568356e-01 -6.716828e-01 -6.492385e-01
  outer loop
   vertex -2.315933e+01 4.232857e+01 4.600200e+01
   vertex -2.100352e+01 4.148617e+01 4.805840e+01
   vertex -2.261981e+01 4.062750e+01 4.805840e+01
  endloop
 endfacet
 facet normal 4.082518e-01 -6.410683e-01 -6.498938e-01
  outer loop
   vertex -2.611773e+01 4.057002e+01 4.600200e+01
   vertex -2.420107e+01 3.970590e+01 4.805840e+01
   vertex -2.574482e+01 3.872279e+01 4.805840e+01
  endloop
 endfacet
 facet normal 5.230263e-01 -5.610444e-01 -6.416173e-01
  outer loop
   vertex -3.413891e+01 3.409688e+01 4.600200e+01
   vertex -3.162153e+01 3.644368e+01 4.600200e+01
   vertex -3.149806e+01 3.420705e+01 4.805840e+01
  endloop
 endfacet
 facet normal 3.427421e-01 -6.870069e-01 -6.407413e-01
  outer loop
   vertex -2.006733e+01 4.256729e+01 4.740000e+01
   vertex -2.100352e+01 4.148617e+01 4.805840e+01
   vertex -2.315933e+01 4.232857e+01 4.600200e+01
  endloop
 endfacet
 facet normal 6.195780e-01 -4.258091e-01 -6.594010e-01
  outer loop
   vertex -4.030117e+01 2.850170e+01 4.469621e+01
   vertex -3.864068e+01 2.889568e+01 4.600200e+01
   vertex -4.108064e+01 2.687634e+01 4.501339e+01
  endloop
 endfacet
 facet normal 5.907828e-01 -4.689575e-01 -6.565474e-01
  outer loop
   vertex -3.878506e+01 3.155502e+01 4.394559e+01
   vertex -3.648260e+01 3.157660e+01 4.600200e+01
   vertex -3.954760e+01 3.003635e+01 4.434418e+01
  endloop
 endfacet
 facet normal 6.154575e-01 -4.505506e-01 -6.466964e-01
  outer loop
   vertex -3.864068e+01 2.889568e+01 4.600200e+01
   vertex -4.030117e+01 2.850170e+01 4.469621e+01
   vertex -3.954760e+01 3.003635e+01 4.434418e+01
  endloop
 endfacet
 facet normal 5.819046e-01 -4.935796e-01 -6.463484e-01
  outer loop
   vertex -3.878506e+01 3.155502e+01 4.394559e+01
   vertex -3.746004e+01 3.311715e+01 4.394559e+01
   vertex -3.648260e+01 3.157660e+01 4.600200e+01
  endloop
 endfacet
 facet normal 5.161440e-01 -5.536619e-01 -6.534936e-01
  outer loop
   vertex -3.413891e+01 3.409688e+01 4.600200e+01
   vertex -3.462370e+01 3.607214e+01 4.394559e+01
   vertex -3.162153e+01 3.644368e+01 4.600200e+01
  endloop
 endfacet
 facet normal 4.935052e-01 -5.818169e-01 -6.464842e-01
  outer loop
   vertex -3.162153e+01 3.644368e+01 4.600200e+01
   vertex -3.311715e+01 3.746004e+01 4.394559e+01
   vertex -3.155502e+01 3.878506e+01 4.394559e+01
  endloop
 endfacet
 facet normal 5.398626e-01 -5.398626e-01 -6.458303e-01
  outer loop
   vertex -3.607214e+01 3.462370e+01 4.394559e+01
   vertex -3.462370e+01 3.607214e+01 4.394559e+01
   vertex -3.413891e+01 3.409688e+01 4.600200e+01
  endloop
 endfacet
 facet normal 4.688614e-01 -5.903541e-01 -6.570015e-01
  outer loop
   vertex -3.155502e+01 3.878506e+01 4.394559e+01
   vertex -3.003635e+01 3.954760e+01 4.434418e+01
   vertex -3.162153e+01 3.644368e+01 4.600200e+01
  endloop
 endfacet
 facet normal 4.300351e-01 -6.183696e-01 -6.577909e-01
  outer loop
   vertex -2.611773e+01 4.057002e+01 4.600200e+01
   vertex -2.894326e+01 3.860505e+01 4.600200e+01
   vertex -2.850170e+01 4.030117e+01 4.469621e+01
  endloop
 endfacet
 facet normal 3.483814e-01 -6.693183e-01 -6.562343e-01
  outer loop
   vertex -2.315933e+01 4.232857e+01 4.600200e+01
   vertex -2.191293e+01 4.334280e+01 4.562924e+01
   vertex -2.006733e+01 4.256729e+01 4.740000e+01
  endloop
 endfacet
 facet normal 3.338044e-01 -6.847746e-01 -6.478104e-01
  outer loop
   vertex -2.062055e+01 4.390287e+01 4.570315e+01
   vertex -2.006733e+01 4.256729e+01 4.740000e+01
   vertex -2.191293e+01 4.334280e+01 4.562924e+01
  endloop
 endfacet
 facet normal 3.813299e-01 -6.415099e-01 -6.656219e-01
  outer loop
   vertex -2.523553e+01 4.184810e+01 4.527562e+01
   vertex -2.315933e+01 4.232857e+01 4.600200e+01
   vertex -2.611773e+01 4.057002e+01 4.600200e+01
  endloop
 endfacet
 facet normal 3.917405e-01 -6.590236e-01 -6.420493e-01
  outer loop
   vertex -2.315933e+01 4.232857e+01 4.600200e+01
   vertex -2.420107e+01 3.970590e+01 4.805840e+01
   vertex -2.611773e+01 4.057002e+01 4.600200e+01
  endloop
 endfacet
 facet normal 3.572191e-01 -6.759115e-01 -6.446225e-01
  outer loop
   vertex -2.315933e+01 4.232857e+01 4.600200e+01
   vertex -2.358050e+01 4.260254e+01 4.548134e+01
   vertex -2.191293e+01 4.334280e+01 4.562924e+01
  endloop
 endfacet
 facet normal 4.505129e-01 -6.152971e-01 -6.468753e-01
  outer loop
   vertex -2.894326e+01 3.860505e+01 4.600200e+01
   vertex -3.003635e+01 3.954760e+01 4.434418e+01
   vertex -2.850170e+01 4.030117e+01 4.469621e+01
  endloop
 endfacet
 facet normal 4.057920e-01 -6.469888e-01 -6.455527e-01
  outer loop
   vertex -2.611773e+01 4.057002e+01 4.600200e+01
   vertex -2.687634e+01 4.108064e+01 4.501339e+01
   vertex -2.523553e+01 4.184810e+01 4.527562e+01
  endloop
 endfacet
 facet normal 3.799961e-01 -6.557095e-01 -6.524170e-01
  outer loop
   vertex -2.315933e+01 4.232857e+01 4.600200e+01
   vertex -2.523553e+01 4.184810e+01 4.527562e+01
   vertex -2.358050e+01 4.260254e+01 4.548134e+01
  endloop
 endfacet
 facet normal 4.276055e-01 -6.264622e-01 -6.516890e-01
  outer loop
   vertex -2.687634e+01 4.108064e+01 4.501339e+01
   vertex -2.611773e+01 4.057002e+01 4.600200e+01
   vertex -2.850170e+01 4.030117e+01 4.469621e+01
  endloop
 endfacet
 facet normal 4.769675e-01 -5.910339e-01 -6.505235e-01
  outer loop
   vertex -3.162153e+01 3.644368e+01 4.600200e+01
   vertex -3.003635e+01 3.954760e+01 4.434418e+01
   vertex -2.894326e+01 3.860505e+01 4.600200e+01
  endloop
 endfacet
 facet normal 4.813128e-01 -5.964184e-01 -6.423574e-01
  outer loop
   vertex -2.894326e+01 3.860505e+01 4.600200e+01
   vertex -2.871036e+01 3.657821e+01 4.805840e+01
   vertex -3.162153e+01 3.644368e+01 4.600200e+01
  endloop
 endfacet
 facet normal 6.294949e-01 -4.366224e-01 -6.427262e-01
  outer loop
   vertex -3.862757e+01 2.588747e+01 4.805840e+01
   vertex -4.060217e+01 2.606773e+01 4.600200e+01
   vertex -3.864068e+01 2.889568e+01 4.600200e+01
  endloop
 endfacet
 facet normal -8.825990e-01 -3.655819e-01 2.955824e-01
  outer loop
   vertex 4.416887e+01 1.337136e+01 3.753143e+01
   vertex 4.363093e+01 1.432009e+01 3.709856e+01
   vertex 3.464001e+01 1.434836e+01 1.028695e+01
  endloop
 endfacet
 facet normal -8.825974e-01 -3.655862e-01 2.955818e-01
  outer loop
   vertex 4.310292e+01 1.547469e+01 3.695000e+01
   vertex 3.464001e+01 1.434836e+01 1.028695e+01
   vertex 4.363093e+01 1.432009e+01 3.709856e+01
  endloop
 endfacet
 facet normal -8.825981e-01 -3.655843e-01 2.955820e-01
  outer loop
   vertex 4.973795e+01 5.112415e+00 4.394559e+01
   vertex 4.416887e+01 1.337136e+01 3.753143e+01
   vertex 3.464001e+01 1.434836e+01 1.028695e+01
  endloop
 endfacet
 facet normal -8.825980e-01 -3.655720e-01 2.955976e-01
  outer loop
   vertex 4.467043e+01 1.271022e+01 3.821134e+01
   vertex 4.416887e+01 1.337136e+01 3.753143e+01
   vertex 4.973795e+01 5.112415e+00 4.394559e+01
  endloop
 endfacet
 facet normal -8.825981e-01 -3.655843e-01 2.955821e-01
  outer loop
   vertex 4.200591e+01 1.914296e+01 3.821134e+01
   vertex 4.190784e+01 2.008182e+01 3.907974e+01
   vertex 3.878506e+01 3.155502e+01 4.394559e+01
  endloop
 endfacet
 facet normal -8.825983e-01 -3.655838e-01 2.955820e-01
  outer loop
   vertex 3.464001e+01 1.434836e+01 1.028695e+01
   vertex 4.310292e+01 1.547469e+01 3.695000e+01
   vertex 4.263033e+01 1.673574e+01 3.709856e+01
  endloop
 endfacet
 facet normal -8.825986e-01 -3.655830e-01 2.955820e-01
  outer loop
   vertex 3.464001e+01 1.434836e+01 1.028695e+01
   vertex 4.263033e+01 1.673574e+01 3.709856e+01
   vertex 4.225385e+01 1.799463e+01 3.753143e+01
  endloop
 endfacet
 facet normal -8.825983e-01 -3.655837e-01 2.955821e-01
  outer loop
   vertex 3.464001e+01 1.434836e+01 1.028695e+01
   vertex 4.225385e+01 1.799463e+01 3.753143e+01
   vertex 4.200591e+01 1.914296e+01 3.821134e+01
  endloop
 endfacet
 facet normal -8.825981e-01 -3.655843e-01 2.955821e-01
  outer loop
   vertex 3.878506e+01 3.155502e+01 4.394559e+01
   vertex 3.464001e+01 1.434836e+01 1.028695e+01
   vertex 4.200591e+01 1.914296e+01 3.821134e+01
  endloop
 endfacet
 facet normal -8.825980e-01 -3.655830e-01 2.955837e-01
  outer loop
   vertex 4.973795e+01 5.112415e+00 4.394559e+01
   vertex 4.539846e+01 1.244876e+01 4.006184e+01
   vertex 4.509241e+01 1.239360e+01 3.907974e+01
  endloop
 endfacet
 facet normal -8.825983e-01 -3.655839e-01 2.955820e-01
  outer loop
   vertex 4.957399e+01 6.513051e+00 4.518836e+01
   vertex 4.973795e+01 5.112415e+00 4.394559e+01
   vertex 5.319540e+01 3.668434e-01 4.840000e+01
  endloop
 endfacet
 facet normal -8.825982e-01 -3.655843e-01 2.955816e-01
  outer loop
   vertex 4.973795e+01 5.112415e+00 4.394559e+01
   vertex 4.862375e+01 8.422008e+00 4.471205e+01
   vertex 4.539846e+01 1.244876e+01 4.006184e+01
  endloop
 endfacet
 facet normal -8.825982e-01 -3.655848e-01 2.955811e-01
  outer loop
   vertex 4.539846e+01 1.244876e+01 4.006184e+01
   vertex 4.862375e+01 8.422008e+00 4.471205e+01
   vertex 4.556224e+01 1.287096e+01 4.107306e+01
  endloop
 endfacet
 facet normal -8.825983e-01 -3.655837e-01 2.955822e-01
  outer loop
   vertex 3.464001e+01 1.434836e+01 1.028695e+01
   vertex 5.319540e+01 3.668434e-01 4.840000e+01
   vertex 4.973795e+01 5.112415e+00 4.394559e+01
  endloop
 endfacet
 facet normal -8.825983e-01 -3.655870e-01 2.955781e-01
  outer loop
   vertex 4.467043e+01 1.271022e+01 3.821134e+01
   vertex 4.973795e+01 5.112415e+00 4.394559e+01
   vertex 4.509241e+01 1.239360e+01 3.907974e+01
  endloop
 endfacet
 facet normal -8.825981e-01 -3.655836e-01 2.955829e-01
  outer loop
   vertex 4.743530e+01 1.174686e+01 4.527562e+01
   vertex 4.556963e+01 1.362383e+01 4.202632e+01
   vertex 4.862375e+01 8.422008e+00 4.471205e+01
  endloop
 endfacet
 facet normal -8.825983e-01 -3.655840e-01 2.955819e-01
  outer loop
   vertex 5.319540e+01 3.668434e-01 4.840000e+01
   vertex 4.935936e+01 7.978301e+00 4.635977e+01
   vertex 4.957399e+01 6.513051e+00 4.518836e+01
  endloop
 endfacet
 facet normal -8.825980e-01 -3.655839e-01 2.955827e-01
  outer loop
   vertex 4.542001e+01 1.464255e+01 4.283952e+01
   vertex 4.556963e+01 1.362383e+01 4.202632e+01
   vertex 4.743530e+01 1.174686e+01 4.527562e+01
  endloop
 endfacet
 facet normal -8.825982e-01 -3.655843e-01 2.955817e-01
  outer loop
   vertex 4.556963e+01 1.362383e+01 4.202632e+01
   vertex 4.556224e+01 1.287096e+01 4.107306e+01
   vertex 4.862375e+01 8.422008e+00 4.471205e+01
  endloop
 endfacet
 facet normal -8.825982e-01 -3.655838e-01 2.955824e-01
  outer loop
   vertex 4.908847e+01 9.503825e+00 4.743769e+01
   vertex 4.935936e+01 7.978301e+00 4.635977e+01
   vertex 5.319540e+01 3.668434e-01 4.840000e+01
  endloop
 endfacet
 facet normal -8.825976e-01 -3.655845e-01 2.955832e-01
  outer loop
   vertex 4.218153e+01 2.103273e+01 4.107306e+01
   vertex 3.878506e+01 3.155502e+01 4.394559e+01
   vertex 4.196811e+01 2.073036e+01 4.006184e+01
  endloop
 endfacet
 facet normal -8.825982e-01 -3.655841e-01 2.955819e-01
  outer loop
   vertex 4.030117e+01 2.850170e+01 4.469621e+01
   vertex 4.218153e+01 2.103273e+01 4.107306e+01
   vertex 4.184810e+01 2.523553e+01 4.527562e+01
  endloop
 endfacet
 facet normal -8.825978e-01 -3.655844e-01 2.955827e-01
  outer loop
   vertex 4.218153e+01 2.103273e+01 4.107306e+01
   vertex 4.030117e+01 2.850170e+01 4.469621e+01
   vertex 3.878506e+01 3.155502e+01 4.394559e+01
  endloop
 endfacet
 facet normal -8.825985e-01 -3.655840e-01 2.955811e-01
  outer loop
   vertex 4.190784e+01 2.008182e+01 3.907974e+01
   vertex 4.196811e+01 2.073036e+01 4.006184e+01
   vertex 3.878506e+01 3.155502e+01 4.394559e+01
  endloop
 endfacet
 facet normal -8.825981e-01 -3.655841e-01 2.955821e-01
  outer loop
   vertex 4.054385e+01 2.926083e+01 4.635977e+01
   vertex 3.787423e+01 3.735543e+01 4.840000e+01
   vertex 3.965952e+01 3.044868e+01 4.518836e+01
  endloop
 endfacet
 facet normal -8.825982e-01 -3.655841e-01 2.955820e-01
  outer loop
   vertex 3.878506e+01 3.155502e+01 4.394559e+01
   vertex 3.965952e+01 3.044868e+01 4.518836e+01
   vertex 3.787423e+01 3.735543e+01 4.840000e+01
  endloop
 endfacet
 facet normal -8.825977e-01 -3.655842e-01 2.955832e-01
  outer loop
   vertex 3.787423e+01 3.735543e+01 4.840000e+01
   vertex 4.054385e+01 2.926083e+01 4.635977e+01
   vertex 4.143101e+01 2.799057e+01 4.743769e+01
  endloop
 endfacet
 facet normal -8.825988e-01 -3.655843e-01 2.955798e-01
  outer loop
   vertex 3.787423e+01 3.735543e+01 4.840000e+01
   vertex 4.143101e+01 2.799057e+01 4.743769e+01
   vertex 4.231395e+01 2.663699e+01 4.840000e+01
  endloop
 endfacet
 facet normal -8.825982e-01 -3.655840e-01 2.955820e-01
  outer loop
   vertex 3.787423e+01 3.735543e+01 4.840000e+01
   vertex 3.464001e+01 1.434836e+01 1.028695e+01
   vertex 3.878506e+01 3.155502e+01 4.394559e+01
  endloop
 endfacet
 facet normal -8.825988e-01 -3.655834e-01 2.955811e-01
  outer loop
   vertex 4.252970e+01 2.096289e+01 4.202632e+01
   vertex 4.184810e+01 2.523553e+01 4.527562e+01
   vertex 4.218153e+01 2.103273e+01 4.107306e+01
  endloop
 endfacet
 facet normal -8.825980e-01 -3.655843e-01 2.955822e-01
  outer loop
   vertex 4.743530e+01 1.174686e+01 4.527562e+01
   vertex 4.614277e+01 1.515321e+01 4.562924e+01
   vertex 4.542001e+01 1.464255e+01 4.283952e+01
  endloop
 endfacet
 facet normal -8.825982e-01 -3.655840e-01 2.955821e-01
  outer loop
   vertex 4.450802e+01 1.919246e+01 4.574380e+01
   vertex 4.334280e+01 2.191293e+01 4.562924e+01
   vertex 4.298265e+01 2.052686e+01 4.283952e+01
  endloop
 endfacet
 facet normal -8.825976e-01 -3.655850e-01 2.955826e-01
  outer loop
   vertex 4.252970e+01 2.096289e+01 4.202632e+01
   vertex 4.298265e+01 2.052686e+01 4.283952e+01
   vertex 4.334280e+01 2.191293e+01 4.562924e+01
  endloop
 endfacet
 facet normal -8.825982e-01 -3.655840e-01 2.955822e-01
  outer loop
   vertex 4.497766e+01 1.806016e+01 4.574568e+01
   vertex 4.542001e+01 1.464255e+01 4.283952e+01
   vertex 4.614277e+01 1.515321e+01 4.562924e+01
  endloop
 endfacet
 facet normal -8.825980e-01 -3.655843e-01 2.955824e-01
  outer loop
   vertex 4.252970e+01 2.096289e+01 4.202632e+01
   vertex 4.334280e+01 2.191293e+01 4.562924e+01
   vertex 4.184810e+01 2.523553e+01 4.527562e+01
  endloop
 endfacet
 facet normal -8.825987e-01 -3.655842e-01 2.955803e-01
  outer loop
   vertex 5.319540e+01 3.668434e-01 4.840000e+01
   vertex 4.875568e+01 1.108529e+01 4.840000e+01
   vertex 4.908847e+01 9.503825e+00 4.743769e+01
  endloop
 endfacet
 facet normal -3.655846e-01 -8.825979e-01 2.955821e-01
  outer loop
   vertex 2.523553e+01 4.184810e+01 4.527562e+01
   vertex 1.930431e+01 3.533670e+01 1.849688e+01
   vertex 2.687634e+01 4.108064e+01 4.501339e+01
  endloop
 endfacet
 facet normal -3.655835e-01 -8.825984e-01 2.955819e-01
  outer loop
   vertex 1.930431e+01 3.533670e+01 1.849688e+01
   vertex 2.850170e+01 4.030117e+01 4.469621e+01
   vertex 2.687634e+01 4.108064e+01 4.501339e+01
  endloop
 endfacet
 facet normal -3.655830e-01 -8.825986e-01 2.955821e-01
  outer loop
   vertex 2.023453e+01 4.406786e+01 4.571837e+01
   vertex 1.930431e+01 3.533670e+01 1.849688e+01
   vertex 2.191293e+01 4.334280e+01 4.562924e+01
  endloop
 endfacet
 facet normal -3.655840e-01 -8.825982e-01 2.955821e-01
  outer loop
   vertex 3.003635e+01 3.954760e+01 4.434418e+01
   vertex 2.850170e+01 4.030117e+01 4.469621e+01
   vertex 1.930431e+01 3.533670e+01 1.849688e+01
  endloop
 endfacet
 facet normal -3.655843e-01 -8.825981e-01 2.955821e-01
  outer loop
   vertex 1.930431e+01 3.533670e+01 1.849688e+01
   vertex 2.523553e+01 4.184810e+01 4.527562e+01
   vertex 2.358050e+01 4.260254e+01 4.548134e+01
  endloop
 endfacet
 facet normal -3.655847e-01 -8.825998e-01 2.955763e-01
  outer loop
   vertex 3.735543e+01 3.787423e+01 4.840000e+01
   vertex 2.663699e+01 4.231395e+01 4.840000e+01
   vertex 2.732425e+01 4.187345e+01 4.793468e+01
  endloop
 endfacet
 facet normal -3.655844e-01 -8.825980e-01 2.955821e-01
  outer loop
   vertex 2.191293e+01 4.334280e+01 4.562924e+01
   vertex 1.930431e+01 3.533670e+01 1.849688e+01
   vertex 2.358050e+01 4.260254e+01 4.548134e+01
  endloop
 endfacet
 facet normal -3.655842e-01 -8.825981e-01 2.955821e-01
  outer loop
   vertex 1.685271e+01 4.546866e+01 4.571837e+01
   vertex 1.133661e+01 3.863703e+01 1.849688e+01
   vertex 1.930431e+01 3.533670e+01 1.849688e+01
  endloop
 endfacet
 facet normal -3.655841e-01 -8.825982e-01 2.955820e-01
  outer loop
   vertex 3.044868e+01 3.965952e+01 4.518836e+01
   vertex 3.101198e+01 3.922062e+01 4.457452e+01
   vertex 3.735543e+01 3.787423e+01 4.840000e+01
  endloop
 endfacet
 facet normal -3.655840e-01 -8.825982e-01 2.955820e-01
  outer loop
   vertex 1.930431e+01 3.533670e+01 1.849688e+01
   vertex 3.735543e+01 3.787423e+01 4.840000e+01
   vertex 3.155502e+01 3.878506e+01 4.394559e+01
  endloop
 endfacet
 facet normal -3.655840e-01 -8.825982e-01 2.955820e-01
  outer loop
   vertex 3.101198e+01 3.922062e+01 4.457452e+01
   vertex 3.155502e+01 3.878506e+01 4.394559e+01
   vertex 3.735543e+01 3.787423e+01 4.840000e+01
  endloop
 endfacet
 facet normal -3.655851e-01 -8.825976e-01 2.955824e-01
  outer loop
   vertex 1.930431e+01 3.533670e+01 1.849688e+01
   vertex 3.155502e+01 3.878506e+01 4.394559e+01
   vertex 3.003635e+01 3.954760e+01 4.434418e+01
  endloop
 endfacet
 facet normal -3.655843e-01 -8.825982e-01 2.955819e-01
  outer loop
   vertex 3.735543e+01 3.787423e+01 4.840000e+01
   vertex 2.799057e+01 4.143101e+01 4.743769e+01
   vertex 2.863606e+01 4.098751e+01 4.691179e+01
  endloop
 endfacet
 facet normal -3.655838e-01 -8.825991e-01 2.955797e-01
  outer loop
   vertex 3.735543e+01 3.787423e+01 4.840000e+01
   vertex 2.926083e+01 4.054385e+01 4.635977e+01
   vertex 2.986500e+01 4.010089e+01 4.578437e+01
  endloop
 endfacet
 facet normal -3.655848e-01 -8.825972e-01 2.955840e-01
  outer loop
   vertex 3.735543e+01 3.787423e+01 4.840000e+01
   vertex 2.986500e+01 4.010089e+01 4.578437e+01
   vertex 3.044868e+01 3.965952e+01 4.518836e+01
  endloop
 endfacet
 facet normal -3.655844e-01 -8.825973e-01 2.955843e-01
  outer loop
   vertex 2.926083e+01 4.054385e+01 4.635977e+01
   vertex 3.735543e+01 3.787423e+01 4.840000e+01
   vertex 2.863606e+01 4.098751e+01 4.691179e+01
  endloop
 endfacet
 facet normal -3.655842e-01 -8.825979e-01 2.955826e-01
  outer loop
   vertex 2.732425e+01 4.187345e+01 4.793468e+01
   vertex 2.799057e+01 4.143101e+01 4.743769e+01
   vertex 3.735543e+01 3.787423e+01 4.840000e+01
  endloop
 endfacet
 facet normal -3.655831e-01 -8.825983e-01 2.955828e-01
  outer loop
   vertex 3.668434e-01 5.319540e+01 4.840000e+01
   vertex 5.112415e+00 4.973795e+01 4.394559e+01
   vertex 5.804385e+00 4.966195e+01 4.457452e+01
  endloop
 endfacet
 facet normal -3.655857e-01 -8.825977e-01 2.955816e-01
  outer loop
   vertex 6.765434e+00 4.918984e+01 4.435346e+01
   vertex 1.133661e+01 3.863703e+01 1.849688e+01
   vertex 8.422008e+00 4.862375e+01 4.471205e+01
  endloop
 endfacet
 facet normal -3.655837e-01 -8.825983e-01 2.955821e-01
  outer loop
   vertex 1.133661e+01 3.863703e+01 1.849688e+01
   vertex 1.008240e+01 4.803910e+01 4.501992e+01
   vertex 8.422008e+00 4.862375e+01 4.471205e+01
  endloop
 endfacet
 facet normal -3.655839e-01 -8.825983e-01 2.955820e-01
  outer loop
   vertex 7.237870e+00 4.947336e+01 4.578437e+01
   vertex 3.668434e-01 5.319540e+01 4.840000e+01
   vertex 6.513051e+00 4.957399e+01 4.518836e+01
  endloop
 endfacet
 facet normal -3.655845e-01 -8.825984e-01 2.955810e-01
  outer loop
   vertex 5.804385e+00 4.966195e+01 4.457452e+01
   vertex 6.513051e+00 4.957399e+01 4.518836e+01
   vertex 3.668434e-01 5.319540e+01 4.840000e+01
  endloop
 endfacet
 facet normal -3.655840e-01 -8.825983e-01 2.955817e-01
  outer loop
   vertex 3.668434e-01 5.319540e+01 4.840000e+01
   vertex 7.237870e+00 4.947336e+01 4.578437e+01
   vertex 7.978301e+00 4.935936e+01 4.635977e+01
  endloop
 endfacet
 facet normal -3.655833e-01 -8.825979e-01 2.955838e-01
  outer loop
   vertex 3.668434e-01 5.319540e+01 4.840000e+01
   vertex 7.978301e+00 4.935936e+01 4.635977e+01
   vertex 8.733800e+00 4.923130e+01 4.691179e+01
  endloop
 endfacet
 facet normal -3.655841e-01 -8.825986e-01 2.955807e-01
  outer loop
   vertex 8.733800e+00 4.923130e+01 4.691179e+01
   vertex 9.503825e+00 4.908847e+01 4.743769e+01
   vertex 3.668434e-01 5.319540e+01 4.840000e+01
  endloop
 endfacet
 facet normal -3.655837e-01 -8.825983e-01 2.955821e-01
  outer loop
   vertex 3.668434e-01 5.319540e+01 4.840000e+01
   vertex 1.133661e+01 3.863703e+01 1.849688e+01
   vertex 5.112415e+00 4.973795e+01 4.394559e+01
  endloop
 endfacet
 facet normal -3.655832e-01 -8.825985e-01 2.955820e-01
  outer loop
   vertex 1.515321e+01 4.614277e+01 4.562924e+01
   vertex 1.133661e+01 3.863703e+01 1.849688e+01
   vertex 1.685271e+01 4.546866e+01 4.571837e+01
  endloop
 endfacet
 facet normal -3.655841e-01 -8.825982e-01 2.955820e-01
  outer loop
   vertex 2.023453e+01 4.406786e+01 4.571837e+01
   vertex 1.854715e+01 4.477677e+01 4.574815e+01
   vertex 1.930431e+01 3.533670e+01 1.849688e+01
  endloop
 endfacet
 facet normal -3.655855e-01 -8.825977e-01 2.955818e-01
  outer loop
   vertex 1.854715e+01 4.477677e+01 4.574815e+01
   vertex 1.685271e+01 4.546866e+01 4.571837e+01
   vertex 1.930431e+01 3.533670e+01 1.849688e+01
  endloop
 endfacet
 facet normal -3.655829e-01 -8.825987e-01 2.955820e-01
  outer loop
   vertex 1.515321e+01 4.614277e+01 4.562924e+01
   vertex 1.345061e+01 4.679847e+01 4.548134e+01
   vertex 1.133661e+01 3.863703e+01 1.849688e+01
  endloop
 endfacet
 facet normal -3.655844e-01 -8.825991e-01 2.955789e-01
  outer loop
   vertex 3.668434e-01 5.319540e+01 4.840000e+01
   vertex 1.028784e+01 4.893016e+01 4.793468e+01
   vertex 1.108529e+01 4.875568e+01 4.840000e+01
  endloop
 endfacet
 facet normal -3.655840e-01 -8.825984e-01 2.955814e-01
  outer loop
   vertex 1.028784e+01 4.893016e+01 4.793468e+01
   vertex 3.668434e-01 5.319540e+01 4.840000e+01
   vertex 9.503825e+00 4.908847e+01 4.743769e+01
  endloop
 endfacet
 facet normal -3.655857e-01 -8.825976e-01 2.955819e-01
  outer loop
   vertex 1.174686e+01 4.743530e+01 4.527562e+01
   vertex 1.133661e+01 3.863703e+01 1.849688e+01
   vertex 1.345061e+01 4.679847e+01 4.548134e+01
  endloop
 endfacet
 facet normal -3.655835e-01 -8.825984e-01 2.955821e-01
  outer loop
   vertex 1.133661e+01 3.863703e+01 1.849688e+01
   vertex 1.174686e+01 4.743530e+01 4.527562e+01
   vertex 1.008240e+01 4.803910e+01 4.501992e+01
  endloop
 endfacet
 facet normal -3.655830e-01 -8.825985e-01 2.955824e-01
  outer loop
   vertex 5.112415e+00 4.973795e+01 4.394559e+01
   vertex 1.133661e+01 3.863703e+01 1.849688e+01
   vertex 6.765434e+00 4.918984e+01 4.435346e+01
  endloop
 endfacet
 facet normal 3.655841e-01 -8.825982e-01 2.955820e-01
  outer loop
   vertex -1.690273e+01 3.953015e+01 2.804806e+01
   vertex -1.434836e+01 3.464001e+01 1.028695e+01
   vertex -5.112415e+00 4.973795e+01 4.394559e+01
  endloop
 endfacet
 facet normal 3.655843e-01 -8.825980e-01 2.955822e-01
  outer loop
   vertex -3.155502e+01 3.878506e+01 4.394559e+01
   vertex -1.690273e+01 3.953015e+01 2.804806e+01
   vertex -2.308616e+01 4.035670e+01 3.816393e+01
  endloop
 endfacet
 facet normal 3.655844e-01 -8.825980e-01 2.955821e-01
  outer loop
   vertex -1.690273e+01 3.953015e+01 2.804806e+01
   vertex -1.583064e+01 4.271856e+01 3.624254e+01
   vertex -1.738108e+01 4.196163e+01 3.590000e+01
  endloop
 endfacet
 facet normal 3.655832e-01 -8.825984e-01 2.955824e-01
  outer loop
   vertex -1.690273e+01 3.953015e+01 2.804806e+01
   vertex -1.459737e+01 4.355608e+01 3.721802e+01
   vertex -1.583064e+01 4.271856e+01 3.624254e+01
  endloop
 endfacet
 facet normal 3.655852e-01 -8.825977e-01 2.955821e-01
  outer loop
   vertex -1.738108e+01 4.196163e+01 3.590000e+01
   vertex -1.883441e+01 4.146183e+01 3.620513e+01
   vertex -1.690273e+01 3.953015e+01 2.804806e+01
  endloop
 endfacet
 facet normal 3.655841e-01 -8.825982e-01 2.955821e-01
  outer loop
   vertex -1.459737e+01 4.355608e+01 3.721802e+01
   vertex -1.690273e+01 3.953015e+01 2.804806e+01
   vertex -5.112415e+00 4.973795e+01 4.394559e+01
  endloop
 endfacet
 facet normal 3.655832e-01 -8.825985e-01 2.955823e-01
  outer loop
   vertex -2.139862e+01 4.115848e+01 3.847083e+01
   vertex -2.155099e+01 4.116472e+01 3.867793e+01
   vertex -2.308616e+01 4.035670e+01 3.816393e+01
  endloop
 endfacet
 facet normal 3.655832e-01 -8.825985e-01 2.955822e-01
  outer loop
   vertex -2.207136e+01 4.152590e+01 4.040000e+01
   vertex -2.308616e+01 4.035670e+01 3.816393e+01
   vertex -2.155099e+01 4.116472e+01 3.867793e+01
  endloop
 endfacet
 facet normal 3.655842e-01 -8.825981e-01 2.955820e-01
  outer loop
   vertex -3.155502e+01 3.878506e+01 4.394559e+01
   vertex -1.434836e+01 3.464001e+01 1.028695e+01
   vertex -1.690273e+01 3.953015e+01 2.804806e+01
  endloop
 endfacet
 facet normal 3.655846e-01 -8.825981e-01 2.955815e-01
  outer loop
   vertex -6.765434e+00 4.918984e+01 4.435346e+01
   vertex -1.375644e+01 4.497005e+01 4.040000e+01
   vertex -1.386901e+01 4.434671e+01 3.867793e+01
  endloop
 endfacet
 facet normal 3.655831e-01 -8.825981e-01 2.955833e-01
  outer loop
   vertex -1.386901e+01 4.434671e+01 3.867793e+01
   vertex -5.112415e+00 4.973795e+01 4.394559e+01
   vertex -6.765434e+00 4.918984e+01 4.435346e+01
  endloop
 endfacet
 facet normal 3.655831e-01 -8.825983e-01 2.955828e-01
  outer loop
   vertex -3.668434e-01 5.319540e+01 4.840000e+01
   vertex -5.804385e+00 4.966195e+01 4.457452e+01
   vertex -5.112415e+00 4.973795e+01 4.394559e+01
  endloop
 endfacet
 facet normal 3.655856e-01 -8.825983e-01 2.955800e-01
  outer loop
   vertex -6.765434e+00 4.918984e+01 4.435346e+01
   vertex -8.422008e+00 4.862375e+01 4.471205e+01
   vertex -1.375644e+01 4.497005e+01 4.040000e+01
  endloop
 endfacet
 facet normal 3.655830e-01 -8.825981e-01 2.955835e-01
  outer loop
   vertex -1.459737e+01 4.355608e+01 3.721802e+01
   vertex -5.112415e+00 4.973795e+01 4.394559e+01
   vertex -1.386901e+01 4.434671e+01 3.867793e+01
  endloop
 endfacet
 facet normal 3.655837e-01 -8.825983e-01 2.955823e-01
  outer loop
   vertex -1.375644e+01 4.497005e+01 4.040000e+01
   vertex -8.422008e+00 4.862375e+01 4.471205e+01
   vertex -1.008240e+01 4.803910e+01 4.501992e+01
  endloop
 endfacet
 facet normal 3.655839e-01 -8.825983e-01 2.955820e-01
  outer loop
   vertex -7.237870e+00 4.947336e+01 4.578437e+01
   vertex -6.513051e+00 4.957399e+01 4.518836e+01
   vertex -3.668434e-01 5.319540e+01 4.840000e+01
  endloop
 endfacet
 facet normal 3.655845e-01 -8.825984e-01 2.955810e-01
  outer loop
   vertex -5.804385e+00 4.966195e+01 4.457452e+01
   vertex -3.668434e-01 5.319540e+01 4.840000e+01
   vertex -6.513051e+00 4.957399e+01 4.518836e+01
  endloop
 endfacet
 facet normal 3.655840e-01 -8.825983e-01 2.955817e-01
  outer loop
   vertex -7.978301e+00 4.935936e+01 4.635977e+01
   vertex -7.237870e+00 4.947336e+01 4.578437e+01
   vertex -3.668434e-01 5.319540e+01 4.840000e+01
  endloop
 endfacet
 facet normal 3.655833e-01 -8.825979e-01 2.955838e-01
  outer loop
   vertex -3.668434e-01 5.319540e+01 4.840000e+01
   vertex -8.733800e+00 4.923130e+01 4.691179e+01
   vertex -7.978301e+00 4.935936e+01 4.635977e+01
  endloop
 endfacet
 facet normal 3.655835e-01 -8.825983e-01 2.955825e-01
  outer loop
   vertex -1.174686e+01 4.743530e+01 4.527562e+01
   vertex -1.375644e+01 4.497005e+01 4.040000e+01
   vertex -1.008240e+01 4.803910e+01 4.501992e+01
  endloop
 endfacet
 facet normal 3.655837e-01 -8.825983e-01 2.955822e-01
  outer loop
   vertex -1.434836e+01 3.464001e+01 1.028695e+01
   vertex -3.668434e-01 5.319540e+01 4.840000e+01
   vertex -5.112415e+00 4.973795e+01 4.394559e+01
  endloop
 endfacet
 facet normal 3.655836e-01 -8.825985e-01 2.955817e-01
  outer loop
   vertex -2.850170e+01 4.030117e+01 4.469621e+01
   vertex -2.308616e+01 4.035670e+01 3.816393e+01
   vertex -2.687634e+01 4.108064e+01 4.501339e+01
  endloop
 endfacet
 facet normal 3.655845e-01 -8.825978e-01 2.955826e-01
  outer loop
   vertex -2.523553e+01 4.184810e+01 4.527562e+01
   vertex -2.687634e+01 4.108064e+01 4.501339e+01
   vertex -2.207136e+01 4.152590e+01 4.040000e+01
  endloop
 endfacet
 facet normal 3.655838e-01 -8.825984e-01 2.955818e-01
  outer loop
   vertex -2.687634e+01 4.108064e+01 4.501339e+01
   vertex -2.308616e+01 4.035670e+01 3.816393e+01
   vertex -2.207136e+01 4.152590e+01 4.040000e+01
  endloop
 endfacet
 facet normal 3.655842e-01 -8.825980e-01 2.955824e-01
  outer loop
   vertex -2.523553e+01 4.184810e+01 4.527562e+01
   vertex -2.207136e+01 4.152590e+01 4.040000e+01
   vertex -2.358050e+01 4.260254e+01 4.548134e+01
  endloop
 endfacet
 facet normal 3.655840e-01 -8.825982e-01 2.955821e-01
  outer loop
   vertex -2.850170e+01 4.030117e+01 4.469621e+01
   vertex -3.003635e+01 3.954760e+01 4.434418e+01
   vertex -2.308616e+01 4.035670e+01 3.816393e+01
  endloop
 endfacet
 facet normal 3.655841e-01 -8.825982e-01 2.955820e-01
  outer loop
   vertex -3.044868e+01 3.965952e+01 4.518836e+01
   vertex -3.735543e+01 3.787423e+01 4.840000e+01
   vertex -3.155502e+01 3.878506e+01 4.394559e+01
  endloop
 endfacet
 facet normal 3.655840e-01 -8.825982e-01 2.955820e-01
  outer loop
   vertex -1.434836e+01 3.464001e+01 1.028695e+01
   vertex -3.155502e+01 3.878506e+01 4.394559e+01
   vertex -3.735543e+01 3.787423e+01 4.840000e+01
  endloop
 endfacet
 facet normal 3.655841e-01 -8.825981e-01 2.955821e-01
  outer loop
   vertex -2.926083e+01 4.054385e+01 4.635977e+01
   vertex -3.735543e+01 3.787423e+01 4.840000e+01
   vertex -3.044868e+01 3.965952e+01 4.518836e+01
  endloop
 endfacet
 facet normal 3.655842e-01 -8.825977e-01 2.955832e-01
  outer loop
   vertex -3.735543e+01 3.787423e+01 4.840000e+01
   vertex -2.926083e+01 4.054385e+01 4.635977e+01
   vertex -2.799057e+01 4.143101e+01 4.743769e+01
  endloop
 endfacet
 facet normal 3.655843e-01 -8.825988e-01 2.955798e-01
  outer loop
   vertex -3.735543e+01 3.787423e+01 4.840000e+01
   vertex -2.799057e+01 4.143101e+01 4.743769e+01
   vertex -2.663699e+01 4.231395e+01 4.840000e+01
  endloop
 endfacet
 facet normal 3.655849e-01 -8.825975e-01 2.955831e-01
  outer loop
   vertex -3.003635e+01 3.954760e+01 4.434418e+01
   vertex -3.155502e+01 3.878506e+01 4.394559e+01
   vertex -2.308616e+01 4.035670e+01 3.816393e+01
  endloop
 endfacet
 facet normal 3.655857e-01 -8.825978e-01 2.955813e-01
  outer loop
   vertex -1.174686e+01 4.743530e+01 4.527562e+01
   vertex -1.345061e+01 4.679847e+01 4.548134e+01
   vertex -1.375644e+01 4.497005e+01 4.040000e+01
  endloop
 endfacet
 facet normal 3.655840e-01 -8.825984e-01 2.955814e-01
  outer loop
   vertex -3.668434e-01 5.319540e+01 4.840000e+01
   vertex -1.028784e+01 4.893016e+01 4.793468e+01
   vertex -9.503825e+00 4.908847e+01 4.743769e+01
  endloop
 endfacet
 facet normal 3.655841e-01 -8.825986e-01 2.955807e-01
  outer loop
   vertex -3.668434e-01 5.319540e+01 4.840000e+01
   vertex -9.503825e+00 4.908847e+01 4.743769e+01
   vertex -8.733800e+00 4.923130e+01 4.691179e+01
  endloop
 endfacet
 facet normal 3.655832e-01 -8.825986e-01 2.955818e-01
  outer loop
   vertex -1.515321e+01 4.614277e+01 4.562924e+01
   vertex -1.594887e+01 4.582962e+01 4.567830e+01
   vertex -1.375644e+01 4.497005e+01 4.040000e+01
  endloop
 endfacet
 facet normal 3.655829e-01 -8.825987e-01 2.955818e-01
  outer loop
   vertex -1.375644e+01 4.497005e+01 4.040000e+01
   vertex -1.345061e+01 4.679847e+01 4.548134e+01
   vertex -1.515321e+01 4.614277e+01 4.562924e+01
  endloop
 endfacet
 facet normal 3.655826e-01 -8.825988e-01 2.955820e-01
  outer loop
   vertex -1.999263e+01 4.238694e+01 4.040000e+01
   vertex -2.062055e+01 4.390287e+01 4.570315e+01
   vertex -2.191293e+01 4.334280e+01 4.562924e+01
  endloop
 endfacet
 facet normal 3.655843e-01 -8.825979e-01 2.955824e-01
  outer loop
   vertex -2.191293e+01 4.334280e+01 4.562924e+01
   vertex -2.358050e+01 4.260254e+01 4.548134e+01
   vertex -2.207136e+01 4.152590e+01 4.040000e+01
  endloop
 endfacet
 facet normal 3.655844e-01 -8.825991e-01 2.955789e-01
  outer loop
   vertex -3.668434e-01 5.319540e+01 4.840000e+01
   vertex -1.108529e+01 4.875568e+01 4.840000e+01
   vertex -1.028784e+01 4.893016e+01 4.793468e+01
  endloop
 endfacet
 facet normal 3.655841e-01 -8.825980e-01 2.955825e-01
  outer loop
   vertex -2.191293e+01 4.334280e+01 4.562924e+01
   vertex -2.207136e+01 4.152590e+01 4.040000e+01
   vertex -1.999263e+01 4.238694e+01 4.040000e+01
  endloop
 endfacet
 facet normal -8.825977e-01 3.655842e-01 2.955832e-01
  outer loop
   vertex 4.143101e+01 -2.799057e+01 4.743769e+01
   vertex 4.054385e+01 -2.926083e+01 4.635977e+01
   vertex 3.787423e+01 -3.735543e+01 4.840000e+01
  endloop
 endfacet
 facet normal -8.825981e-01 3.655841e-01 2.955821e-01
  outer loop
   vertex 3.965952e+01 -3.044868e+01 4.518836e+01
   vertex 3.787423e+01 -3.735543e+01 4.840000e+01
   vertex 4.054385e+01 -2.926083e+01 4.635977e+01
  endloop
 endfacet
 facet normal -8.825988e-01 3.655843e-01 2.955798e-01
  outer loop
   vertex 4.231395e+01 -2.663699e+01 4.840000e+01
   vertex 4.143101e+01 -2.799057e+01 4.743769e+01
   vertex 3.787423e+01 -3.735543e+01 4.840000e+01
  endloop
 endfacet
 facet normal -8.825979e-01 3.655846e-01 2.955820e-01
  outer loop
   vertex 4.030117e+01 -2.850170e+01 4.469621e+01
   vertex 3.886563e+01 -2.724255e+01 3.885239e+01
   vertex 3.878506e+01 -3.155502e+01 4.394559e+01
  endloop
 endfacet
 facet normal -8.825978e-01 3.655849e-01 2.955822e-01
  outer loop
   vertex 3.878506e+01 -3.155502e+01 4.394559e+01
   vertex 3.886563e+01 -2.724255e+01 3.885239e+01
   vertex 3.703399e+01 -2.648386e+01 3.244479e+01
  endloop
 endfacet
 facet normal -8.825982e-01 3.655841e-01 2.955820e-01
  outer loop
   vertex 3.787423e+01 -3.735543e+01 4.840000e+01
   vertex 3.965952e+01 -3.044868e+01 4.518836e+01
   vertex 3.878506e+01 -3.155502e+01 4.394559e+01
  endloop
 endfacet
 facet normal -8.825982e-01 3.655840e-01 2.955819e-01
  outer loop
   vertex 3.703399e+01 -2.648386e+01 3.244479e+01
   vertex 3.787423e+01 -3.735543e+01 4.840000e+01
   vertex 3.878506e+01 -3.155502e+01 4.394559e+01
  endloop
 endfacet
 facet normal -8.825982e-01 3.655841e-01 2.955820e-01
  outer loop
   vertex 3.886563e+01 -2.724255e+01 3.885239e+01
   vertex 4.030117e+01 -2.850170e+01 4.469621e+01
   vertex 4.184810e+01 -2.523553e+01 4.527562e+01
  endloop
 endfacet
 facet normal -8.825982e-01 3.655835e-01 2.955826e-01
  outer loop
   vertex 3.886563e+01 -2.724255e+01 3.885239e+01
   vertex 4.334280e+01 -2.191293e+01 4.562924e+01
   vertex 4.477677e+01 -1.854715e+01 4.574815e+01
  endloop
 endfacet
 facet normal -8.825981e-01 3.655844e-01 2.955818e-01
  outer loop
   vertex 4.334280e+01 -2.191293e+01 4.562924e+01
   vertex 3.886563e+01 -2.724255e+01 3.885239e+01
   vertex 4.184810e+01 -2.523553e+01 4.527562e+01
  endloop
 endfacet
 facet normal -8.825982e-01 3.655841e-01 2.955818e-01
  outer loop
   vertex 4.674554e+01 -8.218760e+00 3.885239e+01
   vertex 3.886563e+01 -2.724255e+01 3.885239e+01
   vertex 4.477677e+01 -1.854715e+01 4.574815e+01
  endloop
 endfacet
 facet normal -8.825987e-01 3.655842e-01 2.955803e-01
  outer loop
   vertex 5.319540e+01 -3.668434e-01 4.840000e+01
   vertex 4.908847e+01 -9.503825e+00 4.743769e+01
   vertex 4.875568e+01 -1.108529e+01 4.840000e+01
  endloop
 endfacet
 facet normal -8.825980e-01 3.655843e-01 2.955822e-01
  outer loop
   vertex 4.674554e+01 -8.218760e+00 3.885239e+01
   vertex 4.614277e+01 -1.515321e+01 4.562924e+01
   vertex 4.743530e+01 -1.174686e+01 4.527562e+01
  endloop
 endfacet
 facet normal -8.825982e-01 3.655843e-01 2.955818e-01
  outer loop
   vertex 3.770712e+01 -2.485876e+01 3.244479e+01
   vertex 3.677229e+01 -2.447154e+01 2.917449e+01
   vertex 3.703399e+01 -2.648386e+01 3.244479e+01
  endloop
 endfacet
 facet normal -8.825959e-01 3.655880e-01 2.955839e-01
  outer loop
   vertex 3.464001e+01 -1.434836e+01 1.028695e+01
   vertex 3.703399e+01 -2.648386e+01 3.244479e+01
   vertex 3.677229e+01 -2.447154e+01 2.917449e+01
  endloop
 endfacet
 facet normal -8.825985e-01 3.655840e-01 2.955811e-01
  outer loop
   vertex 3.962219e+01 -1.759128e+01 2.917449e+01
   vertex 3.953015e+01 -1.690273e+01 2.804806e+01
   vertex 3.677229e+01 -2.447154e+01 2.917449e+01
  endloop
 endfacet
 facet normal -8.825982e-01 3.655841e-01 2.955820e-01
  outer loop
   vertex 4.330593e+01 -8.697946e+00 2.917449e+01
   vertex 3.464001e+01 -1.434836e+01 1.028695e+01
   vertex 3.953015e+01 -1.690273e+01 2.804806e+01
  endloop
 endfacet
 facet normal -8.825981e-01 3.655840e-01 2.955824e-01
  outer loop
   vertex 3.953015e+01 -1.690273e+01 2.804806e+01
   vertex 3.979690e+01 -1.716949e+01 2.917449e+01
   vertex 4.330593e+01 -8.697946e+00 2.917449e+01
  endloop
 endfacet
 facet normal -8.825988e-01 3.655817e-01 2.955830e-01
  outer loop
   vertex 4.330593e+01 -8.697946e+00 2.917449e+01
   vertex 4.491389e+01 -7.460068e+00 3.244479e+01
   vertex 3.464001e+01 -1.434836e+01 1.028695e+01
  endloop
 endfacet
 facet normal -8.825982e-01 3.655840e-01 2.955820e-01
  outer loop
   vertex 3.464001e+01 -1.434836e+01 1.028695e+01
   vertex 3.677229e+01 -2.447154e+01 2.917449e+01
   vertex 3.953015e+01 -1.690273e+01 2.804806e+01
  endloop
 endfacet
 facet normal -8.825980e-01 3.655844e-01 2.955822e-01
  outer loop
   vertex 3.464001e+01 -1.434836e+01 1.028695e+01
   vertex 3.787423e+01 -3.735543e+01 4.840000e+01
   vertex 3.703399e+01 -2.648386e+01 3.244479e+01
  endloop
 endfacet
 facet normal -8.825983e-01 3.655840e-01 2.955819e-01
  outer loop
   vertex 4.935936e+01 -7.978301e+00 4.635977e+01
   vertex 5.319540e+01 -3.668434e-01 4.840000e+01
   vertex 4.957399e+01 -6.513051e+00 4.518836e+01
  endloop
 endfacet
 facet normal -8.825983e-01 3.655839e-01 2.955820e-01
  outer loop
   vertex 4.973795e+01 -5.112415e+00 4.394559e+01
   vertex 4.957399e+01 -6.513051e+00 4.518836e+01
   vertex 5.319540e+01 -3.668434e-01 4.840000e+01
  endloop
 endfacet
 facet normal -8.825982e-01 3.655838e-01 2.955824e-01
  outer loop
   vertex 4.908847e+01 -9.503825e+00 4.743769e+01
   vertex 5.319540e+01 -3.668434e-01 4.840000e+01
   vertex 4.935936e+01 -7.978301e+00 4.635977e+01
  endloop
 endfacet
 facet normal -8.825982e-01 3.655843e-01 2.955817e-01
  outer loop
   vertex 4.330593e+01 -8.697946e+00 2.917449e+01
   vertex 4.424076e+01 -9.085165e+00 3.244479e+01
   vertex 4.491389e+01 -7.460068e+00 3.244479e+01
  endloop
 endfacet
 facet normal -8.825983e-01 3.655837e-01 2.955823e-01
  outer loop
   vertex 4.491389e+01 -7.460068e+00 3.244479e+01
   vertex 4.674554e+01 -8.218760e+00 3.885239e+01
   vertex 4.973795e+01 -5.112415e+00 4.394559e+01
  endloop
 endfacet
 facet normal -8.825981e-01 3.655843e-01 2.955818e-01
  outer loop
   vertex 4.862375e+01 -8.422008e+00 4.471205e+01
   vertex 4.973795e+01 -5.112415e+00 4.394559e+01
   vertex 4.674554e+01 -8.218760e+00 3.885239e+01
  endloop
 endfacet
 facet normal -8.825983e-01 3.655836e-01 2.955823e-01
  outer loop
   vertex 4.973795e+01 -5.112415e+00 4.394559e+01
   vertex 5.319540e+01 -3.668434e-01 4.840000e+01
   vertex 4.491389e+01 -7.460068e+00 3.244479e+01
  endloop
 endfacet
 facet normal -8.825984e-01 3.655836e-01 2.955819e-01
  outer loop
   vertex 4.674554e+01 -8.218760e+00 3.885239e+01
   vertex 4.743530e+01 -1.174686e+01 4.527562e+01
   vertex 4.862375e+01 -8.422008e+00 4.471205e+01
  endloop
 endfacet
 facet normal -8.825980e-01 3.655843e-01 2.955823e-01
  outer loop
   vertex 4.674554e+01 -8.218760e+00 3.885239e+01
   vertex 4.477677e+01 -1.854715e+01 4.574815e+01
   vertex 4.614277e+01 -1.515321e+01 4.562924e+01
  endloop
 endfacet
 facet normal -8.825981e-01 3.655844e-01 2.955819e-01
  outer loop
   vertex 3.464001e+01 -1.434836e+01 1.028695e+01
   vertex 4.491389e+01 -7.460068e+00 3.244479e+01
   vertex 5.319540e+01 -3.668434e-01 4.840000e+01
  endloop
 endfacet
 facet normal 1.037474e-01 -1.037493e-01 9.891777e-01
  outer loop
   vertex 3.312586e+01 3.263323e+01 5.274833e+01
   vertex 3.303732e+01 3.272287e+01 5.276702e+01
   vertex 3.291132e+01 3.241869e+01 5.274833e+01
  endloop
 endfacet
 facet normal 3.023273e-01 -3.023327e-01 9.039874e-01
  outer loop
   vertex 3.334850e+01 3.240567e+01 5.259776e+01
   vertex 3.312586e+01 3.263323e+01 5.274833e+01
   vertex 3.291132e+01 3.241869e+01 5.274833e+01
  endloop
 endfacet
 facet normal 3.023280e-01 -3.023272e-01 9.039890e-01
  outer loop
   vertex 3.291132e+01 3.241869e+01 5.274833e+01
   vertex 3.259298e+01 3.165014e+01 5.259776e+01
   vertex 3.334850e+01 3.240567e+01 5.259776e+01
  endloop
 endfacet
 facet normal 4.748621e-01 -4.748610e-01 7.409541e-01
  outer loop
   vertex 3.249906e+01 3.142340e+01 5.251264e+01
   vertex 3.334850e+01 3.240567e+01 5.259776e+01
   vertex 3.259298e+01 3.165014e+01 5.259776e+01
  endloop
 endfacet
 facet normal 4.748668e-01 -4.748648e-01 7.409487e-01
  outer loop
   vertex 3.352984e+01 3.221800e+01 5.236127e+01
   vertex 3.249906e+01 3.142340e+01 5.251264e+01
   vertex 3.261715e+01 3.130531e+01 5.236127e+01
  endloop
 endfacet
 facet normal 4.748665e-01 -4.748643e-01 7.409492e-01
  outer loop
   vertex 3.334850e+01 3.240567e+01 5.259776e+01
   vertex 3.249906e+01 3.142340e+01 5.251264e+01
   vertex 3.352984e+01 3.221800e+01 5.236127e+01
  endloop
 endfacet
 facet normal 6.065059e-01 -6.065033e-01 5.141053e-01
  outer loop
   vertex 3.352984e+01 3.221800e+01 5.236127e+01
   vertex 3.261715e+01 3.130531e+01 5.236127e+01
   vertex 3.365506e+01 3.208718e+01 5.205922e+01
  endloop
 endfacet
 facet normal 6.859153e-01 -6.859153e-01 2.429826e-01
  outer loop
   vertex 3.365506e+01 3.208718e+01 5.205922e+01
   vertex 3.274516e+01 3.117729e+01 5.205922e+01
   vertex 3.371406e+01 3.202518e+01 5.171762e+01
  endloop
 endfacet
 facet normal 7.062543e-01 -7.062558e-01 -4.906804e-02
  outer loop
   vertex 3.371406e+01 3.202518e+01 5.171762e+01
   vertex 3.280567e+01 3.111679e+01 5.171762e+01
   vertex 3.279345e+01 3.112900e+01 5.136589e+01
  endloop
 endfacet
 facet normal 6.657718e-01 -6.657732e-01 -3.368885e-01
  outer loop
   vertex 3.370216e+01 3.203771e+01 5.136589e+01
   vertex 3.279345e+01 3.112900e+01 5.136589e+01
   vertex 3.270956e+01 3.121289e+01 5.103432e+01
  endloop
 endfacet
 facet normal 5.679530e-01 -5.679530e-01 -5.957003e-01
  outer loop
   vertex 3.362029e+01 3.212362e+01 5.103432e+01
   vertex 3.270956e+01 3.121289e+01 5.103432e+01
   vertex 3.256123e+01 3.136123e+01 5.075147e+01
  endloop
 endfacet
 facet normal 5.852642e-01 -5.852654e-01 -5.611865e-01
  outer loop
   vertex 3.249906e+01 3.142340e+01 5.062180e+01
   vertex 3.347499e+01 3.227499e+01 5.075147e+01
   vertex 3.256123e+01 3.136123e+01 5.075147e+01
  endloop
 endfacet
 facet normal 5.852638e-01 -5.852621e-01 -5.611903e-01
  outer loop
   vertex 3.325690e+01 3.249967e+01 5.028971e+01
   vertex 3.249906e+01 3.142340e+01 5.062180e+01
   vertex 3.303732e+01 3.272287e+01 4.982794e+01
  endloop
 endfacet
 facet normal 5.852617e-01 -5.852615e-01 -5.611932e-01
  outer loop
   vertex 3.347499e+01 3.227499e+01 5.075147e+01
   vertex 3.249906e+01 3.142340e+01 5.062180e+01
   vertex 3.325690e+01 3.249967e+01 5.028971e+01
  endloop
 endfacet
 facet normal -5.679537e-01 -5.679549e-01 -5.956978e-01
  outer loop
   vertex -3.347499e+01 3.227499e+01 5.075147e+01
   vertex -3.256123e+01 3.136123e+01 5.075147e+01
   vertex -3.362029e+01 3.212362e+01 5.103432e+01
  endloop
 endfacet
 facet normal -6.657717e-01 -6.657717e-01 -3.368919e-01
  outer loop
   vertex -3.362029e+01 3.212362e+01 5.103432e+01
   vertex -3.270956e+01 3.121289e+01 5.103432e+01
   vertex -3.370216e+01 3.203771e+01 5.136589e+01
  endloop
 endfacet
 facet normal -7.062543e-01 -7.062558e-01 -4.906804e-02
  outer loop
   vertex -3.370216e+01 3.203771e+01 5.136589e+01
   vertex -3.279345e+01 3.112900e+01 5.136589e+01
   vertex -3.371406e+01 3.202518e+01 5.171762e+01
  endloop
 endfacet
 facet normal -6.859152e-01 -6.859166e-01 2.429790e-01
  outer loop
   vertex -3.371406e+01 3.202518e+01 5.171762e+01
   vertex -3.280567e+01 3.111679e+01 5.171762e+01
   vertex -3.274516e+01 3.117729e+01 5.205922e+01
  endloop
 endfacet
 facet normal -6.065070e-01 -6.065070e-01 5.140997e-01
  outer loop
   vertex -3.365506e+01 3.208718e+01 5.205922e+01
   vertex -3.274516e+01 3.117729e+01 5.205922e+01
   vertex -3.261715e+01 3.130531e+01 5.236127e+01
  endloop
 endfacet
 facet normal -4.748650e-01 -4.748630e-01 7.409510e-01
  outer loop
   vertex -3.352984e+01 3.221800e+01 5.236127e+01
   vertex -3.261715e+01 3.130531e+01 5.236127e+01
   vertex -3.243264e+01 3.148981e+01 5.259776e+01
  endloop
 endfacet
 facet normal -3.023293e-01 -3.023286e-01 9.039881e-01
  outer loop
   vertex -3.334850e+01 3.240567e+01 5.259776e+01
   vertex -3.243264e+01 3.148981e+01 5.259776e+01
   vertex -3.220754e+01 3.171491e+01 5.274833e+01
  endloop
 endfacet
 facet normal -1.037510e-01 -1.037510e-01 9.891772e-01
  outer loop
   vertex -3.312586e+01 3.263323e+01 5.274833e+01
   vertex -3.220754e+01 3.171491e+01 5.274833e+01
   vertex -3.196123e+01 3.196123e+01 5.280000e+01
  endloop
 endfacet
 facet normal 1.037510e-01 1.037510e-01 9.891772e-01
  outer loop
   vertex -3.288047e+01 3.288047e+01 5.280000e+01
   vertex -3.196123e+01 3.196123e+01 5.280000e+01
   vertex -3.263323e+01 3.312586e+01 5.274833e+01
  endloop
 endfacet
 facet normal 3.023300e-01 3.023300e-01 9.039874e-01
  outer loop
   vertex -3.263323e+01 3.312586e+01 5.274833e+01
   vertex -3.171491e+01 3.220754e+01 5.274833e+01
   vertex -3.240567e+01 3.334850e+01 5.259776e+01
  endloop
 endfacet
 facet normal 4.748649e-01 4.748658e-01 7.409493e-01
  outer loop
   vertex -3.240567e+01 3.334850e+01 5.259776e+01
   vertex -3.148981e+01 3.243264e+01 5.259776e+01
   vertex -3.221800e+01 3.352984e+01 5.236127e+01
  endloop
 endfacet
 facet normal 6.065033e-01 6.065059e-01 5.141053e-01
  outer loop
   vertex -3.221800e+01 3.352984e+01 5.236127e+01
   vertex -3.130531e+01 3.261715e+01 5.236127e+01
   vertex -3.208718e+01 3.365506e+01 5.205922e+01
  endloop
 endfacet
 facet normal 6.859153e-01 6.859153e-01 2.429826e-01
  outer loop
   vertex -3.208718e+01 3.365506e+01 5.205922e+01
   vertex -3.117729e+01 3.274516e+01 5.205922e+01
   vertex -3.202518e+01 3.371406e+01 5.171762e+01
  endloop
 endfacet
 facet normal 7.062558e-01 7.062543e-01 -4.906804e-02
  outer loop
   vertex -3.202518e+01 3.371406e+01 5.171762e+01
   vertex -3.111679e+01 3.280567e+01 5.171762e+01
   vertex -3.112900e+01 3.279345e+01 5.136589e+01
  endloop
 endfacet
 facet normal 6.657732e-01 6.657718e-01 -3.368885e-01
  outer loop
   vertex -3.203771e+01 3.370216e+01 5.136589e+01
   vertex -3.112900e+01 3.279345e+01 5.136589e+01
   vertex -3.121289e+01 3.270956e+01 5.103432e+01
  endloop
 endfacet
 facet normal 5.679530e-01 5.679530e-01 -5.957003e-01
  outer loop
   vertex -3.212362e+01 3.362029e+01 5.103432e+01
   vertex -3.121289e+01 3.270956e+01 5.103432e+01
   vertex -3.136123e+01 3.256123e+01 5.075147e+01
  endloop
 endfacet
 facet normal 5.852637e-01 5.852625e-01 -5.611900e-01
  outer loop
   vertex -3.257909e+01 3.317910e+01 5.012574e+01
   vertex -3.227499e+01 3.347499e+01 5.075147e+01
   vertex -3.136123e+01 3.256123e+01 5.075147e+01
  endloop
 endfacet
 facet normal 5.852619e-01 5.852619e-01 -5.611926e-01
  outer loop
   vertex -3.288047e+01 3.288047e+01 4.950000e+01
   vertex -3.257909e+01 3.317910e+01 5.012574e+01
   vertex -3.196123e+01 3.196123e+01 4.950000e+01
  endloop
 endfacet
 facet normal 5.852637e-01 5.852618e-01 -5.611907e-01
  outer loop
   vertex -3.136123e+01 3.256123e+01 5.075147e+01
   vertex -3.196123e+01 3.196123e+01 4.950000e+01
   vertex -3.257909e+01 3.317910e+01 5.012574e+01
  endloop
 endfacet
 facet normal -5.852618e-01 -5.852618e-01 -5.611928e-01
  outer loop
   vertex -3.317910e+01 3.257909e+01 5.012575e+01
   vertex -3.288047e+01 3.288047e+01 4.950000e+01
   vertex -3.196123e+01 3.196123e+01 4.950000e+01
  endloop
 endfacet
 facet normal -5.852626e-01 -5.852638e-01 -5.611898e-01
  outer loop
   vertex -3.347499e+01 3.227499e+01 5.075147e+01
   vertex -3.317910e+01 3.257909e+01 5.012575e+01
   vertex -3.256123e+01 3.136123e+01 5.075147e+01
  endloop
 endfacet
 facet normal -5.852617e-01 -5.852638e-01 -5.611907e-01
  outer loop
   vertex -3.196123e+01 3.196123e+01 4.950000e+01
   vertex -3.256123e+01 3.136123e+01 5.075147e+01
   vertex -3.317910e+01 3.257909e+01 5.012575e+01
  endloop
 endfacet
 facet normal 5.679549e-01 -5.679537e-01 -5.956978e-01
  outer loop
   vertex -3.227499e+01 -3.347499e+01 5.075147e+01
   vertex -3.136123e+01 -3.256123e+01 5.075147e+01
   vertex -3.212362e+01 -3.362029e+01 5.103432e+01
  endloop
 endfacet
 facet normal 6.657717e-01 -6.657717e-01 -3.368919e-01
  outer loop
   vertex -3.212362e+01 -3.362029e+01 5.103432e+01
   vertex -3.121289e+01 -3.270956e+01 5.103432e+01
   vertex -3.203771e+01 -3.370216e+01 5.136589e+01
  endloop
 endfacet
 facet normal 7.062558e-01 -7.062543e-01 -4.906804e-02
  outer loop
   vertex -3.203771e+01 -3.370216e+01 5.136589e+01
   vertex -3.112900e+01 -3.279345e+01 5.136589e+01
   vertex -3.202518e+01 -3.371406e+01 5.171762e+01
  endloop
 endfacet
 facet normal 6.859166e-01 -6.859152e-01 2.429790e-01
  outer loop
   vertex -3.202518e+01 -3.371406e+01 5.171762e+01
   vertex -3.111679e+01 -3.280567e+01 5.171762e+01
   vertex -3.117729e+01 -3.274516e+01 5.205922e+01
  endloop
 endfacet
 facet normal 6.065070e-01 -6.065070e-01 5.140997e-01
  outer loop
   vertex -3.208718e+01 -3.365506e+01 5.205922e+01
   vertex -3.117729e+01 -3.274516e+01 5.205922e+01
   vertex -3.130531e+01 -3.261715e+01 5.236127e+01
  endloop
 endfacet
 facet normal 4.748630e-01 -4.748650e-01 7.409510e-01
  outer loop
   vertex -3.221800e+01 -3.352984e+01 5.236127e+01
   vertex -3.130531e+01 -3.261715e+01 5.236127e+01
   vertex -3.148981e+01 -3.243264e+01 5.259776e+01
  endloop
 endfacet
 facet normal 3.023286e-01 -3.023293e-01 9.039881e-01
  outer loop
   vertex -3.240567e+01 -3.334850e+01 5.259776e+01
   vertex -3.148981e+01 -3.243264e+01 5.259776e+01
   vertex -3.171491e+01 -3.220754e+01 5.274833e+01
  endloop
 endfacet
 facet normal 1.037510e-01 -1.037510e-01 9.891772e-01
  outer loop
   vertex -3.263323e+01 -3.312586e+01 5.274833e+01
   vertex -3.171491e+01 -3.220754e+01 5.274833e+01
   vertex -3.196123e+01 -3.196123e+01 5.280000e+01
  endloop
 endfacet
 facet normal -1.037510e-01 1.037510e-01 9.891772e-01
  outer loop
   vertex -3.288047e+01 -3.288047e+01 5.280000e+01
   vertex -3.196123e+01 -3.196123e+01 5.280000e+01
   vertex -3.312586e+01 -3.263323e+01 5.274833e+01
  endloop
 endfacet
 facet normal -3.023300e-01 3.023300e-01 9.039874e-01
  outer loop
   vertex -3.312586e+01 -3.263323e+01 5.274833e+01
   vertex -3.220754e+01 -3.171491e+01 5.274833e+01
   vertex -3.334850e+01 -3.240567e+01 5.259776e+01
  endloop
 endfacet
 facet normal -4.748658e-01 4.748649e-01 7.409493e-01
  outer loop
   vertex -3.334850e+01 -3.240567e+01 5.259776e+01
   vertex -3.243264e+01 -3.148981e+01 5.259776e+01
   vertex -3.352984e+01 -3.221800e+01 5.236127e+01
  endloop
 endfacet
 facet normal -6.065059e-01 6.065033e-01 5.141053e-01
  outer loop
   vertex -3.352984e+01 -3.221800e+01 5.236127e+01
   vertex -3.261715e+01 -3.130531e+01 5.236127e+01
   vertex -3.365506e+01 -3.208718e+01 5.205922e+01
  endloop
 endfacet
 facet normal -6.859153e-01 6.859153e-01 2.429826e-01
  outer loop
   vertex -3.365506e+01 -3.208718e+01 5.205922e+01
   vertex -3.274516e+01 -3.117729e+01 5.205922e+01
   vertex -3.371406e+01 -3.202518e+01 5.171762e+01
  endloop
 endfacet
 facet normal -7.062543e-01 7.062558e-01 -4.906804e-02
  outer loop
   vertex -3.371406e+01 -3.202518e+01 5.171762e+01
   vertex -3.280567e+01 -3.111679e+01 5.171762e+01
   vertex -3.279345e+01 -3.112900e+01 5.136589e+01
  endloop
 endfacet
 facet normal -6.657718e-01 6.657732e-01 -3.368885e-01
  outer loop
   vertex -3.370216e+01 -3.203771e+01 5.136589e+01
   vertex -3.279345e+01 -3.112900e+01 5.136589e+01
   vertex -3.270956e+01 -3.121289e+01 5.103432e+01
  endloop
 endfacet
 facet normal -5.679530e-01 5.679530e-01 -5.957003e-01
  outer loop
   vertex -3.362029e+01 -3.212362e+01 5.103432e+01
   vertex -3.270956e+01 -3.121289e+01 5.103432e+01
   vertex -3.256123e+01 -3.136123e+01 5.075147e+01
  endloop
 endfacet
 facet normal -5.852625e-01 5.852637e-01 -5.611900e-01
  outer loop
   vertex -3.317910e+01 -3.257909e+01 5.012574e+01
   vertex -3.347499e+01 -3.227499e+01 5.075147e+01
   vertex -3.256123e+01 -3.136123e+01 5.075147e+01
  endloop
 endfacet
 facet normal -5.852619e-01 5.852619e-01 -5.611926e-01
  outer loop
   vertex -3.288047e+01 -3.288047e+01 4.950000e+01
   vertex -3.317910e+01 -3.257909e+01 5.012574e+01
   vertex -3.196123e+01 -3.196123e+01 4.950000e+01
  endloop
 endfacet
 facet normal -5.852618e-01 5.852637e-01 -5.611907e-01
  outer loop
   vertex -3.256123e+01 -3.136123e+01 5.075147e+01
   vertex -3.196123e+01 -3.196123e+01 4.950000e+01
   vertex -3.317910e+01 -3.257909e+01 5.012574e+01
  endloop
 endfacet
 facet normal 5.852618e-01 -5.852618e-01 -5.611928e-01
  outer loop
   vertex -3.257909e+01 -3.317910e+01 5.012575e+01
   vertex -3.288047e+01 -3.288047e+01 4.950000e+01
   vertex -3.196123e+01 -3.196123e+01 4.950000e+01
  endloop
 endfacet
 facet normal 5.852638e-01 -5.852626e-01 -5.611898e-01
  outer loop
   vertex -3.227499e+01 -3.347499e+01 5.075147e+01
   vertex -3.257909e+01 -3.317910e+01 5.012575e+01
   vertex -3.136123e+01 -3.256123e+01 5.075147e+01
  endloop
 endfacet
 facet normal 5.852638e-01 -5.852617e-01 -5.611907e-01
  outer loop
   vertex -3.196123e+01 -3.196123e+01 4.950000e+01
   vertex -3.136123e+01 -3.256123e+01 5.075147e+01
   vertex -3.257909e+01 -3.317910e+01 5.012575e+01
  endloop
 endfacet
 facet normal 5.679537e-01 5.679549e-01 -5.956978e-01
  outer loop
   vertex 3.347499e+01 -3.227499e+01 5.075147e+01
   vertex 3.256123e+01 -3.136123e+01 5.075147e+01
   vertex 3.362029e+01 -3.212362e+01 5.103432e+01
  endloop
 endfacet
 facet normal 6.657717e-01 6.657717e-01 -3.368919e-01
  outer loop
   vertex 3.362029e+01 -3.212362e+01 5.103432e+01
   vertex 3.270956e+01 -3.121289e+01 5.103432e+01
   vertex 3.370216e+01 -3.203771e+01 5.136589e+01
  endloop
 endfacet
 facet normal 7.062543e-01 7.062558e-01 -4.906804e-02
  outer loop
   vertex 3.370216e+01 -3.203771e+01 5.136589e+01
   vertex 3.279345e+01 -3.112900e+01 5.136589e+01
   vertex 3.371406e+01 -3.202518e+01 5.171762e+01
  endloop
 endfacet
 facet normal 6.859152e-01 6.859166e-01 2.429790e-01
  outer loop
   vertex 3.371406e+01 -3.202518e+01 5.171762e+01
   vertex 3.280567e+01 -3.111679e+01 5.171762e+01
   vertex 3.274516e+01 -3.117729e+01 5.205922e+01
  endloop
 endfacet
 facet normal 6.065070e-01 6.065070e-01 5.140997e-01
  outer loop
   vertex 3.365506e+01 -3.208718e+01 5.205922e+01
   vertex 3.274516e+01 -3.117729e+01 5.205922e+01
   vertex 3.261715e+01 -3.130531e+01 5.236127e+01
  endloop
 endfacet
 facet normal 4.748650e-01 4.748630e-01 7.409510e-01
  outer loop
   vertex 3.352984e+01 -3.221800e+01 5.236127e+01
   vertex 3.261715e+01 -3.130531e+01 5.236127e+01
   vertex 3.243264e+01 -3.148981e+01 5.259776e+01
  endloop
 endfacet
 facet normal 3.023293e-01 3.023286e-01 9.039881e-01
  outer loop
   vertex 3.334850e+01 -3.240567e+01 5.259776e+01
   vertex 3.243264e+01 -3.148981e+01 5.259776e+01
   vertex 3.220754e+01 -3.171491e+01 5.274833e+01
  endloop
 endfacet
 facet normal 1.037510e-01 1.037510e-01 9.891772e-01
  outer loop
   vertex 3.312586e+01 -3.263323e+01 5.274833e+01
   vertex 3.220754e+01 -3.171491e+01 5.274833e+01
   vertex 3.196123e+01 -3.196123e+01 5.280000e+01
  endloop
 endfacet
 facet normal -1.037510e-01 -1.037510e-01 9.891772e-01
  outer loop
   vertex 3.288047e+01 -3.288047e+01 5.280000e+01
   vertex 3.196123e+01 -3.196123e+01 5.280000e+01
   vertex 3.263323e+01 -3.312586e+01 5.274833e+01
  endloop
 endfacet
 facet normal -3.023300e-01 -3.023300e-01 9.039874e-01
  outer loop
   vertex 3.263323e+01 -3.312586e+01 5.274833e+01
   vertex 3.171491e+01 -3.220754e+01 5.274833e+01
   vertex 3.240567e+01 -3.334850e+01 5.259776e+01
  endloop
 endfacet
 facet normal -4.748649e-01 -4.748658e-01 7.409493e-01
  outer loop
   vertex 3.240567e+01 -3.334850e+01 5.259776e+01
   vertex 3.148981e+01 -3.243264e+01 5.259776e+01
   vertex 3.221800e+01 -3.352984e+01 5.236127e+01
  endloop
 endfacet
 facet normal -6.065033e-01 -6.065059e-01 5.141053e-01
  outer loop
   vertex 3.221800e+01 -3.352984e+01 5.236127e+01
   vertex 3.130531e+01 -3.261715e+01 5.236127e+01
   vertex 3.208718e+01 -3.365506e+01 5.205922e+01
  endloop
 endfacet
 facet normal -6.859153e-01 -6.859153e-01 2.429826e-01
  outer loop
   vertex 3.208718e+01 -3.365506e+01 5.205922e+01
   vertex 3.117729e+01 -3.274516e+01 5.205922e+01
   vertex 3.202518e+01 -3.371406e+01 5.171762e+01
  endloop
 endfacet
 facet normal -7.062558e-01 -7.062543e-01 -4.906804e-02
  outer loop
   vertex 3.202518e+01 -3.371406e+01 5.171762e+01
   vertex 3.111679e+01 -3.280567e+01 5.171762e+01
   vertex 3.112900e+01 -3.279345e+01 5.136589e+01
  endloop
 endfacet
 facet normal -6.657732e-01 -6.657718e-01 -3.368885e-01
  outer loop
   vertex 3.203771e+01 -3.370216e+01 5.136589e+01
   vertex 3.112900e+01 -3.279345e+01 5.136589e+01
   vertex 3.121289e+01 -3.270956e+01 5.103432e+01
  endloop
 endfacet
 facet normal -5.679530e-01 -5.679530e-01 -5.957003e-01
  outer loop
   vertex 3.212362e+01 -3.362029e+01 5.103432e+01
   vertex 3.121289e+01 -3.270956e+01 5.103432e+01
   vertex 3.136123e+01 -3.256123e+01 5.075147e+01
  endloop
 endfacet
 facet normal -5.852637e-01 -5.852625e-01 -5.611900e-01
  outer loop
   vertex 3.257909e+01 -3.317910e+01 5.012574e+01
   vertex 3.227499e+01 -3.347499e+01 5.075147e+01
   vertex 3.136123e+01 -3.256123e+01 5.075147e+01
  endloop
 endfacet
 facet normal -5.852619e-01 -5.852619e-01 -5.611926e-01
  outer loop
   vertex 3.288047e+01 -3.288047e+01 4.950000e+01
   vertex 3.257909e+01 -3.317910e+01 5.012574e+01
   vertex 3.196123e+01 -3.196123e+01 4.950000e+01
  endloop
 endfacet
 facet normal -5.852637e-01 -5.852618e-01 -5.611907e-01
  outer loop
   vertex 3.136123e+01 -3.256123e+01 5.075147e+01
   vertex 3.196123e+01 -3.196123e+01 4.950000e+01
   vertex 3.257909e+01 -3.317910e+01 5.012574e+01
  endloop
 endfacet
 facet normal 5.852618e-01 5.852618e-01 -5.611928e-01
  outer loop
   vertex 3.317910e+01 -3.257909e+01 5.012575e+01
   vertex 3.288047e+01 -3.288047e+01 4.950000e+01
   vertex 3.196123e+01 -3.196123e+01 4.950000e+01
  endloop
 endfacet
 facet normal 5.852626e-01 5.852638e-01 -5.611898e-01
  outer loop
   vertex 3.347499e+01 -3.227499e+01 5.075147e+01
   vertex 3.317910e+01 -3.257909e+01 5.012575e+01
   vertex 3.256123e+01 -3.136123e+01 5.075147e+01
  endloop
 endfacet
 facet normal 5.852617e-01 5.852638e-01 -5.611907e-01
  outer loop
   vertex 3.196123e+01 -3.196123e+01 4.950000e+01
   vertex 3.256123e+01 -3.136123e+01 5.075147e+01
   vertex 3.317910e+01 -3.257909e+01 5.012575e+01
  endloop
 endfacet
 facet normal -3.111390e-01 -3.111390e-01 8.979894e-01
  outer loop
   vertex -3.468964e+01 -1.799614e+01 1.218481e+01
   vertex -1.799614e+01 -3.468964e+01 1.218481e+01
   vertex -1.736117e+01 -3.405467e+01 1.262483e+01
  endloop
 endfacet
 facet normal -5.676053e-01 7.698404e-01 -2.918390e-01
  outer loop
   vertex -1.799614e+01 -3.468964e+01 1.218481e+01
   vertex -3.703038e+01 -3.703038e+01 4.303038e+01
   vertex -1.736117e+01 -3.405467e+01 1.262483e+01
  endloop
 endfacet
 facet normal 7.698404e-01 -5.676053e-01 -2.918390e-01
  outer loop
   vertex -3.703038e+01 -3.703038e+01 4.303038e+01
   vertex -3.468964e+01 -1.799614e+01 1.218481e+01
   vertex -3.405467e+01 -1.736117e+01 1.262483e+01
  endloop
 endfacet
 facet normal -6.349746e-01 -6.349744e-01 -4.400169e-01
  outer loop
   vertex -3.487320e+01 -3.487320e+01 3.907707e+01
   vertex -3.639541e+01 -3.639541e+01 4.347039e+01
   vertex -3.405467e+01 -1.736117e+01 1.262483e+01
  endloop
 endfacet
 facet normal -6.349743e-01 -6.349743e-01 -4.400173e-01
  outer loop
   vertex -1.736117e+01 -3.405467e+01 1.262483e+01
   vertex -3.303254e+01 -1.990552e+01 1.482149e+01
   vertex -3.405467e+01 -1.736117e+01 1.262483e+01
  endloop
 endfacet
 facet normal -6.349750e-01 -6.349740e-01 -4.400167e-01
  outer loop
   vertex -3.303254e+01 -1.990552e+01 1.482149e+01
   vertex -3.487320e+01 -3.487320e+01 3.907707e+01
   vertex -3.405467e+01 -1.736117e+01 1.262483e+01
  endloop
 endfacet
 facet normal -6.349740e-01 -6.349750e-01 -4.400167e-01
  outer loop
   vertex -1.736117e+01 -3.405467e+01 1.262483e+01
   vertex -3.487320e+01 -3.487320e+01 3.907707e+01
   vertex -1.990552e+01 -3.303254e+01 1.482149e+01
  endloop
 endfacet
 facet normal -6.349743e-01 -6.349743e-01 -4.400173e-01
  outer loop
   vertex -3.303254e+01 -1.990552e+01 1.482149e+01
   vertex -1.736117e+01 -3.405467e+01 1.262483e+01
   vertex -1.990552e+01 -3.303254e+01 1.482149e+01
  endloop
 endfacet
 facet normal -6.349744e-01 -6.349746e-01 -4.400169e-01
  outer loop
   vertex -3.639541e+01 -3.639541e+01 4.347039e+01
   vertex -3.487320e+01 -3.487320e+01 3.907707e+01
   vertex -1.736117e+01 -3.405467e+01 1.262483e+01
  endloop
 endfacet
 facet normal -3.111397e-01 -3.111397e-01 8.979890e-01
  outer loop
   vertex -3.303254e+01 -1.990552e+01 1.482149e+01
   vertex -1.990552e+01 -3.303254e+01 1.482149e+01
   vertex -1.957142e+01 -3.269844e+01 1.505301e+01
  endloop
 endfacet
 facet normal -5.676051e-01 7.698406e-01 -2.918388e-01
  outer loop
   vertex -1.990552e+01 -3.303254e+01 1.482149e+01
   vertex -3.487320e+01 -3.487320e+01 3.907707e+01
   vertex -1.957142e+01 -3.269844e+01 1.505301e+01
  endloop
 endfacet
 facet normal 7.698406e-01 -5.676051e-01 -2.918388e-01
  outer loop
   vertex -3.487320e+01 -3.487320e+01 3.907707e+01
   vertex -3.303254e+01 -1.990552e+01 1.482149e+01
   vertex -3.269844e+01 -1.957142e+01 1.505301e+01
  endloop
 endfacet
 facet normal -2.931524e-01 7.077324e-01 6.427881e-01
  outer loop
   vertex 1.743777e+01 -4.006518e+01 2.959223e+01
   vertex 8.697946e+00 -4.330593e+01 2.917449e+01
   vertex 9.654578e+00 -4.561544e+01 3.215363e+01
  endloop
 endfacet
 facet normal -2.931527e-01 7.077333e-01 6.427869e-01
  outer loop
   vertex 1.716949e+01 -3.979690e+01 2.917449e+01
   vertex 8.697946e+00 -4.330593e+01 2.917449e+01
   vertex 1.743777e+01 -4.006518e+01 2.959223e+01
  endloop
 endfacet
 facet normal -2.931522e-01 7.077321e-01 6.427885e-01
  outer loop
   vertex 1.743777e+01 -4.006518e+01 2.959223e+01
   vertex 1.816949e+01 -3.938269e+01 2.917449e+01
   vertex 1.759128e+01 -3.962219e+01 2.917449e+01
  endloop
 endfacet
 facet normal -2.931526e-01 7.077326e-01 6.427878e-01
  outer loop
   vertex 9.654578e+00 -4.561544e+01 3.215363e+01
   vertex 2.008275e+01 -4.129595e+01 3.215363e+01
   vertex 1.743777e+01 -4.006518e+01 2.959223e+01
  endloop
 endfacet
 facet normal -2.931528e-01 7.077324e-01 6.427879e-01
  outer loop
   vertex 1.816949e+01 -3.938269e+01 2.917449e+01
   vertex 1.743777e+01 -4.006518e+01 2.959223e+01
   vertex 2.008275e+01 -4.129595e+01 3.215363e+01
  endloop
 endfacet
 facet normal 9.238797e-01 3.826830e-01 -3.484596e-07
  outer loop
   vertex 9.654578e+00 -4.561544e+01 3.215363e+01
   vertex 9.085165e+00 -4.424076e+01 3.244479e+01
   vertex 1.003559e+01 -4.653528e+01 3.540459e+01
  endloop
 endfacet
 facet normal 9.238797e-01 3.826830e-01 -2.377319e-07
  outer loop
   vertex 9.085165e+00 -4.424076e+01 3.244479e+01
   vertex 9.654578e+00 -4.561544e+01 3.215363e+01
   vertex 8.697946e+00 -4.330593e+01 2.917449e+01
  endloop
 endfacet
 facet normal -2.931525e-01 7.077325e-01 6.427879e-01
  outer loop
   vertex 8.410491e+00 -4.720842e+01 3.540459e+01
   vertex 1.003559e+01 -4.653528e+01 3.540459e+01
   vertex 7.460068e+00 -4.491389e+01 3.244479e+01
  endloop
 endfacet
 facet normal -9.238797e-01 -3.826831e-01 -0.000000e+00
  outer loop
   vertex 2.697516e+01 -3.822009e+01 3.659410e+01
   vertex 2.697516e+01 -3.822009e+01 3.590000e+01
   vertex 2.749234e+01 -3.946868e+01 3.590000e+01
  endloop
 endfacet
 facet normal -9.238792e-01 -3.826843e-01 -7.578482e-07
  outer loop
   vertex 2.818080e+01 -4.113078e+01 4.177431e+01
   vertex 2.724255e+01 -3.886563e+01 3.885239e+01
   vertex 2.697516e+01 -3.822009e+01 3.659410e+01
  endloop
 endfacet
 facet normal -9.238797e-01 -3.826831e-01 6.723946e-08
  outer loop
   vertex 2.749234e+01 -3.946868e+01 3.590000e+01
   vertex 2.818080e+01 -4.113078e+01 4.177431e+01
   vertex 2.697516e+01 -3.822009e+01 3.659410e+01
  endloop
 endfacet
 facet normal 2.931526e-01 -7.077333e-01 -6.427870e-01
  outer loop
   vertex 2.199102e+01 -4.320422e+01 4.123431e+01
   vertex 2.724255e+01 -3.886563e+01 3.885239e+01
   vertex 2.818080e+01 -4.113078e+01 4.177431e+01
  endloop
 endfacet
 facet normal 2.931512e-01 -7.077324e-01 -6.427886e-01
  outer loop
   vertex 2.568407e+01 -3.951117e+01 3.885239e+01
   vertex 2.724255e+01 -3.886563e+01 3.885239e+01
   vertex 2.199102e+01 -4.320422e+01 4.123431e+01
  endloop
 endfacet
 facet normal 2.931527e-01 -7.077331e-01 -6.427872e-01
  outer loop
   vertex 2.199102e+01 -4.320422e+01 4.123431e+01
   vertex 8.218760e+00 -4.674554e+01 3.885239e+01
   vertex 2.046131e+01 -4.167451e+01 3.885239e+01
  endloop
 endfacet
 facet normal 2.931524e-01 -7.077322e-01 -6.427884e-01
  outer loop
   vertex 2.818080e+01 -4.113078e+01 4.177431e+01
   vertex 9.157017e+00 -4.901069e+01 4.177431e+01
   vertex 2.199102e+01 -4.320422e+01 4.123431e+01
  endloop
 endfacet
 facet normal 2.931527e-01 -7.077327e-01 -6.427876e-01
  outer loop
   vertex 8.218760e+00 -4.674554e+01 3.885239e+01
   vertex 2.199102e+01 -4.320422e+01 4.123431e+01
   vertex 9.157017e+00 -4.901069e+01 4.177431e+01
  endloop
 endfacet
 facet normal 9.238796e-01 3.826832e-01 -5.760396e-08
  outer loop
   vertex 8.410491e+00 -4.720842e+01 3.540459e+01
   vertex 8.218760e+00 -4.674554e+01 3.885239e+01
   vertex 9.157017e+00 -4.901069e+01 4.177431e+01
  endloop
 endfacet
 facet normal 9.238796e-01 3.826833e-01 -6.761416e-08
  outer loop
   vertex 8.218760e+00 -4.674554e+01 3.885239e+01
   vertex 8.410491e+00 -4.720842e+01 3.540459e+01
   vertex 7.460068e+00 -4.491389e+01 3.244479e+01
  endloop
 endfacet
 facet normal -7.077329e-01 2.931524e-01 6.427876e-01
  outer loop
   vertex 4.006518e+01 -1.743777e+01 2.959223e+01
   vertex 3.677229e+01 -2.447154e+01 2.917449e+01
   vertex 3.908181e+01 -2.542817e+01 3.215363e+01
  endloop
 endfacet
 facet normal -7.077321e-01 2.931520e-01 6.427886e-01
  outer loop
   vertex 3.962219e+01 -1.759128e+01 2.917449e+01
   vertex 3.677229e+01 -2.447154e+01 2.917449e+01
   vertex 4.006518e+01 -1.743777e+01 2.959223e+01
  endloop
 endfacet
 facet normal -7.077333e-01 2.931527e-01 6.427869e-01
  outer loop
   vertex 4.006518e+01 -1.743777e+01 2.959223e+01
   vertex 4.330593e+01 -8.697946e+00 2.917449e+01
   vertex 3.979690e+01 -1.716949e+01 2.917449e+01
  endloop
 endfacet
 facet normal -7.077325e-01 2.931525e-01 6.427880e-01
  outer loop
   vertex 3.908181e+01 -2.542817e+01 3.215363e+01
   vertex 4.561544e+01 -9.654578e+00 3.215363e+01
   vertex 4.006518e+01 -1.743777e+01 2.959223e+01
  endloop
 endfacet
 facet normal -7.077324e-01 2.931524e-01 6.427881e-01
  outer loop
   vertex 4.330593e+01 -8.697946e+00 2.917449e+01
   vertex 4.006518e+01 -1.743777e+01 2.959223e+01
   vertex 4.561544e+01 -9.654578e+00 3.215363e+01
  endloop
 endfacet
 facet normal -3.826830e-01 -9.238797e-01 -2.377319e-07
  outer loop
   vertex 4.424076e+01 -9.085165e+00 3.244479e+01
   vertex 4.330593e+01 -8.697946e+00 2.917449e+01
   vertex 4.561544e+01 -9.654578e+00 3.215363e+01
  endloop
 endfacet
 facet normal -3.826830e-01 -9.238797e-01 -3.484596e-07
  outer loop
   vertex 4.561544e+01 -9.654578e+00 3.215363e+01
   vertex 4.653528e+01 -1.003559e+01 3.540459e+01
   vertex 4.424076e+01 -9.085165e+00 3.244479e+01
  endloop
 endfacet
 facet normal 3.826833e-01 9.238796e-01 2.360757e-07
  outer loop
   vertex 3.908181e+01 -2.542817e+01 3.215363e+01
   vertex 3.770712e+01 -2.485876e+01 3.244479e+01
   vertex 4.000164e+01 -2.580918e+01 3.540459e+01
  endloop
 endfacet
 facet normal 3.826833e-01 9.238796e-01 3.782964e-07
  outer loop
   vertex 3.770712e+01 -2.485876e+01 3.244479e+01
   vertex 3.908181e+01 -2.542817e+01 3.215363e+01
   vertex 3.677229e+01 -2.447154e+01 2.917449e+01
  endloop
 endfacet
 facet normal -7.077325e-01 2.931525e-01 6.427879e-01
  outer loop
   vertex 4.653528e+01 -1.003559e+01 3.540459e+01
   vertex 4.720842e+01 -8.410491e+00 3.540459e+01
   vertex 4.491389e+01 -7.460068e+00 3.244479e+01
  endloop
 endfacet
 facet normal -7.077330e-01 2.931527e-01 6.427873e-01
  outer loop
   vertex 3.932851e+01 -2.743428e+01 3.540459e+01
   vertex 4.000164e+01 -2.580918e+01 3.540459e+01
   vertex 3.770712e+01 -2.485876e+01 3.244479e+01
  endloop
 endfacet
 facet normal -3.826833e-01 -9.238796e-01 -6.761416e-08
  outer loop
   vertex 4.674554e+01 -8.218760e+00 3.885239e+01
   vertex 4.491389e+01 -7.460068e+00 3.244479e+01
   vertex 4.720842e+01 -8.410491e+00 3.540459e+01
  endloop
 endfacet
 facet normal -3.826832e-01 -9.238796e-01 -5.760396e-08
  outer loop
   vertex 4.720842e+01 -8.410491e+00 3.540459e+01
   vertex 4.901069e+01 -9.157017e+00 4.177431e+01
   vertex 4.674554e+01 -8.218760e+00 3.885239e+01
  endloop
 endfacet
 facet normal 7.077327e-01 -2.931526e-01 -6.427876e-01
  outer loop
   vertex 4.901069e+01 -9.157017e+00 4.177431e+01
   vertex 4.113078e+01 -2.818080e+01 4.177431e+01
   vertex 4.674554e+01 -8.218760e+00 3.885239e+01
  endloop
 endfacet
 facet normal 3.826838e-01 9.238794e-01 -2.740642e-07
  outer loop
   vertex 3.932851e+01 -2.743428e+01 3.540459e+01
   vertex 3.886563e+01 -2.724255e+01 3.885239e+01
   vertex 4.113078e+01 -2.818080e+01 4.177431e+01
  endloop
 endfacet
 facet normal 3.826839e-01 9.238794e-01 -2.644284e-07
  outer loop
   vertex 3.886563e+01 -2.724255e+01 3.885239e+01
   vertex 3.932851e+01 -2.743428e+01 3.540459e+01
   vertex 3.703399e+01 -2.648386e+01 3.244479e+01
  endloop
 endfacet
 facet normal -8.387520e-02 -7.021145e-01 7.071069e-01
  outer loop
   vertex -3.900452e+01 4.659513e+00 1.575632e+01
   vertex -3.847123e+01 7.012870e+00 1.815632e+01
   vertex -4.018053e+01 7.217064e+00 1.815632e+01
  endloop
 endfacet
 facet normal -8.387505e-02 -7.021146e-01 7.071069e-01
  outer loop
   vertex -3.847123e+01 7.012870e+00 1.815632e+01
   vertex -3.900452e+01 4.659513e+00 1.575632e+01
   vertex -3.730278e+01 4.456222e+00 1.575632e+01
  endloop
 endfacet
 facet normal 8.387505e-02 7.021146e-01 7.071069e-01
  outer loop
   vertex -3.841595e+01 2.286473e+00 1.804279e+01
   vertex -3.730278e+01 4.456222e+00 1.575632e+01
   vertex -3.900452e+01 4.659513e+00 1.575632e+01
  endloop
 endfacet
 facet normal 8.387540e-02 7.021146e-01 7.071068e-01
  outer loop
   vertex -3.900452e+01 4.659513e+00 1.575632e+01
   vertex -4.017624e+01 2.391243e+00 1.814756e+01
   vertex -3.841595e+01 2.286473e+00 1.804279e+01
  endloop
 endfacet
 facet normal -9.233317e-02 -7.729175e-01 -6.277525e-01
  outer loop
   vertex -4.018053e+01 7.217064e+00 1.815632e+01
   vertex -3.969638e+01 5.115372e+00 2.067281e+01
   vertex -4.141638e+01 5.316261e+00 2.067845e+01
  endloop
 endfacet
 facet normal -9.233338e-02 -7.729175e-01 -6.277524e-01
  outer loop
   vertex -3.969638e+01 5.115372e+00 2.067281e+01
   vertex -4.018053e+01 7.217064e+00 1.815632e+01
   vertex -3.847123e+01 7.012870e+00 1.815632e+01
  endloop
 endfacet
 facet normal -7.974104e-02 -7.025963e-01 7.071066e-01
  outer loop
   vertex -4.141638e+01 5.316261e+00 2.067845e+01
   vertex -4.056973e+01 7.019869e+00 2.246667e+01
   vertex -4.229261e+01 7.215408e+00 2.246667e+01
  endloop
 endfacet
 facet normal -7.974130e-02 -7.025963e-01 7.071066e-01
  outer loop
   vertex -4.056973e+01 7.019869e+00 2.246667e+01
   vertex -4.141638e+01 5.316261e+00 2.067845e+01
   vertex -3.969638e+01 5.115372e+00 2.067281e+01
  endloop
 endfacet
 facet normal 8.778255e-02 7.734477e-01 -6.277523e-01
  outer loop
   vertex -4.201860e+01 4.768901e+00 2.544267e+01
   vertex -4.063110e+01 2.298336e+00 2.259273e+01
   vertex -4.229712e+01 2.392576e+00 2.247587e+01
  endloop
 endfacet
 facet normal 8.778254e-02 7.734477e-01 -6.277523e-01
  outer loop
   vertex -4.229712e+01 2.392576e+00 2.247587e+01
   vertex -4.375085e+01 4.965504e+00 2.544267e+01
   vertex -4.201860e+01 4.768901e+00 2.544267e+01
  endloop
 endfacet
 facet normal -8.778252e-02 -7.734475e-01 -6.277525e-01
  outer loop
   vertex -4.229261e+01 7.215408e+00 2.246667e+01
   vertex -4.201860e+01 4.768901e+00 2.544267e+01
   vertex -4.375085e+01 4.965504e+00 2.544267e+01
  endloop
 endfacet
 facet normal -8.778228e-02 -7.734475e-01 -6.277525e-01
  outer loop
   vertex -4.201860e+01 4.768901e+00 2.544267e+01
   vertex -4.229261e+01 7.215408e+00 2.246667e+01
   vertex -4.056973e+01 7.019869e+00 2.246667e+01
  endloop
 endfacet
 facet normal 2.873051e-07 -7.071068e-01 7.071068e-01
  outer loop
   vertex -3.900452e+01 5.472838e-15 1.575632e+01
   vertex -3.841595e+01 2.286473e+00 1.804279e+01
   vertex -4.017624e+01 2.391243e+00 1.814756e+01
  endloop
 endfacet
 facet normal 0.000000e+00 -7.071067e-01 7.071068e-01
  outer loop
   vertex -3.841595e+01 2.286473e+00 1.804279e+01
   vertex -3.900452e+01 5.472838e-15 1.575632e+01
   vertex -3.730278e+01 5.107026e-15 1.575632e+01
  endloop
 endfacet
 facet normal 0.000000e+00 7.071067e-01 7.071068e-01
  outer loop
   vertex -3.841595e+01 -2.286473e+00 1.804279e+01
   vertex -3.730278e+01 5.107026e-15 1.575632e+01
   vertex -3.900452e+01 5.472838e-15 1.575632e+01
  endloop
 endfacet
 facet normal 2.873051e-07 7.071068e-01 7.071068e-01
  outer loop
   vertex -3.900452e+01 5.472838e-15 1.575632e+01
   vertex -4.017624e+01 -2.391243e+00 1.814756e+01
   vertex -3.841595e+01 -2.286473e+00 1.804279e+01
  endloop
 endfacet
 facet normal 0.000000e+00 -7.784130e-01 -6.277524e-01
  outer loop
   vertex -4.229712e+01 2.392576e+00 2.247587e+01
   vertex -4.173140e+01 4.757368e-01 2.485275e+01
   vertex -4.346180e+01 4.757368e-01 2.485275e+01
  endloop
 endfacet
 facet normal -1.173686e-07 -7.784131e-01 -6.277524e-01
  outer loop
   vertex -4.173140e+01 4.757368e-01 2.485275e+01
   vertex -4.229712e+01 2.392576e+00 2.247587e+01
   vertex -4.063110e+01 2.298336e+00 2.259273e+01
  endloop
 endfacet
 facet normal -1.173686e-07 7.784131e-01 -6.277524e-01
  outer loop
   vertex -4.173140e+01 -4.757368e-01 2.485275e+01
   vertex -4.063110e+01 -2.298336e+00 2.259273e+01
   vertex -4.229712e+01 -2.392576e+00 2.247587e+01
  endloop
 endfacet
 facet normal 0.000000e+00 7.784130e-01 -6.277524e-01
  outer loop
   vertex -4.229712e+01 -2.392576e+00 2.247587e+01
   vertex -4.346180e+01 -4.757368e-01 2.485275e+01
   vertex -4.173140e+01 -4.757368e-01 2.485275e+01
  endloop
 endfacet
 facet normal 0.000000e+00 7.071067e-01 7.071068e-01
  outer loop
   vertex -4.266822e+01 -2.400000e+00 2.677702e+01
   vertex -4.173140e+01 -4.757368e-01 2.485275e+01
   vertex -4.346180e+01 -4.757368e-01 2.485275e+01
  endloop
 endfacet
 facet normal 0.000000e+00 7.071067e-01 7.071068e-01
  outer loop
   vertex -4.346180e+01 -4.757368e-01 2.485275e+01
   vertex -4.440469e+01 -2.400000e+00 2.677702e+01
   vertex -4.266822e+01 -2.400000e+00 2.677702e+01
  endloop
 endfacet
 facet normal 0.000000e+00 -7.071067e-01 7.071068e-01
  outer loop
   vertex -4.346180e+01 4.757368e-01 2.485275e+01
   vertex -4.266822e+01 2.400000e+00 2.677702e+01
   vertex -4.440469e+01 2.400000e+00 2.677702e+01
  endloop
 endfacet
 facet normal 0.000000e+00 -7.071067e-01 7.071068e-01
  outer loop
   vertex -4.266822e+01 2.400000e+00 2.677702e+01
   vertex -4.346180e+01 4.757368e-01 2.485275e+01
   vertex -4.173140e+01 4.757368e-01 2.485275e+01
  endloop
 endfacet
 facet normal 0.000000e+00 7.784132e-01 -6.277523e-01
  outer loop
   vertex -4.382990e+01 -4.757368e-01 2.916310e+01
   vertex -4.266822e+01 -2.400000e+00 2.677702e+01
   vertex -4.440469e+01 -2.400000e+00 2.677702e+01
  endloop
 endfacet
 facet normal 0.000000e+00 7.784132e-01 -6.277523e-01
  outer loop
   vertex -4.440469e+01 -2.400000e+00 2.677702e+01
   vertex -4.557388e+01 -4.757368e-01 2.916310e+01
   vertex -4.382990e+01 -4.757368e-01 2.916310e+01
  endloop
 endfacet
 facet normal 0.000000e+00 -7.784132e-01 -6.277523e-01
  outer loop
   vertex -4.440469e+01 2.400000e+00 2.677702e+01
   vertex -4.382990e+01 4.757368e-01 2.916310e+01
   vertex -4.557388e+01 4.757368e-01 2.916310e+01
  endloop
 endfacet
 facet normal 0.000000e+00 -7.784132e-01 -6.277523e-01
  outer loop
   vertex -4.382990e+01 4.757368e-01 2.916310e+01
   vertex -4.440469e+01 2.400000e+00 2.677702e+01
   vertex -4.266822e+01 2.400000e+00 2.677702e+01
  endloop
 endfacet
 facet normal 0.000000e+00 7.071067e-01 7.071068e-01
  outer loop
   vertex -4.476672e+01 -2.400000e+00 3.108737e+01
   vertex -4.382990e+01 -4.757368e-01 2.916310e+01
   vertex -4.557388e+01 -4.757368e-01 2.916310e+01
  endloop
 endfacet
 facet normal 0.000000e+00 7.071067e-01 7.071068e-01
  outer loop
   vertex -4.557388e+01 -4.757368e-01 2.916310e+01
   vertex -4.651677e+01 -2.400000e+00 3.108737e+01
   vertex -4.476672e+01 -2.400000e+00 3.108737e+01
  endloop
 endfacet
 facet normal 0.000000e+00 -7.071067e-01 7.071068e-01
  outer loop
   vertex -4.557388e+01 4.757368e-01 2.916310e+01
   vertex -4.476672e+01 2.400000e+00 3.108737e+01
   vertex -4.651677e+01 2.400000e+00 3.108737e+01
  endloop
 endfacet
 facet normal 0.000000e+00 -7.071067e-01 7.071068e-01
  outer loop
   vertex -4.476672e+01 2.400000e+00 3.108737e+01
   vertex -4.557388e+01 4.757368e-01 2.916310e+01
   vertex -4.382990e+01 4.757368e-01 2.916310e+01
  endloop
 endfacet
 facet normal 0.000000e+00 7.784132e-01 -6.277523e-01
  outer loop
   vertex -4.592839e+01 -4.757368e-01 3.347345e+01
   vertex -4.476672e+01 -2.400000e+00 3.108737e+01
   vertex -4.651677e+01 -2.400000e+00 3.108737e+01
  endloop
 endfacet
 facet normal 0.000000e+00 7.784132e-01 -6.277523e-01
  outer loop
   vertex -4.651677e+01 -2.400000e+00 3.108737e+01
   vertex -4.768596e+01 -4.757368e-01 3.347345e+01
   vertex -4.592839e+01 -4.757368e-01 3.347345e+01
  endloop
 endfacet
 facet normal 0.000000e+00 -7.784132e-01 -6.277523e-01
  outer loop
   vertex -4.651677e+01 2.400000e+00 3.108737e+01
   vertex -4.592839e+01 4.757368e-01 3.347345e+01
   vertex -4.768596e+01 4.757368e-01 3.347345e+01
  endloop
 endfacet
 facet normal 0.000000e+00 -7.784132e-01 -6.277523e-01
  outer loop
   vertex -4.592839e+01 4.757368e-01 3.347345e+01
   vertex -4.651677e+01 2.400000e+00 3.108737e+01
   vertex -4.476672e+01 2.400000e+00 3.108737e+01
  endloop
 endfacet
 facet normal 0.000000e+00 7.071067e-01 7.071068e-01
  outer loop
   vertex -4.686523e+01 -2.400000e+00 3.539772e+01
   vertex -4.592839e+01 -4.757368e-01 3.347345e+01
   vertex -4.768596e+01 -4.757368e-01 3.347345e+01
  endloop
 endfacet
 facet normal 0.000000e+00 7.071067e-01 7.071068e-01
  outer loop
   vertex -4.768596e+01 -4.757368e-01 3.347345e+01
   vertex -4.862885e+01 -2.400000e+00 3.539772e+01
   vertex -4.686523e+01 -2.400000e+00 3.539772e+01
  endloop
 endfacet
 facet normal 0.000000e+00 -7.071067e-01 7.071068e-01
  outer loop
   vertex -4.768596e+01 4.757368e-01 3.347345e+01
   vertex -4.686523e+01 2.400000e+00 3.539772e+01
   vertex -4.862885e+01 2.400000e+00 3.539772e+01
  endloop
 endfacet
 facet normal 0.000000e+00 -7.071067e-01 7.071068e-01
  outer loop
   vertex -4.686523e+01 2.400000e+00 3.539772e+01
   vertex -4.768596e+01 4.757368e-01 3.347345e+01
   vertex -4.592839e+01 4.757368e-01 3.347345e+01
  endloop
 endfacet
 facet normal 0.000000e+00 7.784128e-01 -6.277527e-01
  outer loop
   vertex -4.831409e+01 4.440892e-15 3.837371e+01
   vertex -4.686523e+01 -2.400000e+00 3.539772e+01
   vertex -4.862885e+01 -2.400000e+00 3.539772e+01
  endloop
 endfacet
 facet normal -7.861754e-16 7.784128e-01 -6.277527e-01
  outer loop
   vertex -4.862885e+01 -2.400000e+00 3.539772e+01
   vertex -5.008710e+01 2.576447e-15 3.837371e+01
   vertex -4.831409e+01 4.440892e-15 3.837371e+01
  endloop
 endfacet
 facet normal 7.861754e-16 -7.784128e-01 -6.277527e-01
  outer loop
   vertex -4.862885e+01 2.400000e+00 3.539772e+01
   vertex -4.831409e+01 4.440892e-15 3.837371e+01
   vertex -5.008710e+01 2.576447e-15 3.837371e+01
  endloop
 endfacet
 facet normal 0.000000e+00 -7.784128e-01 -6.277527e-01
  outer loop
   vertex -4.831409e+01 4.440892e-15 3.837371e+01
   vertex -4.862885e+01 2.400000e+00 3.539772e+01
   vertex -4.686523e+01 2.400000e+00 3.539772e+01
  endloop
 endfacet
 facet normal 8.387540e-02 -7.021146e-01 7.071068e-01
  outer loop
   vertex -3.900452e+01 -4.659513e+00 1.575632e+01
   vertex -3.841595e+01 -2.286473e+00 1.804279e+01
   vertex -4.017624e+01 -2.391243e+00 1.814756e+01
  endloop
 endfacet
 facet normal 8.387505e-02 -7.021146e-01 7.071069e-01
  outer loop
   vertex -3.841595e+01 -2.286473e+00 1.804279e+01
   vertex -3.900452e+01 -4.659513e+00 1.575632e+01
   vertex -3.730278e+01 -4.456222e+00 1.575632e+01
  endloop
 endfacet
 facet normal -8.387505e-02 7.021146e-01 7.071069e-01
  outer loop
   vertex -3.847123e+01 -7.012870e+00 1.815632e+01
   vertex -3.730278e+01 -4.456222e+00 1.575632e+01
   vertex -3.900452e+01 -4.659513e+00 1.575632e+01
  endloop
 endfacet
 facet normal -8.387520e-02 7.021145e-01 7.071069e-01
  outer loop
   vertex -3.900452e+01 -4.659513e+00 1.575632e+01
   vertex -4.018053e+01 -7.217064e+00 1.815632e+01
   vertex -3.847123e+01 -7.012870e+00 1.815632e+01
  endloop
 endfacet
 facet normal -9.233338e-02 7.729175e-01 -6.277524e-01
  outer loop
   vertex -3.969638e+01 -5.115372e+00 2.067281e+01
   vertex -3.847123e+01 -7.012870e+00 1.815632e+01
   vertex -4.018053e+01 -7.217064e+00 1.815632e+01
  endloop
 endfacet
 facet normal -9.233317e-02 7.729175e-01 -6.277525e-01
  outer loop
   vertex -4.018053e+01 -7.217064e+00 1.815632e+01
   vertex -4.141638e+01 -5.316261e+00 2.067845e+01
   vertex -3.969638e+01 -5.115372e+00 2.067281e+01
  endloop
 endfacet
 facet normal -7.974130e-02 7.025963e-01 7.071066e-01
  outer loop
   vertex -4.056973e+01 -7.019869e+00 2.246667e+01
   vertex -3.969638e+01 -5.115372e+00 2.067281e+01
   vertex -4.141638e+01 -5.316261e+00 2.067845e+01
  endloop
 endfacet
 facet normal -7.974104e-02 7.025963e-01 7.071066e-01
  outer loop
   vertex -4.141638e+01 -5.316261e+00 2.067845e+01
   vertex -4.229261e+01 -7.215408e+00 2.246667e+01
   vertex -4.056973e+01 -7.019869e+00 2.246667e+01
  endloop
 endfacet
 facet normal 8.778254e-02 -7.734477e-01 -6.277523e-01
  outer loop
   vertex -4.229712e+01 -2.392576e+00 2.247587e+01
   vertex -4.201860e+01 -4.768901e+00 2.544267e+01
   vertex -4.375085e+01 -4.965504e+00 2.544267e+01
  endloop
 endfacet
 facet normal 8.778255e-02 -7.734477e-01 -6.277523e-01
  outer loop
   vertex -4.201860e+01 -4.768901e+00 2.544267e+01
   vertex -4.229712e+01 -2.392576e+00 2.247587e+01
   vertex -4.063110e+01 -2.298336e+00 2.259273e+01
  endloop
 endfacet
 facet normal -8.778228e-02 7.734475e-01 -6.277525e-01
  outer loop
   vertex -4.201860e+01 -4.768901e+00 2.544267e+01
   vertex -4.056973e+01 -7.019869e+00 2.246667e+01
   vertex -4.229261e+01 -7.215408e+00 2.246667e+01
  endloop
 endfacet
 facet normal -8.778252e-02 7.734475e-01 -6.277525e-01
  outer loop
   vertex -4.229261e+01 -7.215408e+00 2.246667e+01
   vertex -4.375085e+01 -4.965504e+00 2.544267e+01
   vertex -4.201860e+01 -4.768901e+00 2.544267e+01
  endloop
 endfacet
 facet normal 8.895120e-01 4.569118e-01 -0.000000e+00
  outer loop
   vertex 4.416619e+01 2.343817e+01 4.432586e+01
   vertex 4.416619e+01 2.343817e+01 4.475172e+01
   vertex 4.477708e+01 2.224888e+01 4.475172e+01
  endloop
 endfacet
 facet normal 8.983358e-01 4.393020e-01 2.547349e-03
  outer loop
   vertex 4.477708e+01 2.224888e+01 4.475172e+01
   vertex 4.505919e+01 2.167187e+01 4.477633e+01
   vertex 4.490616e+01 2.198719e+01 4.436139e+01
  endloop
 endfacet
 facet normal 8.908959e-01 4.541011e-01 -9.834786e-03
  outer loop
   vertex 4.416619e+01 2.343817e+01 4.432586e+01
   vertex 4.477708e+01 2.224888e+01 4.475172e+01
   vertex 4.490616e+01 2.198719e+01 4.436139e+01
  endloop
 endfacet
 facet normal 8.914363e-01 4.530449e-01 9.572668e-03
  outer loop
   vertex 4.475141e+01 2.230048e+01 4.394559e+01
   vertex 4.439364e+01 2.300445e+01 4.394559e+01
   vertex 4.490616e+01 2.198719e+01 4.436139e+01
  endloop
 endfacet
 facet normal 8.894805e-01 4.568957e-01 -8.412384e-03
  outer loop
   vertex 4.416619e+01 2.343817e+01 4.475172e+01
   vertex 4.428679e+01 2.320949e+01 4.508307e+01
   vertex 4.477708e+01 2.224888e+01 4.475172e+01
  endloop
 endfacet
 facet normal 8.982005e-01 4.394993e-01 8.724487e-03
  outer loop
   vertex 4.521045e+01 2.135451e+01 4.519035e+01
   vertex 4.505919e+01 2.167187e+01 4.477633e+01
   vertex 4.477708e+01 2.224888e+01 4.475172e+01
  endloop
 endfacet
 facet normal 9.039618e-01 4.275989e-01 3.488491e-03
  outer loop
   vertex 4.505837e+01 2.167355e+01 4.549147e+01
   vertex 4.535994e+01 2.103511e+01 4.560344e+01
   vertex 4.521045e+01 2.135451e+01 4.519035e+01
  endloop
 endfacet
 facet normal 8.989504e-01 4.379363e-01 -9.995402e-03
  outer loop
   vertex 4.474908e+01 2.230515e+01 4.534765e+01
   vertex 4.505837e+01 2.167355e+01 4.549147e+01
   vertex 4.521045e+01 2.135451e+01 4.519035e+01
  endloop
 endfacet
 facet normal 8.963253e-01 4.416025e-01 -3.985233e-02
  outer loop
   vertex 4.474908e+01 2.230515e+01 4.534765e+01
   vertex 4.521045e+01 2.135451e+01 4.519035e+01
   vertex 4.451911e+01 2.276068e+01 4.522311e+01
  endloop
 endfacet
 facet normal 8.974515e-01 4.409389e-01 1.239974e-02
  outer loop
   vertex 4.451911e+01 2.276068e+01 4.522311e+01
   vertex 4.521045e+01 2.135451e+01 4.519035e+01
   vertex 4.477708e+01 2.224888e+01 4.475172e+01
  endloop
 endfacet
 facet normal 8.892731e-01 4.572714e-01 -9.808437e-03
  outer loop
   vertex 4.451911e+01 2.276068e+01 4.522311e+01
   vertex 4.477708e+01 2.224888e+01 4.475172e+01
   vertex 4.428679e+01 2.320949e+01 4.508307e+01
  endloop
 endfacet
 facet normal 8.906095e-01 4.545451e-01 1.426227e-02
  outer loop
   vertex 4.439364e+01 2.300445e+01 4.394559e+01
   vertex 4.416619e+01 2.343817e+01 4.432586e+01
   vertex 4.490616e+01 2.198719e+01 4.436139e+01
  endloop
 endfacet
 facet normal 8.766918e-01 4.809757e-01 8.592322e-03
  outer loop
   vertex 4.364497e+01 2.439501e+01 4.394559e+01
   vertex 4.416619e+01 2.343817e+01 4.432586e+01
   vertex 4.402480e+01 2.370269e+01 4.394559e+01
  endloop
 endfacet
 facet normal 8.610776e-01 5.084292e-01 -6.722115e-03
  outer loop
   vertex 4.309571e+01 2.535270e+01 4.416803e+01
   vertex 4.325426e+01 2.508125e+01 4.394559e+01
   vertex 4.285276e+01 2.576123e+01 4.394559e+01
  endloop
 endfacet
 facet normal 8.689152e-01 4.947151e-01 1.560074e-02
  outer loop
   vertex 4.364497e+01 2.439501e+01 4.394559e+01
   vertex 4.325426e+01 2.508125e+01 4.394559e+01
   vertex 4.309571e+01 2.535270e+01 4.416803e+01
  endloop
 endfacet
 facet normal 8.664393e-01 4.991870e-01 -9.766689e-03
  outer loop
   vertex 4.309571e+01 2.535270e+01 4.416803e+01
   vertex 4.333731e+01 2.493748e+01 4.437800e+01
   vertex 4.364497e+01 2.439501e+01 4.394559e+01
  endloop
 endfacet
 facet normal 8.797930e-01 4.753073e-01 -6.871312e-03
  outer loop
   vertex 4.405228e+01 2.365156e+01 4.492804e+01
   vertex 4.416619e+01 2.343817e+01 4.475172e+01
   vertex 4.381576e+01 2.408692e+01 4.475851e+01
  endloop
 endfacet
 facet normal 8.798439e-01 4.752628e-01 -0.000000e+00
  outer loop
   vertex 4.416619e+01 2.343817e+01 4.432586e+01
   vertex 4.381576e+01 2.408692e+01 4.475851e+01
   vertex 4.416619e+01 2.343817e+01 4.475172e+01
  endloop
 endfacet
 facet normal 8.830354e-01 4.692997e-01 2.494177e-03
  outer loop
   vertex 4.428679e+01 2.320949e+01 4.508307e+01
   vertex 4.416619e+01 2.343817e+01 4.475172e+01
   vertex 4.405228e+01 2.365156e+01 4.492804e+01
  endloop
 endfacet
 facet normal 8.761840e-01 4.818074e-01 -1.277769e-02
  outer loop
   vertex 4.381576e+01 2.408692e+01 4.475851e+01
   vertex 4.416619e+01 2.343817e+01 4.432586e+01
   vertex 4.357738e+01 2.451555e+01 4.457499e+01
  endloop
 endfacet
 facet normal 8.744021e-01 4.843854e-01 -2.813774e-02
  outer loop
   vertex 4.333731e+01 2.493748e+01 4.437800e+01
   vertex 4.357738e+01 2.451555e+01 4.457499e+01
   vertex 4.416619e+01 2.343817e+01 4.432586e+01
  endloop
 endfacet
 facet normal 8.752870e-01 4.833248e-01 1.642853e-02
  outer loop
   vertex 4.333731e+01 2.493748e+01 4.437800e+01
   vertex 4.416619e+01 2.343817e+01 4.432586e+01
   vertex 4.364497e+01 2.439501e+01 4.394559e+01
  endloop
 endfacet
 facet normal 8.842059e-01 4.670813e-01 -3.866596e-03
  outer loop
   vertex 4.439364e+01 2.300445e+01 4.394559e+01
   vertex 4.402480e+01 2.370269e+01 4.394559e+01
   vertex 4.416619e+01 2.343817e+01 4.432586e+01
  endloop
 endfacet
 facet normal -6.739176e-01 -3.547448e-01 -6.480672e-01
  outer loop
   vertex 4.443020e+01 2.274548e+01 4.404675e+01
   vertex 4.435358e+01 2.270625e+01 4.414790e+01
   vertex 4.382505e+01 2.371030e+01 4.414790e+01
  endloop
 endfacet
 facet normal -6.792226e-01 -3.786170e-01 -6.287335e-01
  outer loop
   vertex 4.355957e+01 2.420979e+01 4.413921e+01
   vertex 4.332566e+01 2.472732e+01 4.408026e+01
   vertex 4.390076e+01 2.375126e+01 4.404675e+01
  endloop
 endfacet
 facet normal -6.677441e-01 -3.661746e-01 -6.481003e-01
  outer loop
   vertex 4.355957e+01 2.420979e+01 4.413921e+01
   vertex 4.382505e+01 2.371030e+01 4.414790e+01
   vertex 4.379180e+01 2.369185e+01 4.419258e+01
  endloop
 endfacet
 facet normal -6.677525e-01 -3.661790e-01 -6.480891e-01
  outer loop
   vertex 4.382505e+01 2.371030e+01 4.414790e+01
   vertex 4.355957e+01 2.420979e+01 4.413921e+01
   vertex 4.390076e+01 2.375126e+01 4.404675e+01
  endloop
 endfacet
 facet normal -6.616455e-01 -3.906731e-01 -6.399998e-01
  outer loop
   vertex 4.325426e+01 2.508125e+01 4.394559e+01
   vertex 4.309006e+01 2.524446e+01 4.401572e+01
   vertex 4.285276e+01 2.576123e+01 4.394559e+01
  endloop
 endfacet
 facet normal -6.513236e-01 -3.708298e-01 -6.620142e-01
  outer loop
   vertex 4.325426e+01 2.508125e+01 4.394559e+01
   vertex 4.364497e+01 2.439501e+01 4.394559e+01
   vertex 4.309006e+01 2.524446e+01 4.401572e+01
  endloop
 endfacet
 facet normal -6.683101e-01 -3.839815e-01 -6.371184e-01
  outer loop
   vertex 4.364497e+01 2.439501e+01 4.394559e+01
   vertex 4.332566e+01 2.472732e+01 4.408026e+01
   vertex 4.309006e+01 2.524446e+01 4.401572e+01
  endloop
 endfacet
 facet normal -6.699676e-01 -3.675615e-01 -6.450131e-01
  outer loop
   vertex 4.402480e+01 2.370269e+01 4.394559e+01
   vertex 4.390076e+01 2.375126e+01 4.404675e+01
   vertex 4.364497e+01 2.439501e+01 4.394559e+01
  endloop
 endfacet
 facet normal -6.576737e-01 -3.648799e-01 -6.590356e-01
  outer loop
   vertex 4.364497e+01 2.439501e+01 4.394559e+01
   vertex 4.390076e+01 2.375126e+01 4.404675e+01
   vertex 4.332566e+01 2.472732e+01 4.408026e+01
  endloop
 endfacet
 facet normal -6.739569e-01 -3.547655e-01 -6.480150e-01
  outer loop
   vertex 4.435358e+01 2.270625e+01 4.414790e+01
   vertex 4.379180e+01 2.369185e+01 4.419258e+01
   vertex 4.382505e+01 2.371030e+01 4.414790e+01
  endloop
 endfacet
 facet normal -6.759235e-01 -3.509130e-01 -6.480645e-01
  outer loop
   vertex 4.425126e+01 2.265464e+01 4.428256e+01
   vertex 4.402235e+01 2.317348e+01 4.424036e+01
   vertex 4.435358e+01 2.270625e+01 4.414790e+01
  endloop
 endfacet
 facet normal -6.798562e-01 -3.431831e-01 -6.480902e-01
  outer loop
   vertex 4.435358e+01 2.270625e+01 4.414790e+01
   vertex 4.447850e+01 2.213532e+01 4.431918e+01
   vertex 4.425126e+01 2.265464e+01 4.428256e+01
  endloop
 endfacet
 facet normal -7.002383e-01 -3.413242e-01 -6.270280e-01
  outer loop
   vertex 4.447850e+01 2.213532e+01 4.431918e+01
   vertex 4.435358e+01 2.270625e+01 4.414790e+01
   vertex 4.470411e+01 2.161549e+01 4.435020e+01
  endloop
 endfacet
 facet normal -6.666972e-01 -3.509435e-01 -6.575359e-01
  outer loop
   vertex 4.439364e+01 2.300445e+01 4.394559e+01
   vertex 4.443020e+01 2.274548e+01 4.404675e+01
   vertex 4.390076e+01 2.375126e+01 4.404675e+01
  endloop
 endfacet
 facet normal -6.797700e-01 -3.433618e-01 -6.480860e-01
  outer loop
   vertex 4.443020e+01 2.274548e+01 4.404675e+01
   vertex 4.475141e+01 2.230048e+01 4.394559e+01
   vertex 4.435358e+01 2.270625e+01 4.414790e+01
  endloop
 endfacet
 facet normal -6.775289e-01 -3.388084e-01 -6.528120e-01
  outer loop
   vertex 4.470411e+01 2.161549e+01 4.435020e+01
   vertex 4.435358e+01 2.270625e+01 4.414790e+01
   vertex 4.475141e+01 2.230048e+01 4.394559e+01
  endloop
 endfacet
 facet normal -6.833648e-01 -3.472989e-01 -6.421807e-01
  outer loop
   vertex 4.439364e+01 2.300445e+01 4.394559e+01
   vertex 4.475141e+01 2.230048e+01 4.394559e+01
   vertex 4.443020e+01 2.274548e+01 4.404675e+01
  endloop
 endfacet
 facet normal -6.886440e-01 -3.640868e-01 -6.270648e-01
  outer loop
   vertex 4.402235e+01 2.317348e+01 4.424036e+01
   vertex 4.379180e+01 2.369185e+01 4.419258e+01
   vertex 4.435358e+01 2.270625e+01 4.414790e+01
  endloop
 endfacet
 facet normal -7.124545e-01 3.708808e-01 -5.956979e-01
  outer loop
   vertex 4.635091e+01 1.643078e+01 4.283952e+01
   vertex 4.650208e+01 1.541504e+01 4.202632e+01
   vertex 4.542001e+01 1.464255e+01 4.283952e+01
  endloop
 endfacet
 facet normal -8.351592e-01 4.347572e-01 -3.368906e-01
  outer loop
   vertex 4.650208e+01 1.541504e+01 4.202632e+01
   vertex 4.649649e+01 1.466564e+01 4.107306e+01
   vertex 4.556963e+01 1.362383e+01 4.202632e+01
  endloop
 endfacet
 facet normal -8.859425e-01 4.611924e-01 -4.906662e-02
  outer loop
   vertex 4.649649e+01 1.466564e+01 4.107306e+01
   vertex 4.633463e+01 1.424713e+01 4.006184e+01
   vertex 4.556224e+01 1.287096e+01 4.107306e+01
  endloop
 endfacet
 facet normal -8.604289e-01 4.479101e-01 2.429789e-01
  outer loop
   vertex 4.633463e+01 1.424713e+01 4.006184e+01
   vertex 4.603045e+01 1.419555e+01 3.907974e+01
   vertex 4.539846e+01 1.244876e+01 4.006184e+01
  endloop
 endfacet
 facet normal -7.608152e-01 3.960556e-01 5.141014e-01
  outer loop
   vertex 4.603045e+01 1.419555e+01 3.907974e+01
   vertex 4.561012e+01 1.451534e+01 3.821134e+01
   vertex 4.467043e+01 1.271022e+01 3.821134e+01
  endloop
 endfacet
 facet normal -5.956788e-01 3.100916e-01 7.409521e-01
  outer loop
   vertex 4.561012e+01 1.451534e+01 3.821134e+01
   vertex 4.510985e+01 1.517896e+01 3.753143e+01
   vertex 4.416887e+01 1.337136e+01 3.753143e+01
  endloop
 endfacet
 facet normal -3.792450e-01 1.974217e-01 9.039900e-01
  outer loop
   vertex 4.510985e+01 1.517896e+01 3.753143e+01
   vertex 4.457273e+01 1.612927e+01 3.709856e+01
   vertex 4.363093e+01 1.432009e+01 3.709856e+01
  endloop
 endfacet
 facet normal -1.301515e-01 6.775262e-02 9.891765e-01
  outer loop
   vertex 4.457273e+01 1.612927e+01 3.709856e+01
   vertex 4.404501e+01 1.728441e+01 3.695000e+01
   vertex 4.310292e+01 1.547469e+01 3.695000e+01
  endloop
 endfacet
 facet normal 1.301515e-01 -6.775258e-02 9.891765e-01
  outer loop
   vertex 4.404501e+01 1.728441e+01 3.695000e+01
   vertex 4.357213e+01 1.854492e+01 3.709856e+01
   vertex 4.263033e+01 1.673574e+01 3.709856e+01
  endloop
 endfacet
 facet normal 3.792453e-01 -1.974224e-01 9.039897e-01
  outer loop
   vertex 4.357213e+01 1.854492e+01 3.709856e+01
   vertex 4.319483e+01 1.980223e+01 3.753143e+01
   vertex 4.225385e+01 1.799463e+01 3.753143e+01
  endloop
 endfacet
 facet normal 5.956801e-01 -3.100920e-01 7.409509e-01
  outer loop
   vertex 4.319483e+01 1.980223e+01 3.753143e+01
   vertex 4.294559e+01 2.094807e+01 3.821134e+01
   vertex 4.200591e+01 1.914296e+01 3.821134e+01
  endloop
 endfacet
 facet normal 7.608148e-01 -3.960543e-01 5.141030e-01
  outer loop
   vertex 4.294559e+01 2.094807e+01 3.821134e+01
   vertex 4.284588e+01 2.188377e+01 3.907974e+01
   vertex 4.190784e+01 2.008182e+01 3.907974e+01
  endloop
 endfacet
 facet normal 8.604280e-01 -4.479115e-01 2.429793e-01
  outer loop
   vertex 4.284588e+01 2.188377e+01 3.907974e+01
   vertex 4.290429e+01 2.252872e+01 4.006184e+01
   vertex 4.196811e+01 2.073036e+01 4.006184e+01
  endloop
 endfacet
 facet normal 8.859424e-01 -4.611923e-01 -4.906746e-02
  outer loop
   vertex 4.290429e+01 2.252872e+01 4.006184e+01
   vertex 4.311578e+01 2.282741e+01 4.107306e+01
   vertex 4.218153e+01 2.103273e+01 4.107306e+01
  endloop
 endfacet
 facet normal 8.351589e-01 -4.347574e-01 -3.368912e-01
  outer loop
   vertex 4.311578e+01 2.282741e+01 4.107306e+01
   vertex 4.346214e+01 2.275409e+01 4.202632e+01
   vertex 4.252970e+01 2.096289e+01 4.202632e+01
  endloop
 endfacet
 facet normal 7.124548e-01 -3.708815e-01 -5.956971e-01
  outer loop
   vertex 4.346214e+01 2.275409e+01 4.202632e+01
   vertex 4.391354e+01 2.231509e+01 4.283952e+01
   vertex 4.252970e+01 2.096289e+01 4.202632e+01
  endloop
 endfacet
 facet normal 7.341669e-01 -3.821822e-01 -5.611913e-01
  outer loop
   vertex 4.391354e+01 2.231509e+01 4.283952e+01
   vertex 4.470411e+01 2.161549e+01 4.435020e+01
   vertex 4.298265e+01 2.052686e+01 4.283952e+01
  endloop
 endfacet
 facet normal 7.341669e-01 -3.821817e-01 -5.611917e-01
  outer loop
   vertex 4.535994e+01 2.103511e+01 4.560344e+01
   vertex 4.298265e+01 2.052686e+01 4.283952e+01
   vertex 4.470411e+01 2.161549e+01 4.435020e+01
  endloop
 endfacet
 facet normal 7.341620e-01 -3.821856e-01 -5.611954e-01
  outer loop
   vertex 4.490616e+01 2.198719e+01 4.436139e+01
   vertex 4.470411e+01 2.161549e+01 4.435020e+01
   vertex 4.475141e+01 2.230048e+01 4.394559e+01
  endloop
 endfacet
 facet normal 7.341659e-01 -3.821879e-01 -5.611887e-01
  outer loop
   vertex 4.490616e+01 2.198719e+01 4.436139e+01
   vertex 4.505919e+01 2.167187e+01 4.477633e+01
   vertex 4.470411e+01 2.161549e+01 4.435020e+01
  endloop
 endfacet
 facet normal 7.341665e-01 -3.821831e-01 -5.611913e-01
  outer loop
   vertex 4.579642e+01 2.064885e+01 4.643750e+01
   vertex 4.438914e+01 1.794548e+01 4.643750e+01
   vertex 4.450802e+01 1.919246e+01 4.574380e+01
  endloop
 endfacet
 facet normal 7.341665e-01 -3.821831e-01 -5.611913e-01
  outer loop
   vertex 4.535994e+01 2.103511e+01 4.560344e+01
   vertex 4.579642e+01 2.064885e+01 4.643750e+01
   vertex 4.450802e+01 1.919246e+01 4.574380e+01
  endloop
 endfacet
 facet normal 7.341675e-01 -3.821817e-01 -5.611908e-01
  outer loop
   vertex 4.470411e+01 2.161549e+01 4.435020e+01
   vertex 4.505919e+01 2.167187e+01 4.477633e+01
   vertex 4.521045e+01 2.135451e+01 4.519035e+01
  endloop
 endfacet
 facet normal 7.341707e-01 -3.821756e-01 -5.611909e-01
  outer loop
   vertex 4.521045e+01 2.135451e+01 4.519035e+01
   vertex 4.535994e+01 2.103511e+01 4.560344e+01
   vertex 4.470411e+01 2.161549e+01 4.435020e+01
  endloop
 endfacet
 facet normal 7.341666e-01 -3.821832e-01 -5.611911e-01
  outer loop
   vertex 4.535994e+01 2.103511e+01 4.560344e+01
   vertex 4.450802e+01 1.919246e+01 4.574380e+01
   vertex 4.298265e+01 2.052686e+01 4.283952e+01
  endloop
 endfacet
 facet normal -7.341663e-01 3.821836e-01 -5.611911e-01
  outer loop
   vertex 4.590602e+01 1.981507e+01 4.572630e+01
   vertex 4.497766e+01 1.806016e+01 4.574568e+01
   vertex 4.438914e+01 1.794548e+01 4.643750e+01
  endloop
 endfacet
 facet normal -7.341659e-01 3.821828e-01 -5.611922e-01
  outer loop
   vertex 4.438914e+01 1.794548e+01 4.643750e+01
   vertex 4.579642e+01 2.064885e+01 4.643750e+01
   vertex 4.590602e+01 1.981507e+01 4.572630e+01
  endloop
 endfacet
 facet normal -7.341666e-01 3.821837e-01 -5.611907e-01
  outer loop
   vertex 4.590602e+01 1.981507e+01 4.572630e+01
   vertex 4.621176e+01 1.909119e+01 4.483335e+01
   vertex 4.497766e+01 1.806016e+01 4.574568e+01
  endloop
 endfacet
 facet normal -7.341659e-01 3.821831e-01 -5.611920e-01
  outer loop
   vertex 4.610786e+01 1.827963e+01 4.441658e+01
   vertex 4.635091e+01 1.643078e+01 4.283952e+01
   vertex 4.542001e+01 1.464255e+01 4.283952e+01
  endloop
 endfacet
 facet normal -7.341660e-01 3.821835e-01 -5.611916e-01
  outer loop
   vertex 4.650823e+01 1.835714e+01 4.394559e+01
   vertex 4.610786e+01 1.827963e+01 4.441658e+01
   vertex 4.621176e+01 1.909119e+01 4.483335e+01
  endloop
 endfacet
 facet normal -7.341665e-01 3.821833e-01 -5.611911e-01
  outer loop
   vertex 4.610786e+01 1.827963e+01 4.441658e+01
   vertex 4.497766e+01 1.806016e+01 4.574568e+01
   vertex 4.621176e+01 1.909119e+01 4.483335e+01
  endloop
 endfacet
 facet normal -7.341666e-01 3.821829e-01 -5.611913e-01
  outer loop
   vertex 4.542001e+01 1.464255e+01 4.283952e+01
   vertex 4.497766e+01 1.806016e+01 4.574568e+01
   vertex 4.610786e+01 1.827963e+01 4.441658e+01
  endloop
 endfacet
 facet normal -9.998426e-01 -1.774108e-02 -2.045385e-16
  outer loop
   vertex 4.650000e+01 3.106262e-15 4.805840e+01
   vertex 4.650000e+01 -8.320563e-16 4.840000e+01
   vertex 4.647073e+01 1.649593e+00 4.840000e+01
  endloop
 endfacet
 facet normal -9.960682e-01 -8.858980e-02 0.000000e+00
  outer loop
   vertex 4.638296e+01 3.297110e+00 4.805840e+01
   vertex 4.638296e+01 3.297110e+00 4.840000e+01
   vertex 4.623680e+01 4.940475e+00 4.840000e+01
  endloop
 endfacet
 facet normal -9.922984e-01 -1.238708e-01 0.000000e+00
  outer loop
   vertex 4.623680e+01 4.940475e+00 4.805840e+01
   vertex 4.623680e+01 4.940475e+00 4.840000e+01
   vertex 4.603243e+01 6.577622e+00 4.840000e+01
  endloop
 endfacet
 facet normal -9.985840e-01 -5.319781e-02 0.000000e+00
  outer loop
   vertex 4.647073e+01 1.649593e+00 4.805840e+01
   vertex 4.647073e+01 1.649593e+00 4.840000e+01
   vertex 4.638296e+01 3.297110e+00 4.840000e+01
  endloop
 endfacet
 facet normal -9.810179e-01 -1.939172e-01 0.000000e+00
  outer loop
   vertex 4.577011e+01 8.206488e+00 4.805840e+01
   vertex 4.577011e+01 8.206488e+00 4.840000e+01
   vertex 4.545018e+01 9.825023e+00 4.840000e+01
  endloop
 endfacet
 facet normal -9.735211e-01 -2.285971e-01 0.000000e+00
  outer loop
   vertex 4.545018e+01 9.825023e+00 4.805840e+01
   vertex 4.545018e+01 9.825023e+00 4.840000e+01
   vertex 4.507303e+01 1.143119e+01 4.840000e+01
  endloop
 endfacet
 facet normal -9.548625e-01 -2.970481e-01 0.000000e+00
  outer loop
   vertex 4.463913e+01 1.302296e+01 4.805840e+01
   vertex 4.463913e+01 1.302296e+01 4.840000e+01
   vertex 4.414905e+01 1.459835e+01 4.840000e+01
  endloop
 endfacet
 facet normal -9.437225e-01 -3.307384e-01 0.000000e+00
  outer loop
   vertex 4.414905e+01 1.459835e+01 4.805840e+01
   vertex 4.414905e+01 1.459835e+01 4.840000e+01
   vertex 4.360338e+01 1.615535e+01 4.840000e+01
  endloop
 endfacet
 facet normal -9.647985e-01 -2.629901e-01 0.000000e+00
  outer loop
   vertex 4.507303e+01 1.143119e+01 4.805840e+01
   vertex 4.507303e+01 1.143119e+01 4.840000e+01
   vertex 4.463913e+01 1.302296e+01 4.840000e+01
  endloop
 endfacet
 facet normal -9.872795e-01 -1.589946e-01 0.000000e+00
  outer loop
   vertex 4.603243e+01 6.577622e+00 4.805840e+01
   vertex 4.603243e+01 6.577622e+00 4.840000e+01
   vertex 4.577011e+01 8.206488e+00 4.840000e+01
  endloop
 endfacet
 facet normal -9.313960e-01 -3.640076e-01 -0.000000e+00
  outer loop
   vertex 4.300282e+01 1.769202e+01 4.840000e+01
   vertex 4.300282e+01 1.769202e+01 4.805840e+01
   vertex 4.360338e+01 1.615535e+01 4.805840e+01
  endloop
 endfacet
 facet normal -9.178967e-01 -3.968193e-01 0.000000e+00
  outer loop
   vertex 4.300282e+01 1.769202e+01 4.805840e+01
   vertex 4.300282e+01 1.769202e+01 4.840000e+01
   vertex 4.234813e+01 1.920641e+01 4.840000e+01
  endloop
 endfacet
 facet normal -8.874494e-01 -4.609051e-01 0.000000e+00
  outer loop
   vertex 4.164012e+01 2.069663e+01 4.805840e+01
   vertex 4.164012e+01 2.069663e+01 4.840000e+01
   vertex 4.087970e+01 2.216079e+01 4.840000e+01
  endloop
 endfacet
 facet normal -8.705396e-01 -4.920983e-01 0.000000e+00
  outer loop
   vertex 4.087970e+01 2.216079e+01 4.805840e+01
   vertex 4.087970e+01 2.216079e+01 4.840000e+01
   vertex 4.006781e+01 2.359705e+01 4.840000e+01
  endloop
 endfacet
 facet normal -9.032419e-01 -4.291318e-01 0.000000e+00
  outer loop
   vertex 4.234813e+01 1.920641e+01 4.805840e+01
   vertex 4.234813e+01 1.920641e+01 4.840000e+01
   vertex 4.164012e+01 2.069663e+01 4.840000e+01
  endloop
 endfacet
 facet normal -8.334570e-01 -5.525844e-01 0.000000e+00
  outer loop
   vertex 3.920548e+01 2.500361e+01 4.805840e+01
   vertex 3.920548e+01 2.500361e+01 4.840000e+01
   vertex 3.829380e+01 2.637869e+01 4.840000e+01
  endloop
 endfacet
 facet normal -8.133286e-01 -5.818045e-01 0.000000e+00
  outer loop
   vertex 3.829380e+01 2.637869e+01 4.805840e+01
   vertex 3.829380e+01 2.637869e+01 4.840000e+01
   vertex 3.733390e+01 2.772056e+01 4.840000e+01
  endloop
 endfacet
 facet normal -7.700290e-01 -6.380089e-01 0.000000e+00
  outer loop
   vertex 3.632701e+01 2.902754e+01 4.805840e+01
   vertex 3.632701e+01 2.902754e+01 4.840000e+01
   vertex 3.527439e+01 3.029797e+01 4.840000e+01
  endloop
 endfacet
 facet normal -7.469112e-01 -6.649238e-01 0.000000e+00
  outer loop
   vertex 3.527439e+01 3.029797e+01 4.805840e+01
   vertex 3.527439e+01 3.029797e+01 4.840000e+01
   vertex 3.417737e+01 3.153027e+01 4.840000e+01
  endloop
 endfacet
 facet normal -7.921777e-01 -6.102905e-01 0.000000e+00
  outer loop
   vertex 3.733390e+01 2.772056e+01 4.805840e+01
   vertex 3.733390e+01 2.772056e+01 4.840000e+01
   vertex 3.632701e+01 2.902754e+01 4.840000e+01
  endloop
 endfacet
 facet normal -8.525356e-01 -5.226691e-01 0.000000e+00
  outer loop
   vertex 4.006781e+01 2.359705e+01 4.805840e+01
   vertex 4.006781e+01 2.359705e+01 4.840000e+01
   vertex 3.920548e+01 2.500361e+01 4.840000e+01
  endloop
 endfacet
 facet normal -7.228523e-01 -6.910025e-01 -0.000000e+00
  outer loop
   vertex 3.303732e+01 3.272287e+01 4.840000e+01
   vertex 3.303732e+01 3.272287e+01 4.805840e+01
   vertex 3.417737e+01 3.153027e+01 4.805840e+01
  endloop
 endfacet
 facet normal -4.588420e-01 8.885179e-01 0.000000e+00
  outer loop
   vertex -2.351487e+01 4.412540e+01 4.473938e+01
   vertex -2.236566e+01 4.471887e+01 4.473938e+01
   vertex -2.236566e+01 4.471887e+01 4.431969e+01
  endloop
 endfacet
 facet normal -4.316226e-01 9.019248e-01 1.528282e-02
  outer loop
   vertex -2.236566e+01 4.471887e+01 4.431969e+01
   vertex -2.119352e+01 4.528614e+01 4.394559e+01
   vertex -2.197193e+01 4.491363e+01 4.394559e+01
  endloop
 endfacet
 facet normal -4.588212e-01 8.884776e-01 -9.524513e-03
  outer loop
   vertex -2.351487e+01 4.412540e+01 4.473938e+01
   vertex -2.320949e+01 4.428679e+01 4.508307e+01
   vertex -2.236566e+01 4.471887e+01 4.473938e+01
  endloop
 endfacet
 facet normal -4.471665e-01 8.944369e-01 -4.975383e-03
  outer loop
   vertex -2.197193e+01 4.491363e+01 4.394559e+01
   vertex -2.274379e+01 4.452774e+01 4.394559e+01
   vertex -2.236566e+01 4.471887e+01 4.431969e+01
  endloop
 endfacet
 facet normal -4.356297e-01 9.001260e-01 0.000000e+00
  outer loop
   vertex -2.119352e+01 4.528614e+01 4.476217e+01
   vertex -2.119352e+01 4.528614e+01 4.394559e+01
   vertex -2.236566e+01 4.471887e+01 4.431969e+01
  endloop
 endfacet
 facet normal -4.356297e-01 9.001260e-01 0.000000e+00
  outer loop
   vertex -2.236566e+01 4.471887e+01 4.473938e+01
   vertex -2.119352e+01 4.528614e+01 4.476217e+01
   vertex -2.236566e+01 4.471887e+01 4.431969e+01
  endloop
 endfacet
 facet normal -4.294637e-01 9.030841e-01 0.000000e+00
  outer loop
   vertex -2.119352e+01 4.528614e+01 4.557875e+01
   vertex -2.119352e+01 4.528614e+01 4.476217e+01
   vertex -2.175197e+01 4.502057e+01 4.547542e+01
  endloop
 endfacet
 facet normal -4.388712e-01 8.985042e-01 -9.071111e-03
  outer loop
   vertex -2.230515e+01 4.474908e+01 4.534765e+01
   vertex -2.175197e+01 4.502057e+01 4.547542e+01
   vertex -2.119352e+01 4.528614e+01 4.476217e+01
  endloop
 endfacet
 facet normal -4.356076e-01 9.001356e-01 -1.377921e-03
  outer loop
   vertex -2.119352e+01 4.528614e+01 4.476217e+01
   vertex -2.236566e+01 4.471887e+01 4.473938e+01
   vertex -2.230515e+01 4.474908e+01 4.534765e+01
  endloop
 endfacet
 facet normal -4.507735e-01 8.926382e-01 5.033342e-04
  outer loop
   vertex -2.230515e+01 4.474908e+01 4.534765e+01
   vertex -2.236566e+01 4.471887e+01 4.473938e+01
   vertex -2.276068e+01 4.451911e+01 4.522311e+01
  endloop
 endfacet
 facet normal -4.579931e-01 8.889288e-01 -6.924174e-03
  outer loop
   vertex -2.276068e+01 4.451911e+01 4.522311e+01
   vertex -2.236566e+01 4.471887e+01 4.473938e+01
   vertex -2.320949e+01 4.428679e+01 4.508307e+01
  endloop
 endfacet
 facet normal -4.588197e-01 8.884748e-01 9.849528e-03
  outer loop
   vertex -2.351487e+01 4.412540e+01 4.431969e+01
   vertex -2.236566e+01 4.471887e+01 4.431969e+01
   vertex -2.274379e+01 4.452774e+01 4.394559e+01
  endloop
 endfacet
 facet normal -4.777783e-01 8.784804e-01 -1.560317e-04
  outer loop
   vertex -2.426697e+01 4.371629e+01 4.394559e+01
   vertex -2.351487e+01 4.412540e+01 4.431969e+01
   vertex -2.350888e+01 4.412859e+01 4.394559e+01
  endloop
 endfacet
 facet normal -5.077907e-01 8.614406e-01 -8.291301e-03
  outer loop
   vertex -2.535270e+01 4.309571e+01 4.416803e+01
   vertex -2.501782e+01 4.329097e+01 4.394559e+01
   vertex -2.576123e+01 4.285276e+01 4.394559e+01
  endloop
 endfacet
 facet normal -4.928657e-01 8.701038e-01 -1.654533e-03
  outer loop
   vertex -2.493748e+01 4.333731e+01 4.437800e+01
   vertex -2.426697e+01 4.371629e+01 4.394559e+01
   vertex -2.501782e+01 4.329097e+01 4.394559e+01
  endloop
 endfacet
 facet normal -5.032503e-01 8.641402e-01 9.140614e-04
  outer loop
   vertex -2.501782e+01 4.329097e+01 4.394559e+01
   vertex -2.535270e+01 4.309571e+01 4.416803e+01
   vertex -2.493748e+01 4.333731e+01 4.437800e+01
  endloop
 endfacet
 facet normal -4.761314e-01 8.793643e-01 -4.156642e-03
  outer loop
   vertex -2.365156e+01 4.405228e+01 4.492804e+01
   vertex -2.351487e+01 4.412540e+01 4.473938e+01
   vertex -2.408692e+01 4.381576e+01 4.475851e+01
  endloop
 endfacet
 facet normal -4.760281e-01 8.794301e-01 0.000000e+00
  outer loop
   vertex -2.351487e+01 4.412540e+01 4.431969e+01
   vertex -2.408692e+01 4.381576e+01 4.475851e+01
   vertex -2.351487e+01 4.412540e+01 4.473938e+01
  endloop
 endfacet
 facet normal -4.692394e-01 8.830681e-01 2.272709e-03
  outer loop
   vertex -2.320949e+01 4.428679e+01 4.508307e+01
   vertex -2.351487e+01 4.412540e+01 4.473938e+01
   vertex -2.365156e+01 4.405228e+01 4.492804e+01
  endloop
 endfacet
 facet normal -4.824409e-01 8.758610e-01 -1.087828e-02
  outer loop
   vertex -2.408692e+01 4.381576e+01 4.475851e+01
   vertex -2.351487e+01 4.412540e+01 4.431969e+01
   vertex -2.451555e+01 4.357738e+01 4.457499e+01
  endloop
 endfacet
 facet normal -4.852364e-01 8.740015e-01 -2.582686e-02
  outer loop
   vertex -2.493748e+01 4.333731e+01 4.437800e+01
   vertex -2.451555e+01 4.357738e+01 4.457499e+01
   vertex -2.351487e+01 4.412540e+01 4.431969e+01
  endloop
 endfacet
 facet normal -4.840132e-01 8.749092e-01 1.628436e-02
  outer loop
   vertex -2.493748e+01 4.333731e+01 4.437800e+01
   vertex -2.351487e+01 4.412540e+01 4.431969e+01
   vertex -2.426697e+01 4.371629e+01 4.394559e+01
  endloop
 endfacet
 facet normal -4.625423e-01 8.865972e-01 1.573204e-04
  outer loop
   vertex -2.350888e+01 4.412859e+01 4.394559e+01
   vertex -2.351487e+01 4.412540e+01 4.431969e+01
   vertex -2.274379e+01 4.452774e+01 4.394559e+01
  endloop
 endfacet
 facet normal 3.494166e-01 -6.767010e-01 -6.480615e-01
  outer loop
   vertex -2.232053e+01 4.463871e+01 4.405356e+01
   vertex -2.227944e+01 4.455653e+01 4.416153e+01
   vertex -2.342824e+01 4.396334e+01 4.416153e+01
  endloop
 endfacet
 facet normal 3.768102e-01 -6.828989e-01 -6.258300e-01
  outer loop
   vertex -2.399980e+01 4.365395e+01 4.416153e+01
   vertex -2.458744e+01 4.338906e+01 4.409675e+01
   vertex -2.347145e+01 4.404442e+01 4.405356e+01
  endloop
 endfacet
 facet normal 3.626906e-01 -6.700217e-01 -6.477087e-01
  outer loop
   vertex -2.399980e+01 4.365395e+01 4.416153e+01
   vertex -2.342824e+01 4.396334e+01 4.416153e+01
   vertex -2.341162e+01 4.391667e+01 4.421911e+01
  endloop
 endfacet
 facet normal 3.491388e-01 -6.761629e-01 -6.487726e-01
  outer loop
   vertex -2.227944e+01 4.455653e+01 4.416153e+01
   vertex -2.341162e+01 4.391667e+01 4.421911e+01
   vertex -2.342824e+01 4.396334e+01 4.416153e+01
  endloop
 endfacet
 facet normal 3.625390e-01 -6.697417e-01 -6.480829e-01
  outer loop
   vertex -2.342824e+01 4.396334e+01 4.416153e+01
   vertex -2.399980e+01 4.365395e+01 4.416153e+01
   vertex -2.347145e+01 4.404442e+01 4.405356e+01
  endloop
 endfacet
 facet normal 3.901480e-01 -6.618658e-01 -6.400923e-01
  outer loop
   vertex -2.501782e+01 4.329097e+01 4.394559e+01
   vertex -2.517457e+01 4.312201e+01 4.402477e+01
   vertex -2.576123e+01 4.285276e+01 4.394559e+01
  endloop
 endfacet
 facet normal 3.697923e-01 -6.528304e-01 -6.611098e-01
  outer loop
   vertex -2.501782e+01 4.329097e+01 4.394559e+01
   vertex -2.426697e+01 4.371629e+01 4.394559e+01
   vertex -2.517457e+01 4.312201e+01 4.402477e+01
  endloop
 endfacet
 facet normal 3.824151e-01 -6.689482e-01 -6.373908e-01
  outer loop
   vertex -2.426697e+01 4.371629e+01 4.394559e+01
   vertex -2.458744e+01 4.338906e+01 4.409675e+01
   vertex -2.517457e+01 4.312201e+01 4.402477e+01
  endloop
 endfacet
 facet normal 3.639532e-01 -6.691928e-01 -6.478572e-01
  outer loop
   vertex -2.350888e+01 4.412859e+01 4.394559e+01
   vertex -2.347145e+01 4.404442e+01 4.405356e+01
   vertex -2.426697e+01 4.371629e+01 4.394559e+01
  endloop
 endfacet
 facet normal 3.612697e-01 -6.586879e-01 -6.600110e-01
  outer loop
   vertex -2.426697e+01 4.371629e+01 4.394559e+01
   vertex -2.347145e+01 4.404442e+01 4.405356e+01
   vertex -2.458744e+01 4.338906e+01 4.409675e+01
  endloop
 endfacet
 facet normal 3.452454e-01 -6.790642e-01 -6.478252e-01
  outer loop
   vertex -2.227944e+01 4.455653e+01 4.416153e+01
   vertex -2.223347e+01 4.443569e+01 4.431269e+01
   vertex -2.282285e+01 4.417725e+01 4.426950e+01
  endloop
 endfacet
 facet normal 3.341770e-01 -7.057290e-01 -6.247178e-01
  outer loop
   vertex -2.105273e+01 4.494625e+01 4.437747e+01
   vertex -2.164344e+01 4.469202e+01 4.434867e+01
   vertex -2.227944e+01 4.455653e+01 4.416153e+01
  endloop
 endfacet
 facet normal 3.362944e-01 -6.830789e-01 -6.483126e-01
  outer loop
   vertex -2.223347e+01 4.443569e+01 4.431269e+01
   vertex -2.227944e+01 4.455653e+01 4.416153e+01
   vertex -2.164344e+01 4.469202e+01 4.434867e+01
  endloop
 endfacet
 facet normal 3.318782e-01 -6.856805e-01 -6.478419e-01
  outer loop
   vertex -2.119352e+01 4.528614e+01 4.394559e+01
   vertex -2.105273e+01 4.494625e+01 4.437747e+01
   vertex -2.227944e+01 4.455653e+01 4.416153e+01
  endloop
 endfacet
 facet normal 3.435008e-01 -6.652434e-01 -6.629167e-01
  outer loop
   vertex -2.274379e+01 4.452774e+01 4.394559e+01
   vertex -2.232053e+01 4.463871e+01 4.405356e+01
   vertex -2.347145e+01 4.404442e+01 4.405356e+01
  endloop
 endfacet
 facet normal 3.203621e-01 -6.694332e-01 -6.702442e-01
  outer loop
   vertex -2.197193e+01 4.491363e+01 4.394559e+01
   vertex -2.119352e+01 4.528614e+01 4.394559e+01
   vertex -2.232053e+01 4.463871e+01 4.405356e+01
  endloop
 endfacet
 facet normal 3.317400e-01 -6.855398e-01 -6.480616e-01
  outer loop
   vertex -2.227944e+01 4.455653e+01 4.416153e+01
   vertex -2.232053e+01 4.463871e+01 4.405356e+01
   vertex -2.119352e+01 4.528614e+01 4.394559e+01
  endloop
 endfacet
 facet normal 3.434528e-01 -6.869855e-01 -6.403836e-01
  outer loop
   vertex -2.274379e+01 4.452774e+01 4.394559e+01
   vertex -2.197193e+01 4.491363e+01 4.394559e+01
   vertex -2.232053e+01 4.463871e+01 4.405356e+01
  endloop
 endfacet
 facet normal 3.604448e-01 -6.938832e-01 -6.233824e-01
  outer loop
   vertex -2.282285e+01 4.417725e+01 4.426950e+01
   vertex -2.341162e+01 4.391667e+01 4.421911e+01
   vertex -2.227944e+01 4.455653e+01 4.416153e+01
  endloop
 endfacet
 facet normal -2.181116e-01 -7.191441e-01 -6.597417e-01
  outer loop
   vertex 1.345061e+01 4.679847e+01 4.548134e+01
   vertex 1.506581e+01 4.610939e+01 4.569848e+01
   vertex 1.333159e+01 4.677667e+01 4.554446e+01
  endloop
 endfacet
 facet normal -2.013193e-01 -7.443110e-01 -6.367666e-01
  outer loop
   vertex 1.333159e+01 4.677667e+01 4.554446e+01
   vertex 1.174686e+01 4.743530e+01 4.527562e+01
   vertex 1.345061e+01 4.679847e+01 4.548134e+01
  endloop
 endfacet
 facet normal -1.885396e-01 -7.243371e-01 -6.631656e-01
  outer loop
   vertex 1.159635e+01 4.742443e+01 4.533028e+01
   vertex 1.174686e+01 4.743530e+01 4.527562e+01
   vertex 1.333159e+01 4.677667e+01 4.554446e+01
  endloop
 endfacet
 facet normal -2.270063e-01 -7.338530e-01 -6.402561e-01
  outer loop
   vertex 1.345061e+01 4.679847e+01 4.548134e+01
   vertex 1.515321e+01 4.614277e+01 4.562924e+01
   vertex 1.506581e+01 4.610939e+01 4.569848e+01
  endloop
 endfacet
 facet normal -2.764644e-01 -7.058888e-01 -6.521415e-01
  outer loop
   vertex 1.685271e+01 4.546866e+01 4.571837e+01
   vertex 1.852298e+01 4.471844e+01 4.582234e+01
   vertex 1.679698e+01 4.542309e+01 4.579132e+01
  endloop
 endfacet
 facet normal -2.526316e-01 -7.220707e-01 -6.440429e-01
  outer loop
   vertex 1.679698e+01 4.542309e+01 4.579132e+01
   vertex 1.515321e+01 4.614277e+01 4.562924e+01
   vertex 1.685271e+01 4.546866e+01 4.571837e+01
  endloop
 endfacet
 facet normal -2.474768e-01 -7.129988e-01 -6.560397e-01
  outer loop
   vertex 1.506581e+01 4.610939e+01 4.569848e+01
   vertex 1.515321e+01 4.614277e+01 4.562924e+01
   vertex 1.679698e+01 4.542309e+01 4.579132e+01
  endloop
 endfacet
 facet normal -1.032579e-01 -7.751842e-01 -6.232393e-01
  outer loop
   vertex 5.112415e+00 4.973795e+01 4.394559e+01
   vertex 6.765434e+00 4.918984e+01 4.435346e+01
   vertex 6.480849e+00 4.922193e+01 4.436069e+01
  endloop
 endfacet
 facet normal -9.971047e-02 -7.323900e-01 -6.735449e-01
  outer loop
   vertex 8.130898e+00 4.866003e+01 4.472742e+01
   vertex 6.480849e+00 4.922193e+01 4.436069e+01
   vertex 6.765434e+00 4.918984e+01 4.435346e+01
  endloop
 endfacet
 facet normal -7.361734e-02 -7.363094e-01 -6.726284e-01
  outer loop
   vertex 6.480849e+00 4.922193e+01 4.436069e+01
   vertex 4.836218e+00 4.976556e+01 4.394559e+01
   vertex 5.112415e+00 4.973795e+01 4.394559e+01
  endloop
 endfacet
 facet normal -1.572849e-01 -7.256207e-01 -6.698777e-01
  outer loop
   vertex 9.862237e+00 4.805226e+01 4.505737e+01
   vertex 1.008240e+01 4.803910e+01 4.501992e+01
   vertex 1.159635e+01 4.742443e+01 4.533028e+01
  endloop
 endfacet
 facet normal -1.758360e-01 -7.531525e-01 -6.339109e-01
  outer loop
   vertex 1.174686e+01 4.743530e+01 4.527562e+01
   vertex 1.159635e+01 4.742443e+01 4.533028e+01
   vertex 1.008240e+01 4.803910e+01 4.501992e+01
  endloop
 endfacet
 facet normal -1.261635e-01 -7.262564e-01 -6.757473e-01
  outer loop
   vertex 8.130898e+00 4.866003e+01 4.472742e+01
   vertex 8.422008e+00 4.862375e+01 4.471205e+01
   vertex 9.862237e+00 4.805226e+01 4.505737e+01
  endloop
 endfacet
 facet normal -1.523774e-01 -7.633329e-01 -6.277770e-01
  outer loop
   vertex 1.008240e+01 4.803910e+01 4.501992e+01
   vertex 9.862237e+00 4.805226e+01 4.505737e+01
   vertex 8.422008e+00 4.862375e+01 4.471205e+01
  endloop
 endfacet
 facet normal -1.290430e-01 -7.719347e-01 -6.224666e-01
  outer loop
   vertex 6.765434e+00 4.918984e+01 4.435346e+01
   vertex 8.422008e+00 4.862375e+01 4.471205e+01
   vertex 8.130898e+00 4.866003e+01 4.472742e+01
  endloop
 endfacet
 facet normal -2.781204e-01 -7.090074e-01 -6.480413e-01
  outer loop
   vertex 1.854715e+01 4.477677e+01 4.574815e+01
   vertex 1.852298e+01 4.471844e+01 4.582234e+01
   vertex 1.685271e+01 4.546866e+01 4.571837e+01
  endloop
 endfacet
 facet normal -3.046842e-01 -6.980044e-01 -6.480412e-01
  outer loop
   vertex 1.854715e+01 4.477677e+01 4.574815e+01
   vertex 2.023453e+01 4.406786e+01 4.571837e+01
   vertex 1.852298e+01 4.471844e+01 4.582234e+01
  endloop
 endfacet
 facet normal -3.036544e-01 -6.946426e-01 -6.521240e-01
  outer loop
   vertex 2.024171e+01 4.399623e+01 4.579132e+01
   vertex 1.852298e+01 4.471844e+01 4.582234e+01
   vertex 2.023453e+01 4.406786e+01 4.571837e+01
  endloop
 endfacet
 facet normal -3.319470e-01 -6.892332e-01 -6.440255e-01
  outer loop
   vertex 2.024171e+01 4.399623e+01 4.579132e+01
   vertex 2.023453e+01 4.406786e+01 4.571837e+01
   vertex 2.191293e+01 4.334280e+01 4.562924e+01
  endloop
 endfacet
 facet normal -3.291729e-01 -6.791577e-01 -6.560412e-01
  outer loop
   vertex 2.191293e+01 4.334280e+01 4.562924e+01
   vertex 2.195112e+01 4.325740e+01 4.569848e+01
   vertex 2.024171e+01 4.399623e+01 4.579132e+01
  endloop
 endfacet
 facet normal -3.542783e-01 -6.627229e-01 -6.597615e-01
  outer loop
   vertex 2.358050e+01 4.260254e+01 4.548134e+01
   vertex 2.364924e+01 4.250296e+01 4.554446e+01
   vertex 2.195112e+01 4.325740e+01 4.569848e+01
  endloop
 endfacet
 facet normal -3.839496e-01 -6.686449e-01 -6.367862e-01
  outer loop
   vertex 2.358050e+01 4.260254e+01 4.548134e+01
   vertex 2.523553e+01 4.184810e+01 4.527562e+01
   vertex 2.364924e+01 4.250296e+01 4.554446e+01
  endloop
 endfacet
 facet normal -3.583935e-01 -6.794290e-01 -6.402580e-01
  outer loop
   vertex 2.191293e+01 4.334280e+01 4.562924e+01
   vertex 2.358050e+01 4.260254e+01 4.548134e+01
   vertex 2.195112e+01 4.325740e+01 4.569848e+01
  endloop
 endfacet
 facet normal -3.788667e-01 -6.455037e-01 -6.631629e-01
  outer loop
   vertex 2.364924e+01 4.250296e+01 4.554446e+01
   vertex 2.523553e+01 4.184810e+01 4.527562e+01
   vertex 2.533428e+01 4.173399e+01 4.533028e+01
  endloop
 endfacet
 facet normal -4.085683e-01 -6.570241e-01 -6.335544e-01
  outer loop
   vertex 2.523553e+01 4.184810e+01 4.527562e+01
   vertex 2.687634e+01 4.108064e+01 4.501339e+01
   vertex 2.533428e+01 4.173399e+01 4.533028e+01
  endloop
 endfacet
 facet normal -4.028073e-01 -6.275593e-01 -6.662699e-01
  outer loop
   vertex 2.700442e+01 4.095173e+01 4.505737e+01
   vertex 2.533428e+01 4.173399e+01 4.533028e+01
   vertex 2.687634e+01 4.108064e+01 4.501339e+01
  endloop
 endfacet
 facet normal -4.321952e-01 -6.446014e-01 -6.306316e-01
  outer loop
   vertex 2.700442e+01 4.095173e+01 4.505737e+01
   vertex 2.687634e+01 4.108064e+01 4.501339e+01
   vertex 2.850170e+01 4.030117e+01 4.469621e+01
  endloop
 endfacet
 facet normal -4.259926e-01 -6.089779e-01 -6.690862e-01
  outer loop
   vertex 2.850170e+01 4.030117e+01 4.469621e+01
   vertex 2.865842e+01 4.015725e+01 4.472742e+01
   vertex 2.700442e+01 4.095173e+01 4.505737e+01
  endloop
 endfacet
 facet normal -4.480947e-01 -5.913080e-01 -6.704968e-01
  outer loop
   vertex 3.003635e+01 3.954760e+01 4.434418e+01
   vertex 3.022251e+01 3.938781e+01 4.436069e+01
   vertex 2.865842e+01 4.015725e+01 4.472742e+01
  endloop
 endfacet
 facet normal -4.747390e-01 -6.178375e-01 -6.268171e-01
  outer loop
   vertex 3.003635e+01 3.954760e+01 4.434418e+01
   vertex 3.155502e+01 3.878506e+01 4.394559e+01
   vertex 3.022251e+01 3.938781e+01 4.436069e+01
  endloop
 endfacet
 facet normal -4.685944e-01 -5.727056e-01 -6.726274e-01
  outer loop
   vertex 3.176984e+01 3.860929e+01 4.394559e+01
   vertex 3.022251e+01 3.938781e+01 4.436069e+01
   vertex 3.155502e+01 3.878506e+01 4.394559e+01
  endloop
 endfacet
 facet normal -4.540980e-01 -6.309080e-01 -6.290867e-01
  outer loop
   vertex 2.850170e+01 4.030117e+01 4.469621e+01
   vertex 3.003635e+01 3.954760e+01 4.434418e+01
   vertex 2.865842e+01 4.015725e+01 4.472742e+01
  endloop
 endfacet
 facet normal -9.061275e-01 -3.753303e-01 1.950899e-01
  outer loop
   vertex -1.435038e+01 4.640396e+01 4.040000e+01
   vertex -1.446503e+01 4.578563e+01 3.867793e+01
   vertex -1.375644e+01 4.497005e+01 4.040000e+01
  endloop
 endfacet
 facet normal -7.681778e-01 -3.181896e-01 5.555702e-01
  outer loop
   vertex -1.446503e+01 4.578563e+01 3.867793e+01
   vertex -1.519515e+01 4.499925e+01 3.721802e+01
   vertex -1.386901e+01 4.434671e+01 3.867793e+01
  endloop
 endfacet
 facet normal -5.132792e-01 -2.126073e-01 8.314701e-01
  outer loop
   vertex -1.519515e+01 4.499925e+01 3.721802e+01
   vertex -1.642960e+01 4.416457e+01 3.624254e+01
   vertex -1.459737e+01 4.355608e+01 3.721802e+01
  endloop
 endfacet
 facet normal -1.802393e-01 -7.465774e-02 9.807854e-01
  outer loop
   vertex -1.642960e+01 4.416457e+01 3.624254e+01
   vertex -1.798045e+01 4.340864e+01 3.590000e+01
   vertex -1.583064e+01 4.271856e+01 3.624254e+01
  endloop
 endfacet
 facet normal 1.802391e-01 7.465768e-02 9.807854e-01
  outer loop
   vertex -1.798045e+01 4.340864e+01 3.590000e+01
   vertex -1.961158e+01 4.284655e+01 3.624254e+01
   vertex -1.918198e+01 4.180940e+01 3.624254e+01
  endloop
 endfacet
 facet normal 1.802390e-01 7.466103e-02 9.807852e-01
  outer loop
   vertex -1.883441e+01 4.146183e+01 3.620513e+01
   vertex -1.738108e+01 4.196163e+01 3.590000e+01
   vertex -1.918198e+01 4.180940e+01 3.624254e+01
  endloop
 endfacet
 facet normal 5.132824e-01 2.126091e-01 8.314677e-01
  outer loop
   vertex -1.982221e+01 4.244963e+01 3.647406e+01
   vertex -1.918198e+01 4.180940e+01 3.624254e+01
   vertex -1.961158e+01 4.284655e+01 3.624254e+01
  endloop
 endfacet
 facet normal 5.132778e-01 2.126073e-01 8.314710e-01
  outer loop
   vertex -2.107468e+01 4.256387e+01 3.721802e+01
   vertex -2.082538e+01 4.196199e+01 3.721802e+01
   vertex -1.982221e+01 4.244963e+01 3.647406e+01
  endloop
 endfacet
 facet normal 5.132775e-01 2.126129e-01 8.314698e-01
  outer loop
   vertex -1.961158e+01 4.284655e+01 3.624254e+01
   vertex -2.107468e+01 4.256387e+01 3.721802e+01
   vertex -1.982221e+01 4.244963e+01 3.647406e+01
  endloop
 endfacet
 facet normal 7.681781e-01 3.181908e-01 5.555691e-01
  outer loop
   vertex -2.107468e+01 4.256387e+01 3.721802e+01
   vertex -2.150111e+01 4.194175e+01 3.816393e+01
   vertex -2.082538e+01 4.196199e+01 3.721802e+01
  endloop
 endfacet
 facet normal 7.681779e-01 3.181911e-01 5.555692e-01
  outer loop
   vertex -2.214701e+01 4.260364e+01 3.867793e+01
   vertex -2.150111e+01 4.194175e+01 3.816393e+01
   vertex -2.107468e+01 4.256387e+01 3.721802e+01
  endloop
 endfacet
 facet normal 7.681775e-01 3.181895e-01 5.555707e-01
  outer loop
   vertex -2.150111e+01 4.194175e+01 3.816393e+01
   vertex -2.214701e+01 4.260364e+01 3.867793e+01
   vertex -2.155099e+01 4.116472e+01 3.867793e+01
  endloop
 endfacet
 facet normal 7.681766e-01 3.181901e-01 5.555715e-01
  outer loop
   vertex -2.139862e+01 4.115848e+01 3.847083e+01
   vertex -2.150111e+01 4.194175e+01 3.816393e+01
   vertex -2.155099e+01 4.116472e+01 3.867793e+01
  endloop
 endfacet
 facet normal 9.061277e-01 3.753298e-01 1.950900e-01
  outer loop
   vertex -2.214701e+01 4.260364e+01 3.867793e+01
   vertex -2.266530e+01 4.295981e+01 4.040000e+01
   vertex -2.207136e+01 4.152590e+01 4.040000e+01
  endloop
 endfacet
 facet normal 0.000000e+00 0.000000e+00 -1.000000e+00
  outer loop
   vertex -2.266530e+01 4.295981e+01 4.040000e+01
   vertex -2.058657e+01 4.382085e+01 4.040000e+01
   vertex -1.999263e+01 4.238694e+01 4.040000e+01
  endloop
 endfacet
 facet normal 9.238795e-01 3.826835e-01 3.842881e-07
  outer loop
   vertex -2.062055e+01 4.390287e+01 4.570315e+01
   vertex -2.058657e+01 4.382085e+01 4.040000e+01
   vertex -2.105273e+01 4.494625e+01 4.437747e+01
  endloop
 endfacet
 facet normal 9.238805e-01 3.826812e-01 0.000000e+00
  outer loop
   vertex -2.119352e+01 4.528614e+01 4.476217e+01
   vertex -2.105273e+01 4.494625e+01 4.437747e+01
   vertex -2.119352e+01 4.528614e+01 4.394559e+01
  endloop
 endfacet
 facet normal 9.238797e-01 3.826829e-01 3.944097e-07
  outer loop
   vertex -2.062055e+01 4.390287e+01 4.570315e+01
   vertex -1.999263e+01 4.238694e+01 4.040000e+01
   vertex -2.058657e+01 4.382085e+01 4.040000e+01
  endloop
 endfacet
 facet normal 9.238798e-01 3.826828e-01 -8.587732e-07
  outer loop
   vertex -2.140697e+01 4.580146e+01 4.740000e+01
   vertex -2.006733e+01 4.256729e+01 4.740000e+01
   vertex -2.062055e+01 4.390287e+01 4.570315e+01
  endloop
 endfacet
 facet normal 9.238805e-01 3.826812e-01 0.000000e+00
  outer loop
   vertex -2.119352e+01 4.528614e+01 4.557875e+01
   vertex -2.105273e+01 4.494625e+01 4.437747e+01
   vertex -2.119352e+01 4.528614e+01 4.476217e+01
  endloop
 endfacet
 facet normal 9.238799e-01 3.826826e-01 -5.887150e-07
  outer loop
   vertex -2.062055e+01 4.390287e+01 4.570315e+01
   vertex -2.119352e+01 4.528614e+01 4.557875e+01
   vertex -2.140697e+01 4.580146e+01 4.740000e+01
  endloop
 endfacet
 facet normal 9.238799e-01 3.826826e-01 -4.681207e-07
  outer loop
   vertex -2.062055e+01 4.390287e+01 4.570315e+01
   vertex -2.105273e+01 4.494625e+01 4.437747e+01
   vertex -2.119352e+01 4.528614e+01 4.557875e+01
  endloop
 endfacet
 facet normal 7.097446e-01 2.939861e-01 -6.401835e-01
  outer loop
   vertex -2.140697e+01 4.580146e+01 4.740000e+01
   vertex -2.043532e+01 4.563330e+01 4.840000e+01
   vertex -1.955478e+01 4.350748e+01 4.840000e+01
  endloop
 endfacet
 facet normal 7.097445e-01 2.939864e-01 -6.401834e-01
  outer loop
   vertex -2.140697e+01 4.580146e+01 4.740000e+01
   vertex -2.075427e+01 4.640330e+01 4.840000e+01
   vertex -2.043532e+01 4.563330e+01 4.840000e+01
  endloop
 endfacet
 facet normal 7.097430e-01 2.939859e-01 -6.401853e-01
  outer loop
   vertex -1.955478e+01 4.350748e+01 4.840000e+01
   vertex -1.935469e+01 4.228056e+01 4.805840e+01
   vertex -2.006733e+01 4.256729e+01 4.740000e+01
  endloop
 endfacet
 facet normal 7.097431e-01 2.939861e-01 -6.401850e-01
  outer loop
   vertex -1.955478e+01 4.350748e+01 4.840000e+01
   vertex -1.825400e+01 4.406905e+01 5.010000e+01
   vertex -1.779478e+01 4.296040e+01 5.010000e+01
  endloop
 endfacet
 facet normal 7.097435e-01 2.939858e-01 -6.401847e-01
  outer loop
   vertex -1.935469e+01 4.228056e+01 4.805840e+01
   vertex -1.955478e+01 4.350748e+01 4.840000e+01
   vertex -1.909535e+01 4.239832e+01 4.840000e+01
  endloop
 endfacet
 facet normal -7.097440e-01 -2.939846e-01 -6.401847e-01
  outer loop
   vertex -1.755812e+01 4.435090e+01 4.919908e+01
   vertex -1.711640e+01 4.323516e+01 4.922174e+01
   vertex -1.779478e+01 4.296040e+01 5.010000e+01
  endloop
 endfacet
 facet normal -7.097423e-01 -2.939858e-01 -6.401861e-01
  outer loop
   vertex -1.779478e+01 4.296040e+01 5.010000e+01
   vertex -1.825400e+01 4.406905e+01 5.010000e+01
   vertex -1.755812e+01 4.435090e+01 4.919908e+01
  endloop
 endfacet
 facet normal -7.097451e-01 -2.939850e-01 -6.401834e-01
  outer loop
   vertex -1.693712e+01 4.459175e+01 4.840000e+01
   vertex -1.711640e+01 4.323516e+01 4.922174e+01
   vertex -1.755812e+01 4.435090e+01 4.919908e+01
  endloop
 endfacet
 facet normal -7.097426e-01 -2.939855e-01 -6.401859e-01
  outer loop
   vertex -1.621104e+01 4.358271e+01 4.805840e+01
   vertex -1.647769e+01 4.348259e+01 4.840000e+01
   vertex -1.693712e+01 4.459175e+01 4.840000e+01
  endloop
 endfacet
 facet normal -7.097436e-01 -2.939867e-01 -6.401842e-01
  outer loop
   vertex -1.590987e+01 4.428936e+01 4.740000e+01
   vertex -1.621104e+01 4.358271e+01 4.805840e+01
   vertex -1.693712e+01 4.459175e+01 4.840000e+01
  endloop
 endfacet
 facet normal -7.097440e-01 -2.939853e-01 -6.401844e-01
  outer loop
   vertex -1.781766e+01 4.671757e+01 4.840000e+01
   vertex -1.724951e+01 4.752353e+01 4.740000e+01
   vertex -1.693712e+01 4.459175e+01 4.840000e+01
  endloop
 endfacet
 facet normal -7.097446e-01 -2.939846e-01 -6.401841e-01
  outer loop
   vertex -1.813661e+01 4.748757e+01 4.840000e+01
   vertex -1.724951e+01 4.752353e+01 4.740000e+01
   vertex -1.781766e+01 4.671757e+01 4.840000e+01
  endloop
 endfacet
 facet normal -7.097436e-01 -2.939859e-01 -6.401846e-01
  outer loop
   vertex -1.711640e+01 4.323516e+01 4.922174e+01
   vertex -1.693712e+01 4.459175e+01 4.840000e+01
   vertex -1.647769e+01 4.348259e+01 4.840000e+01
  endloop
 endfacet
 facet normal -8.795598e-01 -3.643256e-01 -3.060089e-01
  outer loop
   vertex -1.724951e+01 4.752353e+01 4.740000e+01
   vertex -1.592959e+01 4.505980e+01 4.653943e+01
   vertex -1.590987e+01 4.428936e+01 4.740000e+01
  endloop
 endfacet
 facet normal -8.795596e-01 -3.643260e-01 -3.060089e-01
  outer loop
   vertex -1.645234e+01 4.721568e+01 4.547521e+01
   vertex -1.594887e+01 4.582962e+01 4.567830e+01
   vertex -1.724951e+01 4.752353e+01 4.740000e+01
  endloop
 endfacet
 facet normal -8.795597e-01 -3.643251e-01 -3.060099e-01
  outer loop
   vertex -1.592959e+01 4.505980e+01 4.653943e+01
   vertex -1.724951e+01 4.752353e+01 4.740000e+01
   vertex -1.594887e+01 4.582962e+01 4.567830e+01
  endloop
 endfacet
 facet normal -8.795596e-01 -3.643260e-01 -3.060089e-01
  outer loop
   vertex -1.597818e+01 4.703257e+01 4.433034e+01
   vertex -1.594887e+01 4.582962e+01 4.567830e+01
   vertex -1.645234e+01 4.721568e+01 4.547521e+01
  endloop
 endfacet
 facet normal -8.795594e-01 -3.643263e-01 -3.060092e-01
  outer loop
   vertex -1.594887e+01 4.582962e+01 4.567830e+01
   vertex -1.597818e+01 4.703257e+01 4.433034e+01
   vertex -1.435038e+01 4.640396e+01 4.040000e+01
  endloop
 endfacet
 facet normal -8.795604e-01 -3.643238e-01 -3.060093e-01
  outer loop
   vertex -1.598636e+01 4.737548e+01 4.394559e+01
   vertex -1.597818e+01 4.703257e+01 4.433034e+01
   vertex -1.621958e+01 4.729615e+01 4.471039e+01
  endloop
 endfacet
 facet normal -8.795605e-01 -3.643232e-01 -3.060097e-01
  outer loop
   vertex -1.645234e+01 4.721568e+01 4.547521e+01
   vertex -1.621958e+01 4.729615e+01 4.471039e+01
   vertex -1.597818e+01 4.703257e+01 4.433034e+01
  endloop
 endfacet
 facet normal -8.795597e-01 -3.643256e-01 -3.060092e-01
  outer loop
   vertex -1.435038e+01 4.640396e+01 4.040000e+01
   vertex -1.375644e+01 4.497005e+01 4.040000e+01
   vertex -1.594887e+01 4.582962e+01 4.567830e+01
  endloop
 endfacet
 facet normal -9.963975e-01 -8.480605e-02 1.883072e-16
  outer loop
   vertex 1.500000e+00 -2.664535e-15 7.105427e-15
   vertex 1.500000e+00 8.881784e-16 1.600000e+00
   vertex 1.478424e+00 2.535012e-01 1.600000e+00
  endloop
 endfacet
 facet normal -9.112285e-01 -4.119012e-01 0.000000e+00
  outer loop
   vertex 1.414316e+00 4.997097e-01 0.000000e+00
   vertex 1.414316e+00 4.997097e-01 1.600000e+00
   vertex 1.309521e+00 7.315424e-01 1.600000e+00
  endloop
 endfacet
 facet normal -9.677330e-01 -2.519779e-01 0.000000e+00
  outer loop
   vertex 1.478424e+00 2.535012e-01 0.000000e+00
   vertex 1.478424e+00 2.535012e-01 1.600000e+00
   vertex 1.414316e+00 4.997097e-01 1.600000e+00
  endloop
 endfacet
 facet normal -7.219563e-01 -6.919387e-01 0.000000e+00
  outer loop
   vertex 1.167054e+00 9.423300e-01 0.000000e+00
   vertex 1.167054e+00 9.423300e-01 1.600000e+00
   vertex 9.910121e-01 1.126009e+00 1.600000e+00
  endloop
 endfacet
 facet normal -4.502038e-01 -8.929258e-01 0.000000e+00
  outer loop
   vertex 7.864609e-01 1.277294e+00 0.000000e+00
   vertex 7.864609e-01 1.277294e+00 1.600000e+00
   vertex 5.592847e-01 1.391834e+00 1.600000e+00
  endloop
 endfacet
 facet normal -2.928230e-01 -9.561667e-01 0.000000e+00
  outer loop
   vertex 5.592847e-01 1.391834e+00 0.000000e+00
   vertex 5.592847e-01 1.391834e+00 1.600000e+00
   vertex 3.160189e-01 1.466333e+00 1.600000e+00
  endloop
 endfacet
 facet normal -5.946330e-01 -8.039973e-01 0.000000e+00
  outer loop
   vertex 9.910121e-01 1.126009e+00 0.000000e+00
   vertex 9.910121e-01 1.126009e+00 1.600000e+00
   vertex 7.864609e-01 1.277294e+00 1.600000e+00
  endloop
 endfacet
 facet normal -8.285095e-01 -5.599750e-01 0.000000e+00
  outer loop
   vertex 1.309521e+00 7.315424e-01 0.000000e+00
   vertex 1.309521e+00 7.315424e-01 1.600000e+00
   vertex 1.167054e+00 9.423300e-01 1.600000e+00
  endloop
 endfacet
 facet normal 4.244098e-02 -9.990990e-01 0.000000e+00
  outer loop
   vertex -1.905267e-01 1.487851e+00 0.000000e+00
   vertex 6.366181e-02 1.498648e+00 0.000000e+00
   vertex 6.366181e-02 1.498648e+00 1.600000e+00
  endloop
 endfacet
 facet normal 3.728568e-01 -9.278889e-01 0.000000e+00
  outer loop
   vertex -4.392342e-01 1.434250e+00 0.000000e+00
   vertex -4.392342e-01 1.434250e+00 1.600000e+00
   vertex -6.753056e-01 1.339389e+00 1.600000e+00
  endloop
 endfacet
 facet normal 5.243071e-01 -8.515292e-01 0.000000e+00
  outer loop
   vertex -8.919498e-01 1.205996e+00 0.000000e+00
   vertex -6.753056e-01 1.339389e+00 0.000000e+00
   vertex -6.753056e-01 1.339389e+00 1.600000e+00
  endloop
 endfacet
 facet normal 2.106793e-01 -9.775552e-01 0.000000e+00
  outer loop
   vertex -1.905267e-01 1.487851e+00 0.000000e+00
   vertex -1.905267e-01 1.487851e+00 1.600000e+00
   vertex -4.392342e-01 1.434250e+00 1.600000e+00
  endloop
 endfacet
 facet normal 7.780358e-01 -6.282200e-01 0.000000e+00
  outer loop
   vertex -1.242764e+00 8.399622e-01 0.000000e+00
   vertex -1.082934e+00 1.037908e+00 0.000000e+00
   vertex -1.082934e+00 1.037908e+00 1.600000e+00
  endloop
 endfacet
 facet normal 9.428774e-01 -3.331400e-01 0.000000e+00
  outer loop
   vertex -1.451599e+00 3.779671e-01 0.000000e+00
   vertex -1.366843e+00 6.178519e-01 0.000000e+00
   vertex -1.366843e+00 6.178519e-01 1.600000e+00
  endloop
 endfacet
 facet normal 9.856159e-01 -1.690006e-01 0.000000e+00
  outer loop
   vertex -1.494596e+00 1.272089e-01 0.000000e+00
   vertex -1.451599e+00 3.779671e-01 0.000000e+00
   vertex -1.451599e+00 3.779671e-01 1.600000e+00
  endloop
 endfacet
 facet normal 8.730141e-01 -4.876949e-01 0.000000e+00
  outer loop
   vertex -1.366843e+00 6.178519e-01 0.000000e+00
   vertex -1.242764e+00 8.399622e-01 0.000000e+00
   vertex -1.242764e+00 8.399622e-01 1.600000e+00
  endloop
 endfacet
 facet normal 6.606747e-01 -7.506723e-01 0.000000e+00
  outer loop
   vertex -1.082934e+00 1.037908e+00 0.000000e+00
   vertex -8.919498e-01 1.205996e+00 0.000000e+00
   vertex -8.919498e-01 1.205996e+00 1.600000e+00
  endloop
 endfacet
 facet normal -1.270174e-01 -9.919005e-01 0.000000e+00
  outer loop
   vertex 6.366181e-02 1.498648e+00 0.000000e+00
   vertex 3.160189e-01 1.466333e+00 0.000000e+00
   vertex 3.160189e-01 1.466333e+00 1.600000e+00
  endloop
 endfacet
 facet normal 1.000000e+00 0.000000e+00 0.000000e+00
  outer loop
   vertex -1.494596e+00 1.272089e-01 1.600000e+00
   vertex -1.494596e+00 -1.272089e-01 1.600000e+00
   vertex -1.494596e+00 -1.272089e-01 0.000000e+00
  endloop
 endfacet
 facet normal 9.856159e-01 1.690006e-01 0.000000e+00
  outer loop
   vertex -1.451599e+00 -3.779671e-01 0.000000e+00
   vertex -1.494596e+00 -1.272089e-01 0.000000e+00
   vertex -1.494596e+00 -1.272089e-01 1.600000e+00
  endloop
 endfacet
 facet normal 8.730141e-01 4.876949e-01 -0.000000e+00
  outer loop
   vertex -1.366843e+00 -6.178519e-01 0.000000e+00
   vertex -1.366843e+00 -6.178519e-01 1.600000e+00
   vertex -1.242764e+00 -8.399622e-01 1.600000e+00
  endloop
 endfacet
 facet normal 9.428774e-01 3.331400e-01 0.000000e+00
  outer loop
   vertex -1.366843e+00 -6.178519e-01 0.000000e+00
   vertex -1.451599e+00 -3.779671e-01 0.000000e+00
   vertex -1.451599e+00 -3.779671e-01 1.600000e+00
  endloop
 endfacet
 facet normal 6.606747e-01 7.506723e-01 0.000000e+00
  outer loop
   vertex -8.919498e-01 -1.205996e+00 0.000000e+00
   vertex -1.082934e+00 -1.037908e+00 0.000000e+00
   vertex -1.082934e+00 -1.037908e+00 1.600000e+00
  endloop
 endfacet
 facet normal 3.728568e-01 9.278889e-01 0.000000e+00
  outer loop
   vertex -4.392342e-01 -1.434250e+00 0.000000e+00
   vertex -6.753056e-01 -1.339389e+00 0.000000e+00
   vertex -6.753056e-01 -1.339389e+00 1.600000e+00
  endloop
 endfacet
 facet normal 2.106793e-01 9.775552e-01 0.000000e+00
  outer loop
   vertex -1.905267e-01 -1.487851e+00 0.000000e+00
   vertex -4.392342e-01 -1.434250e+00 0.000000e+00
   vertex -4.392342e-01 -1.434250e+00 1.600000e+00
  endloop
 endfacet
 facet normal 5.243071e-01 8.515292e-01 0.000000e+00
  outer loop
   vertex -6.753056e-01 -1.339389e+00 0.000000e+00
   vertex -8.919498e-01 -1.205996e+00 0.000000e+00
   vertex -8.919498e-01 -1.205996e+00 1.600000e+00
  endloop
 endfacet
 facet normal 7.780358e-01 6.282200e-01 -0.000000e+00
  outer loop
   vertex -1.242764e+00 -8.399622e-01 0.000000e+00
   vertex -1.242764e+00 -8.399622e-01 1.600000e+00
   vertex -1.082934e+00 -1.037908e+00 1.600000e+00
  endloop
 endfacet
 facet normal -1.270174e-01 9.919005e-01 0.000000e+00
  outer loop
   vertex 6.366181e-02 -1.498648e+00 0.000000e+00
   vertex 6.366181e-02 -1.498648e+00 1.600000e+00
   vertex 3.160189e-01 -1.466333e+00 1.600000e+00
  endloop
 endfacet
 facet normal -4.502038e-01 8.929258e-01 0.000000e+00
  outer loop
   vertex 7.864609e-01 -1.277294e+00 0.000000e+00
   vertex 5.592847e-01 -1.391834e+00 0.000000e+00
   vertex 5.592847e-01 -1.391834e+00 1.600000e+00
  endloop
 endfacet
 facet normal -5.946330e-01 8.039973e-01 0.000000e+00
  outer loop
   vertex 9.910121e-01 -1.126009e+00 0.000000e+00
   vertex 7.864609e-01 -1.277294e+00 0.000000e+00
   vertex 7.864609e-01 -1.277294e+00 1.600000e+00
  endloop
 endfacet
 facet normal -2.928230e-01 9.561667e-01 0.000000e+00
  outer loop
   vertex 3.160189e-01 -1.466333e+00 0.000000e+00
   vertex 3.160189e-01 -1.466333e+00 1.600000e+00
   vertex 5.592847e-01 -1.391834e+00 1.600000e+00
  endloop
 endfacet
 facet normal -8.285095e-01 5.599750e-01 0.000000e+00
  outer loop
   vertex 1.309521e+00 -7.315424e-01 0.000000e+00
   vertex 1.167054e+00 -9.423300e-01 0.000000e+00
   vertex 1.167054e+00 -9.423300e-01 1.600000e+00
  endloop
 endfacet
 facet normal -9.677330e-01 2.519779e-01 0.000000e+00
  outer loop
   vertex 1.478424e+00 -2.535012e-01 0.000000e+00
   vertex 1.414316e+00 -4.997097e-01 0.000000e+00
   vertex 1.414316e+00 -4.997097e-01 1.600000e+00
  endloop
 endfacet
 facet normal -9.963975e-01 8.480605e-02 0.000000e+00
  outer loop
   vertex 1.500000e+00 -2.664535e-15 7.105427e-15
   vertex 1.478424e+00 -2.535012e-01 0.000000e+00
   vertex 1.478424e+00 -2.535012e-01 1.600000e+00
  endloop
 endfacet
 facet normal -9.112285e-01 4.119012e-01 0.000000e+00
  outer loop
   vertex 1.414316e+00 -4.997097e-01 0.000000e+00
   vertex 1.309521e+00 -7.315424e-01 0.000000e+00
   vertex 1.309521e+00 -7.315424e-01 1.600000e+00
  endloop
 endfacet
 facet normal -7.219563e-01 6.919387e-01 0.000000e+00
  outer loop
   vertex 1.167054e+00 -9.423300e-01 0.000000e+00
   vertex 9.910121e-01 -1.126009e+00 0.000000e+00
   vertex 9.910121e-01 -1.126009e+00 1.600000e+00
  endloop
 endfacet
 facet normal 4.244098e-02 9.990990e-01 0.000000e+00
  outer loop
   vertex 6.366181e-02 -1.498648e+00 0.000000e+00
   vertex -1.905267e-01 -1.487851e+00 0.000000e+00
   vertex -1.905267e-01 -1.487851e+00 1.600000e+00
  endloop
 endfacet
 facet normal 0.000000e+00 0.000000e+00 1.000000e+00
  outer loop
   vertex -3.566791e+01 2.166045e+01 2.240000e+01
   vertex -3.900972e+01 1.779651e+01 2.240000e+01
   vertex -3.777842e+01 1.656522e+01 2.240000e+01
  endloop
 endfacet
 facet normal 0.000000e+00 0.000000e+00 1.000000e+00
  outer loop
   vertex -3.691784e+01 2.284674e+01 2.240000e+01
   vertex -3.900972e+01 1.779651e+01 2.240000e+01
   vertex -3.566791e+01 2.166045e+01 2.240000e+01
  endloop
 endfacet
 facet normal 0.000000e+00 0.000000e+00 1.000000e+00
  outer loop
   vertex -2.937128e+01 2.795707e+01 2.240000e+01
   vertex -3.058940e+01 2.917518e+01 2.240000e+01
   vertex -3.566791e+01 2.166045e+01 2.240000e+01
  endloop
 endfacet
 facet normal -0.000000e+00 0.000000e+00 1.000000e+00
  outer loop
   vertex -3.691784e+01 2.284674e+01 2.240000e+01
   vertex -3.566791e+01 2.166045e+01 2.240000e+01
   vertex -3.058940e+01 2.917518e+01 2.240000e+01
  endloop
 endfacet
 facet normal -7.071062e-01 -7.071073e-01 3.811611e-07
  outer loop
   vertex -3.160895e+01 3.019473e+01 2.890000e+01
   vertex -3.058940e+01 2.917518e+01 2.240000e+01
   vertex -2.937128e+01 2.795707e+01 2.240000e+01
  endloop
 endfacet
 facet normal -7.071062e-01 -7.071073e-01 3.791206e-07
  outer loop
   vertex -3.058940e+01 2.917518e+01 2.240000e+01
   vertex -3.160895e+01 3.019473e+01 2.890000e+01
   vertex -3.284155e+01 3.142733e+01 2.890000e+01
  endloop
 endfacet
 facet normal 0.000000e+00 0.000000e+00 -1.000000e+00
  outer loop
   vertex -4.251462e+01 2.130142e+01 4.240000e+01
   vertex -4.320422e+01 2.199102e+01 4.240000e+01
   vertex -4.153938e+01 2.365587e+01 4.240000e+01
  endloop
 endfacet
 facet normal 7.071068e-01 7.071068e-01 0.000000e+00
  outer loop
   vertex -4.251462e+01 2.130142e+01 4.240000e+01
   vertex -4.320422e+01 2.199102e+01 4.029478e+01
   vertex -4.320422e+01 2.199102e+01 4.240000e+01
  endloop
 endfacet
 facet normal 7.071072e-01 7.071064e-01 -2.806463e-07
  outer loop
   vertex -4.232803e+01 2.111483e+01 3.816393e+01
   vertex -4.320422e+01 2.199102e+01 4.029478e+01
   vertex -4.251462e+01 2.130142e+01 4.240000e+01
  endloop
 endfacet
 facet normal 7.071079e-01 7.071057e-01 7.411871e-07
  outer loop
   vertex -4.232803e+01 2.111483e+01 3.816393e+01
   vertex -4.154362e+01 2.033041e+01 3.590000e+01
   vertex -4.217410e+01 2.096089e+01 3.590000e+01
  endloop
 endfacet
 facet normal 7.071086e-01 7.071050e-01 8.391620e-07
  outer loop
   vertex -4.320422e+01 2.199102e+01 4.029478e+01
   vertex -4.232803e+01 2.111483e+01 3.816393e+01
   vertex -4.217410e+01 2.096089e+01 3.590000e+01
  endloop
 endfacet
 facet normal 7.071060e-01 7.071076e-01 -3.911382e-07
  outer loop
   vertex -4.251462e+01 2.130142e+01 4.240000e+01
   vertex -4.162659e+01 2.041338e+01 3.865001e+01
   vertex -4.232803e+01 2.111483e+01 3.816393e+01
  endloop
 endfacet
 facet normal 7.071068e-01 -7.071068e-01 -2.074922e-07
  outer loop
   vertex -4.153938e+01 2.365587e+01 4.240000e+01
   vertex -4.071727e+01 2.447797e+01 3.590000e+01
   vertex -3.782326e+01 2.737198e+01 3.590000e+01
  endloop
 endfacet
 facet normal 7.071068e-01 -7.071068e-01 0.000000e+00
  outer loop
   vertex -4.153938e+01 2.365587e+01 4.240000e+01
   vertex -4.320422e+01 2.199102e+01 4.240000e+01
   vertex -4.320422e+01 2.199102e+01 4.029478e+01
  endloop
 endfacet
 facet normal 7.071069e-01 -7.071067e-01 -1.788830e-07
  outer loop
   vertex -4.071727e+01 2.447797e+01 3.590000e+01
   vertex -4.153938e+01 2.365587e+01 4.240000e+01
   vertex -4.320422e+01 2.199102e+01 4.029478e+01
  endloop
 endfacet
 facet normal 0.000000e+00 0.000000e+00 1.000000e+00
  outer loop
   vertex 2.284674e+01 -3.691784e+01 2.240000e+01
   vertex 2.166045e+01 -3.566791e+01 2.240000e+01
   vertex 1.779651e+01 -3.900972e+01 2.240000e+01
  endloop
 endfacet
 facet normal -0.000000e+00 0.000000e+00 1.000000e+00
  outer loop
   vertex 1.656522e+01 -3.777842e+01 2.240000e+01
   vertex 1.779651e+01 -3.900972e+01 2.240000e+01
   vertex 2.166045e+01 -3.566791e+01 2.240000e+01
  endloop
 endfacet
 facet normal 0.000000e+00 0.000000e+00 1.000000e+00
  outer loop
   vertex 2.917518e+01 -3.058940e+01 2.240000e+01
   vertex 2.795707e+01 -2.937128e+01 2.240000e+01
   vertex 2.166045e+01 -3.566791e+01 2.240000e+01
  endloop
 endfacet
 facet normal 0.000000e+00 -0.000000e+00 1.000000e+00
  outer loop
   vertex 2.284674e+01 -3.691784e+01 2.240000e+01
   vertex 2.917518e+01 -3.058940e+01 2.240000e+01
   vertex 2.166045e+01 -3.566791e+01 2.240000e+01
  endloop
 endfacet
 facet normal -7.071073e-01 -7.071062e-01 3.811611e-07
  outer loop
   vertex 3.019473e+01 -3.160895e+01 2.890000e+01
   vertex 2.795707e+01 -2.937128e+01 2.240000e+01
   vertex 2.917518e+01 -3.058940e+01 2.240000e+01
  endloop
 endfacet
 facet normal -7.071073e-01 -7.071062e-01 3.791206e-07
  outer loop
   vertex 2.917518e+01 -3.058940e+01 2.240000e+01
   vertex 3.142733e+01 -3.284155e+01 2.890000e+01
   vertex 3.019473e+01 -3.160895e+01 2.890000e+01
  endloop
 endfacet
 facet normal 0.000000e+00 0.000000e+00 -1.000000e+00
  outer loop
   vertex 2.199102e+01 -4.320422e+01 4.240000e+01
   vertex 2.130142e+01 -4.251462e+01 4.240000e+01
   vertex 2.365587e+01 -4.153938e+01 4.240000e+01
  endloop
 endfacet
 facet normal 7.071068e-01 7.071068e-01 -0.000000e+00
  outer loop
   vertex 2.199102e+01 -4.320422e+01 4.123431e+01
   vertex 2.130142e+01 -4.251462e+01 4.240000e+01
   vertex 2.199102e+01 -4.320422e+01 4.240000e+01
  endloop
 endfacet
 facet normal 7.071068e-01 7.071068e-01 0.000000e+00
  outer loop
   vertex 2.130142e+01 -4.251462e+01 4.240000e+01
   vertex 2.199102e+01 -4.320422e+01 4.123431e+01
   vertex 2.046131e+01 -4.167451e+01 3.885239e+01
  endloop
 endfacet
 facet normal -7.071068e-01 7.071068e-01 0.000000e+00
  outer loop
   vertex 2.365587e+01 -4.153938e+01 4.240000e+01
   vertex 2.199102e+01 -4.320422e+01 4.123431e+01
   vertex 2.199102e+01 -4.320422e+01 4.240000e+01
  endloop
 endfacet
 facet normal -7.071068e-01 7.071068e-01 0.000000e+00
  outer loop
   vertex 2.199102e+01 -4.320422e+01 4.123431e+01
   vertex 2.365587e+01 -4.153938e+01 4.240000e+01
   vertex 2.568407e+01 -3.951117e+01 3.885239e+01
  endloop
 endfacet
 facet normal -7.071068e-01 7.071068e-01 0.000000e+00
  outer loop
   vertex 2.697516e+01 -3.822009e+01 3.659410e+01
   vertex 2.737198e+01 -3.782326e+01 3.590000e+01
   vertex 2.697516e+01 -3.822009e+01 3.590000e+01
  endloop
 endfacet
 facet normal -4.400185e-01 0.000000e+00 8.979887e-01
  outer loop
   vertex -3.680587e+01 1.500000e+01 1.513279e+01
   vertex -3.680587e+01 1.303747e+01 1.513279e+01
   vertex -3.610756e+01 1.500000e+01 1.547497e+01
  endloop
 endfacet
 facet normal 0.000000e+00 1.000000e+00 0.000000e+00
  outer loop
   vertex -3.904163e+01 -1.500000e+01 2.423599e+01
   vertex -3.904163e+01 -1.500000e+01 1.969554e+01
   vertex -3.975242e+01 -1.500000e+01 2.114612e+01
  endloop
 endfacet
 facet normal -0.000000e+00 1.000000e+00 0.000000e+00
  outer loop
   vertex -4.334203e+01 -1.500000e+01 3.197484e+01
   vertex -4.187424e+01 -1.500000e+01 3.269406e+01
   vertex -3.904163e+01 -1.500000e+01 2.423599e+01
  endloop
 endfacet
 facet normal 0.000000e+00 1.000000e+00 -0.000000e+00
  outer loop
   vertex -3.975242e+01 -1.500000e+01 2.114612e+01
   vertex -4.334203e+01 -1.500000e+01 3.197484e+01
   vertex -3.904163e+01 -1.500000e+01 2.423599e+01
  endloop
 endfacet
 facet normal 4.400166e-01 -1.243819e-07 -8.979896e-01
  outer loop
   vertex -4.472618e+01 -6.984928e+00 3.129660e+01
   vertex -4.187424e+01 -1.500000e+01 3.269406e+01
   vertex -4.334203e+01 -1.500000e+01 3.197484e+01
  endloop
 endfacet
 facet normal 4.400172e-01 0.000000e+00 -8.979894e-01
  outer loop
   vertex -4.334203e+01 -1.500000e+01 3.197484e+01
   vertex -4.472618e+01 -1.111558e+01 3.129660e+01
   vertex -4.472618e+01 -6.984928e+00 3.129660e+01
  endloop
 endfacet
 facet normal 4.400172e-01 0.000000e+00 -8.979894e-01
  outer loop
   vertex -4.334203e+01 1.500000e+01 3.197484e+01
   vertex -4.472618e+01 6.984928e+00 3.129660e+01
   vertex -4.472618e+01 1.111558e+01 3.129660e+01
  endloop
 endfacet
 facet normal 4.400166e-01 1.243819e-07 -8.979896e-01
  outer loop
   vertex -4.472618e+01 6.984928e+00 3.129660e+01
   vertex -4.334203e+01 1.500000e+01 3.197484e+01
   vertex -4.187424e+01 1.500000e+01 3.269406e+01
  endloop
 endfacet
 facet normal 0.000000e+00 -1.000000e+00 0.000000e+00
  outer loop
   vertex -3.975242e+01 1.500000e+01 2.114612e+01
   vertex -4.187424e+01 1.500000e+01 3.269406e+01
   vertex -4.334203e+01 1.500000e+01 3.197484e+01
  endloop
 endfacet
 facet normal 0.000000e+00 -1.000000e+00 0.000000e+00
  outer loop
   vertex -3.680587e+01 1.500000e+01 1.513279e+01
   vertex -3.610756e+01 1.500000e+01 1.547497e+01
   vertex -3.975242e+01 1.500000e+01 2.114612e+01
  endloop
 endfacet
 facet normal 0.000000e+00 -1.000000e+00 0.000000e+00
  outer loop
   vertex -4.187424e+01 1.500000e+01 3.269406e+01
   vertex -3.975242e+01 1.500000e+01 2.114612e+01
   vertex -3.610756e+01 1.500000e+01 1.547497e+01
  endloop
 endfacet
 facet normal 8.979895e-01 0.000000e+00 4.400168e-01
  outer loop
   vertex -3.975242e+01 -1.500000e+01 2.114612e+01
   vertex -4.472618e+01 -6.984928e+00 3.129660e+01
   vertex -4.472618e+01 -1.111558e+01 3.129660e+01
  endloop
 endfacet
 facet normal 8.979895e-01 1.849472e-07 4.400169e-01
  outer loop
   vertex -3.975242e+01 -1.500000e+01 2.114612e+01
   vertex -3.904163e+01 -1.500000e+01 1.969554e+01
   vertex -3.696075e+01 -1.291912e+01 1.544885e+01
  endloop
 endfacet
 facet normal 8.979895e-01 7.979778e-09 4.400168e-01
  outer loop
   vertex -4.472618e+01 -6.984928e+00 3.129660e+01
   vertex -3.975242e+01 -1.500000e+01 2.114612e+01
   vertex -3.696075e+01 -1.291912e+01 1.544885e+01
  endloop
 endfacet
 facet normal 8.979895e-01 -0.000000e+00 4.400169e-01
  outer loop
   vertex -3.680587e+01 1.303747e+01 1.513279e+01
   vertex -3.680587e+01 1.500000e+01 1.513279e+01
   vertex -3.975242e+01 1.500000e+01 2.114612e+01
  endloop
 endfacet
 facet normal 8.979895e-01 0.000000e+00 4.400168e-01
  outer loop
   vertex -3.975242e+01 1.500000e+01 2.114612e+01
   vertex -4.472618e+01 1.111558e+01 3.129660e+01
   vertex -4.472618e+01 6.984928e+00 3.129660e+01
  endloop
 endfacet
 facet normal 8.979895e-01 4.930070e-08 4.400169e-01
  outer loop
   vertex -3.680587e+01 1.303747e+01 1.513279e+01
   vertex -3.975242e+01 1.500000e+01 2.114612e+01
   vertex -4.472618e+01 6.984928e+00 3.129660e+01
  endloop
 endfacet
 facet normal 7.071074e-01 7.071062e-01 2.878782e-07
  outer loop
   vertex -4.303514e+01 2.040772e+01 3.816393e+01
   vertex -4.208209e+01 1.945467e+01 3.882436e+01
   vertex -3.953015e+01 1.690273e+01 2.804806e+01
  endloop
 endfacet
 facet normal 3.111378e-01 -3.111378e-01 -8.979903e-01
  outer loop
   vertex -2.150111e+01 4.194175e+01 3.816393e+01
   vertex -2.139862e+01 4.115848e+01 3.847083e+01
   vertex -2.308616e+01 4.035670e+01 3.816393e+01
  endloop
 endfacet
 facet normal 3.111379e-01 -3.111370e-01 -8.979905e-01
  outer loop
   vertex -4.303514e+01 2.040772e+01 3.816393e+01
   vertex -4.232803e+01 2.111483e+01 3.816393e+01
   vertex -4.162659e+01 2.041338e+01 3.865001e+01
  endloop
 endfacet
 facet normal -7.071067e-01 -7.071068e-01 1.829918e-07
  outer loop
   vertex -1.690273e+01 3.953015e+01 2.804806e+01
   vertex -1.918198e+01 4.180940e+01 3.624254e+01
   vertex -1.982221e+01 4.244963e+01 3.647406e+01
  endloop
 endfacet
 facet normal -7.071088e-01 -7.071048e-01 -9.429428e-07
  outer loop
   vertex -1.918198e+01 4.180940e+01 3.624254e+01
   vertex -1.690273e+01 3.953015e+01 2.804806e+01
   vertex -1.883441e+01 4.146183e+01 3.620513e+01
  endloop
 endfacet
 facet normal 6.349745e-01 -6.349746e-01 4.400166e-01
  outer loop
   vertex -4.303514e+01 2.040772e+01 3.816393e+01
   vertex -3.974836e+01 1.853516e+01 3.071864e+01
   vertex -4.154362e+01 2.033041e+01 3.590000e+01
  endloop
 endfacet
 facet normal 6.349753e-01 -6.349735e-01 4.400171e-01
  outer loop
   vertex -4.232803e+01 2.111483e+01 3.816393e+01
   vertex -4.303514e+01 2.040772e+01 3.816393e+01
   vertex -4.154362e+01 2.033041e+01 3.590000e+01
  endloop
 endfacet
 facet normal 6.349754e-01 -6.349737e-01 4.400167e-01
  outer loop
   vertex -3.953015e+01 1.690273e+01 2.804806e+01
   vertex -3.974836e+01 1.853516e+01 3.071864e+01
   vertex -4.303514e+01 2.040772e+01 3.816393e+01
  endloop
 endfacet
 facet normal 6.349751e-01 -6.349739e-01 4.400169e-01
  outer loop
   vertex -2.082538e+01 4.196199e+01 3.721802e+01
   vertex -1.690273e+01 3.953015e+01 2.804806e+01
   vertex -1.982221e+01 4.244963e+01 3.647406e+01
  endloop
 endfacet
 facet normal 6.349744e-01 -6.349744e-01 4.400170e-01
  outer loop
   vertex -2.150111e+01 4.194175e+01 3.816393e+01
   vertex -2.308616e+01 4.035670e+01 3.816393e+01
   vertex -2.082538e+01 4.196199e+01 3.721802e+01
  endloop
 endfacet
 facet normal 6.349744e-01 -6.349745e-01 4.400168e-01
  outer loop
   vertex -1.690273e+01 3.953015e+01 2.804806e+01
   vertex -2.082538e+01 4.196199e+01 3.721802e+01
   vertex -2.308616e+01 4.035670e+01 3.816393e+01
  endloop
 endfacet
 facet normal -7.071068e-01 -7.071068e-01 0.000000e+00
  outer loop
   vertex 4.006518e+01 -1.743777e+01 2.959223e+01
   vertex 3.979690e+01 -1.716949e+01 2.917449e+01
   vertex 3.953015e+01 -1.690273e+01 2.804806e+01
  endloop
 endfacet
 facet normal 7.071068e-01 7.071068e-01 0.000000e+00
  outer loop
   vertex 1.690273e+01 -3.953015e+01 2.804806e+01
   vertex 1.716949e+01 -3.979690e+01 2.917449e+01
   vertex 1.743777e+01 -4.006518e+01 2.959223e+01
  endloop
 endfacet
 facet normal -6.349726e-01 6.349763e-01 4.400170e-01
  outer loop
   vertex 4.006518e+01 -1.743777e+01 2.959223e+01
   vertex 3.953015e+01 -1.690273e+01 2.804806e+01
   vertex 3.962219e+01 -1.759128e+01 2.917449e+01
  endloop
 endfacet
 facet normal -6.349763e-01 6.349726e-01 4.400170e-01
  outer loop
   vertex 1.743777e+01 -4.006518e+01 2.959223e+01
   vertex 1.759128e+01 -3.962219e+01 2.917449e+01
   vertex 1.690273e+01 -3.953015e+01 2.804806e+01
  endloop
 endfacet
 facet normal -7.071062e-01 -7.071073e-01 3.766827e-07
  outer loop
   vertex -3.330473e+01 3.189052e+01 3.382593e+01
   vertex -3.284155e+01 3.142733e+01 2.890000e+01
   vertex -3.160895e+01 3.019473e+01 2.890000e+01
  endloop
 endfacet
 facet normal -7.071082e-01 -7.071053e-01 0.000000e+00
  outer loop
   vertex -3.330473e+01 3.189052e+01 3.023682e+01
   vertex -3.284155e+01 3.142733e+01 2.890000e+01
   vertex -3.330473e+01 3.189052e+01 3.382593e+01
  endloop
 endfacet
 facet normal -7.071068e-01 -7.071068e-01 0.000000e+00
  outer loop
   vertex -3.401874e+01 3.260453e+01 3.590000e+01
   vertex -3.450681e+01 3.309260e+01 3.590000e+01
   vertex -3.450681e+01 3.309260e+01 3.370619e+01
  endloop
 endfacet
 facet normal -7.071074e-01 -7.071062e-01 2.552690e-07
  outer loop
   vertex -3.450681e+01 3.309260e+01 3.370619e+01
   vertex -3.330473e+01 3.189052e+01 3.382593e+01
   vertex -3.401874e+01 3.260453e+01 3.590000e+01
  endloop
 endfacet
 facet normal -7.071073e-01 -7.071062e-01 0.000000e+00
  outer loop
   vertex -3.330473e+01 3.189052e+01 3.023682e+01
   vertex -3.330473e+01 3.189052e+01 3.382593e+01
   vertex -3.450681e+01 3.309260e+01 3.370619e+01
  endloop
 endfacet
 facet normal -0.000000e+00 0.000000e+00 -1.000000e+00
  outer loop
   vertex -3.401874e+01 3.260453e+01 3.590000e+01
   vertex -3.681350e+01 2.980977e+01 3.590000e+01
   vertex -3.450681e+01 3.309260e+01 3.590000e+01
  endloop
 endfacet
 facet normal 0.000000e+00 0.000000e+00 -1.000000e+00
  outer loop
   vertex -3.901727e+01 2.858214e+01 3.590000e+01
   vertex -3.450681e+01 3.309260e+01 3.590000e+01
   vertex -3.681350e+01 2.980977e+01 3.590000e+01
  endloop
 endfacet
 facet normal 0.000000e+00 0.000000e+00 -1.000000e+00
  outer loop
   vertex -3.681350e+01 2.980977e+01 3.590000e+01
   vertex -3.782326e+01 2.737198e+01 3.590000e+01
   vertex -4.071727e+01 2.447797e+01 3.590000e+01
  endloop
 endfacet
 facet normal 0.000000e+00 -0.000000e+00 -1.000000e+00
  outer loop
   vertex -3.901727e+01 2.858214e+01 3.590000e+01
   vertex -3.681350e+01 2.980977e+01 3.590000e+01
   vertex -4.071727e+01 2.447797e+01 3.590000e+01
  endloop
 endfacet
 facet normal 7.071066e-01 -7.071070e-01 0.000000e+00
  outer loop
   vertex -3.450681e+01 3.309260e+01 3.370619e+01
   vertex -3.450681e+01 3.309260e+01 3.590000e+01
   vertex -3.777582e+01 2.982359e+01 3.370619e+01
  endloop
 endfacet
 facet normal 7.071073e-01 7.071062e-01 2.600593e-07
  outer loop
   vertex -3.900972e+01 1.779651e+01 2.240000e+01
   vertex -4.053331e+01 1.932010e+01 2.890000e+01
   vertex -3.931769e+01 1.810448e+01 2.890000e+01
  endloop
 endfacet
 facet normal 7.071073e-01 7.071062e-01 2.593901e-07
  outer loop
   vertex -3.931769e+01 1.810448e+01 2.890000e+01
   vertex -3.777842e+01 1.656522e+01 2.240000e+01
   vertex -3.900972e+01 1.779651e+01 2.240000e+01
  endloop
 endfacet
 facet normal 7.071079e-01 7.071057e-01 5.014171e-07
  outer loop
   vertex -4.053331e+01 1.932010e+01 2.890000e+01
   vertex -4.217410e+01 2.096089e+01 3.590000e+01
   vertex -4.154362e+01 2.033041e+01 3.590000e+01
  endloop
 endfacet
 facet normal 7.071073e-01 7.071062e-01 -4.788621e-07
  outer loop
   vertex -3.931769e+01 1.810448e+01 2.890000e+01
   vertex -4.053331e+01 1.932010e+01 2.890000e+01
   vertex -3.974836e+01 1.853516e+01 3.071864e+01
  endloop
 endfacet
 facet normal 7.071066e-01 7.071069e-01 1.443881e-07
  outer loop
   vertex -4.154362e+01 2.033041e+01 3.590000e+01
   vertex -3.974836e+01 1.853516e+01 3.071864e+01
   vertex -4.053331e+01 1.932010e+01 2.890000e+01
  endloop
 endfacet
 facet normal 7.071073e-01 7.071062e-01 -2.602004e-07
  outer loop
   vertex 1.932010e+01 -4.053331e+01 2.890000e+01
   vertex 1.816949e+01 -3.938269e+01 2.917449e+01
   vertex 2.008275e+01 -4.129595e+01 3.215363e+01
  endloop
 endfacet
 facet normal 7.071062e-01 7.071073e-01 -9.564271e-06
  outer loop
   vertex 1.816949e+01 -3.938269e+01 2.917449e+01
   vertex 1.932010e+01 -4.053331e+01 2.890000e+01
   vertex 1.810448e+01 -3.931769e+01 2.890000e+01
  endloop
 endfacet
 facet normal -7.071070e-01 7.071066e-01 0.000000e+00
  outer loop
   vertex 3.309260e+01 -3.450681e+01 3.590000e+01
   vertex 3.309260e+01 -3.450681e+01 3.370619e+01
   vertex 2.982359e+01 -3.777582e+01 3.370619e+01
  endloop
 endfacet
 facet normal 7.071062e-01 7.071073e-01 2.600593e-07
  outer loop
   vertex 1.779651e+01 -3.900972e+01 2.240000e+01
   vertex 1.810448e+01 -3.931769e+01 2.890000e+01
   vertex 1.932010e+01 -4.053331e+01 2.890000e+01
  endloop
 endfacet
 facet normal 7.071062e-01 7.071073e-01 2.593901e-07
  outer loop
   vertex 1.810448e+01 -3.931769e+01 2.890000e+01
   vertex 1.779651e+01 -3.900972e+01 2.240000e+01
   vertex 1.656522e+01 -3.777842e+01 2.240000e+01
  endloop
 endfacet
 facet normal -7.071053e-01 -7.071082e-01 0.000000e+00
  outer loop
   vertex 3.189052e+01 -3.330473e+01 3.023682e+01
   vertex 3.189052e+01 -3.330473e+01 3.382593e+01
   vertex 3.142733e+01 -3.284155e+01 2.890000e+01
  endloop
 endfacet
 facet normal -7.071073e-01 -7.071062e-01 3.766827e-07
  outer loop
   vertex 3.019473e+01 -3.160895e+01 2.890000e+01
   vertex 3.142733e+01 -3.284155e+01 2.890000e+01
   vertex 3.189052e+01 -3.330473e+01 3.382593e+01
  endloop
 endfacet
 facet normal -7.071062e-01 -7.071074e-01 2.552690e-07
  outer loop
   vertex 3.309260e+01 -3.450681e+01 3.370619e+01
   vertex 3.260453e+01 -3.401874e+01 3.590000e+01
   vertex 3.189052e+01 -3.330473e+01 3.382593e+01
  endloop
 endfacet
 facet normal -7.071068e-01 -7.071068e-01 0.000000e+00
  outer loop
   vertex 3.260453e+01 -3.401874e+01 3.590000e+01
   vertex 3.309260e+01 -3.450681e+01 3.370619e+01
   vertex 3.309260e+01 -3.450681e+01 3.590000e+01
  endloop
 endfacet
 facet normal -7.071062e-01 -7.071073e-01 0.000000e+00
  outer loop
   vertex 3.189052e+01 -3.330473e+01 3.023682e+01
   vertex 3.309260e+01 -3.450681e+01 3.370619e+01
   vertex 3.189052e+01 -3.330473e+01 3.382593e+01
  endloop
 endfacet
 facet normal -0.000000e+00 0.000000e+00 -1.000000e+00
  outer loop
   vertex 3.309260e+01 -3.450681e+01 3.590000e+01
   vertex 2.980977e+01 -3.681350e+01 3.590000e+01
   vertex 3.260453e+01 -3.401874e+01 3.590000e+01
  endloop
 endfacet
 facet normal 0.000000e+00 0.000000e+00 -1.000000e+00
  outer loop
   vertex 2.858214e+01 -3.901727e+01 3.590000e+01
   vertex 2.980977e+01 -3.681350e+01 3.590000e+01
   vertex 3.309260e+01 -3.450681e+01 3.590000e+01
  endloop
 endfacet
 facet normal 0.000000e+00 0.000000e+00 -1.000000e+00
  outer loop
   vertex 2.980977e+01 -3.681350e+01 3.590000e+01
   vertex 2.749234e+01 -3.946868e+01 3.590000e+01
   vertex 2.697516e+01 -3.822009e+01 3.590000e+01
  endloop
 endfacet
 facet normal 0.000000e+00 0.000000e+00 -1.000000e+00
  outer loop
   vertex 2.749234e+01 -3.946868e+01 3.590000e+01
   vertex 2.980977e+01 -3.681350e+01 3.590000e+01
   vertex 2.858214e+01 -3.901727e+01 3.590000e+01
  endloop
 endfacet
 facet normal 0.000000e+00 0.000000e+00 -1.000000e+00
  outer loop
   vertex 2.697516e+01 -3.822009e+01 3.590000e+01
   vertex 2.737198e+01 -3.782326e+01 3.590000e+01
   vertex 2.980977e+01 -3.681350e+01 3.590000e+01
  endloop
 endfacet
 facet normal -2.056878e-02 9.997884e-01 0.000000e+00
  outer loop
   vertex -2.236190e+00 4.764756e+01 4.840000e+01
   vertex 2.745999e-01 4.769921e+01 5.140000e+01
   vertex 2.745999e-01 4.769921e+01 4.840000e+01
  endloop
 endfacet
 facet normal -7.293091e-02 9.973370e-01 0.000000e+00
  outer loop
   vertex -4.719047e+00 4.746600e+01 4.840000e+01
   vertex -4.719047e+00 4.746600e+01 5.440000e+01
   vertex -2.236190e+00 4.764756e+01 5.440000e+01
  endloop
 endfacet
 facet normal -1.715446e-01 9.851764e-01 0.000000e+00
  outer loop
   vertex -9.328351e+00 4.677897e+01 4.840000e+01
   vertex -9.328351e+00 4.677897e+01 5.440000e+01
   vertex -7.032094e+00 4.717881e+01 5.440000e+01
  endloop
 endfacet
 facet normal -2.194654e-01 9.756203e-01 0.000000e+00
  outer loop
   vertex -1.160233e+01 4.626744e+01 4.840000e+01
   vertex -1.160233e+01 4.626744e+01 5.440000e+01
   vertex -9.328351e+00 4.677897e+01 5.440000e+01
  endloop
 endfacet
 facet normal -1.232146e-01 9.923801e-01 0.000000e+00
  outer loop
   vertex -7.032094e+00 4.717881e+01 4.840000e+01
   vertex -7.032094e+00 4.717881e+01 5.440000e+01
   vertex -4.719047e+00 4.746600e+01 5.440000e+01
  endloop
 endfacet
 facet normal -3.136199e-01 9.495486e-01 0.000000e+00
  outer loop
   vertex -1.606183e+01 4.491445e+01 4.840000e+01
   vertex -1.606183e+01 4.491445e+01 5.440000e+01
   vertex -1.384862e+01 4.564544e+01 5.440000e+01
  endloop
 endfacet
 facet normal -3.459186e-01 9.382645e-01 0.000000e+00
  outer loop
   vertex -1.693712e+01 4.459175e+01 4.840000e+01
   vertex -1.606183e+01 4.491445e+01 5.440000e+01
   vertex -1.606183e+01 4.491445e+01 4.840000e+01
  endloop
 endfacet
 facet normal -4.405201e-01 8.977354e-01 -3.639594e-03
  outer loop
   vertex -1.955478e+01 4.350748e+01 4.840000e+01
   vertex -2.244714e+01 4.208819e+01 4.840000e+01
   vertex -2.036802e+01 4.313275e+01 5.440000e+01
  endloop
 endfacet
 facet normal -2.668610e-01 9.637350e-01 0.000000e+00
  outer loop
   vertex -1.384862e+01 4.564544e+01 4.840000e+01
   vertex -1.384862e+01 4.564544e+01 5.440000e+01
   vertex -1.160233e+01 4.626744e+01 5.440000e+01
  endloop
 endfacet
 facet normal -5.322529e-01 8.465854e-01 0.000000e+00
  outer loop
   vertex -2.634094e+01 3.976738e+01 4.840000e+01
   vertex -2.634094e+01 3.976738e+01 5.440000e+01
   vertex -2.442163e+01 4.097407e+01 5.440000e+01
  endloop
 endfacet
 facet normal -5.718770e-01 8.203394e-01 0.000000e+00
  outer loop
   vertex -2.820075e+01 3.847087e+01 4.840000e+01
   vertex -2.820075e+01 3.847087e+01 5.440000e+01
   vertex -2.634094e+01 3.976738e+01 5.440000e+01
  endloop
 endfacet
 facet normal -6.471654e-01 7.623496e-01 0.000000e+00
  outer loop
   vertex -3.172520e+01 3.562024e+01 4.840000e+01
   vertex -3.172520e+01 3.562024e+01 5.440000e+01
   vertex -2.999686e+01 3.708744e+01 5.440000e+01
  endloop
 endfacet
 facet normal -6.102102e-01 7.922396e-01 0.000000e+00
  outer loop
   vertex -2.999686e+01 3.708744e+01 4.840000e+01
   vertex -2.999686e+01 3.708744e+01 5.440000e+01
   vertex -2.820075e+01 3.847087e+01 5.440000e+01
  endloop
 endfacet
 facet normal -6.826564e-01 7.307396e-01 0.000000e+00
  outer loop
   vertex -3.338188e+01 3.407257e+01 4.840000e+01
   vertex -3.338188e+01 3.407257e+01 5.440000e+01
   vertex -3.172520e+01 3.562024e+01 5.440000e+01
  endloop
 endfacet
 facet normal -4.914259e-01 8.709194e-01 0.000000e+00
  outer loop
   vertex -2.442163e+01 4.097407e+01 4.840000e+01
   vertex -2.442163e+01 4.097407e+01 5.440000e+01
   vertex -2.244714e+01 4.208819e+01 5.440000e+01
  endloop
 endfacet
 facet normal -7.166077e-01 6.974764e-01 0.000000e+00
  outer loop
   vertex -3.496315e+01 3.244793e+01 4.840000e+01
   vertex -3.496315e+01 3.244793e+01 5.440000e+01
   vertex -3.338188e+01 3.407257e+01 5.440000e+01
  endloop
 endfacet
 facet normal -7.489383e-01 6.626397e-01 0.000000e+00
  outer loop
   vertex -3.646544e+01 3.074999e+01 4.840000e+01
   vertex -3.646544e+01 3.074999e+01 5.440000e+01
   vertex -3.496315e+01 3.244793e+01 5.440000e+01
  endloop
 endfacet
 facet normal -8.084573e-01 5.885548e-01 0.000000e+00
  outer loop
   vertex -3.921967e+01 2.714972e+01 4.840000e+01
   vertex -3.921967e+01 2.714972e+01 5.440000e+01
   vertex -3.788535e+01 2.898259e+01 5.440000e+01
  endloop
 endfacet
 facet normal -8.606743e-01 5.091559e-01 0.000000e+00
  outer loop
   vertex -4.161972e+01 2.330426e+01 4.840000e+01
   vertex -4.161972e+01 2.330426e+01 5.440000e+01
   vertex -4.046540e+01 2.525552e+01 5.440000e+01
  endloop
 endfacet
 facet normal -8.355092e-01 5.494764e-01 0.000000e+00
  outer loop
   vertex -4.046540e+01 2.525552e+01 4.840000e+01
   vertex -4.046540e+01 2.525552e+01 5.440000e+01
   vertex -3.921967e+01 2.714972e+01 5.440000e+01
  endloop
 endfacet
 facet normal -7.795783e-01 6.263047e-01 0.000000e+00
  outer loop
   vertex -3.788535e+01 2.898259e+01 4.840000e+01
   vertex -3.788535e+01 2.898259e+01 5.440000e+01
   vertex -3.646544e+01 3.074999e+01 5.440000e+01
  endloop
 endfacet
 facet normal -8.838947e-01 4.676859e-01 0.000000e+00
  outer loop
   vertex -4.268003e+01 2.130036e+01 4.840000e+01
   vertex -4.268003e+01 2.130036e+01 5.440000e+01
   vertex -4.161972e+01 2.330426e+01 5.440000e+01
  endloop
 endfacet
 facet normal -3.591342e-01 9.332833e-01 2.195809e-03
  outer loop
   vertex -1.693712e+01 4.459175e+01 4.840000e+01
   vertex -1.755812e+01 4.435090e+01 4.919908e+01
   vertex -1.606183e+01 4.491445e+01 5.440000e+01
  endloop
 endfacet
 facet normal -9.051191e-01 4.251582e-01 0.000000e+00
  outer loop
   vertex -4.364391e+01 1.924834e+01 4.840000e+01
   vertex -4.364391e+01 1.924834e+01 5.440000e+01
   vertex -4.268003e+01 2.130036e+01 5.440000e+01
  endloop
 endfacet
 facet normal -9.242977e-01 3.816724e-01 0.000000e+00
  outer loop
   vertex -4.450921e+01 1.715284e+01 4.840000e+01
   vertex -4.450921e+01 1.715284e+01 5.440000e+01
   vertex -4.364391e+01 1.924834e+01 5.440000e+01
  endloop
 endfacet
 facet normal -9.563538e-01 2.922111e-01 0.000000e+00
  outer loop
   vertex -4.593644e+01 1.285042e+01 4.840000e+01
   vertex -4.593644e+01 1.285042e+01 5.440000e+01
   vertex -4.527396e+01 1.501860e+01 5.440000e+01
  endloop
 endfacet
 facet normal -9.691583e-01 2.464391e-01 0.000000e+00
  outer loop
   vertex -4.649515e+01 1.065322e+01 4.840000e+01
   vertex -4.649515e+01 1.065322e+01 5.440000e+01
   vertex -4.593644e+01 1.285042e+01 5.440000e+01
  endloop
 endfacet
 facet normal -9.413893e-01 3.373220e-01 0.000000e+00
  outer loop
   vertex -4.527396e+01 1.501860e+01 4.840000e+01
   vertex -4.527396e+01 1.501860e+01 5.440000e+01
   vertex -4.450921e+01 1.715284e+01 5.440000e+01
  endloop
 endfacet
 facet normal -9.883966e-01 1.518954e-01 0.000000e+00
  outer loop
   vertex -4.731423e+01 6.054221e+00 4.840000e+01
   vertex -4.731423e+01 6.054221e+00 5.440000e+01
   vertex -4.694883e+01 8.431950e+00 5.440000e+01
  endloop
 endfacet
 facet normal -9.948158e-01 1.016929e-01 0.000000e+00
  outer loop
   vertex -4.756059e+01 3.644223e+00 4.840000e+01
   vertex -4.756059e+01 3.644223e+00 5.440000e+01
   vertex -4.731423e+01 6.054221e+00 5.440000e+01
  endloop
 endfacet
 facet normal -9.999843e-01 5.603339e-03 0.000000e+00
  outer loop
   vertex -4.769550e+01 -6.555718e-01 4.840000e+01
   vertex -4.769550e+01 -6.555718e-01 5.440000e+01
   vertex -4.768515e+01 1.190021e+00 5.440000e+01
  endloop
 endfacet
 facet normal -9.991991e-01 -4.001473e-02 0.000000e+00
  outer loop
   vertex -4.759518e+01 -3.160518e+00 4.840000e+01
   vertex -4.759518e+01 -3.160518e+00 5.440000e+01
   vertex -4.769550e+01 -6.555718e-01 5.440000e+01
  endloop
 endfacet
 facet normal -9.987144e-01 5.069061e-02 0.000000e+00
  outer loop
   vertex -4.768515e+01 1.190021e+00 4.840000e+01
   vertex -4.768515e+01 1.190021e+00 5.440000e+01
   vertex -4.756059e+01 3.644223e+00 5.440000e+01
  endloop
 endfacet
 facet normal -9.797734e-01 2.001100e-01 0.000000e+00
  outer loop
   vertex -4.694883e+01 8.431950e+00 4.840000e+01
   vertex -4.694883e+01 8.431950e+00 5.440000e+01
   vertex -4.649515e+01 1.065322e+01 5.440000e+01
  endloop
 endfacet
 facet normal -9.899951e-01 -1.411014e-01 0.000000e+00
  outer loop
   vertex -4.704424e+01 -7.882258e+00 4.840000e+01
   vertex -4.704424e+01 -7.882258e+00 5.440000e+01
   vertex -4.737312e+01 -5.574770e+00 5.440000e+01
  endloop
 endfacet
 facet normal -9.819205e-01 -1.892939e-01 0.000000e+00
  outer loop
   vertex -4.660303e+01 -1.017093e+01 4.840000e+01
   vertex -4.660303e+01 -1.017093e+01 5.440000e+01
   vertex -4.704424e+01 -7.882258e+00 5.440000e+01
  endloop
 endfacet
 facet normal -9.587627e-01 -2.842077e-01 0.000000e+00
  outer loop
   vertex -4.538811e+01 -1.467000e+01 4.840000e+01
   vertex -4.538811e+01 -1.467000e+01 5.440000e+01
   vertex -4.605055e+01 -1.243531e+01 5.440000e+01
  endloop
 endfacet
 facet normal -9.437349e-01 -3.307030e-01 0.000000e+00
  outer loop
   vertex -4.461731e+01 -1.686967e+01 4.840000e+01
   vertex -4.461731e+01 -1.686967e+01 5.440000e+01
   vertex -4.538811e+01 -1.467000e+01 5.440000e+01
  endloop
 endfacet
 facet normal -9.715016e-01 -2.370332e-01 0.000000e+00
  outer loop
   vertex -4.605055e+01 -1.243531e+01 4.840000e+01
   vertex -4.605055e+01 -1.243531e+01 5.440000e+01
   vertex -4.660303e+01 -1.017093e+01 5.440000e+01
  endloop
 endfacet
 facet normal -9.069604e-01 -4.212159e-01 0.000000e+00
  outer loop
   vertex -4.275820e+01 -2.114300e+01 4.840000e+01
   vertex -4.275820e+01 -2.114300e+01 5.440000e+01
   vertex -4.373997e+01 -1.902905e+01 5.440000e+01
  endloop
 endfacet
 facet normal -8.854358e-01 -4.647618e-01 0.000000e+00
  outer loop
   vertex -4.168773e+01 -2.318239e+01 4.840000e+01
   vertex -4.168773e+01 -2.318239e+01 5.440000e+01
   vertex -4.275820e+01 -2.114300e+01 5.440000e+01
  endloop
 endfacet
 facet normal -8.371142e-01 -5.470281e-01 0.000000e+00
  outer loop
   vertex -3.929894e+01 -2.703485e+01 4.840000e+01
   vertex -3.929894e+01 -2.703485e+01 5.440000e+01
   vertex -4.053912e+01 -2.513701e+01 5.440000e+01
  endloop
 endfacet
 facet normal -7.814076e-01 -6.240209e-01 0.000000e+00
  outer loop
   vertex -3.655525e+01 -3.064317e+01 4.840000e+01
   vertex -3.655525e+01 -3.064317e+01 5.440000e+01
   vertex -3.796998e+01 -2.887162e+01 5.440000e+01
  endloop
 endfacet
 facet normal -8.101754e-01 -5.861875e-01 0.000000e+00
  outer loop
   vertex -3.796998e+01 -2.887162e+01 4.840000e+01
   vertex -3.796998e+01 -2.887162e+01 5.440000e+01
   vertex -3.929894e+01 -2.703485e+01 5.440000e+01
  endloop
 endfacet
 facet normal -8.621596e-01 -5.066367e-01 0.000000e+00
  outer loop
   vertex -4.053912e+01 -2.513701e+01 4.840000e+01
   vertex -4.053912e+01 -2.513701e+01 5.440000e+01
   vertex -4.168773e+01 -2.318239e+01 5.440000e+01
  endloop
 endfacet
 facet normal -9.264533e-01 -3.764097e-01 0.000000e+00
  outer loop
   vertex -4.373997e+01 -1.902905e+01 4.840000e+01
   vertex -4.373997e+01 -1.902905e+01 5.440000e+01
   vertex -4.461731e+01 -1.686967e+01 5.440000e+01
  endloop
 endfacet
 facet normal -9.957964e-01 -9.159421e-02 0.000000e+00
  outer loop
   vertex -4.737312e+01 -5.574770e+00 4.840000e+01
   vertex -4.737312e+01 -5.574770e+00 5.440000e+01
   vertex -4.759518e+01 -3.160518e+00 5.440000e+01
  endloop
 endfacet
 facet normal -7.508745e-01 -6.604449e-01 0.000000e+00
  outer loop
   vertex -3.505794e+01 -3.234550e+01 4.840000e+01
   vertex -3.505794e+01 -3.234550e+01 5.440000e+01
   vertex -3.655525e+01 -3.064317e+01 5.440000e+01
  endloop
 endfacet
 facet normal -2.056878e-02 9.997884e-01 0.000000e+00
  outer loop
   vertex 2.745999e-01 4.769921e+01 5.440000e+01
   vertex 2.745999e-01 4.769921e+01 5.140000e+01
   vertex -2.236190e+00 4.764756e+01 5.440000e+01
  endloop
 endfacet
 facet normal -2.056878e-02 9.997884e-01 0.000000e+00
  outer loop
   vertex -2.236190e+00 4.764756e+01 5.440000e+01
   vertex 2.745999e-01 4.769921e+01 5.140000e+01
   vertex -2.236190e+00 4.764756e+01 4.840000e+01
  endloop
 endfacet
 facet normal -3.596296e-01 9.330922e-01 2.359034e-03
  outer loop
   vertex -1.823670e+01 4.407622e+01 5.440000e+01
   vertex -1.606183e+01 4.491445e+01 5.440000e+01
   vertex -1.755812e+01 4.435090e+01 4.919908e+01
  endloop
 endfacet
 facet normal -4.047824e-01 9.144130e-01 1.054146e-04
  outer loop
   vertex -1.825400e+01 4.406905e+01 5.010000e+01
   vertex -2.036802e+01 4.313275e+01 5.440000e+01
   vertex -1.823670e+01 4.407622e+01 5.440000e+01
  endloop
 endfacet
 facet normal -3.997361e-01 9.166252e-01 3.068050e-03
  outer loop
   vertex -1.825400e+01 4.406905e+01 5.010000e+01
   vertex -1.955478e+01 4.350748e+01 4.840000e+01
   vertex -2.036802e+01 4.313275e+01 5.440000e+01
  endloop
 endfacet
 facet normal -3.754382e-01 9.268474e-01 -3.338445e-05
  outer loop
   vertex -1.755812e+01 4.435090e+01 4.919908e+01
   vertex -1.825400e+01 4.406905e+01 5.010000e+01
   vertex -1.823670e+01 4.407622e+01 5.440000e+01
  endloop
 endfacet
 facet normal -7.186447e-01 -6.953775e-01 -0.000000e+00
  outer loop
   vertex -3.505794e+01 -3.234550e+01 5.440000e+01
   vertex -3.505794e+01 -3.234550e+01 4.840000e+01
   vertex -3.348143e+01 -3.397475e+01 4.840000e+01
  endloop
 endfacet
 facet normal -6.847916e-01 -7.287389e-01 0.000000e+00
  outer loop
   vertex -3.182929e+01 -3.552726e+01 4.840000e+01
   vertex -3.182929e+01 -3.552726e+01 5.440000e+01
   vertex -3.348143e+01 -3.397475e+01 5.440000e+01
  endloop
 endfacet
 facet normal -6.493929e-01 -7.604530e-01 0.000000e+00
  outer loop
   vertex -3.010524e+01 -3.699952e+01 4.840000e+01
   vertex -3.010524e+01 -3.699952e+01 5.440000e+01
   vertex -3.182929e+01 -3.552726e+01 5.440000e+01
  endloop
 endfacet
 facet normal -5.742751e-01 -8.186624e-01 0.000000e+00
  outer loop
   vertex -2.645718e+01 -3.969014e+01 4.840000e+01
   vertex -2.645718e+01 -3.969014e+01 5.440000e+01
   vertex -2.831319e+01 -3.838819e+01 5.440000e+01
  endloop
 endfacet
 facet normal -5.347266e-01 -8.450251e-01 0.000000e+00
  outer loop
   vertex -2.454141e+01 -4.090244e+01 4.840000e+01
   vertex -2.454141e+01 -4.090244e+01 5.440000e+01
   vertex -2.645718e+01 -3.969014e+01 5.440000e+01
  endloop
 endfacet
 facet normal -6.125254e-01 -7.904509e-01 0.000000e+00
  outer loop
   vertex -2.831319e+01 -3.838819e+01 4.840000e+01
   vertex -2.831319e+01 -3.838819e+01 5.440000e+01
   vertex -3.010524e+01 -3.699952e+01 5.440000e+01
  endloop
 endfacet
 facet normal -4.521016e-01 -8.919664e-01 0.000000e+00
  outer loop
   vertex -2.054799e+01 -4.304730e+01 4.840000e+01
   vertex -2.054799e+01 -4.304730e+01 5.440000e+01
   vertex -2.257019e+01 -4.202233e+01 5.440000e+01
  endloop
 endfacet
 facet normal -4.092069e-01 -9.124416e-01 0.000000e+00
  outer loop
   vertex -1.847937e+01 -4.397503e+01 4.840000e+01
   vertex -1.847937e+01 -4.397503e+01 5.440000e+01
   vertex -2.054799e+01 -4.304730e+01 5.440000e+01
  endloop
 endfacet
 facet normal -3.207484e-01 -9.471644e-01 0.000000e+00
  outer loop
   vertex -1.422167e+01 -4.553059e+01 4.840000e+01
   vertex -1.422167e+01 -4.553059e+01 5.440000e+01
   vertex -1.636901e+01 -4.480341e+01 5.440000e+01
  endloop
 endfacet
 facet normal -2.753800e-01 -9.613355e-01 0.000000e+00
  outer loop
   vertex -1.204220e+01 -4.615491e+01 4.840000e+01
   vertex -1.204220e+01 -4.615491e+01 5.440000e+01
   vertex -1.422167e+01 -4.553059e+01 5.440000e+01
  endloop
 endfacet
 facet normal -3.653896e-01 -9.308547e-01 0.000000e+00
  outer loop
   vertex -1.636901e+01 -4.480341e+01 4.840000e+01
   vertex -1.636901e+01 -4.480341e+01 5.440000e+01
   vertex -1.847937e+01 -4.397503e+01 5.440000e+01
  endloop
 endfacet
 facet normal -4.939716e-01 -8.694780e-01 0.000000e+00
  outer loop
   vertex -2.257019e+01 -4.202233e+01 4.840000e+01
   vertex -2.257019e+01 -4.202233e+01 5.440000e+01
   vertex -2.454141e+01 -4.090244e+01 5.440000e+01
  endloop
 endfacet
 facet normal -1.816479e-01 -9.833636e-01 0.000000e+00
  outer loop
   vertex -7.488196e+00 -4.710857e+01 4.840000e+01
   vertex -7.488196e+00 -4.710857e+01 5.440000e+01
   vertex -9.835528e+00 -4.667496e+01 5.440000e+01
  endloop
 endfacet
 facet normal -1.319805e-01 -9.912523e-01 0.000000e+00
  outer loop
   vertex -5.098790e+00 -4.742670e+01 4.840000e+01
   vertex -5.098790e+00 -4.742670e+01 5.440000e+01
   vertex -7.488196e+00 -4.710857e+01 5.440000e+01
  endloop
 endfacet
 facet normal -3.139721e-02 -9.995070e-01 0.000000e+00
  outer loop
   vertex -2.969032e-01 -4.769908e+01 4.840000e+01
   vertex -2.969032e-01 -4.769908e+01 5.440000e+01
   vertex -2.697370e+00 -4.762367e+01 5.440000e+01
  endloop
 endfacet
 facet normal 1.346578e-02 -9.999093e-01 0.000000e+00
  outer loop
   vertex 1.581128e+00 -4.767379e+01 4.840000e+01
   vertex 1.581128e+00 -4.767379e+01 5.440000e+01
   vertex -2.969032e-01 -4.769908e+01 5.440000e+01
  endloop
 endfacet
 facet normal -8.174699e-02 -9.966531e-01 0.000000e+00
  outer loop
   vertex -2.697370e+00 -4.762367e+01 4.840000e+01
   vertex -2.697370e+00 -4.762367e+01 5.440000e+01
   vertex -5.098790e+00 -4.742670e+01 5.440000e+01
  endloop
 endfacet
 facet normal 1.102259e-01 -9.939066e-01 0.000000e+00
  outer loop
   vertex 6.428678e+00 -4.726481e+01 4.840000e+01
   vertex 6.428678e+00 -4.726481e+01 5.440000e+01
   vertex 4.083655e+00 -4.752488e+01 5.440000e+01
  endloop
 endfacet
 facet normal 1.589424e-01 -9.872879e-01 0.000000e+00
  outer loop
   vertex 8.729856e+00 -4.689434e+01 4.840000e+01
   vertex 8.729856e+00 -4.689434e+01 5.440000e+01
   vertex 6.428678e+00 -4.726481e+01 5.440000e+01
  endloop
 endfacet
 facet normal 2.545256e-01 -9.670660e-01 0.000000e+00
  outer loop
   vertex 1.326424e+01 -4.581866e+01 4.840000e+01
   vertex 1.326424e+01 -4.581866e+01 5.440000e+01
   vertex 1.101019e+01 -4.641191e+01 5.440000e+01
  endloop
 endfacet
 facet normal 3.476783e-01 -9.376139e-01 0.000000e+00
  outer loop
   vertex 1.767201e+01 -4.430564e+01 4.840000e+01
   vertex 1.767201e+01 -4.430564e+01 5.440000e+01
   vertex 1.548661e+01 -4.511602e+01 5.440000e+01
  endloop
 endfacet
 facet normal 3.014612e-01 -9.534784e-01 0.000000e+00
  outer loop
   vertex 1.548661e+01 -4.511602e+01 4.840000e+01
   vertex 1.548661e+01 -4.511602e+01 5.440000e+01
   vertex 1.326424e+01 -4.581866e+01 5.440000e+01
  endloop
 endfacet
 facet normal 2.069796e-01 -9.783452e-01 0.000000e+00
  outer loop
   vertex 1.101019e+01 -4.641191e+01 4.840000e+01
   vertex 1.101019e+01 -4.641191e+01 5.440000e+01
   vertex 8.729856e+00 -4.689434e+01 5.440000e+01
  endloop
 endfacet
 facet normal 5.939899e-02 -9.982343e-01 0.000000e+00
  outer loop
   vertex 4.083655e+00 -4.752488e+01 4.840000e+01
   vertex 4.083655e+00 -4.752488e+01 5.440000e+01
   vertex 1.581128e+00 -4.767379e+01 5.440000e+01
  endloop
 endfacet
 facet normal -2.293908e-01 -9.733344e-01 0.000000e+00
  outer loop
   vertex -9.835528e+00 -4.667496e+01 4.840000e+01
   vertex -9.835528e+00 -4.667496e+01 5.440000e+01
   vertex -1.204220e+01 -4.615491e+01 5.440000e+01
  endloop
 endfacet
 facet normal 4.375136e-01 -8.992118e-01 0.000000e+00
  outer loop
   vertex 2.191110e+01 -4.236972e+01 4.840000e+01
   vertex 2.191110e+01 -4.236972e+01 5.440000e+01
   vertex 1.981521e+01 -4.338948e+01 5.440000e+01
  endloop
 endfacet
 facet normal 4.804469e-01 -8.770238e-01 0.000000e+00
  outer loop
   vertex 2.391049e+01 -4.127443e+01 4.840000e+01
   vertex 2.391049e+01 -4.127443e+01 5.440000e+01
   vertex 2.191110e+01 -4.236972e+01 5.440000e+01
  endloop
 endfacet
 facet normal 5.616367e-01 -8.273839e-01 0.000000e+00
  outer loop
   vertex 2.772043e+01 -3.881839e+01 4.840000e+01
   vertex 2.772043e+01 -3.881839e+01 5.440000e+01
   vertex 2.584465e+01 -4.009169e+01 5.440000e+01
  endloop
 endfacet
 facet normal 6.003175e-01 -7.997618e-01 0.000000e+00
  outer loop
   vertex 2.953360e+01 -3.745740e+01 4.840000e+01
   vertex 2.953360e+01 -3.745740e+01 5.440000e+01
   vertex 2.772043e+01 -3.881839e+01 5.440000e+01
  endloop
 endfacet
 facet normal 5.216897e-01 -8.531353e-01 0.000000e+00
  outer loop
   vertex 2.584465e+01 -4.009169e+01 4.840000e+01
   vertex 2.584465e+01 -4.009169e+01 5.440000e+01
   vertex 2.391049e+01 -4.127443e+01 5.440000e+01
  endloop
 endfacet
 facet normal 6.735218e-01 -7.391673e-01 0.000000e+00
  outer loop
   vertex 3.295583e+01 -3.448483e+01 4.840000e+01
   vertex 3.295583e+01 -3.448483e+01 5.440000e+01
   vertex 3.128004e+01 -3.601179e+01 5.440000e+01
  endloop
 endfacet
 facet normal 7.078837e-01 -7.063290e-01 0.000000e+00
  outer loop
   vertex 3.455716e+01 -3.287997e+01 4.840000e+01
   vertex 3.455716e+01 -3.287997e+01 5.440000e+01
   vertex 3.295583e+01 -3.448483e+01 5.440000e+01
  endloop
 endfacet
 facet normal 7.717348e-01 -6.359444e-01 0.000000e+00
  outer loop
   vertex 3.752220e+01 -2.945122e+01 4.840000e+01
   vertex 3.752220e+01 -2.945122e+01 5.440000e+01
   vertex 3.608044e+01 -3.120084e+01 5.440000e+01
  endloop
 endfacet
 facet normal 8.010793e-01 -5.985582e-01 0.000000e+00
  outer loop
   vertex 3.887921e+01 -2.763507e+01 4.840000e+01
   vertex 3.887921e+01 -2.763507e+01 5.440000e+01
   vertex 3.752220e+01 -2.945122e+01 5.440000e+01
  endloop
 endfacet
 facet normal 7.406449e-01 -6.718966e-01 0.000000e+00
  outer loop
   vertex 3.608044e+01 -3.120084e+01 4.840000e+01
   vertex 3.608044e+01 -3.120084e+01 5.440000e+01
   vertex 3.455716e+01 -3.287997e+01 5.440000e+01
  endloop
 endfacet
 facet normal 6.376391e-01 -7.703352e-01 0.000000e+00
  outer loop
   vertex 3.128004e+01 -3.601179e+01 4.840000e+01
   vertex 3.128004e+01 -3.601179e+01 5.440000e+01
   vertex 2.953360e+01 -3.745740e+01 5.440000e+01
  endloop
 endfacet
 facet normal 8.542799e-01 -5.198133e-01 0.000000e+00
  outer loop
   vertex 4.132687e+01 -2.381974e+01 4.840000e+01
   vertex 4.132687e+01 -2.381974e+01 5.440000e+01
   vertex 4.014839e+01 -2.575650e+01 5.440000e+01
  endloop
 endfacet
 facet normal 8.780139e-01 -4.786351e-01 0.000000e+00
  outer loop
   vertex 4.241199e+01 -2.182917e+01 4.840000e+01
   vertex 4.241199e+01 -2.182917e+01 5.440000e+01
   vertex 4.132687e+01 -2.381974e+01 5.440000e+01
  endloop
 endfacet
 facet normal 9.194832e-01 -3.931294e-01 0.000000e+00
  outer loop
   vertex 4.429259e+01 -1.770471e+01 4.840000e+01
   vertex 4.429259e+01 -1.770471e+01 5.440000e+01
   vertex 4.340131e+01 -1.978929e+01 5.440000e+01
  endloop
 endfacet
 facet normal 9.371242e-01 -3.489960e-01 0.000000e+00
  outer loop
   vertex 4.508381e+01 -1.558013e+01 4.840000e+01
   vertex 4.508381e+01 -1.558013e+01 5.440000e+01
   vertex 4.429259e+01 -1.770471e+01 5.440000e+01
  endloop
 endfacet
 facet normal 8.997645e-01 -4.363759e-01 0.000000e+00
  outer loop
   vertex 4.340131e+01 -1.978929e+01 4.840000e+01
   vertex 4.340131e+01 -1.978929e+01 5.440000e+01
   vertex 4.241199e+01 -2.182917e+01 5.440000e+01
  endloop
 endfacet
 facet normal 9.660207e-01 -2.584648e-01 0.000000e+00
  outer loop
   vertex 4.635915e+01 -1.123027e+01 4.840000e+01
   vertex 4.635915e+01 -1.123027e+01 5.440000e+01
   vertex 4.577318e+01 -1.342036e+01 5.440000e+01
  endloop
 endfacet
 facet normal 9.772106e-01 -2.122720e-01 0.000000e+00
  outer loop
   vertex 4.684040e+01 -9.014810e+00 4.840000e+01
   vertex 4.684040e+01 -9.014810e+00 5.440000e+01
   vertex 4.635915e+01 -1.123027e+01 5.440000e+01
  endloop
 endfacet
 facet normal 9.934514e-01 -1.142552e-01 0.000000e+00
  outer loop
   vertex 4.751055e+01 -4.247049e+00 4.840000e+01
   vertex 4.751055e+01 -4.247049e+00 5.440000e+01
   vertex 4.723426e+01 -6.649437e+00 5.440000e+01
  endloop
 endfacet
 facet normal 9.998108e-01 -1.944935e-02 3.787155e-17
  outer loop
   vertex 4.770000e+01 -5.841565e-15 5.140000e+01
   vertex 4.766391e+01 -1.855085e+00 4.840000e+01
   vertex 4.770000e+01 -1.168313e-14 4.840000e+01
  endloop
 endfacet
 facet normal 9.979509e-01 -6.398425e-02 0.000000e+00
  outer loop
   vertex 4.766391e+01 -1.855085e+00 4.840000e+01
   vertex 4.766391e+01 -1.855085e+00 5.440000e+01
   vertex 4.751055e+01 -4.247049e+00 5.440000e+01
  endloop
 endfacet
 facet normal 9.864191e-01 -1.642478e-01 0.000000e+00
  outer loop
   vertex 4.723426e+01 -6.649437e+00 4.840000e+01
   vertex 4.723426e+01 -6.649437e+00 5.440000e+01
   vertex 4.684040e+01 -9.014810e+00 5.440000e+01
  endloop
 endfacet
 facet normal 9.526480e-01 -3.040752e-01 0.000000e+00
  outer loop
   vertex 4.577318e+01 -1.342036e+01 4.840000e+01
   vertex 4.577318e+01 -1.342036e+01 5.440000e+01
   vertex 4.508381e+01 -1.558013e+01 5.440000e+01
  endloop
 endfacet
 facet normal 8.286149e-01 -5.598190e-01 0.000000e+00
  outer loop
   vertex 4.014839e+01 -2.575650e+01 4.840000e+01
   vertex 4.014839e+01 -2.575650e+01 5.440000e+01
   vertex 3.887921e+01 -2.763507e+01 5.440000e+01
  endloop
 endfacet
 facet normal 3.930657e-01 -9.195104e-01 0.000000e+00
  outer loop
   vertex 1.981521e+01 -4.338948e+01 4.840000e+01
   vertex 1.981521e+01 -4.338948e+01 5.440000e+01
   vertex 1.767201e+01 -4.430564e+01 5.440000e+01
  endloop
 endfacet
 facet normal 9.998108e-01 -1.944935e-02 -3.787155e-17
  outer loop
   vertex 4.770000e+01 -5.841565e-15 5.140000e+01
   vertex 4.770000e+01 -1.168313e-14 5.440000e+01
   vertex 4.766391e+01 -1.855085e+00 5.440000e+01
  endloop
 endfacet
 facet normal 9.998108e-01 -1.944935e-02 0.000000e+00
  outer loop
   vertex 4.770000e+01 -5.841565e-15 5.140000e+01
   vertex 4.766391e+01 -1.855085e+00 5.440000e+01
   vertex 4.766391e+01 -1.855085e+00 4.840000e+01
  endloop
 endfacet
 facet normal -9.998426e-01 -1.774108e-02 4.920526e-18
  outer loop
   vertex 4.650000e+01 0.000000e+00 5.140000e+01
   vertex 4.647073e+01 1.649593e+00 4.840000e+01
   vertex 4.650000e+01 -8.320563e-16 4.840000e+01
  endloop
 endfacet
 facet normal -9.960679e-01 -8.858977e-02 7.803866e-04
  outer loop
   vertex 4.635839e+01 3.626181e+00 5.440000e+01
   vertex 4.623680e+01 4.940475e+00 4.840000e+01
   vertex 4.638296e+01 3.297110e+00 4.840000e+01
  endloop
 endfacet
 facet normal -9.922947e-01 -1.238703e-01 -2.731426e-03
  outer loop
   vertex 4.593444e+01 7.230277e+00 5.440000e+01
   vertex 4.603243e+01 6.577622e+00 4.840000e+01
   vertex 4.623680e+01 4.940475e+00 4.840000e+01
  endloop
 endfacet
 facet normal -9.985833e-01 -5.319778e-02 -1.170996e-03
  outer loop
   vertex 4.635839e+01 3.626181e+00 5.440000e+01
   vertex 4.638296e+01 3.297110e+00 4.840000e+01
   vertex 4.647073e+01 1.649593e+00 4.840000e+01
  endloop
 endfacet
 facet normal -9.810071e-01 -1.939151e-01 -4.682492e-03
  outer loop
   vertex 4.523073e+01 1.079034e+01 5.440000e+01
   vertex 4.545018e+01 9.825023e+00 4.840000e+01
   vertex 4.577011e+01 8.206488e+00 4.840000e+01
  endloop
 endfacet
 facet normal -9.735204e-01 -2.285970e-01 1.171156e-03
  outer loop
   vertex 4.523073e+01 1.079034e+01 5.440000e+01
   vertex 4.507303e+01 1.143119e+01 4.840000e+01
   vertex 4.545018e+01 9.825023e+00 4.840000e+01
  endloop
 endfacet
 facet normal -9.548622e-01 -2.970481e-01 7.802021e-04
  outer loop
   vertex 4.425153e+01 1.428468e+01 5.440000e+01
   vertex 4.414905e+01 1.459835e+01 4.840000e+01
   vertex 4.463913e+01 1.302296e+01 4.840000e+01
  endloop
 endfacet
 facet normal -9.437218e-01 -3.307381e-01 -1.171336e-03
  outer loop
   vertex 4.425153e+01 1.428468e+01 5.440000e+01
   vertex 4.360338e+01 1.615535e+01 4.840000e+01
   vertex 4.414905e+01 1.459835e+01 4.840000e+01
  endloop
 endfacet
 facet normal -9.647949e-01 -2.629892e-01 -2.731560e-03
  outer loop
   vertex 4.523073e+01 1.079034e+01 5.440000e+01
   vertex 4.463913e+01 1.302296e+01 4.840000e+01
   vertex 4.507303e+01 1.143119e+01 4.840000e+01
  endloop
 endfacet
 facet normal -9.872788e-01 -1.589945e-01 1.171148e-03
  outer loop
   vertex 4.593444e+01 7.230277e+00 5.440000e+01
   vertex 4.577011e+01 8.206488e+00 4.840000e+01
   vertex 4.603243e+01 6.577622e+00 4.840000e+01
  endloop
 endfacet
 facet normal -9.998426e-01 -1.774108e-02 4.920526e-18
  outer loop
   vertex 4.650000e+01 0.000000e+00 5.140000e+01
   vertex 4.650000e+01 8.320563e-16 5.440000e+01
   vertex 4.647073e+01 1.649593e+00 4.840000e+01
  endloop
 endfacet
 facet normal -9.992213e-01 -3.902042e-02 -5.853406e-03
  outer loop
   vertex 4.650000e+01 8.320563e-16 5.440000e+01
   vertex 4.635839e+01 3.626181e+00 5.440000e+01
   vertex 4.647073e+01 1.649593e+00 4.840000e+01
  endloop
 endfacet
 facet normal -9.810071e-01 -1.939155e-01 -4.682330e-03
  outer loop
   vertex 4.577011e+01 8.206488e+00 4.840000e+01
   vertex 4.593444e+01 7.230277e+00 5.440000e+01
   vertex 4.523073e+01 1.079034e+01 5.440000e+01
  endloop
 endfacet
 facet normal -9.628936e-01 -2.698260e-01 -5.463039e-03
  outer loop
   vertex 4.463913e+01 1.302296e+01 4.840000e+01
   vertex 4.523073e+01 1.079034e+01 5.440000e+01
   vertex 4.425153e+01 1.428468e+01 5.440000e+01
  endloop
 endfacet
 facet normal -9.931377e-01 -1.168229e-01 -5.463438e-03
  outer loop
   vertex 4.593444e+01 7.230277e+00 5.440000e+01
   vertex 4.623680e+01 4.940475e+00 4.840000e+01
   vertex 4.635839e+01 3.626181e+00 5.440000e+01
  endloop
 endfacet
 facet normal -9.178967e-01 -3.968193e-01 -0.000000e+00
  outer loop
   vertex 4.300282e+01 1.769202e+01 5.440000e+01
   vertex 4.234813e+01 1.920641e+01 4.840000e+01
   vertex 4.300282e+01 1.769202e+01 4.840000e+01
  endloop
 endfacet
 facet normal -9.032412e-01 -4.291316e-01 -1.171086e-03
  outer loop
   vertex 4.149220e+01 2.099160e+01 5.440000e+01
   vertex 4.164012e+01 2.069663e+01 4.840000e+01
   vertex 4.234813e+01 1.920641e+01 4.840000e+01
  endloop
 endfacet
 facet normal -9.092255e-01 -4.162627e-01 -5.853658e-03
  outer loop
   vertex 4.300282e+01 1.769202e+01 5.440000e+01
   vertex 4.149220e+01 2.099160e+01 5.440000e+01
   vertex 4.234813e+01 1.920641e+01 4.840000e+01
  endloop
 endfacet
 facet normal -8.874492e-01 -4.609050e-01 7.803096e-04
  outer loop
   vertex 4.087970e+01 2.216079e+01 4.840000e+01
   vertex 4.164012e+01 2.069663e+01 4.840000e+01
   vertex 4.149220e+01 2.099160e+01 5.440000e+01
  endloop
 endfacet
 facet normal -8.705364e-01 -4.920964e-01 -2.731281e-03
  outer loop
   vertex 3.972887e+01 2.416334e+01 5.440000e+01
   vertex 4.006781e+01 2.359705e+01 4.840000e+01
   vertex 4.087970e+01 2.216079e+01 4.840000e+01
  endloop
 endfacet
 facet normal -9.389178e-01 -3.440916e-01 -5.853608e-03
  outer loop
   vertex 4.360338e+01 1.615535e+01 4.840000e+01
   vertex 4.425153e+01 1.428468e+01 5.440000e+01
   vertex 4.300282e+01 1.769202e+01 5.440000e+01
  endloop
 endfacet
 facet normal -9.313960e-01 -3.640076e-01 -0.000000e+00
  outer loop
   vertex 4.300282e+01 1.769202e+01 5.440000e+01
   vertex 4.300282e+01 1.769202e+01 4.840000e+01
   vertex 4.360338e+01 1.615535e+01 4.840000e+01
  endloop
 endfacet
 facet normal -8.525350e-01 -5.226688e-01 1.171061e-03
  outer loop
   vertex 3.920548e+01 2.500361e+01 4.840000e+01
   vertex 4.006781e+01 2.359705e+01 4.840000e+01
   vertex 3.972887e+01 2.416334e+01 5.440000e+01
  endloop
 endfacet
 facet normal -8.133281e-01 -5.818041e-01 1.171040e-03
  outer loop
   vertex 3.733390e+01 2.772056e+01 4.840000e+01
   vertex 3.829380e+01 2.637869e+01 4.840000e+01
   vertex 3.772357e+01 2.718791e+01 5.440000e+01
  endloop
 endfacet
 facet normal -7.921747e-01 -6.102882e-01 -2.731462e-03
  outer loop
   vertex 3.632701e+01 2.902754e+01 4.840000e+01
   vertex 3.733390e+01 2.772056e+01 4.840000e+01
   vertex 3.772357e+01 2.718791e+01 5.440000e+01
  endloop
 endfacet
 facet normal -8.334478e-01 -5.525783e-01 -4.682643e-03
  outer loop
   vertex 3.829380e+01 2.637869e+01 4.840000e+01
   vertex 3.920548e+01 2.500361e+01 4.840000e+01
   vertex 3.972887e+01 2.416334e+01 5.440000e+01
  endloop
 endfacet
 facet normal -7.469014e-01 -6.649151e-01 -5.115211e-03
  outer loop
   vertex 3.417737e+01 3.153027e+01 4.840000e+01
   vertex 3.527439e+01 3.029797e+01 4.840000e+01
   vertex 3.371406e+01 3.202518e+01 5.171762e+01
  endloop
 endfacet
 facet normal -7.228503e-01 -6.910006e-01 2.381377e-03
  outer loop
   vertex 3.325690e+01 3.249967e+01 5.028971e+01
   vertex 3.303732e+01 3.272287e+01 4.840000e+01
   vertex 3.417737e+01 3.153027e+01 4.840000e+01
  endloop
 endfacet
 facet normal -7.214506e-01 -6.924554e-01 3.809434e-03
  outer loop
   vertex 3.347499e+01 3.227499e+01 5.075147e+01
   vertex 3.325690e+01 3.249967e+01 5.028971e+01
   vertex 3.417737e+01 3.153027e+01 4.840000e+01
  endloop
 endfacet
 facet normal -7.128461e-01 -7.013205e-01 -0.000000e+00
  outer loop
   vertex 3.303732e+01 3.272287e+01 4.982794e+01
   vertex 3.303732e+01 3.272287e+01 4.840000e+01
   vertex 3.325690e+01 3.249967e+01 5.028971e+01
  endloop
 endfacet
 facet normal -7.700287e-01 -6.380087e-01 7.805254e-04
  outer loop
   vertex 3.548851e+01 3.004689e+01 5.440000e+01
   vertex 3.527439e+01 3.029797e+01 4.840000e+01
   vertex 3.632701e+01 2.902754e+01 4.840000e+01
  endloop
 endfacet
 facet normal -7.236862e-01 -6.901250e-01 2.403607e-03
  outer loop
   vertex 3.362029e+01 3.212362e+01 5.103432e+01
   vertex 3.347499e+01 3.227499e+01 5.075147e+01
   vertex 3.417737e+01 3.153027e+01 4.840000e+01
  endloop
 endfacet
 facet normal -7.434336e-01 -6.688081e-01 -1.457442e-03
  outer loop
   vertex 3.527439e+01 3.029797e+01 4.840000e+01
   vertex 3.548851e+01 3.004689e+01 5.440000e+01
   vertex 3.371406e+01 3.202518e+01 5.171762e+01
  endloop
 endfacet
 facet normal -7.404168e-01 -6.721222e-01 -5.897310e-03
  outer loop
   vertex 3.548851e+01 3.004689e+01 5.440000e+01
   vertex 3.365506e+01 3.208718e+01 5.205922e+01
   vertex 3.371406e+01 3.202518e+01 5.171762e+01
  endloop
 endfacet
 facet normal -7.878148e-01 -6.158880e-01 -5.463195e-03
  outer loop
   vertex 3.632701e+01 2.902754e+01 4.840000e+01
   vertex 3.772357e+01 2.718791e+01 5.440000e+01
   vertex 3.548851e+01 3.004689e+01 5.440000e+01
  endloop
 endfacet
 facet normal -7.290542e-01 -6.844559e-01 2.921860e-04
  outer loop
   vertex 3.371406e+01 3.202518e+01 5.171762e+01
   vertex 3.370216e+01 3.203771e+01 5.136589e+01
   vertex 3.417737e+01 3.153027e+01 4.840000e+01
  endloop
 endfacet
 facet normal -7.365902e-01 -6.762244e-01 -1.247013e-02
  outer loop
   vertex 3.548851e+01 3.004689e+01 5.440000e+01
   vertex 3.352984e+01 3.221800e+01 5.236127e+01
   vertex 3.365506e+01 3.208718e+01 5.205922e+01
  endloop
 endfacet
 facet normal -8.334477e-01 -5.525785e-01 -4.682727e-03
  outer loop
   vertex 3.829380e+01 2.637869e+01 4.840000e+01
   vertex 3.972887e+01 2.416334e+01 5.440000e+01
   vertex 3.772357e+01 2.718791e+01 5.440000e+01
  endloop
 endfacet
 facet normal -7.206413e-01 -6.933039e-01 -2.408995e-03
  outer loop
   vertex 3.303732e+01 3.272287e+01 5.440000e+01
   vertex 3.334850e+01 3.240567e+01 5.259776e+01
   vertex 3.352984e+01 3.221800e+01 5.236127e+01
  endloop
 endfacet
 facet normal -7.114381e-01 -7.027488e-01 -0.000000e+00
  outer loop
   vertex 3.303732e+01 3.272287e+01 5.440000e+01
   vertex 3.303732e+01 3.272287e+01 5.276702e+01
   vertex 3.312586e+01 3.263323e+01 5.274833e+01
  endloop
 endfacet
 facet normal -7.149060e-01 -6.992204e-01 -3.773947e-04
  outer loop
   vertex 3.334850e+01 3.240567e+01 5.259776e+01
   vertex 3.303732e+01 3.272287e+01 5.440000e+01
   vertex 3.312586e+01 3.263323e+01 5.274833e+01
  endloop
 endfacet
 facet normal -7.373552e-01 -6.754177e-01 -1.087610e-02
  outer loop
   vertex 3.548851e+01 3.004689e+01 5.440000e+01
   vertex 3.303732e+01 3.272287e+01 5.440000e+01
   vertex 3.352984e+01 3.221800e+01 5.236127e+01
  endloop
 endfacet
 facet normal -7.262875e-01 -6.873900e-01 1.237491e-03
  outer loop
   vertex 3.362029e+01 3.212362e+01 5.103432e+01
   vertex 3.417737e+01 3.153027e+01 4.840000e+01
   vertex 3.370216e+01 3.203771e+01 5.136589e+01
  endloop
 endfacet
 facet normal 0.000000e+00 0.000000e+00 1.000000e+00
  outer loop
   vertex -4.053912e+01 -2.513701e+01 4.840000e+01
   vertex -4.168773e+01 -2.318239e+01 4.840000e+01
   vertex -4.231395e+01 -2.663699e+01 4.840000e+01
  endloop
 endfacet
 facet normal 0.000000e+00 0.000000e+00 1.000000e+00
  outer loop
   vertex -4.275820e+01 -2.114300e+01 4.840000e+01
   vertex -4.401789e+01 -2.371552e+01 4.840000e+01
   vertex -4.168773e+01 -2.318239e+01 4.840000e+01
  endloop
 endfacet
 facet normal 0.000000e+00 -0.000000e+00 1.000000e+00
  outer loop
   vertex -4.231395e+01 -2.663699e+01 4.840000e+01
   vertex -4.168773e+01 -2.318239e+01 4.840000e+01
   vertex -4.401789e+01 -2.371552e+01 4.840000e+01
  endloop
 endfacet
 facet normal 0.000000e+00 0.000000e+00 1.000000e+00
  outer loop
   vertex -4.552042e+01 -2.068554e+01 4.840000e+01
   vertex -4.401789e+01 -2.371552e+01 4.840000e+01
   vertex -4.275820e+01 -2.114300e+01 4.840000e+01
  endloop
 endfacet
 facet normal 0.000000e+00 0.000000e+00 1.000000e+00
  outer loop
   vertex -3.929894e+01 -2.703485e+01 4.840000e+01
   vertex -4.231395e+01 -2.663699e+01 4.840000e+01
   vertex -4.075989e+01 -2.895913e+01 4.840000e+01
  endloop
 endfacet
 facet normal 0.000000e+00 0.000000e+00 1.000000e+00
  outer loop
   vertex -3.655525e+01 -3.064317e+01 4.840000e+01
   vertex -3.907854e+01 -3.119083e+01 4.840000e+01
   vertex -3.727514e+01 -3.332512e+01 4.840000e+01
  endloop
 endfacet
 facet normal 0.000000e+00 0.000000e+00 1.000000e+00
  outer loop
   vertex -3.505794e+01 -3.234550e+01 4.840000e+01
   vertex -3.655525e+01 -3.064317e+01 4.840000e+01
   vertex -3.727514e+01 -3.332512e+01 4.840000e+01
  endloop
 endfacet
 facet normal 0.000000e+00 0.000000e+00 1.000000e+00
  outer loop
   vertex -3.796998e+01 -2.887162e+01 4.840000e+01
   vertex -3.907854e+01 -3.119083e+01 4.840000e+01
   vertex -3.655525e+01 -3.064317e+01 4.840000e+01
  endloop
 endfacet
 facet normal 0.000000e+00 0.000000e+00 1.000000e+00
  outer loop
   vertex -3.929894e+01 -2.703485e+01 4.840000e+01
   vertex -4.053912e+01 -2.513701e+01 4.840000e+01
   vertex -4.231395e+01 -2.663699e+01 4.840000e+01
  endloop
 endfacet
 facet normal 0.000000e+00 0.000000e+00 1.000000e+00
  outer loop
   vertex -3.796998e+01 -2.887162e+01 4.840000e+01
   vertex -3.929894e+01 -2.703485e+01 4.840000e+01
   vertex -4.075989e+01 -2.895913e+01 4.840000e+01
  endloop
 endfacet
 facet normal 0.000000e+00 0.000000e+00 1.000000e+00
  outer loop
   vertex -3.796998e+01 -2.887162e+01 4.840000e+01
   vertex -4.075989e+01 -2.895913e+01 4.840000e+01
   vertex -3.907854e+01 -3.119083e+01 4.840000e+01
  endloop
 endfacet
 facet normal 0.000000e+00 0.000000e+00 1.000000e+00
  outer loop
   vertex -4.929879e+01 -8.344401e+00 4.840000e+01
   vertex -4.875568e+01 -1.108529e+01 4.840000e+01
   vertex -4.660303e+01 -1.017093e+01 4.840000e+01
  endloop
 endfacet
 facet normal 0.000000e+00 0.000000e+00 1.000000e+00
  outer loop
   vertex -4.875568e+01 -1.108529e+01 4.840000e+01
   vertex -4.789475e+01 -1.435594e+01 4.840000e+01
   vertex -4.605055e+01 -1.243531e+01 4.840000e+01
  endloop
 endfacet
 facet normal 0.000000e+00 -0.000000e+00 1.000000e+00
  outer loop
   vertex -4.929879e+01 -8.344401e+00 4.840000e+01
   vertex -4.737312e+01 -5.574770e+00 4.840000e+01
   vertex -4.968795e+01 -5.577454e+00 4.840000e+01
  endloop
 endfacet
 facet normal -0.000000e+00 0.000000e+00 1.000000e+00
  outer loop
   vertex -4.929879e+01 -8.344401e+00 4.840000e+01
   vertex -4.660303e+01 -1.017093e+01 4.840000e+01
   vertex -4.704424e+01 -7.882258e+00 4.840000e+01
  endloop
 endfacet
 facet normal 0.000000e+00 0.000000e+00 1.000000e+00
  outer loop
   vertex -4.704424e+01 -7.882258e+00 4.840000e+01
   vertex -4.737312e+01 -5.574770e+00 4.840000e+01
   vertex -4.929879e+01 -8.344401e+00 4.840000e+01
  endloop
 endfacet
 facet normal 0.000000e+00 0.000000e+00 1.000000e+00
  outer loop
   vertex -4.538811e+01 -1.467000e+01 4.840000e+01
   vertex -4.789475e+01 -1.435594e+01 4.840000e+01
   vertex -4.681468e+01 -1.756091e+01 4.840000e+01
  endloop
 endfacet
 facet normal -0.000000e+00 0.000000e+00 1.000000e+00
  outer loop
   vertex -4.681468e+01 -1.756091e+01 4.840000e+01
   vertex -4.373997e+01 -1.902905e+01 4.840000e+01
   vertex -4.461731e+01 -1.686967e+01 4.840000e+01
  endloop
 endfacet
 facet normal 0.000000e+00 0.000000e+00 1.000000e+00
  outer loop
   vertex -4.275820e+01 -2.114300e+01 4.840000e+01
   vertex -4.373997e+01 -1.902905e+01 4.840000e+01
   vertex -4.552042e+01 -2.068554e+01 4.840000e+01
  endloop
 endfacet
 facet normal 0.000000e+00 0.000000e+00 1.000000e+00
  outer loop
   vertex -4.681468e+01 -1.756091e+01 4.840000e+01
   vertex -4.461731e+01 -1.686967e+01 4.840000e+01
   vertex -4.538811e+01 -1.467000e+01 4.840000e+01
  endloop
 endfacet
 facet normal 0.000000e+00 0.000000e+00 1.000000e+00
  outer loop
   vertex -4.605055e+01 -1.243531e+01 4.840000e+01
   vertex -4.660303e+01 -1.017093e+01 4.840000e+01
   vertex -4.875568e+01 -1.108529e+01 4.840000e+01
  endloop
 endfacet
 facet normal 0.000000e+00 0.000000e+00 1.000000e+00
  outer loop
   vertex -4.538811e+01 -1.467000e+01 4.840000e+01
   vertex -4.605055e+01 -1.243531e+01 4.840000e+01
   vertex -4.789475e+01 -1.435594e+01 4.840000e+01
  endloop
 endfacet
 facet normal 0.000000e+00 -0.000000e+00 1.000000e+00
  outer loop
   vertex -4.552042e+01 -2.068554e+01 4.840000e+01
   vertex -4.373997e+01 -1.902905e+01 4.840000e+01
   vertex -4.681468e+01 -1.756091e+01 4.840000e+01
  endloop
 endfacet
 facet normal 0.000000e+00 -0.000000e+00 1.000000e+00
  outer loop
   vertex -2.068554e+01 -4.552042e+01 4.840000e+01
   vertex -2.054799e+01 -4.304730e+01 4.840000e+01
   vertex -2.371552e+01 -4.401789e+01 4.840000e+01
  endloop
 endfacet
 facet normal 0.000000e+00 0.000000e+00 1.000000e+00
  outer loop
   vertex -1.756091e+01 -4.681468e+01 4.840000e+01
   vertex -1.847937e+01 -4.397503e+01 4.840000e+01
   vertex -2.068554e+01 -4.552042e+01 4.840000e+01
  endloop
 endfacet
 facet normal 0.000000e+00 0.000000e+00 1.000000e+00
  outer loop
   vertex -2.454141e+01 -4.090244e+01 4.840000e+01
   vertex -2.663699e+01 -4.231395e+01 4.840000e+01
   vertex -2.371552e+01 -4.401789e+01 4.840000e+01
  endloop
 endfacet
 facet normal 0.000000e+00 0.000000e+00 1.000000e+00
  outer loop
   vertex -1.847937e+01 -4.397503e+01 4.840000e+01
   vertex -2.054799e+01 -4.304730e+01 4.840000e+01
   vertex -2.068554e+01 -4.552042e+01 4.840000e+01
  endloop
 endfacet
 facet normal 0.000000e+00 0.000000e+00 1.000000e+00
  outer loop
   vertex -2.054799e+01 -4.304730e+01 4.840000e+01
   vertex -2.257019e+01 -4.202233e+01 4.840000e+01
   vertex -2.371552e+01 -4.401789e+01 4.840000e+01
  endloop
 endfacet
 facet normal 0.000000e+00 0.000000e+00 1.000000e+00
  outer loop
   vertex -1.847937e+01 -4.397503e+01 4.840000e+01
   vertex -1.756091e+01 -4.681468e+01 4.840000e+01
   vertex -1.636901e+01 -4.480341e+01 4.840000e+01
  endloop
 endfacet
 facet normal 0.000000e+00 0.000000e+00 1.000000e+00
  outer loop
   vertex -1.108529e+01 -4.875568e+01 4.840000e+01
   vertex -1.204220e+01 -4.615491e+01 4.840000e+01
   vertex -1.435594e+01 -4.789475e+01 4.840000e+01
  endloop
 endfacet
 facet normal 0.000000e+00 0.000000e+00 1.000000e+00
  outer loop
   vertex -8.344401e+00 -4.929879e+01 4.840000e+01
   vertex -9.835528e+00 -4.667496e+01 4.840000e+01
   vertex -1.108529e+01 -4.875568e+01 4.840000e+01
  endloop
 endfacet
 facet normal 0.000000e+00 0.000000e+00 1.000000e+00
  outer loop
   vertex -9.835528e+00 -4.667496e+01 4.840000e+01
   vertex -1.204220e+01 -4.615491e+01 4.840000e+01
   vertex -1.108529e+01 -4.875568e+01 4.840000e+01
  endloop
 endfacet
 facet normal 0.000000e+00 0.000000e+00 1.000000e+00
  outer loop
   vertex -1.422167e+01 -4.553059e+01 4.840000e+01
   vertex -1.636901e+01 -4.480341e+01 4.840000e+01
   vertex -1.756091e+01 -4.681468e+01 4.840000e+01
  endloop
 endfacet
 facet normal 0.000000e+00 0.000000e+00 1.000000e+00
  outer loop
   vertex -1.435594e+01 -4.789475e+01 4.840000e+01
   vertex -1.204220e+01 -4.615491e+01 4.840000e+01
   vertex -1.422167e+01 -4.553059e+01 4.840000e+01
  endloop
 endfacet
 facet normal 0.000000e+00 -0.000000e+00 1.000000e+00
  outer loop
   vertex -1.435594e+01 -4.789475e+01 4.840000e+01
   vertex -1.422167e+01 -4.553059e+01 4.840000e+01
   vertex -1.756091e+01 -4.681468e+01 4.840000e+01
  endloop
 endfacet
 facet normal 0.000000e+00 0.000000e+00 1.000000e+00
  outer loop
   vertex -3.010524e+01 -3.699952e+01 4.840000e+01
   vertex -3.182929e+01 -3.552726e+01 4.840000e+01
   vertex -3.332512e+01 -3.727514e+01 4.840000e+01
  endloop
 endfacet
 facet normal 0.000000e+00 -0.000000e+00 1.000000e+00
  outer loop
   vertex -3.119083e+01 -3.907854e+01 4.840000e+01
   vertex -3.010524e+01 -3.699952e+01 4.840000e+01
   vertex -3.332512e+01 -3.727514e+01 4.840000e+01
  endloop
 endfacet
 facet normal 0.000000e+00 0.000000e+00 1.000000e+00
  outer loop
   vertex -3.348143e+01 -3.397475e+01 4.840000e+01
   vertex -3.332512e+01 -3.727514e+01 4.840000e+01
   vertex -3.182929e+01 -3.552726e+01 4.840000e+01
  endloop
 endfacet
 facet normal 0.000000e+00 0.000000e+00 1.000000e+00
  outer loop
   vertex -3.505794e+01 -3.234550e+01 4.840000e+01
   vertex -3.535534e+01 -3.535534e+01 4.840000e+01
   vertex -3.348143e+01 -3.397475e+01 4.840000e+01
  endloop
 endfacet
 facet normal 0.000000e+00 0.000000e+00 1.000000e+00
  outer loop
   vertex -3.332512e+01 -3.727514e+01 4.840000e+01
   vertex -3.348143e+01 -3.397475e+01 4.840000e+01
   vertex -3.535534e+01 -3.535534e+01 4.840000e+01
  endloop
 endfacet
 facet normal -0.000000e+00 0.000000e+00 1.000000e+00
  outer loop
   vertex -3.727514e+01 -3.332512e+01 4.840000e+01
   vertex -3.535534e+01 -3.535534e+01 4.840000e+01
   vertex -3.505794e+01 -3.234550e+01 4.840000e+01
  endloop
 endfacet
 facet normal 0.000000e+00 0.000000e+00 1.000000e+00
  outer loop
   vertex -2.663699e+01 -4.231395e+01 4.840000e+01
   vertex -2.454141e+01 -4.090244e+01 4.840000e+01
   vertex -2.645718e+01 -3.969014e+01 4.840000e+01
  endloop
 endfacet
 facet normal 0.000000e+00 0.000000e+00 1.000000e+00
  outer loop
   vertex -2.257019e+01 -4.202233e+01 4.840000e+01
   vertex -2.454141e+01 -4.090244e+01 4.840000e+01
   vertex -2.371552e+01 -4.401789e+01 4.840000e+01
  endloop
 endfacet
 facet normal -0.000000e+00 0.000000e+00 1.000000e+00
  outer loop
   vertex -2.895913e+01 -4.075989e+01 4.840000e+01
   vertex -2.663699e+01 -4.231395e+01 4.840000e+01
   vertex -2.645718e+01 -3.969014e+01 4.840000e+01
  endloop
 endfacet
 facet normal 0.000000e+00 0.000000e+00 1.000000e+00
  outer loop
   vertex -2.831319e+01 -3.838819e+01 4.840000e+01
   vertex -3.010524e+01 -3.699952e+01 4.840000e+01
   vertex -3.119083e+01 -3.907854e+01 4.840000e+01
  endloop
 endfacet
 facet normal 0.000000e+00 0.000000e+00 1.000000e+00
  outer loop
   vertex -2.895913e+01 -4.075989e+01 4.840000e+01
   vertex -2.645718e+01 -3.969014e+01 4.840000e+01
   vertex -2.831319e+01 -3.838819e+01 4.840000e+01
  endloop
 endfacet
 facet normal 0.000000e+00 -0.000000e+00 1.000000e+00
  outer loop
   vertex -2.895913e+01 -4.075989e+01 4.840000e+01
   vertex -2.831319e+01 -3.838819e+01 4.840000e+01
   vertex -3.119083e+01 -3.907854e+01 4.840000e+01
  endloop
 endfacet
 facet normal 0.000000e+00 0.000000e+00 1.000000e+00
  outer loop
   vertex -4.769550e+01 -6.555718e-01 4.840000e+01
   vertex -5.000000e+01 6.123234e-15 4.840000e+01
   vertex -4.992192e+01 -2.793088e+00 4.840000e+01
  endloop
 endfacet
 facet normal 0.000000e+00 0.000000e+00 1.000000e+00
  outer loop
   vertex -4.759518e+01 -3.160518e+00 4.840000e+01
   vertex -4.769550e+01 -6.555718e-01 4.840000e+01
   vertex -4.992192e+01 -2.793088e+00 4.840000e+01
  endloop
 endfacet
 facet normal 0.000000e+00 0.000000e+00 1.000000e+00
  outer loop
   vertex -4.768515e+01 1.190021e+00 4.840000e+01
   vertex -4.992192e+01 2.793088e+00 4.840000e+01
   vertex -5.000000e+01 6.123234e-15 4.840000e+01
  endloop
 endfacet
 facet normal 0.000000e+00 0.000000e+00 1.000000e+00
  outer loop
   vertex -4.968795e+01 5.577454e+00 4.840000e+01
   vertex -4.992192e+01 2.793088e+00 4.840000e+01
   vertex -4.756059e+01 3.644223e+00 4.840000e+01
  endloop
 endfacet
 facet normal 0.000000e+00 0.000000e+00 1.000000e+00
  outer loop
   vertex -4.731423e+01 6.054221e+00 4.840000e+01
   vertex -4.929879e+01 8.344401e+00 4.840000e+01
   vertex -4.968795e+01 5.577454e+00 4.840000e+01
  endloop
 endfacet
 facet normal -0.000000e+00 0.000000e+00 1.000000e+00
  outer loop
   vertex -5.000000e+01 6.123234e-15 4.840000e+01
   vertex -4.769550e+01 -6.555718e-01 4.840000e+01
   vertex -4.768515e+01 1.190021e+00 4.840000e+01
  endloop
 endfacet
 facet normal 0.000000e+00 -0.000000e+00 1.000000e+00
  outer loop
   vertex -4.968795e+01 -5.577454e+00 4.840000e+01
   vertex -4.759518e+01 -3.160518e+00 4.840000e+01
   vertex -4.992192e+01 -2.793088e+00 4.840000e+01
  endloop
 endfacet
 facet normal -0.000000e+00 0.000000e+00 1.000000e+00
  outer loop
   vertex -4.929879e+01 8.344401e+00 4.840000e+01
   vertex -4.731423e+01 6.054221e+00 4.840000e+01
   vertex -4.694883e+01 8.431950e+00 4.840000e+01
  endloop
 endfacet
 facet normal -0.000000e+00 0.000000e+00 1.000000e+00
  outer loop
   vertex -4.968795e+01 5.577454e+00 4.840000e+01
   vertex -4.756059e+01 3.644223e+00 4.840000e+01
   vertex -4.731423e+01 6.054221e+00 4.840000e+01
  endloop
 endfacet
 facet normal -0.000000e+00 0.000000e+00 1.000000e+00
  outer loop
   vertex -4.992192e+01 2.793088e+00 4.840000e+01
   vertex -4.768515e+01 1.190021e+00 4.840000e+01
   vertex -4.756059e+01 3.644223e+00 4.840000e+01
  endloop
 endfacet
 facet normal 0.000000e+00 0.000000e+00 1.000000e+00
  outer loop
   vertex -4.759518e+01 -3.160518e+00 4.840000e+01
   vertex -4.968795e+01 -5.577454e+00 4.840000e+01
   vertex -4.737312e+01 -5.574770e+00 4.840000e+01
  endloop
 endfacet
 facet normal 0.000000e+00 0.000000e+00 1.000000e+00
  outer loop
   vertex -4.875568e+01 1.108529e+01 4.840000e+01
   vertex -4.929879e+01 8.344401e+00 4.840000e+01
   vertex -4.694883e+01 8.431950e+00 4.840000e+01
  endloop
 endfacet
 facet normal 0.000000e+00 0.000000e+00 1.000000e+00
  outer loop
   vertex -4.593644e+01 1.285042e+01 4.840000e+01
   vertex -4.875568e+01 1.108529e+01 4.840000e+01
   vertex -4.649515e+01 1.065322e+01 4.840000e+01
  endloop
 endfacet
 facet normal 0.000000e+00 -0.000000e+00 1.000000e+00
  outer loop
   vertex -4.694883e+01 8.431950e+00 4.840000e+01
   vertex -4.649515e+01 1.065322e+01 4.840000e+01
   vertex -4.875568e+01 1.108529e+01 4.840000e+01
  endloop
 endfacet
 facet normal 0.000000e+00 0.000000e+00 1.000000e+00
  outer loop
   vertex -4.789475e+01 1.435594e+01 4.840000e+01
   vertex -4.875568e+01 1.108529e+01 4.840000e+01
   vertex -4.593644e+01 1.285042e+01 4.840000e+01
  endloop
 endfacet
 facet normal 0.000000e+00 0.000000e+00 1.000000e+00
  outer loop
   vertex -4.681468e+01 1.756091e+01 4.840000e+01
   vertex -4.789475e+01 1.435594e+01 4.840000e+01
   vertex -4.527396e+01 1.501860e+01 4.840000e+01
  endloop
 endfacet
 facet normal 0.000000e+00 0.000000e+00 1.000000e+00
  outer loop
   vertex -4.364391e+01 1.924834e+01 4.840000e+01
   vertex -4.552042e+01 2.068554e+01 4.840000e+01
   vertex -4.681468e+01 1.756091e+01 4.840000e+01
  endloop
 endfacet
 facet normal 0.000000e+00 -0.000000e+00 1.000000e+00
  outer loop
   vertex -4.593644e+01 1.285042e+01 4.840000e+01
   vertex -4.527396e+01 1.501860e+01 4.840000e+01
   vertex -4.789475e+01 1.435594e+01 4.840000e+01
  endloop
 endfacet
 facet normal 0.000000e+00 -0.000000e+00 1.000000e+00
  outer loop
   vertex -4.364391e+01 1.924834e+01 4.840000e+01
   vertex -4.268003e+01 2.130036e+01 4.840000e+01
   vertex -4.552042e+01 2.068554e+01 4.840000e+01
  endloop
 endfacet
 facet normal 0.000000e+00 -0.000000e+00 1.000000e+00
  outer loop
   vertex -4.450921e+01 1.715284e+01 4.840000e+01
   vertex -4.364391e+01 1.924834e+01 4.840000e+01
   vertex -4.681468e+01 1.756091e+01 4.840000e+01
  endloop
 endfacet
 facet normal 0.000000e+00 0.000000e+00 1.000000e+00
  outer loop
   vertex -4.161972e+01 2.330426e+01 4.840000e+01
   vertex -4.231395e+01 2.663699e+01 4.840000e+01
   vertex -4.401789e+01 2.371552e+01 4.840000e+01
  endloop
 endfacet
 facet normal 0.000000e+00 0.000000e+00 1.000000e+00
  outer loop
   vertex -4.268003e+01 2.130036e+01 4.840000e+01
   vertex -4.401789e+01 2.371552e+01 4.840000e+01
   vertex -4.552042e+01 2.068554e+01 4.840000e+01
  endloop
 endfacet
 facet normal 0.000000e+00 -0.000000e+00 1.000000e+00
  outer loop
   vertex -4.268003e+01 2.130036e+01 4.840000e+01
   vertex -4.161972e+01 2.330426e+01 4.840000e+01
   vertex -4.401789e+01 2.371552e+01 4.840000e+01
  endloop
 endfacet
 facet normal 0.000000e+00 -0.000000e+00 1.000000e+00
  outer loop
   vertex -4.527396e+01 1.501860e+01 4.840000e+01
   vertex -4.450921e+01 1.715284e+01 4.840000e+01
   vertex -4.681468e+01 1.756091e+01 4.840000e+01
  endloop
 endfacet
 facet normal 0.000000e+00 0.000000e+00 1.000000e+00
  outer loop
   vertex -4.231395e+01 2.663699e+01 4.840000e+01
   vertex -3.921967e+01 2.714972e+01 4.840000e+01
   vertex -4.075989e+01 2.895913e+01 4.840000e+01
  endloop
 endfacet
 facet normal 0.000000e+00 -0.000000e+00 1.000000e+00
  outer loop
   vertex -4.046540e+01 2.525552e+01 4.840000e+01
   vertex -3.921967e+01 2.714972e+01 4.840000e+01
   vertex -4.231395e+01 2.663699e+01 4.840000e+01
  endloop
 endfacet
 facet normal 0.000000e+00 0.000000e+00 1.000000e+00
  outer loop
   vertex -3.907854e+01 3.119083e+01 4.840000e+01
   vertex -4.075989e+01 2.895913e+01 4.840000e+01
   vertex -3.788535e+01 2.898259e+01 4.840000e+01
  endloop
 endfacet
 facet normal 0.000000e+00 -0.000000e+00 1.000000e+00
  outer loop
   vertex -3.921967e+01 2.714972e+01 4.840000e+01
   vertex -3.788535e+01 2.898259e+01 4.840000e+01
   vertex -4.075989e+01 2.895913e+01 4.840000e+01
  endloop
 endfacet
 facet normal 0.000000e+00 0.000000e+00 1.000000e+00
  outer loop
   vertex -3.646544e+01 3.074999e+01 4.840000e+01
   vertex -3.907854e+01 3.119083e+01 4.840000e+01
   vertex -3.788535e+01 2.898259e+01 4.840000e+01
  endloop
 endfacet
 facet normal 0.000000e+00 -0.000000e+00 1.000000e+00
  outer loop
   vertex -4.161972e+01 2.330426e+01 4.840000e+01
   vertex -4.046540e+01 2.525552e+01 4.840000e+01
   vertex -4.231395e+01 2.663699e+01 4.840000e+01
  endloop
 endfacet
 facet normal 0.000000e+00 0.000000e+00 1.000000e+00
  outer loop
   vertex -3.496315e+01 3.244793e+01 4.840000e+01
   vertex -3.727514e+01 3.332512e+01 4.840000e+01
   vertex -3.646544e+01 3.074999e+01 4.840000e+01
  endloop
 endfacet
 facet normal -0.000000e+00 0.000000e+00 1.000000e+00
  outer loop
   vertex -3.907854e+01 3.119083e+01 4.840000e+01
   vertex -3.646544e+01 3.074999e+01 4.840000e+01
   vertex -3.727514e+01 3.332512e+01 4.840000e+01
  endloop
 endfacet
 facet normal 0.000000e+00 0.000000e+00 1.000000e+00
  outer loop
   vertex -3.535534e+01 3.535534e+01 4.840000e+01
   vertex -3.727514e+01 3.332512e+01 4.840000e+01
   vertex -3.496315e+01 3.244793e+01 4.840000e+01
  endloop
 endfacet
 facet normal 0.000000e+00 -0.000000e+00 1.000000e+00
  outer loop
   vertex -3.338188e+01 3.407257e+01 4.840000e+01
   vertex -3.332512e+01 3.727514e+01 4.840000e+01
   vertex -3.535534e+01 3.535534e+01 4.840000e+01
  endloop
 endfacet
 facet normal 0.000000e+00 -0.000000e+00 1.000000e+00
  outer loop
   vertex -3.496315e+01 3.244793e+01 4.840000e+01
   vertex -3.338188e+01 3.407257e+01 4.840000e+01
   vertex -3.535534e+01 3.535534e+01 4.840000e+01
  endloop
 endfacet
 facet normal 0.000000e+00 0.000000e+00 1.000000e+00
  outer loop
   vertex -3.172520e+01 3.562024e+01 4.840000e+01
   vertex -3.332512e+01 3.727514e+01 4.840000e+01
   vertex -3.338188e+01 3.407257e+01 4.840000e+01
  endloop
 endfacet
 facet normal 0.000000e+00 0.000000e+00 1.000000e+00
  outer loop
   vertex -2.999686e+01 3.708744e+01 4.840000e+01
   vertex -3.119083e+01 3.907854e+01 4.840000e+01
   vertex -3.332512e+01 3.727514e+01 4.840000e+01
  endloop
 endfacet
 facet normal 0.000000e+00 -0.000000e+00 1.000000e+00
  outer loop
   vertex -3.172520e+01 3.562024e+01 4.840000e+01
   vertex -2.999686e+01 3.708744e+01 4.840000e+01
   vertex -3.332512e+01 3.727514e+01 4.840000e+01
  endloop
 endfacet
 facet normal 0.000000e+00 0.000000e+00 1.000000e+00
  outer loop
   vertex -2.820075e+01 3.847087e+01 4.840000e+01
   vertex -3.119083e+01 3.907854e+01 4.840000e+01
   vertex -2.999686e+01 3.708744e+01 4.840000e+01
  endloop
 endfacet
 facet normal -0.000000e+00 0.000000e+00 1.000000e+00
  outer loop
   vertex -3.119083e+01 3.907854e+01 4.840000e+01
   vertex -2.820075e+01 3.847087e+01 4.840000e+01
   vertex -2.895913e+01 4.075989e+01 4.840000e+01
  endloop
 endfacet
 facet normal 0.000000e+00 0.000000e+00 1.000000e+00
  outer loop
   vertex -2.634094e+01 3.976738e+01 4.840000e+01
   vertex -2.663699e+01 4.231395e+01 4.840000e+01
   vertex -2.895913e+01 4.075989e+01 4.840000e+01
  endloop
 endfacet
 facet normal 0.000000e+00 0.000000e+00 1.000000e+00
  outer loop
   vertex -2.634094e+01 3.976738e+01 4.840000e+01
   vertex -2.895913e+01 4.075989e+01 4.840000e+01
   vertex -2.820075e+01 3.847087e+01 4.840000e+01
  endloop
 endfacet
 facet normal 0.000000e+00 0.000000e+00 1.000000e+00
  outer loop
   vertex -2.359460e+01 4.408282e+01 4.840000e+01
   vertex -2.442163e+01 4.097407e+01 4.840000e+01
   vertex -2.244714e+01 4.208819e+01 4.840000e+01
  endloop
 endfacet
 facet normal -0.000000e+00 0.000000e+00 1.000000e+00
  outer loop
   vertex -2.663699e+01 4.231395e+01 4.840000e+01
   vertex -2.442163e+01 4.097407e+01 4.840000e+01
   vertex -2.359460e+01 4.408282e+01 4.840000e+01
  endloop
 endfacet
 facet normal -0.000000e+00 0.000000e+00 1.000000e+00
  outer loop
   vertex -2.359460e+01 4.408282e+01 4.840000e+01
   vertex -2.244714e+01 4.208819e+01 4.840000e+01
   vertex -2.043532e+01 4.563330e+01 4.840000e+01
  endloop
 endfacet
 facet normal 0.000000e+00 0.000000e+00 1.000000e+00
  outer loop
   vertex -1.955478e+01 4.350748e+01 4.840000e+01
   vertex -2.043532e+01 4.563330e+01 4.840000e+01
   vertex -2.244714e+01 4.208819e+01 4.840000e+01
  endloop
 endfacet
 facet normal 0.000000e+00 -0.000000e+00 1.000000e+00
  outer loop
   vertex -2.634094e+01 3.976738e+01 4.840000e+01
   vertex -2.442163e+01 4.097407e+01 4.840000e+01
   vertex -2.663699e+01 4.231395e+01 4.840000e+01
  endloop
 endfacet
 facet normal 0.000000e+00 0.000000e+00 1.000000e+00
  outer loop
   vertex -2.969032e-01 -4.769908e+01 4.840000e+01
   vertex -2.793088e+00 -4.992192e+01 4.840000e+01
   vertex -9.184851e-15 -5.000000e+01 4.840000e+01
  endloop
 endfacet
 facet normal 0.000000e+00 0.000000e+00 1.000000e+00
  outer loop
   vertex -5.577454e+00 -4.968795e+01 4.840000e+01
   vertex -7.488196e+00 -4.710857e+01 4.840000e+01
   vertex -8.344401e+00 -4.929879e+01 4.840000e+01
  endloop
 endfacet
 facet normal -0.000000e+00 0.000000e+00 1.000000e+00
  outer loop
   vertex -5.577454e+00 -4.968795e+01 4.840000e+01
   vertex -2.793088e+00 -4.992192e+01 4.840000e+01
   vertex -5.098790e+00 -4.742670e+01 4.840000e+01
  endloop
 endfacet
 facet normal 0.000000e+00 0.000000e+00 1.000000e+00
  outer loop
   vertex -2.793088e+00 -4.992192e+01 4.840000e+01
   vertex -2.969032e-01 -4.769908e+01 4.840000e+01
   vertex -2.697370e+00 -4.762367e+01 4.840000e+01
  endloop
 endfacet
 facet normal -0.000000e+00 0.000000e+00 1.000000e+00
  outer loop
   vertex -2.969032e-01 -4.769908e+01 4.840000e+01
   vertex -9.184851e-15 -5.000000e+01 4.840000e+01
   vertex 1.581128e+00 -4.767379e+01 4.840000e+01
  endloop
 endfacet
 facet normal 0.000000e+00 -0.000000e+00 1.000000e+00
  outer loop
   vertex 2.793088e+00 -4.992192e+01 4.840000e+01
   vertex 4.083655e+00 -4.752488e+01 4.840000e+01
   vertex 1.581128e+00 -4.767379e+01 4.840000e+01
  endloop
 endfacet
 facet normal 0.000000e+00 0.000000e+00 1.000000e+00
  outer loop
   vertex 2.793088e+00 -4.992192e+01 4.840000e+01
   vertex 5.577454e+00 -4.968795e+01 4.840000e+01
   vertex 4.083655e+00 -4.752488e+01 4.840000e+01
  endloop
 endfacet
 facet normal 0.000000e+00 0.000000e+00 1.000000e+00
  outer loop
   vertex 8.344401e+00 -4.929879e+01 4.840000e+01
   vertex 1.108529e+01 -4.875568e+01 4.840000e+01
   vertex 8.729856e+00 -4.689434e+01 4.840000e+01
  endloop
 endfacet
 facet normal 0.000000e+00 0.000000e+00 1.000000e+00
  outer loop
   vertex 6.428678e+00 -4.726481e+01 4.840000e+01
   vertex 5.577454e+00 -4.968795e+01 4.840000e+01
   vertex 8.344401e+00 -4.929879e+01 4.840000e+01
  endloop
 endfacet
 facet normal 0.000000e+00 0.000000e+00 1.000000e+00
  outer loop
   vertex 1.435594e+01 -4.789475e+01 4.840000e+01
   vertex 1.326424e+01 -4.581866e+01 4.840000e+01
   vertex 1.108529e+01 -4.875568e+01 4.840000e+01
  endloop
 endfacet
 facet normal 0.000000e+00 0.000000e+00 1.000000e+00
  outer loop
   vertex -9.184851e-15 -5.000000e+01 4.840000e+01
   vertex 2.793088e+00 -4.992192e+01 4.840000e+01
   vertex 1.581128e+00 -4.767379e+01 4.840000e+01
  endloop
 endfacet
 facet normal 0.000000e+00 -0.000000e+00 1.000000e+00
  outer loop
   vertex -2.793088e+00 -4.992192e+01 4.840000e+01
   vertex -2.697370e+00 -4.762367e+01 4.840000e+01
   vertex -5.098790e+00 -4.742670e+01 4.840000e+01
  endloop
 endfacet
 facet normal 0.000000e+00 0.000000e+00 1.000000e+00
  outer loop
   vertex 8.729856e+00 -4.689434e+01 4.840000e+01
   vertex 6.428678e+00 -4.726481e+01 4.840000e+01
   vertex 8.344401e+00 -4.929879e+01 4.840000e+01
  endloop
 endfacet
 facet normal -0.000000e+00 0.000000e+00 1.000000e+00
  outer loop
   vertex 4.083655e+00 -4.752488e+01 4.840000e+01
   vertex 5.577454e+00 -4.968795e+01 4.840000e+01
   vertex 6.428678e+00 -4.726481e+01 4.840000e+01
  endloop
 endfacet
 facet normal 0.000000e+00 -0.000000e+00 1.000000e+00
  outer loop
   vertex -5.577454e+00 -4.968795e+01 4.840000e+01
   vertex -5.098790e+00 -4.742670e+01 4.840000e+01
   vertex -7.488196e+00 -4.710857e+01 4.840000e+01
  endloop
 endfacet
 facet normal -0.000000e+00 0.000000e+00 1.000000e+00
  outer loop
   vertex 1.101019e+01 -4.641191e+01 4.840000e+01
   vertex 1.108529e+01 -4.875568e+01 4.840000e+01
   vertex 1.326424e+01 -4.581866e+01 4.840000e+01
  endloop
 endfacet
 facet normal 0.000000e+00 0.000000e+00 1.000000e+00
  outer loop
   vertex 1.108529e+01 -4.875568e+01 4.840000e+01
   vertex 1.101019e+01 -4.641191e+01 4.840000e+01
   vertex 8.729856e+00 -4.689434e+01 4.840000e+01
  endloop
 endfacet
 facet normal -0.000000e+00 0.000000e+00 1.000000e+00
  outer loop
   vertex 1.326424e+01 -4.581866e+01 4.840000e+01
   vertex 1.435594e+01 -4.789475e+01 4.840000e+01
   vertex 1.548661e+01 -4.511602e+01 4.840000e+01
  endloop
 endfacet
 facet normal 0.000000e+00 -0.000000e+00 1.000000e+00
  outer loop
   vertex 1.756091e+01 -4.681468e+01 4.840000e+01
   vertex 1.767201e+01 -4.430564e+01 4.840000e+01
   vertex 1.548661e+01 -4.511602e+01 4.840000e+01
  endloop
 endfacet
 facet normal -0.000000e+00 0.000000e+00 1.000000e+00
  outer loop
   vertex 1.767201e+01 -4.430564e+01 4.840000e+01
   vertex 2.068554e+01 -4.552042e+01 4.840000e+01
   vertex 1.981521e+01 -4.338948e+01 4.840000e+01
  endloop
 endfacet
 facet normal 0.000000e+00 0.000000e+00 1.000000e+00
  outer loop
   vertex 2.068554e+01 -4.552042e+01 4.840000e+01
   vertex 1.767201e+01 -4.430564e+01 4.840000e+01
   vertex 1.756091e+01 -4.681468e+01 4.840000e+01
  endloop
 endfacet
 facet normal 0.000000e+00 0.000000e+00 1.000000e+00
  outer loop
   vertex 1.435594e+01 -4.789475e+01 4.840000e+01
   vertex 1.756091e+01 -4.681468e+01 4.840000e+01
   vertex 1.548661e+01 -4.511602e+01 4.840000e+01
  endloop
 endfacet
 facet normal 0.000000e+00 0.000000e+00 1.000000e+00
  outer loop
   vertex -9.835528e+00 -4.667496e+01 4.840000e+01
   vertex -8.344401e+00 -4.929879e+01 4.840000e+01
   vertex -7.488196e+00 -4.710857e+01 4.840000e+01
  endloop
 endfacet
 facet normal 0.000000e+00 0.000000e+00 1.000000e+00
  outer loop
   vertex 2.191110e+01 -4.236972e+01 4.840000e+01
   vertex 2.068554e+01 -4.552042e+01 4.840000e+01
   vertex 2.371552e+01 -4.401789e+01 4.840000e+01
  endloop
 endfacet
 facet normal 0.000000e+00 0.000000e+00 1.000000e+00
  outer loop
   vertex 2.391049e+01 -4.127443e+01 4.840000e+01
   vertex 2.191110e+01 -4.236972e+01 4.840000e+01
   vertex 2.371552e+01 -4.401789e+01 4.840000e+01
  endloop
 endfacet
 facet normal -0.000000e+00 0.000000e+00 1.000000e+00
  outer loop
   vertex 1.981521e+01 -4.338948e+01 4.840000e+01
   vertex 2.068554e+01 -4.552042e+01 4.840000e+01
   vertex 2.191110e+01 -4.236972e+01 4.840000e+01
  endloop
 endfacet
 facet normal 0.000000e+00 0.000000e+00 1.000000e+00
  outer loop
   vertex 2.584465e+01 -4.009169e+01 4.840000e+01
   vertex 2.391049e+01 -4.127443e+01 4.840000e+01
   vertex 2.663699e+01 -4.231395e+01 4.840000e+01
  endloop
 endfacet
 facet normal 0.000000e+00 0.000000e+00 1.000000e+00
  outer loop
   vertex 2.371552e+01 -4.401789e+01 4.840000e+01
   vertex 2.663699e+01 -4.231395e+01 4.840000e+01
   vertex 2.391049e+01 -4.127443e+01 4.840000e+01
  endloop
 endfacet
 facet normal 0.000000e+00 0.000000e+00 1.000000e+00
  outer loop
   vertex 2.895913e+01 -4.075989e+01 4.840000e+01
   vertex 2.584465e+01 -4.009169e+01 4.840000e+01
   vertex 2.663699e+01 -4.231395e+01 4.840000e+01
  endloop
 endfacet
 facet normal 0.000000e+00 -0.000000e+00 1.000000e+00
  outer loop
   vertex 2.895913e+01 -4.075989e+01 4.840000e+01
   vertex 2.953360e+01 -3.745740e+01 4.840000e+01
   vertex 2.772043e+01 -3.881839e+01 4.840000e+01
  endloop
 endfacet
 facet normal -0.000000e+00 0.000000e+00 1.000000e+00
  outer loop
   vertex 2.584465e+01 -4.009169e+01 4.840000e+01
   vertex 2.895913e+01 -4.075989e+01 4.840000e+01
   vertex 2.772043e+01 -3.881839e+01 4.840000e+01
  endloop
 endfacet
 facet normal 0.000000e+00 0.000000e+00 1.000000e+00
  outer loop
   vertex 3.119083e+01 -3.907854e+01 4.840000e+01
   vertex 2.953360e+01 -3.745740e+01 4.840000e+01
   vertex 2.895913e+01 -4.075989e+01 4.840000e+01
  endloop
 endfacet
 facet normal -0.000000e+00 0.000000e+00 1.000000e+00
  outer loop
   vertex 2.953360e+01 -3.745740e+01 4.840000e+01
   vertex 3.119083e+01 -3.907854e+01 4.840000e+01
   vertex 3.128004e+01 -3.601179e+01 4.840000e+01
  endloop
 endfacet
 facet normal 0.000000e+00 0.000000e+00 1.000000e+00
  outer loop
   vertex 3.332512e+01 -3.727514e+01 4.840000e+01
   vertex 3.128004e+01 -3.601179e+01 4.840000e+01
   vertex 3.119083e+01 -3.907854e+01 4.840000e+01
  endloop
 endfacet
 facet normal 0.000000e+00 0.000000e+00 1.000000e+00
  outer loop
   vertex 3.295583e+01 -3.448483e+01 4.840000e+01
   vertex 3.128004e+01 -3.601179e+01 4.840000e+01
   vertex 3.332512e+01 -3.727514e+01 4.840000e+01
  endloop
 endfacet
 facet normal 0.000000e+00 0.000000e+00 1.000000e+00
  outer loop
   vertex 3.535534e+01 -3.535534e+01 4.840000e+01
   vertex 3.455716e+01 -3.287997e+01 4.840000e+01
   vertex 3.295583e+01 -3.448483e+01 4.840000e+01
  endloop
 endfacet
 facet normal 0.000000e+00 -0.000000e+00 1.000000e+00
  outer loop
   vertex 3.332512e+01 -3.727514e+01 4.840000e+01
   vertex 3.535534e+01 -3.535534e+01 4.840000e+01
   vertex 3.295583e+01 -3.448483e+01 4.840000e+01
  endloop
 endfacet
 facet normal 0.000000e+00 0.000000e+00 1.000000e+00
  outer loop
   vertex 3.727514e+01 -3.332512e+01 4.840000e+01
   vertex 3.455716e+01 -3.287997e+01 4.840000e+01
   vertex 3.535534e+01 -3.535534e+01 4.840000e+01
  endloop
 endfacet
 facet normal 0.000000e+00 0.000000e+00 1.000000e+00
  outer loop
   vertex 3.727514e+01 -3.332512e+01 4.840000e+01
   vertex 3.608044e+01 -3.120084e+01 4.840000e+01
   vertex 3.455716e+01 -3.287997e+01 4.840000e+01
  endloop
 endfacet
 facet normal 0.000000e+00 0.000000e+00 1.000000e+00
  outer loop
   vertex 3.608044e+01 -3.120084e+01 4.840000e+01
   vertex 3.907854e+01 -3.119083e+01 4.840000e+01
   vertex 3.752220e+01 -2.945122e+01 4.840000e+01
  endloop
 endfacet
 facet normal 0.000000e+00 0.000000e+00 1.000000e+00
  outer loop
   vertex 3.907854e+01 -3.119083e+01 4.840000e+01
   vertex 3.608044e+01 -3.120084e+01 4.840000e+01
   vertex 3.727514e+01 -3.332512e+01 4.840000e+01
  endloop
 endfacet
 facet normal 0.000000e+00 0.000000e+00 1.000000e+00
  outer loop
   vertex 3.887921e+01 -2.763507e+01 4.840000e+01
   vertex 3.752220e+01 -2.945122e+01 4.840000e+01
   vertex 4.075989e+01 -2.895913e+01 4.840000e+01
  endloop
 endfacet
 facet normal 0.000000e+00 -0.000000e+00 1.000000e+00
  outer loop
   vertex 3.907854e+01 -3.119083e+01 4.840000e+01
   vertex 4.075989e+01 -2.895913e+01 4.840000e+01
   vertex 3.752220e+01 -2.945122e+01 4.840000e+01
  endloop
 endfacet
 facet normal 0.000000e+00 0.000000e+00 1.000000e+00
  outer loop
   vertex 4.014839e+01 -2.575650e+01 4.840000e+01
   vertex 3.887921e+01 -2.763507e+01 4.840000e+01
   vertex 4.075989e+01 -2.895913e+01 4.840000e+01
  endloop
 endfacet
 facet normal 0.000000e+00 0.000000e+00 1.000000e+00
  outer loop
   vertex 4.132687e+01 -2.381974e+01 4.840000e+01
   vertex 4.014839e+01 -2.575650e+01 4.840000e+01
   vertex 4.231395e+01 -2.663699e+01 4.840000e+01
  endloop
 endfacet
 facet normal 0.000000e+00 -0.000000e+00 1.000000e+00
  outer loop
   vertex 4.075989e+01 -2.895913e+01 4.840000e+01
   vertex 4.231395e+01 -2.663699e+01 4.840000e+01
   vertex 4.014839e+01 -2.575650e+01 4.840000e+01
  endloop
 endfacet
 facet normal 0.000000e+00 0.000000e+00 1.000000e+00
  outer loop
   vertex 4.401789e+01 -2.371552e+01 4.840000e+01
   vertex 4.132687e+01 -2.381974e+01 4.840000e+01
   vertex 4.231395e+01 -2.663699e+01 4.840000e+01
  endloop
 endfacet
 facet normal 0.000000e+00 0.000000e+00 1.000000e+00
  outer loop
   vertex 4.552042e+01 -2.068554e+01 4.840000e+01
   vertex 4.340131e+01 -1.978929e+01 4.840000e+01
   vertex 4.241199e+01 -2.182917e+01 4.840000e+01
  endloop
 endfacet
 facet normal 0.000000e+00 0.000000e+00 1.000000e+00
  outer loop
   vertex 4.132687e+01 -2.381974e+01 4.840000e+01
   vertex 4.401789e+01 -2.371552e+01 4.840000e+01
   vertex 4.241199e+01 -2.182917e+01 4.840000e+01
  endloop
 endfacet
 facet normal 0.000000e+00 0.000000e+00 1.000000e+00
  outer loop
   vertex 4.552042e+01 -2.068554e+01 4.840000e+01
   vertex 4.429259e+01 -1.770471e+01 4.840000e+01
   vertex 4.340131e+01 -1.978929e+01 4.840000e+01
  endloop
 endfacet
 facet normal 0.000000e+00 0.000000e+00 1.000000e+00
  outer loop
   vertex 4.552042e+01 2.068554e+01 4.840000e+01
   vertex 4.305402e+01 2.053390e+01 4.840000e+01
   vertex 4.401633e+01 1.838077e+01 4.840000e+01
  endloop
 endfacet
 facet normal 0.000000e+00 -0.000000e+00 1.000000e+00
  outer loop
   vertex 4.401789e+01 -2.371552e+01 4.840000e+01
   vertex 4.552042e+01 -2.068554e+01 4.840000e+01
   vertex 4.241199e+01 -2.182917e+01 4.840000e+01
  endloop
 endfacet
 facet normal 0.000000e+00 0.000000e+00 1.000000e+00
  outer loop
   vertex 4.789475e+01 -1.435594e+01 4.840000e+01
   vertex 4.577318e+01 -1.342036e+01 4.840000e+01
   vertex 4.508381e+01 -1.558013e+01 4.840000e+01
  endloop
 endfacet
 facet normal 0.000000e+00 0.000000e+00 1.000000e+00
  outer loop
   vertex 4.508381e+01 -1.558013e+01 4.840000e+01
   vertex 4.429259e+01 -1.770471e+01 4.840000e+01
   vertex 4.681468e+01 -1.756091e+01 4.840000e+01
  endloop
 endfacet
 facet normal -0.000000e+00 0.000000e+00 1.000000e+00
  outer loop
   vertex 4.429259e+01 -1.770471e+01 4.840000e+01
   vertex 4.552042e+01 -2.068554e+01 4.840000e+01
   vertex 4.681468e+01 -1.756091e+01 4.840000e+01
  endloop
 endfacet
 facet normal 0.000000e+00 -0.000000e+00 1.000000e+00
  outer loop
   vertex 4.487104e+01 1.618271e+01 4.840000e+01
   vertex 4.681468e+01 1.756091e+01 4.840000e+01
   vertex 4.401633e+01 1.838077e+01 4.840000e+01
  endloop
 endfacet
 facet normal 0.000000e+00 -0.000000e+00 1.000000e+00
  outer loop
   vertex 4.561605e+01 1.394509e+01 4.840000e+01
   vertex 4.789475e+01 1.435594e+01 4.840000e+01
   vertex 4.487104e+01 1.618271e+01 4.840000e+01
  endloop
 endfacet
 facet normal 0.000000e+00 0.000000e+00 1.000000e+00
  outer loop
   vertex 4.552042e+01 2.068554e+01 4.840000e+01
   vertex 4.401633e+01 1.838077e+01 4.840000e+01
   vertex 4.681468e+01 1.756091e+01 4.840000e+01
  endloop
 endfacet
 facet normal 0.000000e+00 0.000000e+00 1.000000e+00
  outer loop
   vertex 4.401789e+01 2.371552e+01 4.840000e+01
   vertex 4.305402e+01 2.053390e+01 4.840000e+01
   vertex 4.552042e+01 2.068554e+01 4.840000e+01
  endloop
 endfacet
 facet normal 0.000000e+00 0.000000e+00 1.000000e+00
  outer loop
   vertex 3.869462e+01 3.166586e+01 4.840000e+01
   vertex 3.671970e+01 3.044591e+01 4.840000e+01
   vertex 3.817967e+01 2.859375e+01 4.840000e+01
  endloop
 endfacet
 facet normal 0.000000e+00 0.000000e+00 1.000000e+00
  outer loop
   vertex 4.058226e+01 2.920754e+01 4.840000e+01
   vertex 3.869462e+01 3.166586e+01 4.840000e+01
   vertex 3.817967e+01 2.859375e+01 4.840000e+01
  endloop
 endfacet
 facet normal 0.000000e+00 0.000000e+00 1.000000e+00
  outer loop
   vertex 3.516997e+01 3.222364e+01 4.840000e+01
   vertex 3.671970e+01 3.044591e+01 4.840000e+01
   vertex 3.869462e+01 3.166586e+01 4.840000e+01
  endloop
 endfacet
 facet normal 0.000000e+00 0.000000e+00 1.000000e+00
  outer loop
   vertex 3.448110e+01 3.620847e+01 4.840000e+01
   vertex 3.353426e+01 3.392261e+01 4.840000e+01
   vertex 3.516997e+01 3.222364e+01 4.840000e+01
  endloop
 endfacet
 facet normal 0.000000e+00 0.000000e+00 1.000000e+00
  outer loop
   vertex 3.869462e+01 3.166586e+01 4.840000e+01
   vertex 3.448110e+01 3.620847e+01 4.840000e+01
   vertex 3.516997e+01 3.222364e+01 4.840000e+01
  endloop
 endfacet
 facet normal 0.000000e+00 0.000000e+00 1.000000e+00
  outer loop
   vertex 4.401789e+01 2.371552e+01 4.840000e+01
   vertex 4.081628e+01 2.468444e+01 4.840000e+01
   vertex 4.198647e+01 2.263684e+01 4.840000e+01
  endloop
 endfacet
 facet normal 0.000000e+00 -0.000000e+00 1.000000e+00
  outer loop
   vertex 4.305402e+01 2.053390e+01 4.840000e+01
   vertex 4.401789e+01 2.371552e+01 4.840000e+01
   vertex 4.198647e+01 2.263684e+01 4.840000e+01
  endloop
 endfacet
 facet normal 0.000000e+00 0.000000e+00 1.000000e+00
  outer loop
   vertex 4.231395e+01 2.663699e+01 4.840000e+01
   vertex 4.081628e+01 2.468444e+01 4.840000e+01
   vertex 4.401789e+01 2.371552e+01 4.840000e+01
  endloop
 endfacet
 facet normal 0.000000e+00 0.000000e+00 1.000000e+00
  outer loop
   vertex 4.058226e+01 2.920754e+01 4.840000e+01
   vertex 3.954631e+01 2.667169e+01 4.840000e+01
   vertex 4.231395e+01 2.663699e+01 4.840000e+01
  endloop
 endfacet
 facet normal 0.000000e+00 -0.000000e+00 1.000000e+00
  outer loop
   vertex 4.081628e+01 2.468444e+01 4.840000e+01
   vertex 4.231395e+01 2.663699e+01 4.840000e+01
   vertex 3.954631e+01 2.667169e+01 4.840000e+01
  endloop
 endfacet
 facet normal -0.000000e+00 0.000000e+00 1.000000e+00
  outer loop
   vertex 3.817967e+01 2.859375e+01 4.840000e+01
   vertex 3.954631e+01 2.667169e+01 4.840000e+01
   vertex 4.058226e+01 2.920754e+01 4.840000e+01
  endloop
 endfacet
 facet normal 0.000000e+00 0.000000e+00 1.000000e+00
  outer loop
   vertex 4.875568e+01 -1.108529e+01 4.840000e+01
   vertex 4.684040e+01 -9.014810e+00 4.840000e+01
   vertex 4.635915e+01 -1.123027e+01 4.840000e+01
  endloop
 endfacet
 facet normal 0.000000e+00 -0.000000e+00 1.000000e+00
  outer loop
   vertex 4.681468e+01 -1.756091e+01 4.840000e+01
   vertex 4.789475e+01 -1.435594e+01 4.840000e+01
   vertex 4.508381e+01 -1.558013e+01 4.840000e+01
  endloop
 endfacet
 facet normal 0.000000e+00 0.000000e+00 1.000000e+00
  outer loop
   vertex 4.929879e+01 -8.344401e+00 4.840000e+01
   vertex 4.723426e+01 -6.649437e+00 4.840000e+01
   vertex 4.684040e+01 -9.014810e+00 4.840000e+01
  endloop
 endfacet
 facet normal 0.000000e+00 0.000000e+00 1.000000e+00
  outer loop
   vertex 4.723426e+01 -6.649437e+00 4.840000e+01
   vertex 4.968795e+01 -5.577454e+00 4.840000e+01
   vertex 4.751055e+01 -4.247049e+00 4.840000e+01
  endloop
 endfacet
 facet normal 0.000000e+00 0.000000e+00 1.000000e+00
  outer loop
   vertex 4.751055e+01 -4.247049e+00 4.840000e+01
   vertex 4.992192e+01 -2.793088e+00 4.840000e+01
   vertex 4.766391e+01 -1.855085e+00 4.840000e+01
  endloop
 endfacet
 facet normal 0.000000e+00 0.000000e+00 1.000000e+00
  outer loop
   vertex 4.635915e+01 -1.123027e+01 4.840000e+01
   vertex 4.577318e+01 -1.342036e+01 4.840000e+01
   vertex 4.789475e+01 -1.435594e+01 4.840000e+01
  endloop
 endfacet
 facet normal -0.000000e+00 0.000000e+00 1.000000e+00
  outer loop
   vertex 4.684040e+01 -9.014810e+00 4.840000e+01
   vertex 4.875568e+01 -1.108529e+01 4.840000e+01
   vertex 4.929879e+01 -8.344401e+00 4.840000e+01
  endloop
 endfacet
 facet normal -0.000000e+00 0.000000e+00 1.000000e+00
  outer loop
   vertex 4.723426e+01 -6.649437e+00 4.840000e+01
   vertex 4.929879e+01 -8.344401e+00 4.840000e+01
   vertex 4.968795e+01 -5.577454e+00 4.840000e+01
  endloop
 endfacet
 facet normal 0.000000e+00 0.000000e+00 1.000000e+00
  outer loop
   vertex 5.000000e+01 0.000000e+00 4.840000e+01
   vertex 4.770000e+01 -1.168313e-14 4.840000e+01
   vertex 4.766391e+01 -1.855085e+00 4.840000e+01
  endloop
 endfacet
 facet normal 0.000000e+00 0.000000e+00 1.000000e+00
  outer loop
   vertex 4.992192e+01 -2.793088e+00 4.840000e+01
   vertex 4.751055e+01 -4.247049e+00 4.840000e+01
   vertex 4.968795e+01 -5.577454e+00 4.840000e+01
  endloop
 endfacet
 facet normal 0.000000e+00 -0.000000e+00 1.000000e+00
  outer loop
   vertex 4.992192e+01 -2.793088e+00 4.840000e+01
   vertex 5.000000e+01 0.000000e+00 4.840000e+01
   vertex 4.766391e+01 -1.855085e+00 4.840000e+01
  endloop
 endfacet
 facet normal 0.000000e+00 -0.000000e+00 1.000000e+00
  outer loop
   vertex 4.789475e+01 -1.435594e+01 4.840000e+01
   vertex 4.875568e+01 -1.108529e+01 4.840000e+01
   vertex 4.635915e+01 -1.123027e+01 4.840000e+01
  endloop
 endfacet
 facet normal 0.000000e+00 -0.000000e+00 1.000000e+00
  outer loop
   vertex 4.746693e+01 4.709576e+00 4.840000e+01
   vertex 4.968795e+01 5.577454e+00 4.840000e+01
   vertex 4.717614e+01 7.049970e+00 4.840000e+01
  endloop
 endfacet
 facet normal 0.000000e+00 -0.000000e+00 1.000000e+00
  outer loop
   vertex 4.717614e+01 7.049970e+00 4.840000e+01
   vertex 4.929879e+01 8.344401e+00 4.840000e+01
   vertex 4.677002e+01 9.373130e+00 4.840000e+01
  endloop
 endfacet
 facet normal 0.000000e+00 0.000000e+00 1.000000e+00
  outer loop
   vertex 4.681468e+01 1.756091e+01 4.840000e+01
   vertex 4.487104e+01 1.618271e+01 4.840000e+01
   vertex 4.789475e+01 1.435594e+01 4.840000e+01
  endloop
 endfacet
 facet normal 0.000000e+00 0.000000e+00 1.000000e+00
  outer loop
   vertex 4.624957e+01 1.167338e+01 4.840000e+01
   vertex 4.677002e+01 9.373130e+00 4.840000e+01
   vertex 4.875568e+01 1.108529e+01 4.840000e+01
  endloop
 endfacet
 facet normal 0.000000e+00 -0.000000e+00 1.000000e+00
  outer loop
   vertex 4.624957e+01 1.167338e+01 4.840000e+01
   vertex 4.789475e+01 1.435594e+01 4.840000e+01
   vertex 4.561605e+01 1.394509e+01 4.840000e+01
  endloop
 endfacet
 facet normal 0.000000e+00 0.000000e+00 1.000000e+00
  outer loop
   vertex 4.992192e+01 2.793088e+00 4.840000e+01
   vertex 4.746693e+01 4.709576e+00 4.840000e+01
   vertex 4.764170e+01 2.357670e+00 4.840000e+01
  endloop
 endfacet
 facet normal 0.000000e+00 0.000000e+00 1.000000e+00
  outer loop
   vertex 4.992192e+01 2.793088e+00 4.840000e+01
   vertex 4.968795e+01 5.577454e+00 4.840000e+01
   vertex 4.746693e+01 4.709576e+00 4.840000e+01
  endloop
 endfacet
 facet normal 0.000000e+00 0.000000e+00 1.000000e+00
  outer loop
   vertex 4.929879e+01 8.344401e+00 4.840000e+01
   vertex 4.717614e+01 7.049970e+00 4.840000e+01
   vertex 4.968795e+01 5.577454e+00 4.840000e+01
  endloop
 endfacet
 facet normal -0.000000e+00 0.000000e+00 1.000000e+00
  outer loop
   vertex 4.624957e+01 1.167338e+01 4.840000e+01
   vertex 4.875568e+01 1.108529e+01 4.840000e+01
   vertex 4.789475e+01 1.435594e+01 4.840000e+01
  endloop
 endfacet
 facet normal 0.000000e+00 0.000000e+00 1.000000e+00
  outer loop
   vertex 4.875568e+01 1.108529e+01 4.840000e+01
   vertex 4.677002e+01 9.373130e+00 4.840000e+01
   vertex 4.929879e+01 8.344401e+00 4.840000e+01
  endloop
 endfacet
 facet normal 0.000000e+00 0.000000e+00 1.000000e+00
  outer loop
   vertex 5.000000e+01 0.000000e+00 4.840000e+01
   vertex 4.992192e+01 2.793088e+00 4.840000e+01
   vertex 4.764170e+01 2.357670e+00 4.840000e+01
  endloop
 endfacet
 facet normal 0.000000e+00 0.000000e+00 1.000000e+00
  outer loop
   vertex 5.000000e+01 0.000000e+00 4.840000e+01
   vertex 4.764170e+01 2.357670e+00 4.840000e+01
   vertex 4.770000e+01 -1.168313e-14 4.840000e+01
  endloop
 endfacet
 facet normal 0.000000e+00 0.000000e+00 1.000000e+00
  outer loop
   vertex -1.781766e+01 4.671757e+01 4.840000e+01
   vertex -1.693712e+01 4.459175e+01 4.840000e+01
   vertex -1.606183e+01 4.491445e+01 4.840000e+01
  endloop
 endfacet
 facet normal 0.000000e+00 0.000000e+00 1.000000e+00
  outer loop
   vertex -1.781766e+01 4.671757e+01 4.840000e+01
   vertex -1.384862e+01 4.564544e+01 4.840000e+01
   vertex -1.160233e+01 4.626744e+01 4.840000e+01
  endloop
 endfacet
 facet normal 0.000000e+00 0.000000e+00 1.000000e+00
  outer loop
   vertex -1.781766e+01 4.671757e+01 4.840000e+01
   vertex -1.606183e+01 4.491445e+01 4.840000e+01
   vertex -1.384862e+01 4.564544e+01 4.840000e+01
  endloop
 endfacet
 facet normal 0.000000e+00 0.000000e+00 1.000000e+00
  outer loop
   vertex -1.448736e+01 4.785516e+01 4.840000e+01
   vertex -1.781766e+01 4.671757e+01 4.840000e+01
   vertex -1.160233e+01 4.626744e+01 4.840000e+01
  endloop
 endfacet
 facet normal 0.000000e+00 0.000000e+00 1.000000e+00
  outer loop
   vertex -7.032094e+00 4.717881e+01 4.840000e+01
   vertex -1.108529e+01 4.875568e+01 4.840000e+01
   vertex -9.328351e+00 4.677897e+01 4.840000e+01
  endloop
 endfacet
 facet normal -0.000000e+00 0.000000e+00 1.000000e+00
  outer loop
   vertex -1.448736e+01 4.785516e+01 4.840000e+01
   vertex -9.328351e+00 4.677897e+01 4.840000e+01
   vertex -1.108529e+01 4.875568e+01 4.840000e+01
  endloop
 endfacet
 facet normal 0.000000e+00 0.000000e+00 1.000000e+00
  outer loop
   vertex -1.448736e+01 4.785516e+01 4.840000e+01
   vertex -1.160233e+01 4.626744e+01 4.840000e+01
   vertex -9.328351e+00 4.677897e+01 4.840000e+01
  endloop
 endfacet
 facet normal 0.000000e+00 0.000000e+00 1.000000e+00
  outer loop
   vertex -8.344401e+00 4.929879e+01 4.840000e+01
   vertex -7.032094e+00 4.717881e+01 4.840000e+01
   vertex -4.719047e+00 4.746600e+01 4.840000e+01
  endloop
 endfacet
 facet normal 0.000000e+00 0.000000e+00 1.000000e+00
  outer loop
   vertex -2.793088e+00 4.992192e+01 4.840000e+01
   vertex -2.236190e+00 4.764756e+01 4.840000e+01
   vertex 2.745999e-01 4.769921e+01 4.840000e+01
  endloop
 endfacet
 facet normal 0.000000e+00 0.000000e+00 1.000000e+00
  outer loop
   vertex -5.577454e+00 4.968795e+01 4.840000e+01
   vertex -4.719047e+00 4.746600e+01 4.840000e+01
   vertex -2.236190e+00 4.764756e+01 4.840000e+01
  endloop
 endfacet
 facet normal 0.000000e+00 0.000000e+00 1.000000e+00
  outer loop
   vertex -5.577454e+00 4.968795e+01 4.840000e+01
   vertex -8.344401e+00 4.929879e+01 4.840000e+01
   vertex -4.719047e+00 4.746600e+01 4.840000e+01
  endloop
 endfacet
 facet normal -0.000000e+00 0.000000e+00 1.000000e+00
  outer loop
   vertex -2.793088e+00 4.992192e+01 4.840000e+01
   vertex 2.745999e-01 4.769921e+01 4.840000e+01
   vertex 3.061617e-15 5.000000e+01 4.840000e+01
  endloop
 endfacet
 facet normal 0.000000e+00 0.000000e+00 1.000000e+00
  outer loop
   vertex -2.236190e+00 4.764756e+01 4.840000e+01
   vertex -2.793088e+00 4.992192e+01 4.840000e+01
   vertex -5.577454e+00 4.968795e+01 4.840000e+01
  endloop
 endfacet
 facet normal 0.000000e+00 0.000000e+00 1.000000e+00
  outer loop
   vertex 1.221438e+00 4.998508e+01 4.840000e+01
   vertex 3.061617e-15 5.000000e+01 4.840000e+01
   vertex 2.745999e-01 4.769921e+01 4.840000e+01
  endloop
 endfacet
 facet normal -0.000000e+00 0.000000e+00 1.000000e+00
  outer loop
   vertex -1.108529e+01 4.875568e+01 4.840000e+01
   vertex -7.032094e+00 4.717881e+01 4.840000e+01
   vertex -8.344401e+00 4.929879e+01 4.840000e+01
  endloop
 endfacet
 facet normal 7.538912e-01 6.569993e-01 0.000000e+00
  outer loop
   vertex 3.665829e+01 3.400249e+01 4.615000e+01
   vertex 3.869462e+01 3.166586e+01 4.615000e+01
   vertex 3.869462e+01 3.166586e+01 4.502500e+01
  endloop
 endfacet
 facet normal 7.538912e-01 6.569993e-01 0.000000e+00
  outer loop
   vertex 3.665829e+01 3.400249e+01 4.727500e+01
   vertex 3.869462e+01 3.166586e+01 4.727500e+01
   vertex 3.869462e+01 3.166586e+01 4.615000e+01
  endloop
 endfacet
 facet normal 7.835149e-01 6.213702e-01 1.843057e-03
  outer loop
   vertex 3.869462e+01 3.166586e+01 4.502500e+01
   vertex 3.965952e+01 3.044868e+01 4.518836e+01
   vertex 3.878506e+01 3.155502e+01 4.394559e+01
  endloop
 endfacet
 facet normal 7.836367e-01 6.212194e-01 0.000000e+00
  outer loop
   vertex 3.965952e+01 3.044868e+01 4.518836e+01
   vertex 3.869462e+01 3.166586e+01 4.502500e+01
   vertex 3.869462e+01 3.166586e+01 4.615000e+01
  endloop
 endfacet
 facet normal 7.621826e-01 6.473568e-01 -2.612867e-03
  outer loop
   vertex 3.869462e+01 3.166586e+01 4.502500e+01
   vertex 3.878506e+01 3.155502e+01 4.394559e+01
   vertex 3.741645e+01 3.316639e+01 4.394559e+01
  endloop
 endfacet
 facet normal 7.916588e-01 6.105846e-01 2.151016e-02
  outer loop
   vertex 4.054385e+01 2.926083e+01 4.635977e+01
   vertex 3.965952e+01 3.044868e+01 4.518836e+01
   vertex 3.869462e+01 3.166586e+01 4.615000e+01
  endloop
 endfacet
 facet normal 8.291033e-01 5.585401e-01 2.491222e-02
  outer loop
   vertex 4.058226e+01 2.920754e+01 4.840000e+01
   vertex 4.231395e+01 2.663699e+01 4.840000e+01
   vertex 4.143101e+01 2.799057e+01 4.743769e+01
  endloop
 endfacet
 facet normal 8.022351e-01 5.952901e-01 -4.526044e-02
  outer loop
   vertex 4.058226e+01 2.920754e+01 4.840000e+01
   vertex 4.143101e+01 2.799057e+01 4.743769e+01
   vertex 3.869462e+01 3.166586e+01 4.727500e+01
  endloop
 endfacet
 facet normal 8.002788e-01 5.978687e-01 4.590109e-02
  outer loop
   vertex 4.054385e+01 2.926083e+01 4.635977e+01
   vertex 3.869462e+01 3.166586e+01 4.727500e+01
   vertex 4.143101e+01 2.799057e+01 4.743769e+01
  endloop
 endfacet
 facet normal 7.927497e-01 6.095473e-01 -0.000000e+00
  outer loop
   vertex 3.869462e+01 3.166586e+01 4.615000e+01
   vertex 3.869462e+01 3.166586e+01 4.727500e+01
   vertex 4.054385e+01 2.926083e+01 4.635977e+01
  endloop
 endfacet
 facet normal 7.931499e-01 6.090265e-01 0.000000e+00
  outer loop
   vertex 3.869462e+01 3.166586e+01 4.840000e+01
   vertex 4.058226e+01 2.920754e+01 4.840000e+01
   vertex 3.869462e+01 3.166586e+01 4.727500e+01
  endloop
 endfacet
 facet normal 7.340990e-01 6.789642e-01 -1.030579e-02
  outer loop
   vertex 3.598094e+01 3.471847e+01 4.394559e+01
   vertex 3.665829e+01 3.400249e+01 4.502500e+01
   vertex 3.741645e+01 3.316639e+01 4.394559e+01
  endloop
 endfacet
 facet normal 7.044960e-01 7.091440e-01 2.828912e-02
  outer loop
   vertex 3.665829e+01 3.400249e+01 4.502500e+01
   vertex 3.598094e+01 3.471847e+01 4.394559e+01
   vertex 3.448110e+01 3.620847e+01 4.394559e+01
  endloop
 endfacet
 facet normal 7.117358e-01 7.024472e-01 -0.000000e+00
  outer loop
   vertex 3.448110e+01 3.620847e+01 4.394559e+01
   vertex 3.448110e+01 3.620847e+01 4.617280e+01
   vertex 3.665829e+01 3.400249e+01 4.502500e+01
  endloop
 endfacet
 facet normal 7.538912e-01 6.569993e-01 0.000000e+00
  outer loop
   vertex 3.869462e+01 3.166586e+01 4.840000e+01
   vertex 3.869462e+01 3.166586e+01 4.727500e+01
   vertex 3.665829e+01 3.400249e+01 4.727500e+01
  endloop
 endfacet
 facet normal 7.117358e-01 7.024472e-01 0.000000e+00
  outer loop
   vertex 3.448110e+01 3.620847e+01 4.840000e+01
   vertex 3.665829e+01 3.400249e+01 4.727500e+01
   vertex 3.448110e+01 3.620847e+01 4.617280e+01
  endloop
 endfacet
 facet normal 7.117358e-01 7.024472e-01 -0.000000e+00
  outer loop
   vertex 3.665829e+01 3.400249e+01 4.615000e+01
   vertex 3.448110e+01 3.620847e+01 4.617280e+01
   vertex 3.665829e+01 3.400249e+01 4.727500e+01
  endloop
 endfacet
 facet normal 7.305073e-01 6.775841e-01 8.508129e-02
  outer loop
   vertex 3.869462e+01 3.166586e+01 4.840000e+01
   vertex 3.665829e+01 3.400249e+01 4.727500e+01
   vertex 3.448110e+01 3.620847e+01 4.840000e+01
  endloop
 endfacet
 facet normal 7.537311e-01 6.568598e-01 2.060541e-02
  outer loop
   vertex 3.665829e+01 3.400249e+01 4.502500e+01
   vertex 3.869462e+01 3.166586e+01 4.502500e+01
   vertex 3.741645e+01 3.316639e+01 4.394559e+01
  endloop
 endfacet
 facet normal -2.794216e-02 9.996095e-01 0.000000e+00
  outer loop
   vertex -2.793088e+00 4.992192e+01 4.615000e+01
   vertex 3.061617e-15 5.000000e+01 4.615000e+01
   vertex 3.061617e-15 5.000000e+01 4.502500e+01
  endloop
 endfacet
 facet normal -2.794216e-02 9.996095e-01 0.000000e+00
  outer loop
   vertex -2.793088e+00 4.992192e+01 4.727500e+01
   vertex 3.061617e-15 5.000000e+01 4.727500e+01
   vertex 3.061617e-15 5.000000e+01 4.615000e+01
  endloop
 endfacet
 facet normal -8.373775e-02 9.964878e-01 0.000000e+00
  outer loop
   vertex -5.577454e+00 4.968795e+01 4.615000e+01
   vertex -2.793088e+00 4.992192e+01 4.615000e+01
   vertex -2.793088e+00 4.992192e+01 4.502500e+01
  endloop
 endfacet
 facet normal -8.373775e-02 9.964878e-01 0.000000e+00
  outer loop
   vertex -5.577454e+00 4.968795e+01 4.727500e+01
   vertex -2.793088e+00 4.992192e+01 4.727500e+01
   vertex -2.793088e+00 4.992192e+01 4.615000e+01
  endloop
 endfacet
 facet normal 1.221673e-02 9.999254e-01 0.000000e+00
  outer loop
   vertex 1.221438e+00 4.998508e+01 4.543040e+01
   vertex 1.221438e+00 4.998508e+01 4.394559e+01
   vertex 3.061617e-15 5.000000e+01 4.502500e+01
  endloop
 endfacet
 facet normal 8.573985e-03 9.999547e-01 -4.122478e-03
  outer loop
   vertex -3.641685e-01 4.999867e+01 4.394559e+01
   vertex 3.061617e-15 5.000000e+01 4.502500e+01
   vertex 1.221438e+00 4.998508e+01 4.394559e+01
  endloop
 endfacet
 facet normal 1.221673e-02 9.999254e-01 -0.000000e+00
  outer loop
   vertex 3.061617e-15 5.000000e+01 4.502500e+01
   vertex 3.061617e-15 5.000000e+01 4.615000e+01
   vertex 1.221438e+00 4.998508e+01 4.543040e+01
  endloop
 endfacet
 facet normal -2.793891e-02 9.994932e-01 1.525500e-02
  outer loop
   vertex 3.061617e-15 5.000000e+01 4.502500e+01
   vertex -1.949409e+00 4.996198e+01 4.394559e+01
   vertex -2.793088e+00 4.992192e+01 4.502500e+01
  endloop
 endfacet
 facet normal -5.482590e-02 9.984791e-01 -5.797890e-03
  outer loop
   vertex -1.949409e+00 4.996198e+01 4.394559e+01
   vertex -3.532688e+00 4.987505e+01 4.394559e+01
   vertex -2.793088e+00 4.992192e+01 4.502500e+01
  endloop
 endfacet
 facet normal -2.313791e-02 9.997107e-01 6.576731e-03
  outer loop
   vertex -3.641685e-01 4.999867e+01 4.394559e+01
   vertex -1.949409e+00 4.996198e+01 4.394559e+01
   vertex 3.061617e-15 5.000000e+01 4.502500e+01
  endloop
 endfacet
 facet normal 1.221673e-02 9.999254e-01 0.000000e+00
  outer loop
   vertex 1.221438e+00 4.998508e+01 4.840000e+01
   vertex 1.221438e+00 4.998508e+01 4.691520e+01
   vertex 3.061617e-15 5.000000e+01 4.727500e+01
  endloop
 endfacet
 facet normal 1.221673e-02 9.999254e-01 0.000000e+00
  outer loop
   vertex 1.221438e+00 4.998508e+01 4.691520e+01
   vertex 1.221438e+00 4.998508e+01 4.543040e+01
   vertex 3.061617e-15 5.000000e+01 4.615000e+01
  endloop
 endfacet
 facet normal -2.794216e-02 9.996095e-01 0.000000e+00
  outer loop
   vertex -2.793088e+00 4.992192e+01 4.727500e+01
   vertex -2.793088e+00 4.992192e+01 4.840000e+01
   vertex 3.061617e-15 5.000000e+01 4.840000e+01
  endloop
 endfacet
 facet normal -8.373775e-02 9.964878e-01 0.000000e+00
  outer loop
   vertex -2.793088e+00 4.992192e+01 4.840000e+01
   vertex -2.793088e+00 4.992192e+01 4.727500e+01
   vertex -5.577454e+00 4.968795e+01 4.727500e+01
  endloop
 endfacet
 facet normal -8.859107e-02 9.959152e-01 1.744906e-02
  outer loop
   vertex -3.532688e+00 4.987505e+01 4.394559e+01
   vertex -5.804385e+00 4.966195e+01 4.457452e+01
   vertex -2.793088e+00 4.992192e+01 4.502500e+01
  endloop
 endfacet
 facet normal -8.372792e-02 9.963709e-01 -1.532194e-02
  outer loop
   vertex -5.577454e+00 4.968795e+01 4.502500e+01
   vertex -2.793088e+00 4.992192e+01 4.502500e+01
   vertex -5.804385e+00 4.966195e+01 4.457452e+01
  endloop
 endfacet
 facet normal -1.209112e-01 9.926633e-01 0.000000e+00
  outer loop
   vertex -6.513051e+00 4.957399e+01 4.518836e+01
   vertex -5.577454e+00 4.968795e+01 4.615000e+01
   vertex -5.577454e+00 4.968795e+01 4.502500e+01
  endloop
 endfacet
 facet normal -1.203375e-01 9.927275e-01 3.330358e-03
  outer loop
   vertex -5.577454e+00 4.968795e+01 4.502500e+01
   vertex -5.804385e+00 4.966195e+01 4.457452e+01
   vertex -6.513051e+00 4.957399e+01 4.518836e+01
  endloop
 endfacet
 facet normal -1.334498e-01 9.907513e-01 2.455676e-02
  outer loop
   vertex -5.577454e+00 4.968795e+01 4.615000e+01
   vertex -7.237870e+00 4.947336e+01 4.578437e+01
   vertex -7.978301e+00 4.935936e+01 4.635977e+01
  endloop
 endfacet
 facet normal -1.301423e-01 9.914533e-01 9.124511e-03
  outer loop
   vertex -5.577454e+00 4.968795e+01 4.615000e+01
   vertex -6.513051e+00 4.957399e+01 4.518836e+01
   vertex -7.237870e+00 4.947336e+01 4.578437e+01
  endloop
 endfacet
 facet normal -1.355971e-01 9.907641e-01 0.000000e+00
  outer loop
   vertex -5.577454e+00 4.968795e+01 4.727500e+01
   vertex -5.577454e+00 4.968795e+01 4.615000e+01
   vertex -7.978301e+00 4.935936e+01 4.635977e+01
  endloop
 endfacet
 facet normal -1.392726e-01 9.902541e-01 0.000000e+00
  outer loop
   vertex -5.577454e+00 4.968795e+01 4.840000e+01
   vertex -5.577454e+00 4.968795e+01 4.727500e+01
   vertex -8.344401e+00 4.929879e+01 4.840000e+01
  endloop
 endfacet
 facet normal -1.423182e-01 9.897914e-01 -7.650764e-03
  outer loop
   vertex -8.733800e+00 4.923130e+01 4.691179e+01
   vertex -8.344401e+00 4.929879e+01 4.840000e+01
   vertex -5.577454e+00 4.968795e+01 4.727500e+01
  endloop
 endfacet
 facet normal -1.806266e-01 9.835482e-01 2.656010e-03
  outer loop
   vertex -8.344401e+00 4.929879e+01 4.840000e+01
   vertex -8.733800e+00 4.923130e+01 4.691179e+01
   vertex -9.503825e+00 4.908847e+01 4.743769e+01
  endloop
 endfacet
 facet normal -1.942563e-01 9.803374e-01 3.468429e-02
  outer loop
   vertex -8.344401e+00 4.929879e+01 4.840000e+01
   vertex -1.028784e+01 4.893016e+01 4.793468e+01
   vertex -1.108529e+01 4.875568e+01 4.840000e+01
  endloop
 endfacet
 facet normal -1.895192e-01 9.817806e-01 1.375636e-02
  outer loop
   vertex -8.344401e+00 4.929879e+01 4.840000e+01
   vertex -9.503825e+00 4.908847e+01 4.743769e+01
   vertex -1.028784e+01 4.893016e+01 4.793468e+01
  endloop
 endfacet
 facet normal -1.463960e-01 9.887999e-01 2.903276e-02
  outer loop
   vertex -8.733800e+00 4.923130e+01 4.691179e+01
   vertex -5.577454e+00 4.968795e+01 4.727500e+01
   vertex -7.978301e+00 4.935936e+01 4.635977e+01
  endloop
 endfacet
 facet normal -8.643474e-02 9.959376e-01 2.524543e-02
  outer loop
   vertex -5.112415e+00 4.973795e+01 4.394559e+01
   vertex -5.804385e+00 4.966195e+01 4.457452e+01
   vertex -3.532688e+00 4.987505e+01 4.394559e+01
  endloop
 endfacet
 facet normal -3.655842e-01 -8.825982e-01 2.955818e-01
  outer loop
   vertex 1.825914e+01 3.518977e+01 1.676547e+01
   vertex 1.197176e+01 3.779409e+01 1.676547e+01
   vertex 1.434836e+01 3.464001e+01 1.028695e+01
  endloop
 endfacet
 facet normal 7.174249e-02 -9.974232e-01 0.000000e+00
  outer loop
   vertex -4.371204e+00 4.629409e+01 4.817227e+01
   vertex -4.371204e+00 4.629409e+01 4.811533e+01
   vertex -2.299071e+00 4.644313e+01 4.811533e+01
  endloop
 endfacet
 facet normal 7.174249e-02 -9.974232e-01 0.000000e+00
  outer loop
   vertex -4.371204e+00 4.629409e+01 4.828613e+01
   vertex -4.371204e+00 4.629409e+01 4.822920e+01
   vertex -2.299071e+00 4.644313e+01 4.822920e+01
  endloop
 endfacet
 facet normal 7.174249e-02 -9.974232e-01 0.000000e+00
  outer loop
   vertex -4.371204e+00 4.629409e+01 4.822920e+01
   vertex -4.371204e+00 4.629409e+01 4.817227e+01
   vertex -2.299071e+00 4.644313e+01 4.817227e+01
  endloop
 endfacet
 facet normal 7.174249e-02 -9.974232e-01 0.000000e+00
  outer loop
   vertex -4.371204e+00 4.629409e+01 4.834307e+01
   vertex -4.371204e+00 4.629409e+01 4.828613e+01
   vertex -2.299071e+00 4.644313e+01 4.828613e+01
  endloop
 endfacet
 facet normal 1.162192e-01 -9.932236e-01 0.000000e+00
  outer loop
   vertex -4.371204e+00 4.629409e+01 4.822920e+01
   vertex -6.434612e+00 4.605264e+01 4.817227e+01
   vertex -4.371204e+00 4.629409e+01 4.817227e+01
  endloop
 endfacet
 facet normal 1.162192e-01 -9.932236e-01 0.000000e+00
  outer loop
   vertex -6.434612e+00 4.605264e+01 4.828613e+01
   vertex -4.371204e+00 4.629409e+01 4.822920e+01
   vertex -4.371204e+00 4.629409e+01 4.828613e+01
  endloop
 endfacet
 facet normal 1.162192e-01 -9.932236e-01 0.000000e+00
  outer loop
   vertex -6.434612e+00 4.605264e+01 4.817227e+01
   vertex -4.371204e+00 4.629409e+01 4.822920e+01
   vertex -6.434612e+00 4.605264e+01 4.828613e+01
  endloop
 endfacet
 facet normal 1.604681e-01 -9.870410e-01 0.000000e+00
  outer loop
   vertex -8.485176e+00 4.571927e+01 4.828613e+01
   vertex -8.485176e+00 4.571927e+01 4.817227e+01
   vertex -6.434612e+00 4.605264e+01 4.817227e+01
  endloop
 endfacet
 facet normal 2.043956e-01 -9.788884e-01 0.000000e+00
  outer loop
   vertex -1.051880e+01 4.529464e+01 4.828613e+01
   vertex -1.051880e+01 4.529464e+01 4.817227e+01
   vertex -8.485176e+00 4.571927e+01 4.817227e+01
  endloop
 endfacet
 facet normal 2.479138e-01 -9.687821e-01 0.000000e+00
  outer loop
   vertex -1.253144e+01 4.477961e+01 4.828613e+01
   vertex -1.253144e+01 4.477961e+01 4.817227e+01
   vertex -1.051880e+01 4.529464e+01 4.817227e+01
  endloop
 endfacet
 facet normal 2.909381e-01 -9.567419e-01 0.000000e+00
  outer loop
   vertex -1.451905e+01 4.417519e+01 4.828613e+01
   vertex -1.451905e+01 4.417519e+01 4.817227e+01
   vertex -1.253144e+01 4.477961e+01 4.817227e+01
  endloop
 endfacet
 facet normal 2.201651e-02 -9.849252e-01 -1.715737e-01
  outer loop
   vertex -2.299071e+00 4.644313e+01 4.811533e+01
   vertex -1.855502e+00 4.646296e+01 4.805840e+01
   vertex -2.223492e-01 4.649947e+01 4.805840e+01
  endloop
 endfacet
 facet normal 5.716208e-02 -9.934140e-01 9.930284e-02
  outer loop
   vertex -1.855502e+00 4.646296e+01 4.805840e+01
   vertex -2.299071e+00 4.644313e+01 4.811533e+01
   vertex -3.486365e+00 4.636912e+01 4.805840e+01
  endloop
 endfacet
 facet normal 7.035522e-02 -9.781363e-01 -1.957025e-01
  outer loop
   vertex -3.486365e+00 4.636912e+01 4.805840e+01
   vertex -2.299071e+00 4.644313e+01 4.811533e+01
   vertex -4.371204e+00 4.629409e+01 4.811533e+01
  endloop
 endfacet
 facet normal 2.711896e-02 -9.996322e-01 0.000000e+00
  outer loop
   vertex -2.223492e-01 4.649947e+01 4.805840e+01
   vertex -2.299071e+00 4.644313e+01 4.817227e+01
   vertex -2.299071e+00 4.644313e+01 4.811533e+01
  endloop
 endfacet
 facet normal 2.711896e-02 -9.996322e-01 0.000000e+00
  outer loop
   vertex -2.299071e+00 4.644313e+01 4.822920e+01
   vertex -2.299071e+00 4.644313e+01 4.817227e+01
   vertex -2.223492e-01 4.649947e+01 4.805840e+01
  endloop
 endfacet
 facet normal 1.273054e-01 -9.911382e-01 3.792671e-02
  outer loop
   vertex -6.434612e+00 4.605264e+01 4.817227e+01
   vertex -6.733174e+00 4.600994e+01 4.805840e+01
   vertex -5.112925e+00 4.621805e+01 4.805840e+01
  endloop
 endfacet
 facet normal 1.162192e-01 -9.932236e-01 0.000000e+00
  outer loop
   vertex -4.371204e+00 4.629409e+01 4.817227e+01
   vertex -6.434612e+00 4.605264e+01 4.817227e+01
   vertex -4.371204e+00 4.629409e+01 4.811533e+01
  endloop
 endfacet
 facet normal 1.114046e-01 -9.843225e-01 -1.367415e-01
  outer loop
   vertex -5.112925e+00 4.621805e+01 4.805840e+01
   vertex -4.371204e+00 4.629409e+01 4.811533e+01
   vertex -6.434612e+00 4.605264e+01 4.817227e+01
  endloop
 endfacet
 facet normal 9.176671e-02 -9.880231e-01 1.240535e-01
  outer loop
   vertex -3.486365e+00 4.636912e+01 4.805840e+01
   vertex -4.371204e+00 4.629409e+01 4.811533e+01
   vertex -5.112925e+00 4.621805e+01 4.805840e+01
  endloop
 endfacet
 facet normal 2.711896e-02 -9.996322e-01 0.000000e+00
  outer loop
   vertex -2.223492e-01 4.649947e+01 4.840000e+01
   vertex -2.299071e+00 4.644313e+01 4.828613e+01
   vertex -2.299071e+00 4.644313e+01 4.822920e+01
  endloop
 endfacet
 facet normal 2.235851e-02 -9.867229e-01 1.608666e-01
  outer loop
   vertex -1.883961e+00 4.646182e+01 4.840000e+01
   vertex -2.299071e+00 4.644313e+01 4.834307e+01
   vertex -2.223492e-01 4.649947e+01 4.840000e+01
  endloop
 endfacet
 facet normal 2.711896e-02 -9.996322e-01 0.000000e+00
  outer loop
   vertex -2.299071e+00 4.644313e+01 4.828613e+01
   vertex -2.223492e-01 4.649947e+01 4.840000e+01
   vertex -2.299071e+00 4.644313e+01 4.834307e+01
  endloop
 endfacet
 facet normal 7.040726e-02 -9.788598e-01 1.920321e-01
  outer loop
   vertex -3.543167e+00 4.636481e+01 4.840000e+01
   vertex -4.371204e+00 4.629409e+01 4.834307e+01
   vertex -2.299071e+00 4.644313e+01 4.834307e+01
  endloop
 endfacet
 facet normal 2.711896e-02 -9.996322e-01 0.000000e+00
  outer loop
   vertex -2.223492e-01 4.649947e+01 4.805840e+01
   vertex -2.223492e-01 4.649947e+01 4.840000e+01
   vertex -2.299071e+00 4.644313e+01 4.822920e+01
  endloop
 endfacet
 facet normal 1.162192e-01 -9.932236e-01 0.000000e+00
  outer loop
   vertex -4.371204e+00 4.629409e+01 4.834307e+01
   vertex -6.434612e+00 4.605264e+01 4.828613e+01
   vertex -4.371204e+00 4.629409e+01 4.828613e+01
  endloop
 endfacet
 facet normal 9.321506e-02 -9.872146e-01 -1.292993e-01
  outer loop
   vertex -5.197845e+00 4.620858e+01 4.840000e+01
   vertex -4.371204e+00 4.629409e+01 4.834307e+01
   vertex -3.543167e+00 4.636481e+01 4.840000e+01
  endloop
 endfacet
 facet normal 1.113316e-01 -9.840957e-01 1.384233e-01
  outer loop
   vertex -6.434612e+00 4.605264e+01 4.828613e+01
   vertex -4.371204e+00 4.629409e+01 4.834307e+01
   vertex -5.197845e+00 4.620858e+01 4.840000e+01
  endloop
 endfacet
 facet normal 1.293697e-01 -9.903913e-01 -4.887330e-02
  outer loop
   vertex -5.197845e+00 4.620858e+01 4.840000e+01
   vertex -6.845884e+00 4.599330e+01 4.840000e+01
   vertex -6.434612e+00 4.605264e+01 4.828613e+01
  endloop
 endfacet
 facet normal 1.621104e-01 -9.864838e-01 -2.387350e-02
  outer loop
   vertex -8.485176e+00 4.571927e+01 4.817227e+01
   vertex -8.345115e+00 4.574504e+01 4.805840e+01
   vertex -6.733174e+00 4.600994e+01 4.805840e+01
  endloop
 endfacet
 facet normal 1.966780e-01 -9.802630e-01 2.005495e-02
  outer loop
   vertex -8.345115e+00 4.574504e+01 4.805840e+01
   vertex -8.485176e+00 4.571927e+01 4.817227e+01
   vertex -9.946756e+00 4.542369e+01 4.805840e+01
  endloop
 endfacet
 facet normal 2.306461e-01 -9.713143e-01 5.788612e-02
  outer loop
   vertex -1.153612e+01 4.504629e+01 4.805840e+01
   vertex -9.946756e+00 4.542369e+01 4.805840e+01
   vertex -1.051880e+01 4.529464e+01 4.817227e+01
  endloop
 endfacet
 facet normal 2.466363e-01 -9.637898e-01 -1.013888e-01
  outer loop
   vertex -1.253144e+01 4.477961e+01 4.817227e+01
   vertex -1.153612e+01 4.504629e+01 4.805840e+01
   vertex -1.051880e+01 4.529464e+01 4.817227e+01
  endloop
 endfacet
 facet normal 2.899172e-01 -9.533846e-01 -8.370103e-02
  outer loop
   vertex -1.311125e+01 4.461329e+01 4.805840e+01
   vertex -1.253144e+01 4.477961e+01 4.817227e+01
   vertex -1.451905e+01 4.417519e+01 4.817227e+01
  endloop
 endfacet
 facet normal 3.319857e-01 -9.429000e-01 -2.692720e-02
  outer loop
   vertex -1.621104e+01 4.358271e+01 4.805840e+01
   vertex -1.467020e+01 4.412522e+01 4.805840e+01
   vertex -1.451905e+01 4.417519e+01 4.817227e+01
  endloop
 endfacet
 facet normal 3.315005e-01 -9.432891e-01 -1.769334e-02
  outer loop
   vertex -1.647769e+01 4.348259e+01 4.840000e+01
   vertex -1.621104e+01 4.358271e+01 4.805840e+01
   vertex -1.451905e+01 4.417519e+01 4.817227e+01
  endloop
 endfacet
 facet normal 2.646114e-01 -9.625741e-01 5.858226e-02
  outer loop
   vertex -1.153612e+01 4.504629e+01 4.805840e+01
   vertex -1.253144e+01 4.477961e+01 4.817227e+01
   vertex -1.311125e+01 4.461329e+01 4.805840e+01
  endloop
 endfacet
 facet normal 2.000191e-01 -9.797920e-01 0.000000e+00
  outer loop
   vertex -8.485176e+00 4.571927e+01 4.828613e+01
   vertex -8.485176e+00 4.571927e+01 4.840000e+01
   vertex -1.011363e+01 4.538683e+01 4.840000e+01
  endloop
 endfacet
 facet normal 1.648751e-01 -9.863144e-01 0.000000e+00
  outer loop
   vertex -8.485176e+00 4.571927e+01 4.840000e+01
   vertex -8.485176e+00 4.571927e+01 4.828613e+01
   vertex -6.845884e+00 4.599330e+01 4.840000e+01
  endloop
 endfacet
 facet normal 2.467356e-01 -9.641779e-01 9.737868e-02
  outer loop
   vertex -1.172916e+01 4.499641e+01 4.840000e+01
   vertex -1.253144e+01 4.477961e+01 4.828613e+01
   vertex -1.051880e+01 4.529464e+01 4.828613e+01
  endloop
 endfacet
 facet normal 2.689233e-01 -9.609609e-01 -6.507220e-02
  outer loop
   vertex -1.253144e+01 4.477961e+01 4.828613e+01
   vertex -1.172916e+01 4.499641e+01 4.840000e+01
   vertex -1.332971e+01 4.454850e+01 4.840000e+01
  endloop
 endfacet
 facet normal 2.895559e-01 -9.521966e-01 9.735995e-02
  outer loop
   vertex -1.253144e+01 4.477961e+01 4.828613e+01
   vertex -1.332971e+01 4.454850e+01 4.840000e+01
   vertex -1.451905e+01 4.417519e+01 4.828613e+01
  endloop
 endfacet
 facet normal 3.364747e-01 -9.381818e-01 8.123846e-02
  outer loop
   vertex -1.451905e+01 4.417519e+01 4.828613e+01
   vertex -1.491322e+01 4.404368e+01 4.840000e+01
   vertex -1.647769e+01 4.348259e+01 4.840000e+01
  endloop
 endfacet
 facet normal 3.333819e-01 -9.427919e-01 0.000000e+00
  outer loop
   vertex -1.647769e+01 4.348259e+01 4.840000e+01
   vertex -1.451905e+01 4.417519e+01 4.817227e+01
   vertex -1.451905e+01 4.417519e+01 4.828613e+01
  endloop
 endfacet
 facet normal -5.524900e-01 -5.281466e-01 -6.448380e-01
  outer loop
   vertex 3.325966e+01 3.325966e+01 4.742824e+01
   vertex 3.417737e+01 3.153027e+01 4.805840e+01
   vertex 3.303732e+01 3.272287e+01 4.805840e+01
  endloop
 endfacet
 facet normal -5.811815e-01 -4.936242e-01 -6.469646e-01
  outer loop
   vertex 3.527439e+01 3.029797e+01 4.805840e+01
   vertex 3.741645e+01 3.316639e+01 4.394559e+01
   vertex 3.878506e+01 3.155502e+01 4.394559e+01
  endloop
 endfacet
 facet normal -6.040392e-01 -4.653494e-01 -6.469827e-01
  outer loop
   vertex 3.878506e+01 3.155502e+01 4.394559e+01
   vertex 3.733390e+01 2.772056e+01 4.805840e+01
   vertex 3.632701e+01 2.902754e+01 4.805840e+01
  endloop
 endfacet
 facet normal -5.683288e-01 -5.059441e-01 -6.488629e-01
  outer loop
   vertex 3.741645e+01 3.316639e+01 4.394559e+01
   vertex 3.527439e+01 3.029797e+01 4.805840e+01
   vertex 3.417737e+01 3.153027e+01 4.805840e+01
  endloop
 endfacet
 facet normal -6.361317e-01 -4.217572e-01 -6.461094e-01
  outer loop
   vertex 4.030117e+01 2.850170e+01 4.469621e+01
   vertex 3.920548e+01 2.500361e+01 4.805840e+01
   vertex 3.829380e+01 2.637869e+01 4.805840e+01
  endloop
 endfacet
 facet normal -6.643872e-01 -3.755645e-01 -6.461741e-01
  outer loop
   vertex 4.184810e+01 2.523553e+01 4.527562e+01
   vertex 4.087970e+01 2.216079e+01 4.805840e+01
   vertex 4.006781e+01 2.359705e+01 4.805840e+01
  endloop
 endfacet
 facet normal -6.752422e-01 -3.506933e-01 -6.488931e-01
  outer loop
   vertex 4.334280e+01 2.191293e+01 4.562924e+01
   vertex 4.164012e+01 2.069663e+01 4.805840e+01
   vertex 4.087970e+01 2.216079e+01 4.805840e+01
  endloop
 endfacet
 facet normal -6.485689e-01 -3.976220e-01 -6.490417e-01
  outer loop
   vertex 4.184810e+01 2.523553e+01 4.527562e+01
   vertex 4.006781e+01 2.359705e+01 4.805840e+01
   vertex 3.920548e+01 2.500361e+01 4.805840e+01
  endloop
 endfacet
 facet normal -6.188014e-01 -4.426519e-01 -6.489561e-01
  outer loop
   vertex 4.030117e+01 2.850170e+01 4.469621e+01
   vertex 3.829380e+01 2.637869e+01 4.805840e+01
   vertex 3.733390e+01 2.772056e+01 4.805840e+01
  endloop
 endfacet
 facet normal -6.979492e-01 -3.017330e-01 -6.494799e-01
  outer loop
   vertex 4.450802e+01 1.919246e+01 4.574380e+01
   vertex 4.300282e+01 1.769202e+01 4.805840e+01
   vertex 4.234813e+01 1.920641e+01 4.805840e+01
  endloop
 endfacet
 facet normal -7.190242e-01 -2.519903e-01 -6.476921e-01
  outer loop
   vertex 4.614277e+01 1.515321e+01 4.562924e+01
   vertex 4.414905e+01 1.459835e+01 4.805840e+01
   vertex 4.360338e+01 1.615535e+01 4.805840e+01
  endloop
 endfacet
 facet normal -7.269922e-01 -2.261600e-01 -6.483317e-01
  outer loop
   vertex 4.614277e+01 1.515321e+01 4.562924e+01
   vertex 4.463913e+01 1.302296e+01 4.805840e+01
   vertex 4.414905e+01 1.459835e+01 4.805840e+01
  endloop
 endfacet
 facet normal -7.084350e-01 -2.768701e-01 -6.492016e-01
  outer loop
   vertex 4.438914e+01 1.794548e+01 4.643750e+01
   vertex 4.360338e+01 1.615535e+01 4.805840e+01
   vertex 4.300282e+01 1.769202e+01 4.805840e+01
  endloop
 endfacet
 facet normal -7.409078e-01 -1.739761e-01 -6.486817e-01
  outer loop
   vertex 4.743530e+01 1.174686e+01 4.527562e+01
   vertex 4.545018e+01 9.825023e+00 4.805840e+01
   vertex 4.507303e+01 1.143119e+01 4.805840e+01
  endloop
 endfacet
 facet normal -7.478218e-01 -1.478215e-01 -6.472336e-01
  outer loop
   vertex 4.862375e+01 8.422008e+00 4.471205e+01
   vertex 4.577011e+01 8.206488e+00 4.805840e+01
   vertex 4.545018e+01 9.825023e+00 4.805840e+01
  endloop
 endfacet
 facet normal -7.561082e-01 -9.438665e-02 -6.476044e-01
  outer loop
   vertex 4.973795e+01 5.112415e+00 4.394559e+01
   vertex 4.623680e+01 4.940475e+00 4.805840e+01
   vertex 4.603243e+01 6.577622e+00 4.805840e+01
  endloop
 endfacet
 facet normal -7.583314e-01 -6.744561e-02 -6.483707e-01
  outer loop
   vertex 4.623680e+01 4.940475e+00 4.805840e+01
   vertex 4.973795e+01 5.112415e+00 4.394559e+01
   vertex 4.638296e+01 3.297110e+00 4.805840e+01
  endloop
 endfacet
 facet normal -7.514480e-01 -1.210155e-01 -6.485994e-01
  outer loop
   vertex 4.862375e+01 8.422008e+00 4.471205e+01
   vertex 4.603243e+01 6.577622e+00 4.805840e+01
   vertex 4.577011e+01 8.206488e+00 4.805840e+01
  endloop
 endfacet
 facet normal -7.355399e-01 -2.004975e-01 -6.471335e-01
  outer loop
   vertex 4.743530e+01 1.174686e+01 4.527562e+01
   vertex 4.507303e+01 1.143119e+01 4.805840e+01
   vertex 4.463913e+01 1.302296e+01 4.805840e+01
  endloop
 endfacet
 facet normal -6.889017e-01 -3.272985e-01 -6.467536e-01
  outer loop
   vertex 4.334280e+01 2.191293e+01 4.562924e+01
   vertex 4.234813e+01 1.920641e+01 4.805840e+01
   vertex 4.164012e+01 2.069663e+01 4.805840e+01
  endloop
 endfacet
 facet normal -7.613893e-01 -1.351000e-02 -6.481542e-01
  outer loop
   vertex 4.647073e+01 1.649593e+00 4.805840e+01
   vertex 4.997086e+01 1.706790e+00 4.394559e+01
   vertex 4.650000e+01 3.106262e-15 4.805840e+01
  endloop
 endfacet
 facet normal -7.609761e-01 3.900548e-02 -6.476063e-01
  outer loop
   vertex 4.646229e+01 -1.872366e+00 4.805840e+01
   vertex 4.997086e+01 -1.706790e+00 4.394559e+01
   vertex 4.988348e+01 -3.411591e+00 4.394559e+01
  endloop
 endfacet
 facet normal -7.594055e-01 6.497840e-02 -6.473647e-01
  outer loop
   vertex 4.634922e+01 -3.741695e+00 4.805840e+01
   vertex 4.988348e+01 -3.411591e+00 4.394559e+01
   vertex 4.973795e+01 -5.112415e+00 4.394559e+01
  endloop
 endfacet
 facet normal -7.614990e-01 1.300127e-02 -6.480357e-01
  outer loop
   vertex 4.650000e+01 3.106262e-15 4.805840e+01
   vertex 5.000000e+01 2.999577e-15 4.394559e+01
   vertex 4.997086e+01 -1.706790e+00 4.394559e+01
  endloop
 endfacet
 facet normal -7.483064e-01 1.371331e-01 -6.490239e-01
  outer loop
   vertex 4.862375e+01 -8.422008e+00 4.471205e+01
   vertex 4.556026e+01 -9.301195e+00 4.805840e+01
   vertex 4.589784e+01 -7.459125e+00 4.805840e+01
  endloop
 endfacet
 facet normal -7.431635e-01 1.673734e-01 -6.478381e-01
  outer loop
   vertex 4.743530e+01 -1.174686e+01 4.527562e+01
   vertex 4.514880e+01 -1.112818e+01 4.805840e+01
   vertex 4.556026e+01 -9.301195e+00 4.805840e+01
  endloop
 endfacet
 facet normal -7.265198e-01 2.263929e-01 -6.487798e-01
  outer loop
   vertex 4.614277e+01 -1.515321e+01 4.562924e+01
   vertex 4.410695e+01 -1.472506e+01 4.805840e+01
   vertex 4.466409e+01 -1.293711e+01 4.805840e+01
  endloop
 endfacet
 facet normal -7.182154e-01 2.559620e-01 -6.470317e-01
  outer loop
   vertex 4.614277e+01 -1.515321e+01 4.562924e+01
   vertex 4.347826e+01 -1.648913e+01 4.805840e+01
   vertex 4.410695e+01 -1.472506e+01 4.805840e+01
  endloop
 endfacet
 facet normal -7.355398e-01 1.970876e-01 -6.481803e-01
  outer loop
   vertex 4.743530e+01 -1.174686e+01 4.527562e+01
   vertex 4.466409e+01 -1.293711e+01 4.805840e+01
   vertex 4.514880e+01 -1.112818e+01 4.805840e+01
  endloop
 endfacet
 facet normal -7.555208e-01 1.072149e-01 -6.462920e-01
  outer loop
   vertex 4.862375e+01 -8.422008e+00 4.471205e+01
   vertex 4.589784e+01 -7.459125e+00 4.805840e+01
   vertex 4.616096e+01 -5.604956e+00 4.805840e+01
  endloop
 endfacet
 facet normal -6.963527e-01 3.134037e-01 -6.456555e-01
  outer loop
   vertex 4.477677e+01 -1.854715e+01 4.574815e+01
   vertex 4.201044e+01 -1.993420e+01 4.805840e+01
   vertex 4.277905e+01 -1.822645e+01 4.805840e+01
  endloop
 endfacet
 facet normal -6.699090e-01 3.689894e-01 -6.442583e-01
  outer loop
   vertex 4.334280e+01 -2.191293e+01 4.562924e+01
   vertex 4.027018e+01 -2.325000e+01 4.805840e+01
   vertex 4.117371e+01 -2.160963e+01 4.805840e+01
  endloop
 endfacet
 facet normal -6.506458e-01 3.933288e-01 -6.495787e-01
  outer loop
   vertex 4.184810e+01 -2.523553e+01 4.527562e+01
   vertex 3.930134e+01 -2.485266e+01 4.805840e+01
   vertex 4.027018e+01 -2.325000e+01 4.805840e+01
  endloop
 endfacet
 facet normal -6.800979e-01 3.396541e-01 -6.496937e-01
  outer loop
   vertex 4.334280e+01 -2.191293e+01 4.562924e+01
   vertex 4.117371e+01 -2.160963e+01 4.805840e+01
   vertex 4.201044e+01 -1.993420e+01 4.805840e+01
  endloop
 endfacet
 facet normal -6.172314e-01 4.446578e-01 -6.490800e-01
  outer loop
   vertex 4.030117e+01 -2.850170e+01 4.469621e+01
   vertex 3.717409e+01 -2.793451e+01 4.805840e+01
   vertex 3.826875e+01 -2.641501e+01 4.805840e+01
  endloop
 endfacet
 facet normal -5.994212e-01 4.696159e-01 -6.481937e-01
  outer loop
   vertex 3.878506e+01 -3.155502e+01 4.394559e+01
   vertex 3.601913e+01 -2.940871e+01 4.805840e+01
   vertex 3.717409e+01 -2.793451e+01 4.805840e+01
  endloop
 endfacet
 facet normal -5.602255e-01 5.161035e-01 -6.479079e-01
  outer loop
   vertex 3.480575e+01 -3.083520e+01 4.805840e+01
   vertex 3.746004e+01 -3.311715e+01 4.394559e+01
   vertex 3.607214e+01 -3.462370e+01 4.394559e+01
  endloop
 endfacet
 facet normal -5.385754e-01 5.385754e-01 -6.479761e-01
  outer loop
   vertex 3.353592e+01 -3.221168e+01 4.805840e+01
   vertex 3.607214e+01 -3.462370e+01 4.394559e+01
   vertex 3.462370e+01 -3.607214e+01 4.394559e+01
  endloop
 endfacet
 facet normal -5.809382e-01 4.927599e-01 -6.478414e-01
  outer loop
   vertex 3.601913e+01 -2.940871e+01 4.805840e+01
   vertex 3.878506e+01 -3.155502e+01 4.394559e+01
   vertex 3.746004e+01 -3.311715e+01 4.394559e+01
  endloop
 endfacet
 facet normal -6.367501e-01 4.208413e-01 -6.460975e-01
  outer loop
   vertex 4.030117e+01 -2.850170e+01 4.469621e+01
   vertex 3.826875e+01 -2.641501e+01 4.805840e+01
   vertex 3.930134e+01 -2.485266e+01 4.805840e+01
  endloop
 endfacet
 facet normal -7.054401e-01 2.839152e-01 -6.494201e-01
  outer loop
   vertex 4.477677e+01 -1.854715e+01 4.574815e+01
   vertex 4.277905e+01 -1.822645e+01 4.805840e+01
   vertex 4.347826e+01 -1.648913e+01 4.805840e+01
  endloop
 endfacet
 facet normal -7.603346e-01 -4.050549e-02 -6.482674e-01
  outer loop
   vertex 4.638296e+01 3.297110e+00 4.805840e+01
   vertex 4.988348e+01 3.411591e+00 4.394559e+01
   vertex 4.647073e+01 1.649593e+00 4.805840e+01
  endloop
 endfacet
 facet normal -5.391739e-01 -5.390391e-01 -6.470922e-01
  outer loop
   vertex 3.325966e+01 3.325966e+01 4.742824e+01
   vertex 3.387119e+01 3.473603e+01 4.568886e+01
   vertex 3.598094e+01 3.471847e+01 4.394559e+01
  endloop
 endfacet
 facet normal -6.094022e-01 -4.611483e-01 -6.449583e-01
  outer loop
   vertex 4.030117e+01 2.850170e+01 4.469621e+01
   vertex 3.733390e+01 2.772056e+01 4.805840e+01
   vertex 3.878506e+01 3.155502e+01 4.394559e+01
  endloop
 endfacet
 facet normal -6.411495e-01 -4.178525e-01 -6.436821e-01
  outer loop
   vertex 4.184810e+01 2.523553e+01 4.527562e+01
   vertex 3.920548e+01 2.500361e+01 4.805840e+01
   vertex 4.030117e+01 2.850170e+01 4.469621e+01
  endloop
 endfacet
 facet normal -6.709154e-01 -3.701974e-01 -6.425157e-01
  outer loop
   vertex 4.087970e+01 2.216079e+01 4.805840e+01
   vertex 4.184810e+01 2.523553e+01 4.527562e+01
   vertex 4.334280e+01 2.191293e+01 4.562924e+01
  endloop
 endfacet
 facet normal -6.926947e-01 -3.238311e-01 -6.444435e-01
  outer loop
   vertex 4.234813e+01 1.920641e+01 4.805840e+01
   vertex 4.334280e+01 2.191293e+01 4.562924e+01
   vertex 4.450802e+01 1.919246e+01 4.574380e+01
  endloop
 endfacet
 facet normal -7.089217e-01 -2.763688e-01 -6.488839e-01
  outer loop
   vertex 4.497766e+01 1.806016e+01 4.574568e+01
   vertex 4.360338e+01 1.615535e+01 4.805840e+01
   vertex 4.438914e+01 1.794548e+01 4.643750e+01
  endloop
 endfacet
 facet normal -7.190926e-01 -2.624375e-01 -6.434535e-01
  outer loop
   vertex 4.614277e+01 1.515321e+01 4.562924e+01
   vertex 4.360338e+01 1.615535e+01 4.805840e+01
   vertex 4.497766e+01 1.806016e+01 4.574568e+01
  endloop
 endfacet
 facet normal -7.487473e-01 -1.585433e-01 -6.436160e-01
  outer loop
   vertex 4.743530e+01 1.174686e+01 4.527562e+01
   vertex 4.862375e+01 8.422008e+00 4.471205e+01
   vertex 4.545018e+01 9.825023e+00 4.805840e+01
  endloop
 endfacet
 facet normal -7.034503e-01 -2.931311e-01 -6.474811e-01
  outer loop
   vertex 4.438914e+01 1.794548e+01 4.643750e+01
   vertex 4.300282e+01 1.769202e+01 4.805840e+01
   vertex 4.450802e+01 1.919246e+01 4.574380e+01
  endloop
 endfacet
 facet normal -5.381133e-01 -5.416636e-01 -6.457822e-01
  outer loop
   vertex 3.387119e+01 3.473603e+01 4.568886e+01
   vertex 3.448110e+01 3.620847e+01 4.394559e+01
   vertex 3.598094e+01 3.471847e+01 4.394559e+01
  endloop
 endfacet
 facet normal -5.598404e-01 -5.177934e-01 -6.468916e-01
  outer loop
   vertex 3.741645e+01 3.316639e+01 4.394559e+01
   vertex 3.417737e+01 3.153027e+01 4.805840e+01
   vertex 3.598094e+01 3.471847e+01 4.394559e+01
  endloop
 endfacet
 facet normal -5.480944e-01 -5.273986e-01 -6.491866e-01
  outer loop
   vertex 3.598094e+01 3.471847e+01 4.394559e+01
   vertex 3.417737e+01 3.153027e+01 4.805840e+01
   vertex 3.325966e+01 3.325966e+01 4.742824e+01
  endloop
 endfacet
 facet normal -7.572023e-01 -1.056402e-01 -6.445811e-01
  outer loop
   vertex 4.973795e+01 5.112415e+00 4.394559e+01
   vertex 4.603243e+01 6.577622e+00 4.805840e+01
   vertex 4.862375e+01 8.422008e+00 4.471205e+01
  endloop
 endfacet
 facet normal -7.363262e-01 -2.127167e-01 -6.423203e-01
  outer loop
   vertex 4.614277e+01 1.515321e+01 4.562924e+01
   vertex 4.743530e+01 1.174686e+01 4.527562e+01
   vertex 4.463913e+01 1.302296e+01 4.805840e+01
  endloop
 endfacet
 facet normal -6.699001e-01 3.698731e-01 -6.437606e-01
  outer loop
   vertex 4.184810e+01 -2.523553e+01 4.527562e+01
   vertex 4.027018e+01 -2.325000e+01 4.805840e+01
   vertex 4.334280e+01 -2.191293e+01 4.562924e+01
  endloop
 endfacet
 facet normal -7.189269e-01 2.668678e-01 -6.418144e-01
  outer loop
   vertex 4.477677e+01 -1.854715e+01 4.574815e+01
   vertex 4.347826e+01 -1.648913e+01 4.805840e+01
   vertex 4.614277e+01 -1.515321e+01 4.562924e+01
  endloop
 endfacet
 facet normal -6.966441e-01 3.194944e-01 -6.423475e-01
  outer loop
   vertex 4.334280e+01 -2.191293e+01 4.562924e+01
   vertex 4.201044e+01 -1.993420e+01 4.805840e+01
   vertex 4.477677e+01 -1.854715e+01 4.574815e+01
  endloop
 endfacet
 facet normal -4.934107e-01 5.800699e-01 -6.481241e-01
  outer loop
   vertex 3.083520e+01 -3.480575e+01 4.805840e+01
   vertex 3.311715e+01 -3.746004e+01 4.394559e+01
   vertex 2.940871e+01 -3.601913e+01 4.805840e+01
  endloop
 endfacet
 facet normal -7.363461e-01 2.127270e-01 -6.422940e-01
  outer loop
   vertex 4.614277e+01 -1.515321e+01 4.562924e+01
   vertex 4.466409e+01 -1.293711e+01 4.805840e+01
   vertex 4.743530e+01 -1.174686e+01 4.527562e+01
  endloop
 endfacet
 facet normal -4.446578e-01 6.172314e-01 -6.490800e-01
  outer loop
   vertex 2.641501e+01 -3.826875e+01 4.805840e+01
   vertex 2.793451e+01 -3.717409e+01 4.805840e+01
   vertex 2.850170e+01 -4.030117e+01 4.469621e+01
  endloop
 endfacet
 facet normal -4.208413e-01 6.367501e-01 -6.460975e-01
  outer loop
   vertex 2.485266e+01 -3.930134e+01 4.805840e+01
   vertex 2.641501e+01 -3.826875e+01 4.805840e+01
   vertex 2.850170e+01 -4.030117e+01 4.469621e+01
  endloop
 endfacet
 facet normal -3.698731e-01 6.699001e-01 -6.437606e-01
  outer loop
   vertex 2.325000e+01 -4.027018e+01 4.805840e+01
   vertex 2.523553e+01 -4.184810e+01 4.527562e+01
   vertex 2.191293e+01 -4.334280e+01 4.562924e+01
  endloop
 endfacet
 facet normal -3.933288e-01 6.506458e-01 -6.495787e-01
  outer loop
   vertex 2.485266e+01 -3.930134e+01 4.805840e+01
   vertex 2.523553e+01 -4.184810e+01 4.527562e+01
   vertex 2.325000e+01 -4.027018e+01 4.805840e+01
  endloop
 endfacet
 facet normal -3.689894e-01 6.699090e-01 -6.442583e-01
  outer loop
   vertex 2.160963e+01 -4.117371e+01 4.805840e+01
   vertex 2.325000e+01 -4.027018e+01 4.805840e+01
   vertex 2.191293e+01 -4.334280e+01 4.562924e+01
  endloop
 endfacet
 facet normal -4.696159e-01 5.994212e-01 -6.481937e-01
  outer loop
   vertex 3.155502e+01 -3.878506e+01 4.394559e+01
   vertex 2.793451e+01 -3.717409e+01 4.805840e+01
   vertex 2.940871e+01 -3.601913e+01 4.805840e+01
  endloop
 endfacet
 facet normal -4.177797e-01 6.408760e-01 -6.440016e-01
  outer loop
   vertex 2.850170e+01 -4.030117e+01 4.469621e+01
   vertex 2.523553e+01 -4.184810e+01 4.527562e+01
   vertex 2.485266e+01 -3.930134e+01 4.805840e+01
  endloop
 endfacet
 facet normal -6.095846e-01 4.611892e-01 -6.447566e-01
  outer loop
   vertex 4.030117e+01 -2.850170e+01 4.469621e+01
   vertex 3.878506e+01 -3.155502e+01 4.394559e+01
   vertex 3.717409e+01 -2.793451e+01 4.805840e+01
  endloop
 endfacet
 facet normal -6.408760e-01 4.177797e-01 -6.440016e-01
  outer loop
   vertex 3.930134e+01 -2.485266e+01 4.805840e+01
   vertex 4.184810e+01 -2.523553e+01 4.527562e+01
   vertex 4.030117e+01 -2.850170e+01 4.469621e+01
  endloop
 endfacet
 facet normal -7.565647e-01 1.052370e-01 -6.453952e-01
  outer loop
   vertex 4.862375e+01 -8.422008e+00 4.471205e+01
   vertex 4.616096e+01 -5.604956e+00 4.805840e+01
   vertex 4.973795e+01 -5.112415e+00 4.394559e+01
  endloop
 endfacet
 facet normal -5.161035e-01 5.602255e-01 -6.479079e-01
  outer loop
   vertex 3.311715e+01 -3.746004e+01 4.394559e+01
   vertex 3.083520e+01 -3.480575e+01 4.805840e+01
   vertex 3.462370e+01 -3.607214e+01 4.394559e+01
  endloop
 endfacet
 facet normal -4.611892e-01 6.095846e-01 -6.447566e-01
  outer loop
   vertex 3.155502e+01 -3.878506e+01 4.394559e+01
   vertex 2.850170e+01 -4.030117e+01 4.469621e+01
   vertex 2.793451e+01 -3.717409e+01 4.805840e+01
  endloop
 endfacet
 facet normal -7.486572e-01 1.584911e-01 -6.437336e-01
  outer loop
   vertex 4.556026e+01 -9.301195e+00 4.805840e+01
   vertex 4.862375e+01 -8.422008e+00 4.471205e+01
   vertex 4.743530e+01 -1.174686e+01 4.527562e+01
  endloop
 endfacet
 facet normal -3.134037e-01 6.963527e-01 -6.456555e-01
  outer loop
   vertex 1.854715e+01 -4.477677e+01 4.574815e+01
   vertex 1.822645e+01 -4.277905e+01 4.805840e+01
   vertex 1.993420e+01 -4.201044e+01 4.805840e+01
  endloop
 endfacet
 facet normal -2.559620e-01 7.182154e-01 -6.470317e-01
  outer loop
   vertex 1.515321e+01 -4.614277e+01 4.562924e+01
   vertex 1.472506e+01 -4.410695e+01 4.805840e+01
   vertex 1.648913e+01 -4.347826e+01 4.805840e+01
  endloop
 endfacet
 facet normal -2.263929e-01 7.265198e-01 -6.487798e-01
  outer loop
   vertex 1.515321e+01 -4.614277e+01 4.562924e+01
   vertex 1.293711e+01 -4.466409e+01 4.805840e+01
   vertex 1.472506e+01 -4.410695e+01 4.805840e+01
  endloop
 endfacet
 facet normal -2.839152e-01 7.054401e-01 -6.494201e-01
  outer loop
   vertex 1.854715e+01 -4.477677e+01 4.574815e+01
   vertex 1.648913e+01 -4.347826e+01 4.805840e+01
   vertex 1.822645e+01 -4.277905e+01 4.805840e+01
  endloop
 endfacet
 facet normal -1.673734e-01 7.431635e-01 -6.478381e-01
  outer loop
   vertex 1.174686e+01 -4.743530e+01 4.527562e+01
   vertex 9.301195e+00 -4.556026e+01 4.805840e+01
   vertex 1.112818e+01 -4.514880e+01 4.805840e+01
  endloop
 endfacet
 facet normal -1.371331e-01 7.483064e-01 -6.490239e-01
  outer loop
   vertex 8.422008e+00 -4.862375e+01 4.471205e+01
   vertex 7.459125e+00 -4.589784e+01 4.805840e+01
   vertex 9.301195e+00 -4.556026e+01 4.805840e+01
  endloop
 endfacet
 facet normal -7.646923e-02 7.568556e-01 -6.490933e-01
  outer loop
   vertex 5.604956e+00 -4.616096e+01 4.805840e+01
   vertex 5.112415e+00 -4.973795e+01 4.394559e+01
   vertex 3.741695e+00 -4.634922e+01 4.805840e+01
  endloop
 endfacet
 facet normal -4.593771e-02 7.594552e-01 -6.489356e-01
  outer loop
   vertex 3.741695e+00 -4.634922e+01 4.805840e+01
   vertex 3.411591e+00 -4.988348e+01 4.394559e+01
   vertex 1.872366e+00 -4.646229e+01 4.805840e+01
  endloop
 endfacet
 facet normal -1.072149e-01 7.555208e-01 -6.462920e-01
  outer loop
   vertex 8.422008e+00 -4.862375e+01 4.471205e+01
   vertex 5.604956e+00 -4.616096e+01 4.805840e+01
   vertex 7.459125e+00 -4.589784e+01 4.805840e+01
  endloop
 endfacet
 facet normal -1.970876e-01 7.355398e-01 -6.481803e-01
  outer loop
   vertex 1.174686e+01 -4.743530e+01 4.527562e+01
   vertex 1.112818e+01 -4.514880e+01 4.805840e+01
   vertex 1.293711e+01 -4.466409e+01 4.805840e+01
  endloop
 endfacet
 facet normal 1.300127e-02 7.614990e-01 -6.480357e-01
  outer loop
   vertex 1.536285e-31 -4.650000e+01 4.805840e+01
   vertex -8.881784e-15 -5.000000e+01 4.394559e+01
   vertex -1.706790e+00 -4.997086e+01 4.394559e+01
  endloop
 endfacet
 facet normal 6.497840e-02 7.594055e-01 -6.473647e-01
  outer loop
   vertex -3.741695e+00 -4.634922e+01 4.805840e+01
   vertex -3.411591e+00 -4.988348e+01 4.394559e+01
   vertex -5.112415e+00 -4.973795e+01 4.394559e+01
  endloop
 endfacet
 facet normal 1.072149e-01 7.555208e-01 -6.462920e-01
  outer loop
   vertex -8.422008e+00 -4.862375e+01 4.471205e+01
   vertex -7.459125e+00 -4.589784e+01 4.805840e+01
   vertex -5.604956e+00 -4.616096e+01 4.805840e+01
  endloop
 endfacet
 facet normal 3.900548e-02 7.609761e-01 -6.476063e-01
  outer loop
   vertex -1.872366e+00 -4.646229e+01 4.805840e+01
   vertex -1.706790e+00 -4.997086e+01 4.394559e+01
   vertex -3.411591e+00 -4.988348e+01 4.394559e+01
  endloop
 endfacet
 facet normal 1.673734e-01 7.431635e-01 -6.478381e-01
  outer loop
   vertex -1.174686e+01 -4.743530e+01 4.527562e+01
   vertex -1.112818e+01 -4.514880e+01 4.805840e+01
   vertex -9.301195e+00 -4.556026e+01 4.805840e+01
  endloop
 endfacet
 facet normal 1.970876e-01 7.355398e-01 -6.481803e-01
  outer loop
   vertex -1.174686e+01 -4.743530e+01 4.527562e+01
   vertex -1.293711e+01 -4.466409e+01 4.805840e+01
   vertex -1.112818e+01 -4.514880e+01 4.805840e+01
  endloop
 endfacet
 facet normal 2.559620e-01 7.182154e-01 -6.470317e-01
  outer loop
   vertex -1.515321e+01 -4.614277e+01 4.562924e+01
   vertex -1.648913e+01 -4.347826e+01 4.805840e+01
   vertex -1.472506e+01 -4.410695e+01 4.805840e+01
  endloop
 endfacet
 facet normal 2.839152e-01 7.054401e-01 -6.494201e-01
  outer loop
   vertex -1.854715e+01 -4.477677e+01 4.574815e+01
   vertex -1.822645e+01 -4.277905e+01 4.805840e+01
   vertex -1.648913e+01 -4.347826e+01 4.805840e+01
  endloop
 endfacet
 facet normal 2.263929e-01 7.265198e-01 -6.487798e-01
  outer loop
   vertex -1.515321e+01 -4.614277e+01 4.562924e+01
   vertex -1.472506e+01 -4.410695e+01 4.805840e+01
   vertex -1.293711e+01 -4.466409e+01 4.805840e+01
  endloop
 endfacet
 facet normal 1.371331e-01 7.483064e-01 -6.490239e-01
  outer loop
   vertex -8.422008e+00 -4.862375e+01 4.471205e+01
   vertex -9.301195e+00 -4.556026e+01 4.805840e+01
   vertex -7.459125e+00 -4.589784e+01 4.805840e+01
  endloop
 endfacet
 facet normal -1.532752e-02 7.609955e-01 -6.485761e-01
  outer loop
   vertex 1.872366e+00 -4.646229e+01 4.805840e+01
   vertex 1.706790e+00 -4.997086e+01 4.394559e+01
   vertex 1.536285e-31 -4.650000e+01 4.805840e+01
  endloop
 endfacet
 facet normal 3.396541e-01 6.800979e-01 -6.496937e-01
  outer loop
   vertex -2.191293e+01 -4.334280e+01 4.562924e+01
   vertex -2.160963e+01 -4.117371e+01 4.805840e+01
   vertex -1.993420e+01 -4.201044e+01 4.805840e+01
  endloop
 endfacet
 facet normal 3.933288e-01 6.506458e-01 -6.495787e-01
  outer loop
   vertex -2.523553e+01 -4.184810e+01 4.527562e+01
   vertex -2.485266e+01 -3.930134e+01 4.805840e+01
   vertex -2.325000e+01 -4.027018e+01 4.805840e+01
  endloop
 endfacet
 facet normal 4.208413e-01 6.367501e-01 -6.460975e-01
  outer loop
   vertex -2.850170e+01 -4.030117e+01 4.469621e+01
   vertex -2.641501e+01 -3.826875e+01 4.805840e+01
   vertex -2.485266e+01 -3.930134e+01 4.805840e+01
  endloop
 endfacet
 facet normal 3.689894e-01 6.699090e-01 -6.442583e-01
  outer loop
   vertex -2.191293e+01 -4.334280e+01 4.562924e+01
   vertex -2.325000e+01 -4.027018e+01 4.805840e+01
   vertex -2.160963e+01 -4.117371e+01 4.805840e+01
  endloop
 endfacet
 facet normal 4.696159e-01 5.994212e-01 -6.481937e-01
  outer loop
   vertex -3.155502e+01 -3.878506e+01 4.394559e+01
   vertex -2.940871e+01 -3.601913e+01 4.805840e+01
   vertex -2.793451e+01 -3.717409e+01 4.805840e+01
  endloop
 endfacet
 facet normal 4.927599e-01 5.809382e-01 -6.478414e-01
  outer loop
   vertex -2.940871e+01 -3.601913e+01 4.805840e+01
   vertex -3.155502e+01 -3.878506e+01 4.394559e+01
   vertex -3.311715e+01 -3.746004e+01 4.394559e+01
  endloop
 endfacet
 facet normal 5.385754e-01 5.385754e-01 -6.479761e-01
  outer loop
   vertex -3.221168e+01 -3.353592e+01 4.805840e+01
   vertex -3.462370e+01 -3.607214e+01 4.394559e+01
   vertex -3.607214e+01 -3.462370e+01 4.394559e+01
  endloop
 endfacet
 facet normal 5.597785e-01 5.164085e-01 -6.480512e-01
  outer loop
   vertex -3.353592e+01 -3.221168e+01 4.805840e+01
   vertex -3.607214e+01 -3.462370e+01 4.394559e+01
   vertex -3.480575e+01 -3.083520e+01 4.805840e+01
  endloop
 endfacet
 facet normal 5.161035e-01 5.602255e-01 -6.479079e-01
  outer loop
   vertex -3.083520e+01 -3.480575e+01 4.805840e+01
   vertex -3.311715e+01 -3.746004e+01 4.394559e+01
   vertex -3.462370e+01 -3.607214e+01 4.394559e+01
  endloop
 endfacet
 facet normal 4.446578e-01 6.172314e-01 -6.490800e-01
  outer loop
   vertex -2.850170e+01 -4.030117e+01 4.469621e+01
   vertex -2.793451e+01 -3.717409e+01 4.805840e+01
   vertex -2.641501e+01 -3.826875e+01 4.805840e+01
  endloop
 endfacet
 facet normal 5.994212e-01 4.696159e-01 -6.481937e-01
  outer loop
   vertex -3.878506e+01 -3.155502e+01 4.394559e+01
   vertex -3.717409e+01 -2.793451e+01 4.805840e+01
   vertex -3.601913e+01 -2.940871e+01 4.805840e+01
  endloop
 endfacet
 facet normal 6.367501e-01 4.208413e-01 -6.460975e-01
  outer loop
   vertex -4.030117e+01 -2.850170e+01 4.469621e+01
   vertex -3.930134e+01 -2.485266e+01 4.805840e+01
   vertex -3.826875e+01 -2.641501e+01 4.805840e+01
  endloop
 endfacet
 facet normal 6.506458e-01 3.933288e-01 -6.495787e-01
  outer loop
   vertex -4.184810e+01 -2.523553e+01 4.527562e+01
   vertex -4.027018e+01 -2.325000e+01 4.805840e+01
   vertex -3.930134e+01 -2.485266e+01 4.805840e+01
  endloop
 endfacet
 facet normal 6.172314e-01 4.446578e-01 -6.490800e-01
  outer loop
   vertex -4.030117e+01 -2.850170e+01 4.469621e+01
   vertex -3.826875e+01 -2.641501e+01 4.805840e+01
   vertex -3.717409e+01 -2.793451e+01 4.805840e+01
  endloop
 endfacet
 facet normal 6.800979e-01 3.396541e-01 -6.496937e-01
  outer loop
   vertex -4.334280e+01 -2.191293e+01 4.562924e+01
   vertex -4.201044e+01 -1.993420e+01 4.805840e+01
   vertex -4.117371e+01 -2.160963e+01 4.805840e+01
  endloop
 endfacet
 facet normal 6.963527e-01 3.134037e-01 -6.456555e-01
  outer loop
   vertex -4.477677e+01 -1.854715e+01 4.574815e+01
   vertex -4.277905e+01 -1.822645e+01 4.805840e+01
   vertex -4.201044e+01 -1.993420e+01 4.805840e+01
  endloop
 endfacet
 facet normal 7.182154e-01 2.559620e-01 -6.470317e-01
  outer loop
   vertex -4.614277e+01 -1.515321e+01 4.562924e+01
   vertex -4.410695e+01 -1.472506e+01 4.805840e+01
   vertex -4.347826e+01 -1.648913e+01 4.805840e+01
  endloop
 endfacet
 facet normal 7.265198e-01 2.263929e-01 -6.487798e-01
  outer loop
   vertex -4.614277e+01 -1.515321e+01 4.562924e+01
   vertex -4.466409e+01 -1.293711e+01 4.805840e+01
   vertex -4.410695e+01 -1.472506e+01 4.805840e+01
  endloop
 endfacet
 facet normal 7.054401e-01 2.839152e-01 -6.494201e-01
  outer loop
   vertex -4.477677e+01 -1.854715e+01 4.574815e+01
   vertex -4.347826e+01 -1.648913e+01 4.805840e+01
   vertex -4.277905e+01 -1.822645e+01 4.805840e+01
  endloop
 endfacet
 facet normal 6.699090e-01 3.689894e-01 -6.442583e-01
  outer loop
   vertex -4.334280e+01 -2.191293e+01 4.562924e+01
   vertex -4.117371e+01 -2.160963e+01 4.805840e+01
   vertex -4.027018e+01 -2.325000e+01 4.805840e+01
  endloop
 endfacet
 facet normal 5.800699e-01 4.934107e-01 -6.481241e-01
  outer loop
   vertex -3.480575e+01 -3.083520e+01 4.805840e+01
   vertex -3.746004e+01 -3.311715e+01 4.394559e+01
   vertex -3.601913e+01 -2.940871e+01 4.805840e+01
  endloop
 endfacet
 facet normal 3.134037e-01 6.963527e-01 -6.456555e-01
  outer loop
   vertex -1.854715e+01 -4.477677e+01 4.574815e+01
   vertex -1.993420e+01 -4.201044e+01 4.805840e+01
   vertex -1.822645e+01 -4.277905e+01 4.805840e+01
  endloop
 endfacet
 facet normal -2.668678e-01 7.189269e-01 -6.418144e-01
  outer loop
   vertex 1.515321e+01 -4.614277e+01 4.562924e+01
   vertex 1.648913e+01 -4.347826e+01 4.805840e+01
   vertex 1.854715e+01 -4.477677e+01 4.574815e+01
  endloop
 endfacet
 facet normal -1.584911e-01 7.486572e-01 -6.437336e-01
  outer loop
   vertex 8.422008e+00 -4.862375e+01 4.471205e+01
   vertex 9.301195e+00 -4.556026e+01 4.805840e+01
   vertex 1.174686e+01 -4.743530e+01 4.527562e+01
  endloop
 endfacet
 facet normal -2.127270e-01 7.363461e-01 -6.422940e-01
  outer loop
   vertex 1.515321e+01 -4.614277e+01 4.562924e+01
   vertex 1.174686e+01 -4.743530e+01 4.527562e+01
   vertex 1.293711e+01 -4.466409e+01 4.805840e+01
  endloop
 endfacet
 facet normal -3.194944e-01 6.966441e-01 -6.423475e-01
  outer loop
   vertex 1.993420e+01 -4.201044e+01 4.805840e+01
   vertex 2.191293e+01 -4.334280e+01 4.562924e+01
   vertex 1.854715e+01 -4.477677e+01 4.574815e+01
  endloop
 endfacet
 facet normal 2.127270e-01 7.363461e-01 -6.422940e-01
  outer loop
   vertex -1.293711e+01 -4.466409e+01 4.805840e+01
   vertex -1.174686e+01 -4.743530e+01 4.527562e+01
   vertex -1.515321e+01 -4.614277e+01 4.562924e+01
  endloop
 endfacet
 facet normal 3.194944e-01 6.966441e-01 -6.423475e-01
  outer loop
   vertex -2.191293e+01 -4.334280e+01 4.562924e+01
   vertex -1.993420e+01 -4.201044e+01 4.805840e+01
   vertex -1.854715e+01 -4.477677e+01 4.574815e+01
  endloop
 endfacet
 facet normal 1.052370e-01 7.565647e-01 -6.453952e-01
  outer loop
   vertex -5.112415e+00 -4.973795e+01 4.394559e+01
   vertex -8.422008e+00 -4.862375e+01 4.471205e+01
   vertex -5.604956e+00 -4.616096e+01 4.805840e+01
  endloop
 endfacet
 facet normal 3.698731e-01 6.699001e-01 -6.437606e-01
  outer loop
   vertex -2.191293e+01 -4.334280e+01 4.562924e+01
   vertex -2.523553e+01 -4.184810e+01 4.527562e+01
   vertex -2.325000e+01 -4.027018e+01 4.805840e+01
  endloop
 endfacet
 facet normal 1.584911e-01 7.486572e-01 -6.437336e-01
  outer loop
   vertex -1.174686e+01 -4.743530e+01 4.527562e+01
   vertex -9.301195e+00 -4.556026e+01 4.805840e+01
   vertex -8.422008e+00 -4.862375e+01 4.471205e+01
  endloop
 endfacet
 facet normal 2.668678e-01 7.189269e-01 -6.418144e-01
  outer loop
   vertex -1.648913e+01 -4.347826e+01 4.805840e+01
   vertex -1.515321e+01 -4.614277e+01 4.562924e+01
   vertex -1.854715e+01 -4.477677e+01 4.574815e+01
  endloop
 endfacet
 facet normal -1.052370e-01 7.565647e-01 -6.453952e-01
  outer loop
   vertex 5.112415e+00 -4.973795e+01 4.394559e+01
   vertex 5.604956e+00 -4.616096e+01 4.805840e+01
   vertex 8.422008e+00 -4.862375e+01 4.471205e+01
  endloop
 endfacet
 facet normal 4.611892e-01 6.095846e-01 -6.447566e-01
  outer loop
   vertex -2.793451e+01 -3.717409e+01 4.805840e+01
   vertex -2.850170e+01 -4.030117e+01 4.469621e+01
   vertex -3.155502e+01 -3.878506e+01 4.394559e+01
  endloop
 endfacet
 facet normal 4.177797e-01 6.408760e-01 -6.440016e-01
  outer loop
   vertex -2.850170e+01 -4.030117e+01 4.469621e+01
   vertex -2.485266e+01 -3.930134e+01 4.805840e+01
   vertex -2.523553e+01 -4.184810e+01 4.527562e+01
  endloop
 endfacet
 facet normal 7.363461e-01 2.127270e-01 -6.422940e-01
  outer loop
   vertex -4.614277e+01 -1.515321e+01 4.562924e+01
   vertex -4.743530e+01 -1.174686e+01 4.527562e+01
   vertex -4.466409e+01 -1.293711e+01 4.805840e+01
  endloop
 endfacet
 facet normal 6.966441e-01 3.194944e-01 -6.423475e-01
  outer loop
   vertex -4.477677e+01 -1.854715e+01 4.574815e+01
   vertex -4.201044e+01 -1.993420e+01 4.805840e+01
   vertex -4.334280e+01 -2.191293e+01 4.562924e+01
  endloop
 endfacet
 facet normal 7.189269e-01 2.668678e-01 -6.418144e-01
  outer loop
   vertex -4.614277e+01 -1.515321e+01 4.562924e+01
   vertex -4.347826e+01 -1.648913e+01 4.805840e+01
   vertex -4.477677e+01 -1.854715e+01 4.574815e+01
  endloop
 endfacet
 facet normal 7.431635e-01 1.673734e-01 -6.478381e-01
  outer loop
   vertex -4.556026e+01 -9.301195e+00 4.805840e+01
   vertex -4.514880e+01 -1.112818e+01 4.805840e+01
   vertex -4.743530e+01 -1.174686e+01 4.527562e+01
  endloop
 endfacet
 facet normal 6.699001e-01 3.698731e-01 -6.437606e-01
  outer loop
   vertex -4.027018e+01 -2.325000e+01 4.805840e+01
   vertex -4.184810e+01 -2.523553e+01 4.527562e+01
   vertex -4.334280e+01 -2.191293e+01 4.562924e+01
  endloop
 endfacet
 facet normal 7.555208e-01 1.072149e-01 -6.462920e-01
  outer loop
   vertex -4.616096e+01 -5.604956e+00 4.805840e+01
   vertex -4.589784e+01 -7.459125e+00 4.805840e+01
   vertex -4.862375e+01 -8.422008e+00 4.471205e+01
  endloop
 endfacet
 facet normal 7.568556e-01 7.646923e-02 -6.490933e-01
  outer loop
   vertex -4.616096e+01 -5.604956e+00 4.805840e+01
   vertex -4.973795e+01 -5.112415e+00 4.394559e+01
   vertex -4.634922e+01 -3.741695e+00 4.805840e+01
  endloop
 endfacet
 facet normal 7.614738e-01 1.533716e-02 -6.480142e-01
  outer loop
   vertex -4.825000e+01 2.954460e-15 4.600200e+01
   vertex -4.650000e+01 2.847304e-15 4.805840e+01
   vertex -4.646229e+01 -1.872366e+00 4.805840e+01
  endloop
 endfacet
 facet normal 7.594552e-01 4.593771e-02 -6.489356e-01
  outer loop
   vertex -4.634922e+01 -3.741695e+00 4.805840e+01
   vertex -4.988348e+01 -3.411591e+00 4.394559e+01
   vertex -4.646229e+01 -1.872366e+00 4.805840e+01
  endloop
 endfacet
 facet normal 7.483064e-01 1.371331e-01 -6.490239e-01
  outer loop
   vertex -4.589784e+01 -7.459125e+00 4.805840e+01
   vertex -4.556026e+01 -9.301195e+00 4.805840e+01
   vertex -4.862375e+01 -8.422008e+00 4.471205e+01
  endloop
 endfacet
 facet normal 7.609858e-01 1.421393e-02 -6.486128e-01
  outer loop
   vertex -4.825000e+01 2.954460e-15 4.600200e+01
   vertex -4.646229e+01 -1.872366e+00 4.805840e+01
   vertex -4.997086e+01 -1.706790e+00 4.394559e+01
  endloop
 endfacet
 facet normal 6.095846e-01 4.611892e-01 -6.447566e-01
  outer loop
   vertex -3.878506e+01 -3.155502e+01 4.394559e+01
   vertex -4.030117e+01 -2.850170e+01 4.469621e+01
   vertex -3.717409e+01 -2.793451e+01 4.805840e+01
  endloop
 endfacet
 facet normal 7.486572e-01 1.584911e-01 -6.437336e-01
  outer loop
   vertex -4.862375e+01 -8.422008e+00 4.471205e+01
   vertex -4.556026e+01 -9.301195e+00 4.805840e+01
   vertex -4.743530e+01 -1.174686e+01 4.527562e+01
  endloop
 endfacet
 facet normal 7.565647e-01 1.052370e-01 -6.453952e-01
  outer loop
   vertex -4.973795e+01 -5.112415e+00 4.394559e+01
   vertex -4.616096e+01 -5.604956e+00 4.805840e+01
   vertex -4.862375e+01 -8.422008e+00 4.471205e+01
  endloop
 endfacet
 facet normal 7.614990e-01 1.300127e-02 -6.480357e-01
  outer loop
   vertex -4.825000e+01 2.954460e-15 4.600200e+01
   vertex -4.997086e+01 -1.706790e+00 4.394559e+01
   vertex -5.000000e+01 3.061617e-15 4.394559e+01
  endloop
 endfacet
 facet normal 6.408760e-01 4.177797e-01 -6.440016e-01
  outer loop
   vertex -3.930134e+01 -2.485266e+01 4.805840e+01
   vertex -4.030117e+01 -2.850170e+01 4.469621e+01
   vertex -4.184810e+01 -2.523553e+01 4.527562e+01
  endloop
 endfacet
 facet normal 7.355398e-01 1.970876e-01 -6.481803e-01
  outer loop
   vertex -4.466409e+01 -1.293711e+01 4.805840e+01
   vertex -4.743530e+01 -1.174686e+01 4.527562e+01
   vertex -4.514880e+01 -1.112818e+01 4.805840e+01
  endloop
 endfacet
 facet normal -3.396541e-01 6.800979e-01 -6.496937e-01
  outer loop
   vertex 2.160963e+01 -4.117371e+01 4.805840e+01
   vertex 2.191293e+01 -4.334280e+01 4.562924e+01
   vertex 1.993420e+01 -4.201044e+01 4.805840e+01
  endloop
 endfacet
 facet normal 2.517403e-01 -7.149885e-01 -6.522409e-01
  outer loop
   vertex -1.590987e+01 4.428936e+01 4.740000e+01
   vertex -1.467020e+01 4.412522e+01 4.805840e+01
   vertex -1.621104e+01 4.358271e+01 4.805840e+01
  endloop
 endfacet
 facet normal 2.495749e-01 -7.186239e-01 -6.490702e-01
  outer loop
   vertex -1.467020e+01 4.412522e+01 4.805840e+01
   vertex -1.590987e+01 4.428936e+01 4.740000e+01
   vertex -1.592959e+01 4.505980e+01 4.653943e+01
  endloop
 endfacet
 facet normal 2.445799e-01 -7.221250e-01 -6.470828e-01
  outer loop
   vertex -1.479213e+01 4.592663e+01 4.600200e+01
   vertex -1.467020e+01 4.412522e+01 4.805840e+01
   vertex -1.592959e+01 4.505980e+01 4.653943e+01
  endloop
 endfacet
 facet normal 2.272311e-01 -7.258094e-01 -6.492817e-01
  outer loop
   vertex -1.311125e+01 4.461329e+01 4.805840e+01
   vertex -1.467020e+01 4.412522e+01 4.805840e+01
   vertex -1.479213e+01 4.592663e+01 4.600200e+01
  endloop
 endfacet
 facet normal 1.757578e-01 -7.401642e-01 -6.490502e-01
  outer loop
   vertex -9.946756e+00 4.542369e+01 4.805840e+01
   vertex -1.153612e+01 4.504629e+01 4.805840e+01
   vertex -1.065030e+01 4.705989e+01 4.600200e+01
  endloop
 endfacet
 facet normal 2.029982e-01 -7.419129e-01 -6.390282e-01
  outer loop
   vertex -1.065030e+01 4.705989e+01 4.600200e+01
   vertex -1.153612e+01 4.504629e+01 4.805840e+01
   vertex -1.479213e+01 4.592663e+01 4.600200e+01
  endloop
 endfacet
 facet normal 1.517664e-01 -7.475067e-01 -6.466843e-01
  outer loop
   vertex -9.946756e+00 4.542369e+01 4.805840e+01
   vertex -1.065030e+01 4.705989e+01 4.600200e+01
   vertex -8.545668e+00 4.748720e+01 4.600200e+01
  endloop
 endfacet
 facet normal 2.426328e-01 -7.186190e-01 -6.517024e-01
  outer loop
   vertex -1.515321e+01 4.614277e+01 4.562924e+01
   vertex -1.479213e+01 4.592663e+01 4.600200e+01
   vertex -1.594887e+01 4.582962e+01 4.567830e+01
  endloop
 endfacet
 facet normal 2.422240e-01 -7.206200e-01 -6.496417e-01
  outer loop
   vertex -1.592959e+01 4.505980e+01 4.653943e+01
   vertex -1.594887e+01 4.582962e+01 4.567830e+01
   vertex -1.479213e+01 4.592663e+01 4.600200e+01
  endloop
 endfacet
 facet normal 2.259277e-01 -7.316941e-01 -6.431022e-01
  outer loop
   vertex -1.479213e+01 4.592663e+01 4.600200e+01
   vertex -1.515321e+01 4.614277e+01 4.562924e+01
   vertex -1.345061e+01 4.679847e+01 4.548134e+01
  endloop
 endfacet
 facet normal 1.507009e-01 -7.422587e-01 -6.529482e-01
  outer loop
   vertex -1.008240e+01 4.803910e+01 4.501992e+01
   vertex -8.545668e+00 4.748720e+01 4.600200e+01
   vertex -1.065030e+01 4.705989e+01 4.600200e+01
  endloop
 endfacet
 facet normal 1.714749e-01 -7.454549e-01 -6.441222e-01
  outer loop
   vertex -1.065030e+01 4.705989e+01 4.600200e+01
   vertex -1.174686e+01 4.743530e+01 4.527562e+01
   vertex -1.008240e+01 4.803910e+01 4.501992e+01
  endloop
 endfacet
 facet normal 1.439834e-01 -7.492970e-01 -6.463922e-01
  outer loop
   vertex -8.545668e+00 4.748720e+01 4.600200e+01
   vertex -1.008240e+01 4.803910e+01 4.501992e+01
   vertex -8.422008e+00 4.862375e+01 4.471205e+01
  endloop
 endfacet
 facet normal 1.179039e-01 -7.506551e-01 -6.500889e-01
  outer loop
   vertex -6.424108e+00 4.782043e+01 4.600200e+01
   vertex -8.545668e+00 4.748720e+01 4.600200e+01
   vertex -8.422008e+00 4.862375e+01 4.471205e+01
  endloop
 endfacet
 facet normal 1.927619e-01 -7.045018e-01 -6.830228e-01
  outer loop
   vertex -1.345061e+01 4.679847e+01 4.548134e+01
   vertex -1.065030e+01 4.705989e+01 4.600200e+01
   vertex -1.479213e+01 4.592663e+01 4.600200e+01
  endloop
 endfacet
 facet normal 1.907915e-01 -7.244315e-01 -6.624180e-01
  outer loop
   vertex -1.174686e+01 4.743530e+01 4.527562e+01
   vertex -1.065030e+01 4.705989e+01 4.600200e+01
   vertex -1.345061e+01 4.679847e+01 4.548134e+01
  endloop
 endfacet
 facet normal 1.234446e-01 -7.511925e-01 -6.484375e-01
  outer loop
   vertex -8.345115e+00 4.574504e+01 4.805840e+01
   vertex -8.545668e+00 4.748720e+01 4.600200e+01
   vertex -6.733174e+00 4.600994e+01 4.805840e+01
  endloop
 endfacet
 facet normal 9.687284e-02 -7.542049e-01 -6.494541e-01
  outer loop
   vertex -6.424108e+00 4.782043e+01 4.600200e+01
   vertex -5.112925e+00 4.621805e+01 4.805840e+01
   vertex -6.733174e+00 4.600994e+01 4.805840e+01
  endloop
 endfacet
 facet normal 8.437155e-02 -7.550394e-01 -6.502284e-01
  outer loop
   vertex -5.112415e+00 4.973795e+01 4.394559e+01
   vertex -4.289822e+00 4.805892e+01 4.600200e+01
   vertex -6.424108e+00 4.782043e+01 4.600200e+01
  endloop
 endfacet
 facet normal 8.481638e-02 -7.590201e-01 -6.455189e-01
  outer loop
   vertex -5.112925e+00 4.621805e+01 4.805840e+01
   vertex -6.424108e+00 4.782043e+01 4.600200e+01
   vertex -4.289822e+00 4.805892e+01 4.600200e+01
  endloop
 endfacet
 facet normal 7.031425e-02 -7.570512e-01 -6.495609e-01
  outer loop
   vertex -4.289822e+00 4.805892e+01 4.600200e+01
   vertex -3.486365e+00 4.636912e+01 4.805840e+01
   vertex -5.112925e+00 4.621805e+01 4.805840e+01
  endloop
 endfacet
 facet normal 1.165292e-01 -7.519909e-01 -6.487917e-01
  outer loop
   vertex -8.422008e+00 4.862375e+01 4.471205e+01
   vertex -6.765434e+00 4.918984e+01 4.435346e+01
   vertex -6.424108e+00 4.782043e+01 4.600200e+01
  endloop
 endfacet
 facet normal 5.093723e-02 -7.617571e-01 -6.458572e-01
  outer loop
   vertex -3.486365e+00 4.636912e+01 4.805840e+01
   vertex -4.289822e+00 4.805892e+01 4.600200e+01
   vertex -2.147038e+00 4.820221e+01 4.600200e+01
  endloop
 endfacet
 facet normal 1.580933e-02 -7.623296e-01 -6.469959e-01
  outer loop
   vertex -2.147038e+00 4.820221e+01 4.600200e+01
   vertex -3.671703e-15 4.703627e+01 4.742824e+01
   vertex -1.855502e+00 4.646296e+01 4.805840e+01
  endloop
 endfacet
 facet normal 1.708038e-02 -7.641037e-01 -6.448673e-01
  outer loop
   vertex -2.223492e-01 4.649947e+01 4.805840e+01
   vertex -1.855502e+00 4.646296e+01 4.805840e+01
   vertex -3.671703e-15 4.703627e+01 4.742824e+01
  endloop
 endfacet
 facet normal 1.332497e-02 -7.642283e-01 -6.448082e-01
  outer loop
   vertex -3.671703e-15 4.703627e+01 4.742824e+01
   vertex -2.147038e+00 4.820221e+01 4.600200e+01
   vertex 3.059775e-01 4.777496e+01 4.655906e+01
  endloop
 endfacet
 facet normal 9.115092e-02 -7.566639e-01 -6.474190e-01
  outer loop
   vertex -6.765434e+00 4.918984e+01 4.435346e+01
   vertex -5.112415e+00 4.973795e+01 4.394559e+01
   vertex -6.424108e+00 4.782043e+01 4.600200e+01
  endloop
 endfacet
 facet normal 5.066992e-02 -7.577596e-01 -6.505635e-01
  outer loop
   vertex -4.289822e+00 4.805892e+01 4.600200e+01
   vertex -3.532688e+00 4.987505e+01 4.394559e+01
   vertex -2.147038e+00 4.820221e+01 4.600200e+01
  endloop
 endfacet
 facet normal 6.594361e-02 -7.598301e-01 -6.467686e-01
  outer loop
   vertex -3.532688e+00 4.987505e+01 4.394559e+01
   vertex -4.289822e+00 4.805892e+01 4.600200e+01
   vertex -5.112415e+00 4.973795e+01 4.394559e+01
  endloop
 endfacet
 facet normal -5.714293e-03 -7.625834e-01 -6.468647e-01
  outer loop
   vertex -3.641685e-01 4.999867e+01 4.394559e+01
   vertex 9.166777e-01 4.924932e+01 4.481768e+01
   vertex 6.115305e-01 4.851263e+01 4.568886e+01
  endloop
 endfacet
 facet normal 1.760135e-02 -7.604949e-01 -6.491053e-01
  outer loop
   vertex -3.641685e-01 4.999867e+01 4.394559e+01
   vertex -2.147038e+00 4.820221e+01 4.600200e+01
   vertex -1.949409e+00 4.996198e+01 4.394559e+01
  endloop
 endfacet
 facet normal -6.543763e-03 -7.631769e-01 -6.461565e-01
  outer loop
   vertex 9.166777e-01 4.924932e+01 4.481768e+01
   vertex -3.641685e-01 4.999867e+01 4.394559e+01
   vertex 1.221438e+00 4.998508e+01 4.394559e+01
  endloop
 endfacet
 facet normal 1.123378e-02 -7.578582e-01 -6.523226e-01
  outer loop
   vertex 6.115305e-01 4.851263e+01 4.568886e+01
   vertex -2.147038e+00 4.820221e+01 4.600200e+01
   vertex -3.641685e-01 4.999867e+01 4.394559e+01
  endloop
 endfacet
 facet normal 1.299024e-02 -7.649863e-01 -6.439155e-01
  outer loop
   vertex 6.115305e-01 4.851263e+01 4.568886e+01
   vertex 3.059775e-01 4.777496e+01 4.655906e+01
   vertex -2.147038e+00 4.820221e+01 4.600200e+01
  endloop
 endfacet
 facet normal 1.120623e-01 2.705417e-01 9.561638e-01
  outer loop
   vertex 1.825914e+01 3.518977e+01 1.676547e+01
   vertex 2.975296e+01 2.479374e+01 1.835990e+01
   vertex 3.036227e+01 2.626474e+01 1.787227e+01
  endloop
 endfacet
 facet normal 1.119088e-01 2.701717e-01 9.562864e-01
  outer loop
   vertex 7.870560e+00 3.949826e+01 1.676394e+01
   vertex 1.825914e+01 3.518977e+01 1.676547e+01
   vertex 2.236416e+01 3.349482e+01 1.676394e+01
  endloop
 endfacet
 facet normal 1.120606e-01 2.705395e-01 9.561646e-01
  outer loop
   vertex 3.036227e+01 2.626474e+01 1.787227e+01
   vertex 2.236416e+01 3.349482e+01 1.676394e+01
   vertex 1.825914e+01 3.518977e+01 1.676547e+01
  endloop
 endfacet
 facet normal 1.119288e-01 2.702201e-01 9.562704e-01
  outer loop
   vertex 1.825914e+01 3.518977e+01 1.676547e+01
   vertex 7.870560e+00 3.949826e+01 1.676394e+01
   vertex 1.197176e+01 3.779409e+01 1.676547e+01
  endloop
 endfacet
 facet normal 1.120616e-01 2.705395e-01 9.561645e-01
  outer loop
   vertex -2.897391e+00 4.004135e+01 1.787227e+01
   vertex 1.197176e+01 3.779409e+01 1.676547e+01
   vertex 7.870560e+00 3.949826e+01 1.676394e+01
  endloop
 endfacet
 facet normal 1.120619e-01 2.705416e-01 9.561639e-01
  outer loop
   vertex -2.897391e+00 4.004135e+01 1.787227e+01
   vertex -3.506702e+00 3.857034e+01 1.835990e+01
   vertex 1.197176e+01 3.779409e+01 1.676547e+01
  endloop
 endfacet
 facet normal 9.238796e-01 -3.826833e-01 -9.168099e-08
  outer loop
   vertex 1.701336e+00 5.114365e+01 4.418567e+01
   vertex -3.506702e+00 3.857034e+01 1.835990e+01
   vertex -2.897391e+00 4.004135e+01 1.787227e+01
  endloop
 endfacet
 facet normal 9.238796e-01 -3.826832e-01 -1.563340e-07
  outer loop
   vertex -2.897391e+00 4.004135e+01 1.787227e+01
   vertex 6.874139e-01 4.869583e+01 3.553440e+01
   vertex 1.701336e+00 5.114365e+01 4.418567e+01
  endloop
 endfacet
 facet normal 9.238799e-01 -3.826825e-01 4.443774e-08
  outer loop
   vertex -3.671703e-15 4.703627e+01 4.742824e+01
   vertex 3.059775e-01 4.777496e+01 4.655906e+01
   vertex 2.745999e-01 4.769921e+01 4.840000e+01
  endloop
 endfacet
 facet normal 9.238792e-01 -3.826843e-01 5.211365e-07
  outer loop
   vertex 3.059775e-01 4.777496e+01 4.655906e+01
   vertex 6.115305e-01 4.851263e+01 4.568886e+01
   vertex 1.221438e+00 4.998508e+01 4.840000e+01
  endloop
 endfacet
 facet normal 9.238795e-01 -3.826836e-01 0.000000e+00
  outer loop
   vertex 1.221438e+00 4.998508e+01 4.543040e+01
   vertex 9.166777e-01 4.924932e+01 4.481768e+01
   vertex 1.221438e+00 4.998508e+01 4.394559e+01
  endloop
 endfacet
 facet normal 9.238795e-01 -3.826836e-01 0.000000e+00
  outer loop
   vertex 1.221438e+00 4.998508e+01 4.543040e+01
   vertex 1.221438e+00 4.998508e+01 4.691520e+01
   vertex 9.166777e-01 4.924932e+01 4.481768e+01
  endloop
 endfacet
 facet normal 9.238795e-01 -3.826834e-01 -5.321832e-08
  outer loop
   vertex 9.166777e-01 4.924932e+01 4.481768e+01
   vertex 1.221438e+00 4.998508e+01 4.691520e+01
   vertex 6.115305e-01 4.851263e+01 4.568886e+01
  endloop
 endfacet
 facet normal 9.238795e-01 -3.826836e-01 9.077868e-07
  outer loop
   vertex 2.745999e-01 4.769921e+01 4.840000e+01
   vertex -2.223492e-01 4.649947e+01 4.805840e+01
   vertex -3.671703e-15 4.703627e+01 4.742824e+01
  endloop
 endfacet
 facet normal 9.238796e-01 -3.826834e-01 0.000000e+00
  outer loop
   vertex -2.223492e-01 4.649947e+01 5.140000e+01
   vertex -2.223492e-01 4.649947e+01 4.840000e+01
   vertex 2.745999e-01 4.769921e+01 5.140000e+01
  endloop
 endfacet
 facet normal 9.238796e-01 -3.826834e-01 0.000000e+00
  outer loop
   vertex -2.223492e-01 4.649947e+01 5.140000e+01
   vertex 2.745999e-01 4.769921e+01 5.440000e+01
   vertex -2.223492e-01 4.649947e+01 5.440000e+01
  endloop
 endfacet
 facet normal 9.238796e-01 -3.826834e-01 0.000000e+00
  outer loop
   vertex 2.745999e-01 4.769921e+01 5.440000e+01
   vertex -2.223492e-01 4.649947e+01 5.140000e+01
   vertex 2.745999e-01 4.769921e+01 5.140000e+01
  endloop
 endfacet
 facet normal 9.238795e-01 -3.826835e-01 0.000000e+00
  outer loop
   vertex 1.221438e+00 4.998508e+01 4.691520e+01
   vertex 1.221438e+00 4.998508e+01 4.840000e+01
   vertex 6.115305e-01 4.851263e+01 4.568886e+01
  endloop
 endfacet
 facet normal 9.238793e-01 -3.826839e-01 -2.309216e-08
  outer loop
   vertex 1.221438e+00 4.998508e+01 4.840000e+01
   vertex 2.745999e-01 4.769921e+01 4.840000e+01
   vertex 3.059775e-01 4.777496e+01 4.655906e+01
  endloop
 endfacet
 facet normal 9.238796e-01 -3.826834e-01 0.000000e+00
  outer loop
   vertex 2.745999e-01 4.769921e+01 5.140000e+01
   vertex -2.223492e-01 4.649947e+01 4.840000e+01
   vertex 2.745999e-01 4.769921e+01 4.840000e+01
  endloop
 endfacet
 facet normal 9.238796e-01 -3.826834e-01 0.000000e+00
  outer loop
   vertex -2.223492e-01 4.649947e+01 4.840000e+01
   vertex -2.223492e-01 4.649947e+01 4.805840e+01
   vertex 2.745999e-01 4.769921e+01 4.840000e+01
  endloop
 endfacet
 facet normal -9.238792e-01 3.826843e-01 -4.510488e-07
  outer loop
   vertex 3.036227e+01 2.626474e+01 1.787227e+01
   vertex 3.496100e+01 3.736705e+01 4.418567e+01
   vertex 3.394708e+01 3.491923e+01 3.553440e+01
  endloop
 endfacet
 facet normal -9.238793e-01 3.826840e-01 -3.046379e-07
  outer loop
   vertex 3.496100e+01 3.736705e+01 4.418567e+01
   vertex 3.036227e+01 2.626474e+01 1.787227e+01
   vertex 2.975296e+01 2.479374e+01 1.835990e+01
  endloop
 endfacet
 facet normal -9.238799e-01 3.826826e-01 0.000000e+00
  outer loop
   vertex 3.259298e+01 3.165014e+01 5.259776e+01
   vertex 3.249906e+01 3.142340e+01 5.062180e+01
   vertex 3.249906e+01 3.142340e+01 5.251264e+01
  endloop
 endfacet
 facet normal -9.238809e-01 3.826802e-01 3.261700e-07
  outer loop
   vertex 3.249906e+01 3.142340e+01 5.062180e+01
   vertex 3.259298e+01 3.165014e+01 5.259776e+01
   vertex 3.291132e+01 3.241869e+01 5.274833e+01
  endloop
 endfacet
 facet normal -9.238798e-01 3.826828e-01 0.000000e+00
  outer loop
   vertex 3.353426e+01 3.392261e+01 5.140000e+01
   vertex 3.303732e+01 3.272287e+01 5.276702e+01
   vertex 3.353426e+01 3.392261e+01 5.440000e+01
  endloop
 endfacet
 facet normal -9.238798e-01 3.826828e-01 0.000000e+00
  outer loop
   vertex 3.303732e+01 3.272287e+01 5.276702e+01
   vertex 3.303732e+01 3.272287e+01 5.440000e+01
   vertex 3.353426e+01 3.392261e+01 5.440000e+01
  endloop
 endfacet
 facet normal -9.238759e-01 3.826922e-01 -6.256401e-06
  outer loop
   vertex 3.291132e+01 3.241869e+01 5.274833e+01
   vertex 3.303732e+01 3.272287e+01 5.276702e+01
   vertex 3.249906e+01 3.142340e+01 5.062180e+01
  endloop
 endfacet
 facet normal -9.238798e-01 3.826828e-01 0.000000e+00
  outer loop
   vertex 3.303732e+01 3.272287e+01 4.982794e+01
   vertex 3.303732e+01 3.272287e+01 5.276702e+01
   vertex 3.353426e+01 3.392261e+01 5.140000e+01
  endloop
 endfacet
 facet normal -9.238796e-01 3.826834e-01 0.000000e+00
  outer loop
   vertex 3.303732e+01 3.272287e+01 4.982794e+01
   vertex 3.249906e+01 3.142340e+01 5.062180e+01
   vertex 3.303732e+01 3.272287e+01 5.276702e+01
  endloop
 endfacet
 facet normal -9.238798e-01 3.826828e-01 0.000000e+00
  outer loop
   vertex 3.303732e+01 3.272287e+01 4.840000e+01
   vertex 3.303732e+01 3.272287e+01 4.982794e+01
   vertex 3.353426e+01 3.392261e+01 4.840000e+01
  endloop
 endfacet
 facet normal -9.238798e-01 3.826828e-01 0.000000e+00
  outer loop
   vertex 3.353426e+01 3.392261e+01 4.840000e+01
   vertex 3.303732e+01 3.272287e+01 4.805840e+01
   vertex 3.303732e+01 3.272287e+01 4.840000e+01
  endloop
 endfacet
 facet normal -9.238799e-01 3.826826e-01 8.924799e-07
  outer loop
   vertex 3.303732e+01 3.272287e+01 4.805840e+01
   vertex 3.353426e+01 3.392261e+01 4.840000e+01
   vertex 3.325966e+01 3.325966e+01 4.742824e+01
  endloop
 endfacet
 facet normal -9.238793e-01 3.826840e-01 2.152878e-07
  outer loop
   vertex 3.387119e+01 3.473603e+01 4.568886e+01
   vertex 3.353426e+01 3.392261e+01 4.840000e+01
   vertex 3.448110e+01 3.620847e+01 4.840000e+01
  endloop
 endfacet
 facet normal -9.238791e-01 3.826844e-01 0.000000e+00
  outer loop
   vertex 3.448110e+01 3.620847e+01 4.394559e+01
   vertex 3.387119e+01 3.473603e+01 4.568886e+01
   vertex 3.448110e+01 3.620847e+01 4.617280e+01
  endloop
 endfacet
 facet normal -9.238791e-01 3.826844e-01 0.000000e+00
  outer loop
   vertex 3.448110e+01 3.620847e+01 4.840000e+01
   vertex 3.448110e+01 3.620847e+01 4.617280e+01
   vertex 3.387119e+01 3.473603e+01 4.568886e+01
  endloop
 endfacet
 facet normal -9.238794e-01 3.826836e-01 7.541961e-08
  outer loop
   vertex 3.387119e+01 3.473603e+01 4.568886e+01
   vertex 3.325966e+01 3.325966e+01 4.742824e+01
   vertex 3.353426e+01 3.392261e+01 4.840000e+01
  endloop
 endfacet
 facet normal -9.238798e-01 3.826828e-01 0.000000e+00
  outer loop
   vertex 3.303732e+01 3.272287e+01 4.982794e+01
   vertex 3.353426e+01 3.392261e+01 5.140000e+01
   vertex 3.353426e+01 3.392261e+01 4.840000e+01
  endloop
 endfacet
 facet normal -3.659080e-01 -8.833805e-01 2.928313e-01
  outer loop
   vertex 3.394708e+01 3.491923e+01 3.553440e+01
   vertex 1.930431e+01 3.533670e+01 1.849688e+01
   vertex 2.236416e+01 3.349482e+01 1.676394e+01
  endloop
 endfacet
 facet normal -3.659083e-01 -8.833805e-01 2.928309e-01
  outer loop
   vertex 1.133661e+01 3.863703e+01 1.849688e+01
   vertex 2.236416e+01 3.349482e+01 1.676394e+01
   vertex 1.930431e+01 3.533670e+01 1.849688e+01
  endloop
 endfacet
 facet normal -3.659077e-01 -8.833807e-01 2.928311e-01
  outer loop
   vertex 1.930431e+01 3.533670e+01 1.849688e+01
   vertex 3.394708e+01 3.491923e+01 3.553440e+01
   vertex 3.496100e+01 3.736705e+01 4.418567e+01
  endloop
 endfacet
 facet normal -3.659079e-01 -8.833805e-01 2.928316e-01
  outer loop
   vertex 6.874139e-01 4.869583e+01 3.553440e+01
   vertex 7.870560e+00 3.949826e+01 1.676394e+01
   vertex 1.133661e+01 3.863703e+01 1.849688e+01
  endloop
 endfacet
 facet normal -3.659080e-01 -8.833803e-01 2.928319e-01
  outer loop
   vertex 2.236416e+01 3.349482e+01 1.676394e+01
   vertex 1.133661e+01 3.863703e+01 1.849688e+01
   vertex 7.870560e+00 3.949826e+01 1.676394e+01
  endloop
 endfacet
 facet normal -3.659084e-01 -8.833804e-01 2.928312e-01
  outer loop
   vertex 6.874139e-01 4.869583e+01 3.553440e+01
   vertex 1.133661e+01 3.863703e+01 1.849688e+01
   vertex 1.701336e+00 5.114365e+01 4.418567e+01
  endloop
 endfacet
 facet normal -3.659088e-01 -8.833808e-01 2.928295e-01
  outer loop
   vertex 3.125191e+01 3.902971e+01 4.456668e+01
   vertex 3.022251e+01 3.938781e+01 4.436069e+01
   vertex 3.176984e+01 3.860929e+01 4.394559e+01
  endloop
 endfacet
 facet normal -3.659081e-01 -8.833801e-01 2.928326e-01
  outer loop
   vertex 3.125191e+01 3.902971e+01 4.456668e+01
   vertex 3.071519e+01 3.945348e+01 4.517441e+01
   vertex 2.865842e+01 4.015725e+01 4.472742e+01
  endloop
 endfacet
 facet normal -3.659088e-01 -8.833811e-01 2.928287e-01
  outer loop
   vertex 2.865842e+01 4.015725e+01 4.472742e+01
   vertex 3.022251e+01 3.938781e+01 4.436069e+01
   vertex 3.125191e+01 3.902971e+01 4.456668e+01
  endloop
 endfacet
 facet normal -3.659083e-01 -8.833794e-01 2.928345e-01
  outer loop
   vertex 3.071519e+01 3.945348e+01 4.517441e+01
   vertex 2.700442e+01 4.095173e+01 4.505737e+01
   vertex 2.865842e+01 4.015725e+01 4.472742e+01
  endloop
 endfacet
 facet normal -3.659079e-01 -8.833793e-01 2.928350e-01
  outer loop
   vertex 3.015958e+01 3.987981e+01 4.576627e+01
   vertex 2.533428e+01 4.173399e+01 4.533028e+01
   vertex 3.071519e+01 3.945348e+01 4.517441e+01
  endloop
 endfacet
 facet normal -3.659088e-01 -8.833810e-01 2.928289e-01
  outer loop
   vertex 3.071519e+01 3.945348e+01 4.517441e+01
   vertex 2.533428e+01 4.173399e+01 4.533028e+01
   vertex 2.700442e+01 4.095173e+01 4.505737e+01
  endloop
 endfacet
 facet normal -3.659080e-01 -8.833809e-01 2.928300e-01
  outer loop
   vertex 2.364924e+01 4.250296e+01 4.554446e+01
   vertex 2.533428e+01 4.173399e+01 4.533028e+01
   vertex 3.015958e+01 3.987981e+01 4.576627e+01
  endloop
 endfacet
 facet normal -3.659083e-01 -8.833806e-01 2.928308e-01
  outer loop
   vertex 2.899128e+01 4.073703e+01 4.689238e+01
   vertex 1.852298e+01 4.471844e+01 4.582234e+01
   vertex 2.958498e+01 4.030793e+01 4.633976e+01
  endloop
 endfacet
 facet normal -3.659077e-01 -8.833795e-01 2.928347e-01
  outer loop
   vertex 2.837837e+01 4.116635e+01 4.742162e+01
   vertex 9.042471e+00 4.917554e+01 4.742162e+01
   vertex 2.899128e+01 4.073703e+01 4.689238e+01
  endloop
 endfacet
 facet normal -3.659085e-01 -8.833815e-01 2.928277e-01
  outer loop
   vertex 2.195112e+01 4.325740e+01 4.569848e+01
   vertex 3.015958e+01 3.987981e+01 4.576627e+01
   vertex 2.958498e+01 4.030793e+01 4.633976e+01
  endloop
 endfacet
 facet normal -3.659081e-01 -8.833805e-01 2.928313e-01
  outer loop
   vertex 2.774615e+01 4.159509e+01 4.792500e+01
   vertex 9.792680e+00 4.903166e+01 4.792500e+01
   vertex 2.837837e+01 4.116635e+01 4.742162e+01
  endloop
 endfacet
 facet normal -3.659081e-01 -8.833807e-01 2.928308e-01
  outer loop
   vertex 2.774615e+01 4.159509e+01 4.792500e+01
   vertex 2.709452e+01 4.202246e+01 4.840000e+01
   vertex 1.055565e+01 4.887308e+01 4.840000e+01
  endloop
 endfacet
 facet normal -3.659085e-01 -8.833817e-01 2.928271e-01
  outer loop
   vertex 1.852298e+01 4.471844e+01 4.582234e+01
   vertex 2.024171e+01 4.399623e+01 4.579132e+01
   vertex 2.958498e+01 4.030793e+01 4.633976e+01
  endloop
 endfacet
 facet normal -3.659084e-01 -8.833812e-01 2.928287e-01
  outer loop
   vertex 2.195112e+01 4.325740e+01 4.569848e+01
   vertex 2.958498e+01 4.030793e+01 4.633976e+01
   vertex 2.024171e+01 4.399623e+01 4.579132e+01
  endloop
 endfacet
 facet normal -3.659074e-01 -8.833789e-01 2.928370e-01
  outer loop
   vertex 2.195112e+01 4.325740e+01 4.569848e+01
   vertex 2.364924e+01 4.250296e+01 4.554446e+01
   vertex 3.015958e+01 3.987981e+01 4.576627e+01
  endloop
 endfacet
 facet normal -3.659082e-01 -8.833813e-01 2.928288e-01
  outer loop
   vertex 6.178900e+00 4.961674e+01 4.517441e+01
   vertex 8.130898e+00 4.866003e+01 4.472742e+01
   vertex 9.862237e+00 4.805226e+01 4.505737e+01
  endloop
 endfacet
 facet normal -3.659085e-01 -8.833807e-01 2.928301e-01
  outer loop
   vertex 1.159635e+01 4.742443e+01 4.533028e+01
   vertex 1.333159e+01 4.677667e+01 4.554446e+01
   vertex 6.873239e+00 4.952533e+01 4.576627e+01
  endloop
 endfacet
 facet normal -3.659081e-01 -8.833811e-01 2.928295e-01
  outer loop
   vertex 1.159635e+01 4.742443e+01 4.533028e+01
   vertex 6.178900e+00 4.961674e+01 4.517441e+01
   vertex 9.862237e+00 4.805226e+01 4.505737e+01
  endloop
 endfacet
 facet normal -3.659086e-01 -8.833796e-01 2.928335e-01
  outer loop
   vertex 5.499732e+00 4.969661e+01 4.456668e+01
   vertex 4.836218e+00 4.976556e+01 4.394559e+01
   vertex 6.480849e+00 4.922193e+01 4.436069e+01
  endloop
 endfacet
 facet normal -3.659082e-01 -8.833813e-01 2.928288e-01
  outer loop
   vertex 5.499732e+00 4.969661e+01 4.456668e+01
   vertex 8.130898e+00 4.866003e+01 4.472742e+01
   vertex 6.178900e+00 4.961674e+01 4.517441e+01
  endloop
 endfacet
 facet normal -3.659078e-01 -8.833790e-01 2.928362e-01
  outer loop
   vertex 6.480849e+00 4.922193e+01 4.436069e+01
   vertex 8.130898e+00 4.866003e+01 4.472742e+01
   vertex 5.499732e+00 4.969661e+01 4.456668e+01
  endloop
 endfacet
 facet normal -3.659077e-01 -8.833797e-01 2.928343e-01
  outer loop
   vertex 6.178900e+00 4.961674e+01 4.517441e+01
   vertex 1.159635e+01 4.742443e+01 4.533028e+01
   vertex 6.873239e+00 4.952533e+01 4.576627e+01
  endloop
 endfacet
 facet normal -3.659084e-01 -8.833806e-01 2.928305e-01
  outer loop
   vertex 1.679698e+01 4.542309e+01 4.579132e+01
   vertex 1.852298e+01 4.471844e+01 4.582234e+01
   vertex 7.582269e+00 4.942175e+01 4.633976e+01
  endloop
 endfacet
 facet normal -3.659082e-01 -8.833803e-01 2.928316e-01
  outer loop
   vertex 2.899128e+01 4.073703e+01 4.689238e+01
   vertex 8.305507e+00 4.930536e+01 4.689238e+01
   vertex 1.852298e+01 4.471844e+01 4.582234e+01
  endloop
 endfacet
 facet normal -3.659086e-01 -8.833816e-01 2.928273e-01
  outer loop
   vertex 9.792680e+00 4.903166e+01 4.792500e+01
   vertex 2.774615e+01 4.159509e+01 4.792500e+01
   vertex 1.055565e+01 4.887308e+01 4.840000e+01
  endloop
 endfacet
 facet normal -3.659076e-01 -8.833796e-01 2.928346e-01
  outer loop
   vertex 7.582269e+00 4.942175e+01 4.633976e+01
   vertex 1.506581e+01 4.610939e+01 4.569848e+01
   vertex 1.679698e+01 4.542309e+01 4.579132e+01
  endloop
 endfacet
 facet normal -3.659080e-01 -8.833801e-01 2.928326e-01
  outer loop
   vertex 7.582269e+00 4.942175e+01 4.633976e+01
   vertex 1.852298e+01 4.471844e+01 4.582234e+01
   vertex 8.305507e+00 4.930536e+01 4.689238e+01
  endloop
 endfacet
 facet normal -3.659081e-01 -8.833804e-01 2.928314e-01
  outer loop
   vertex 2.837837e+01 4.116635e+01 4.742162e+01
   vertex 9.792680e+00 4.903166e+01 4.792500e+01
   vertex 9.042471e+00 4.917554e+01 4.742162e+01
  endloop
 endfacet
 facet normal -3.659084e-01 -8.833809e-01 2.928298e-01
  outer loop
   vertex 2.899128e+01 4.073703e+01 4.689238e+01
   vertex 9.042471e+00 4.917554e+01 4.742162e+01
   vertex 8.305507e+00 4.930536e+01 4.689238e+01
  endloop
 endfacet
 facet normal -3.659084e-01 -8.833805e-01 2.928308e-01
  outer loop
   vertex 6.873239e+00 4.952533e+01 4.576627e+01
   vertex 1.506581e+01 4.610939e+01 4.569848e+01
   vertex 7.582269e+00 4.942175e+01 4.633976e+01
  endloop
 endfacet
 facet normal -3.659084e-01 -8.833805e-01 2.928308e-01
  outer loop
   vertex 6.873239e+00 4.952533e+01 4.576627e+01
   vertex 1.333159e+01 4.677667e+01 4.554446e+01
   vertex 1.506581e+01 4.610939e+01 4.569848e+01
  endloop
 endfacet
 facet normal 9.291907e-01 0.000000e+00 3.696006e-01
  outer loop
   vertex -3.464001e+01 1.434836e+01 1.028695e+01
   vertex -3.464001e+01 -1.211311e+01 1.028695e+01
   vertex -3.445987e+01 -1.360033e+01 9.834071e+00
  endloop
 endfacet
 facet normal 9.291897e-01 -4.950133e-08 3.696033e-01
  outer loop
   vertex -3.445987e+01 -1.360033e+01 9.834071e+00
   vertex -3.118461e+01 3.819013e-15 1.600000e+00
   vertex -3.464001e+01 1.434836e+01 1.028695e+01
  endloop
 endfacet
 facet normal -6.355098e-07 9.291900e-01 3.696024e-01
  outer loop
   vertex -5.728520e-15 -3.118461e+01 1.600000e+00
   vertex -1.360033e+01 -3.445987e+01 9.834071e+00
   vertex -1.211311e+01 -3.464001e+01 1.028695e+01
  endloop
 endfacet
 facet normal -0.000000e+00 9.291897e-01 3.696032e-01
  outer loop
   vertex -1.211311e+01 -3.464001e+01 1.028695e+01
   vertex 1.434836e+01 -3.464001e+01 1.028695e+01
   vertex -5.728520e-15 -3.118461e+01 1.600000e+00
  endloop
 endfacet
 facet normal 8.991057e-01 -2.494781e-06 4.377315e-01
  outer loop
   vertex -4.201860e+01 -4.768901e+00 2.544267e+01
   vertex -4.476672e+01 -2.400000e+00 3.108737e+01
   vertex -4.686523e+01 -2.400000e+00 3.539772e+01
  endloop
 endfacet
 facet normal 8.991057e-01 -4.500013e-07 4.377315e-01
  outer loop
   vertex -4.592839e+01 -4.757368e-01 3.347345e+01
   vertex -4.686523e+01 -2.400000e+00 3.539772e+01
   vertex -4.476672e+01 -2.400000e+00 3.108737e+01
  endloop
 endfacet
 facet normal 8.991063e-01 -1.896122e-07 4.377303e-01
  outer loop
   vertex -4.173140e+01 -4.757368e-01 2.485275e+01
   vertex -4.266822e+01 -2.400000e+00 2.677702e+01
   vertex -4.201860e+01 -4.768901e+00 2.544267e+01
  endloop
 endfacet
 facet normal 8.991061e-01 -5.987206e-07 4.377309e-01
  outer loop
   vertex -4.476672e+01 -2.400000e+00 3.108737e+01
   vertex -4.201860e+01 -4.768901e+00 2.544267e+01
   vertex -4.266822e+01 -2.400000e+00 2.677702e+01
  endloop
 endfacet
 facet normal 8.991061e-01 5.366875e-07 4.377309e-01
  outer loop
   vertex -4.266822e+01 -2.400000e+00 2.677702e+01
   vertex -4.382990e+01 -4.757368e-01 2.916310e+01
   vertex -4.476672e+01 -2.400000e+00 3.108737e+01
  endloop
 endfacet
 facet normal 8.991061e-01 1.100374e-06 4.377307e-01
  outer loop
   vertex -3.677858e+01 -1.273695e+01 1.467960e+01
   vertex -4.686523e+01 -2.400000e+00 3.539772e+01
   vertex -5.319540e+01 -3.668434e-01 4.840000e+01
  endloop
 endfacet
 facet normal 8.991061e-01 -8.897720e-08 4.377308e-01
  outer loop
   vertex -4.686523e+01 -2.400000e+00 3.539772e+01
   vertex -4.831409e+01 4.440892e-15 3.837371e+01
   vertex -5.319540e+01 -3.668434e-01 4.840000e+01
  endloop
 endfacet
 facet normal 8.991061e-01 1.070707e-06 4.377308e-01
  outer loop
   vertex -4.056973e+01 -7.019869e+00 2.246667e+01
   vertex -4.201860e+01 -4.768901e+00 2.544267e+01
   vertex -4.686523e+01 -2.400000e+00 3.539772e+01
  endloop
 endfacet
 facet normal 8.991059e-01 -2.962274e-08 4.377312e-01
  outer loop
   vertex -4.063110e+01 -2.298336e+00 2.259273e+01
   vertex -4.173140e+01 -4.757368e-01 2.485275e+01
   vertex -4.201860e+01 -4.768901e+00 2.544267e+01
  endloop
 endfacet
 facet normal 8.991060e-01 -3.853688e-08 4.377309e-01
  outer loop
   vertex -3.730278e+01 -4.456222e+00 1.575632e+01
   vertex -3.677858e+01 -1.273695e+01 1.467960e+01
   vertex -3.483107e+01 -1.078944e+01 1.067939e+01
  endloop
 endfacet
 facet normal 8.991059e-01 -6.940266e-08 4.377312e-01
  outer loop
   vertex -4.686523e+01 -2.400000e+00 3.539772e+01
   vertex -3.677858e+01 -1.273695e+01 1.467960e+01
   vertex -4.056973e+01 -7.019869e+00 2.246667e+01
  endloop
 endfacet
 facet normal 8.991068e-01 0.000000e+00 4.377294e-01
  outer loop
   vertex -3.464001e+01 1.434836e+01 1.028695e+01
   vertex -3.483107e+01 -1.078944e+01 1.067939e+01
   vertex -3.464001e+01 -1.211311e+01 1.028695e+01
  endloop
 endfacet
 facet normal 8.991061e-01 4.126751e-07 4.377309e-01
  outer loop
   vertex -3.847123e+01 -7.012870e+00 1.815632e+01
   vertex -4.056973e+01 -7.019869e+00 2.246667e+01
   vertex -3.677858e+01 -1.273695e+01 1.467960e+01
  endloop
 endfacet
 facet normal 8.991056e-01 0.000000e+00 4.377317e-01
  outer loop
   vertex -3.730278e+01 5.107026e-15 1.575632e+01
   vertex -3.841595e+01 -2.286473e+00 1.804279e+01
   vertex -3.730278e+01 -4.456222e+00 1.575632e+01
  endloop
 endfacet
 facet normal 8.991057e-01 -1.469623e-07 4.377316e-01
  outer loop
   vertex -3.677858e+01 -1.273695e+01 1.467960e+01
   vertex -3.730278e+01 -4.456222e+00 1.575632e+01
   vertex -3.847123e+01 -7.012870e+00 1.815632e+01
  endloop
 endfacet
 facet normal 8.991061e-01 -3.977314e-07 4.377309e-01
  outer loop
   vertex -4.056973e+01 -7.019869e+00 2.246667e+01
   vertex -3.847123e+01 -7.012870e+00 1.815632e+01
   vertex -3.969638e+01 -5.115372e+00 2.067281e+01
  endloop
 endfacet
 facet normal 8.991060e-01 0.000000e+00 4.377309e-01
  outer loop
   vertex -3.730278e+01 5.107026e-15 1.575632e+01
   vertex -3.730278e+01 -4.456222e+00 1.575632e+01
   vertex -3.483107e+01 -1.078944e+01 1.067939e+01
  endloop
 endfacet
 facet normal 8.991061e-01 -0.000000e+00 4.377308e-01
  outer loop
   vertex -5.319540e+01 -3.668434e-01 4.840000e+01
   vertex -4.831409e+01 4.440892e-15 3.837371e+01
   vertex -5.319540e+01 3.668434e-01 4.840000e+01
  endloop
 endfacet
 facet normal 8.991061e-01 8.897720e-08 4.377308e-01
  outer loop
   vertex -4.686523e+01 2.400000e+00 3.539772e+01
   vertex -5.319540e+01 3.668434e-01 4.840000e+01
   vertex -4.831409e+01 4.440892e-15 3.837371e+01
  endloop
 endfacet
 facet normal 8.991057e-01 4.500013e-07 4.377315e-01
  outer loop
   vertex -4.592839e+01 4.757368e-01 3.347345e+01
   vertex -4.476672e+01 2.400000e+00 3.108737e+01
   vertex -4.686523e+01 2.400000e+00 3.539772e+01
  endloop
 endfacet
 facet normal 8.991057e-01 2.494781e-06 4.377315e-01
  outer loop
   vertex -4.201860e+01 4.768901e+00 2.544267e+01
   vertex -4.686523e+01 2.400000e+00 3.539772e+01
   vertex -4.476672e+01 2.400000e+00 3.108737e+01
  endloop
 endfacet
 facet normal 8.991063e-01 1.896122e-07 4.377303e-01
  outer loop
   vertex -4.173140e+01 4.757368e-01 2.485275e+01
   vertex -4.201860e+01 4.768901e+00 2.544267e+01
   vertex -4.266822e+01 2.400000e+00 2.677702e+01
  endloop
 endfacet
 facet normal 8.991061e-01 5.987206e-07 4.377309e-01
  outer loop
   vertex -4.476672e+01 2.400000e+00 3.108737e+01
   vertex -4.266822e+01 2.400000e+00 2.677702e+01
   vertex -4.201860e+01 4.768901e+00 2.544267e+01
  endloop
 endfacet
 facet normal 8.991061e-01 -1.070707e-06 4.377308e-01
  outer loop
   vertex -4.056973e+01 7.019869e+00 2.246667e+01
   vertex -4.686523e+01 2.400000e+00 3.539772e+01
   vertex -4.201860e+01 4.768901e+00 2.544267e+01
  endloop
 endfacet
 facet normal 8.991061e-01 -5.366875e-07 4.377309e-01
  outer loop
   vertex -4.382990e+01 4.757368e-01 2.916310e+01
   vertex -4.266822e+01 2.400000e+00 2.677702e+01
   vertex -4.476672e+01 2.400000e+00 3.108737e+01
  endloop
 endfacet
 facet normal 8.991061e-01 -9.686279e-07 4.377307e-01
  outer loop
   vertex -3.464001e+01 1.434836e+01 1.028695e+01
   vertex -5.319540e+01 3.668434e-01 4.840000e+01
   vertex -4.686523e+01 2.400000e+00 3.539772e+01
  endloop
 endfacet
 facet normal 8.991059e-01 2.962274e-08 4.377312e-01
  outer loop
   vertex -4.063110e+01 2.298336e+00 2.259273e+01
   vertex -4.201860e+01 4.768901e+00 2.544267e+01
   vertex -4.173140e+01 4.757368e-01 2.485275e+01
  endloop
 endfacet
 facet normal 8.991056e-01 0.000000e+00 4.377317e-01
  outer loop
   vertex -3.730278e+01 4.456222e+00 1.575632e+01
   vertex -3.841595e+01 2.286473e+00 1.804279e+01
   vertex -3.730278e+01 5.107026e-15 1.575632e+01
  endloop
 endfacet
 facet normal 8.991061e-01 3.977314e-07 4.377309e-01
  outer loop
   vertex -3.847123e+01 7.012870e+00 1.815632e+01
   vertex -4.056973e+01 7.019869e+00 2.246667e+01
   vertex -3.969638e+01 5.115372e+00 2.067281e+01
  endloop
 endfacet
 facet normal 8.991058e-01 4.080076e-07 4.377314e-01
  outer loop
   vertex -3.464001e+01 1.434836e+01 1.028695e+01
   vertex -3.847123e+01 7.012870e+00 1.815632e+01
   vertex -3.730278e+01 4.456222e+00 1.575632e+01
  endloop
 endfacet
 facet normal 8.991061e-01 -2.823442e-07 4.377309e-01
  outer loop
   vertex -4.056973e+01 7.019869e+00 2.246667e+01
   vertex -3.847123e+01 7.012870e+00 1.815632e+01
   vertex -3.464001e+01 1.434836e+01 1.028695e+01
  endloop
 endfacet
 facet normal 8.991061e-01 -0.000000e+00 4.377308e-01
  outer loop
   vertex -3.730278e+01 5.107026e-15 1.575632e+01
   vertex -3.464001e+01 1.434836e+01 1.028695e+01
   vertex -3.730278e+01 4.456222e+00 1.575632e+01
  endloop
 endfacet
 facet normal 8.991058e-01 6.523849e-07 4.377313e-01
  outer loop
   vertex -3.464001e+01 1.434836e+01 1.028695e+01
   vertex -4.686523e+01 2.400000e+00 3.539772e+01
   vertex -4.056973e+01 7.019869e+00 2.246667e+01
  endloop
 endfacet
 facet normal 8.991061e-01 2.823610e-08 4.377308e-01
  outer loop
   vertex -3.483107e+01 -1.078944e+01 1.067939e+01
   vertex -3.464001e+01 1.434836e+01 1.028695e+01
   vertex -3.730278e+01 5.107026e-15 1.575632e+01
  endloop
 endfacet
 facet normal 0.000000e+00 8.991068e-01 4.377294e-01
  outer loop
   vertex 1.434836e+01 -3.464001e+01 1.028695e+01
   vertex -1.211311e+01 -3.464001e+01 1.028695e+01
   vertex -1.078944e+01 -3.483107e+01 1.067939e+01
  endloop
 endfacet
 facet normal 3.044767e-08 8.991060e-01 4.377310e-01
  outer loop
   vertex 1.434836e+01 -3.464001e+01 1.028695e+01
   vertex -1.078944e+01 -3.483107e+01 1.067939e+01
   vertex -1.273695e+01 -3.677858e+01 1.467960e+01
  endloop
 endfacet
 facet normal -0.000000e+00 8.991060e-01 4.377310e-01
  outer loop
   vertex -3.668434e-01 -5.319540e+01 4.840000e+01
   vertex 3.668434e-01 -5.319540e+01 4.840000e+01
   vertex -1.273695e+01 -3.677858e+01 1.467960e+01
  endloop
 endfacet
 facet normal 3.670564e-08 8.991060e-01 4.377310e-01
  outer loop
   vertex 1.434836e+01 -3.464001e+01 1.028695e+01
   vertex -1.273695e+01 -3.677858e+01 1.467960e+01
   vertex 3.668434e-01 -5.319540e+01 4.840000e+01
  endloop
 endfacet
 facet normal -3.111390e-01 -3.111389e-01 8.979895e-01
  outer loop
   vertex -1.204788e+01 -3.608951e+01 9.807330e+00
   vertex -1.211311e+01 -3.464001e+01 1.028695e+01
   vertex -1.360033e+01 -3.445987e+01 9.834071e+00
  endloop
 endfacet
 facet normal -3.111397e-01 -3.111397e-01 8.979890e-01
  outer loop
   vertex -1.233309e+01 -3.604811e+01 9.722852e+00
   vertex -1.360033e+01 -3.445987e+01 9.834071e+00
   vertex -1.435372e+01 -3.402747e+01 9.722852e+00
  endloop
 endfacet
 facet normal -3.111407e-01 -3.111404e-01 8.979884e-01
  outer loop
   vertex -1.233309e+01 -3.604811e+01 9.722852e+00
   vertex -1.204788e+01 -3.608951e+01 9.807330e+00
   vertex -1.360033e+01 -3.445987e+01 9.834071e+00
  endloop
 endfacet
 facet normal -3.111389e-01 -3.111389e-01 8.979895e-01
  outer loop
   vertex -1.078944e+01 -3.483107e+01 1.067939e+01
   vertex -1.211311e+01 -3.464001e+01 1.028695e+01
   vertex -1.204788e+01 -3.608951e+01 9.807330e+00
  endloop
 endfacet
 facet normal -3.111404e-01 -3.111407e-01 8.979884e-01
  outer loop
   vertex -3.604811e+01 -1.233309e+01 9.722852e+00
   vertex -3.445987e+01 -1.360033e+01 9.834071e+00
   vertex -3.608951e+01 -1.204788e+01 9.807330e+00
  endloop
 endfacet
 facet normal -3.111389e-01 -3.111389e-01 8.979895e-01
  outer loop
   vertex -3.483107e+01 -1.078944e+01 1.067939e+01
   vertex -3.608951e+01 -1.204788e+01 9.807330e+00
   vertex -3.464001e+01 -1.211311e+01 1.028695e+01
  endloop
 endfacet
 facet normal -3.111397e-01 -3.111397e-01 8.979890e-01
  outer loop
   vertex -3.604811e+01 -1.233309e+01 9.722852e+00
   vertex -3.402747e+01 -1.435372e+01 9.722852e+00
   vertex -3.445987e+01 -1.360033e+01 9.834071e+00
  endloop
 endfacet
 facet normal -3.111389e-01 -3.111390e-01 8.979895e-01
  outer loop
   vertex -3.608951e+01 -1.204788e+01 9.807330e+00
   vertex -3.445987e+01 -1.360033e+01 9.834071e+00
   vertex -3.464001e+01 -1.211311e+01 1.028695e+01
  endloop
 endfacet
 facet normal -7.071074e-01 7.071062e-01 -5.852198e-07
  outer loop
   vertex -1.204788e+01 -3.608951e+01 9.807330e+00
   vertex -1.273695e+01 -3.677858e+01 1.467960e+01
   vertex -1.078944e+01 -3.483107e+01 1.067939e+01
  endloop
 endfacet
 facet normal -7.071055e-01 7.071080e-01 -6.420172e-08
  outer loop
   vertex -1.273695e+01 -3.677858e+01 1.467960e+01
   vertex -1.204788e+01 -3.608951e+01 9.807330e+00
   vertex -1.256403e+01 -3.660566e+01 1.086071e+01
  endloop
 endfacet
 facet normal -7.071073e-01 7.071063e-01 -2.246602e-07
  outer loop
   vertex -1.256403e+01 -3.660566e+01 1.086071e+01
   vertex -1.419524e+01 -3.823687e+01 1.556860e+01
   vertex -1.273695e+01 -3.677858e+01 1.467960e+01
  endloop
 endfacet
 facet normal -7.071068e-01 7.071068e-01 0.000000e+00
  outer loop
   vertex -1.947001e+01 -4.351163e+01 3.807200e+01
   vertex -1.867831e+01 -4.271994e+01 3.862061e+01
   vertex -1.781934e+01 -4.186097e+01 3.614151e+01
  endloop
 endfacet
 facet normal -7.071068e-01 7.071067e-01 -8.256791e-08
  outer loop
   vertex -1.781934e+01 -4.186097e+01 3.614151e+01
   vertex -1.419524e+01 -3.823687e+01 1.556860e+01
   vertex -1.947001e+01 -4.351163e+01 3.807200e+01
  endloop
 endfacet
 facet normal -7.071073e-01 7.071062e-01 -2.559652e-07
  outer loop
   vertex -1.273695e+01 -3.677858e+01 1.467960e+01
   vertex -1.419524e+01 -3.823687e+01 1.556860e+01
   vertex -1.781934e+01 -4.186097e+01 3.614151e+01
  endloop
 endfacet
 facet normal 3.111377e-01 3.111386e-01 -8.979901e-01
  outer loop
   vertex -1.933472e+01 -4.206354e+01 3.862061e+01
   vertex -1.867831e+01 -4.271994e+01 3.862061e+01
   vertex -1.947001e+01 -4.351163e+01 3.807200e+01
  endloop
 endfacet
 facet normal 3.111390e-01 3.111388e-01 -8.979895e-01
  outer loop
   vertex -2.721193e+01 -3.983760e+01 3.666254e+01
   vertex -3.010150e+01 -3.694803e+01 3.666254e+01
   vertex -1.933472e+01 -4.206354e+01 3.862061e+01
  endloop
 endfacet
 facet normal 3.111389e-01 3.111383e-01 -8.979897e-01
  outer loop
   vertex -1.947001e+01 -4.351163e+01 3.807200e+01
   vertex -2.721193e+01 -3.983760e+01 3.666254e+01
   vertex -1.933472e+01 -4.206354e+01 3.862061e+01
  endloop
 endfacet
 facet normal 3.111388e-01 3.111390e-01 -8.979895e-01
  outer loop
   vertex -4.206354e+01 -1.933472e+01 3.862061e+01
   vertex -3.694803e+01 -3.010150e+01 3.666254e+01
   vertex -3.983760e+01 -2.721193e+01 3.666254e+01
  endloop
 endfacet
 facet normal 3.111386e-01 3.111377e-01 -8.979901e-01
  outer loop
   vertex -4.351163e+01 -1.947001e+01 3.807200e+01
   vertex -4.271994e+01 -1.867831e+01 3.862061e+01
   vertex -4.206354e+01 -1.933472e+01 3.862061e+01
  endloop
 endfacet
 facet normal 3.111383e-01 3.111389e-01 -8.979897e-01
  outer loop
   vertex -3.983760e+01 -2.721193e+01 3.666254e+01
   vertex -4.351163e+01 -1.947001e+01 3.807200e+01
   vertex -4.206354e+01 -1.933472e+01 3.862061e+01
  endloop
 endfacet
 facet normal 7.071068e-01 -7.071068e-01 0.000000e+00
  outer loop
   vertex -4.351163e+01 -1.947001e+01 3.807200e+01
   vertex -4.186097e+01 -1.781934e+01 3.614151e+01
   vertex -4.271994e+01 -1.867831e+01 3.862061e+01
  endloop
 endfacet
 facet normal 7.071068e-01 -7.071068e-01 0.000000e+00
  outer loop
   vertex -3.904163e+01 -1.500000e+01 1.969554e+01
   vertex -3.904163e+01 -1.500000e+01 2.423599e+01
   vertex -4.351163e+01 -1.947001e+01 3.807200e+01
  endloop
 endfacet
 facet normal 7.071068e-01 -7.071068e-01 0.000000e+00
  outer loop
   vertex -4.186097e+01 -1.781934e+01 3.614151e+01
   vertex -4.351163e+01 -1.947001e+01 3.807200e+01
   vertex -3.904163e+01 -1.500000e+01 2.423599e+01
  endloop
 endfacet
 facet normal 7.071034e-01 -7.071102e-01 -1.647710e-06
  outer loop
   vertex -3.823687e+01 -1.419524e+01 1.556860e+01
   vertex -3.904163e+01 -1.500000e+01 1.969554e+01
   vertex -4.351163e+01 -1.947001e+01 3.807200e+01
  endloop
 endfacet
 facet normal 7.071062e-01 -7.071074e-01 -5.852198e-07
  outer loop
   vertex -3.608951e+01 -1.204788e+01 9.807330e+00
   vertex -3.483107e+01 -1.078944e+01 1.067939e+01
   vertex -3.677858e+01 -1.273695e+01 1.467960e+01
  endloop
 endfacet
 facet normal 7.071061e-01 -7.071074e-01 -5.755722e-07
  outer loop
   vertex -3.904163e+01 -1.500000e+01 1.969554e+01
   vertex -3.823687e+01 -1.419524e+01 1.556860e+01
   vertex -3.677858e+01 -1.273695e+01 1.467960e+01
  endloop
 endfacet
 facet normal 7.071117e-01 -7.071018e-01 3.580117e-06
  outer loop
   vertex -3.660566e+01 -1.256403e+01 1.086071e+01
   vertex -3.608951e+01 -1.204788e+01 9.807330e+00
   vertex -3.823687e+01 -1.419524e+01 1.556860e+01
  endloop
 endfacet
 facet normal 7.071061e-01 -7.071074e-01 -5.975330e-07
  outer loop
   vertex -3.677858e+01 -1.273695e+01 1.467960e+01
   vertex -3.823687e+01 -1.419524e+01 1.556860e+01
   vertex -3.608951e+01 -1.204788e+01 9.807330e+00
  endloop
 endfacet
 facet normal 7.071068e-01 -7.071068e-01 0.000000e+00
  outer loop
   vertex -3.696075e+01 -1.291912e+01 1.544885e+01
   vertex -3.904163e+01 -1.500000e+01 1.969554e+01
   vertex -3.677858e+01 -1.273695e+01 1.467960e+01
  endloop
 endfacet
 facet normal -6.349735e-01 -6.349754e-01 -4.400169e-01
  outer loop
   vertex -1.867831e+01 -4.271994e+01 3.862061e+01
   vertex -1.933472e+01 -4.206354e+01 3.862061e+01
   vertex -1.781934e+01 -4.186097e+01 3.614151e+01
  endloop
 endfacet
 facet normal -6.349754e-01 -6.349735e-01 -4.400169e-01
  outer loop
   vertex -4.206354e+01 -1.933472e+01 3.862061e+01
   vertex -4.271994e+01 -1.867831e+01 3.862061e+01
   vertex -4.186097e+01 -1.781934e+01 3.614151e+01
  endloop
 endfacet
 facet normal 6.349747e-01 6.349742e-01 4.400169e-01
  outer loop
   vertex -2.721193e+01 -3.983760e+01 3.666254e+01
   vertex -1.420989e+01 -3.482379e+01 1.066442e+01
   vertex -3.010150e+01 -3.694803e+01 3.666254e+01
  endloop
 endfacet
 facet normal 6.349747e-01 6.349747e-01 4.400162e-01
  outer loop
   vertex -1.233309e+01 -3.604811e+01 9.722852e+00
   vertex -1.435372e+01 -3.402747e+01 9.722852e+00
   vertex -1.408502e+01 -3.457660e+01 1.012752e+01
  endloop
 endfacet
 facet normal 6.349612e-01 6.349843e-01 4.400219e-01
  outer loop
   vertex -1.413209e+01 -3.464001e+01 1.028695e+01
   vertex -1.420989e+01 -3.482379e+01 1.066442e+01
   vertex -1.408502e+01 -3.457660e+01 1.012752e+01
  endloop
 endfacet
 facet normal 6.349740e-01 6.349729e-01 4.400197e-01
  outer loop
   vertex -1.233309e+01 -3.604811e+01 9.722852e+00
   vertex -1.408502e+01 -3.457660e+01 1.012752e+01
   vertex -1.420989e+01 -3.482379e+01 1.066442e+01
  endloop
 endfacet
 facet normal 6.349742e-01 6.349747e-01 4.400169e-01
  outer loop
   vertex -1.419524e+01 -3.823687e+01 1.556860e+01
   vertex -1.256403e+01 -3.660566e+01 1.086071e+01
   vertex -1.420989e+01 -3.482379e+01 1.066442e+01
  endloop
 endfacet
 facet normal 6.349740e-01 6.349745e-01 4.400175e-01
  outer loop
   vertex -1.233309e+01 -3.604811e+01 9.722852e+00
   vertex -1.420989e+01 -3.482379e+01 1.066442e+01
   vertex -1.256403e+01 -3.660566e+01 1.086071e+01
  endloop
 endfacet
 facet normal 6.349744e-01 6.349745e-01 4.400168e-01
  outer loop
   vertex -2.721193e+01 -3.983760e+01 3.666254e+01
   vertex -1.419524e+01 -3.823687e+01 1.556860e+01
   vertex -1.420989e+01 -3.482379e+01 1.066442e+01
  endloop
 endfacet
 facet normal 6.349745e-01 6.349740e-01 4.400175e-01
  outer loop
   vertex -3.660566e+01 -1.256403e+01 1.086071e+01
   vertex -3.482379e+01 -1.420989e+01 1.066442e+01
   vertex -3.604811e+01 -1.233309e+01 9.722852e+00
  endloop
 endfacet
 facet normal 6.349729e-01 6.349740e-01 4.400197e-01
  outer loop
   vertex -3.457660e+01 -1.408502e+01 1.012752e+01
   vertex -3.604811e+01 -1.233309e+01 9.722852e+00
   vertex -3.482379e+01 -1.420989e+01 1.066442e+01
  endloop
 endfacet
 facet normal 6.349747e-01 6.349742e-01 4.400169e-01
  outer loop
   vertex -3.482379e+01 -1.420989e+01 1.066442e+01
   vertex -3.660566e+01 -1.256403e+01 1.086071e+01
   vertex -3.823687e+01 -1.419524e+01 1.556860e+01
  endloop
 endfacet
 facet normal 6.349745e-01 6.349744e-01 4.400168e-01
  outer loop
   vertex -3.823687e+01 -1.419524e+01 1.556860e+01
   vertex -3.983760e+01 -2.721193e+01 3.666254e+01
   vertex -3.482379e+01 -1.420989e+01 1.066442e+01
  endloop
 endfacet
 facet normal 6.349747e-01 6.349747e-01 4.400162e-01
  outer loop
   vertex -3.604811e+01 -1.233309e+01 9.722852e+00
   vertex -3.457660e+01 -1.408502e+01 1.012752e+01
   vertex -3.402747e+01 -1.435372e+01 9.722852e+00
  endloop
 endfacet
 facet normal 6.349742e-01 6.349747e-01 4.400169e-01
  outer loop
   vertex -3.983760e+01 -2.721193e+01 3.666254e+01
   vertex -3.694803e+01 -3.010150e+01 3.666254e+01
   vertex -3.482379e+01 -1.420989e+01 1.066442e+01
  endloop
 endfacet
 facet normal 6.349843e-01 6.349612e-01 4.400219e-01
  outer loop
   vertex -3.482379e+01 -1.420989e+01 1.066442e+01
   vertex -3.464001e+01 -1.413209e+01 1.028695e+01
   vertex -3.457660e+01 -1.408502e+01 1.012752e+01
  endloop
 endfacet
 facet normal 9.923690e-01 1.233036e-01 0.000000e+00
  outer loop
   vertex 4.717614e+01 7.049970e+00 4.840000e+01
   vertex 4.746693e+01 4.709576e+00 5.440000e+01
   vertex 4.746693e+01 4.709576e+00 4.840000e+01
  endloop
 endfacet
 facet normal 9.972506e-01 7.410254e-02 0.000000e+00
  outer loop
   vertex 4.746693e+01 4.709576e+00 4.840000e+01
   vertex 4.764170e+01 2.357670e+00 5.440000e+01
   vertex 4.764170e+01 2.357670e+00 4.840000e+01
  endloop
 endfacet
 facet normal 9.753462e-01 2.206804e-01 0.000000e+00
  outer loop
   vertex 4.624957e+01 1.167338e+01 4.840000e+01
   vertex 4.677002e+01 9.373130e+00 5.440000e+01
   vertex 4.677002e+01 9.373130e+00 4.840000e+01
  endloop
 endfacet
 facet normal 9.487921e-01 3.159011e-01 0.000000e+00
  outer loop
   vertex 4.487104e+01 1.618271e+01 4.840000e+01
   vertex 4.561605e+01 1.394509e+01 5.440000e+01
   vertex 4.561605e+01 1.394509e+01 4.840000e+01
  endloop
 endfacet
 facet normal 9.320179e-01 3.624122e-01 0.000000e+00
  outer loop
   vertex 4.487104e+01 1.618271e+01 5.440000e+01
   vertex 4.401633e+01 1.838077e+01 4.840000e+01
   vertex 4.401633e+01 1.838077e+01 5.440000e+01
  endloop
 endfacet
 facet normal 9.632463e-01 2.686198e-01 0.000000e+00
  outer loop
   vertex 4.561605e+01 1.394509e+01 4.840000e+01
   vertex 4.624957e+01 1.167338e+01 5.440000e+01
   vertex 4.624957e+01 1.167338e+01 4.840000e+01
  endloop
 endfacet
 facet normal 9.850616e-01 1.722023e-01 0.000000e+00
  outer loop
   vertex 4.677002e+01 9.373130e+00 4.840000e+01
   vertex 4.717614e+01 7.049970e+00 5.440000e+01
   vertex 4.717614e+01 7.049970e+00 4.840000e+01
  endloop
 endfacet
 facet normal 8.916828e-01 4.526608e-01 0.000000e+00
  outer loop
   vertex 4.198647e+01 2.263684e+01 4.840000e+01
   vertex 4.305402e+01 2.053390e+01 5.440000e+01
   vertex 4.305402e+01 2.053390e+01 4.840000e+01
  endloop
 endfacet
 facet normal 8.426328e-01 5.384886e-01 0.000000e+00
  outer loop
   vertex 3.954631e+01 2.667169e+01 4.840000e+01
   vertex 4.081628e+01 2.468444e+01 5.440000e+01
   vertex 4.081628e+01 2.468444e+01 4.840000e+01
  endloop
 endfacet
 facet normal 8.682182e-01 4.961827e-01 0.000000e+00
  outer loop
   vertex 4.081628e+01 2.468444e+01 4.840000e+01
   vertex 4.198647e+01 2.263684e+01 5.440000e+01
   vertex 4.198647e+01 2.263684e+01 4.840000e+01
  endloop
 endfacet
 facet normal 7.853491e-01 6.190531e-01 0.000000e+00
  outer loop
   vertex 3.671970e+01 3.044591e+01 4.840000e+01
   vertex 3.817967e+01 2.859375e+01 5.440000e+01
   vertex 3.817967e+01 2.859375e+01 4.840000e+01
  endloop
 endfacet
 facet normal 7.537900e-01 6.571154e-01 0.000000e+00
  outer loop
   vertex 3.516997e+01 3.222364e+01 4.840000e+01
   vertex 3.671970e+01 3.044591e+01 5.440000e+01
   vertex 3.671970e+01 3.044591e+01 4.840000e+01
  endloop
 endfacet
 facet normal 8.149871e-01 5.794791e-01 0.000000e+00
  outer loop
   vertex 3.817967e+01 2.859375e+01 4.840000e+01
   vertex 3.954631e+01 2.667169e+01 5.440000e+01
   vertex 3.954631e+01 2.667169e+01 4.840000e+01
  endloop
 endfacet
 facet normal 9.129660e-01 4.080356e-01 0.000000e+00
  outer loop
   vertex 4.305402e+01 2.053390e+01 4.840000e+01
   vertex 4.401633e+01 1.838077e+01 5.440000e+01
   vertex 4.401633e+01 1.838077e+01 4.840000e+01
  endloop
 endfacet
 facet normal -9.090318e-01 4.167268e-01 0.000000e+00
  outer loop
   vertex -4.619398e+01 1.913417e+01 4.482207e+01
   vertex -4.464650e+01 2.250978e+01 4.436103e+01
   vertex -4.619398e+01 1.913417e+01 4.436103e+01
  endloop
 endfacet
 facet normal -9.374530e-01 3.481119e-01 0.000000e+00
  outer loop
   vertex -4.748666e+01 1.565302e+01 4.482207e+01
   vertex -4.619398e+01 1.913417e+01 4.436103e+01
   vertex -4.748666e+01 1.565302e+01 4.436103e+01
  endloop
 endfacet
 facet normal 4.340098e-01 -9.008217e-01 1.248078e-02
  outer loop
   vertex -1.935469e+01 4.228056e+01 4.805840e+01
   vertex -2.077914e+01 4.159901e+01 4.840000e+01
   vertex -2.100352e+01 4.148617e+01 4.805840e+01
  endloop
 endfacet
 facet normal 4.691308e-01 -8.830596e-01 1.104474e-02
  outer loop
   vertex -2.100352e+01 4.148617e+01 4.805840e+01
   vertex -2.242954e+01 4.073286e+01 4.840000e+01
   vertex -2.261981e+01 4.062750e+01 4.805840e+01
  endloop
 endfacet
 facet normal 5.371388e-01 -8.434565e-01 7.943686e-03
  outer loop
   vertex -2.420107e+01 3.970590e+01 4.805840e+01
   vertex -2.561965e+01 3.880572e+01 4.840000e+01
   vertex -2.574482e+01 3.872279e+01 4.805840e+01
  endloop
 endfacet
 facet normal 5.699216e-01 -8.216751e-01 6.276902e-03
  outer loop
   vertex -2.574482e+01 3.872279e+01 4.805840e+01
   vertex -2.715422e+01 3.774782e+01 4.840000e+01
   vertex -2.724870e+01 3.767968e+01 4.805840e+01
  endloop
 endfacet
 facet normal 5.035251e-01 -8.639281e-01 9.525624e-03
  outer loop
   vertex -2.261981e+01 4.062750e+01 4.805840e+01
   vertex -2.404391e+01 3.980126e+01 4.840000e+01
   vertex -2.420107e+01 3.970590e+01 4.805840e+01
  endloop
 endfacet
 facet normal 6.327860e-01 -7.743218e-01 2.760059e-03
  outer loop
   vertex -2.871036e+01 3.657821e+01 4.805840e+01
   vertex -3.009009e+01 3.545189e+01 4.840000e+01
   vertex -3.012755e+01 3.542006e+01 4.805840e+01
  endloop
 endfacet
 facet normal 6.627688e-01 -7.488236e-01 8.830029e-04
  outer loop
   vertex -3.012755e+01 3.542006e+01 4.805840e+01
   vertex -3.148667e+01 3.421753e+01 4.840000e+01
   vertex -3.149806e+01 3.420705e+01 4.805840e+01
  endloop
 endfacet
 facet normal 7.201255e-01 -6.938375e-01 -2.959467e-03
  outer loop
   vertex -3.283266e+01 3.292820e+01 4.840000e+01
   vertex -3.412589e+01 3.158597e+01 4.840000e+01
   vertex -3.409065e+01 3.162401e+01 4.805840e+01
  endloop
 endfacet
 facet normal 7.733664e-01 -6.339255e-01 -6.544514e-03
  outer loop
   vertex -3.536430e+01 3.019299e+01 4.840000e+01
   vertex -3.654589e+01 2.875149e+01 4.840000e+01
   vertex -3.647207e+01 2.884507e+01 4.805840e+01
  endloop
 endfacet
 facet normal 7.473478e-01 -6.644158e-01 -4.789440e-03
  outer loop
   vertex -3.412589e+01 3.158597e+01 4.840000e+01
   vertex -3.536430e+01 3.019299e+01 4.840000e+01
   vertex -3.530871e+01 3.025798e+01 4.805840e+01
  endloop
 endfacet
 facet normal 6.917442e-01 -7.221419e-01 -1.057640e-03
  outer loop
   vertex -3.148667e+01 3.421753e+01 4.840000e+01
   vertex -3.283266e+01 3.292820e+01 4.840000e+01
   vertex -3.281977e+01 3.294104e+01 4.805840e+01
  endloop
 endfacet
 facet normal 6.018217e-01 -7.986175e-01 4.554630e-03
  outer loop
   vertex -2.724870e+01 3.767968e+01 4.805840e+01
   vertex -2.864517e+01 3.662928e+01 4.840000e+01
   vertex -2.871036e+01 3.657821e+01 4.805840e+01
  endloop
 endfacet
 facet normal 8.216291e-01 -5.699372e-01 -9.856319e-03
  outer loop
   vertex -3.766875e+01 2.726380e+01 4.840000e+01
   vertex -3.873110e+01 2.573231e+01 4.840000e+01
   vertex -3.862757e+01 2.588747e+01 4.805840e+01
  endloop
 endfacet
 facet normal 8.437956e-01 -5.365438e-01 -1.139456e-02
  outer loop
   vertex -3.873110e+01 2.573231e+01 4.840000e+01
   vertex -3.973122e+01 2.415947e+01 4.840000e+01
   vertex -3.961637e+01 2.434734e+01 4.805840e+01
  endloop
 endfacet
 facet normal 8.840224e-01 -4.672268e-01 -1.426836e-02
  outer loop
   vertex -4.066750e+01 2.254782e+01 4.840000e+01
   vertex -4.153845e+01 2.089993e+01 4.840000e+01
   vertex -4.140842e+01 2.115639e+01 4.805840e+01
  endloop
 endfacet
 facet normal 9.185641e-01 -3.949126e-01 -1.685443e-02
  outer loop
   vertex -4.234265e+01 1.921848e+01 4.840000e+01
   vertex -4.307883e+01 1.750614e+01 4.840000e+01
   vertex -4.294397e+01 1.783438e+01 4.805840e+01
  endloop
 endfacet
 facet normal 9.020189e-01 -4.314147e-01 -1.559350e-02
  outer loop
   vertex -4.153845e+01 2.089993e+01 4.840000e+01
   vertex -4.234265e+01 1.921848e+01 4.840000e+01
   vertex -4.220889e+01 1.951050e+01 4.805840e+01
  endloop
 endfacet
 facet normal 8.646046e-01 -5.022881e-01 -1.286817e-02
  outer loop
   vertex -3.973122e+01 2.415947e+01 4.840000e+01
   vertex -4.066750e+01 2.254782e+01 4.840000e+01
   vertex -4.054380e+01 2.276950e+01 4.805840e+01
  endloop
 endfacet
 facet normal 9.472020e-01 -3.200647e-01 -1.915721e-02
  outer loop
   vertex -4.374578e+01 1.576567e+01 4.840000e+01
   vertex -4.434246e+01 1.399987e+01 4.840000e+01
   vertex -4.421352e+01 1.440191e+01 4.805840e+01
  endloop
 endfacet
 facet normal 9.592478e-01 -2.818427e-01 -2.020671e-02
  outer loop
   vertex -4.434246e+01 1.399987e+01 4.840000e+01
   vertex -4.486789e+01 1.221158e+01 4.840000e+01
   vertex -4.474601e+01 1.265086e+01 4.805840e+01
  endloop
 endfacet
 facet normal 9.787000e-01 -2.041048e-01 -2.208051e-02
  outer loop
   vertex -4.532123e+01 1.040367e+01 4.840000e+01
   vertex -4.570175e+01 8.579049e+00 4.840000e+01
   vertex -4.560233e+01 9.092725e+00 4.805840e+01
  endloop
 endfacet
 facet normal 9.918663e-01 -1.250639e-01 -2.366878e-02
  outer loop
   vertex -4.600885e+01 6.740640e+00 4.840000e+01
   vertex -4.624202e+01 4.891401e+00 4.840000e+01
   vertex -4.617617e+01 5.478262e+00 4.805840e+01
  endloop
 endfacet
 facet normal 9.860746e-01 -1.647196e-01 -2.289831e-02
  outer loop
   vertex -4.570175e+01 8.579049e+00 4.840000e+01
   vertex -4.600885e+01 6.740640e+00 4.840000e+01
   vertex -4.592482e+01 7.291141e+00 4.805840e+01
  endloop
 endfacet
 facet normal 9.697525e-01 -2.431703e-01 -2.117561e-02
  outer loop
   vertex -4.486789e+01 1.221158e+01 4.840000e+01
   vertex -4.532123e+01 1.040367e+01 4.840000e+01
   vertex -4.520919e+01 1.088022e+01 4.805840e+01
  endloop
 endfacet
 facet normal 9.336338e-01 -3.577745e-01 -1.803900e-02
  outer loop
   vertex -4.307883e+01 1.750614e+01 4.840000e+01
   vertex -4.374578e+01 1.576567e+01 4.840000e+01
   vertex -4.361253e+01 1.613064e+01 4.805840e+01
  endloop
 endfacet
 facet normal 7.981408e-01 -6.024148e-01 -8.232163e-03
  outer loop
   vertex -3.654589e+01 2.875149e+01 4.840000e+01
   vertex -3.766875e+01 2.726380e+01 4.840000e+01
   vertex -3.757893e+01 2.738748e+01 4.805840e+01
  endloop
 endfacet
 facet normal 9.986646e-01 -4.522690e-02 -2.497154e-02
  outer loop
   vertex -4.640089e+01 3.034303e+00 4.840000e+01
   vertex -4.648522e+01 1.172330e+00 4.840000e+01
   vertex -4.646398e+01 1.829866e+00 4.805840e+01
  endloop
 endfacet
 facet normal 9.996611e-01 -5.170179e-03 -2.551471e-02
  outer loop
   vertex -4.648522e+01 1.172330e+00 4.840000e+01
   vertex -4.649486e+01 -6.915267e-01 4.840000e+01
   vertex -4.650000e+01 2.847304e-15 4.805840e+01
  endloop
 endfacet
 facet normal 9.968710e-01 7.490776e-02 -2.523860e-02
  outer loop
   vertex -4.642979e+01 -2.554272e+00 4.840000e+01
   vertex -4.629013e+01 -4.412914e+00 4.840000e+01
   vertex -4.634922e+01 -3.741695e+00 4.805840e+01
  endloop
 endfacet
 facet normal 9.930723e-01 1.147968e-01 -2.508198e-02
  outer loop
   vertex -4.629013e+01 -4.412914e+00 4.840000e+01
   vertex -4.607610e+01 -6.264466e+00 4.840000e+01
   vertex -4.616096e+01 -5.604956e+00 4.805840e+01
  endloop
 endfacet
 facet normal 9.990688e-01 3.489628e-02 -2.537290e-02
  outer loop
   vertex -4.649486e+01 -6.915267e-01 4.840000e+01
   vertex -4.642979e+01 -2.554272e+00 4.840000e+01
   vertex -4.646229e+01 -1.872366e+00 4.805840e+01
  endloop
 endfacet
 facet normal 9.806960e-01 1.939620e-01 -2.477872e-02
  outer loop
   vertex -4.578803e+01 -8.105952e+00 4.840000e+01
   vertex -4.542640e+01 -9.934415e+00 4.840000e+01
   vertex -4.556026e+01 -9.301195e+00 4.805840e+01
  endloop
 endfacet
 facet normal 9.721387e-01 2.331092e-01 -2.462606e-02
  outer loop
   vertex -4.542640e+01 -9.934415e+00 4.840000e+01
   vertex -4.499178e+01 -1.174692e+01 4.840000e+01
   vertex -4.514880e+01 -1.112818e+01 4.805840e+01
  endloop
 endfacet
 facet normal 9.503552e-01 3.102181e-01 -2.428234e-02
  outer loop
   vertex -4.448487e+01 -1.354054e+01 4.840000e+01
   vertex -4.390649e+01 -1.531242e+01 4.840000e+01
   vertex -4.410695e+01 -1.472506e+01 4.805840e+01
  endloop
 endfacet
 facet normal 9.224664e-01 3.853353e-01 -2.392512e-02
  outer loop
   vertex -4.325757e+01 -1.705969e+01 4.840000e+01
   vertex -4.253914e+01 -1.877955e+01 4.840000e+01
   vertex -4.277905e+01 -1.822645e+01 4.805840e+01
  endloop
 endfacet
 facet normal 9.371640e-01 3.480552e-01 -2.410680e-02
  outer loop
   vertex -4.390649e+01 -1.531242e+01 4.840000e+01
   vertex -4.325757e+01 -1.705969e+01 4.840000e+01
   vertex -4.347826e+01 -1.648913e+01 4.805840e+01
  endloop
 endfacet
 facet normal 9.620202e-01 2.718805e-01 -2.445472e-02
  outer loop
   vertex -4.499178e+01 -1.174692e+01 4.840000e+01
   vertex -4.448487e+01 -1.354054e+01 4.840000e+01
   vertex -4.466409e+01 -1.293711e+01 4.805840e+01
  endloop
 endfacet
 facet normal 9.876773e-01 1.545040e-01 -2.493930e-02
  outer loop
   vertex -4.607610e+01 -6.264466e+00 4.840000e+01
   vertex -4.578803e+01 -8.105952e+00 4.840000e+01
   vertex -4.589784e+01 -7.459125e+00 4.805840e+01
  endloop
 endfacet
 facet normal 8.886510e-01 4.579789e-01 -2.355239e-02
  outer loop
   vertex -4.175237e+01 -2.046924e+01 4.840000e+01
   vertex -4.089851e+01 -2.212604e+01 4.840000e+01
   vertex -4.117371e+01 -2.160963e+01 4.805840e+01
  endloop
 endfacet
 facet normal 8.695883e-01 4.932252e-01 -2.334794e-02
  outer loop
   vertex -4.089851e+01 -2.212604e+01 4.840000e+01
   vertex -3.997895e+01 -2.374729e+01 4.840000e+01
   vertex -4.027018e+01 -2.325000e+01 4.805840e+01
  endloop
 endfacet
 facet normal 8.273008e-01 5.612904e-01 -2.294381e-02
  outer loop
   vertex -3.899515e+01 -2.533038e+01 4.840000e+01
   vertex -3.794870e+01 -2.687278e+01 4.840000e+01
   vertex -3.826875e+01 -2.641501e+01 4.805840e+01
  endloop
 endfacet
 facet normal 7.796992e-01 6.257490e-01 -2.252252e-02
  outer loop
   vertex -3.684127e+01 -2.837200e+01 4.840000e+01
   vertex -3.567466e+01 -2.982564e+01 4.840000e+01
   vertex -3.601913e+01 -2.940871e+01 4.805840e+01
  endloop
 endfacet
 facet normal 8.041474e-01 5.939951e-01 -2.273094e-02
  outer loop
   vertex -3.794870e+01 -2.687278e+01 4.840000e+01
   vertex -3.684127e+01 -2.837200e+01 4.840000e+01
   vertex -3.717409e+01 -2.793451e+01 4.805840e+01
  endloop
 endfacet
 facet normal 8.491272e-01 5.276810e-01 -2.314564e-02
  outer loop
   vertex -3.997895e+01 -2.374729e+01 4.840000e+01
   vertex -3.899515e+01 -2.533038e+01 4.840000e+01
   vertex -3.930134e+01 -2.485266e+01 4.805840e+01
  endloop
 endfacet
 facet normal 7.270888e-01 6.861884e-01 -2.207678e-02
  outer loop
   vertex -3.445072e+01 -3.123136e+01 4.840000e+01
   vertex -3.317144e+01 -3.258689e+01 4.840000e+01
   vertex -3.353592e+01 -3.221168e+01 4.805840e+01
  endloop
 endfacet
 facet normal 6.990092e-01 7.147789e-01 -2.184500e-02
  outer loop
   vertex -3.317144e+01 -3.258689e+01 4.840000e+01
   vertex -3.183886e+01 -3.389008e+01 4.840000e+01
   vertex -3.221168e+01 -3.353592e+01 4.805840e+01
  endloop
 endfacet
 facet normal 6.395270e-01 7.684716e-01 -2.136740e-02
  outer loop
   vertex -3.045512e+01 -3.513881e+01 4.840000e+01
   vertex -2.902245e+01 -3.633108e+01 4.840000e+01
   vertex -2.940871e+01 -3.601913e+01 4.805840e+01
  endloop
 endfacet
 facet normal 5.759342e-01 8.172297e-01 -2.086646e-02
  outer loop
   vertex -2.754315e+01 -3.746498e+01 4.840000e+01
   vertex -2.601960e+01 -3.853869e+01 4.840000e+01
   vertex -2.641501e+01 -3.826875e+01 4.805840e+01
  endloop
 endfacet
 facet normal 6.082187e-01 7.934886e-01 -2.111736e-02
  outer loop
   vertex -2.902245e+01 -3.633108e+01 4.840000e+01
   vertex -2.754315e+01 -3.746498e+01 4.840000e+01
   vertex -2.793451e+01 -3.717409e+01 4.805840e+01
  endloop
 endfacet
 facet normal 6.698055e-01 7.422222e-01 -2.160544e-02
  outer loop
   vertex -3.183886e+01 -3.389008e+01 4.840000e+01
   vertex -3.045512e+01 -3.513881e+01 4.840000e+01
   vertex -3.083520e+01 -3.480575e+01 4.805840e+01
  endloop
 endfacet
 facet normal 7.540006e-01 6.564952e-01 -2.229669e-02
  outer loop
   vertex -3.567466e+01 -2.982564e+01 4.840000e+01
   vertex -3.445072e+01 -3.123136e+01 4.840000e+01
   vertex -3.480575e+01 -3.083520e+01 4.805840e+01
  endloop
 endfacet
 facet normal 9.062866e-01 4.219966e-01 -2.373773e-02
  outer loop
   vertex -4.253914e+01 -1.877955e+01 4.840000e+01
   vertex -4.175237e+01 -2.046924e+01 4.840000e+01
   vertex -4.201044e+01 -1.993420e+01 4.805840e+01
  endloop
 endfacet
 facet normal 9.960648e-01 -8.521526e-02 -2.435831e-02
  outer loop
   vertex -4.624202e+01 4.891401e+00 4.840000e+01
   vertex -4.640089e+01 3.034303e+00 4.840000e+01
   vertex -4.635598e+01 3.656897e+00 4.805840e+01
  endloop
 endfacet
 facet normal 5.427219e-01 8.396594e-01 -2.061672e-02
  outer loop
   vertex -2.601960e+01 -3.853869e+01 4.840000e+01
   vertex -2.445424e+01 -3.955047e+01 4.840000e+01
   vertex -2.485266e+01 -3.930134e+01 4.805840e+01
  endloop
 endfacet
 facet normal 5.086406e-01 8.607383e-01 -2.035469e-02
  outer loop
   vertex -2.445424e+01 -3.955047e+01 4.840000e+01
   vertex -2.284960e+01 -4.049871e+01 4.840000e+01
   vertex -2.325000e+01 -4.027018e+01 4.805840e+01
  endloop
 endfacet
 facet normal 4.737405e-01 8.804353e-01 -2.009028e-02
  outer loop
   vertex -2.284960e+01 -4.049871e+01 4.840000e+01
   vertex -2.120824e+01 -4.138189e+01 4.840000e+01
   vertex -2.160963e+01 -4.117371e+01 4.805840e+01
  endloop
 endfacet
 facet normal 4.017116e-01 9.155576e-01 -1.954622e-02
  outer loop
   vertex -1.953280e+01 -4.219857e+01 4.840000e+01
   vertex -1.782598e+01 -4.294746e+01 4.840000e+01
   vertex -1.822645e+01 -4.277905e+01 4.805840e+01
  endloop
 endfacet
 facet normal 3.646990e-01 9.309261e-01 -1.926687e-02
  outer loop
   vertex -1.782598e+01 -4.294746e+01 4.840000e+01
   vertex -1.609053e+01 -4.362734e+01 4.840000e+01
   vertex -1.648913e+01 -4.347826e+01 4.805840e+01
  endloop
 endfacet
 facet normal 4.380774e-01 8.987188e-01 -1.981714e-02
  outer loop
   vertex -2.120824e+01 -4.138189e+01 4.840000e+01
   vertex -1.953280e+01 -4.219857e+01 4.840000e+01
   vertex -1.993420e+01 -4.201044e+01 4.805840e+01
  endloop
 endfacet
 facet normal 2.889763e-01 9.571538e-01 -1.869116e-02
  outer loop
   vertex -1.432922e+01 -4.423713e+01 4.840000e+01
   vertex -1.254488e+01 -4.477584e+01 4.840000e+01
   vertex -1.293711e+01 -4.466409e+01 4.805840e+01
  endloop
 endfacet
 facet normal 2.503867e-01 9.679710e-01 -1.840138e-02
  outer loop
   vertex -1.254488e+01 -4.477584e+01 4.840000e+01
   vertex -1.074039e+01 -4.524261e+01 4.840000e+01
   vertex -1.112818e+01 -4.514880e+01 4.805840e+01
  endloop
 endfacet
 facet normal 1.720645e-01 9.849250e-01 -1.779059e-02
  outer loop
   vertex -8.918650e+00 -4.563669e+01 4.840000e+01
   vertex -7.082575e+00 -4.595745e+01 4.840000e+01
   vertex -7.459125e+00 -4.589784e+01 4.805840e+01
  endloop
 endfacet
 facet normal 9.263165e-02 9.955524e-01 -1.716981e-02
  outer loop
   vertex -5.235121e+00 -4.620437e+01 4.840000e+01
   vertex -3.379255e+00 -4.637705e+01 4.840000e+01
   vertex -3.741695e+00 -4.634922e+01 4.805840e+01
  endloop
 endfacet
 facet normal 1.324548e-01 9.910351e-01 -1.747111e-02
  outer loop
   vertex -7.082575e+00 -4.595745e+01 4.840000e+01
   vertex -5.235121e+00 -4.620437e+01 4.840000e+01
   vertex -5.604956e+00 -4.616096e+01 4.805840e+01
  endloop
 endfacet
 facet normal 2.113957e-01 9.772331e-01 -1.809445e-02
  outer loop
   vertex -1.074039e+01 -4.524261e+01 4.840000e+01
   vertex -8.918650e+00 -4.563669e+01 4.840000e+01
   vertex -9.301195e+00 -4.556026e+01 4.805840e+01
  endloop
 endfacet
 facet normal 3.271008e-01 9.447988e-01 -1.897983e-02
  outer loop
   vertex -1.609053e+01 -4.362734e+01 4.840000e+01
   vertex -1.432922e+01 -4.423713e+01 4.840000e+01
   vertex -1.472506e+01 -4.410695e+01 4.805840e+01
  endloop
 endfacet
 facet normal 1.260559e-02 9.997840e-01 -1.652216e-02
  outer loop
   vertex -1.517961e+00 -4.647522e+01 4.840000e+01
   vertex 3.457729e-01 -4.649871e+01 4.840000e+01
   vertex 1.536285e-31 -4.650000e+01 4.805840e+01
  endloop
 endfacet
 facet normal -2.747256e-02 9.994914e-01 -1.619270e-02
  outer loop
   vertex 3.457729e-01 -4.649871e+01 4.840000e+01
   vertex 2.208951e+00 -4.644750e+01 4.840000e+01
   vertex 1.872366e+00 -4.646229e+01 4.805840e+01
  endloop
 endfacet
 facet normal -1.074316e-01 9.940914e-01 -1.551336e-02
  outer loop
   vertex 4.068580e+00 -4.632167e+01 4.840000e+01
   vertex 5.921672e+00 -4.612140e+01 4.840000e+01
   vertex 5.604956e+00 -4.616096e+01 4.805840e+01
  endloop
 endfacet
 facet normal -1.867008e-01 9.823050e-01 -1.482139e-02
  outer loop
   vertex 7.765250e+00 -4.584704e+01 4.840000e+01
   vertex 9.596351e+00 -4.549901e+01 4.840000e+01
   vertex 9.301195e+00 -4.556026e+01 4.805840e+01
  endloop
 endfacet
 facet normal -1.471836e-01 9.889927e-01 -1.517729e-02
  outer loop
   vertex 5.921672e+00 -4.612140e+01 4.840000e+01
   vertex 7.765250e+00 -4.584704e+01 4.840000e+01
   vertex 7.459125e+00 -4.589784e+01 4.805840e+01
  endloop
 endfacet
 facet normal -6.750408e-02 9.975929e-01 -1.585899e-02
  outer loop
   vertex 2.208951e+00 -4.644750e+01 4.840000e+01
   vertex 4.068580e+00 -4.632167e+01 4.840000e+01
   vertex 3.741695e+00 -4.634922e+01 4.805840e+01
  endloop
 endfacet
 facet normal -2.647722e-01 9.642077e-01 -1.411236e-02
  outer loop
   vertex 1.141203e+01 -4.507788e+01 4.840000e+01
   vertex 1.320938e+01 -4.458433e+01 4.840000e+01
   vertex 1.293711e+01 -4.466409e+01 4.805840e+01
  endloop
 endfacet
 facet normal -3.032037e-01 9.528266e-01 -1.374938e-02
  outer loop
   vertex 1.320938e+01 -4.458433e+01 4.840000e+01
   vertex 1.498551e+01 -4.401914e+01 4.840000e+01
   vertex 1.472506e+01 -4.410695e+01 4.805840e+01
  endloop
 endfacet
 facet normal -3.785411e-01 9.254931e-01 -1.301016e-02
  outer loop
   vertex 1.673755e+01 -4.338322e+01 4.840000e+01
   vertex 1.846271e+01 -4.267761e+01 4.840000e+01
   vertex 1.822645e+01 -4.277905e+01 4.805840e+01
  endloop
 endfacet
 facet normal -4.514489e-01 8.922130e-01 -1.224257e-02
  outer loop
   vertex 2.015820e+01 -4.190342e+01 4.840000e+01
   vertex 2.182130e+01 -4.106191e+01 4.840000e+01
   vertex 2.160963e+01 -4.117371e+01 4.805840e+01
  endloop
 endfacet
 facet normal -4.153290e-01 9.095836e-01 -1.262634e-02
  outer loop
   vertex 1.846271e+01 -4.267761e+01 4.840000e+01
   vertex 2.015820e+01 -4.190342e+01 4.840000e+01
   vertex 1.993420e+01 -4.201044e+01 4.805840e+01
  endloop
 endfacet
 facet normal -3.411466e-01 9.399148e-01 -1.338571e-02
  outer loop
   vertex 1.498551e+01 -4.401914e+01 4.840000e+01
   vertex 1.673755e+01 -4.338322e+01 4.840000e+01
   vertex 1.648913e+01 -4.347826e+01 4.805840e+01
  endloop
 endfacet
 facet normal -2.259193e-01 9.740384e-01 -1.447820e-02
  outer loop
   vertex 9.596351e+00 -4.549901e+01 4.840000e+01
   vertex 1.141203e+01 -4.507788e+01 4.840000e+01
   vertex 1.112818e+01 -4.514880e+01 4.805840e+01
  endloop
 endfacet
 facet normal 5.266080e-02 9.984703e-01 -1.684739e-02
  outer loop
   vertex -3.379255e+00 -4.637705e+01 4.840000e+01
   vertex -1.517961e+00 -4.647522e+01 4.840000e+01
   vertex -1.872366e+00 -4.646229e+01 4.805840e+01
  endloop
 endfacet
 facet normal -5.214581e-01 8.531999e-01 -1.146033e-02
  outer loop
   vertex 2.344935e+01 -4.015443e+01 4.840000e+01
   vertex 2.503971e+01 -3.918243e+01 4.840000e+01
   vertex 2.485266e+01 -3.930134e+01 4.805840e+01
  endloop
 endfacet
 facet normal -5.552338e-01 8.316208e-01 -1.105888e-02
  outer loop
   vertex 2.503971e+01 -3.918243e+01 4.840000e+01
   vertex 2.658985e+01 -3.814747e+01 4.840000e+01
   vertex 2.641501e+01 -3.826875e+01 4.805840e+01
  endloop
 endfacet
 facet normal -6.200570e-01 7.844899e-01 -1.024605e-02
  outer loop
   vertex 2.809727e+01 -3.705123e+01 4.840000e+01
   vertex 2.955954e+01 -3.589545e+01 4.840000e+01
   vertex 2.940871e+01 -3.601913e+01 4.805840e+01
  endloop
 endfacet
 facet normal -6.510009e-01 7.590133e-01 -9.825422e-03
  outer loop
   vertex 2.955954e+01 -3.589545e+01 4.840000e+01
   vertex 3.097432e+01 -3.468201e+01 4.840000e+01
   vertex 3.083520e+01 -3.480575e+01 4.805840e+01
  endloop
 endfacet
 facet normal -5.881186e-01 8.087045e-01 -1.065530e-02
  outer loop
   vertex 2.658985e+01 -3.814747e+01 4.840000e+01
   vertex 2.809727e+01 -3.705123e+01 4.840000e+01
   vertex 2.793451e+01 -3.717409e+01 4.805840e+01
  endloop
 endfacet
 facet normal -7.097021e-01 7.044445e-01 -8.992584e-03
  outer loop
   vertex 3.233933e+01 -3.341283e+01 4.840000e+01
   vertex 3.365239e+01 -3.208998e+01 4.840000e+01
   vertex 3.353592e+01 -3.221168e+01 4.805840e+01
  endloop
 endfacet
 facet normal -7.373652e-01 6.754402e-01 -8.553107e-03
  outer loop
   vertex 3.365239e+01 -3.208998e+01 4.840000e+01
   vertex 3.491137e+01 -3.071557e+01 4.840000e+01
   vertex 3.480575e+01 -3.083520e+01 4.805840e+01
  endloop
 endfacet
 facet normal -7.890964e-01 6.142213e-01 -7.684878e-03
  outer loop
   vertex 3.611427e+01 -2.929181e+01 4.840000e+01
   vertex 3.725914e+01 -2.782098e+01 4.840000e+01
   vertex 3.717409e+01 -2.793451e+01 4.805840e+01
  endloop
 endfacet
 facet normal -8.357580e-01 5.490559e-01 -6.797970e-03
  outer loop
   vertex 3.834414e+01 -2.630545e+01 4.840000e+01
   vertex 3.936754e+01 -2.474766e+01 4.840000e+01
   vertex 3.930134e+01 -2.485266e+01 4.805840e+01
  endloop
 endfacet
 facet normal -8.130809e-01 5.821057e-01 -7.246028e-03
  outer loop
   vertex 3.725914e+01 -2.782098e+01 4.840000e+01
   vertex 3.834414e+01 -2.630545e+01 4.840000e+01
   vertex 3.826875e+01 -2.641501e+01 4.805840e+01
  endloop
 endfacet
 facet normal -7.638451e-01 6.453484e-01 -8.127652e-03
  outer loop
   vertex 3.491137e+01 -3.071557e+01 4.840000e+01
   vertex 3.611427e+01 -2.929181e+01 4.840000e+01
   vertex 3.601913e+01 -2.940871e+01 4.805840e+01
  endloop
 endfacet
 facet normal -6.808991e-01 7.323166e-01 -9.416943e-03
  outer loop
   vertex 3.097432e+01 -3.468201e+01 4.840000e+01
   vertex 3.233933e+01 -3.341283e+01 4.840000e+01
   vertex 3.221168e+01 -3.353592e+01 4.805840e+01
  endloop
 endfacet
 facet normal -8.770501e-01 4.803628e-01 -5.883719e-03
  outer loop
   vertex 4.032769e+01 -2.315011e+01 4.840000e+01
   vertex 4.122304e+01 -2.151537e+01 4.840000e+01
   vertex 4.117371e+01 -2.160963e+01 4.805840e+01
  endloop
 endfacet
 facet normal -8.955992e-01 4.448289e-01 -5.419207e-03
  outer loop
   vertex 4.122304e+01 -2.151537e+01 4.840000e+01
   vertex 4.205216e+01 -1.984605e+01 4.840000e+01
   vertex 4.201044e+01 -1.993420e+01 4.805840e+01
  endloop
 endfacet
 facet normal -9.283514e-01 3.716766e-01 -4.489800e-03
  outer loop
   vertex 4.281372e+01 -1.814485e+01 4.840000e+01
   vertex 4.350648e+01 -1.641449e+01 4.840000e+01
   vertex 4.347826e+01 -1.648913e+01 4.805840e+01
  endloop
 endfacet
 facet normal -9.551391e-01 2.961368e-01 -3.520008e-03
  outer loop
   vertex 4.412935e+01 -1.465777e+01 4.840000e+01
   vertex 4.468132e+01 -1.287749e+01 4.840000e+01
   vertex 4.466409e+01 -1.293711e+01 4.805840e+01
  endloop
 endfacet
 facet normal -9.425025e-01 3.341750e-01 -4.008139e-03
  outer loop
   vertex 4.350648e+01 -1.641449e+01 4.840000e+01
   vertex 4.412935e+01 -1.465777e+01 4.840000e+01
   vertex 4.410695e+01 -1.472506e+01 4.805840e+01
  endloop
 endfacet
 facet normal -9.127089e-01 4.085803e-01 -4.961918e-03
  outer loop
   vertex 4.205216e+01 -1.984605e+01 4.840000e+01
   vertex 4.281372e+01 -1.814485e+01 4.840000e+01
   vertex 4.277905e+01 -1.822645e+01 4.805840e+01
  endloop
 endfacet
 facet normal -9.757908e-01 2.186911e-01 -2.539768e-03
  outer loop
   vertex 4.516150e+01 -1.107652e+01 4.840000e+01
   vertex 4.556911e+01 -9.257756e+00 4.840000e+01
   vertex 4.556026e+01 -9.301195e+00 4.805840e+01
  endloop
 endfacet
 facet normal -9.837722e-01 1.794103e-01 -2.049809e-03
  outer loop
   vertex 4.556911e+01 -9.257756e+00 4.840000e+01
   vertex 4.590351e+01 -7.424118e+00 4.840000e+01
   vertex 4.589784e+01 -7.459125e+00 4.805840e+01
  endloop
 endfacet
 facet normal -9.949821e-01 1.000480e-01 -1.032200e-03
  outer loop
   vertex 4.616416e+01 -5.578550e+00 4.840000e+01
   vertex 4.635064e+01 -3.724020e+00 4.840000e+01
   vertex 4.634922e+01 -3.741695e+00 4.805840e+01
  endloop
 endfacet
 facet normal -9.997991e-01 2.004276e-02 2.179646e-16
  outer loop
   vertex 4.646264e+01 -1.863507e+00 4.840000e+01
   vertex 4.650000e+01 -8.320563e-16 4.840000e+01
   vertex 4.650000e+01 3.106262e-15 4.805840e+01
  endloop
 endfacet
 facet normal -9.981927e-01 6.009143e-02 -5.217220e-04
  outer loop
   vertex 4.635064e+01 -3.724020e+00 4.840000e+01
   vertex 4.646264e+01 -1.863507e+00 4.840000e+01
   vertex 4.646229e+01 -1.872366e+00 4.805840e+01
  endloop
 endfacet
 facet normal -9.901725e-01 1.398427e-01 -1.532546e-03
  outer loop
   vertex 4.590351e+01 -7.424118e+00 4.840000e+01
   vertex 4.616416e+01 -5.578550e+00 4.840000e+01
   vertex 4.616096e+01 -5.604956e+00 4.805840e+01
  endloop
 endfacet
 facet normal -9.662416e-01 2.576199e-01 -3.037551e-03
  outer loop
   vertex 4.468132e+01 -1.287749e+01 4.840000e+01
   vertex 4.516150e+01 -1.107652e+01 4.840000e+01
   vertex 4.514880e+01 -1.112818e+01 4.805840e+01
  endloop
 endfacet
 facet normal -8.570927e-01 5.151232e-01 -6.341045e-03
  outer loop
   vertex 3.936754e+01 -2.474766e+01 4.840000e+01
   vertex 4.032769e+01 -2.315011e+01 4.840000e+01
   vertex 4.027018e+01 -2.325000e+01 4.805840e+01
  endloop
 endfacet
 facet normal -4.868456e-01 8.734076e-01 -1.185228e-02
  outer loop
   vertex 2.182130e+01 -4.106191e+01 4.840000e+01
   vertex 2.344935e+01 -4.015443e+01 4.840000e+01
   vertex 2.325000e+01 -4.027018e+01 4.805840e+01
  endloop
 endfacet
 facet normal -7.141358e-01 2.651854e-01 -6.478324e-01
  outer loop
   vertex 4.600687e+01 -1.905667e+01 4.418358e+01
   vertex 4.729432e+01 -1.558962e+01 4.418358e+01
   vertex 4.739049e+01 -1.562132e+01 4.406459e+01
  endloop
 endfacet
 facet normal -6.924915e-01 3.174586e-01 -6.478237e-01
  outer loop
   vertex 4.446566e+01 -2.241860e+01 4.418358e+01
   vertex 4.600687e+01 -1.905667e+01 4.418358e+01
   vertex 4.610042e+01 -1.909542e+01 4.406459e+01
  endloop
 endfacet
 facet normal -7.106801e-01 2.739612e-01 -6.479808e-01
  outer loop
   vertex 4.708455e+01 -1.682396e+01 4.394559e+01
   vertex 4.619398e+01 -1.913417e+01 4.394559e+01
   vertex 4.610042e+01 -1.909542e+01 4.406459e+01
  endloop
 endfacet
 facet normal -6.349747e-01 -6.349742e-01 -4.400169e-01
  outer loop
   vertex -3.703038e+01 -3.703038e+01 4.303038e+01
   vertex -1.488639e+01 -3.593892e+01 9.500000e+00
   vertex -3.889087e+01 -3.889087e+01 4.840000e+01
  endloop
 endfacet
 facet normal 0.000000e+00 0.000000e+00 1.000000e+00
  outer loop
   vertex -1.010334e-14 -5.500000e+01 4.840000e+01
   vertex -1.756091e+01 -4.681468e+01 4.840000e+01
   vertex -2.068554e+01 -4.552042e+01 4.840000e+01
  endloop
 endfacet
 facet normal -9.374530e-01 -3.481119e-01 -0.000000e+00
  outer loop
   vertex -4.619398e+01 -1.913417e+01 4.482207e+01
   vertex -4.748666e+01 -1.565302e+01 4.436103e+01
   vertex -4.619398e+01 -1.913417e+01 4.436103e+01
  endloop
 endfacet
 facet normal -9.090318e-01 -4.167268e-01 -0.000000e+00
  outer loop
   vertex -4.464650e+01 -2.250978e+01 4.482207e+01
   vertex -4.619398e+01 -1.913417e+01 4.436103e+01
   vertex -4.464650e+01 -2.250978e+01 4.436103e+01
  endloop
 endfacet
 facet normal 9.405316e-01 3.397062e-01 0.000000e+00
  outer loop
   vertex 4.667223e+01 1.793608e+01 4.482207e+01
   vertex 4.736156e+01 1.602755e+01 4.436103e+01
   vertex 4.667223e+01 1.793608e+01 4.436103e+01
  endloop
 endfacet
 facet normal 3.481119e-01 -9.374530e-01 0.000000e+00
  outer loop
   vertex 1.913417e+01 -4.619398e+01 4.482207e+01
   vertex 1.565302e+01 -4.748666e+01 4.436103e+01
   vertex 1.913417e+01 -4.619398e+01 4.436103e+01
  endloop
 endfacet
 facet normal 4.167268e-01 -9.090318e-01 0.000000e+00
  outer loop
   vertex 2.250978e+01 -4.464650e+01 4.482207e+01
   vertex 1.913417e+01 -4.619398e+01 4.436103e+01
   vertex 2.250978e+01 -4.464650e+01 4.436103e+01
  endloop
 endfacet
 facet normal -2.966979e-01 9.549714e-01 0.000000e+00
  outer loop
   vertex -1.537601e+01 4.757708e+01 4.468763e+01
   vertex -1.429177e+01 4.791394e+01 4.429382e+01
   vertex -1.537601e+01 4.757708e+01 4.429382e+01
  endloop
 endfacet
 facet normal -9.996095e-01 -2.794216e-02 0.000000e+00
  outer loop
   vertex -5.000000e+01 6.123234e-15 4.840000e+01
   vertex -4.992192e+01 -2.793088e+00 4.615000e+01
   vertex -4.992192e+01 -2.793088e+00 4.840000e+01
  endloop
 endfacet
 facet normal -9.964878e-01 -8.373775e-02 0.000000e+00
  outer loop
   vertex -4.968795e+01 -5.577454e+00 4.615000e+01
   vertex -4.992192e+01 -2.793088e+00 4.840000e+01
   vertex -4.992192e+01 -2.793088e+00 4.615000e+01
  endloop
 endfacet
 facet normal -4.167268e-01 -9.090318e-01 -0.000000e+00
  outer loop
   vertex -1.913417e+01 -4.619398e+01 4.482207e+01
   vertex -2.250978e+01 -4.464650e+01 4.436103e+01
   vertex -1.913417e+01 -4.619398e+01 4.436103e+01
  endloop
 endfacet
 facet normal -3.481119e-01 -9.374530e-01 -0.000000e+00
  outer loop
   vertex -1.565302e+01 -4.748666e+01 4.482207e+01
   vertex -1.913417e+01 -4.619398e+01 4.436103e+01
   vertex -1.565302e+01 -4.748666e+01 4.436103e+01
  endloop
 endfacet
 facet normal 9.090318e-01 -4.167268e-01 0.000000e+00
  outer loop
   vertex 4.619398e+01 -1.913417e+01 4.482207e+01
   vertex 4.464650e+01 -2.250978e+01 4.436103e+01
   vertex 4.619398e+01 -1.913417e+01 4.436103e+01
  endloop
 endfacet
 facet normal 9.374530e-01 -3.481119e-01 0.000000e+00
  outer loop
   vertex 4.748666e+01 -1.565302e+01 4.482207e+01
   vertex 4.619398e+01 -1.913417e+01 4.436103e+01
   vertex 4.748666e+01 -1.565302e+01 4.436103e+01
  endloop
 endfacet
 facet normal 2.794216e-02 -9.996095e-01 0.000000e+00
  outer loop
   vertex -9.184851e-15 -5.000000e+01 4.840000e+01
   vertex 2.793088e+00 -4.992192e+01 4.615000e+01
   vertex 2.793088e+00 -4.992192e+01 4.840000e+01
  endloop
 endfacet
 facet normal 8.373775e-02 -9.964878e-01 0.000000e+00
  outer loop
   vertex 5.577454e+00 -4.968795e+01 4.615000e+01
   vertex 2.793088e+00 -4.992192e+01 4.840000e+01
   vertex 2.793088e+00 -4.992192e+01 4.615000e+01
  endloop
 endfacet
 facet normal 9.964878e-01 8.373775e-02 0.000000e+00
  outer loop
   vertex 4.968795e+01 5.577454e+00 4.615000e+01
   vertex 4.992192e+01 2.793088e+00 4.502500e+01
   vertex 4.968795e+01 5.577454e+00 4.502500e+01
  endloop
 endfacet
 facet normal 9.964878e-01 8.373775e-02 0.000000e+00
  outer loop
   vertex 4.968795e+01 5.577454e+00 4.727500e+01
   vertex 4.992192e+01 2.793088e+00 4.615000e+01
   vertex 4.968795e+01 5.577454e+00 4.615000e+01
  endloop
 endfacet
 facet normal 9.996095e-01 2.794216e-02 0.000000e+00
  outer loop
   vertex 5.000000e+01 0.000000e+00 4.840000e+01
   vertex 4.992192e+01 2.793088e+00 4.727500e+01
   vertex 4.992192e+01 2.793088e+00 4.840000e+01
  endloop
 endfacet
 facet normal 9.964878e-01 8.373775e-02 0.000000e+00
  outer loop
   vertex 4.992192e+01 2.793088e+00 4.840000e+01
   vertex 4.968795e+01 5.577454e+00 4.727500e+01
   vertex 4.968795e+01 5.577454e+00 4.840000e+01
  endloop
 endfacet
 facet normal -7.265890e-01 6.870724e-01 0.000000e+00
  outer loop
   vertex -3.535534e+01 3.535534e+01 4.840000e+01
   vertex -3.727514e+01 3.332512e+01 4.615000e+01
   vertex -3.727514e+01 3.332512e+01 4.840000e+01
  endloop
 endfacet
 facet normal -7.638344e-01 6.454123e-01 0.000000e+00
  outer loop
   vertex -3.907854e+01 3.119083e+01 4.615000e+01
   vertex -3.727514e+01 3.332512e+01 4.840000e+01
   vertex -3.727514e+01 3.332512e+01 4.615000e+01
  endloop
 endfacet
 facet normal 4.167268e-01 9.090318e-01 0.000000e+00
  outer loop
   vertex 1.913417e+01 4.619398e+01 4.482207e+01
   vertex 2.250978e+01 4.464650e+01 4.436103e+01
   vertex 1.913417e+01 4.619398e+01 4.436103e+01
  endloop
 endfacet
 facet normal 3.481119e-01 9.374530e-01 0.000000e+00
  outer loop
   vertex 1.565302e+01 4.748666e+01 4.482207e+01
   vertex 1.913417e+01 4.619398e+01 4.436103e+01
   vertex 1.565302e+01 4.748666e+01 4.436103e+01
  endloop
 endfacet
 facet normal 9.964878e-01 -8.373775e-02 0.000000e+00
  outer loop
   vertex 4.992192e+01 -2.793088e+00 4.615000e+01
   vertex 4.968795e+01 -5.577454e+00 4.502500e+01
   vertex 4.992192e+01 -2.793088e+00 4.502500e+01
  endloop
 endfacet
 facet normal 9.964878e-01 -8.373775e-02 0.000000e+00
  outer loop
   vertex 4.992192e+01 -2.793088e+00 4.727500e+01
   vertex 4.968795e+01 -5.577454e+00 4.615000e+01
   vertex 4.992192e+01 -2.793088e+00 4.615000e+01
  endloop
 endfacet
 facet normal 9.964878e-01 -8.373775e-02 0.000000e+00
  outer loop
   vertex 4.968795e+01 -5.577454e+00 4.840000e+01
   vertex 4.992192e+01 -2.793088e+00 4.727500e+01
   vertex 4.992192e+01 -2.793088e+00 4.840000e+01
  endloop
 endfacet
 facet normal 9.996095e-01 -2.794216e-02 -1.003503e-16
  outer loop
   vertex 4.992192e+01 -2.793088e+00 4.727500e+01
   vertex 5.000000e+01 -7.164453e-15 4.691520e+01
   vertex 5.000000e+01 -1.224647e-14 4.840000e+01
  endloop
 endfacet
 facet normal 7.265890e-01 -6.870724e-01 0.000000e+00
  outer loop
   vertex 3.535534e+01 -3.535534e+01 4.840000e+01
   vertex 3.727514e+01 -3.332512e+01 4.615000e+01
   vertex 3.727514e+01 -3.332512e+01 4.840000e+01
  endloop
 endfacet
 facet normal 7.638344e-01 -6.454123e-01 0.000000e+00
  outer loop
   vertex 3.907854e+01 -3.119083e+01 4.615000e+01
   vertex 3.727514e+01 -3.332512e+01 4.840000e+01
   vertex 3.727514e+01 -3.332512e+01 4.615000e+01
  endloop
 endfacet
 facet normal -6.870724e-01 -7.265890e-01 0.000000e+00
  outer loop
   vertex -3.535534e+01 -3.535534e+01 4.840000e+01
   vertex -3.332512e+01 -3.727514e+01 4.615000e+01
   vertex -3.332512e+01 -3.727514e+01 4.840000e+01
  endloop
 endfacet
 facet normal -6.454123e-01 -7.638344e-01 0.000000e+00
  outer loop
   vertex -3.119083e+01 -3.907854e+01 4.615000e+01
   vertex -3.332512e+01 -3.727514e+01 4.840000e+01
   vertex -3.332512e+01 -3.727514e+01 4.615000e+01
  endloop
 endfacet
 facet normal 2.651854e-01 7.141358e-01 -6.478324e-01
  outer loop
   vertex -1.905667e+01 -4.600687e+01 4.418358e+01
   vertex -1.558962e+01 -4.729432e+01 4.418358e+01
   vertex -1.562132e+01 -4.739049e+01 4.406459e+01
  endloop
 endfacet
 facet normal 3.174586e-01 6.924915e-01 -6.478237e-01
  outer loop
   vertex -2.241860e+01 -4.446566e+01 4.418358e+01
   vertex -1.905667e+01 -4.600687e+01 4.418358e+01
   vertex -1.909542e+01 -4.610042e+01 4.406459e+01
  endloop
 endfacet
 facet normal 2.739612e-01 7.106801e-01 -6.479808e-01
  outer loop
   vertex -1.682396e+01 -4.708455e+01 4.394559e+01
   vertex -1.913417e+01 -4.619398e+01 4.394559e+01
   vertex -1.909542e+01 -4.610042e+01 4.406459e+01
  endloop
 endfacet
 facet normal 3.088070e-01 6.962465e-01 -6.479807e-01
  outer loop
   vertex -2.139747e+01 -4.519014e+01 4.394559e+01
   vertex -1.909542e+01 -4.610042e+01 4.406459e+01
   vertex -1.913417e+01 -4.619398e+01 4.394559e+01
  endloop
 endfacet
 facet normal 6.924866e-01 3.174559e-01 -6.478302e-01
  outer loop
   vertex -4.610042e+01 -1.909542e+01 4.406459e+01
   vertex -4.446566e+01 -2.241860e+01 4.418358e+01
   vertex -4.455608e+01 -2.246419e+01 4.406459e+01
  endloop
 endfacet
 facet normal 7.141428e-01 2.651886e-01 -6.478234e-01
  outer loop
   vertex -4.739049e+01 -1.562132e+01 4.406459e+01
   vertex -4.600687e+01 -1.905667e+01 4.418358e+01
   vertex -4.610042e+01 -1.909542e+01 4.406459e+01
  endloop
 endfacet
 facet normal 6.280866e-01 2.332326e-01 -7.423677e-01
  outer loop
   vertex -4.610042e+01 -1.909542e+01 4.406459e+01
   vertex -4.708455e+01 -1.682396e+01 4.394559e+01
   vertex -4.739049e+01 -1.562132e+01 4.406459e+01
  endloop
 endfacet
 facet normal 7.141358e-01 -2.651854e-01 -6.478324e-01
  outer loop
   vertex -4.600687e+01 1.905667e+01 4.418358e+01
   vertex -4.729432e+01 1.558962e+01 4.418358e+01
   vertex -4.739049e+01 1.562132e+01 4.406459e+01
  endloop
 endfacet
 facet normal 6.924915e-01 -3.174586e-01 -6.478237e-01
  outer loop
   vertex -4.446566e+01 2.241860e+01 4.418358e+01
   vertex -4.600687e+01 1.905667e+01 4.418358e+01
   vertex -4.610042e+01 1.909542e+01 4.406459e+01
  endloop
 endfacet
 facet normal 6.280866e-01 -2.332326e-01 -7.423677e-01
  outer loop
   vertex -4.610042e+01 1.909542e+01 4.406459e+01
   vertex -4.739049e+01 1.562132e+01 4.406459e+01
   vertex -4.708455e+01 1.682396e+01 4.394559e+01
  endloop
 endfacet
 facet normal 6.090475e-01 -2.792050e-01 -7.423649e-01
  outer loop
   vertex -4.610042e+01 1.909542e+01 4.406459e+01
   vertex -4.519014e+01 2.139747e+01 4.394559e+01
   vertex -4.455608e+01 2.246419e+01 4.406459e+01
  endloop
 endfacet
 facet normal -2.651854e-01 -7.141358e-01 -6.478324e-01
  outer loop
   vertex 1.905667e+01 4.600687e+01 4.418358e+01
   vertex 1.558962e+01 4.729432e+01 4.418358e+01
   vertex 1.562132e+01 4.739049e+01 4.406459e+01
  endloop
 endfacet
 facet normal -3.174586e-01 -6.924915e-01 -6.478237e-01
  outer loop
   vertex 2.241860e+01 4.446566e+01 4.418358e+01
   vertex 1.905667e+01 4.600687e+01 4.418358e+01
   vertex 1.909542e+01 4.610042e+01 4.406459e+01
  endloop
 endfacet
 facet normal -2.739612e-01 -7.106801e-01 -6.479808e-01
  outer loop
   vertex 1.682396e+01 4.708455e+01 4.394559e+01
   vertex 1.913417e+01 4.619398e+01 4.394559e+01
   vertex 1.909542e+01 4.610042e+01 4.406459e+01
  endloop
 endfacet
 facet normal -3.088070e-01 -6.962465e-01 -6.479807e-01
  outer loop
   vertex 2.139747e+01 4.519014e+01 4.394559e+01
   vertex 1.909542e+01 4.610042e+01 4.406459e+01
   vertex 1.913417e+01 4.619398e+01 4.394559e+01
  endloop
 endfacet
 facet normal -7.210485e-01 -2.452133e-01 -6.480428e-01
  outer loop
   vertex 4.740869e+01 1.524519e+01 4.418108e+01
   vertex 4.687368e+01 1.681839e+01 4.418108e+01
   vertex 4.696799e+01 1.685223e+01 4.406334e+01
  endloop
 endfacet
 facet normal -7.243935e-01 -2.408730e-01 -6.459367e-01
  outer loop
   vertex 4.726962e+01 1.629671e+01 4.394559e+01
   vertex 4.761619e+01 1.525445e+01 4.394559e+01
   vertex 4.750408e+01 1.527586e+01 4.406334e+01
  endloop
 endfacet
 facet normal -3.174559e-01 6.924866e-01 -6.478302e-01
  outer loop
   vertex 1.909542e+01 -4.610042e+01 4.406459e+01
   vertex 2.241860e+01 -4.446566e+01 4.418358e+01
   vertex 2.246419e+01 -4.455608e+01 4.406459e+01
  endloop
 endfacet
 facet normal -2.651886e-01 7.141428e-01 -6.478234e-01
  outer loop
   vertex 1.562132e+01 -4.739049e+01 4.406459e+01
   vertex 1.905667e+01 -4.600687e+01 4.418358e+01
   vertex 1.909542e+01 -4.610042e+01 4.406459e+01
  endloop
 endfacet
 facet normal -3.088070e-01 6.962465e-01 -6.479807e-01
  outer loop
   vertex 2.139747e+01 -4.519014e+01 4.394559e+01
   vertex 1.913417e+01 -4.619398e+01 4.394559e+01
   vertex 1.909542e+01 -4.610042e+01 4.406459e+01
  endloop
 endfacet
 facet normal 2.224256e-01 -7.283750e-01 -6.480715e-01
  outer loop
   vertex -1.405727e+01 4.781264e+01 4.413797e+01
   vertex -1.505143e+01 4.750906e+01 4.413797e+01
   vertex -1.507615e+01 4.758709e+01 4.404178e+01
  endloop
 endfacet
 facet normal 2.193154e-01 -7.307778e-01 -6.464245e-01
  outer loop
   vertex -1.469656e+01 4.779133e+01 4.394559e+01
   vertex -1.404755e+01 4.798610e+01 4.394559e+01
   vertex -1.408035e+01 4.789118e+01 4.404178e+01
  endloop
 endfacet
 facet normal 7.720987e-01 -1.070493e-01 -6.264216e-01
  outer loop
   vertex -4.592482e+01 7.291141e+00 4.805840e+01
   vertex -4.617617e+01 5.478262e+00 4.805840e+01
   vertex -4.812726e+01 3.439420e+00 4.600200e+01
  endloop
 endfacet
 facet normal 7.278341e-01 -2.420429e-01 -6.416173e-01
  outer loop
   vertex -4.521254e+01 1.684899e+01 4.600200e+01
   vertex -4.421352e+01 1.440191e+01 4.805840e+01
   vertex -4.629858e+01 1.358323e+01 4.600200e+01
  endloop
 endfacet
 facet normal 5.544222e-01 -5.155772e-01 -6.532964e-01
  outer loop
   vertex -3.648260e+01 3.157660e+01 4.600200e+01
   vertex -3.607214e+01 3.462370e+01 4.394559e+01
   vertex -3.413891e+01 3.409688e+01 4.600200e+01
  endloop
 endfacet
 facet normal 4.360858e-01 -6.287196e-01 -6.438485e-01
  outer loop
   vertex -2.724870e+01 3.767968e+01 4.805840e+01
   vertex -2.611773e+01 4.057002e+01 4.600200e+01
   vertex -2.574482e+01 3.872279e+01 4.805840e+01
  endloop
 endfacet
 facet normal 5.146533e-01 -5.586513e-01 -6.504158e-01
  outer loop
   vertex -3.462370e+01 3.607214e+01 4.394559e+01
   vertex -3.311715e+01 3.746004e+01 4.394559e+01
   vertex -3.162153e+01 3.644368e+01 4.600200e+01
  endloop
 endfacet
 facet normal 6.065070e-01 -6.065070e-01 5.140997e-01
  outer loop
   vertex 3.261715e+01 3.130531e+01 5.236127e+01
   vertex 3.274516e+01 3.117729e+01 5.205922e+01
   vertex 3.365506e+01 3.208718e+01 5.205922e+01
  endloop
 endfacet
 facet normal 6.859152e-01 -6.859166e-01 2.429790e-01
  outer loop
   vertex 3.274516e+01 3.117729e+01 5.205922e+01
   vertex 3.280567e+01 3.111679e+01 5.171762e+01
   vertex 3.371406e+01 3.202518e+01 5.171762e+01
  endloop
 endfacet
 facet normal 7.062543e-01 -7.062558e-01 -4.906804e-02
  outer loop
   vertex 3.371406e+01 3.202518e+01 5.171762e+01
   vertex 3.279345e+01 3.112900e+01 5.136589e+01
   vertex 3.370216e+01 3.203771e+01 5.136589e+01
  endloop
 endfacet
 facet normal 6.657717e-01 -6.657717e-01 -3.368919e-01
  outer loop
   vertex 3.370216e+01 3.203771e+01 5.136589e+01
   vertex 3.270956e+01 3.121289e+01 5.103432e+01
   vertex 3.362029e+01 3.212362e+01 5.103432e+01
  endloop
 endfacet
 facet normal 5.679537e-01 -5.679549e-01 -5.956978e-01
  outer loop
   vertex 3.362029e+01 3.212362e+01 5.103432e+01
   vertex 3.256123e+01 3.136123e+01 5.075147e+01
   vertex 3.347499e+01 3.227499e+01 5.075147e+01
  endloop
 endfacet
 facet normal -5.679530e-01 -5.679530e-01 -5.957003e-01
  outer loop
   vertex -3.256123e+01 3.136123e+01 5.075147e+01
   vertex -3.270956e+01 3.121289e+01 5.103432e+01
   vertex -3.362029e+01 3.212362e+01 5.103432e+01
  endloop
 endfacet
 facet normal -6.657718e-01 -6.657732e-01 -3.368885e-01
  outer loop
   vertex -3.270956e+01 3.121289e+01 5.103432e+01
   vertex -3.279345e+01 3.112900e+01 5.136589e+01
   vertex -3.370216e+01 3.203771e+01 5.136589e+01
  endloop
 endfacet
 facet normal -7.062543e-01 -7.062558e-01 -4.906804e-02
  outer loop
   vertex -3.279345e+01 3.112900e+01 5.136589e+01
   vertex -3.280567e+01 3.111679e+01 5.171762e+01
   vertex -3.371406e+01 3.202518e+01 5.171762e+01
  endloop
 endfacet
 facet normal -6.859153e-01 -6.859153e-01 2.429826e-01
  outer loop
   vertex -3.371406e+01 3.202518e+01 5.171762e+01
   vertex -3.274516e+01 3.117729e+01 5.205922e+01
   vertex -3.365506e+01 3.208718e+01 5.205922e+01
  endloop
 endfacet
 facet normal -6.065059e-01 -6.065033e-01 5.141053e-01
  outer loop
   vertex -3.365506e+01 3.208718e+01 5.205922e+01
   vertex -3.261715e+01 3.130531e+01 5.236127e+01
   vertex -3.352984e+01 3.221800e+01 5.236127e+01
  endloop
 endfacet
 facet normal -4.748658e-01 -4.748649e-01 7.409493e-01
  outer loop
   vertex -3.352984e+01 3.221800e+01 5.236127e+01
   vertex -3.243264e+01 3.148981e+01 5.259776e+01
   vertex -3.334850e+01 3.240567e+01 5.259776e+01
  endloop
 endfacet
 facet normal -3.023300e-01 -3.023300e-01 9.039874e-01
  outer loop
   vertex -3.334850e+01 3.240567e+01 5.259776e+01
   vertex -3.220754e+01 3.171491e+01 5.274833e+01
   vertex -3.312586e+01 3.263323e+01 5.274833e+01
  endloop
 endfacet
 facet normal -1.037510e-01 -1.037510e-01 9.891772e-01
  outer loop
   vertex -3.312586e+01 3.263323e+01 5.274833e+01
   vertex -3.196123e+01 3.196123e+01 5.280000e+01
   vertex -3.288047e+01 3.288047e+01 5.280000e+01
  endloop
 endfacet
 facet normal 1.037510e-01 1.037510e-01 9.891772e-01
  outer loop
   vertex -3.196123e+01 3.196123e+01 5.280000e+01
   vertex -3.171491e+01 3.220754e+01 5.274833e+01
   vertex -3.263323e+01 3.312586e+01 5.274833e+01
  endloop
 endfacet
 facet normal 3.023286e-01 3.023293e-01 9.039881e-01
  outer loop
   vertex -3.171491e+01 3.220754e+01 5.274833e+01
   vertex -3.148981e+01 3.243264e+01 5.259776e+01
   vertex -3.240567e+01 3.334850e+01 5.259776e+01
  endloop
 endfacet
 facet normal 4.748630e-01 4.748650e-01 7.409510e-01
  outer loop
   vertex -3.148981e+01 3.243264e+01 5.259776e+01
   vertex -3.130531e+01 3.261715e+01 5.236127e+01
   vertex -3.221800e+01 3.352984e+01 5.236127e+01
  endloop
 endfacet
 facet normal 6.065070e-01 6.065070e-01 5.140997e-01
  outer loop
   vertex -3.130531e+01 3.261715e+01 5.236127e+01
   vertex -3.117729e+01 3.274516e+01 5.205922e+01
   vertex -3.208718e+01 3.365506e+01 5.205922e+01
  endloop
 endfacet
 facet normal 6.859166e-01 6.859152e-01 2.429790e-01
  outer loop
   vertex -3.117729e+01 3.274516e+01 5.205922e+01
   vertex -3.111679e+01 3.280567e+01 5.171762e+01
   vertex -3.202518e+01 3.371406e+01 5.171762e+01
  endloop
 endfacet
 facet normal 7.062558e-01 7.062543e-01 -4.906804e-02
  outer loop
   vertex -3.202518e+01 3.371406e+01 5.171762e+01
   vertex -3.112900e+01 3.279345e+01 5.136589e+01
   vertex -3.203771e+01 3.370216e+01 5.136589e+01
  endloop
 endfacet
 facet normal 6.657717e-01 6.657717e-01 -3.368919e-01
  outer loop
   vertex -3.203771e+01 3.370216e+01 5.136589e+01
   vertex -3.121289e+01 3.270956e+01 5.103432e+01
   vertex -3.212362e+01 3.362029e+01 5.103432e+01
  endloop
 endfacet
 facet normal 5.679549e-01 5.679537e-01 -5.956978e-01
  outer loop
   vertex -3.212362e+01 3.362029e+01 5.103432e+01
   vertex -3.136123e+01 3.256123e+01 5.075147e+01
   vertex -3.227499e+01 3.347499e+01 5.075147e+01
  endloop
 endfacet
 facet normal 5.679530e-01 -5.679530e-01 -5.957003e-01
  outer loop
   vertex -3.136123e+01 -3.256123e+01 5.075147e+01
   vertex -3.121289e+01 -3.270956e+01 5.103432e+01
   vertex -3.212362e+01 -3.362029e+01 5.103432e+01
  endloop
 endfacet
 facet normal 6.657732e-01 -6.657718e-01 -3.368885e-01
  outer loop
   vertex -3.121289e+01 -3.270956e+01 5.103432e+01
   vertex -3.112900e+01 -3.279345e+01 5.136589e+01
   vertex -3.203771e+01 -3.370216e+01 5.136589e+01
  endloop
 endfacet
 facet normal 7.062558e-01 -7.062543e-01 -4.906804e-02
  outer loop
   vertex -3.112900e+01 -3.279345e+01 5.136589e+01
   vertex -3.111679e+01 -3.280567e+01 5.171762e+01
   vertex -3.202518e+01 -3.371406e+01 5.171762e+01
  endloop
 endfacet
 facet normal 6.859153e-01 -6.859153e-01 2.429826e-01
  outer loop
   vertex -3.202518e+01 -3.371406e+01 5.171762e+01
   vertex -3.117729e+01 -3.274516e+01 5.205922e+01
   vertex -3.208718e+01 -3.365506e+01 5.205922e+01
  endloop
 endfacet
 facet normal 6.065033e-01 -6.065059e-01 5.141053e-01
  outer loop
   vertex -3.208718e+01 -3.365506e+01 5.205922e+01
   vertex -3.130531e+01 -3.261715e+01 5.236127e+01
   vertex -3.221800e+01 -3.352984e+01 5.236127e+01
  endloop
 endfacet
 facet normal 4.748649e-01 -4.748658e-01 7.409493e-01
  outer loop
   vertex -3.221800e+01 -3.352984e+01 5.236127e+01
   vertex -3.148981e+01 -3.243264e+01 5.259776e+01
   vertex -3.240567e+01 -3.334850e+01 5.259776e+01
  endloop
 endfacet
 facet normal 3.023300e-01 -3.023300e-01 9.039874e-01
  outer loop
   vertex -3.240567e+01 -3.334850e+01 5.259776e+01
   vertex -3.171491e+01 -3.220754e+01 5.274833e+01
   vertex -3.263323e+01 -3.312586e+01 5.274833e+01
  endloop
 endfacet
 facet normal 1.037510e-01 -1.037510e-01 9.891772e-01
  outer loop
   vertex -3.263323e+01 -3.312586e+01 5.274833e+01
   vertex -3.196123e+01 -3.196123e+01 5.280000e+01
   vertex -3.288047e+01 -3.288047e+01 5.280000e+01
  endloop
 endfacet
 facet normal -1.037510e-01 1.037510e-01 9.891772e-01
  outer loop
   vertex -3.196123e+01 -3.196123e+01 5.280000e+01
   vertex -3.220754e+01 -3.171491e+01 5.274833e+01
   vertex -3.312586e+01 -3.263323e+01 5.274833e+01
  endloop
 endfacet
 facet normal -3.023293e-01 3.023286e-01 9.039881e-01
  outer loop
   vertex -3.220754e+01 -3.171491e+01 5.274833e+01
   vertex -3.243264e+01 -3.148981e+01 5.259776e+01
   vertex -3.334850e+01 -3.240567e+01 5.259776e+01
  endloop
 endfacet
 facet normal -4.748650e-01 4.748630e-01 7.409510e-01
  outer loop
   vertex -3.243264e+01 -3.148981e+01 5.259776e+01
   vertex -3.261715e+01 -3.130531e+01 5.236127e+01
   vertex -3.352984e+01 -3.221800e+01 5.236127e+01
  endloop
 endfacet
 facet normal -6.065070e-01 6.065070e-01 5.140997e-01
  outer loop
   vertex -3.261715e+01 -3.130531e+01 5.236127e+01
   vertex -3.274516e+01 -3.117729e+01 5.205922e+01
   vertex -3.365506e+01 -3.208718e+01 5.205922e+01
  endloop
 endfacet
 facet normal -6.859152e-01 6.859166e-01 2.429790e-01
  outer loop
   vertex -3.274516e+01 -3.117729e+01 5.205922e+01
   vertex -3.280567e+01 -3.111679e+01 5.171762e+01
   vertex -3.371406e+01 -3.202518e+01 5.171762e+01
  endloop
 endfacet
 facet normal -7.062543e-01 7.062558e-01 -4.906804e-02
  outer loop
   vertex -3.371406e+01 -3.202518e+01 5.171762e+01
   vertex -3.279345e+01 -3.112900e+01 5.136589e+01
   vertex -3.370216e+01 -3.203771e+01 5.136589e+01
  endloop
 endfacet
 facet normal -6.657717e-01 6.657717e-01 -3.368919e-01
  outer loop
   vertex -3.370216e+01 -3.203771e+01 5.136589e+01
   vertex -3.270956e+01 -3.121289e+01 5.103432e+01
   vertex -3.362029e+01 -3.212362e+01 5.103432e+01
  endloop
 endfacet
 facet normal -5.679537e-01 5.679549e-01 -5.956978e-01
  outer loop
   vertex -3.362029e+01 -3.212362e+01 5.103432e+01
   vertex -3.256123e+01 -3.136123e+01 5.075147e+01
   vertex -3.347499e+01 -3.227499e+01 5.075147e+01
  endloop
 endfacet
 facet normal 5.679530e-01 5.679530e-01 -5.957003e-01
  outer loop
   vertex 3.256123e+01 -3.136123e+01 5.075147e+01
   vertex 3.270956e+01 -3.121289e+01 5.103432e+01
   vertex 3.362029e+01 -3.212362e+01 5.103432e+01
  endloop
 endfacet
 facet normal 6.657718e-01 6.657732e-01 -3.368885e-01
  outer loop
   vertex 3.270956e+01 -3.121289e+01 5.103432e+01
   vertex 3.279345e+01 -3.112900e+01 5.136589e+01
   vertex 3.370216e+01 -3.203771e+01 5.136589e+01
  endloop
 endfacet
 facet normal 7.062543e-01 7.062558e-01 -4.906804e-02
  outer loop
   vertex 3.279345e+01 -3.112900e+01 5.136589e+01
   vertex 3.280567e+01 -3.111679e+01 5.171762e+01
   vertex 3.371406e+01 -3.202518e+01 5.171762e+01
  endloop
 endfacet
 facet normal 6.859153e-01 6.859153e-01 2.429826e-01
  outer loop
   vertex 3.371406e+01 -3.202518e+01 5.171762e+01
   vertex 3.274516e+01 -3.117729e+01 5.205922e+01
   vertex 3.365506e+01 -3.208718e+01 5.205922e+01
  endloop
 endfacet
 facet normal 6.065059e-01 6.065033e-01 5.141053e-01
  outer loop
   vertex 3.365506e+01 -3.208718e+01 5.205922e+01
   vertex 3.261715e+01 -3.130531e+01 5.236127e+01
   vertex 3.352984e+01 -3.221800e+01 5.236127e+01
  endloop
 endfacet
 facet normal 4.748658e-01 4.748649e-01 7.409493e-01
  outer loop
   vertex 3.352984e+01 -3.221800e+01 5.236127e+01
   vertex 3.243264e+01 -3.148981e+01 5.259776e+01
   vertex 3.334850e+01 -3.240567e+01 5.259776e+01
  endloop
 endfacet
 facet normal 3.023300e-01 3.023300e-01 9.039874e-01
  outer loop
   vertex 3.334850e+01 -3.240567e+01 5.259776e+01
   vertex 3.220754e+01 -3.171491e+01 5.274833e+01
   vertex 3.312586e+01 -3.263323e+01 5.274833e+01
  endloop
 endfacet
 facet normal 1.037510e-01 1.037510e-01 9.891772e-01
  outer loop
   vertex 3.312586e+01 -3.263323e+01 5.274833e+01
   vertex 3.196123e+01 -3.196123e+01 5.280000e+01
   vertex 3.288047e+01 -3.288047e+01 5.280000e+01
  endloop
 endfacet
 facet normal -1.037510e-01 -1.037510e-01 9.891772e-01
  outer loop
   vertex 3.196123e+01 -3.196123e+01 5.280000e+01
   vertex 3.171491e+01 -3.220754e+01 5.274833e+01
   vertex 3.263323e+01 -3.312586e+01 5.274833e+01
  endloop
 endfacet
 facet normal -3.023286e-01 -3.023293e-01 9.039881e-01
  outer loop
   vertex 3.171491e+01 -3.220754e+01 5.274833e+01
   vertex 3.148981e+01 -3.243264e+01 5.259776e+01
   vertex 3.240567e+01 -3.334850e+01 5.259776e+01
  endloop
 endfacet
 facet normal -4.748630e-01 -4.748650e-01 7.409510e-01
  outer loop
   vertex 3.148981e+01 -3.243264e+01 5.259776e+01
   vertex 3.130531e+01 -3.261715e+01 5.236127e+01
   vertex 3.221800e+01 -3.352984e+01 5.236127e+01
  endloop
 endfacet
 facet normal -6.065070e-01 -6.065070e-01 5.140997e-01
  outer loop
   vertex 3.130531e+01 -3.261715e+01 5.236127e+01
   vertex 3.117729e+01 -3.274516e+01 5.205922e+01
   vertex 3.208718e+01 -3.365506e+01 5.205922e+01
  endloop
 endfacet
 facet normal -6.859166e-01 -6.859152e-01 2.429790e-01
  outer loop
   vertex 3.117729e+01 -3.274516e+01 5.205922e+01
   vertex 3.111679e+01 -3.280567e+01 5.171762e+01
   vertex 3.202518e+01 -3.371406e+01 5.171762e+01
  endloop
 endfacet
 facet normal -7.062558e-01 -7.062543e-01 -4.906804e-02
  outer loop
   vertex 3.202518e+01 -3.371406e+01 5.171762e+01
   vertex 3.112900e+01 -3.279345e+01 5.136589e+01
   vertex 3.203771e+01 -3.370216e+01 5.136589e+01
  endloop
 endfacet
 facet normal -6.657717e-01 -6.657717e-01 -3.368919e-01
  outer loop
   vertex 3.203771e+01 -3.370216e+01 5.136589e+01
   vertex 3.121289e+01 -3.270956e+01 5.103432e+01
   vertex 3.212362e+01 -3.362029e+01 5.103432e+01
  endloop
 endfacet
 facet normal -5.679549e-01 -5.679537e-01 -5.956978e-01
  outer loop
   vertex 3.212362e+01 -3.362029e+01 5.103432e+01
   vertex 3.136123e+01 -3.256123e+01 5.075147e+01
   vertex 3.227499e+01 -3.347499e+01 5.075147e+01
  endloop
 endfacet
 facet normal -3.111390e-01 -3.111390e-01 8.979894e-01
  outer loop
   vertex -3.468964e+01 -1.799614e+01 1.218481e+01
   vertex -1.736117e+01 -3.405467e+01 1.262483e+01
   vertex -3.405467e+01 -1.736117e+01 1.262483e+01
  endloop
 endfacet
 facet normal -5.676048e-01 7.698409e-01 -2.918386e-01
  outer loop
   vertex -3.703038e+01 -3.703038e+01 4.303038e+01
   vertex -3.639541e+01 -3.639541e+01 4.347039e+01
   vertex -1.736117e+01 -3.405467e+01 1.262483e+01
  endloop
 endfacet
 facet normal 7.698409e-01 -5.676048e-01 -2.918386e-01
  outer loop
   vertex -3.703038e+01 -3.703038e+01 4.303038e+01
   vertex -3.405467e+01 -1.736117e+01 1.262483e+01
   vertex -3.639541e+01 -3.639541e+01 4.347039e+01
  endloop
 endfacet
 facet normal -3.111397e-01 -3.111397e-01 8.979890e-01
  outer loop
   vertex -3.303254e+01 -1.990552e+01 1.482149e+01
   vertex -1.957142e+01 -3.269844e+01 1.505301e+01
   vertex -3.269844e+01 -1.957142e+01 1.505301e+01
  endloop
 endfacet
 facet normal -5.676053e-01 7.698404e-01 -2.918390e-01
  outer loop
   vertex -3.487320e+01 -3.487320e+01 3.907707e+01
   vertex -3.449547e+01 -3.449547e+01 3.933882e+01
   vertex -1.957142e+01 -3.269844e+01 1.505301e+01
  endloop
 endfacet
 facet normal 7.698404e-01 -5.676053e-01 -2.918390e-01
  outer loop
   vertex -3.487320e+01 -3.487320e+01 3.907707e+01
   vertex -3.269844e+01 -1.957142e+01 1.505301e+01
   vertex -3.449547e+01 -3.449547e+01 3.933882e+01
  endloop
 endfacet
 facet normal -2.931525e-01 7.077325e-01 6.427879e-01
  outer loop
   vertex 1.003559e+01 -4.653528e+01 3.540459e+01
   vertex 9.085165e+00 -4.424076e+01 3.244479e+01
   vertex 7.460068e+00 -4.491389e+01 3.244479e+01
  endloop
 endfacet
 facet normal -7.077325e-01 2.931525e-01 6.427879e-01
  outer loop
   vertex 4.653528e+01 -1.003559e+01 3.540459e+01
   vertex 4.491389e+01 -7.460068e+00 3.244479e+01
   vertex 4.424076e+01 -9.085165e+00 3.244479e+01
  endloop
 endfacet
 facet normal -7.077330e-01 2.931527e-01 6.427873e-01
  outer loop
   vertex 3.932851e+01 -2.743428e+01 3.540459e+01
   vertex 3.770712e+01 -2.485876e+01 3.244479e+01
   vertex 3.703399e+01 -2.648386e+01 3.244479e+01
  endloop
 endfacet
 facet normal 7.077333e-01 -2.931527e-01 -6.427870e-01
  outer loop
   vertex 4.113078e+01 -2.818080e+01 4.177431e+01
   vertex 3.886563e+01 -2.724255e+01 3.885239e+01
   vertex 4.674554e+01 -8.218760e+00 3.885239e+01
  endloop
 endfacet
 facet normal -6.739152e-01 -3.547429e-01 -6.480708e-01
  outer loop
   vertex 4.443020e+01 2.274548e+01 4.404675e+01
   vertex 4.382505e+01 2.371030e+01 4.414790e+01
   vertex 4.390076e+01 2.375126e+01 4.404675e+01
  endloop
 endfacet
 facet normal -6.704202e-01 -3.541491e-01 -6.520086e-01
  outer loop
   vertex 4.439364e+01 2.300445e+01 4.394559e+01
   vertex 4.390076e+01 2.375126e+01 4.404675e+01
   vertex 4.402480e+01 2.370269e+01 4.394559e+01
  endloop
 endfacet
 facet normal -7.124545e-01 3.708810e-01 -5.956978e-01
  outer loop
   vertex 4.650208e+01 1.541504e+01 4.202632e+01
   vertex 4.556963e+01 1.362383e+01 4.202632e+01
   vertex 4.542001e+01 1.464255e+01 4.283952e+01
  endloop
 endfacet
 facet normal -8.351593e-01 4.347563e-01 -3.368916e-01
  outer loop
   vertex 4.649649e+01 1.466564e+01 4.107306e+01
   vertex 4.556224e+01 1.287096e+01 4.107306e+01
   vertex 4.556963e+01 1.362383e+01 4.202632e+01
  endloop
 endfacet
 facet normal -8.859427e-01 4.611918e-01 -4.906763e-02
  outer loop
   vertex 4.633463e+01 1.424713e+01 4.006184e+01
   vertex 4.539846e+01 1.244876e+01 4.006184e+01
   vertex 4.556224e+01 1.287096e+01 4.107306e+01
  endloop
 endfacet
 facet normal -8.604276e-01 4.479111e-01 2.429815e-01
  outer loop
   vertex 4.603045e+01 1.419555e+01 3.907974e+01
   vertex 4.509241e+01 1.239360e+01 3.907974e+01
   vertex 4.539846e+01 1.244876e+01 4.006184e+01
  endloop
 endfacet
 facet normal -7.608154e-01 3.960562e-01 5.141006e-01
  outer loop
   vertex 4.603045e+01 1.419555e+01 3.907974e+01
   vertex 4.467043e+01 1.271022e+01 3.821134e+01
   vertex 4.509241e+01 1.239360e+01 3.907974e+01
  endloop
 endfacet
 facet normal -5.956785e-01 3.100908e-01 7.409527e-01
  outer loop
   vertex 4.561012e+01 1.451534e+01 3.821134e+01
   vertex 4.416887e+01 1.337136e+01 3.753143e+01
   vertex 4.467043e+01 1.271022e+01 3.821134e+01
  endloop
 endfacet
 facet normal -3.792458e-01 1.974234e-01 9.039893e-01
  outer loop
   vertex 4.510985e+01 1.517896e+01 3.753143e+01
   vertex 4.363093e+01 1.432009e+01 3.709856e+01
   vertex 4.416887e+01 1.337136e+01 3.753143e+01
  endloop
 endfacet
 facet normal -1.301513e-01 6.775220e-02 9.891766e-01
  outer loop
   vertex 4.457273e+01 1.612927e+01 3.709856e+01
   vertex 4.310292e+01 1.547469e+01 3.695000e+01
   vertex 4.363093e+01 1.432009e+01 3.709856e+01
  endloop
 endfacet
 facet normal 1.301515e-01 -6.775266e-02 9.891765e-01
  outer loop
   vertex 4.404501e+01 1.728441e+01 3.695000e+01
   vertex 4.263033e+01 1.673574e+01 3.709856e+01
   vertex 4.310292e+01 1.547469e+01 3.695000e+01
  endloop
 endfacet
 facet normal 3.792454e-01 -1.974226e-01 9.039896e-01
  outer loop
   vertex 4.357213e+01 1.854492e+01 3.709856e+01
   vertex 4.225385e+01 1.799463e+01 3.753143e+01
   vertex 4.263033e+01 1.673574e+01 3.709856e+01
  endloop
 endfacet
 facet normal 5.956799e-01 -3.100911e-01 7.409514e-01
  outer loop
   vertex 4.319483e+01 1.980223e+01 3.753143e+01
   vertex 4.200591e+01 1.914296e+01 3.821134e+01
   vertex 4.225385e+01 1.799463e+01 3.753143e+01
  endloop
 endfacet
 facet normal 7.608149e-01 -3.960558e-01 5.141016e-01
  outer loop
   vertex 4.294559e+01 2.094807e+01 3.821134e+01
   vertex 4.190784e+01 2.008182e+01 3.907974e+01
   vertex 4.200591e+01 1.914296e+01 3.821134e+01
  endloop
 endfacet
 facet normal 8.604283e-01 -4.479097e-01 2.429817e-01
  outer loop
   vertex 4.284588e+01 2.188377e+01 3.907974e+01
   vertex 4.196811e+01 2.073036e+01 4.006184e+01
   vertex 4.190784e+01 2.008182e+01 3.907974e+01
  endloop
 endfacet
 facet normal 8.859419e-01 -4.611932e-01 -4.906913e-02
  outer loop
   vertex 4.290429e+01 2.252872e+01 4.006184e+01
   vertex 4.218153e+01 2.103273e+01 4.107306e+01
   vertex 4.196811e+01 2.073036e+01 4.006184e+01
  endloop
 endfacet
 facet normal 8.351601e-01 -4.347567e-01 -3.368890e-01
  outer loop
   vertex 4.311578e+01 2.282741e+01 4.107306e+01
   vertex 4.252970e+01 2.096289e+01 4.202632e+01
   vertex 4.218153e+01 2.103273e+01 4.107306e+01
  endloop
 endfacet
 facet normal 7.124539e-01 -3.708792e-01 -5.956996e-01
  outer loop
   vertex 4.391354e+01 2.231509e+01 4.283952e+01
   vertex 4.298265e+01 2.052686e+01 4.283952e+01
   vertex 4.252970e+01 2.096289e+01 4.202632e+01
  endloop
 endfacet
 facet normal -9.998426e-01 -1.774108e-02 0.000000e+00
  outer loop
   vertex 4.650000e+01 3.106262e-15 4.805840e+01
   vertex 4.647073e+01 1.649593e+00 4.840000e+01
   vertex 4.647073e+01 1.649593e+00 4.805840e+01
  endloop
 endfacet
 facet normal -9.960682e-01 -8.858980e-02 0.000000e+00
  outer loop
   vertex 4.638296e+01 3.297110e+00 4.805840e+01
   vertex 4.623680e+01 4.940475e+00 4.840000e+01
   vertex 4.623680e+01 4.940475e+00 4.805840e+01
  endloop
 endfacet
 facet normal -9.922984e-01 -1.238708e-01 0.000000e+00
  outer loop
   vertex 4.623680e+01 4.940475e+00 4.805840e+01
   vertex 4.603243e+01 6.577622e+00 4.840000e+01
   vertex 4.603243e+01 6.577622e+00 4.805840e+01
  endloop
 endfacet
 facet normal -9.985840e-01 -5.319781e-02 0.000000e+00
  outer loop
   vertex 4.647073e+01 1.649593e+00 4.805840e+01
   vertex 4.638296e+01 3.297110e+00 4.840000e+01
   vertex 4.638296e+01 3.297110e+00 4.805840e+01
  endloop
 endfacet
 facet normal -9.810179e-01 -1.939172e-01 0.000000e+00
  outer loop
   vertex 4.577011e+01 8.206488e+00 4.805840e+01
   vertex 4.545018e+01 9.825023e+00 4.840000e+01
   vertex 4.545018e+01 9.825023e+00 4.805840e+01
  endloop
 endfacet
 facet normal -9.735211e-01 -2.285971e-01 0.000000e+00
  outer loop
   vertex 4.545018e+01 9.825023e+00 4.805840e+01
   vertex 4.507303e+01 1.143119e+01 4.840000e+01
   vertex 4.507303e+01 1.143119e+01 4.805840e+01
  endloop
 endfacet
 facet normal -9.548625e-01 -2.970481e-01 0.000000e+00
  outer loop
   vertex 4.463913e+01 1.302296e+01 4.805840e+01
   vertex 4.414905e+01 1.459835e+01 4.840000e+01
   vertex 4.414905e+01 1.459835e+01 4.805840e+01
  endloop
 endfacet
 facet normal -9.437225e-01 -3.307384e-01 0.000000e+00
  outer loop
   vertex 4.414905e+01 1.459835e+01 4.805840e+01
   vertex 4.360338e+01 1.615535e+01 4.840000e+01
   vertex 4.360338e+01 1.615535e+01 4.805840e+01
  endloop
 endfacet
 facet normal -9.647985e-01 -2.629901e-01 0.000000e+00
  outer loop
   vertex 4.507303e+01 1.143119e+01 4.805840e+01
   vertex 4.463913e+01 1.302296e+01 4.840000e+01
   vertex 4.463913e+01 1.302296e+01 4.805840e+01
  endloop
 endfacet
 facet normal -9.872795e-01 -1.589946e-01 0.000000e+00
  outer loop
   vertex 4.603243e+01 6.577622e+00 4.805840e+01
   vertex 4.577011e+01 8.206488e+00 4.840000e+01
   vertex 4.577011e+01 8.206488e+00 4.805840e+01
  endloop
 endfacet
 facet normal -9.313960e-01 -3.640076e-01 0.000000e+00
  outer loop
   vertex 4.300282e+01 1.769202e+01 4.840000e+01
   vertex 4.360338e+01 1.615535e+01 4.805840e+01
   vertex 4.360338e+01 1.615535e+01 4.840000e+01
  endloop
 endfacet
 facet normal -9.178967e-01 -3.968193e-01 0.000000e+00
  outer loop
   vertex 4.300282e+01 1.769202e+01 4.805840e+01
   vertex 4.234813e+01 1.920641e+01 4.840000e+01
   vertex 4.234813e+01 1.920641e+01 4.805840e+01
  endloop
 endfacet
 facet normal -8.874494e-01 -4.609051e-01 0.000000e+00
  outer loop
   vertex 4.164012e+01 2.069663e+01 4.805840e+01
   vertex 4.087970e+01 2.216079e+01 4.840000e+01
   vertex 4.087970e+01 2.216079e+01 4.805840e+01
  endloop
 endfacet
 facet normal -8.705396e-01 -4.920983e-01 0.000000e+00
  outer loop
   vertex 4.087970e+01 2.216079e+01 4.805840e+01
   vertex 4.006781e+01 2.359705e+01 4.840000e+01
   vertex 4.006781e+01 2.359705e+01 4.805840e+01
  endloop
 endfacet
 facet normal -9.032419e-01 -4.291318e-01 0.000000e+00
  outer loop
   vertex 4.234813e+01 1.920641e+01 4.805840e+01
   vertex 4.164012e+01 2.069663e+01 4.840000e+01
   vertex 4.164012e+01 2.069663e+01 4.805840e+01
  endloop
 endfacet
 facet normal -8.334570e-01 -5.525844e-01 0.000000e+00
  outer loop
   vertex 3.920548e+01 2.500361e+01 4.805840e+01
   vertex 3.829380e+01 2.637869e+01 4.840000e+01
   vertex 3.829380e+01 2.637869e+01 4.805840e+01
  endloop
 endfacet
 facet normal -8.133286e-01 -5.818045e-01 0.000000e+00
  outer loop
   vertex 3.829380e+01 2.637869e+01 4.805840e+01
   vertex 3.733390e+01 2.772056e+01 4.840000e+01
   vertex 3.733390e+01 2.772056e+01 4.805840e+01
  endloop
 endfacet
 facet normal -7.700290e-01 -6.380089e-01 0.000000e+00
  outer loop
   vertex 3.632701e+01 2.902754e+01 4.805840e+01
   vertex 3.527439e+01 3.029797e+01 4.840000e+01
   vertex 3.527439e+01 3.029797e+01 4.805840e+01
  endloop
 endfacet
 facet normal -7.469112e-01 -6.649238e-01 0.000000e+00
  outer loop
   vertex 3.527439e+01 3.029797e+01 4.805840e+01
   vertex 3.417737e+01 3.153027e+01 4.840000e+01
   vertex 3.417737e+01 3.153027e+01 4.805840e+01
  endloop
 endfacet
 facet normal -7.921777e-01 -6.102905e-01 0.000000e+00
  outer loop
   vertex 3.733390e+01 2.772056e+01 4.805840e+01
   vertex 3.632701e+01 2.902754e+01 4.840000e+01
   vertex 3.632701e+01 2.902754e+01 4.805840e+01
  endloop
 endfacet
 facet normal -8.525356e-01 -5.226691e-01 0.000000e+00
  outer loop
   vertex 4.006781e+01 2.359705e+01 4.805840e+01
   vertex 3.920548e+01 2.500361e+01 4.840000e+01
   vertex 3.920548e+01 2.500361e+01 4.805840e+01
  endloop
 endfacet
 facet normal -7.228523e-01 -6.910025e-01 0.000000e+00
  outer loop
   vertex 3.303732e+01 3.272287e+01 4.840000e+01
   vertex 3.417737e+01 3.153027e+01 4.805840e+01
   vertex 3.417737e+01 3.153027e+01 4.840000e+01
  endloop
 endfacet
 facet normal -4.588420e-01 8.885179e-01 0.000000e+00
  outer loop
   vertex -2.351487e+01 4.412540e+01 4.473938e+01
   vertex -2.236566e+01 4.471887e+01 4.431969e+01
   vertex -2.351487e+01 4.412540e+01 4.431969e+01
  endloop
 endfacet
 facet normal 3.494178e-01 -6.767026e-01 -6.480592e-01
  outer loop
   vertex -2.232053e+01 4.463871e+01 4.405356e+01
   vertex -2.342824e+01 4.396334e+01 4.416153e+01
   vertex -2.347145e+01 4.404442e+01 4.405356e+01
  endloop
 endfacet
 facet normal 3.521651e-01 -6.750271e-01 -6.483195e-01
  outer loop
   vertex -2.274379e+01 4.452774e+01 4.394559e+01
   vertex -2.347145e+01 4.404442e+01 4.405356e+01
   vertex -2.350888e+01 4.412859e+01 4.394559e+01
  endloop
 endfacet
 facet normal -9.061275e-01 -3.753303e-01 1.950899e-01
  outer loop
   vertex -1.446503e+01 4.578563e+01 3.867793e+01
   vertex -1.386901e+01 4.434671e+01 3.867793e+01
   vertex -1.375644e+01 4.497005e+01 4.040000e+01
  endloop
 endfacet
 facet normal -7.681778e-01 -3.181898e-01 5.555702e-01
  outer loop
   vertex -1.519515e+01 4.499925e+01 3.721802e+01
   vertex -1.459737e+01 4.355608e+01 3.721802e+01
   vertex -1.386901e+01 4.434671e+01 3.867793e+01
  endloop
 endfacet
 facet normal -5.132793e-01 -2.126078e-01 8.314700e-01
  outer loop
   vertex -1.642960e+01 4.416457e+01 3.624254e+01
   vertex -1.583064e+01 4.271856e+01 3.624254e+01
   vertex -1.459737e+01 4.355608e+01 3.721802e+01
  endloop
 endfacet
 facet normal -1.802392e-01 -7.465746e-02 9.807854e-01
  outer loop
   vertex -1.798045e+01 4.340864e+01 3.590000e+01
   vertex -1.738108e+01 4.196163e+01 3.590000e+01
   vertex -1.583064e+01 4.271856e+01 3.624254e+01
  endloop
 endfacet
 facet normal 1.802393e-01 7.465751e-02 9.807854e-01
  outer loop
   vertex -1.798045e+01 4.340864e+01 3.590000e+01
   vertex -1.918198e+01 4.180940e+01 3.624254e+01
   vertex -1.738108e+01 4.196163e+01 3.590000e+01
  endloop
 endfacet
 facet normal 9.061275e-01 3.753303e-01 1.950903e-01
  outer loop
   vertex -2.214701e+01 4.260364e+01 3.867793e+01
   vertex -2.207136e+01 4.152590e+01 4.040000e+01
   vertex -2.155099e+01 4.116472e+01 3.867793e+01
  endloop
 endfacet
 facet normal 0.000000e+00 0.000000e+00 -1.000000e+00
  outer loop
   vertex -2.266530e+01 4.295981e+01 4.040000e+01
   vertex -1.999263e+01 4.238694e+01 4.040000e+01
   vertex -2.207136e+01 4.152590e+01 4.040000e+01
  endloop
 endfacet
 facet normal 7.097438e-01 2.939849e-01 -6.401848e-01
  outer loop
   vertex -2.140697e+01 4.580146e+01 4.740000e+01
   vertex -1.955478e+01 4.350748e+01 4.840000e+01
   vertex -2.006733e+01 4.256729e+01 4.740000e+01
  endloop
 endfacet
 facet normal 7.097432e-01 2.939857e-01 -6.401852e-01
  outer loop
   vertex -1.955478e+01 4.350748e+01 4.840000e+01
   vertex -1.779478e+01 4.296040e+01 5.010000e+01
   vertex -1.909535e+01 4.239832e+01 4.840000e+01
  endloop
 endfacet
 facet normal -7.097437e-01 -2.939854e-01 -6.401847e-01
  outer loop
   vertex -1.724951e+01 4.752353e+01 4.740000e+01
   vertex -1.590987e+01 4.428936e+01 4.740000e+01
   vertex -1.693712e+01 4.459175e+01 4.840000e+01
  endloop
 endfacet
 facet normal -9.963975e-01 -8.480605e-02 0.000000e+00
  outer loop
   vertex 1.500000e+00 -2.664535e-15 7.105427e-15
   vertex 1.478424e+00 2.535012e-01 1.600000e+00
   vertex 1.478424e+00 2.535012e-01 0.000000e+00
  endloop
 endfacet
 facet normal -9.112285e-01 -4.119012e-01 0.000000e+00
  outer loop
   vertex 1.414316e+00 4.997097e-01 0.000000e+00
   vertex 1.309521e+00 7.315424e-01 1.600000e+00
   vertex 1.309521e+00 7.315424e-01 0.000000e+00
  endloop
 endfacet
 facet normal -9.677330e-01 -2.519779e-01 0.000000e+00
  outer loop
   vertex 1.478424e+00 2.535012e-01 0.000000e+00
   vertex 1.414316e+00 4.997097e-01 1.600000e+00
   vertex 1.414316e+00 4.997097e-01 0.000000e+00
  endloop
 endfacet
 facet normal -7.219563e-01 -6.919387e-01 0.000000e+00
  outer loop
   vertex 1.167054e+00 9.423300e-01 0.000000e+00
   vertex 9.910121e-01 1.126009e+00 1.600000e+00
   vertex 9.910121e-01 1.126009e+00 0.000000e+00
  endloop
 endfacet
 facet normal -4.502038e-01 -8.929258e-01 0.000000e+00
  outer loop
   vertex 7.864609e-01 1.277294e+00 0.000000e+00
   vertex 5.592847e-01 1.391834e+00 1.600000e+00
   vertex 5.592847e-01 1.391834e+00 0.000000e+00
  endloop
 endfacet
 facet normal -2.928230e-01 -9.561667e-01 0.000000e+00
  outer loop
   vertex 5.592847e-01 1.391834e+00 0.000000e+00
   vertex 3.160189e-01 1.466333e+00 1.600000e+00
   vertex 3.160189e-01 1.466333e+00 0.000000e+00
  endloop
 endfacet
 facet normal -5.946330e-01 -8.039973e-01 0.000000e+00
  outer loop
   vertex 9.910121e-01 1.126009e+00 0.000000e+00
   vertex 7.864609e-01 1.277294e+00 1.600000e+00
   vertex 7.864609e-01 1.277294e+00 0.000000e+00
  endloop
 endfacet
 facet normal -8.285095e-01 -5.599750e-01 0.000000e+00
  outer loop
   vertex 1.309521e+00 7.315424e-01 0.000000e+00
   vertex 1.167054e+00 9.423300e-01 1.600000e+00
   vertex 1.167054e+00 9.423300e-01 0.000000e+00
  endloop
 endfacet
 facet normal 4.244098e-02 -9.990990e-01 0.000000e+00
  outer loop
   vertex -1.905267e-01 1.487851e+00 0.000000e+00
   vertex 6.366181e-02 1.498648e+00 1.600000e+00
   vertex -1.905267e-01 1.487851e+00 1.600000e+00
  endloop
 endfacet
 facet normal 3.728568e-01 -9.278889e-01 0.000000e+00
  outer loop
   vertex -4.392342e-01 1.434250e+00 0.000000e+00
   vertex -6.753056e-01 1.339389e+00 1.600000e+00
   vertex -6.753056e-01 1.339389e+00 0.000000e+00
  endloop
 endfacet
 facet normal 5.243071e-01 -8.515292e-01 0.000000e+00
  outer loop
   vertex -8.919498e-01 1.205996e+00 0.000000e+00
   vertex -6.753056e-01 1.339389e+00 1.600000e+00
   vertex -8.919498e-01 1.205996e+00 1.600000e+00
  endloop
 endfacet
 facet normal 2.106793e-01 -9.775552e-01 0.000000e+00
  outer loop
   vertex -1.905267e-01 1.487851e+00 0.000000e+00
   vertex -4.392342e-01 1.434250e+00 1.600000e+00
   vertex -4.392342e-01 1.434250e+00 0.000000e+00
  endloop
 endfacet
 facet normal 7.780358e-01 -6.282200e-01 0.000000e+00
  outer loop
   vertex -1.242764e+00 8.399622e-01 0.000000e+00
   vertex -1.082934e+00 1.037908e+00 1.600000e+00
   vertex -1.242764e+00 8.399622e-01 1.600000e+00
  endloop
 endfacet
 facet normal 9.428774e-01 -3.331400e-01 0.000000e+00
  outer loop
   vertex -1.451599e+00 3.779671e-01 0.000000e+00
   vertex -1.366843e+00 6.178519e-01 1.600000e+00
   vertex -1.451599e+00 3.779671e-01 1.600000e+00
  endloop
 endfacet
 facet normal 9.856159e-01 -1.690006e-01 0.000000e+00
  outer loop
   vertex -1.494596e+00 1.272089e-01 0.000000e+00
   vertex -1.451599e+00 3.779671e-01 1.600000e+00
   vertex -1.494596e+00 1.272089e-01 1.600000e+00
  endloop
 endfacet
 facet normal 8.730141e-01 -4.876949e-01 0.000000e+00
  outer loop
   vertex -1.366843e+00 6.178519e-01 0.000000e+00
   vertex -1.242764e+00 8.399622e-01 1.600000e+00
   vertex -1.366843e+00 6.178519e-01 1.600000e+00
  endloop
 endfacet
 facet normal 6.606747e-01 -7.506723e-01 0.000000e+00
  outer loop
   vertex -1.082934e+00 1.037908e+00 0.000000e+00
   vertex -8.919498e-01 1.205996e+00 1.600000e+00
   vertex -1.082934e+00 1.037908e+00 1.600000e+00
  endloop
 endfacet
 facet normal -1.270174e-01 -9.919005e-01 0.000000e+00
  outer loop
   vertex 6.366181e-02 1.498648e+00 0.000000e+00
   vertex 3.160189e-01 1.466333e+00 1.600000e+00
   vertex 6.366181e-02 1.498648e+00 1.600000e+00
  endloop
 endfacet
 facet normal 1.000000e+00 0.000000e+00 0.000000e+00
  outer loop
   vertex -1.494596e+00 1.272089e-01 1.600000e+00
   vertex -1.494596e+00 -1.272089e-01 0.000000e+00
   vertex -1.494596e+00 1.272089e-01 0.000000e+00
  endloop
 endfacet
 facet normal 9.856159e-01 1.690006e-01 -0.000000e+00
  outer loop
   vertex -1.451599e+00 -3.779671e-01 0.000000e+00
   vertex -1.494596e+00 -1.272089e-01 1.600000e+00
   vertex -1.451599e+00 -3.779671e-01 1.600000e+00
  endloop
 endfacet
 facet normal 8.730141e-01 4.876949e-01 0.000000e+00
  outer loop
   vertex -1.366843e+00 -6.178519e-01 0.000000e+00
   vertex -1.242764e+00 -8.399622e-01 1.600000e+00
   vertex -1.242764e+00 -8.399622e-01 0.000000e+00
  endloop
 endfacet
 facet normal 9.428774e-01 3.331400e-01 -0.000000e+00
  outer loop
   vertex -1.366843e+00 -6.178519e-01 0.000000e+00
   vertex -1.451599e+00 -3.779671e-01 1.600000e+00
   vertex -1.366843e+00 -6.178519e-01 1.600000e+00
  endloop
 endfacet
 facet normal 6.606747e-01 7.506723e-01 -0.000000e+00
  outer loop
   vertex -8.919498e-01 -1.205996e+00 0.000000e+00
   vertex -1.082934e+00 -1.037908e+00 1.600000e+00
   vertex -8.919498e-01 -1.205996e+00 1.600000e+00
  endloop
 endfacet
 facet normal 3.728568e-01 9.278889e-01 -0.000000e+00
  outer loop
   vertex -4.392342e-01 -1.434250e+00 0.000000e+00
   vertex -6.753056e-01 -1.339389e+00 1.600000e+00
   vertex -4.392342e-01 -1.434250e+00 1.600000e+00
  endloop
 endfacet
 facet normal 2.106793e-01 9.775552e-01 -0.000000e+00
  outer loop
   vertex -1.905267e-01 -1.487851e+00 0.000000e+00
   vertex -4.392342e-01 -1.434250e+00 1.600000e+00
   vertex -1.905267e-01 -1.487851e+00 1.600000e+00
  endloop
 endfacet
 facet normal 5.243071e-01 8.515292e-01 -0.000000e+00
  outer loop
   vertex -6.753056e-01 -1.339389e+00 0.000000e+00
   vertex -8.919498e-01 -1.205996e+00 1.600000e+00
   vertex -6.753056e-01 -1.339389e+00 1.600000e+00
  endloop
 endfacet
 facet normal 7.780358e-01 6.282200e-01 0.000000e+00
  outer loop
   vertex -1.242764e+00 -8.399622e-01 0.000000e+00
   vertex -1.082934e+00 -1.037908e+00 1.600000e+00
   vertex -1.082934e+00 -1.037908e+00 0.000000e+00
  endloop
 endfacet
 facet normal -1.270174e-01 9.919005e-01 0.000000e+00
  outer loop
   vertex 6.366181e-02 -1.498648e+00 0.000000e+00
   vertex 3.160189e-01 -1.466333e+00 1.600000e+00
   vertex 3.160189e-01 -1.466333e+00 0.000000e+00
  endloop
 endfacet
 facet normal -4.502038e-01 8.929258e-01 0.000000e+00
  outer loop
   vertex 7.864609e-01 -1.277294e+00 0.000000e+00
   vertex 5.592847e-01 -1.391834e+00 1.600000e+00
   vertex 7.864609e-01 -1.277294e+00 1.600000e+00
  endloop
 endfacet
 facet normal -5.946330e-01 8.039973e-01 0.000000e+00
  outer loop
   vertex 9.910121e-01 -1.126009e+00 0.000000e+00
   vertex 7.864609e-01 -1.277294e+00 1.600000e+00
   vertex 9.910121e-01 -1.126009e+00 1.600000e+00
  endloop
 endfacet
 facet normal -2.928230e-01 9.561667e-01 0.000000e+00
  outer loop
   vertex 3.160189e-01 -1.466333e+00 0.000000e+00
   vertex 5.592847e-01 -1.391834e+00 1.600000e+00
   vertex 5.592847e-01 -1.391834e+00 0.000000e+00
  endloop
 endfacet
 facet normal -8.285095e-01 5.599750e-01 0.000000e+00
  outer loop
   vertex 1.309521e+00 -7.315424e-01 0.000000e+00
   vertex 1.167054e+00 -9.423300e-01 1.600000e+00
   vertex 1.309521e+00 -7.315424e-01 1.600000e+00
  endloop
 endfacet
 facet normal -9.677330e-01 2.519779e-01 0.000000e+00
  outer loop
   vertex 1.478424e+00 -2.535012e-01 0.000000e+00
   vertex 1.414316e+00 -4.997097e-01 1.600000e+00
   vertex 1.478424e+00 -2.535012e-01 1.600000e+00
  endloop
 endfacet
 facet normal -9.963975e-01 8.480605e-02 -1.883072e-16
  outer loop
   vertex 1.500000e+00 -2.664535e-15 7.105427e-15
   vertex 1.478424e+00 -2.535012e-01 1.600000e+00
   vertex 1.500000e+00 8.881784e-16 1.600000e+00
  endloop
 endfacet
 facet normal -9.112285e-01 4.119012e-01 0.000000e+00
  outer loop
   vertex 1.414316e+00 -4.997097e-01 0.000000e+00
   vertex 1.309521e+00 -7.315424e-01 1.600000e+00
   vertex 1.414316e+00 -4.997097e-01 1.600000e+00
  endloop
 endfacet
 facet normal -7.219563e-01 6.919387e-01 0.000000e+00
  outer loop
   vertex 1.167054e+00 -9.423300e-01 0.000000e+00
   vertex 9.910121e-01 -1.126009e+00 1.600000e+00
   vertex 1.167054e+00 -9.423300e-01 1.600000e+00
  endloop
 endfacet
 facet normal 4.244098e-02 9.990990e-01 -0.000000e+00
  outer loop
   vertex 6.366181e-02 -1.498648e+00 0.000000e+00
   vertex -1.905267e-01 -1.487851e+00 1.600000e+00
   vertex 6.366181e-02 -1.498648e+00 1.600000e+00
  endloop
 endfacet
 facet normal 3.111377e-01 -3.111388e-01 -8.979900e-01
  outer loop
   vertex -4.303514e+01 2.040772e+01 3.816393e+01
   vertex -4.162659e+01 2.041338e+01 3.865001e+01
   vertex -4.208209e+01 1.945467e+01 3.882436e+01
  endloop
 endfacet
 facet normal 7.071066e-01 -7.071069e-01 -1.692092e-07
  outer loop
   vertex -3.450681e+01 3.309260e+01 3.590000e+01
   vertex -3.901727e+01 2.858214e+01 3.590000e+01
   vertex -3.777582e+01 2.982359e+01 3.370619e+01
  endloop
 endfacet
 facet normal -7.071069e-01 7.071066e-01 -1.692092e-07
  outer loop
   vertex 3.309260e+01 -3.450681e+01 3.590000e+01
   vertex 2.982359e+01 -3.777582e+01 3.370619e+01
   vertex 2.858214e+01 -3.901727e+01 3.590000e+01
  endloop
 endfacet
 facet normal -7.293091e-02 9.973370e-01 0.000000e+00
  outer loop
   vertex -4.719047e+00 4.746600e+01 4.840000e+01
   vertex -2.236190e+00 4.764756e+01 5.440000e+01
   vertex -2.236190e+00 4.764756e+01 4.840000e+01
  endloop
 endfacet
 facet normal -1.715446e-01 9.851764e-01 0.000000e+00
  outer loop
   vertex -9.328351e+00 4.677897e+01 4.840000e+01
   vertex -7.032094e+00 4.717881e+01 5.440000e+01
   vertex -7.032094e+00 4.717881e+01 4.840000e+01
  endloop
 endfacet
 facet normal -2.194654e-01 9.756203e-01 0.000000e+00
  outer loop
   vertex -1.160233e+01 4.626744e+01 4.840000e+01
   vertex -9.328351e+00 4.677897e+01 5.440000e+01
   vertex -9.328351e+00 4.677897e+01 4.840000e+01
  endloop
 endfacet
 facet normal -1.232146e-01 9.923801e-01 0.000000e+00
  outer loop
   vertex -7.032094e+00 4.717881e+01 4.840000e+01
   vertex -4.719047e+00 4.746600e+01 5.440000e+01
   vertex -4.719047e+00 4.746600e+01 4.840000e+01
  endloop
 endfacet
 facet normal -3.136199e-01 9.495486e-01 0.000000e+00
  outer loop
   vertex -1.606183e+01 4.491445e+01 4.840000e+01
   vertex -1.384862e+01 4.564544e+01 5.440000e+01
   vertex -1.384862e+01 4.564544e+01 4.840000e+01
  endloop
 endfacet
 facet normal -4.489293e-01 8.935673e-01 0.000000e+00
  outer loop
   vertex -2.244714e+01 4.208819e+01 4.840000e+01
   vertex -2.244714e+01 4.208819e+01 5.440000e+01
   vertex -2.036802e+01 4.313275e+01 5.440000e+01
  endloop
 endfacet
 facet normal -2.668610e-01 9.637350e-01 0.000000e+00
  outer loop
   vertex -1.384862e+01 4.564544e+01 4.840000e+01
   vertex -1.160233e+01 4.626744e+01 5.440000e+01
   vertex -1.160233e+01 4.626744e+01 4.840000e+01
  endloop
 endfacet
 facet normal -5.322529e-01 8.465854e-01 0.000000e+00
  outer loop
   vertex -2.634094e+01 3.976738e+01 4.840000e+01
   vertex -2.442163e+01 4.097407e+01 5.440000e+01
   vertex -2.442163e+01 4.097407e+01 4.840000e+01
  endloop
 endfacet
 facet normal -5.718770e-01 8.203394e-01 0.000000e+00
  outer loop
   vertex -2.820075e+01 3.847087e+01 4.840000e+01
   vertex -2.634094e+01 3.976738e+01 5.440000e+01
   vertex -2.634094e+01 3.976738e+01 4.840000e+01
  endloop
 endfacet
 facet normal -6.471654e-01 7.623496e-01 0.000000e+00
  outer loop
   vertex -3.172520e+01 3.562024e+01 4.840000e+01
   vertex -2.999686e+01 3.708744e+01 5.440000e+01
   vertex -2.999686e+01 3.708744e+01 4.840000e+01
  endloop
 endfacet
 facet normal -6.102102e-01 7.922396e-01 0.000000e+00
  outer loop
   vertex -2.999686e+01 3.708744e+01 4.840000e+01
   vertex -2.820075e+01 3.847087e+01 5.440000e+01
   vertex -2.820075e+01 3.847087e+01 4.840000e+01
  endloop
 endfacet
 facet normal -6.826564e-01 7.307396e-01 0.000000e+00
  outer loop
   vertex -3.338188e+01 3.407257e+01 4.840000e+01
   vertex -3.172520e+01 3.562024e+01 5.440000e+01
   vertex -3.172520e+01 3.562024e+01 4.840000e+01
  endloop
 endfacet
 facet normal -4.914259e-01 8.709194e-01 0.000000e+00
  outer loop
   vertex -2.442163e+01 4.097407e+01 4.840000e+01
   vertex -2.244714e+01 4.208819e+01 5.440000e+01
   vertex -2.244714e+01 4.208819e+01 4.840000e+01
  endloop
 endfacet
 facet normal -7.166077e-01 6.974764e-01 0.000000e+00
  outer loop
   vertex -3.496315e+01 3.244793e+01 4.840000e+01
   vertex -3.338188e+01 3.407257e+01 5.440000e+01
   vertex -3.338188e+01 3.407257e+01 4.840000e+01
  endloop
 endfacet
 facet normal -7.489383e-01 6.626397e-01 0.000000e+00
  outer loop
   vertex -3.646544e+01 3.074999e+01 4.840000e+01
   vertex -3.496315e+01 3.244793e+01 5.440000e+01
   vertex -3.496315e+01 3.244793e+01 4.840000e+01
  endloop
 endfacet
 facet normal -8.084573e-01 5.885548e-01 0.000000e+00
  outer loop
   vertex -3.921967e+01 2.714972e+01 4.840000e+01
   vertex -3.788535e+01 2.898259e+01 5.440000e+01
   vertex -3.788535e+01 2.898259e+01 4.840000e+01
  endloop
 endfacet
 facet normal -8.606743e-01 5.091559e-01 0.000000e+00
  outer loop
   vertex -4.161972e+01 2.330426e+01 4.840000e+01
   vertex -4.046540e+01 2.525552e+01 5.440000e+01
   vertex -4.046540e+01 2.525552e+01 4.840000e+01
  endloop
 endfacet
 facet normal -8.355092e-01 5.494764e-01 0.000000e+00
  outer loop
   vertex -4.046540e+01 2.525552e+01 4.840000e+01
   vertex -3.921967e+01 2.714972e+01 5.440000e+01
   vertex -3.921967e+01 2.714972e+01 4.840000e+01
  endloop
 endfacet
 facet normal -7.795783e-01 6.263047e-01 0.000000e+00
  outer loop
   vertex -3.788535e+01 2.898259e+01 4.840000e+01
   vertex -3.646544e+01 3.074999e+01 5.440000e+01
   vertex -3.646544e+01 3.074999e+01 4.840000e+01
  endloop
 endfacet
 facet normal -8.838947e-01 4.676859e-01 0.000000e+00
  outer loop
   vertex -4.268003e+01 2.130036e+01 4.840000e+01
   vertex -4.161972e+01 2.330426e+01 5.440000e+01
   vertex -4.161972e+01 2.330426e+01 4.840000e+01
  endloop
 endfacet
 facet normal -9.051191e-01 4.251582e-01 0.000000e+00
  outer loop
   vertex -4.364391e+01 1.924834e+01 4.840000e+01
   vertex -4.268003e+01 2.130036e+01 5.440000e+01
   vertex -4.268003e+01 2.130036e+01 4.840000e+01
  endloop
 endfacet
 facet normal -9.242977e-01 3.816724e-01 0.000000e+00
  outer loop
   vertex -4.450921e+01 1.715284e+01 4.840000e+01
   vertex -4.364391e+01 1.924834e+01 5.440000e+01
   vertex -4.364391e+01 1.924834e+01 4.840000e+01
  endloop
 endfacet
 facet normal -9.563538e-01 2.922111e-01 0.000000e+00
  outer loop
   vertex -4.593644e+01 1.285042e+01 4.840000e+01
   vertex -4.527396e+01 1.501860e+01 5.440000e+01
   vertex -4.527396e+01 1.501860e+01 4.840000e+01
  endloop
 endfacet
 facet normal -9.691583e-01 2.464391e-01 0.000000e+00
  outer loop
   vertex -4.649515e+01 1.065322e+01 4.840000e+01
   vertex -4.593644e+01 1.285042e+01 5.440000e+01
   vertex -4.593644e+01 1.285042e+01 4.840000e+01
  endloop
 endfacet
 facet normal -9.413893e-01 3.373220e-01 0.000000e+00
  outer loop
   vertex -4.527396e+01 1.501860e+01 4.840000e+01
   vertex -4.450921e+01 1.715284e+01 5.440000e+01
   vertex -4.450921e+01 1.715284e+01 4.840000e+01
  endloop
 endfacet
 facet normal -9.883966e-01 1.518954e-01 0.000000e+00
  outer loop
   vertex -4.731423e+01 6.054221e+00 4.840000e+01
   vertex -4.694883e+01 8.431950e+00 5.440000e+01
   vertex -4.694883e+01 8.431950e+00 4.840000e+01
  endloop
 endfacet
 facet normal -9.948158e-01 1.016929e-01 0.000000e+00
  outer loop
   vertex -4.756059e+01 3.644223e+00 4.840000e+01
   vertex -4.731423e+01 6.054221e+00 5.440000e+01
   vertex -4.731423e+01 6.054221e+00 4.840000e+01
  endloop
 endfacet
 facet normal -9.999843e-01 5.603339e-03 0.000000e+00
  outer loop
   vertex -4.769550e+01 -6.555718e-01 4.840000e+01
   vertex -4.768515e+01 1.190021e+00 5.440000e+01
   vertex -4.768515e+01 1.190021e+00 4.840000e+01
  endloop
 endfacet
 facet normal -9.991991e-01 -4.001473e-02 0.000000e+00
  outer loop
   vertex -4.759518e+01 -3.160518e+00 4.840000e+01
   vertex -4.769550e+01 -6.555718e-01 5.440000e+01
   vertex -4.769550e+01 -6.555718e-01 4.840000e+01
  endloop
 endfacet
 facet normal -9.987144e-01 5.069061e-02 0.000000e+00
  outer loop
   vertex -4.768515e+01 1.190021e+00 4.840000e+01
   vertex -4.756059e+01 3.644223e+00 5.440000e+01
   vertex -4.756059e+01 3.644223e+00 4.840000e+01
  endloop
 endfacet
 facet normal -9.797734e-01 2.001100e-01 0.000000e+00
  outer loop
   vertex -4.694883e+01 8.431950e+00 4.840000e+01
   vertex -4.649515e+01 1.065322e+01 5.440000e+01
   vertex -4.649515e+01 1.065322e+01 4.840000e+01
  endloop
 endfacet
 facet normal -9.899951e-01 -1.411014e-01 0.000000e+00
  outer loop
   vertex -4.704424e+01 -7.882258e+00 4.840000e+01
   vertex -4.737312e+01 -5.574770e+00 5.440000e+01
   vertex -4.737312e+01 -5.574770e+00 4.840000e+01
  endloop
 endfacet
 facet normal -9.819205e-01 -1.892939e-01 0.000000e+00
  outer loop
   vertex -4.660303e+01 -1.017093e+01 4.840000e+01
   vertex -4.704424e+01 -7.882258e+00 5.440000e+01
   vertex -4.704424e+01 -7.882258e+00 4.840000e+01
  endloop
 endfacet
 facet normal -9.587627e-01 -2.842077e-01 0.000000e+00
  outer loop
   vertex -4.538811e+01 -1.467000e+01 4.840000e+01
   vertex -4.605055e+01 -1.243531e+01 5.440000e+01
   vertex -4.605055e+01 -1.243531e+01 4.840000e+01
  endloop
 endfacet
 facet normal -9.437349e-01 -3.307030e-01 0.000000e+00
  outer loop
   vertex -4.461731e+01 -1.686967e+01 4.840000e+01
   vertex -4.538811e+01 -1.467000e+01 5.440000e+01
   vertex -4.538811e+01 -1.467000e+01 4.840000e+01
  endloop
 endfacet
 facet normal -9.715016e-01 -2.370332e-01 0.000000e+00
  outer loop
   vertex -4.605055e+01 -1.243531e+01 4.840000e+01
   vertex -4.660303e+01 -1.017093e+01 5.440000e+01
   vertex -4.660303e+01 -1.017093e+01 4.840000e+01
  endloop
 endfacet
 facet normal -9.069604e-01 -4.212159e-01 0.000000e+00
  outer loop
   vertex -4.275820e+01 -2.114300e+01 4.840000e+01
   vertex -4.373997e+01 -1.902905e+01 5.440000e+01
   vertex -4.373997e+01 -1.902905e+01 4.840000e+01
  endloop
 endfacet
 facet normal -8.854358e-01 -4.647618e-01 0.000000e+00
  outer loop
   vertex -4.168773e+01 -2.318239e+01 4.840000e+01
   vertex -4.275820e+01 -2.114300e+01 5.440000e+01
   vertex -4.275820e+01 -2.114300e+01 4.840000e+01
  endloop
 endfacet
 facet normal -8.371142e-01 -5.470281e-01 0.000000e+00
  outer loop
   vertex -3.929894e+01 -2.703485e+01 4.840000e+01
   vertex -4.053912e+01 -2.513701e+01 5.440000e+01
   vertex -4.053912e+01 -2.513701e+01 4.840000e+01
  endloop
 endfacet
 facet normal -7.814076e-01 -6.240209e-01 0.000000e+00
  outer loop
   vertex -3.655525e+01 -3.064317e+01 4.840000e+01
   vertex -3.796998e+01 -2.887162e+01 5.440000e+01
   vertex -3.796998e+01 -2.887162e+01 4.840000e+01
  endloop
 endfacet
 facet normal -8.101754e-01 -5.861875e-01 0.000000e+00
  outer loop
   vertex -3.796998e+01 -2.887162e+01 4.840000e+01
   vertex -3.929894e+01 -2.703485e+01 5.440000e+01
   vertex -3.929894e+01 -2.703485e+01 4.840000e+01
  endloop
 endfacet
 facet normal -8.621596e-01 -5.066367e-01 0.000000e+00
  outer loop
   vertex -4.053912e+01 -2.513701e+01 4.840000e+01
   vertex -4.168773e+01 -2.318239e+01 5.440000e+01
   vertex -4.168773e+01 -2.318239e+01 4.840000e+01
  endloop
 endfacet
 facet normal -9.264533e-01 -3.764097e-01 0.000000e+00
  outer loop
   vertex -4.373997e+01 -1.902905e+01 4.840000e+01
   vertex -4.461731e+01 -1.686967e+01 5.440000e+01
   vertex -4.461731e+01 -1.686967e+01 4.840000e+01
  endloop
 endfacet
 facet normal -9.957964e-01 -9.159421e-02 0.000000e+00
  outer loop
   vertex -4.737312e+01 -5.574770e+00 4.840000e+01
   vertex -4.759518e+01 -3.160518e+00 5.440000e+01
   vertex -4.759518e+01 -3.160518e+00 4.840000e+01
  endloop
 endfacet
 facet normal -7.508745e-01 -6.604449e-01 0.000000e+00
  outer loop
   vertex -3.505794e+01 -3.234550e+01 4.840000e+01
   vertex -3.655525e+01 -3.064317e+01 5.440000e+01
   vertex -3.655525e+01 -3.064317e+01 4.840000e+01
  endloop
 endfacet
 facet normal -7.186447e-01 -6.953775e-01 0.000000e+00
  outer loop
   vertex -3.505794e+01 -3.234550e+01 5.440000e+01
   vertex -3.348143e+01 -3.397475e+01 4.840000e+01
   vertex -3.348143e+01 -3.397475e+01 5.440000e+01
  endloop
 endfacet
 facet normal -6.847916e-01 -7.287389e-01 0.000000e+00
  outer loop
   vertex -3.182929e+01 -3.552726e+01 4.840000e+01
   vertex -3.348143e+01 -3.397475e+01 5.440000e+01
   vertex -3.348143e+01 -3.397475e+01 4.840000e+01
  endloop
 endfacet
 facet normal -6.493929e-01 -7.604530e-01 0.000000e+00
  outer loop
   vertex -3.010524e+01 -3.699952e+01 4.840000e+01
   vertex -3.182929e+01 -3.552726e+01 5.440000e+01
   vertex -3.182929e+01 -3.552726e+01 4.840000e+01
  endloop
 endfacet
 facet normal -5.742751e-01 -8.186624e-01 0.000000e+00
  outer loop
   vertex -2.645718e+01 -3.969014e+01 4.840000e+01
   vertex -2.831319e+01 -3.838819e+01 5.440000e+01
   vertex -2.831319e+01 -3.838819e+01 4.840000e+01
  endloop
 endfacet
 facet normal -5.347266e-01 -8.450251e-01 0.000000e+00
  outer loop
   vertex -2.454141e+01 -4.090244e+01 4.840000e+01
   vertex -2.645718e+01 -3.969014e+01 5.440000e+01
   vertex -2.645718e+01 -3.969014e+01 4.840000e+01
  endloop
 endfacet
 facet normal -6.125254e-01 -7.904509e-01 0.000000e+00
  outer loop
   vertex -2.831319e+01 -3.838819e+01 4.840000e+01
   vertex -3.010524e+01 -3.699952e+01 5.440000e+01
   vertex -3.010524e+01 -3.699952e+01 4.840000e+01
  endloop
 endfacet
 facet normal -4.521016e-01 -8.919664e-01 0.000000e+00
  outer loop
   vertex -2.054799e+01 -4.304730e+01 4.840000e+01
   vertex -2.257019e+01 -4.202233e+01 5.440000e+01
   vertex -2.257019e+01 -4.202233e+01 4.840000e+01
  endloop
 endfacet
 facet normal -4.092069e-01 -9.124416e-01 0.000000e+00
  outer loop
   vertex -1.847937e+01 -4.397503e+01 4.840000e+01
   vertex -2.054799e+01 -4.304730e+01 5.440000e+01
   vertex -2.054799e+01 -4.304730e+01 4.840000e+01
  endloop
 endfacet
 facet normal -3.207484e-01 -9.471644e-01 0.000000e+00
  outer loop
   vertex -1.422167e+01 -4.553059e+01 4.840000e+01
   vertex -1.636901e+01 -4.480341e+01 5.440000e+01
   vertex -1.636901e+01 -4.480341e+01 4.840000e+01
  endloop
 endfacet
 facet normal -2.753800e-01 -9.613355e-01 0.000000e+00
  outer loop
   vertex -1.204220e+01 -4.615491e+01 4.840000e+01
   vertex -1.422167e+01 -4.553059e+01 5.440000e+01
   vertex -1.422167e+01 -4.553059e+01 4.840000e+01
  endloop
 endfacet
 facet normal -3.653896e-01 -9.308547e-01 0.000000e+00
  outer loop
   vertex -1.636901e+01 -4.480341e+01 4.840000e+01
   vertex -1.847937e+01 -4.397503e+01 5.440000e+01
   vertex -1.847937e+01 -4.397503e+01 4.840000e+01
  endloop
 endfacet
 facet normal -4.939716e-01 -8.694780e-01 0.000000e+00
  outer loop
   vertex -2.257019e+01 -4.202233e+01 4.840000e+01
   vertex -2.454141e+01 -4.090244e+01 5.440000e+01
   vertex -2.454141e+01 -4.090244e+01 4.840000e+01
  endloop
 endfacet
 facet normal -1.816479e-01 -9.833636e-01 0.000000e+00
  outer loop
   vertex -7.488196e+00 -4.710857e+01 4.840000e+01
   vertex -9.835528e+00 -4.667496e+01 5.440000e+01
   vertex -9.835528e+00 -4.667496e+01 4.840000e+01
  endloop
 endfacet
 facet normal -1.319805e-01 -9.912523e-01 0.000000e+00
  outer loop
   vertex -5.098790e+00 -4.742670e+01 4.840000e+01
   vertex -7.488196e+00 -4.710857e+01 5.440000e+01
   vertex -7.488196e+00 -4.710857e+01 4.840000e+01
  endloop
 endfacet
 facet normal -3.139721e-02 -9.995070e-01 0.000000e+00
  outer loop
   vertex -2.969032e-01 -4.769908e+01 4.840000e+01
   vertex -2.697370e+00 -4.762367e+01 5.440000e+01
   vertex -2.697370e+00 -4.762367e+01 4.840000e+01
  endloop
 endfacet
 facet normal 1.346578e-02 -9.999093e-01 0.000000e+00
  outer loop
   vertex 1.581128e+00 -4.767379e+01 4.840000e+01
   vertex -2.969032e-01 -4.769908e+01 5.440000e+01
   vertex -2.969032e-01 -4.769908e+01 4.840000e+01
  endloop
 endfacet
 facet normal -8.174699e-02 -9.966531e-01 0.000000e+00
  outer loop
   vertex -2.697370e+00 -4.762367e+01 4.840000e+01
   vertex -5.098790e+00 -4.742670e+01 5.440000e+01
   vertex -5.098790e+00 -4.742670e+01 4.840000e+01
  endloop
 endfacet
 facet normal 1.102259e-01 -9.939066e-01 0.000000e+00
  outer loop
   vertex 6.428678e+00 -4.726481e+01 4.840000e+01
   vertex 4.083655e+00 -4.752488e+01 5.440000e+01
   vertex 4.083655e+00 -4.752488e+01 4.840000e+01
  endloop
 endfacet
 facet normal 1.589424e-01 -9.872879e-01 0.000000e+00
  outer loop
   vertex 8.729856e+00 -4.689434e+01 4.840000e+01
   vertex 6.428678e+00 -4.726481e+01 5.440000e+01
   vertex 6.428678e+00 -4.726481e+01 4.840000e+01
  endloop
 endfacet
 facet normal 2.545256e-01 -9.670660e-01 0.000000e+00
  outer loop
   vertex 1.326424e+01 -4.581866e+01 4.840000e+01
   vertex 1.101019e+01 -4.641191e+01 5.440000e+01
   vertex 1.101019e+01 -4.641191e+01 4.840000e+01
  endloop
 endfacet
 facet normal 3.476783e-01 -9.376139e-01 0.000000e+00
  outer loop
   vertex 1.767201e+01 -4.430564e+01 4.840000e+01
   vertex 1.548661e+01 -4.511602e+01 5.440000e+01
   vertex 1.548661e+01 -4.511602e+01 4.840000e+01
  endloop
 endfacet
 facet normal 3.014612e-01 -9.534784e-01 0.000000e+00
  outer loop
   vertex 1.548661e+01 -4.511602e+01 4.840000e+01
   vertex 1.326424e+01 -4.581866e+01 5.440000e+01
   vertex 1.326424e+01 -4.581866e+01 4.840000e+01
  endloop
 endfacet
 facet normal 2.069796e-01 -9.783452e-01 0.000000e+00
  outer loop
   vertex 1.101019e+01 -4.641191e+01 4.840000e+01
   vertex 8.729856e+00 -4.689434e+01 5.440000e+01
   vertex 8.729856e+00 -4.689434e+01 4.840000e+01
  endloop
 endfacet
 facet normal 5.939899e-02 -9.982343e-01 0.000000e+00
  outer loop
   vertex 4.083655e+00 -4.752488e+01 4.840000e+01
   vertex 1.581128e+00 -4.767379e+01 5.440000e+01
   vertex 1.581128e+00 -4.767379e+01 4.840000e+01
  endloop
 endfacet
 facet normal -2.293908e-01 -9.733344e-01 0.000000e+00
  outer loop
   vertex -9.835528e+00 -4.667496e+01 4.840000e+01
   vertex -1.204220e+01 -4.615491e+01 5.440000e+01
   vertex -1.204220e+01 -4.615491e+01 4.840000e+01
  endloop
 endfacet
 facet normal 4.375136e-01 -8.992118e-01 0.000000e+00
  outer loop
   vertex 2.191110e+01 -4.236972e+01 4.840000e+01
   vertex 1.981521e+01 -4.338948e+01 5.440000e+01
   vertex 1.981521e+01 -4.338948e+01 4.840000e+01
  endloop
 endfacet
 facet normal 4.804469e-01 -8.770238e-01 0.000000e+00
  outer loop
   vertex 2.391049e+01 -4.127443e+01 4.840000e+01
   vertex 2.191110e+01 -4.236972e+01 5.440000e+01
   vertex 2.191110e+01 -4.236972e+01 4.840000e+01
  endloop
 endfacet
 facet normal 5.616367e-01 -8.273839e-01 0.000000e+00
  outer loop
   vertex 2.772043e+01 -3.881839e+01 4.840000e+01
   vertex 2.584465e+01 -4.009169e+01 5.440000e+01
   vertex 2.584465e+01 -4.009169e+01 4.840000e+01
  endloop
 endfacet
 facet normal 6.003175e-01 -7.997618e-01 0.000000e+00
  outer loop
   vertex 2.953360e+01 -3.745740e+01 4.840000e+01
   vertex 2.772043e+01 -3.881839e+01 5.440000e+01
   vertex 2.772043e+01 -3.881839e+01 4.840000e+01
  endloop
 endfacet
 facet normal 5.216897e-01 -8.531353e-01 0.000000e+00
  outer loop
   vertex 2.584465e+01 -4.009169e+01 4.840000e+01
   vertex 2.391049e+01 -4.127443e+01 5.440000e+01
   vertex 2.391049e+01 -4.127443e+01 4.840000e+01
  endloop
 endfacet
 facet normal 6.735218e-01 -7.391673e-01 0.000000e+00
  outer loop
   vertex 3.295583e+01 -3.448483e+01 4.840000e+01
   vertex 3.128004e+01 -3.601179e+01 5.440000e+01
   vertex 3.128004e+01 -3.601179e+01 4.840000e+01
  endloop
 endfacet
 facet normal 7.078837e-01 -7.063290e-01 0.000000e+00
  outer loop
   vertex 3.455716e+01 -3.287997e+01 4.840000e+01
   vertex 3.295583e+01 -3.448483e+01 5.440000e+01
   vertex 3.295583e+01 -3.448483e+01 4.840000e+01
  endloop
 endfacet
 facet normal 7.717348e-01 -6.359444e-01 0.000000e+00
  outer loop
   vertex 3.752220e+01 -2.945122e+01 4.840000e+01
   vertex 3.608044e+01 -3.120084e+01 5.440000e+01
   vertex 3.608044e+01 -3.120084e+01 4.840000e+01
  endloop
 endfacet
 facet normal 8.010793e-01 -5.985582e-01 0.000000e+00
  outer loop
   vertex 3.887921e+01 -2.763507e+01 4.840000e+01
   vertex 3.752220e+01 -2.945122e+01 5.440000e+01
   vertex 3.752220e+01 -2.945122e+01 4.840000e+01
  endloop
 endfacet
 facet normal 7.406449e-01 -6.718966e-01 0.000000e+00
  outer loop
   vertex 3.608044e+01 -3.120084e+01 4.840000e+01
   vertex 3.455716e+01 -3.287997e+01 5.440000e+01
   vertex 3.455716e+01 -3.287997e+01 4.840000e+01
  endloop
 endfacet
 facet normal 6.376391e-01 -7.703352e-01 0.000000e+00
  outer loop
   vertex 3.128004e+01 -3.601179e+01 4.840000e+01
   vertex 2.953360e+01 -3.745740e+01 5.440000e+01
   vertex 2.953360e+01 -3.745740e+01 4.840000e+01
  endloop
 endfacet
 facet normal 8.542799e-01 -5.198133e-01 0.000000e+00
  outer loop
   vertex 4.132687e+01 -2.381974e+01 4.840000e+01
   vertex 4.014839e+01 -2.575650e+01 5.440000e+01
   vertex 4.014839e+01 -2.575650e+01 4.840000e+01
  endloop
 endfacet
 facet normal 8.780139e-01 -4.786351e-01 0.000000e+00
  outer loop
   vertex 4.241199e+01 -2.182917e+01 4.840000e+01
   vertex 4.132687e+01 -2.381974e+01 5.440000e+01
   vertex 4.132687e+01 -2.381974e+01 4.840000e+01
  endloop
 endfacet
 facet normal 9.194832e-01 -3.931294e-01 0.000000e+00
  outer loop
   vertex 4.429259e+01 -1.770471e+01 4.840000e+01
   vertex 4.340131e+01 -1.978929e+01 5.440000e+01
   vertex 4.340131e+01 -1.978929e+01 4.840000e+01
  endloop
 endfacet
 facet normal 9.371242e-01 -3.489960e-01 0.000000e+00
  outer loop
   vertex 4.508381e+01 -1.558013e+01 4.840000e+01
   vertex 4.429259e+01 -1.770471e+01 5.440000e+01
   vertex 4.429259e+01 -1.770471e+01 4.840000e+01
  endloop
 endfacet
 facet normal 8.997645e-01 -4.363759e-01 0.000000e+00
  outer loop
   vertex 4.340131e+01 -1.978929e+01 4.840000e+01
   vertex 4.241199e+01 -2.182917e+01 5.440000e+01
   vertex 4.241199e+01 -2.182917e+01 4.840000e+01
  endloop
 endfacet
 facet normal 9.660207e-01 -2.584648e-01 0.000000e+00
  outer loop
   vertex 4.635915e+01 -1.123027e+01 4.840000e+01
   vertex 4.577318e+01 -1.342036e+01 5.440000e+01
   vertex 4.577318e+01 -1.342036e+01 4.840000e+01
  endloop
 endfacet
 facet normal 9.772106e-01 -2.122720e-01 0.000000e+00
  outer loop
   vertex 4.684040e+01 -9.014810e+00 4.840000e+01
   vertex 4.635915e+01 -1.123027e+01 5.440000e+01
   vertex 4.635915e+01 -1.123027e+01 4.840000e+01
  endloop
 endfacet
 facet normal 9.934514e-01 -1.142552e-01 0.000000e+00
  outer loop
   vertex 4.751055e+01 -4.247049e+00 4.840000e+01
   vertex 4.723426e+01 -6.649437e+00 5.440000e+01
   vertex 4.723426e+01 -6.649437e+00 4.840000e+01
  endloop
 endfacet
 facet normal 9.979509e-01 -6.398425e-02 0.000000e+00
  outer loop
   vertex 4.766391e+01 -1.855085e+00 4.840000e+01
   vertex 4.751055e+01 -4.247049e+00 5.440000e+01
   vertex 4.751055e+01 -4.247049e+00 4.840000e+01
  endloop
 endfacet
 facet normal 9.864191e-01 -1.642478e-01 0.000000e+00
  outer loop
   vertex 4.723426e+01 -6.649437e+00 4.840000e+01
   vertex 4.684040e+01 -9.014810e+00 5.440000e+01
   vertex 4.684040e+01 -9.014810e+00 4.840000e+01
  endloop
 endfacet
 facet normal 9.526480e-01 -3.040752e-01 0.000000e+00
  outer loop
   vertex 4.577318e+01 -1.342036e+01 4.840000e+01
   vertex 4.508381e+01 -1.558013e+01 5.440000e+01
   vertex 4.508381e+01 -1.558013e+01 4.840000e+01
  endloop
 endfacet
 facet normal 8.286149e-01 -5.598190e-01 0.000000e+00
  outer loop
   vertex 4.014839e+01 -2.575650e+01 4.840000e+01
   vertex 3.887921e+01 -2.763507e+01 5.440000e+01
   vertex 3.887921e+01 -2.763507e+01 4.840000e+01
  endloop
 endfacet
 facet normal 3.930657e-01 -9.195104e-01 0.000000e+00
  outer loop
   vertex 1.981521e+01 -4.338948e+01 4.840000e+01
   vertex 1.767201e+01 -4.430564e+01 5.440000e+01
   vertex 1.767201e+01 -4.430564e+01 4.840000e+01
  endloop
 endfacet
 facet normal -8.739976e-01 -4.858995e-01 -5.463426e-03
  outer loop
   vertex 3.972887e+01 2.416334e+01 5.440000e+01
   vertex 4.087970e+01 2.216079e+01 4.840000e+01
   vertex 4.149220e+01 2.099160e+01 5.440000e+01
  endloop
 endfacet
 facet normal 7.538912e-01 6.569993e-01 0.000000e+00
  outer loop
   vertex 3.665829e+01 3.400249e+01 4.615000e+01
   vertex 3.869462e+01 3.166586e+01 4.502500e+01
   vertex 3.665829e+01 3.400249e+01 4.502500e+01
  endloop
 endfacet
 facet normal 7.538912e-01 6.569993e-01 0.000000e+00
  outer loop
   vertex 3.665829e+01 3.400249e+01 4.727500e+01
   vertex 3.869462e+01 3.166586e+01 4.615000e+01
   vertex 3.665829e+01 3.400249e+01 4.615000e+01
  endloop
 endfacet
 facet normal 7.117358e-01 7.024472e-01 0.000000e+00
  outer loop
   vertex 3.448110e+01 3.620847e+01 4.617280e+01
   vertex 3.665829e+01 3.400249e+01 4.615000e+01
   vertex 3.665829e+01 3.400249e+01 4.502500e+01
  endloop
 endfacet
 facet normal -2.794216e-02 9.996095e-01 0.000000e+00
  outer loop
   vertex -2.793088e+00 4.992192e+01 4.615000e+01
   vertex 3.061617e-15 5.000000e+01 4.502500e+01
   vertex -2.793088e+00 4.992192e+01 4.502500e+01
  endloop
 endfacet
 facet normal -2.794216e-02 9.996095e-01 0.000000e+00
  outer loop
   vertex -2.793088e+00 4.992192e+01 4.727500e+01
   vertex 3.061617e-15 5.000000e+01 4.615000e+01
   vertex -2.793088e+00 4.992192e+01 4.615000e+01
  endloop
 endfacet
 facet normal -8.373775e-02 9.964878e-01 0.000000e+00
  outer loop
   vertex -5.577454e+00 4.968795e+01 4.615000e+01
   vertex -2.793088e+00 4.992192e+01 4.502500e+01
   vertex -5.577454e+00 4.968795e+01 4.502500e+01
  endloop
 endfacet
 facet normal -8.373775e-02 9.964878e-01 0.000000e+00
  outer loop
   vertex -5.577454e+00 4.968795e+01 4.727500e+01
   vertex -2.793088e+00 4.992192e+01 4.615000e+01
   vertex -5.577454e+00 4.968795e+01 4.615000e+01
  endloop
 endfacet
 facet normal 1.221673e-02 9.999254e-01 0.000000e+00
  outer loop
   vertex 1.221438e+00 4.998508e+01 4.840000e+01
   vertex 3.061617e-15 5.000000e+01 4.727500e+01
   vertex 3.061617e-15 5.000000e+01 4.840000e+01
  endloop
 endfacet
 facet normal 1.221673e-02 9.999254e-01 0.000000e+00
  outer loop
   vertex 1.221438e+00 4.998508e+01 4.691520e+01
   vertex 3.061617e-15 5.000000e+01 4.615000e+01
   vertex 3.061617e-15 5.000000e+01 4.727500e+01
  endloop
 endfacet
 facet normal -2.794216e-02 9.996095e-01 0.000000e+00
  outer loop
   vertex -2.793088e+00 4.992192e+01 4.727500e+01
   vertex 3.061617e-15 5.000000e+01 4.840000e+01
   vertex 3.061617e-15 5.000000e+01 4.727500e+01
  endloop
 endfacet
 facet normal -8.373775e-02 9.964878e-01 0.000000e+00
  outer loop
   vertex -2.793088e+00 4.992192e+01 4.840000e+01
   vertex -5.577454e+00 4.968795e+01 4.727500e+01
   vertex -5.577454e+00 4.968795e+01 4.840000e+01
  endloop
 endfacet
 facet normal 7.174249e-02 -9.974232e-01 0.000000e+00
  outer loop
   vertex -4.371204e+00 4.629409e+01 4.817227e+01
   vertex -2.299071e+00 4.644313e+01 4.811533e+01
   vertex -2.299071e+00 4.644313e+01 4.817227e+01
  endloop
 endfacet
 facet normal 7.174249e-02 -9.974232e-01 0.000000e+00
  outer loop
   vertex -4.371204e+00 4.629409e+01 4.828613e+01
   vertex -2.299071e+00 4.644313e+01 4.822920e+01
   vertex -2.299071e+00 4.644313e+01 4.828613e+01
  endloop
 endfacet
 facet normal 7.174249e-02 -9.974232e-01 0.000000e+00
  outer loop
   vertex -4.371204e+00 4.629409e+01 4.822920e+01
   vertex -2.299071e+00 4.644313e+01 4.817227e+01
   vertex -2.299071e+00 4.644313e+01 4.822920e+01
  endloop
 endfacet
 facet normal 7.174249e-02 -9.974232e-01 0.000000e+00
  outer loop
   vertex -4.371204e+00 4.629409e+01 4.834307e+01
   vertex -2.299071e+00 4.644313e+01 4.828613e+01
   vertex -2.299071e+00 4.644313e+01 4.834307e+01
  endloop
 endfacet
 facet normal 1.604681e-01 -9.870410e-01 0.000000e+00
  outer loop
   vertex -8.485176e+00 4.571927e+01 4.828613e+01
   vertex -6.434612e+00 4.605264e+01 4.817227e+01
   vertex -6.434612e+00 4.605264e+01 4.828613e+01
  endloop
 endfacet
 facet normal 2.043956e-01 -9.788884e-01 0.000000e+00
  outer loop
   vertex -1.051880e+01 4.529464e+01 4.828613e+01
   vertex -8.485176e+00 4.571927e+01 4.817227e+01
   vertex -8.485176e+00 4.571927e+01 4.828613e+01
  endloop
 endfacet
 facet normal 2.479138e-01 -9.687821e-01 0.000000e+00
  outer loop
   vertex -1.253144e+01 4.477961e+01 4.828613e+01
   vertex -1.051880e+01 4.529464e+01 4.817227e+01
   vertex -1.051880e+01 4.529464e+01 4.828613e+01
  endloop
 endfacet
 facet normal 2.909381e-01 -9.567419e-01 0.000000e+00
  outer loop
   vertex -1.451905e+01 4.417519e+01 4.828613e+01
   vertex -1.253144e+01 4.477961e+01 4.817227e+01
   vertex -1.253144e+01 4.477961e+01 4.828613e+01
  endloop
 endfacet
 facet normal 5.808699e-02 -9.935498e-01 -9.738988e-02
  outer loop
   vertex -3.543167e+00 4.636481e+01 4.840000e+01
   vertex -2.299071e+00 4.644313e+01 4.834307e+01
   vertex -1.883961e+00 4.646182e+01 4.840000e+01
  endloop
 endfacet
 facet normal 1.602633e-01 -9.857816e-01 -5.050039e-02
  outer loop
   vertex -8.485176e+00 4.571927e+01 4.817227e+01
   vertex -6.733174e+00 4.600994e+01 4.805840e+01
   vertex -6.434612e+00 4.605264e+01 4.817227e+01
  endloop
 endfacet
 facet normal 2.037023e-01 -9.755677e-01 -8.229815e-02
  outer loop
   vertex -8.485176e+00 4.571927e+01 4.817227e+01
   vertex -1.051880e+01 4.529464e+01 4.817227e+01
   vertex -9.946756e+00 4.542369e+01 4.805840e+01
  endloop
 endfacet
 facet normal 2.986994e-01 -9.540898e-01 2.216741e-02
  outer loop
   vertex -1.311125e+01 4.461329e+01 4.805840e+01
   vertex -1.451905e+01 4.417519e+01 4.817227e+01
   vertex -1.467020e+01 4.412522e+01 4.805840e+01
  endloop
 endfacet
 facet normal 2.039622e-01 -9.768125e-01 6.509001e-02
  outer loop
   vertex -8.485176e+00 4.571927e+01 4.828613e+01
   vertex -1.011363e+01 4.538683e+01 4.840000e+01
   vertex -1.051880e+01 4.529464e+01 4.828613e+01
  endloop
 endfacet
 facet normal 1.601282e-01 -9.849501e-01 6.505575e-02
  outer loop
   vertex -8.485176e+00 4.571927e+01 4.828613e+01
   vertex -6.434612e+00 4.605264e+01 4.828613e+01
   vertex -6.845884e+00 4.599330e+01 4.840000e+01
  endloop
 endfacet
 facet normal 2.346256e-01 -9.708581e-01 -4.883937e-02
  outer loop
   vertex -1.172916e+01 4.499641e+01 4.840000e+01
   vertex -1.051880e+01 4.529464e+01 4.828613e+01
   vertex -1.011363e+01 4.538683e+01 4.840000e+01
  endloop
 endfacet
 facet normal 3.033737e-01 -9.516180e-01 -4.886254e-02
  outer loop
   vertex -1.332971e+01 4.454850e+01 4.840000e+01
   vertex -1.491322e+01 4.404368e+01 4.840000e+01
   vertex -1.451905e+01 4.417519e+01 4.828613e+01
  endloop
 endfacet
 facet normal -5.860516e-01 -4.855741e-01 -6.486612e-01
  outer loop
   vertex 3.527439e+01 3.029797e+01 4.805840e+01
   vertex 3.878506e+01 3.155502e+01 4.394559e+01
   vertex 3.632701e+01 2.902754e+01 4.805840e+01
  endloop
 endfacet
 facet normal -7.590156e-01 -6.494504e-02 -6.478251e-01
  outer loop
   vertex 4.973795e+01 5.112415e+00 4.394559e+01
   vertex 4.988348e+01 3.411591e+00 4.394559e+01
   vertex 4.638296e+01 3.297110e+00 4.805840e+01
  endloop
 endfacet
 facet normal -7.614990e-01 -1.300127e-02 -6.480357e-01
  outer loop
   vertex 4.997086e+01 1.706790e+00 4.394559e+01
   vertex 5.000000e+01 2.999577e-15 4.394559e+01
   vertex 4.650000e+01 3.106262e-15 4.805840e+01
  endloop
 endfacet
 facet normal -7.594552e-01 4.593771e-02 -6.489356e-01
  outer loop
   vertex 4.646229e+01 -1.872366e+00 4.805840e+01
   vertex 4.988348e+01 -3.411591e+00 4.394559e+01
   vertex 4.634922e+01 -3.741695e+00 4.805840e+01
  endloop
 endfacet
 facet normal -7.568556e-01 7.646923e-02 -6.490933e-01
  outer loop
   vertex 4.634922e+01 -3.741695e+00 4.805840e+01
   vertex 4.973795e+01 -5.112415e+00 4.394559e+01
   vertex 4.616096e+01 -5.604956e+00 4.805840e+01
  endloop
 endfacet
 facet normal -7.609955e-01 1.532752e-02 -6.485761e-01
  outer loop
   vertex 4.650000e+01 3.106262e-15 4.805840e+01
   vertex 4.997086e+01 -1.706790e+00 4.394559e+01
   vertex 4.646229e+01 -1.872366e+00 4.805840e+01
  endloop
 endfacet
 facet normal -5.597785e-01 5.164085e-01 -6.480512e-01
  outer loop
   vertex 3.480575e+01 -3.083520e+01 4.805840e+01
   vertex 3.607214e+01 -3.462370e+01 4.394559e+01
   vertex 3.353592e+01 -3.221168e+01 4.805840e+01
  endloop
 endfacet
 facet normal -5.385754e-01 5.385754e-01 -6.479761e-01
  outer loop
   vertex 3.353592e+01 -3.221168e+01 4.805840e+01
   vertex 3.462370e+01 -3.607214e+01 4.394559e+01
   vertex 3.221168e+01 -3.353592e+01 4.805840e+01
  endloop
 endfacet
 facet normal -5.800699e-01 4.934107e-01 -6.481241e-01
  outer loop
   vertex 3.601913e+01 -2.940871e+01 4.805840e+01
   vertex 3.746004e+01 -3.311715e+01 4.394559e+01
   vertex 3.480575e+01 -3.083520e+01 4.805840e+01
  endloop
 endfacet
 facet normal -7.607047e-01 -3.899157e-02 -6.479260e-01
  outer loop
   vertex 4.988348e+01 3.411591e+00 4.394559e+01
   vertex 4.997086e+01 1.706790e+00 4.394559e+01
   vertex 4.647073e+01 1.649593e+00 4.805840e+01
  endloop
 endfacet
 facet normal -4.927599e-01 5.809382e-01 -6.478414e-01
  outer loop
   vertex 3.311715e+01 -3.746004e+01 4.394559e+01
   vertex 3.155502e+01 -3.878506e+01 4.394559e+01
   vertex 2.940871e+01 -3.601913e+01 4.805840e+01
  endloop
 endfacet
 facet normal -5.164085e-01 5.597785e-01 -6.480512e-01
  outer loop
   vertex 3.083520e+01 -3.480575e+01 4.805840e+01
   vertex 3.221168e+01 -3.353592e+01 4.805840e+01
   vertex 3.462370e+01 -3.607214e+01 4.394559e+01
  endloop
 endfacet
 facet normal -6.497840e-02 7.594055e-01 -6.473647e-01
  outer loop
   vertex 5.112415e+00 -4.973795e+01 4.394559e+01
   vertex 3.411591e+00 -4.988348e+01 4.394559e+01
   vertex 3.741695e+00 -4.634922e+01 4.805840e+01
  endloop
 endfacet
 facet normal -3.900548e-02 7.609761e-01 -6.476063e-01
  outer loop
   vertex 3.411591e+00 -4.988348e+01 4.394559e+01
   vertex 1.706790e+00 -4.997086e+01 4.394559e+01
   vertex 1.872366e+00 -4.646229e+01 4.805840e+01
  endloop
 endfacet
 facet normal 1.532752e-02 7.609955e-01 -6.485761e-01
  outer loop
   vertex 1.536285e-31 -4.650000e+01 4.805840e+01
   vertex -1.706790e+00 -4.997086e+01 4.394559e+01
   vertex -1.872366e+00 -4.646229e+01 4.805840e+01
  endloop
 endfacet
 facet normal 7.646923e-02 7.568556e-01 -6.490933e-01
  outer loop
   vertex -3.741695e+00 -4.634922e+01 4.805840e+01
   vertex -5.112415e+00 -4.973795e+01 4.394559e+01
   vertex -5.604956e+00 -4.616096e+01 4.805840e+01
  endloop
 endfacet
 facet normal 4.593771e-02 7.594552e-01 -6.489356e-01
  outer loop
   vertex -1.872366e+00 -4.646229e+01 4.805840e+01
   vertex -3.411591e+00 -4.988348e+01 4.394559e+01
   vertex -3.741695e+00 -4.634922e+01 4.805840e+01
  endloop
 endfacet
 facet normal -1.300127e-02 7.614990e-01 -6.480357e-01
  outer loop
   vertex 1.706790e+00 -4.997086e+01 4.394559e+01
   vertex -8.881784e-15 -5.000000e+01 4.394559e+01
   vertex 1.536285e-31 -4.650000e+01 4.805840e+01
  endloop
 endfacet
 facet normal 4.934107e-01 5.800699e-01 -6.481241e-01
  outer loop
   vertex -2.940871e+01 -3.601913e+01 4.805840e+01
   vertex -3.311715e+01 -3.746004e+01 4.394559e+01
   vertex -3.083520e+01 -3.480575e+01 4.805840e+01
  endloop
 endfacet
 facet normal 5.385754e-01 5.385754e-01 -6.479761e-01
  outer loop
   vertex -3.221168e+01 -3.353592e+01 4.805840e+01
   vertex -3.607214e+01 -3.462370e+01 4.394559e+01
   vertex -3.353592e+01 -3.221168e+01 4.805840e+01
  endloop
 endfacet
 facet normal 5.602255e-01 5.161035e-01 -6.479079e-01
  outer loop
   vertex -3.607214e+01 -3.462370e+01 4.394559e+01
   vertex -3.746004e+01 -3.311715e+01 4.394559e+01
   vertex -3.480575e+01 -3.083520e+01 4.805840e+01
  endloop
 endfacet
 facet normal 5.164085e-01 5.597785e-01 -6.480512e-01
  outer loop
   vertex -3.083520e+01 -3.480575e+01 4.805840e+01
   vertex -3.462370e+01 -3.607214e+01 4.394559e+01
   vertex -3.221168e+01 -3.353592e+01 4.805840e+01
  endloop
 endfacet
 facet normal 5.809382e-01 4.927599e-01 -6.478414e-01
  outer loop
   vertex -3.746004e+01 -3.311715e+01 4.394559e+01
   vertex -3.878506e+01 -3.155502e+01 4.394559e+01
   vertex -3.601913e+01 -2.940871e+01 4.805840e+01
  endloop
 endfacet
 facet normal 7.594055e-01 6.497840e-02 -6.473647e-01
  outer loop
   vertex -4.973795e+01 -5.112415e+00 4.394559e+01
   vertex -4.988348e+01 -3.411591e+00 4.394559e+01
   vertex -4.634922e+01 -3.741695e+00 4.805840e+01
  endloop
 endfacet
 facet normal 7.609761e-01 3.900548e-02 -6.476063e-01
  outer loop
   vertex -4.988348e+01 -3.411591e+00 4.394559e+01
   vertex -4.997086e+01 -1.706790e+00 4.394559e+01
   vertex -4.646229e+01 -1.872366e+00 4.805840e+01
  endloop
 endfacet
 facet normal 2.037155e-01 -7.410538e-01 -6.397963e-01
  outer loop
   vertex -1.153612e+01 4.504629e+01 4.805840e+01
   vertex -1.311125e+01 4.461329e+01 4.805840e+01
   vertex -1.479213e+01 4.592663e+01 4.600200e+01
  endloop
 endfacet
 facet normal 1.499005e-01 -7.471192e-01 -6.475668e-01
  outer loop
   vertex -9.946756e+00 4.542369e+01 4.805840e+01
   vertex -8.545668e+00 4.748720e+01 4.600200e+01
   vertex -8.345115e+00 4.574504e+01 4.805840e+01
  endloop
 endfacet
 facet normal 1.184351e-01 -7.540372e-01 -6.460658e-01
  outer loop
   vertex -8.545668e+00 4.748720e+01 4.600200e+01
   vertex -6.424108e+00 4.782043e+01 4.600200e+01
   vertex -6.733174e+00 4.600994e+01 4.805840e+01
  endloop
 endfacet
 facet normal 4.371605e-02 -7.597369e-01 -6.487594e-01
  outer loop
   vertex -3.486365e+00 4.636912e+01 4.805840e+01
   vertex -2.147038e+00 4.820221e+01 4.600200e+01
   vertex -1.855502e+00 4.646296e+01 4.805840e+01
  endloop
 endfacet
 facet normal 4.179124e-02 -7.610943e-01 -6.472936e-01
  outer loop
   vertex -3.532688e+00 4.987505e+01 4.394559e+01
   vertex -1.949409e+00 4.996198e+01 4.394559e+01
   vertex -2.147038e+00 4.820221e+01 4.600200e+01
  endloop
 endfacet
endsolid v3_bowl
