solid v3_crown
 facet normal 0.000000e+00 -0.000000e+00 -1.000000e+00
  outer loop
   vertex 2.746130e+01 7.275554e+00 0.000000e+00
   vertex 2.763636e+01 6.711642e+00 0.000000e+00
   vertex 2.744971e+01 7.035122e+00 0.000000e+00
  endloop
 endfacet
 facet normal 0.000000e+00 0.000000e+00 -1.000000e+00
  outer loop
   vertex 2.785580e+01 5.999854e+00 0.000000e+00
   vertex 2.777274e+01 6.363966e+00 0.000000e+00
   vertex 3.350000e+01 0.000000e+00 0.000000e+00
  endloop
 endfacet
 facet normal 4.947644e-15 1.940762e-15 -1.000000e+00
  outer loop
   vertex 2.751457e+01 8.564161e+00 2.992726e-15
   vertex 2.777274e+01 6.363966e+00 0.000000e+00
   vertex 2.763636e+01 6.711642e+00 0.000000e+00
  endloop
 endfacet
 facet normal 2.085004e-14 4.144418e-15 -1.000000e+00
  outer loop
   vertex 2.743994e+01 7.601649e+00 0.000000e+00
   vertex 2.737623e+01 7.922172e+00 0.000000e+00
   vertex 2.746245e+01 8.239493e+00 3.112798e-15
  endloop
 endfacet
 facet normal 1.906441e-14 4.207431e-15 -1.000000e+00
  outer loop
   vertex 2.763636e+01 6.711642e+00 0.000000e+00
   vertex 2.743994e+01 7.601649e+00 0.000000e+00
   vertex 2.746245e+01 8.239493e+00 3.112798e-15
  endloop
 endfacet
 facet normal 0.000000e+00 0.000000e+00 -1.000000e+00
  outer loop
   vertex 2.743994e+01 7.601649e+00 0.000000e+00
   vertex 2.763636e+01 6.711642e+00 0.000000e+00
   vertex 2.746130e+01 7.275554e+00 0.000000e+00
  endloop
 endfacet
 facet normal 0.000000e+00 0.000000e+00 -1.000000e+00
  outer loop
   vertex 2.810926e+01 4.613183e+00 0.000000e+00
   vertex 2.785580e+01 5.999854e+00 0.000000e+00
   vertex 3.350000e+01 0.000000e+00 0.000000e+00
  endloop
 endfacet
 facet normal 0.000000e+00 0.000000e+00 -1.000000e+00
  outer loop
   vertex 3.350000e+01 0.000000e+00 0.000000e+00
   vertex 2.819740e+01 3.955208e+00 0.000000e+00
   vertex 2.817527e+01 4.287134e+00 0.000000e+00
  endloop
 endfacet
 facet normal 5.954949e-14 -1.024769e-14 -1.000000e+00
  outer loop
   vertex 2.824915e+01 3.124241e+00 9.652477e-15
   vertex 2.813314e+01 3.392030e+00 0.000000e+00
   vertex 2.818128e+01 3.671792e+00 0.000000e+00
  endloop
 endfacet
 facet normal 9.749679e-14 -5.544367e-15 -1.000000e+00
  outer loop
   vertex 2.818128e+01 3.671792e+00 0.000000e+00
   vertex 2.819740e+01 3.955208e+00 0.000000e+00
   vertex 2.824915e+01 3.124241e+00 9.652477e-15
  endloop
 endfacet
 facet normal 0.000000e+00 0.000000e+00 -1.000000e+00
  outer loop
   vertex 2.800055e+01 4.927581e+00 0.000000e+00
   vertex 2.787552e+01 5.425436e+00 0.000000e+00
   vertex 2.788370e+01 5.627430e+00 0.000000e+00
  endloop
 endfacet
 facet normal 0.000000e+00 -0.000000e+00 -1.000000e+00
  outer loop
   vertex 2.787552e+01 5.425436e+00 0.000000e+00
   vertex 2.800055e+01 4.927581e+00 0.000000e+00
   vertex 2.785106e+01 5.224762e+00 0.000000e+00
  endloop
 endfacet
 facet normal 0.000000e+00 0.000000e+00 -1.000000e+00
  outer loop
   vertex 2.788370e+01 5.627430e+00 0.000000e+00
   vertex 2.810926e+01 4.613183e+00 0.000000e+00
   vertex 2.800055e+01 4.927581e+00 0.000000e+00
  endloop
 endfacet
 facet normal 0.000000e+00 0.000000e+00 -1.000000e+00
  outer loop
   vertex 2.810926e+01 4.613183e+00 0.000000e+00
   vertex 2.788370e+01 5.627430e+00 0.000000e+00
   vertex 2.785580e+01 5.999854e+00 0.000000e+00
  endloop
 endfacet
 facet normal 0.000000e+00 0.000000e+00 -1.000000e+00
  outer loop
   vertex 2.817527e+01 4.287134e+00 0.000000e+00
   vertex 2.810926e+01 4.613183e+00 0.000000e+00
   vertex 3.350000e+01 0.000000e+00 0.000000e+00
  endloop
 endfacet
 facet normal -8.773634e-15 1.038686e-15 -1.000000e+00
  outer loop
   vertex 2.763636e+01 6.711642e+00 0.000000e+00
   vertex 2.746245e+01 8.239493e+00 3.112798e-15
   vertex 2.751457e+01 8.564161e+00 2.992726e-15
  endloop
 endfacet
 facet normal 0.000000e+00 0.000000e+00 -1.000000e+00
  outer loop
   vertex 2.368808e+01 2.368808e+01 0.000000e+00
   vertex 2.647182e+01 1.122687e+01 0.000000e+00
   vertex 2.604609e+01 1.153917e+01 0.000000e+00
  endloop
 endfacet
 facet normal 0.000000e+00 0.000000e+00 -1.000000e+00
  outer loop
   vertex 2.368808e+01 2.368808e+01 0.000000e+00
   vertex 2.713512e+01 1.041015e+01 0.000000e+00
   vertex 2.683837e+01 1.084686e+01 0.000000e+00
  endloop
 endfacet
 facet normal 0.000000e+00 0.000000e+00 -1.000000e+00
  outer loop
   vertex 2.683837e+01 1.084686e+01 0.000000e+00
   vertex 2.647182e+01 1.122687e+01 0.000000e+00
   vertex 2.368808e+01 2.368808e+01 0.000000e+00
  endloop
 endfacet
 facet normal 0.000000e+00 0.000000e+00 -1.000000e+00
  outer loop
   vertex 2.368808e+01 2.368808e+01 0.000000e+00
   vertex 2.557353e+01 1.177470e+01 0.000000e+00
   vertex 2.506787e+01 1.192661e+01 0.000000e+00
  endloop
 endfacet
 facet normal 0.000000e+00 0.000000e+00 -1.000000e+00
  outer loop
   vertex 2.368808e+01 2.368808e+01 0.000000e+00
   vertex 2.454376e+01 1.199051e+01 0.000000e+00
   vertex 2.401640e+01 1.196454e+01 0.000000e+00
  endloop
 endfacet
 facet normal 0.000000e+00 0.000000e+00 -1.000000e+00
  outer loop
   vertex 2.368808e+01 2.368808e+01 0.000000e+00
   vertex 2.506787e+01 1.192661e+01 0.000000e+00
   vertex 2.454376e+01 1.199051e+01 0.000000e+00
  endloop
 endfacet
 facet normal 0.000000e+00 0.000000e+00 -1.000000e+00
  outer loop
   vertex 2.368808e+01 2.368808e+01 0.000000e+00
   vertex 2.604609e+01 1.153917e+01 0.000000e+00
   vertex 2.557353e+01 1.177470e+01 0.000000e+00
  endloop
 endfacet
 facet normal 0.000000e+00 0.000000e+00 -1.000000e+00
  outer loop
   vertex 3.350000e+01 0.000000e+00 0.000000e+00
   vertex 2.748704e+01 9.418598e+00 0.000000e+00
   vertex 2.735346e+01 9.929412e+00 0.000000e+00
  endloop
 endfacet
 facet normal -6.145165e-14 -5.850479e-15 -1.000000e+00
  outer loop
   vertex 2.777274e+01 6.363966e+00 0.000000e+00
   vertex 2.751457e+01 8.564161e+00 2.992726e-15
   vertex 2.753201e+01 8.892524e+00 0.000000e+00
  endloop
 endfacet
 facet normal 0.000000e+00 0.000000e+00 -1.000000e+00
  outer loop
   vertex 2.777274e+01 6.363966e+00 0.000000e+00
   vertex 2.753201e+01 8.892524e+00 0.000000e+00
   vertex 3.350000e+01 0.000000e+00 0.000000e+00
  endloop
 endfacet
 facet normal -0.000000e+00 -0.000000e+00 -1.000000e+00
  outer loop
   vertex 2.222932e+01 6.711206e+00 0.000000e+00
   vertex 2.291377e+01 5.240817e+00 0.000000e+00
   vertex 2.189109e+01 7.116645e+00 0.000000e+00
  endloop
 endfacet
 facet normal 0.000000e+00 0.000000e+00 -1.000000e+00
  outer loop
   vertex 2.288478e+01 5.553757e+00 0.000000e+00
   vertex 2.222932e+01 6.711206e+00 0.000000e+00
   vertex 2.274912e+01 6.110958e+00 0.000000e+00
  endloop
 endfacet
 facet normal 0.000000e+00 0.000000e+00 -1.000000e+00
  outer loop
   vertex 2.222932e+01 6.711206e+00 0.000000e+00
   vertex 2.263144e+01 6.369045e+00 0.000000e+00
   vertex 2.274912e+01 6.110958e+00 0.000000e+00
  endloop
 endfacet
 facet normal 0.000000e+00 0.000000e+00 -1.000000e+00
  outer loop
   vertex 2.274912e+01 6.110958e+00 0.000000e+00
   vertex 2.289528e+01 5.867863e+00 0.000000e+00
   vertex 2.288478e+01 5.553757e+00 0.000000e+00
  endloop
 endfacet
 facet normal 0.000000e+00 0.000000e+00 -1.000000e+00
  outer loop
   vertex 3.350000e+01 0.000000e+00 0.000000e+00
   vertex 2.735346e+01 9.929412e+00 0.000000e+00
   vertex 2.368808e+01 2.368808e+01 0.000000e+00
  endloop
 endfacet
 facet normal 0.000000e+00 0.000000e+00 -1.000000e+00
  outer loop
   vertex 2.748704e+01 9.418598e+00 0.000000e+00
   vertex 3.350000e+01 0.000000e+00 0.000000e+00
   vertex 2.753201e+01 8.892524e+00 0.000000e+00
  endloop
 endfacet
 facet normal -7.166218e-15 -1.612502e-14 -1.000000e+00
  outer loop
   vertex 2.840106e+01 2.266049e+00 0.000000e+00
   vertex 3.350000e+01 0.000000e+00 0.000000e+00
   vertex 2.836568e+01 1.846936e+00 7.011764e-15
  endloop
 endfacet
 facet normal -1.013499e-15 9.789919e-16 -1.000000e+00
  outer loop
   vertex 2.826054e+01 1.439686e+00 6.719631e-15
   vertex 2.836568e+01 1.846936e+00 7.011764e-15
   vertex 3.350000e+01 0.000000e+00 0.000000e+00
  endloop
 endfacet
 facet normal -8.345289e-16 1.630320e-15 -1.000000e+00
  outer loop
   vertex 3.350000e+01 0.000000e+00 0.000000e+00
   vertex 2.808861e+01 1.055826e+00 6.237298e-15
   vertex 2.826054e+01 1.439686e+00 6.719631e-15
  endloop
 endfacet
 facet normal -6.942947e-16 2.349058e-15 -1.000000e+00
  outer loop
   vertex 2.808861e+01 1.055826e+00 6.237298e-15
   vertex 3.350000e+01 0.000000e+00 0.000000e+00
   vertex 2.785476e+01 7.062218e-01 5.578416e-15
  endloop
 endfacet
 facet normal -3.614029e-14 -1.386658e-14 -1.000000e+00
  outer loop
   vertex 2.833316e+01 2.844758e+00 1.049177e-14
   vertex 2.824915e+01 3.124241e+00 9.652477e-15
   vertex 2.819740e+01 3.955208e+00 0.000000e+00
  endloop
 endfacet
 facet normal 1.509564e-14 3.396737e-14 -1.000000e+00
  outer loop
   vertex 3.350000e+01 0.000000e+00 0.000000e+00
   vertex 2.840106e+01 2.266049e+00 0.000000e+00
   vertex 2.838403e+01 2.557389e+00 9.638877e-15
  endloop
 endfacet
 facet normal -4.393338e-16 2.890158e-15 -1.000000e+00
  outer loop
   vertex 2.838403e+01 2.557389e+00 9.638877e-15
   vertex 2.833316e+01 2.844758e+00 1.049177e-14
   vertex 3.350000e+01 0.000000e+00 0.000000e+00
  endloop
 endfacet
 facet normal -7.754561e-15 -1.039625e-14 -1.000000e+00
  outer loop
   vertex 3.350000e+01 0.000000e+00 0.000000e+00
   vertex 2.833316e+01 2.844758e+00 1.049177e-14
   vertex 2.819740e+01 3.955208e+00 0.000000e+00
  endloop
 endfacet
 facet normal -5.844342e-16 3.227237e-15 -1.000000e+00
  outer loop
   vertex 3.350000e+01 0.000000e+00 0.000000e+00
   vertex 2.756561e+01 4.007690e-01 4.761636e-15
   vertex 2.785476e+01 7.062218e-01 5.578416e-15
  endloop
 endfacet
 facet normal -4.568197e-16 6.383743e-15 -1.000000e+00
  outer loop
   vertex 3.350000e+01 0.000000e+00 0.000000e+00
   vertex 2.685549e+01 -4.459339e-02 2.750671e-15
   vertex 2.722935e+01 1.481135e-01 3.810075e-15
  endloop
 endfacet
 facet normal -5.028381e-16 4.435471e-15 -1.000000e+00
  outer loop
   vertex 2.722935e+01 1.481135e-01 3.810075e-15
   vertex 2.756561e+01 4.007690e-01 4.761636e-15
   vertex 3.350000e+01 0.000000e+00 0.000000e+00
  endloop
 endfacet
 facet normal 2.877649e-15 -2.699294e-16 -1.000000e+00
  outer loop
   vertex 2.645461e+01 -1.718969e-01 1.613407e-15
   vertex 2.368808e+01 -2.368808e+01 0.000000e+00
   vertex 2.603807e+01 -2.301937e-01 4.304759e-16
  endloop
 endfacet
 facet normal 2.792919e-15 -2.621944e-16 -1.000000e+00
  outer loop
   vertex 2.368808e+01 -2.368808e+01 0.000000e+00
   vertex 2.520525e+01 -1.351669e-01 -1.938113e-15
   vertex 2.561765e+01 -2.178338e-01 -7.646401e-16
  endloop
 endfacet
 facet normal 2.748990e-15 -2.593647e-16 -1.000000e+00
  outer loop
   vertex 2.368808e+01 -2.368808e+01 0.000000e+00
   vertex 2.481254e+01 1.546710e-02 -3.056727e-15
   vertex 2.520525e+01 -1.351669e-01 -1.938113e-15
  endloop
 endfacet
 facet normal 2.834838e-15 -2.656407e-16 -1.000000e+00
  outer loop
   vertex 2.561765e+01 -2.178338e-01 -7.646401e-16
   vertex 2.603807e+01 -2.301937e-01 4.304759e-16
   vertex 2.368808e+01 -2.368808e+01 0.000000e+00
  endloop
 endfacet
 facet normal -4.841641e-16 1.045811e-14 -1.000000e+00
  outer loop
   vertex 2.645461e+01 -1.718969e-01 1.613407e-15
   vertex 2.685549e+01 -4.459339e-02 2.750671e-15
   vertex 3.350000e+01 0.000000e+00 0.000000e+00
  endloop
 endfacet
 facet normal -2.313399e-16 9.582411e-17 -1.000000e+00
  outer loop
   vertex 2.368808e+01 -2.368808e+01 0.000000e+00
   vertex 2.645461e+01 -1.718969e-01 1.613407e-15
   vertex 3.350000e+01 0.000000e+00 0.000000e+00
  endloop
 endfacet
 facet normal 2.411152e-14 1.224046e-14 -1.000000e+00
  outer loop
   vertex 2.308778e+01 4.638113e+00 0.000000e+00
   vertex 2.323004e+01 4.357876e+00 0.000000e+00
   vertex 2.319902e+01 4.045130e+00 -4.576215e-15
  endloop
 endfacet
 facet normal -3.381912e-16 8.497508e-16 -1.000000e+00
  outer loop
   vertex 2.189109e+01 7.116645e+00 0.000000e+00
   vertex 2.320748e+01 3.730963e+00 -3.322176e-15
   vertex 6.904529e+00 1.152162e+00 0.000000e+00
  endloop
 endfacet
 facet normal -7.287872e-14 -5.954371e-15 -1.000000e+00
  outer loop
   vertex 2.308778e+01 4.638113e+00 0.000000e+00
   vertex 2.319902e+01 4.045130e+00 -4.576215e-15
   vertex 2.320748e+01 3.730963e+00 -3.322176e-15
  endloop
 endfacet
 facet normal 0.000000e+00 0.000000e+00 -1.000000e+00
  outer loop
   vertex 2.222932e+01 6.711206e+00 0.000000e+00
   vertex 2.288478e+01 5.553757e+00 0.000000e+00
   vertex 2.291377e+01 5.240817e+00 0.000000e+00
  endloop
 endfacet
 facet normal 1.618671e-14 5.798100e-15 -1.000000e+00
  outer loop
   vertex 2.320748e+01 3.730963e+00 -3.322176e-15
   vertex 2.298179e+01 4.933985e+00 0.000000e+00
   vertex 2.308778e+01 4.638113e+00 0.000000e+00
  endloop
 endfacet
 facet normal 8.847765e-15 4.421338e-15 -1.000000e+00
  outer loop
   vertex 2.189109e+01 7.116645e+00 0.000000e+00
   vertex 2.298179e+01 4.933985e+00 0.000000e+00
   vertex 2.320748e+01 3.730963e+00 -3.322176e-15
  endloop
 endfacet
 facet normal -2.192938e-16 9.809220e-17 -1.000000e+00
  outer loop
   vertex 2.320748e+01 3.730963e+00 -3.322176e-15
   vertex 2.325529e+01 3.420340e+00 -3.363129e-15
   vertex 6.904529e+00 1.152162e+00 0.000000e+00
  endloop
 endfacet
 facet normal -2.174370e-16 -1.176216e-15 -1.000000e+00
  outer loop
   vertex 2.364620e+01 1.186428e+00 -6.390945e-15
   vertex 6.904529e+00 -1.152162e+00 0.000000e+00
   vertex 2.349712e+01 1.579725e+00 -6.821132e-15
  endloop
 endfacet
 facet normal 8.426957e-17 -2.335647e-15 -1.000000e+00
  outer loop
   vertex 2.412981e+01 5.017781e-01 -5.005177e-15
   vertex 6.620721e+00 -2.272896e+00 0.000000e+00
   vertex 2.385910e+01 8.236899e-01 -5.779861e-15
  endloop
 endfacet
 facet normal -1.353217e-16 -1.764069e-15 -1.000000e+00
  outer loop
   vertex 2.385910e+01 8.236899e-01 -5.779861e-15
   vertex 6.904529e+00 -1.152162e+00 0.000000e+00
   vertex 2.364620e+01 1.186428e+00 -6.390945e-15
  endloop
 endfacet
 facet normal 5.823887e-14 8.658439e-15 -1.000000e+00
  outer loop
   vertex 2.340538e+01 2.412917e+00 -7.095573e-15
   vertex 2.334169e+01 3.118170e+00 -4.698428e-15
   vertex 2.346532e+01 2.829228e+00 0.000000e+00
  endloop
 endfacet
 facet normal 0.000000e+00 0.000000e+00 -1.000000e+00
  outer loop
   vertex 6.904529e+00 1.152162e+00 0.000000e+00
   vertex 2.162658e+01 7.573600e+00 0.000000e+00
   vertex 2.189109e+01 7.116645e+00 0.000000e+00
  endloop
 endfacet
 facet normal -3.070712e-14 -8.700830e-16 -1.000000e+00
  outer loop
   vertex 2.340538e+01 2.412917e+00 -7.095573e-15
   vertex 2.341608e+01 1.992449e+00 -7.058245e-15
   vertex 2.325529e+01 3.420340e+00 -3.363129e-15
  endloop
 endfacet
 facet normal -5.213890e-15 2.928129e-15 -1.000000e+00
  outer loop
   vertex 2.334169e+01 3.118170e+00 -4.698428e-15
   vertex 2.340538e+01 2.412917e+00 -7.095573e-15
   vertex 2.325529e+01 3.420340e+00 -3.363129e-15
  endloop
 endfacet
 facet normal -3.518454e-16 -6.435918e-16 -1.000000e+00
  outer loop
   vertex 7.000000e+00 -6.217249e-15 0.000000e+00
   vertex 2.341608e+01 1.992449e+00 -7.058245e-15
   vertex 2.349712e+01 1.579725e+00 -6.821132e-15
  endloop
 endfacet
 facet normal -0.000000e+00 -0.000000e+00 -1.000000e+00
  outer loop
   vertex 2.291377e+01 5.240817e+00 0.000000e+00
   vertex 2.298179e+01 4.933985e+00 0.000000e+00
   vertex 2.189109e+01 7.116645e+00 0.000000e+00
  endloop
 endfacet
 facet normal 3.516539e-16 -2.954452e-15 -1.000000e+00
  outer loop
   vertex 6.156316e+00 -3.331632e+00 0.000000e+00
   vertex 2.412981e+01 5.017781e-01 -5.005177e-15
   vertex 2.445065e+01 2.298044e-01 -4.088819e-15
  endloop
 endfacet
 facet normal 0.000000e+00 0.000000e+00 -1.000000e+00
  outer loop
   vertex 2.368808e+01 2.368808e+01 0.000000e+00
   vertex 2.735346e+01 9.929412e+00 0.000000e+00
   vertex 2.713512e+01 1.041015e+01 0.000000e+00
  endloop
 endfacet
 facet normal -5.559830e-16 2.525205e-15 -1.000000e+00
  outer loop
   vertex 2.341608e+01 1.992449e+00 -7.058245e-15
   vertex 6.904529e+00 1.152162e+00 0.000000e+00
   vertex 2.325529e+01 3.420340e+00 -3.363129e-15
  endloop
 endfacet
 facet normal 0.000000e+00 0.000000e+00 -1.000000e+00
  outer loop
   vertex 2.368808e+01 2.368808e+01 0.000000e+00
   vertex 2.350111e+01 1.184945e+01 0.000000e+00
   vertex 2.301281e+01 1.164859e+01 0.000000e+00
  endloop
 endfacet
 facet normal 0.000000e+00 0.000000e+00 -1.000000e+00
  outer loop
   vertex 2.368808e+01 2.368808e+01 0.000000e+00
   vertex 2.256569e+01 1.136777e+01 0.000000e+00
   vertex 2.217271e+01 1.101515e+01 0.000000e+00
  endloop
 endfacet
 facet normal 0.000000e+00 0.000000e+00 -1.000000e+00
  outer loop
   vertex 2.368808e+01 2.368808e+01 0.000000e+00
   vertex 2.301281e+01 1.164859e+01 0.000000e+00
   vertex 2.256569e+01 1.136777e+01 0.000000e+00
  endloop
 endfacet
 facet normal -0.000000e+00 0.000000e+00 -1.000000e+00
  outer loop
   vertex 2.368808e+01 2.368808e+01 0.000000e+00
   vertex 2.811868e+00 6.410413e+00 0.000000e+00
   vertex 2.051283e-15 3.350000e+01 0.000000e+00
  endloop
 endfacet
 facet normal -0.000000e+00 0.000000e+00 -1.000000e+00
  outer loop
   vertex 2.184526e+01 1.060096e+01 0.000000e+00
   vertex 2.811868e+00 6.410413e+00 0.000000e+00
   vertex 2.368808e+01 2.368808e+01 0.000000e+00
  endloop
 endfacet
 facet normal 0.000000e+00 0.000000e+00 -1.000000e+00
  outer loop
   vertex 2.184526e+01 1.060096e+01 0.000000e+00
   vertex 2.368808e+01 2.368808e+01 0.000000e+00
   vertex 2.217271e+01 1.101515e+01 0.000000e+00
  endloop
 endfacet
 facet normal 0.000000e+00 0.000000e+00 -1.000000e+00
  outer loop
   vertex -1.241299e+01 2.129795e+01 0.000000e+00
   vertex 2.051283e-15 3.350000e+01 0.000000e+00
   vertex 5.780554e-01 6.976091e+00 0.000000e+00
  endloop
 endfacet
 facet normal -0.000000e+00 0.000000e+00 -1.000000e+00
  outer loop
   vertex 2.401640e+01 1.196454e+01 0.000000e+00
   vertex 2.350111e+01 1.184945e+01 0.000000e+00
   vertex 2.368808e+01 2.368808e+01 0.000000e+00
  endloop
 endfacet
 facet normal 0.000000e+00 0.000000e+00 -1.000000e+00
  outer loop
   vertex -1.718398e+00 6.785802e+00 0.000000e+00
   vertex -1.290359e+01 1.981057e+01 0.000000e+00
   vertex -1.269309e+01 2.014815e+01 0.000000e+00
  endloop
 endfacet
 facet normal 0.000000e+00 0.000000e+00 -1.000000e+00
  outer loop
   vertex 5.523983e+00 4.299489e+00 0.000000e+00
   vertex 2.134007e+01 9.115874e+00 0.000000e+00
   vertex 2.134701e+01 8.587928e+00 0.000000e+00
  endloop
 endfacet
 facet normal 0.000000e+00 0.000000e+00 -1.000000e+00
  outer loop
   vertex 5.523983e+00 4.299489e+00 0.000000e+00
   vertex 2.142282e+01 9.637342e+00 0.000000e+00
   vertex 2.134007e+01 9.115874e+00 0.000000e+00
  endloop
 endfacet
 facet normal 0.000000e+00 0.000000e+00 -1.000000e+00
  outer loop
   vertex 2.184526e+01 1.060096e+01 0.000000e+00
   vertex 2.159286e+01 1.013720e+01 0.000000e+00
   vertex 3.828637e+00 5.860165e+00 0.000000e+00
  endloop
 endfacet
 facet normal 0.000000e+00 0.000000e+00 -1.000000e+00
  outer loop
   vertex -1.244464e+01 2.090138e+01 0.000000e+00
   vertex -1.241299e+01 2.129795e+01 0.000000e+00
   vertex 5.780554e-01 6.976091e+00 0.000000e+00
  endloop
 endfacet
 facet normal 0.000000e+00 0.000000e+00 -1.000000e+00
  outer loop
   vertex -5.780554e-01 6.976091e+00 0.000000e+00
   vertex -1.253880e+01 2.051485e+01 0.000000e+00
   vertex -1.244464e+01 2.090138e+01 0.000000e+00
  endloop
 endfacet
 facet normal 0.000000e+00 -0.000000e+00 -1.000000e+00
  outer loop
   vertex -1.253880e+01 2.051485e+01 0.000000e+00
   vertex -1.718398e+00 6.785802e+00 0.000000e+00
   vertex -1.269309e+01 2.014815e+01 0.000000e+00
  endloop
 endfacet
 facet normal 0.000000e+00 0.000000e+00 -1.000000e+00
  outer loop
   vertex 2.159286e+01 1.013720e+01 0.000000e+00
   vertex 2.142282e+01 9.637342e+00 0.000000e+00
   vertex 4.740971e+00 5.150067e+00 0.000000e+00
  endloop
 endfacet
 facet normal -0.000000e+00 0.000000e+00 -1.000000e+00
  outer loop
   vertex 2.144345e+01 8.068816e+00 0.000000e+00
   vertex 6.156316e+00 3.331632e+00 0.000000e+00
   vertex 2.134701e+01 8.587928e+00 0.000000e+00
  endloop
 endfacet
 facet normal 0.000000e+00 0.000000e+00 -1.000000e+00
  outer loop
   vertex -1.244935e+01 2.172281e+01 0.000000e+00
   vertex 2.051283e-15 3.350000e+01 0.000000e+00
   vertex -1.241299e+01 2.129795e+01 0.000000e+00
  endloop
 endfacet
 facet normal 0.000000e+00 0.000000e+00 -1.000000e+00
  outer loop
   vertex 2.051283e-15 3.350000e+01 0.000000e+00
   vertex -1.327030e+01 2.318252e+01 0.000000e+00
   vertex -1.361447e+01 2.343427e+01 0.000000e+00
  endloop
 endfacet
 facet normal 0.000000e+00 0.000000e+00 -1.000000e+00
  outer loop
   vertex 2.051283e-15 3.350000e+01 0.000000e+00
   vertex -1.273396e+01 2.252345e+01 0.000000e+00
   vertex -1.297393e+01 2.287594e+01 0.000000e+00
  endloop
 endfacet
 facet normal 0.000000e+00 0.000000e+00 -1.000000e+00
  outer loop
   vertex -1.297393e+01 2.287594e+01 0.000000e+00
   vertex -1.327030e+01 2.318252e+01 0.000000e+00
   vertex 2.051283e-15 3.350000e+01 0.000000e+00
  endloop
 endfacet
 facet normal 0.000000e+00 0.000000e+00 -1.000000e+00
  outer loop
   vertex 2.051283e-15 3.350000e+01 0.000000e+00
   vertex -1.399641e+01 2.362387e+01 0.000000e+00
   vertex -1.440502e+01 2.374580e+01 0.000000e+00
  endloop
 endfacet
 facet normal 0.000000e+00 0.000000e+00 -1.000000e+00
  outer loop
   vertex 2.051283e-15 3.350000e+01 0.000000e+00
   vertex -1.482841e+01 2.379652e+01 0.000000e+00
   vertex -1.525426e+01 2.377455e+01 0.000000e+00
  endloop
 endfacet
 facet normal 0.000000e+00 0.000000e+00 -1.000000e+00
  outer loop
   vertex 2.051283e-15 3.350000e+01 0.000000e+00
   vertex -1.440502e+01 2.374580e+01 0.000000e+00
   vertex -1.482841e+01 2.379652e+01 0.000000e+00
  endloop
 endfacet
 facet normal 0.000000e+00 0.000000e+00 -1.000000e+00
  outer loop
   vertex 2.051283e-15 3.350000e+01 0.000000e+00
   vertex -1.361447e+01 2.343427e+01 0.000000e+00
   vertex -1.399641e+01 2.362387e+01 0.000000e+00
  endloop
 endfacet
 facet normal 0.000000e+00 0.000000e+00 -1.000000e+00
  outer loop
   vertex -1.244935e+01 2.172281e+01 0.000000e+00
   vertex -1.255739e+01 2.213531e+01 0.000000e+00
   vertex 2.051283e-15 3.350000e+01 0.000000e+00
  endloop
 endfacet
 facet normal 0.000000e+00 0.000000e+00 -1.000000e+00
  outer loop
   vertex -1.567018e+01 2.368053e+01 0.000000e+00
   vertex -2.368808e+01 2.368808e+01 0.000000e+00
   vertex -1.525426e+01 2.377455e+01 0.000000e+00
  endloop
 endfacet
 facet normal 0.000000e+00 0.000000e+00 -1.000000e+00
  outer loop
   vertex -1.674090e+01 2.300345e+01 0.000000e+00
   vertex -2.368808e+01 2.368808e+01 0.000000e+00
   vertex -1.642447e+01 2.328929e+01 0.000000e+00
  endloop
 endfacet
 facet normal 1.789186e-14 -4.407344e-14 -1.000000e+00
  outer loop
   vertex -1.674090e+01 2.300345e+01 0.000000e+00
   vertex -1.730031e+01 2.255663e+01 9.684297e-15
   vertex -1.758002e+01 2.240874e+01 1.119754e-14
  endloop
 endfacet
 facet normal -4.639117e-14 3.640623e-14 -1.000000e+00
  outer loop
   vertex -1.674090e+01 2.300345e+01 0.000000e+00
   vertex -1.700415e+01 2.266800e+01 0.000000e+00
   vertex -1.730031e+01 2.255663e+01 9.684297e-15
  endloop
 endfacet
 facet normal -1.628994e-15 -1.653007e-14 -1.000000e+00
  outer loop
   vertex -1.758002e+01 2.240874e+01 1.119754e-14
   vertex -2.368808e+01 2.368808e+01 0.000000e+00
   vertex -1.674090e+01 2.300345e+01 0.000000e+00
  endloop
 endfacet
 facet normal 0.000000e+00 0.000000e+00 -1.000000e+00
  outer loop
   vertex -2.368808e+01 2.368808e+01 0.000000e+00
   vertex -1.606407e+01 2.351719e+01 0.000000e+00
   vertex -1.642447e+01 2.328929e+01 0.000000e+00
  endloop
 endfacet
 facet normal 0.000000e+00 0.000000e+00 -1.000000e+00
  outer loop
   vertex -1.255739e+01 2.213531e+01 0.000000e+00
   vertex -1.273396e+01 2.252345e+01 0.000000e+00
   vertex 2.051283e-15 3.350000e+01 0.000000e+00
  endloop
 endfacet
 facet normal 0.000000e+00 0.000000e+00 -1.000000e+00
  outer loop
   vertex -2.368808e+01 2.368808e+01 0.000000e+00
   vertex 2.051283e-15 3.350000e+01 0.000000e+00
   vertex -1.525426e+01 2.377455e+01 0.000000e+00
  endloop
 endfacet
 facet normal 0.000000e+00 0.000000e+00 -1.000000e+00
  outer loop
   vertex -1.606407e+01 2.351719e+01 0.000000e+00
   vertex -2.368808e+01 2.368808e+01 0.000000e+00
   vertex -1.567018e+01 2.368053e+01 0.000000e+00
  endloop
 endfacet
 facet normal 0.000000e+00 -0.000000e+00 -1.000000e+00
  outer loop
   vertex -1.290359e+01 1.981057e+01 0.000000e+00
   vertex -2.811868e+00 6.410413e+00 0.000000e+00
   vertex -1.316498e+01 1.951065e+01 0.000000e+00
  endloop
 endfacet
 facet normal -1.154491e-14 1.946539e-14 -1.000000e+00
  outer loop
   vertex -1.458974e+01 1.842950e+01 -3.167932e-15
   vertex -1.381281e+01 1.905305e+01 0.000000e+00
   vertex -1.347063e+01 1.925599e+01 0.000000e+00
  endloop
 endfacet
 facet normal 0.000000e+00 0.000000e+00 -1.000000e+00
  outer loop
   vertex -1.347063e+01 1.925599e+01 0.000000e+00
   vertex -1.316498e+01 1.951065e+01 0.000000e+00
   vertex -3.828637e+00 5.860165e+00 0.000000e+00
  endloop
 endfacet
 facet normal -1.002555e-14 2.539325e-14 -1.000000e+00
  outer loop
   vertex -1.381281e+01 1.905305e+01 0.000000e+00
   vertex -1.437126e+01 1.865541e+01 -4.498478e-15
   vertex -1.418284e+01 1.890695e+01 0.000000e+00
  endloop
 endfacet
 facet normal 3.532508e-17 -2.123603e-16 -1.000000e+00
  outer loop
   vertex -1.458974e+01 1.842950e+01 -3.167932e-15
   vertex -4.740971e+00 5.150067e+00 0.000000e+00
   vertex -1.483485e+01 1.823278e+01 -3.134816e-15
  endloop
 endfacet
 facet normal 3.933763e-14 -4.393401e-14 -1.000000e+00
  outer loop
   vertex -1.458974e+01 1.842950e+01 -3.167932e-15
   vertex -1.437126e+01 1.865541e+01 -4.498478e-15
   vertex -1.381281e+01 1.905305e+01 0.000000e+00
  endloop
 endfacet
 facet normal -6.631316e-15 3.796591e-15 -1.000000e+00
  outer loop
   vertex -1.576385e+01 1.743583e+01 0.000000e+00
   vertex -1.483485e+01 1.823278e+01 -3.134816e-15
   vertex -1.710645e+01 1.540482e+01 1.192322e-15
  endloop
 endfacet
 facet normal -2.178227e-14 1.419150e-14 -1.000000e+00
  outer loop
   vertex -1.556061e+01 1.767554e+01 0.000000e+00
   vertex -1.538905e+01 1.793887e+01 0.000000e+00
   vertex -1.510269e+01 1.806837e+01 -4.399653e-15
  endloop
 endfacet
 facet normal -3.523644e-14 2.987490e-14 -1.000000e+00
  outer loop
   vertex -1.510269e+01 1.806837e+01 -4.399653e-15
   vertex -1.576385e+01 1.743583e+01 0.000000e+00
   vertex -1.556061e+01 1.767554e+01 0.000000e+00
  endloop
 endfacet
 facet normal 2.508744e-14 -3.317772e-14 -1.000000e+00
  outer loop
   vertex -1.576385e+01 1.743583e+01 0.000000e+00
   vertex -1.510269e+01 1.806837e+01 -4.399653e-15
   vertex -1.483485e+01 1.823278e+01 -3.134816e-15
  endloop
 endfacet
 facet normal 5.388747e-15 -5.642274e-15 -1.000000e+00
  outer loop
   vertex -1.625209e+01 1.704192e+01 0.000000e+00
   vertex -1.692602e+01 1.589816e+01 2.821768e-15
   vertex -1.666681e+01 1.664584e+01 0.000000e+00
  endloop
 endfacet
 facet normal 0.000000e+00 0.000000e+00 -1.000000e+00
  outer loop
   vertex -1.625209e+01 1.704192e+01 0.000000e+00
   vertex -1.666681e+01 1.664584e+01 0.000000e+00
   vertex -1.652936e+01 1.689397e+01 0.000000e+00
  endloop
 endfacet
 facet normal 1.030384e-14 -7.346306e-15 -1.000000e+00
  outer loop
   vertex -1.666681e+01 1.664584e+01 0.000000e+00
   vertex -1.692602e+01 1.589816e+01 2.821768e-15
   vertex -1.683147e+01 1.641488e+01 0.000000e+00
  endloop
 endfacet
 facet normal 1.364474e-15 -1.489050e-15 -1.000000e+00
  outer loop
   vertex -1.710645e+01 1.540482e+01 1.192322e-15
   vertex -1.599557e+01 1.722350e+01 0.000000e+00
   vertex -1.576385e+01 1.743583e+01 0.000000e+00
  endloop
 endfacet
 facet normal 1.848261e-15 1.330333e-15 -1.000000e+00
  outer loop
   vertex -1.458974e+01 1.842950e+01 -3.167932e-15
   vertex -1.347063e+01 1.925599e+01 0.000000e+00
   vertex -3.828637e+00 5.860165e+00 0.000000e+00
  endloop
 endfacet
 facet normal 2.995766e-15 -4.232270e-15 -1.000000e+00
  outer loop
   vertex -1.625209e+01 1.704192e+01 0.000000e+00
   vertex -1.599557e+01 1.722350e+01 0.000000e+00
   vertex -1.692602e+01 1.589816e+01 2.821768e-15
  endloop
 endfacet
 facet normal 2.178863e-15 7.690145e-16 -1.000000e+00
  outer loop
   vertex -2.368808e+01 2.368808e+01 0.000000e+00
   vertex -1.783882e+01 2.222671e+01 1.162092e-14
   vertex -1.807255e+01 2.201344e+01 1.094765e-14
  endloop
 endfacet
 facet normal -7.285976e-14 8.218285e-14 -1.000000e+00
  outer loop
   vertex -1.873854e+01 2.137684e+01 1.027577e-14
   vertex -1.827747e+01 2.177237e+01 9.188519e-15
   vertex -1.845030e+01 2.150734e+01 0.000000e+00
  endloop
 endfacet
 facet normal -3.182607e-14 3.435041e-14 -1.000000e+00
  outer loop
   vertex -1.873854e+01 2.137684e+01 1.027577e-14
   vertex -1.807255e+01 2.201344e+01 1.094765e-14
   vertex -1.827747e+01 2.177237e+01 9.188519e-15
  endloop
 endfacet
 facet normal 1.200813e-15 -2.510669e-15 -1.000000e+00
  outer loop
   vertex -2.368808e+01 2.368808e+01 0.000000e+00
   vertex -1.807255e+01 2.201344e+01 1.094765e-14
   vertex -1.900798e+01 2.121097e+01 1.183911e-14
  endloop
 endfacet
 facet normal -1.812289e-14 2.001476e-14 -1.000000e+00
  outer loop
   vertex -1.873854e+01 2.137684e+01 1.027577e-14
   vertex -1.900798e+01 2.121097e+01 1.183911e-14
   vertex -1.807255e+01 2.201344e+01 1.094765e-14
  endloop
 endfacet
 facet normal 2.834820e-15 9.963390e-17 -1.000000e+00
  outer loop
   vertex -2.368808e+01 2.368808e+01 0.000000e+00
   vertex -1.925432e+01 2.101240e+01 1.230232e-14
   vertex -1.947360e+01 2.078431e+01 1.165796e-14
  endloop
 endfacet
 facet normal 7.817136e-16 -3.302491e-15 -1.000000e+00
  outer loop
   vertex -2.368808e+01 2.368808e+01 0.000000e+00
   vertex -1.900798e+01 2.121097e+01 1.183911e-14
   vertex -1.925432e+01 2.101240e+01 1.230232e-14
  endloop
 endfacet
 facet normal 4.954473e-15 3.176058e-15 -1.000000e+00
  outer loop
   vertex -1.966232e+01 2.053035e+01 9.916366e-15
   vertex -2.368808e+01 2.368808e+01 0.000000e+00
   vertex -1.947360e+01 2.078431e+01 1.165796e-14
  endloop
 endfacet
 facet normal 1.037233e-15 -3.800458e-15 -1.000000e+00
  outer loop
   vertex -1.758002e+01 2.240874e+01 1.119754e-14
   vertex -1.783882e+01 2.222671e+01 1.162092e-14
   vertex -2.368808e+01 2.368808e+01 0.000000e+00
  endloop
 endfacet
 facet normal -4.611584e-14 6.190122e-14 -1.000000e+00
  outer loop
   vertex -2.008091e+01 2.011509e+01 3.515076e-15
   vertex -1.966232e+01 2.053035e+01 9.916366e-15
   vertex -1.981745e+01 2.025458e+01 0.000000e+00
  endloop
 endfacet
 facet normal -3.316694e-14 4.884842e-14 -1.000000e+00
  outer loop
   vertex -1.966232e+01 2.053035e+01 9.916366e-15
   vertex -2.008091e+01 2.011509e+01 3.515076e-15
   vertex -2.032589e+01 1.994523e+01 3.343001e-15
  endloop
 endfacet
 facet normal -2.121138e-15 -2.798583e-15 -1.000000e+00
  outer loop
   vertex -2.368808e+01 2.368808e+01 0.000000e+00
   vertex -2.032589e+01 1.994523e+01 3.343001e-15
   vertex -2.105227e+01 1.959718e+01 5.857797e-15
  endloop
 endfacet
 facet normal -2.514301e-14 4.524774e-14 -1.000000e+00
  outer loop
   vertex -2.032589e+01 1.994523e+01 3.343001e-15
   vertex -2.054892e+01 1.974742e+01 0.000000e+00
   vertex -2.105227e+01 1.959718e+01 5.857797e-15
  endloop
 endfacet
 facet normal 3.667311e-15 7.519638e-16 -1.000000e+00
  outer loop
   vertex -2.368808e+01 2.368808e+01 0.000000e+00
   vertex -2.194768e+01 1.905490e+01 2.898596e-15
   vertex -2.231403e+01 1.867844e+01 1.271994e-15
  endloop
 endfacet
 facet normal 3.211571e-15 5.807706e-16 -1.000000e+00
  outer loop
   vertex -2.368808e+01 2.368808e+01 0.000000e+00
   vertex -2.152303e+01 1.936411e+01 4.441969e-15
   vertex -2.194768e+01 1.905490e+01 2.898596e-15
  endloop
 endfacet
 facet normal 2.817643e-15 3.835276e-16 -1.000000e+00
  outer loop
   vertex -2.105227e+01 1.959718e+01 5.857797e-15
   vertex -2.152303e+01 1.936411e+01 4.441969e-15
   vertex -2.368808e+01 2.368808e+01 0.000000e+00
  endloop
 endfacet
 facet normal 5.967126e-15 4.467080e-15 -1.000000e+00
  outer loop
   vertex -2.032589e+01 1.994523e+01 3.343001e-15
   vertex -2.368808e+01 2.368808e+01 0.000000e+00
   vertex -1.966232e+01 2.053035e+01 9.916366e-15
  endloop
 endfacet
 facet normal 4.259427e-15 9.143701e-16 -1.000000e+00
  outer loop
   vertex -2.261155e+01 1.824552e+01 -3.911319e-16
   vertex -2.368808e+01 2.368808e+01 0.000000e+00
   vertex -2.231403e+01 1.867844e+01 1.271994e-15
  endloop
 endfacet
 facet normal -0.000000e+00 0.000000e+00 -1.000000e+00
  outer loop
   vertex 2.162658e+01 7.573600e+00 0.000000e+00
   vertex 6.620721e+00 2.272896e+00 0.000000e+00
   vertex 2.144345e+01 8.068816e+00 0.000000e+00
  endloop
 endfacet
 facet normal 2.699687e-15 -2.570258e-16 -1.000000e+00
  outer loop
   vertex 2.368808e+01 -2.368808e+01 0.000000e+00
   vertex 2.445065e+01 2.298044e-01 -4.088819e-15
   vertex 2.481254e+01 1.546710e-02 -3.056727e-15
  endloop
 endfacet
 facet normal -3.512692e-16 8.895338e-17 -1.000000e+00
  outer loop
   vertex 6.620721e+00 -2.272896e+00 0.000000e+00
   vertex 6.904529e+00 -1.152162e+00 0.000000e+00
   vertex 2.385910e+01 8.236899e-01 -5.779861e-15
  endloop
 endfacet
 facet normal -2.560709e-16 1.672995e-16 -1.000000e+00
  outer loop
   vertex 5.523983e+00 -4.299489e+00 0.000000e+00
   vertex 6.156316e+00 -3.331632e+00 0.000000e+00
   vertex 2.445065e+01 2.298044e-01 -4.088819e-15
  endloop
 endfacet
 facet normal -3.072168e-16 1.347578e-16 -1.000000e+00
  outer loop
   vertex 6.620721e+00 -2.272896e+00 0.000000e+00
   vertex 2.412981e+01 5.017781e-01 -5.005177e-15
   vertex 6.156316e+00 -3.331632e+00 0.000000e+00
  endloop
 endfacet
 facet normal 0.000000e+00 0.000000e+00 -1.000000e+00
  outer loop
   vertex 6.904529e+00 1.152162e+00 0.000000e+00
   vertex 6.620721e+00 2.272896e+00 0.000000e+00
   vertex 2.162658e+01 7.573600e+00 0.000000e+00
  endloop
 endfacet
 facet normal -4.256782e-16 -3.527271e-17 -1.000000e+00
  outer loop
   vertex 6.904529e+00 1.152162e+00 0.000000e+00
   vertex 2.341608e+01 1.992449e+00 -7.058245e-15
   vertex 7.000000e+00 -6.217249e-15 0.000000e+00
  endloop
 endfacet
 facet normal 0.000000e+00 0.000000e+00 -1.000000e+00
  outer loop
   vertex 4.740971e+00 -5.150067e+00 0.000000e+00
   vertex 5.523983e+00 -4.299489e+00 0.000000e+00
   vertex 2.368808e+01 -2.368808e+01 0.000000e+00
  endloop
 endfacet
 facet normal -4.167813e-16 3.453549e-17 -1.000000e+00
  outer loop
   vertex 6.904529e+00 -1.152162e+00 0.000000e+00
   vertex 7.000000e+00 -6.217249e-15 0.000000e+00
   vertex 2.349712e+01 1.579725e+00 -6.821132e-15
  endloop
 endfacet
 facet normal 0.000000e+00 0.000000e+00 -1.000000e+00
  outer loop
   vertex -1.793696e+00 -2.411997e+01 0.000000e+00
   vertex 2.811868e+00 -6.410413e+00 0.000000e+00
   vertex 3.828637e+00 -5.860165e+00 0.000000e+00
  endloop
 endfacet
 facet normal -0.000000e+00 0.000000e+00 -1.000000e+00
  outer loop
   vertex 2.368808e+01 -2.368808e+01 0.000000e+00
   vertex -1.793696e+00 -2.411997e+01 0.000000e+00
   vertex 3.828637e+00 -5.860165e+00 0.000000e+00
  endloop
 endfacet
 facet normal 0.000000e+00 0.000000e+00 -1.000000e+00
  outer loop
   vertex 2.368808e+01 -2.368808e+01 0.000000e+00
   vertex -1.585190e+00 -2.459155e+01 0.000000e+00
   vertex -1.793696e+00 -2.411997e+01 0.000000e+00
  endloop
 endfacet
 facet normal 0.000000e+00 0.000000e+00 -1.000000e+00
  outer loop
   vertex -1.585190e+00 -2.459155e+01 0.000000e+00
   vertex 2.368808e+01 -2.368808e+01 0.000000e+00
   vertex -1.457734e+00 -2.509117e+01 0.000000e+00
  endloop
 endfacet
 facet normal 0.000000e+00 0.000000e+00 -1.000000e+00
  outer loop
   vertex -2.837630e+00 -2.299791e+01 0.000000e+00
   vertex -3.292961e+00 -2.275597e+01 0.000000e+00
   vertex 5.780554e-01 -6.976091e+00 0.000000e+00
  endloop
 endfacet
 facet normal 0.000000e+00 0.000000e+00 -1.000000e+00
  outer loop
   vertex 1.718398e+00 -6.785802e+00 0.000000e+00
   vertex -2.428699e+00 -2.331198e+01 0.000000e+00
   vertex -2.837630e+00 -2.299791e+01 0.000000e+00
  endloop
 endfacet
 facet normal 0.000000e+00 0.000000e+00 -1.000000e+00
  outer loop
   vertex -2.428699e+00 -2.331198e+01 0.000000e+00
   vertex 1.718398e+00 -6.785802e+00 0.000000e+00
   vertex -2.077482e+00 -2.368948e+01 0.000000e+00
  endloop
 endfacet
 facet normal 0.000000e+00 0.000000e+00 -1.000000e+00
  outer loop
   vertex -1.793696e+00 -2.411997e+01 0.000000e+00
   vertex -2.077482e+00 -2.368948e+01 0.000000e+00
   vertex 2.811868e+00 -6.410413e+00 0.000000e+00
  endloop
 endfacet
 facet normal 0.000000e+00 -0.000000e+00 -1.000000e+00
  outer loop
   vertex 4.740971e+00 -5.150067e+00 0.000000e+00
   vertex 2.368808e+01 -2.368808e+01 0.000000e+00
   vertex 3.828637e+00 -5.860165e+00 0.000000e+00
  endloop
 endfacet
 facet normal 0.000000e+00 0.000000e+00 -1.000000e+00
  outer loop
   vertex 6.620721e+00 2.272896e+00 0.000000e+00
   vertex 6.156316e+00 3.331632e+00 0.000000e+00
   vertex 2.144345e+01 8.068816e+00 0.000000e+00
  endloop
 endfacet
 facet normal 0.000000e+00 0.000000e+00 -1.000000e+00
  outer loop
   vertex -3.292961e+00 -2.275597e+01 0.000000e+00
   vertex -3.782095e+00 -2.259285e+01 0.000000e+00
   vertex -5.780554e-01 -6.976091e+00 0.000000e+00
  endloop
 endfacet
 facet normal 0.000000e+00 0.000000e+00 -1.000000e+00
  outer loop
   vertex 2.134701e+01 8.587928e+00 0.000000e+00
   vertex 6.156316e+00 3.331632e+00 0.000000e+00
   vertex 5.523983e+00 4.299489e+00 0.000000e+00
  endloop
 endfacet
 facet normal 0.000000e+00 -0.000000e+00 -1.000000e+00
  outer loop
   vertex 1.718398e+00 -6.785802e+00 0.000000e+00
   vertex 2.811868e+00 -6.410413e+00 0.000000e+00
   vertex -2.077482e+00 -2.368948e+01 0.000000e+00
  endloop
 endfacet
 facet normal 0.000000e+00 0.000000e+00 -1.000000e+00
  outer loop
   vertex 2.159286e+01 1.013720e+01 0.000000e+00
   vertex 4.740971e+00 5.150067e+00 0.000000e+00
   vertex 3.828637e+00 5.860165e+00 0.000000e+00
  endloop
 endfacet
 facet normal 0.000000e+00 -0.000000e+00 -1.000000e+00
  outer loop
   vertex -5.780554e-01 -6.976091e+00 0.000000e+00
   vertex 5.780554e-01 -6.976091e+00 0.000000e+00
   vertex -3.292961e+00 -2.275597e+01 0.000000e+00
  endloop
 endfacet
 facet normal 0.000000e+00 0.000000e+00 -1.000000e+00
  outer loop
   vertex 1.718398e+00 -6.785802e+00 0.000000e+00
   vertex -2.837630e+00 -2.299791e+01 0.000000e+00
   vertex 5.780554e-01 -6.976091e+00 0.000000e+00
  endloop
 endfacet
 facet normal 0.000000e+00 0.000000e+00 -1.000000e+00
  outer loop
   vertex 2.142282e+01 9.637342e+00 0.000000e+00
   vertex 5.523983e+00 4.299489e+00 0.000000e+00
   vertex 4.740971e+00 5.150067e+00 0.000000e+00
  endloop
 endfacet
 facet normal 0.000000e+00 0.000000e+00 -1.000000e+00
  outer loop
   vertex -1.718398e+00 -6.785802e+00 0.000000e+00
   vertex -4.291502e+00 -2.251306e+01 0.000000e+00
   vertex -4.807087e+00 -2.251881e+01 0.000000e+00
  endloop
 endfacet
 facet normal 9.695799e-15 -2.704870e-14 -1.000000e+00
  outer loop
   vertex -6.082316e+00 -2.275680e+01 -3.471359e-15
   vertex -5.314589e+00 -2.260994e+01 0.000000e+00
   vertex -5.799964e+00 -2.278392e+01 0.000000e+00
  endloop
 endfacet
 facet normal 1.298921e-15 -7.233718e-15 -1.000000e+00
  outer loop
   vertex -6.918224e+00 -2.246430e+01 -3.136469e-15
   vertex -4.807087e+00 -2.251881e+01 0.000000e+00
   vertex -5.314589e+00 -2.260994e+01 0.000000e+00
  endloop
 endfacet
 facet normal 1.608438e-15 4.754927e-15 -1.000000e+00
  outer loop
   vertex -4.807087e+00 -2.251881e+01 0.000000e+00
   vertex -6.918224e+00 -2.246430e+01 -3.136469e-15
   vertex -7.217969e+00 -2.236979e+01 -3.169178e-15
  endloop
 endfacet
 facet normal 3.402570e-15 5.849861e-15 -1.000000e+00
  outer loop
   vertex -6.632705e+00 -2.259567e+01 -4.401558e-15
   vertex -5.314589e+00 -2.260994e+01 0.000000e+00
   vertex -6.082316e+00 -2.275680e+01 -3.471359e-15
  endloop
 endfacet
 facet normal 3.526388e-15 1.729389e-14 -1.000000e+00
  outer loop
   vertex -6.632705e+00 -2.259567e+01 -4.401558e-15
   vertex -6.918224e+00 -2.246430e+01 -3.136469e-15
   vertex -5.314589e+00 -2.260994e+01 0.000000e+00
  endloop
 endfacet
 facet normal 0.000000e+00 -0.000000e+00 -1.000000e+00
  outer loop
   vertex -2.811868e+00 -6.410413e+00 0.000000e+00
   vertex -1.718398e+00 -6.785802e+00 0.000000e+00
   vertex -4.807087e+00 -2.251881e+01 0.000000e+00
  endloop
 endfacet
 facet normal -1.144373e-14 -4.486493e-14 -1.000000e+00
  outer loop
   vertex -6.365924e+00 -2.276183e+01 0.000000e+00
   vertex -6.632705e+00 -2.259567e+01 -4.401558e-15
   vertex -6.082316e+00 -2.275680e+01 -3.471359e-15
  endloop
 endfacet
 facet normal 1.601425e-15 4.641461e-15 -1.000000e+00
  outer loop
   vertex -7.217969e+00 -2.236979e+01 -3.169178e-15
   vertex -8.372648e+00 -2.196375e+01 -3.133682e-15
   vertex -4.807087e+00 -2.251881e+01 0.000000e+00
  endloop
 endfacet
 facet normal 0.000000e+00 0.000000e+00 -1.000000e+00
  outer loop
   vertex -3.782095e+00 -2.259285e+01 0.000000e+00
   vertex -1.718398e+00 -6.785802e+00 0.000000e+00
   vertex -5.780554e-01 -6.976091e+00 0.000000e+00
  endloop
 endfacet
 facet normal 0.000000e+00 0.000000e+00 -1.000000e+00
  outer loop
   vertex -1.718398e+00 -6.785802e+00 0.000000e+00
   vertex -3.782095e+00 -2.259285e+01 0.000000e+00
   vertex -4.291502e+00 -2.251306e+01 0.000000e+00
  endloop
 endfacet
 facet normal -1.764711e-16 -1.653260e-16 -1.000000e+00
  outer loop
   vertex 2.368808e+01 -2.368808e+01 0.000000e+00
   vertex 5.523983e+00 -4.299489e+00 0.000000e+00
   vertex 2.445065e+01 2.298044e-01 -4.088819e-15
  endloop
 endfacet
 facet normal 1.538784e-16 9.532014e-16 -1.000000e+00
  outer loop
   vertex -6.153850e-15 -3.350000e+01 0.000000e+00
   vertex -1.597184e+00 -2.665248e+01 6.281294e-15
   vertex -1.460776e+00 -2.613662e+01 6.794006e-15
  endloop
 endfacet
 facet normal 1.117347e-15 1.196992e-15 -1.000000e+00
  outer loop
   vertex -6.153850e-15 -3.350000e+01 0.000000e+00
   vertex -2.122729e+00 -2.757674e+01 4.718274e-15
   vertex -1.820036e+00 -2.713731e+01 5.582482e-15
  endloop
 endfacet
 facet normal 7.563122e-16 1.093719e-15 -1.000000e+00
  outer loop
   vertex -1.820036e+00 -2.713731e+01 5.582482e-15
   vertex -1.597184e+00 -2.665248e+01 6.281294e-15
   vertex -6.153850e-15 -3.350000e+01 0.000000e+00
  endloop
 endfacet
 facet normal 0.000000e+00 0.000000e+00 -1.000000e+00
  outer loop
   vertex -1.414853e+00 -2.560500e+01 0.000000e+00
   vertex -1.457734e+00 -2.509117e+01 0.000000e+00
   vertex 2.368808e+01 -2.368808e+01 0.000000e+00
  endloop
 endfacet
 facet normal 1.578514e-15 1.381156e-15 -1.000000e+00
  outer loop
   vertex -6.153850e-15 -3.350000e+01 0.000000e+00
   vertex -2.929667e+00 -2.826906e+01 2.600229e-15
   vertex -2.496295e+00 -2.795775e+01 3.714274e-15
  endloop
 endfacet
 facet normal 1.373230e-15 1.288693e-15 -1.000000e+00
  outer loop
   vertex -2.496295e+00 -2.795775e+01 3.714274e-15
   vertex -2.122729e+00 -2.757674e+01 4.718274e-15
   vertex -6.153850e-15 -3.350000e+01 0.000000e+00
  endloop
 endfacet
 facet normal 9.823901e-16 -1.286482e-14 -1.000000e+00
  outer loop
   vertex -1.460776e+00 -2.613662e+01 6.794006e-15
   vertex -1.414853e+00 -2.560500e+01 0.000000e+00
   vertex 2.368808e+01 -2.368808e+01 0.000000e+00
  endloop
 endfacet
 facet normal 1.943575e-15 1.607809e-15 -1.000000e+00
  outer loop
   vertex -6.153850e-15 -3.350000e+01 0.000000e+00
   vertex -3.923075e+00 -2.864799e+01 1.763107e-16
   vertex -3.410004e+00 -2.850143e+01 1.409144e-15
  endloop
 endfacet
 facet normal 2.399825e-15 2.007319e-15 -1.000000e+00
  outer loop
   vertex -4.986096e+00 -2.866897e+01 -2.268347e-15
   vertex -4.453680e+00 -2.870440e+01 -1.061747e-15
   vertex -6.153850e-15 -3.350000e+01 0.000000e+00
  endloop
 endfacet
 facet normal 2.145066e-15 1.770724e-15 -1.000000e+00
  outer loop
   vertex -3.923075e+00 -2.864799e+01 1.763107e-16
   vertex -6.153850e-15 -3.350000e+01 0.000000e+00
   vertex -4.453680e+00 -2.870440e+01 -1.061747e-15
  endloop
 endfacet
 facet normal 1.761840e-15 1.483831e-15 -1.000000e+00
  outer loop
   vertex -6.153850e-15 -3.350000e+01 0.000000e+00
   vertex -3.410004e+00 -2.850143e+01 1.409144e-15
   vertex -2.929667e+00 -2.826906e+01 2.600229e-15
  endloop
 endfacet
 facet normal 7.538941e-15 2.262540e-14 -1.000000e+00
  outer loop
   vertex -7.110133e+00 -2.757536e+01 0.000000e+00
   vertex -6.827311e+00 -2.766959e+01 0.000000e+00
   vertex -6.439001e+00 -2.803557e+01 -5.352874e-15
  endloop
 endfacet
 facet normal 2.782412e-15 2.402187e-15 -1.000000e+00
  outer loop
   vertex -6.153850e-15 -3.350000e+01 0.000000e+00
   vertex -5.504550e+00 -2.854277e+01 -3.407742e-15
   vertex -4.986096e+00 -2.866897e+01 -2.268347e-15
  endloop
 endfacet
 facet normal 3.534190e-15 3.236968e-15 -1.000000e+00
  outer loop
   vertex -6.153850e-15 -3.350000e+01 0.000000e+00
   vertex -5.993683e+00 -2.832953e+01 -4.446173e-15
   vertex -5.504550e+00 -2.854277e+01 -3.407742e-15
  endloop
 endfacet
 facet normal -2.903283e-14 -4.706565e-14 -1.000000e+00
  outer loop
   vertex -5.993683e+00 -2.832953e+01 -4.446173e-15
   vertex -8.262940e+00 -2.725679e+01 1.094765e-14
   vertex -6.439001e+00 -2.803557e+01 -5.352874e-15
  endloop
 endfacet
 facet normal -1.369905e-14 -1.674006e-14 -1.000000e+00
  outer loop
   vertex -8.570115e+00 -2.718093e+01 1.162092e-14
   vertex -5.993683e+00 -2.832953e+01 -4.446173e-15
   vertex -6.153850e-15 -3.350000e+01 0.000000e+00
  endloop
 endfacet
 facet normal -3.531636e-16 8.526125e-16 -1.000000e+00
  outer loop
   vertex 2.368808e+01 -2.368808e+01 0.000000e+00
   vertex -6.153850e-15 -3.350000e+01 0.000000e+00
   vertex -1.460776e+00 -2.613662e+01 6.794006e-15
  endloop
 endfacet
 facet normal -3.816843e-14 -8.087603e-14 -1.000000e+00
  outer loop
   vertex -7.948643e+00 -2.729324e+01 9.188519e-15
   vertex -7.379727e+00 -2.744812e+01 0.000000e+00
   vertex -7.110133e+00 -2.757536e+01 0.000000e+00
  endloop
 endfacet
 facet normal -2.853370e-14 -4.548517e-14 -1.000000e+00
  outer loop
   vertex -7.948643e+00 -2.729324e+01 9.188519e-15
   vertex -7.632260e+00 -2.728971e+01 0.000000e+00
   vertex -7.379727e+00 -2.744812e+01 0.000000e+00
  endloop
 endfacet
 facet normal 8.927691e-15 2.547548e-14 -1.000000e+00
  outer loop
   vertex -7.527203e+00 -2.231363e+01 -4.499170e-15
   vertex -8.372648e+00 -2.196375e+01 -3.133682e-15
   vertex -7.217969e+00 -2.236979e+01 -3.169178e-15
  endloop
 endfacet
 facet normal 7.951345e-15 2.311625e-14 -1.000000e+00
  outer loop
   vertex -8.096358e+00 -2.211348e+01 -4.398193e-15
   vertex -8.372648e+00 -2.196375e+01 -3.133682e-15
   vertex -7.527203e+00 -2.231363e+01 -4.499170e-15
  endloop
 endfacet
 facet normal -1.690056e-14 -4.755662e-14 -1.000000e+00
  outer loop
   vertex -7.527203e+00 -2.231363e+01 -4.499170e-15
   vertex -7.841039e+00 -2.229670e+01 0.000000e+00
   vertex -8.096358e+00 -2.211348e+01 -4.398193e-15
  endloop
 endfacet
 facet normal 8.622490e-16 -1.068000e-16 -1.000000e+00
  outer loop
   vertex -8.372648e+00 -2.196375e+01 -3.133682e-15
   vertex -2.811868e+00 -6.410413e+00 0.000000e+00
   vertex -4.807087e+00 -2.251881e+01 0.000000e+00
  endloop
 endfacet
 facet normal -2.776800e-15 2.431708e-14 -1.000000e+00
  outer loop
   vertex -7.110133e+00 -2.757536e+01 0.000000e+00
   vertex -8.262940e+00 -2.725679e+01 1.094765e-14
   vertex -7.948643e+00 -2.729324e+01 9.188519e-15
  endloop
 endfacet
 facet normal 4.507611e-15 7.952386e-15 -1.000000e+00
  outer loop
   vertex -8.865249e+00 -2.706688e+01 1.119754e-14
   vertex -8.570115e+00 -2.718093e+01 1.162092e-14
   vertex -6.153850e-15 -3.350000e+01 0.000000e+00
  endloop
 endfacet
 facet normal -1.052293e-14 -3.714372e-15 -1.000000e+00
  outer loop
   vertex -8.262940e+00 -2.725679e+01 1.094765e-14
   vertex -7.110133e+00 -2.757536e+01 0.000000e+00
   vertex -6.439001e+00 -2.803557e+01 -5.352874e-15
  endloop
 endfacet
 facet normal -3.704652e-14 -1.041954e-13 -1.000000e+00
  outer loop
   vertex -9.716688e+00 -2.671494e+01 9.916366e-15
   vertex -9.400750e+00 -2.673210e+01 0.000000e+00
   vertex -9.143614e+00 -2.691647e+01 9.684297e-15
  endloop
 endfacet
 facet normal -1.122227e-14 -3.076052e-14 -1.000000e+00
  outer loop
   vertex -9.143614e+00 -2.691647e+01 9.684297e-15
   vertex -1.002793e+01 -2.665801e+01 1.165796e-14
   vertex -9.716688e+00 -2.671494e+01 9.916366e-15
  endloop
 endfacet
 facet normal 4.193155e-16 2.318452e-15 -1.000000e+00
  outer loop
   vertex -6.153850e-15 -3.350000e+01 0.000000e+00
   vertex -1.002793e+01 -2.665801e+01 1.165796e-14
   vertex -8.865249e+00 -2.706688e+01 1.119754e-14
  endloop
 endfacet
 facet normal -1.126600e-14 -3.091015e-14 -1.000000e+00
  outer loop
   vertex -1.002793e+01 -2.665801e+01 1.165796e-14
   vertex -9.143614e+00 -2.691647e+01 9.684297e-15
   vertex -8.865249e+00 -2.706688e+01 1.119754e-14
  endloop
 endfacet
 facet normal -2.985390e-15 -2.671636e-15 -1.000000e+00
  outer loop
   vertex -6.153850e-15 -3.350000e+01 0.000000e+00
   vertex -1.032948e+01 -2.656222e+01 1.230232e-14
   vertex -1.002793e+01 -2.665801e+01 1.165796e-14
  endloop
 endfacet
 facet normal 2.830957e-15 2.033859e-14 -1.000000e+00
  outer loop
   vertex -8.262940e+00 -2.725679e+01 1.094765e-14
   vertex -5.993683e+00 -2.832953e+01 -4.446173e-15
   vertex -8.570115e+00 -2.718093e+01 1.162092e-14
  endloop
 endfacet
 facet normal 1.916311e-15 4.626385e-15 -1.000000e+00
  outer loop
   vertex -1.032948e+01 -2.656222e+01 1.230232e-14
   vertex -6.153850e-15 -3.350000e+01 0.000000e+00
   vertex -2.368808e+01 -2.368808e+01 0.000000e+00
  endloop
 endfacet
 facet normal 1.691146e-16 1.410162e-16 -1.000000e+00
  outer loop
   vertex -8.372648e+00 -2.196375e+01 -3.133682e-15
   vertex -8.665542e+00 -2.184985e+01 -3.167154e-15
   vertex -2.811868e+00 -6.410413e+00 0.000000e+00
  endloop
 endfacet
 facet normal 0.000000e+00 0.000000e+00 -1.000000e+00
  outer loop
   vertex 1.718398e+00 6.785802e+00 0.000000e+00
   vertex 5.780554e-01 6.976091e+00 0.000000e+00
   vertex 2.051283e-15 3.350000e+01 0.000000e+00
  endloop
 endfacet
 facet normal -0.000000e+00 0.000000e+00 -1.000000e+00
  outer loop
   vertex -5.780554e-01 6.976091e+00 0.000000e+00
   vertex -1.718398e+00 6.785802e+00 0.000000e+00
   vertex -1.253880e+01 2.051485e+01 0.000000e+00
  endloop
 endfacet
 facet normal 0.000000e+00 0.000000e+00 -1.000000e+00
  outer loop
   vertex 5.780554e-01 6.976091e+00 0.000000e+00
   vertex -5.780554e-01 6.976091e+00 0.000000e+00
   vertex -1.244464e+01 2.090138e+01 0.000000e+00
  endloop
 endfacet
 facet normal -1.615176e-14 9.210264e-15 -1.000000e+00
  outer loop
   vertex -1.599557e+01 1.722350e+01 0.000000e+00
   vertex -1.710645e+01 1.540482e+01 1.192322e-15
   vertex -1.692602e+01 1.589816e+01 2.821768e-15
  endloop
 endfacet
 facet normal 2.125137e-15 2.319154e-15 -1.000000e+00
  outer loop
   vertex -1.736759e+01 1.494903e+01 -4.713608e-16
   vertex -5.523983e+00 4.299489e+00 0.000000e+00
   vertex -1.770194e+01 1.454388e+01 -2.121509e-15
  endloop
 endfacet
 facet normal 1.986680e-15 2.511867e-15 -1.000000e+00
  outer loop
   vertex -4.740971e+00 5.150067e+00 0.000000e+00
   vertex -1.736759e+01 1.494903e+01 -4.713608e-16
   vertex -1.710645e+01 1.540482e+01 1.192322e-15
  endloop
 endfacet
 facet normal -0.000000e+00 0.000000e+00 -1.000000e+00
  outer loop
   vertex -1.718398e+00 6.785802e+00 0.000000e+00
   vertex -2.811868e+00 6.410413e+00 0.000000e+00
   vertex -1.290359e+01 1.981057e+01 0.000000e+00
  endloop
 endfacet
 facet normal 0.000000e+00 0.000000e+00 -1.000000e+00
  outer loop
   vertex 2.811868e+00 6.410413e+00 0.000000e+00
   vertex 1.718398e+00 6.785802e+00 0.000000e+00
   vertex 2.051283e-15 3.350000e+01 0.000000e+00
  endloop
 endfacet
 facet normal -0.000000e+00 0.000000e+00 -1.000000e+00
  outer loop
   vertex -2.811868e+00 6.410413e+00 0.000000e+00
   vertex -3.828637e+00 5.860165e+00 0.000000e+00
   vertex -1.316498e+01 1.951065e+01 0.000000e+00
  endloop
 endfacet
 facet normal -8.194713e-16 -8.718724e-16 -1.000000e+00
  outer loop
   vertex -1.483485e+01 1.823278e+01 -3.134816e-15
   vertex -4.740971e+00 5.150067e+00 0.000000e+00
   vertex -1.710645e+01 1.540482e+01 1.192322e-15
  endloop
 endfacet
 facet normal 1.177224e-16 -1.512498e-16 -1.000000e+00
  outer loop
   vertex -4.740971e+00 5.150067e+00 0.000000e+00
   vertex -1.458974e+01 1.842950e+01 -3.167932e-15
   vertex -3.828637e+00 5.860165e+00 0.000000e+00
  endloop
 endfacet
 facet normal 1.124219e-16 -7.344891e-17 -1.000000e+00
  outer loop
   vertex -1.770194e+01 1.454388e+01 -2.121509e-15
   vertex -5.523983e+00 4.299489e+00 0.000000e+00
   vertex -6.156316e+00 3.331632e+00 0.000000e+00
  endloop
 endfacet
 facet normal 4.259770e-16 -1.078719e-16 -1.000000e+00
  outer loop
   vertex -6.904529e+00 1.152162e+00 0.000000e+00
   vertex -1.903942e+01 1.373934e+01 -6.526985e-15
   vertex -6.620721e+00 2.272896e+00 0.000000e+00
  endloop
 endfacet
 facet normal 3.047304e-16 -1.336672e-16 -1.000000e+00
  outer loop
   vertex -6.620721e+00 2.272896e+00 0.000000e+00
   vertex -1.855003e+01 1.393022e+01 -5.193424e-15
   vertex -6.156316e+00 3.331632e+00 0.000000e+00
  endloop
 endfacet
 facet normal 2.202444e-15 2.078716e-15 -1.000000e+00
  outer loop
   vertex -1.809989e+01 1.420099e+01 -3.710740e-15
   vertex -1.770194e+01 1.454388e+01 -2.121509e-15
   vertex -6.156316e+00 3.331632e+00 0.000000e+00
  endloop
 endfacet
 facet normal 2.177467e-17 -2.004499e-17 -1.000000e+00
  outer loop
   vertex -1.736759e+01 1.494903e+01 -4.713608e-16
   vertex -4.740971e+00 5.150067e+00 0.000000e+00
   vertex -5.523983e+00 4.299489e+00 0.000000e+00
  endloop
 endfacet
 facet normal 5.607484e-16 -4.646495e-17 -1.000000e+00
  outer loop
   vertex -7.000000e+00 0.000000e+00 0.000000e+00
   vertex -1.955401e+01 1.363382e+01 -7.673133e-15
   vertex -6.904529e+00 1.152162e+00 0.000000e+00
  endloop
 endfacet
 facet normal 2.106722e-15 1.973534e-15 -1.000000e+00
  outer loop
   vertex -1.855003e+01 1.393022e+01 -5.193424e-15
   vertex -1.809989e+01 1.420099e+01 -3.710740e-15
   vertex -6.156316e+00 3.331632e+00 0.000000e+00
  endloop
 endfacet
 facet normal -2.963480e-15 1.524449e-15 -1.000000e+00
  outer loop
   vertex -3.350000e+01 4.102567e-15 0.000000e+00
   vertex -2.297690e+01 1.621454e+01 -6.466744e-15
   vertex -2.284890e+01 1.570508e+01 -7.622724e-15
  endloop
 endfacet
 facet normal 6.757715e-15 1.322767e-15 -1.000000e+00
  outer loop
   vertex -2.283171e+01 1.776859e+01 -2.043027e-15
   vertex -2.296818e+01 1.726132e+01 -3.636259e-15
   vertex -2.368808e+01 2.368808e+01 0.000000e+00
  endloop
 endfacet
 facet normal -1.443799e-15 5.980409e-16 -1.000000e+00
  outer loop
   vertex -2.368808e+01 2.368808e+01 0.000000e+00
   vertex -2.301705e+01 1.673830e+01 -5.125081e-15
   vertex -3.350000e+01 4.102567e-15 0.000000e+00
  endloop
 endfacet
 facet normal 1.110183e-14 1.809374e-15 -1.000000e+00
  outer loop
   vertex -2.296818e+01 1.726132e+01 -3.636259e-15
   vertex -2.301705e+01 1.673830e+01 -5.125081e-15
   vertex -2.368808e+01 2.368808e+01 0.000000e+00
  endloop
 endfacet
 facet normal -4.079758e-15 2.248903e-15 -1.000000e+00
  outer loop
   vertex -2.301705e+01 1.673830e+01 -5.125081e-15
   vertex -2.297690e+01 1.621454e+01 -6.466744e-15
   vertex -3.350000e+01 4.102567e-15 0.000000e+00
  endloop
 endfacet
 facet normal 1.948457e-15 1.359902e-15 -1.000000e+00
  outer loop
   vertex -6.904529e+00 1.152162e+00 0.000000e+00
   vertex -1.955401e+01 1.363382e+01 -7.673133e-15
   vertex -1.903942e+01 1.373934e+01 -6.526985e-15
  endloop
 endfacet
 facet normal 1.071860e-15 -1.687954e-15 -1.000000e+00
  outer loop
   vertex -2.007903e+01 1.361671e+01 -8.598958e-15
   vertex -3.350000e+01 4.102567e-15 0.000000e+00
   vertex -2.059940e+01 1.368848e+01 -9.277876e-15
  endloop
 endfacet
 facet normal 1.729836e-15 1.030030e-15 -1.000000e+00
  outer loop
   vertex -2.007903e+01 1.361671e+01 -8.598958e-15
   vertex -1.955401e+01 1.363382e+01 -7.673133e-15
   vertex -7.000000e+00 0.000000e+00 0.000000e+00
  endloop
 endfacet
 facet normal -1.555548e-15 5.477025e-16 -1.000000e+00
  outer loop
   vertex -3.350000e+01 4.102567e-15 0.000000e+00
   vertex -2.263672e+01 1.522454e+01 -8.559827e-15
   vertex -2.234645e+01 1.478673e+01 -9.251147e-15
  endloop
 endfacet
 facet normal -5.025567e-17 -6.548115e-16 -1.000000e+00
  outer loop
   vertex -2.110018e+01 1.384709e+01 -9.690393e-15
   vertex -3.350000e+01 4.102567e-15 0.000000e+00
   vertex -2.156699e+01 1.408797e+01 -9.824665e-15
  endloop
 endfacet
 facet normal -5.359617e-16 -2.434012e-16 -1.000000e+00
  outer loop
   vertex -2.156699e+01 1.408797e+01 -9.824665e-15
   vertex -3.350000e+01 4.102567e-15 0.000000e+00
   vertex -2.198643e+01 1.440421e+01 -9.676835e-15
  endloop
 endfacet
 facet normal -1.025365e-15 1.477886e-16 -1.000000e+00
  outer loop
   vertex -3.350000e+01 4.102567e-15 0.000000e+00
   vertex -2.234645e+01 1.478673e+01 -9.251147e-15
   vertex -2.198643e+01 1.440421e+01 -9.676835e-15
  endloop
 endfacet
 facet normal 4.690689e-16 -1.119857e-15 -1.000000e+00
  outer loop
   vertex -3.350000e+01 4.102567e-15 0.000000e+00
   vertex -2.110018e+01 1.384709e+01 -9.690393e-15
   vertex -2.059940e+01 1.368848e+01 -9.277876e-15
  endloop
 endfacet
 facet normal 2.071778e-15 1.674608e-15 -1.000000e+00
  outer loop
   vertex -1.903942e+01 1.373934e+01 -6.526985e-15
   vertex -1.855003e+01 1.393022e+01 -5.193424e-15
   vertex -6.620721e+00 2.272896e+00 0.000000e+00
  endloop
 endfacet
 facet normal -2.175034e-15 9.897292e-16 -1.000000e+00
  outer loop
   vertex -3.350000e+01 4.102567e-15 0.000000e+00
   vertex -2.284890e+01 1.570508e+01 -7.622724e-15
   vertex -2.263672e+01 1.522454e+01 -8.559827e-15
  endloop
 endfacet
 facet normal -9.776503e-32 -6.315006e-16 -1.000000e+00
  outer loop
   vertex -3.350000e+01 4.102567e-15 0.000000e+00
   vertex -2.007903e+01 1.361671e+01 -8.598958e-15
   vertex -7.000000e+00 0.000000e+00 0.000000e+00
  endloop
 endfacet
 facet normal 0.000000e+00 -0.000000e+00 -1.000000e+00
  outer loop
   vertex -3.828637e+00 -5.860165e+00 0.000000e+00
   vertex -2.811868e+00 -6.410413e+00 0.000000e+00
   vertex -1.000966e+01 -2.126341e+01 0.000000e+00
  endloop
 endfacet
 facet normal -1.945051e-15 9.425763e-16 -1.000000e+00
  outer loop
   vertex -1.000966e+01 -2.126341e+01 0.000000e+00
   vertex -2.811868e+00 -6.410413e+00 0.000000e+00
   vertex -8.665542e+00 -2.184985e+01 -3.167154e-15
  endloop
 endfacet
 facet normal -1.304465e-14 -2.449771e-14 -1.000000e+00
  outer loop
   vertex -9.625386e+00 -2.146803e+01 0.000000e+00
   vertex -1.000966e+01 -2.126341e+01 0.000000e+00
   vertex -8.665542e+00 -2.184985e+01 -3.167154e-15
  endloop
 endfacet
 facet normal 1.734351e-14 5.189433e-14 -1.000000e+00
  outer loop
   vertex -8.665542e+00 -2.184985e+01 -3.167154e-15
   vertex -8.970409e+00 -2.177361e+01 -4.498080e-15
   vertex -9.625386e+00 -2.146803e+01 0.000000e+00
  endloop
 endfacet
 facet normal 0.000000e+00 0.000000e+00 -1.000000e+00
  outer loop
   vertex -1.085468e+01 -2.106756e+01 0.000000e+00
   vertex -4.740971e+00 -5.150067e+00 0.000000e+00
   vertex -3.828637e+00 -5.860165e+00 0.000000e+00
  endloop
 endfacet
 facet normal 0.000000e+00 0.000000e+00 -1.000000e+00
  outer loop
   vertex -3.828637e+00 -5.860165e+00 0.000000e+00
   vertex -1.042361e+01 -2.112856e+01 0.000000e+00
   vertex -1.085468e+01 -2.106756e+01 0.000000e+00
  endloop
 endfacet
 facet normal 0.000000e+00 0.000000e+00 -1.000000e+00
  outer loop
   vertex -1.042361e+01 -2.112856e+01 0.000000e+00
   vertex -3.828637e+00 -5.860165e+00 0.000000e+00
   vertex -1.000966e+01 -2.126341e+01 0.000000e+00
  endloop
 endfacet
 facet normal 0.000000e+00 0.000000e+00 -1.000000e+00
  outer loop
   vertex -1.128980e+01 -2.108228e+01 0.000000e+00
   vertex -4.740971e+00 -5.150067e+00 0.000000e+00
   vertex -1.085468e+01 -2.106756e+01 0.000000e+00
  endloop
 endfacet
 facet normal -1.702477e-14 -2.177117e-14 -1.000000e+00
  outer loop
   vertex -9.282434e+00 -2.173622e+01 0.000000e+00
   vertex -9.625386e+00 -2.146803e+01 0.000000e+00
   vertex -8.970409e+00 -2.177361e+01 -4.498080e-15
  endloop
 endfacet
 facet normal 3.052428e-14 3.930543e-14 -1.000000e+00
  outer loop
   vertex -1.155987e+01 -2.599773e+01 0.000000e+00
   vertex -1.088446e+01 -2.626082e+01 1.027577e-14
   vertex -1.061653e+01 -2.642912e+01 1.183911e-14
  endloop
 endfacet
 facet normal -8.979812e-15 -6.211248e-14 -1.000000e+00
  outer loop
   vertex -1.155987e+01 -2.599773e+01 0.000000e+00
   vertex -1.112899e+01 -2.606003e+01 0.000000e+00
   vertex -1.088446e+01 -2.626082e+01 1.027577e-14
  endloop
 endfacet
 facet normal -3.222110e-14 -9.790510e-14 -1.000000e+00
  outer loop
   vertex -1.061653e+01 -2.642912e+01 1.183911e-14
   vertex -1.197341e+01 -2.586164e+01 0.000000e+00
   vertex -1.155987e+01 -2.599773e+01 0.000000e+00
  endloop
 endfacet
 facet normal 0.000000e+00 0.000000e+00 -1.000000e+00
  outer loop
   vertex -2.368808e+01 -2.368808e+01 0.000000e+00
   vertex -1.235707e+01 -2.565586e+01 0.000000e+00
   vertex -1.197341e+01 -2.586164e+01 0.000000e+00
  endloop
 endfacet
 facet normal 0.000000e+00 0.000000e+00 -1.000000e+00
  outer loop
   vertex -2.368808e+01 -2.368808e+01 0.000000e+00
   vertex -1.269921e+01 -2.538664e+01 0.000000e+00
   vertex -1.235707e+01 -2.565586e+01 0.000000e+00
  endloop
 endfacet
 facet normal 7.410508e-14 1.563271e-13 -1.000000e+00
  outer loop
   vertex -1.061653e+01 -2.642912e+01 1.183911e-14
   vertex -1.032948e+01 -2.656222e+01 1.230232e-14
   vertex -1.197341e+01 -2.586164e+01 0.000000e+00
  endloop
 endfacet
 facet normal 0.000000e+00 -0.000000e+00 -1.000000e+00
  outer loop
   vertex -5.523983e+00 -4.299489e+00 0.000000e+00
   vertex -4.740971e+00 -5.150067e+00 0.000000e+00
   vertex -1.128980e+01 -2.108228e+01 0.000000e+00
  endloop
 endfacet
 facet normal 0.000000e+00 0.000000e+00 -1.000000e+00
  outer loop
   vertex -1.171576e+01 -2.117225e+01 0.000000e+00
   vertex -6.156316e+00 -3.331632e+00 0.000000e+00
   vertex -5.523983e+00 -4.299489e+00 0.000000e+00
  endloop
 endfacet
 facet normal 0.000000e+00 0.000000e+00 -1.000000e+00
  outer loop
   vertex -1.171576e+01 -2.117225e+01 0.000000e+00
   vertex -5.523983e+00 -4.299489e+00 0.000000e+00
   vertex -1.128980e+01 -2.108228e+01 0.000000e+00
  endloop
 endfacet
 facet normal 0.000000e+00 0.000000e+00 -1.000000e+00
  outer loop
   vertex -1.211965e+01 -2.133476e+01 0.000000e+00
   vertex -6.156316e+00 -3.331632e+00 0.000000e+00
   vertex -1.171576e+01 -2.117225e+01 0.000000e+00
  endloop
 endfacet
 facet normal 0.000000e+00 0.000000e+00 -1.000000e+00
  outer loop
   vertex -1.248923e+01 -2.156487e+01 0.000000e+00
   vertex -6.620721e+00 -2.272896e+00 0.000000e+00
   vertex -1.211965e+01 -2.133476e+01 0.000000e+00
  endloop
 endfacet
 facet normal 0.000000e+00 0.000000e+00 -1.000000e+00
  outer loop
   vertex -3.350000e+01 4.102567e-15 0.000000e+00
   vertex -6.904529e+00 -1.152162e+00 0.000000e+00
   vertex -6.620721e+00 -2.272896e+00 0.000000e+00
  endloop
 endfacet
 facet normal 0.000000e+00 0.000000e+00 -1.000000e+00
  outer loop
   vertex -1.248923e+01 -2.156487e+01 0.000000e+00
   vertex -3.350000e+01 4.102567e-15 0.000000e+00
   vertex -6.620721e+00 -2.272896e+00 0.000000e+00
  endloop
 endfacet
 facet normal 0.000000e+00 0.000000e+00 -1.000000e+00
  outer loop
   vertex -2.368808e+01 -2.368808e+01 0.000000e+00
   vertex -3.350000e+01 4.102567e-15 0.000000e+00
   vertex -1.248923e+01 -2.156487e+01 0.000000e+00
  endloop
 endfacet
 facet normal -0.000000e+00 0.000000e+00 -1.000000e+00
  outer loop
   vertex -1.281329e+01 -2.185561e+01 0.000000e+00
   vertex -2.368808e+01 -2.368808e+01 0.000000e+00
   vertex -1.248923e+01 -2.156487e+01 0.000000e+00
  endloop
 endfacet
 facet normal 0.000000e+00 0.000000e+00 -1.000000e+00
  outer loop
   vertex -1.211965e+01 -2.133476e+01 0.000000e+00
   vertex -6.620721e+00 -2.272896e+00 0.000000e+00
   vertex -6.156316e+00 -3.331632e+00 0.000000e+00
  endloop
 endfacet
 facet normal -0.000000e+00 -0.000000e+00 -1.000000e+00
  outer loop
   vertex -7.000000e+00 0.000000e+00 0.000000e+00
   vertex -6.904529e+00 -1.152162e+00 0.000000e+00
   vertex -3.350000e+01 4.102567e-15 0.000000e+00
  endloop
 endfacet
 facet normal 0.000000e+00 0.000000e+00 -1.000000e+00
  outer loop
   vertex -2.368808e+01 -2.368808e+01 0.000000e+00
   vertex -1.347025e+01 -2.386199e+01 0.000000e+00
   vertex -1.338092e+01 -2.428808e+01 0.000000e+00
  endloop
 endfacet
 facet normal 0.000000e+00 0.000000e+00 -1.000000e+00
  outer loop
   vertex -2.368808e+01 -2.368808e+01 0.000000e+00
   vertex -1.321902e+01 -2.469222e+01 0.000000e+00
   vertex -1.298946e+01 -2.506215e+01 0.000000e+00
  endloop
 endfacet
 facet normal 0.000000e+00 0.000000e+00 -1.000000e+00
  outer loop
   vertex -2.368808e+01 -2.368808e+01 0.000000e+00
   vertex -1.338092e+01 -2.428808e+01 0.000000e+00
   vertex -1.321902e+01 -2.469222e+01 0.000000e+00
  endloop
 endfacet
 facet normal 0.000000e+00 0.000000e+00 -1.000000e+00
  outer loop
   vertex -2.368808e+01 -2.368808e+01 0.000000e+00
   vertex -1.308199e+01 -2.219816e+01 0.000000e+00
   vertex -1.328719e+01 -2.258213e+01 0.000000e+00
  endloop
 endfacet
 facet normal 0.000000e+00 0.000000e+00 -1.000000e+00
  outer loop
   vertex -2.368808e+01 -2.368808e+01 0.000000e+00
   vertex -1.342267e+01 -2.299587e+01 0.000000e+00
   vertex -1.348431e+01 -2.342685e+01 0.000000e+00
  endloop
 endfacet
 facet normal 0.000000e+00 0.000000e+00 -1.000000e+00
  outer loop
   vertex -1.347025e+01 -2.386199e+01 0.000000e+00
   vertex -2.368808e+01 -2.368808e+01 0.000000e+00
   vertex -1.348431e+01 -2.342685e+01 0.000000e+00
  endloop
 endfacet
 facet normal 0.000000e+00 0.000000e+00 -1.000000e+00
  outer loop
   vertex -1.328719e+01 -2.258213e+01 0.000000e+00
   vertex -1.342267e+01 -2.299587e+01 0.000000e+00
   vertex -2.368808e+01 -2.368808e+01 0.000000e+00
  endloop
 endfacet
 facet normal 0.000000e+00 0.000000e+00 -1.000000e+00
  outer loop
   vertex -1.281329e+01 -2.185561e+01 0.000000e+00
   vertex -1.308199e+01 -2.219816e+01 0.000000e+00
   vertex -2.368808e+01 -2.368808e+01 0.000000e+00
  endloop
 endfacet
 facet normal 0.000000e+00 0.000000e+00 -1.000000e+00
  outer loop
   vertex -2.368808e+01 -2.368808e+01 0.000000e+00
   vertex -1.298946e+01 -2.506215e+01 0.000000e+00
   vertex -1.269921e+01 -2.538664e+01 0.000000e+00
  endloop
 endfacet
 facet normal -5.770358e-15 -3.110009e-14 -1.000000e+00
  outer loop
   vertex -1.197341e+01 -2.586164e+01 0.000000e+00
   vertex -1.032948e+01 -2.656222e+01 1.230232e-14
   vertex -2.368808e+01 -2.368808e+01 0.000000e+00
  endloop
 endfacet
 facet normal 5.143554e-15 1.089248e-15 -1.000000e+00
  outer loop
   vertex -2.261155e+01 1.824552e+01 -3.911319e-16
   vertex -2.283171e+01 1.776859e+01 -2.043027e-15
   vertex -2.368808e+01 2.368808e+01 0.000000e+00
  endloop
 endfacet
 facet normal 0.000000e+00 0.000000e+00 -1.000000e+00
  outer loop
   vertex 2.184526e+01 1.060096e+01 0.000000e+00
   vertex 3.828637e+00 5.860165e+00 0.000000e+00
   vertex 2.811868e+00 6.410413e+00 0.000000e+00
  endloop
 endfacet
 facet normal 9.238795e-01 3.826834e-01 0.000000e+00
  outer loop
   vertex 2.368808e+01 2.368808e+01 3.000000e+00
   vertex 3.350000e+01 0.000000e+00 0.000000e+00
   vertex 2.368808e+01 2.368808e+01 0.000000e+00
  endloop
 endfacet
 facet normal 9.238795e-01 3.826834e-01 0.000000e+00
  outer loop
   vertex 3.350000e+01 0.000000e+00 3.000000e+00
   vertex 3.350000e+01 0.000000e+00 0.000000e+00
   vertex 2.368808e+01 2.368808e+01 3.000000e+00
  endloop
 endfacet
 facet normal 3.826834e-01 9.238795e-01 -0.000000e+00
  outer loop
   vertex 2.051283e-15 3.350000e+01 0.000000e+00
   vertex 2.051283e-15 3.350000e+01 3.000000e+00
   vertex 2.368808e+01 2.368808e+01 0.000000e+00
  endloop
 endfacet
 facet normal 3.826834e-01 9.238795e-01 -0.000000e+00
  outer loop
   vertex 2.368808e+01 2.368808e+01 0.000000e+00
   vertex 2.051283e-15 3.350000e+01 3.000000e+00
   vertex 2.368808e+01 2.368808e+01 3.000000e+00
  endloop
 endfacet
 facet normal -3.826834e-01 9.238795e-01 0.000000e+00
  outer loop
   vertex -2.368808e+01 2.368808e+01 0.000000e+00
   vertex -2.368808e+01 2.368808e+01 3.000000e+00
   vertex 2.051283e-15 3.350000e+01 0.000000e+00
  endloop
 endfacet
 facet normal -3.826834e-01 9.238795e-01 0.000000e+00
  outer loop
   vertex 2.051283e-15 3.350000e+01 0.000000e+00
   vertex -2.368808e+01 2.368808e+01 3.000000e+00
   vertex 2.051283e-15 3.350000e+01 3.000000e+00
  endloop
 endfacet
 facet normal -9.238795e-01 3.826834e-01 0.000000e+00
  outer loop
   vertex -3.350000e+01 4.102567e-15 0.000000e+00
   vertex -3.350000e+01 4.102567e-15 3.000000e+00
   vertex -2.368808e+01 2.368808e+01 0.000000e+00
  endloop
 endfacet
 facet normal -9.238795e-01 3.826834e-01 0.000000e+00
  outer loop
   vertex -2.368808e+01 2.368808e+01 0.000000e+00
   vertex -3.350000e+01 4.102567e-15 3.000000e+00
   vertex -2.368808e+01 2.368808e+01 3.000000e+00
  endloop
 endfacet
 facet normal -9.238795e-01 -3.826834e-01 0.000000e+00
  outer loop
   vertex -2.368808e+01 -2.368808e+01 0.000000e+00
   vertex -2.368808e+01 -2.368808e+01 3.000000e+00
   vertex -3.350000e+01 4.102567e-15 0.000000e+00
  endloop
 endfacet
 facet normal -9.238795e-01 -3.826834e-01 0.000000e+00
  outer loop
   vertex -3.350000e+01 4.102567e-15 0.000000e+00
   vertex -2.368808e+01 -2.368808e+01 3.000000e+00
   vertex -3.350000e+01 4.102567e-15 3.000000e+00
  endloop
 endfacet
 facet normal -3.826834e-01 -9.238795e-01 -0.000000e+00
  outer loop
   vertex -6.153850e-15 -3.350000e+01 3.000000e+00
   vertex -2.368808e+01 -2.368808e+01 0.000000e+00
   vertex -6.153850e-15 -3.350000e+01 0.000000e+00
  endloop
 endfacet
 facet normal -3.826834e-01 -9.238795e-01 -0.000000e+00
  outer loop
   vertex -2.368808e+01 -2.368808e+01 3.000000e+00
   vertex -2.368808e+01 -2.368808e+01 0.000000e+00
   vertex -6.153850e-15 -3.350000e+01 3.000000e+00
  endloop
 endfacet
 facet normal 3.826834e-01 -9.238795e-01 0.000000e+00
  outer loop
   vertex 2.368808e+01 -2.368808e+01 3.000000e+00
   vertex -6.153850e-15 -3.350000e+01 0.000000e+00
   vertex 2.368808e+01 -2.368808e+01 0.000000e+00
  endloop
 endfacet
 facet normal 3.826834e-01 -9.238795e-01 0.000000e+00
  outer loop
   vertex -6.153850e-15 -3.350000e+01 3.000000e+00
   vertex -6.153850e-15 -3.350000e+01 0.000000e+00
   vertex 2.368808e+01 -2.368808e+01 3.000000e+00
  endloop
 endfacet
 facet normal 9.238795e-01 -3.826834e-01 0.000000e+00
  outer loop
   vertex 3.350000e+01 0.000000e+00 3.000000e+00
   vertex 2.368808e+01 -2.368808e+01 0.000000e+00
   vertex 3.350000e+01 0.000000e+00 0.000000e+00
  endloop
 endfacet
 facet normal 9.238795e-01 -3.826834e-01 0.000000e+00
  outer loop
   vertex 2.368808e+01 -2.368808e+01 3.000000e+00
   vertex 2.368808e+01 -2.368808e+01 0.000000e+00
   vertex 3.350000e+01 0.000000e+00 3.000000e+00
  endloop
 endfacet
 facet normal 2.446720e-01 1.013464e-01 9.642948e-01
  outer loop
   vertex 2.703197e+01 1.193229e+01 3.387071e+00
   vertex 2.368808e+01 2.368808e+01 3.000000e+00
   vertex 2.667094e+01 1.220722e+01 3.449781e+00
  endloop
 endfacet
 facet normal 2.446715e-01 1.013463e-01 9.642950e-01
  outer loop
   vertex 2.630189e+01 1.242856e+01 3.520157e+00
   vertex 2.667094e+01 1.220722e+01 3.449781e+00
   vertex 2.368808e+01 2.368808e+01 3.000000e+00
  endloop
 endfacet
 facet normal 2.446707e-01 1.013461e-01 9.642952e-01
  outer loop
   vertex 2.735941e+01 1.161838e+01 3.336980e+00
   vertex 2.368808e+01 2.368808e+01 3.000000e+00
   vertex 2.703197e+01 1.193229e+01 3.387071e+00
  endloop
 endfacet
 facet normal 2.446690e-01 1.013455e-01 9.642957e-01
  outer loop
   vertex 2.368808e+01 2.368808e+01 3.000000e+00
   vertex 2.764995e+01 1.126842e+01 3.300042e+00
   vertex 2.790024e+01 1.088535e+01 3.276795e+00
  endloop
 endfacet
 facet normal 2.446735e-01 1.013469e-01 9.642944e-01
  outer loop
   vertex 2.368808e+01 2.368808e+01 3.000000e+00
   vertex 2.735941e+01 1.161838e+01 3.336980e+00
   vertex 2.764995e+01 1.126842e+01 3.300042e+00
  endloop
 endfacet
 facet normal 2.446734e-01 1.013469e-01 9.642944e-01
  outer loop
   vertex 2.809035e+01 1.051010e+01 3.267997e+00
   vertex 2.368808e+01 2.368808e+01 3.000000e+00
   vertex 2.790024e+01 1.088535e+01 3.276795e+00
  endloop
 endfacet
 facet normal 2.446718e-01 1.013463e-01 9.642949e-01
  outer loop
   vertex 2.368808e+01 2.368808e+01 3.000000e+00
   vertex 2.591274e+01 1.260836e+01 3.600000e+00
   vertex 2.630189e+01 1.242856e+01 3.520157e+00
  endloop
 endfacet
 facet normal 2.446718e-01 1.013465e-01 9.642949e-01
  outer loop
   vertex 2.733691e+00 2.990534e-01 1.077495e+01
   vertex 2.661258e+01 1.091880e+01 3.600000e+00
   vertex 2.591274e+01 1.260836e+01 3.600000e+00
  endloop
 endfacet
 facet normal 2.446718e-01 1.013464e-01 9.642949e-01
  outer loop
   vertex 3.350000e+01 0.000000e+00 3.000000e+00
   vertex 2.368808e+01 2.368808e+01 3.000000e+00
   vertex 2.809035e+01 1.051010e+01 3.267997e+00
  endloop
 endfacet
 facet normal 2.446719e-01 1.013463e-01 9.642949e-01
  outer loop
   vertex 2.736502e+01 9.102247e+00 3.600000e+00
   vertex 2.661258e+01 1.091880e+01 3.600000e+00
   vertex 2.750000e+00 0.000000e+00 1.080224e+01
  endloop
 endfacet
 facet normal 2.446718e-01 1.013464e-01 9.642949e-01
  outer loop
   vertex 2.591274e+01 1.260836e+01 3.600000e+00
   vertex 2.368808e+01 2.368808e+01 3.000000e+00
   vertex 1.944544e+00 1.944544e+00 1.080224e+01
  endloop
 endfacet
 facet normal 2.446722e-01 1.013466e-01 9.642948e-01
  outer loop
   vertex 2.823948e+01 1.011855e+01 3.271309e+00
   vertex 3.350000e+01 0.000000e+00 3.000000e+00
   vertex 2.809035e+01 1.051010e+01 3.267997e+00
  endloop
 endfacet
 facet normal 2.446691e-01 1.013462e-01 9.642956e-01
  outer loop
   vertex 2.853015e+01 9.082025e+00 3.306497e+00
   vertex 2.834674e+01 9.714048e+00 3.286608e+00
   vertex 2.841121e+01 9.299936e+00 3.313773e+00
  endloop
 endfacet
 facet normal 2.446794e-01 1.013491e-01 9.642927e-01
  outer loop
   vertex 2.863500e+01 8.857927e+00 3.303443e+00
   vertex 2.834674e+01 9.714048e+00 3.286608e+00
   vertex 2.853015e+01 9.082025e+00 3.306497e+00
  endloop
 endfacet
 facet normal 2.446760e-01 1.013487e-01 9.642936e-01
  outer loop
   vertex 3.350000e+01 0.000000e+00 3.000000e+00
   vertex 2.872560e+01 8.628331e+00 3.304585e+00
   vertex 2.880177e+01 8.393921e+00 3.309895e+00
  endloop
 endfacet
 facet normal 2.446702e-01 1.013458e-01 9.642953e-01
  outer loop
   vertex 2.863500e+01 8.857927e+00 3.303443e+00
   vertex 2.872560e+01 8.628331e+00 3.304585e+00
   vertex 2.823948e+01 1.011855e+01 3.271309e+00
  endloop
 endfacet
 facet normal 2.446602e-01 1.013428e-01 9.642982e-01
  outer loop
   vertex 2.834674e+01 9.714048e+00 3.286608e+00
   vertex 2.863500e+01 8.857927e+00 3.303443e+00
   vertex 2.823948e+01 1.011855e+01 3.271309e+00
  endloop
 endfacet
 facet normal 2.446738e-01 1.013466e-01 9.642944e-01
  outer loop
   vertex 2.914327e+01 6.993311e+00 3.370449e+00
   vertex 2.891011e+01 7.913398e+00 3.332908e+00
   vertex 2.894193e+01 7.668657e+00 3.350557e+00
  endloop
 endfacet
 facet normal 2.446587e-01 1.013430e-01 9.642986e-01
  outer loop
   vertex 2.921627e+01 6.772577e+00 3.375125e+00
   vertex 2.886333e+01 8.155381e+00 3.319345e+00
   vertex 2.891011e+01 7.913398e+00 3.332908e+00
  endloop
 endfacet
 facet normal 2.446724e-01 1.013466e-01 9.642947e-01
  outer loop
   vertex 2.894193e+01 7.668657e+00 3.350557e+00
   vertex 2.895862e+01 7.421843e+00 3.372262e+00
   vertex 2.905735e+01 7.209927e+00 3.369484e+00
  endloop
 endfacet
 facet normal 2.446564e-01 1.013424e-01 9.642992e-01
  outer loop
   vertex 2.891011e+01 7.913398e+00 3.332908e+00
   vertex 2.914327e+01 6.993311e+00 3.370449e+00
   vertex 2.921627e+01 6.772577e+00 3.375125e+00
  endloop
 endfacet
 facet normal 2.446806e-01 1.013486e-01 9.642924e-01
  outer loop
   vertex 2.894193e+01 7.668657e+00 3.350557e+00
   vertex 2.905735e+01 7.209927e+00 3.369484e+00
   vertex 2.914327e+01 6.993311e+00 3.370449e+00
  endloop
 endfacet
 facet normal 2.446714e-01 1.013461e-01 9.642950e-01
  outer loop
   vertex 3.350000e+01 0.000000e+00 3.000000e+00
   vertex 2.886333e+01 8.155381e+00 3.319345e+00
   vertex 2.921627e+01 6.772577e+00 3.375125e+00
  endloop
 endfacet
 facet normal 2.446722e-01 1.013466e-01 9.642947e-01
  outer loop
   vertex 3.350000e+01 0.000000e+00 3.000000e+00
   vertex 2.880177e+01 8.393921e+00 3.309895e+00
   vertex 2.886333e+01 8.155381e+00 3.319345e+00
  endloop
 endfacet
 facet normal 2.446716e-01 1.013463e-01 9.642949e-01
  outer loop
   vertex 3.350000e+01 0.000000e+00 3.000000e+00
   vertex 2.823948e+01 1.011855e+01 3.271309e+00
   vertex 2.872560e+01 8.628331e+00 3.304585e+00
  endloop
 endfacet
 facet normal 2.446727e-01 1.013446e-01 9.642949e-01
  outer loop
   vertex 2.591274e+01 1.260836e+01 3.600000e+00
   vertex 2.106268e+00 1.768088e+00 1.077975e+01
   vertex 2.252128e+00 1.578109e+00 1.076271e+01
  endloop
 endfacet
 facet normal 2.446709e-01 1.013485e-01 9.642949e-01
  outer loop
   vertex 1.944544e+00 1.944544e+00 1.080224e+01
   vertex 2.106268e+00 1.768088e+00 1.077975e+01
   vertex 2.591274e+01 1.260836e+01 3.600000e+00
  endloop
 endfacet
 facet normal 2.446718e-01 1.013464e-01 9.642949e-01
  outer loop
   vertex 3.350000e+01 0.000000e+00 3.000000e+00
   vertex 2.932309e+01 6.321072e+00 3.395474e+00
   vertex 2.935669e+01 6.091462e+00 3.411082e+00
  endloop
 endfacet
 facet normal 2.446705e-01 1.013455e-01 9.642953e-01
  outer loop
   vertex 3.350000e+01 0.000000e+00 3.000000e+00
   vertex 2.927625e+01 6.548304e+00 3.383477e+00
   vertex 2.932309e+01 6.321072e+00 3.395474e+00
  endloop
 endfacet
 facet normal 2.446710e-01 1.013482e-01 9.642949e-01
  outer loop
   vertex 2.591274e+01 1.260836e+01 3.600000e+00
   vertex 2.252128e+00 1.578109e+00 1.076271e+01
   vertex 2.381207e+00 1.375632e+00 1.075124e+01
  endloop
 endfacet
 facet normal 2.446719e-01 1.013463e-01 9.642949e-01
  outer loop
   vertex 2.492587e+00 1.161684e+00 1.074546e+01
   vertex 2.604542e+00 8.825362e-01 1.074639e+01
   vertex 2.591274e+01 1.260836e+01 3.600000e+00
  endloop
 endfacet
 facet normal 2.446727e-01 1.013447e-01 9.642948e-01
  outer loop
   vertex 2.381207e+00 1.375632e+00 1.075124e+01
   vertex 2.492587e+00 1.161684e+00 1.074546e+01
   vertex 2.591274e+01 1.260836e+01 3.600000e+00
  endloop
 endfacet
 facet normal 2.446711e-01 1.013479e-01 9.642949e-01
  outer loop
   vertex 2.685057e+00 5.941124e-01 1.075628e+01
   vertex 2.733691e+00 2.990534e-01 1.077495e+01
   vertex 2.591274e+01 1.260836e+01 3.600000e+00
  endloop
 endfacet
 facet normal 2.446718e-01 1.013465e-01 9.642949e-01
  outer loop
   vertex 2.736502e+01 9.102247e+00 3.600000e+00
   vertex 2.750000e+00 0.000000e+00 1.080224e+01
   vertex 2.820671e+01 7.070231e+00 3.600000e+00
  endloop
 endfacet
 facet normal 2.446728e-01 1.013443e-01 9.642949e-01
  outer loop
   vertex 2.733691e+00 2.990534e-01 1.077495e+01
   vertex 2.750000e+00 0.000000e+00 1.080224e+01
   vertex 2.661258e+01 1.091880e+01 3.600000e+00
  endloop
 endfacet
 facet normal 2.446717e-01 1.013467e-01 9.642949e-01
  outer loop
   vertex 2.604542e+00 8.825362e-01 1.074639e+01
   vertex 2.685057e+00 5.941124e-01 1.075628e+01
   vertex 2.591274e+01 1.260836e+01 3.600000e+00
  endloop
 endfacet
 facet normal 2.446718e-01 1.013463e-01 9.642949e-01
  outer loop
   vertex 2.750000e+00 0.000000e+00 1.080224e+01
   vertex 2.967440e+01 3.526904e+00 3.600000e+00
   vertex 2.820671e+01 7.070231e+00 3.600000e+00
  endloop
 endfacet
 facet normal 2.446674e-01 1.013469e-01 9.642959e-01
  outer loop
   vertex 2.945550e+01 5.325128e+00 3.466551e+00
   vertex 2.938370e+01 5.627430e+00 3.452998e+00
   vertex 2.938203e+01 5.511968e+00 3.465556e+00
  endloop
 endfacet
 facet normal 2.446566e-01 1.013445e-01 9.642989e-01
  outer loop
   vertex 2.945550e+01 5.325128e+00 3.466551e+00
   vertex 2.937693e+01 5.860054e+00 3.430268e+00
   vertex 2.938370e+01 5.627430e+00 3.452998e+00
  endloop
 endfacet
 facet normal 2.446787e-01 1.013476e-01 9.642930e-01
  outer loop
   vertex 2.951935e+01 5.135330e+00 3.470297e+00
   vertex 2.957353e+01 4.942945e+00 3.476770e+00
   vertex 2.935669e+01 6.091462e+00 3.411082e+00
  endloop
 endfacet
 facet normal 2.446771e-01 1.013471e-01 9.642935e-01
  outer loop
   vertex 2.937693e+01 5.860054e+00 3.430268e+00
   vertex 2.945550e+01 5.325128e+00 3.466551e+00
   vertex 2.951935e+01 5.135330e+00 3.470297e+00
  endloop
 endfacet
 facet normal 2.446718e-01 1.013464e-01 9.642949e-01
  outer loop
   vertex 2.935669e+01 6.091462e+00 3.411082e+00
   vertex 2.957353e+01 4.942945e+00 3.476770e+00
   vertex 3.350000e+01 0.000000e+00 3.000000e+00
  endloop
 endfacet
 facet normal 2.446715e-01 1.013461e-01 9.642950e-01
  outer loop
   vertex 3.350000e+01 0.000000e+00 3.000000e+00
   vertex 2.965264e+01 4.551900e+00 3.497795e+00
   vertex 2.967747e+01 4.353981e+00 3.512296e+00
  endloop
 endfacet
 facet normal 2.446719e-01 1.013464e-01 9.642948e-01
  outer loop
   vertex 3.350000e+01 0.000000e+00 3.000000e+00
   vertex 2.961798e+01 4.748345e+00 3.485945e+00
   vertex 2.965264e+01 4.551900e+00 3.497795e+00
  endloop
 endfacet
 facet normal 2.446705e-01 1.013452e-01 9.642953e-01
  outer loop
   vertex 2.967747e+01 4.353981e+00 3.512296e+00
   vertex 2.969241e+01 4.154961e+00 3.529423e+00
   vertex 3.350000e+01 0.000000e+00 3.000000e+00
  endloop
 endfacet
 facet normal 2.446727e-01 1.013473e-01 9.642946e-01
  outer loop
   vertex 2.969740e+01 3.955208e+00 3.549151e+00
   vertex 3.350000e+01 0.000000e+00 3.000000e+00
   vertex 2.969241e+01 4.154961e+00 3.529423e+00
  endloop
 endfacet
 facet normal 2.446715e-01 1.013461e-01 9.642950e-01
  outer loop
   vertex 3.350000e+01 0.000000e+00 3.000000e+00
   vertex 2.969740e+01 3.955208e+00 3.549151e+00
   vertex 2.967440e+01 3.526904e+00 3.600000e+00
  endloop
 endfacet
 facet normal 2.446718e-01 1.013464e-01 9.642949e-01
  outer loop
   vertex 2.750000e+00 0.000000e+00 1.080224e+01
   vertex 3.350000e+01 0.000000e+00 3.000000e+00
   vertex 2.967440e+01 3.526904e+00 3.600000e+00
  endloop
 endfacet
 facet normal 2.446730e-01 1.013473e-01 9.642945e-01
  outer loop
   vertex 2.957353e+01 4.942945e+00 3.476770e+00
   vertex 2.961798e+01 4.748345e+00 3.485945e+00
   vertex 3.350000e+01 0.000000e+00 3.000000e+00
  endloop
 endfacet
 facet normal 2.446852e-01 1.013486e-01 9.642912e-01
  outer loop
   vertex 2.951935e+01 5.135330e+00 3.470297e+00
   vertex 2.935669e+01 6.091462e+00 3.411082e+00
   vertex 2.937693e+01 5.860054e+00 3.430268e+00
  endloop
 endfacet
 facet normal 2.446725e-01 1.013468e-01 9.642947e-01
  outer loop
   vertex 2.921627e+01 6.772577e+00 3.375125e+00
   vertex 2.927625e+01 6.548304e+00 3.383477e+00
   vertex 3.350000e+01 0.000000e+00 3.000000e+00
  endloop
 endfacet
 facet normal 1.013450e-01 2.446719e-01 9.642950e-01
  outer loop
   vertex 2.719602e-01 2.736519e+00 1.077708e+01
   vertex 2.051283e-15 3.350000e+01 3.000000e+00
   vertex 1.683889e-16 2.750000e+00 1.080224e+01
  endloop
 endfacet
 facet normal 1.013464e-01 2.446718e-01 9.642949e-01
  outer loop
   vertex 1.746877e+00 2.123892e+00 1.077751e+01
   vertex 2.368808e+01 2.368808e+01 3.000000e+00
   vertex 2.051283e-15 3.350000e+01 3.000000e+00
  endloop
 endfacet
 facet normal 1.013454e-01 2.446719e-01 9.642950e-01
  outer loop
   vertex 2.719602e-01 2.736519e+00 1.077708e+01
   vertex 5.409832e-01 2.696264e+00 1.075902e+01
   vertex 2.051283e-15 3.350000e+01 3.000000e+00
  endloop
 endfacet
 facet normal 1.013477e-01 2.446718e-01 9.642947e-01
  outer loop
   vertex 5.409832e-01 2.696264e+00 1.075902e+01
   vertex 8.050750e-01 2.629517e+00 1.074820e+01
   vertex 2.051283e-15 3.350000e+01 3.000000e+00
  endloop
 endfacet
 facet normal 1.013492e-01 2.446719e-01 9.642946e-01
  outer loop
   vertex 2.051283e-15 3.350000e+01 3.000000e+00
   vertex 1.062242e+00 2.536561e+00 1.074475e+01
   vertex 1.304220e+00 2.421057e+00 1.074863e+01
  endloop
 endfacet
 facet normal 1.013449e-01 2.446718e-01 9.642950e-01
  outer loop
   vertex 2.051283e-15 3.350000e+01 3.000000e+00
   vertex 8.050750e-01 2.629517e+00 1.074820e+01
   vertex 1.062242e+00 2.536561e+00 1.074475e+01
  endloop
 endfacet
 facet normal 1.013468e-01 2.446715e-01 9.642949e-01
  outer loop
   vertex 2.368808e+01 2.368808e+01 3.000000e+00
   vertex 1.746877e+00 2.123892e+00 1.077751e+01
   vertex 1.944544e+00 1.944544e+00 1.080224e+01
  endloop
 endfacet
 facet normal 1.013457e-01 2.446718e-01 9.642950e-01
  outer loop
   vertex 2.051283e-15 3.350000e+01 3.000000e+00
   vertex 1.532934e+00 2.283115e+00 1.075959e+01
   vertex 1.746877e+00 2.123892e+00 1.077751e+01
  endloop
 endfacet
 facet normal 1.013466e-01 2.446718e-01 9.642949e-01
  outer loop
   vertex 2.051283e-15 3.350000e+01 3.000000e+00
   vertex 1.304220e+00 2.421057e+00 1.074863e+01
   vertex 1.532934e+00 2.283115e+00 1.075959e+01
  endloop
 endfacet
 facet normal -1.013463e-01 2.446718e-01 9.642949e-01
  outer loop
   vertex -1.856530e+01 2.355571e+01 3.571983e+00
   vertex -2.368808e+01 2.368808e+01 3.000000e+00
   vertex -1.887245e+01 2.331807e+01 3.600000e+00
  endloop
 endfacet
 facet normal -1.013463e-01 2.446719e-01 9.642949e-01
  outer loop
   vertex -1.944544e+00 1.944544e+00 1.080224e+01
   vertex -1.887245e+01 2.331807e+01 3.600000e+00
   vertex -2.368808e+01 2.368808e+01 3.000000e+00
  endloop
 endfacet
 facet normal -1.013464e-01 2.446708e-01 9.642951e-01
  outer loop
   vertex -2.368808e+01 2.368808e+01 3.000000e+00
   vertex -1.856530e+01 2.355571e+01 3.571983e+00
   vertex -1.823706e+01 2.376217e+01 3.554096e+00
  endloop
 endfacet
 facet normal -1.013464e-01 2.446732e-01 9.642945e-01
  outer loop
   vertex -1.789006e+01 2.393601e+01 3.546457e+00
   vertex -2.368808e+01 2.368808e+01 3.000000e+00
   vertex -1.823706e+01 2.376217e+01 3.554096e+00
  endloop
 endfacet
 facet normal -1.013462e-01 2.446690e-01 9.642956e-01
  outer loop
   vertex -1.752666e+01 2.407580e+01 3.549182e+00
   vertex -1.706211e+01 2.419859e+01 3.566849e+00
   vertex -2.368808e+01 2.368808e+01 3.000000e+00
  endloop
 endfacet
 facet normal -1.013461e-01 2.446713e-01 9.642950e-01
  outer loop
   vertex 2.051283e-15 3.350000e+01 3.000000e+00
   vertex -1.706211e+01 2.419859e+01 3.566849e+00
   vertex -1.658700e+01 2.426473e+01 3.600000e+00
  endloop
 endfacet
 facet normal -1.013464e-01 2.446718e-01 9.642949e-01
  outer loop
   vertex -1.375632e+00 2.381207e+00 1.075124e+01
   vertex 2.051283e-15 3.350000e+01 3.000000e+00
   vertex -1.658700e+01 2.426473e+01 3.600000e+00
  endloop
 endfacet
 facet normal -1.013464e-01 2.446718e-01 9.642949e-01
  outer loop
   vertex -1.706211e+01 2.419859e+01 3.566849e+00
   vertex 2.051283e-15 3.350000e+01 3.000000e+00
   vertex -2.368808e+01 2.368808e+01 3.000000e+00
  endloop
 endfacet
 facet normal -1.013464e-01 2.446729e-01 9.642946e-01
  outer loop
   vertex -1.789006e+01 2.393601e+01 3.546457e+00
   vertex -1.752666e+01 2.407580e+01 3.549182e+00
   vertex -2.368808e+01 2.368808e+01 3.000000e+00
  endloop
 endfacet
 facet normal -1.013464e-01 2.446718e-01 9.642949e-01
  outer loop
   vertex -1.658700e+01 2.426473e+01 3.600000e+00
   vertex -1.887245e+01 2.331807e+01 3.600000e+00
   vertex -1.944544e+00 1.944544e+00 1.080224e+01
  endloop
 endfacet
 facet normal -1.013483e-01 2.446706e-01 9.642950e-01
  outer loop
   vertex -1.658700e+01 2.426473e+01 3.600000e+00
   vertex -1.944544e+00 1.944544e+00 1.080224e+01
   vertex -1.768088e+00 2.106268e+00 1.077975e+01
  endloop
 endfacet
 facet normal -1.013481e-01 2.446707e-01 9.642950e-01
  outer loop
   vertex -1.658700e+01 2.426473e+01 3.600000e+00
   vertex -1.578109e+00 2.252128e+00 1.076271e+01
   vertex -1.375632e+00 2.381207e+00 1.075124e+01
  endloop
 endfacet
 facet normal -1.013448e-01 2.446729e-01 9.642948e-01
  outer loop
   vertex -1.658700e+01 2.426473e+01 3.600000e+00
   vertex -1.768088e+00 2.106268e+00 1.077975e+01
   vertex -1.578109e+00 2.252128e+00 1.076271e+01
  endloop
 endfacet
 facet normal -1.013463e-01 2.446718e-01 9.642949e-01
  outer loop
   vertex 2.051283e-15 3.350000e+01 3.000000e+00
   vertex -1.161684e+00 2.492587e+00 1.074546e+01
   vertex -8.825362e-01 2.604542e+00 1.074639e+01
  endloop
 endfacet
 facet normal -1.013442e-01 2.446719e-01 9.642951e-01
  outer loop
   vertex 2.051283e-15 3.350000e+01 3.000000e+00
   vertex -2.990534e-01 2.733691e+00 1.077495e+01
   vertex 1.683889e-16 2.750000e+00 1.080224e+01
  endloop
 endfacet
 facet normal -1.013480e-01 2.446718e-01 9.642947e-01
  outer loop
   vertex 2.051283e-15 3.350000e+01 3.000000e+00
   vertex -5.941124e-01 2.685057e+00 1.075628e+01
   vertex -2.990534e-01 2.733691e+00 1.077495e+01
  endloop
 endfacet
 facet normal -1.013468e-01 2.446718e-01 9.642948e-01
  outer loop
   vertex 2.051283e-15 3.350000e+01 3.000000e+00
   vertex -8.825362e-01 2.604542e+00 1.074639e+01
   vertex -5.941124e-01 2.685057e+00 1.075628e+01
  endloop
 endfacet
 facet normal -1.013442e-01 2.446718e-01 9.642951e-01
  outer loop
   vertex 2.051283e-15 3.350000e+01 3.000000e+00
   vertex -1.375632e+00 2.381207e+00 1.075124e+01
   vertex -1.161684e+00 2.492587e+00 1.074546e+01
  endloop
 endfacet
 facet normal -2.446718e-01 1.013464e-01 9.642949e-01
  outer loop
   vertex -2.750000e+00 3.367779e-16 1.080224e+01
   vertex -2.377505e+01 1.776921e+01 3.600000e+00
   vertex -3.350000e+01 4.102567e-15 3.000000e+00
  endloop
 endfacet
 facet normal -2.446729e-01 1.013450e-01 9.642947e-01
  outer loop
   vertex -2.736519e+00 2.719602e-01 1.077708e+01
   vertex -2.377505e+01 1.776921e+01 3.600000e+00
   vertex -2.750000e+00 3.367779e-16 1.080224e+01
  endloop
 endfacet
 facet normal -2.446701e-01 1.013464e-01 9.642953e-01
  outer loop
   vertex -2.361267e+01 1.824321e+01 3.591382e+00
   vertex -2.368808e+01 2.368808e+01 3.000000e+00
   vertex -2.377505e+01 1.776921e+01 3.600000e+00
  endloop
 endfacet
 facet normal -2.446718e-01 1.013464e-01 9.642949e-01
  outer loop
   vertex -3.350000e+01 4.102567e-15 3.000000e+00
   vertex -2.377505e+01 1.776921e+01 3.600000e+00
   vertex -2.368808e+01 2.368808e+01 3.000000e+00
  endloop
 endfacet
 facet normal -2.446718e-01 1.013463e-01 9.642949e-01
  outer loop
   vertex -2.368808e+01 2.368808e+01 3.000000e+00
   vertex -2.361267e+01 1.824321e+01 3.591382e+00
   vertex -2.339232e+01 1.869319e+01 3.600000e+00
  endloop
 endfacet
 facet normal -2.446717e-01 1.013466e-01 9.642949e-01
  outer loop
   vertex -2.629517e+00 8.050750e-01 1.074820e+01
   vertex -2.339232e+01 1.869319e+01 3.600000e+00
   vertex -2.377505e+01 1.776921e+01 3.600000e+00
  endloop
 endfacet
 facet normal -2.446719e-01 1.013463e-01 9.642949e-01
  outer loop
   vertex -2.339232e+01 1.869319e+01 3.600000e+00
   vertex -1.944544e+00 1.944544e+00 1.080224e+01
   vertex -2.368808e+01 2.368808e+01 3.000000e+00
  endloop
 endfacet
 facet normal -2.446725e-01 1.013455e-01 9.642948e-01
  outer loop
   vertex -2.736519e+00 2.719602e-01 1.077708e+01
   vertex -2.696264e+00 5.409832e-01 1.075902e+01
   vertex -2.377505e+01 1.776921e+01 3.600000e+00
  endloop
 endfacet
 facet normal -2.446728e-01 1.013453e-01 9.642948e-01
  outer loop
   vertex -2.339232e+01 1.869319e+01 3.600000e+00
   vertex -2.629517e+00 8.050750e-01 1.074820e+01
   vertex -2.536561e+00 1.062242e+00 1.074475e+01
  endloop
 endfacet
 facet normal -2.446710e-01 1.013475e-01 9.642950e-01
  outer loop
   vertex -2.377505e+01 1.776921e+01 3.600000e+00
   vertex -2.696264e+00 5.409832e-01 1.075902e+01
   vertex -2.629517e+00 8.050750e-01 1.074820e+01
  endloop
 endfacet
 facet normal -2.446717e-01 1.013465e-01 9.642949e-01
  outer loop
   vertex -2.339232e+01 1.869319e+01 3.600000e+00
   vertex -2.421057e+00 1.304220e+00 1.074863e+01
   vertex -2.283115e+00 1.532934e+00 1.075959e+01
  endloop
 endfacet
 facet normal -2.446715e-01 1.013468e-01 9.642949e-01
  outer loop
   vertex -2.339232e+01 1.869319e+01 3.600000e+00
   vertex -2.123892e+00 1.746877e+00 1.077751e+01
   vertex -1.944544e+00 1.944544e+00 1.080224e+01
  endloop
 endfacet
 facet normal -2.446722e-01 1.013460e-01 9.642948e-01
  outer loop
   vertex -2.339232e+01 1.869319e+01 3.600000e+00
   vertex -2.283115e+00 1.532934e+00 1.075959e+01
   vertex -2.123892e+00 1.746877e+00 1.077751e+01
  endloop
 endfacet
 facet normal -2.446702e-01 1.013484e-01 9.642951e-01
  outer loop
   vertex -2.339232e+01 1.869319e+01 3.600000e+00
   vertex -2.536561e+00 1.062242e+00 1.074475e+01
   vertex -2.421057e+00 1.304220e+00 1.074863e+01
  endloop
 endfacet
 facet normal -2.446703e-01 -1.013480e-01 9.642951e-01
  outer loop
   vertex -2.106268e+00 -1.768088e+00 1.077975e+01
   vertex -2.368808e+01 -2.368808e+01 3.000000e+00
   vertex -1.944544e+00 -1.944544e+00 1.080224e+01
  endloop
 endfacet
 facet normal -2.446718e-01 -1.013464e-01 9.642949e-01
  outer loop
   vertex -2.733691e+00 -2.990534e-01 1.077495e+01
   vertex -3.350000e+01 4.102567e-15 3.000000e+00
   vertex -2.368808e+01 -2.368808e+01 3.000000e+00
  endloop
 endfacet
 facet normal -2.446732e-01 -1.013450e-01 9.642947e-01
  outer loop
   vertex -2.106268e+00 -1.768088e+00 1.077975e+01
   vertex -2.252128e+00 -1.578109e+00 1.076271e+01
   vertex -2.368808e+01 -2.368808e+01 3.000000e+00
  endloop
 endfacet
 facet normal -2.446704e-01 -1.013478e-01 9.642951e-01
  outer loop
   vertex -2.252128e+00 -1.578109e+00 1.076271e+01
   vertex -2.381207e+00 -1.375632e+00 1.075124e+01
   vertex -2.368808e+01 -2.368808e+01 3.000000e+00
  endloop
 endfacet
 facet normal -2.446719e-01 -1.013463e-01 9.642949e-01
  outer loop
   vertex -2.368808e+01 -2.368808e+01 3.000000e+00
   vertex -2.492587e+00 -1.161684e+00 1.074546e+01
   vertex -2.604542e+00 -8.825362e-01 1.074639e+01
  endloop
 endfacet
 facet normal -2.446732e-01 -1.013450e-01 9.642947e-01
  outer loop
   vertex -2.368808e+01 -2.368808e+01 3.000000e+00
   vertex -2.381207e+00 -1.375632e+00 1.075124e+01
   vertex -2.492587e+00 -1.161684e+00 1.074546e+01
  endloop
 endfacet
 facet normal -2.446719e-01 -1.013442e-01 9.642951e-01
  outer loop
   vertex -3.350000e+01 4.102567e-15 3.000000e+00
   vertex -2.733691e+00 -2.990534e-01 1.077495e+01
   vertex -2.750000e+00 3.367779e-16 1.080224e+01
  endloop
 endfacet
 facet normal -2.446703e-01 -1.013478e-01 9.642951e-01
  outer loop
   vertex -2.368808e+01 -2.368808e+01 3.000000e+00
   vertex -2.685057e+00 -5.941124e-01 1.075628e+01
   vertex -2.733691e+00 -2.990534e-01 1.077495e+01
  endloop
 endfacet
 facet normal -2.446715e-01 -1.013467e-01 9.642949e-01
  outer loop
   vertex -2.368808e+01 -2.368808e+01 3.000000e+00
   vertex -2.604542e+00 -8.825362e-01 1.074639e+01
   vertex -2.685057e+00 -5.941124e-01 1.075628e+01
  endloop
 endfacet
 facet normal -1.013467e-01 -2.446722e-01 9.642947e-01
  outer loop
   vertex -4.268689e+00 -2.959742e+01 3.541572e+00
   vertex -6.153850e-15 -3.350000e+01 3.000000e+00
   vertex -3.834969e+00 -2.954680e+01 3.600000e+00
  endloop
 endfacet
 facet normal -1.013464e-01 -2.446718e-01 9.642949e-01
  outer loop
   vertex -5.051668e-16 -2.750000e+00 1.080224e+01
   vertex -3.834969e+00 -2.954680e+01 3.600000e+00
   vertex -6.153850e-15 -3.350000e+01 3.000000e+00
  endloop
 endfacet
 facet normal -1.013463e-01 -2.446717e-01 9.642949e-01
  outer loop
   vertex -4.751331e+00 -2.959800e+01 3.490699e+00
   vertex -6.153850e-15 -3.350000e+01 3.000000e+00
   vertex -4.268689e+00 -2.959742e+01 3.541572e+00
  endloop
 endfacet
 facet normal -1.013465e-01 -2.446719e-01 9.642948e-01
  outer loop
   vertex -6.153850e-15 -3.350000e+01 3.000000e+00
   vertex -4.751331e+00 -2.959800e+01 3.490699e+00
   vertex -5.229540e+00 -2.954064e+01 3.454995e+00
  endloop
 endfacet
 facet normal -1.013464e-01 -2.446718e-01 9.642949e-01
  outer loop
   vertex -6.888284e+00 -2.919166e+01 3.369210e+00
   vertex -6.153850e-15 -3.350000e+01 3.000000e+00
   vertex -5.698056e+00 -2.942600e+01 3.434841e+00
  endloop
 endfacet
 facet normal -1.013467e-01 -2.446726e-01 9.642946e-01
  outer loop
   vertex -6.398765e+00 -2.924890e+01 3.406134e+00
   vertex -5.698056e+00 -2.942600e+01 3.434841e+00
   vertex -6.151622e+00 -2.925480e+01 3.430613e+00
  endloop
 endfacet
 facet normal -1.013459e-01 -2.446712e-01 9.642951e-01
  outer loop
   vertex -6.153850e-15 -3.350000e+01 3.000000e+00
   vertex -5.229540e+00 -2.954064e+01 3.454995e+00
   vertex -5.698056e+00 -2.942600e+01 3.434841e+00
  endloop
 endfacet
 facet normal -1.013461e-01 -2.446699e-01 9.642954e-01
  outer loop
   vertex -6.398765e+00 -2.924890e+01 3.406134e+00
   vertex -6.644550e+00 -2.922781e+01 3.385654e+00
   vertex -5.698056e+00 -2.942600e+01 3.434841e+00
  endloop
 endfacet
 facet normal -1.013463e-01 -2.446719e-01 9.642949e-01
  outer loop
   vertex -4.982482e+00 -2.907148e+01 3.600000e+00
   vertex -5.051668e-16 -2.750000e+00 1.080224e+01
   vertex -6.334778e+00 -2.851134e+01 3.600000e+00
  endloop
 endfacet
 facet normal -1.013455e-01 -2.446671e-01 9.642962e-01
  outer loop
   vertex -5.698056e+00 -2.942600e+01 3.434841e+00
   vertex -6.644550e+00 -2.922781e+01 3.385654e+00
   vertex -6.888284e+00 -2.919166e+01 3.369210e+00
  endloop
 endfacet
 facet normal -1.013484e-01 -2.446750e-01 9.642939e-01
  outer loop
   vertex -6.153850e-15 -3.350000e+01 3.000000e+00
   vertex -7.129271e+00 -2.914058e+01 3.356841e+00
   vertex -7.366817e+00 -2.907473e+01 3.348585e+00
  endloop
 endfacet
 facet normal -1.013467e-01 -2.446723e-01 9.642947e-01
  outer loop
   vertex -6.153850e-15 -3.350000e+01 3.000000e+00
   vertex -6.888284e+00 -2.919166e+01 3.369210e+00
   vertex -7.129271e+00 -2.914058e+01 3.356841e+00
  endloop
 endfacet
 facet normal -1.013467e-01 -2.446718e-01 9.642949e-01
  outer loop
   vertex -5.051668e-16 -2.750000e+00 1.080224e+01
   vertex -4.982482e+00 -2.907148e+01 3.600000e+00
   vertex -3.834969e+00 -2.954680e+01 3.600000e+00
  endloop
 endfacet
 facet normal -1.013462e-01 -2.446715e-01 9.642950e-01
  outer loop
   vertex -8.783319e+00 -2.867850e+01 3.300248e+00
   vertex -6.153850e-15 -3.350000e+01 3.000000e+00
   vertex -7.366817e+00 -2.907473e+01 3.348585e+00
  endloop
 endfacet
 facet normal -1.013441e-01 -2.446665e-01 9.642965e-01
  outer loop
   vertex -8.298341e+00 -2.876774e+01 3.328576e+00
   vertex -7.828810e+00 -2.889921e+01 3.344565e+00
   vertex -8.051867e+00 -2.878982e+01 3.348878e+00
  endloop
 endfacet
 facet normal -1.013448e-01 -2.446644e-01 9.642969e-01
  outer loop
   vertex -8.542385e+00 -2.873057e+01 3.312359e+00
   vertex -7.600228e+00 -2.899422e+01 3.344481e+00
   vertex -7.828810e+00 -2.889921e+01 3.344565e+00
  endloop
 endfacet
 facet normal -1.013507e-01 -2.446910e-01 9.642896e-01
  outer loop
   vertex -7.828810e+00 -2.889921e+01 3.344565e+00
   vertex -8.298341e+00 -2.876774e+01 3.328576e+00
   vertex -8.542385e+00 -2.873057e+01 3.312359e+00
  endloop
 endfacet
 facet normal -1.013457e-01 -2.446705e-01 9.642953e-01
  outer loop
   vertex -6.153850e-15 -3.350000e+01 3.000000e+00
   vertex -8.783319e+00 -2.867850e+01 3.300248e+00
   vertex -9.020463e+00 -2.861173e+01 3.292265e+00
  endloop
 endfacet
 facet normal -1.013425e-01 -2.446561e-01 9.642993e-01
  outer loop
   vertex -7.600228e+00 -2.899422e+01 3.344481e+00
   vertex -8.542385e+00 -2.873057e+01 3.312359e+00
   vertex -8.783319e+00 -2.867850e+01 3.300248e+00
  endloop
 endfacet
 facet normal -1.013518e-01 -2.446923e-01 9.642891e-01
  outer loop
   vertex -7.366817e+00 -2.907473e+01 3.348585e+00
   vertex -7.600228e+00 -2.899422e+01 3.344481e+00
   vertex -8.783319e+00 -2.867850e+01 3.300248e+00
  endloop
 endfacet
 facet normal -1.013429e-01 -2.446626e-01 9.642976e-01
  outer loop
   vertex -1.033025e+01 -2.812805e+01 3.277334e+00
   vertex -9.480662e+00 -2.843488e+01 3.288772e+00
   vertex -9.702359e+00 -2.832518e+01 3.293305e+00
  endloop
 endfacet
 facet normal -1.013497e-01 -2.446818e-01 9.642920e-01
  outer loop
   vertex -1.053283e+01 -2.807527e+01 3.269435e+00
   vertex -9.253138e+00 -2.853046e+01 3.288432e+00
   vertex -9.480662e+00 -2.843488e+01 3.288772e+00
  endloop
 endfacet
 facet normal -1.013463e-01 -2.446732e-01 9.642945e-01
  outer loop
   vertex -9.702359e+00 -2.832518e+01 3.293305e+00
   vertex -9.917547e+00 -2.820156e+01 3.302056e+00
   vertex -1.012502e+01 -2.817019e+01 3.288211e+00
  endloop
 endfacet
 facet normal -1.013483e-01 -2.446777e-01 9.642932e-01
  outer loop
   vertex -9.480662e+00 -2.843488e+01 3.288772e+00
   vertex -1.033025e+01 -2.812805e+01 3.277334e+00
   vertex -1.053283e+01 -2.807527e+01 3.269435e+00
  endloop
 endfacet
 facet normal -1.013454e-01 -2.446709e-01 9.642952e-01
  outer loop
   vertex -9.702359e+00 -2.832518e+01 3.293305e+00
   vertex -1.012502e+01 -2.817019e+01 3.288211e+00
   vertex -1.033025e+01 -2.812805e+01 3.277334e+00
  endloop
 endfacet
 facet normal -1.013460e-01 -2.446711e-01 9.642951e-01
  outer loop
   vertex -1.073234e+01 -2.801197e+01 3.264527e+00
   vertex -6.153850e-15 -3.350000e+01 3.000000e+00
   vertex -9.253138e+00 -2.853046e+01 3.288432e+00
  endloop
 endfacet
 facet normal -1.013491e-01 -2.446767e-01 9.642934e-01
  outer loop
   vertex -6.153850e-15 -3.350000e+01 3.000000e+00
   vertex -9.020463e+00 -2.861173e+01 3.292265e+00
   vertex -9.253138e+00 -2.853046e+01 3.288432e+00
  endloop
 endfacet
 facet normal -1.013516e-01 -2.446874e-01 9.642904e-01
  outer loop
   vertex -1.053283e+01 -2.807527e+01 3.269435e+00
   vertex -1.073234e+01 -2.801197e+01 3.264527e+00
   vertex -9.253138e+00 -2.853046e+01 3.288432e+00
  endloop
 endfacet
 facet normal -1.013464e-01 -2.446718e-01 9.642949e-01
  outer loop
   vertex -5.051668e-16 -2.750000e+00 1.080224e+01
   vertex -1.314871e+01 -2.568892e+01 3.600000e+00
   vertex -7.819249e+00 -2.789646e+01 3.600000e+00
  endloop
 endfacet
 facet normal -1.013463e-01 -2.446718e-01 9.642949e-01
  outer loop
   vertex -6.334778e+00 -2.851134e+01 3.600000e+00
   vertex -5.051668e-16 -2.750000e+00 1.080224e+01
   vertex -7.819249e+00 -2.789646e+01 3.600000e+00
  endloop
 endfacet
 facet normal -1.013463e-01 -2.446717e-01 9.642949e-01
  outer loop
   vertex -6.153850e-15 -3.350000e+01 3.000000e+00
   vertex -1.092836e+01 -2.793829e+01 3.262621e+00
   vertex -2.368808e+01 -2.368808e+01 3.000000e+00
  endloop
 endfacet
 facet normal -1.013525e-01 -2.446863e-01 9.642906e-01
  outer loop
   vertex -1.254181e+01 -2.724991e+01 3.267713e+00
   vertex -1.112049e+01 -2.785434e+01 3.263729e+00
   vertex -1.130831e+01 -2.776025e+01 3.267864e+00
  endloop
 endfacet
 facet normal -1.013454e-01 -2.446689e-01 9.642957e-01
  outer loop
   vertex -2.368808e+01 -2.368808e+01 3.000000e+00
   vertex -1.092836e+01 -2.793829e+01 3.262621e+00
   vertex -1.112049e+01 -2.785434e+01 3.263729e+00
  endloop
 endfacet
 facet normal -1.013450e-01 -2.446726e-01 9.642948e-01
  outer loop
   vertex -5.051668e-16 -2.750000e+00 1.080224e+01
   vertex -2.719602e-01 -2.736519e+00 1.077708e+01
   vertex -1.314871e+01 -2.568892e+01 3.600000e+00
  endloop
 endfacet
 facet normal -1.013475e-01 -2.446712e-01 9.642949e-01
  outer loop
   vertex -5.409832e-01 -2.696264e+00 1.075902e+01
   vertex -8.050750e-01 -2.629517e+00 1.074820e+01
   vertex -1.314871e+01 -2.568892e+01 3.600000e+00
  endloop
 endfacet
 facet normal -1.013455e-01 -2.446723e-01 9.642948e-01
  outer loop
   vertex -5.409832e-01 -2.696264e+00 1.075902e+01
   vertex -1.314871e+01 -2.568892e+01 3.600000e+00
   vertex -2.719602e-01 -2.736519e+00 1.077708e+01
  endloop
 endfacet
 facet normal -1.013486e-01 -2.446707e-01 9.642949e-01
  outer loop
   vertex -1.304220e+00 -2.421057e+00 1.074863e+01
   vertex -1.314871e+01 -2.568892e+01 3.600000e+00
   vertex -1.062242e+00 -2.536561e+00 1.074475e+01
  endloop
 endfacet
 facet normal -1.013460e-01 -2.446722e-01 9.642948e-01
  outer loop
   vertex -1.746877e+00 -2.123892e+00 1.077751e+01
   vertex -2.368808e+01 -2.368808e+01 3.000000e+00
   vertex -1.532934e+00 -2.283115e+00 1.075959e+01
  endloop
 endfacet
 facet normal -1.013465e-01 -2.446717e-01 9.642949e-01
  outer loop
   vertex -1.532934e+00 -2.283115e+00 1.075959e+01
   vertex -2.368808e+01 -2.368808e+01 3.000000e+00
   vertex -1.304220e+00 -2.421057e+00 1.074863e+01
  endloop
 endfacet
 facet normal -1.013451e-01 -2.446725e-01 9.642948e-01
  outer loop
   vertex -1.062242e+00 -2.536561e+00 1.074475e+01
   vertex -1.314871e+01 -2.568892e+01 3.600000e+00
   vertex -8.050750e-01 -2.629517e+00 1.074820e+01
  endloop
 endfacet
 facet normal -1.013468e-01 -2.446715e-01 9.642949e-01
  outer loop
   vertex -1.944544e+00 -1.944544e+00 1.080224e+01
   vertex -2.368808e+01 -2.368808e+01 3.000000e+00
   vertex -1.746877e+00 -2.123892e+00 1.077751e+01
  endloop
 endfacet
 facet normal -1.013469e-01 -2.446718e-01 9.642948e-01
  outer loop
   vertex -1.214808e+01 -2.739211e+01 3.273013e+00
   vertex -1.149140e+01 -2.765614e+01 3.275037e+00
   vertex -1.174075e+01 -2.749255e+01 3.290338e+00
  endloop
 endfacet
 facet normal -1.013419e-01 -2.446608e-01 9.642981e-01
  outer loop
   vertex -1.214808e+01 -2.739211e+01 3.273013e+00
   vertex -1.254181e+01 -2.724991e+01 3.267713e+00
   vertex -1.130831e+01 -2.776025e+01 3.267864e+00
  endloop
 endfacet
 facet normal -1.013463e-01 -2.446706e-01 9.642952e-01
  outer loop
   vertex -1.236606e+01 -2.694157e+01 3.364420e+00
   vertex -1.336345e+01 -2.678233e+01 3.300000e+00
   vertex -1.212246e+01 -2.718432e+01 3.328427e+00
  endloop
 endfacet
 facet normal -1.013474e-01 -2.446741e-01 9.642942e-01
  outer loop
   vertex -1.336345e+01 -2.678233e+01 3.300000e+00
   vertex -1.185814e+01 -2.740585e+01 3.300000e+00
   vertex -1.212246e+01 -2.718432e+01 3.328427e+00
  endloop
 endfacet
 facet normal -1.013465e-01 -2.446721e-01 9.642948e-01
  outer loop
   vertex -2.368808e+01 -2.368808e+01 3.000000e+00
   vertex -1.254181e+01 -2.724991e+01 3.267713e+00
   vertex -1.291872e+01 -2.706723e+01 3.274451e+00
  endloop
 endfacet
 facet normal -1.013466e-01 -2.446724e-01 9.642947e-01
  outer loop
   vertex -1.112049e+01 -2.785434e+01 3.263729e+00
   vertex -1.254181e+01 -2.724991e+01 3.267713e+00
   vertex -2.368808e+01 -2.368808e+01 3.000000e+00
  endloop
 endfacet
 facet normal -1.013461e-01 -2.446723e-01 9.642948e-01
  outer loop
   vertex -1.336345e+01 -2.678233e+01 3.300000e+00
   vertex -1.278613e+01 -2.639829e+01 3.458116e+00
   vertex -1.298545e+01 -2.605202e+01 3.525029e+00
  endloop
 endfacet
 facet normal -1.013465e-01 -2.446718e-01 9.642949e-01
  outer loop
   vertex -1.258770e+01 -2.667906e+01 3.407731e+00
   vertex -1.278613e+01 -2.639829e+01 3.458116e+00
   vertex -1.336345e+01 -2.678233e+01 3.300000e+00
  endloop
 endfacet
 facet normal -1.013443e-01 -2.446649e-01 9.642968e-01
  outer loop
   vertex -2.368808e+01 -2.368808e+01 3.000000e+00
   vertex -1.327560e+01 -2.684535e+01 3.293242e+00
   vertex -1.336345e+01 -2.678233e+01 3.300000e+00
  endloop
 endfacet
 facet normal -1.013464e-01 -2.446720e-01 9.642948e-01
  outer loop
   vertex -1.336345e+01 -2.678233e+01 3.300000e+00
   vertex -1.314871e+01 -2.568892e+01 3.600000e+00
   vertex -2.368808e+01 -2.368808e+01 3.000000e+00
  endloop
 endfacet
 facet normal -1.013464e-01 -2.446718e-01 9.642949e-01
  outer loop
   vertex -1.304220e+00 -2.421057e+00 1.074863e+01
   vertex -2.368808e+01 -2.368808e+01 3.000000e+00
   vertex -1.314871e+01 -2.568892e+01 3.600000e+00
  endloop
 endfacet
 facet normal -1.013468e-01 -2.446720e-01 9.642948e-01
  outer loop
   vertex -1.336345e+01 -2.678233e+01 3.300000e+00
   vertex -1.298545e+01 -2.605202e+01 3.525029e+00
   vertex -1.314871e+01 -2.568892e+01 3.600000e+00
  endloop
 endfacet
 facet normal -1.013466e-01 -2.446727e-01 9.642946e-01
  outer loop
   vertex -1.291872e+01 -2.706723e+01 3.274451e+00
   vertex -1.327560e+01 -2.684535e+01 3.293242e+00
   vertex -2.368808e+01 -2.368808e+01 3.000000e+00
  endloop
 endfacet
 facet normal -1.013465e-01 -2.446719e-01 9.642949e-01
  outer loop
   vertex -1.258770e+01 -2.667906e+01 3.407731e+00
   vertex -1.336345e+01 -2.678233e+01 3.300000e+00
   vertex -1.236606e+01 -2.694157e+01 3.364420e+00
  endloop
 endfacet
 facet normal -1.013487e-01 -2.446763e-01 9.642935e-01
  outer loop
   vertex -1.214808e+01 -2.739211e+01 3.273013e+00
   vertex -1.130831e+01 -2.776025e+01 3.267864e+00
   vertex -1.149140e+01 -2.765614e+01 3.275037e+00
  endloop
 endfacet
 facet normal -1.013474e-01 -2.446738e-01 9.642943e-01
  outer loop
   vertex -1.073234e+01 -2.801197e+01 3.264527e+00
   vertex -1.092836e+01 -2.793829e+01 3.262621e+00
   vertex -6.153850e-15 -3.350000e+01 3.000000e+00
  endloop
 endfacet
 facet normal 1.013480e-01 -2.446703e-01 9.642951e-01
  outer loop
   vertex 1.768088e+00 -2.106268e+00 1.077975e+01
   vertex 2.368808e+01 -2.368808e+01 3.000000e+00
   vertex 1.944544e+00 -1.944544e+00 1.080224e+01
  endloop
 endfacet
 facet normal 1.013464e-01 -2.446718e-01 9.642949e-01
  outer loop
   vertex 2.990534e-01 -2.733691e+00 1.077495e+01
   vertex -6.153850e-15 -3.350000e+01 3.000000e+00
   vertex 2.368808e+01 -2.368808e+01 3.000000e+00
  endloop
 endfacet
 facet normal 1.013450e-01 -2.446732e-01 9.642947e-01
  outer loop
   vertex 1.768088e+00 -2.106268e+00 1.077975e+01
   vertex 1.578109e+00 -2.252128e+00 1.076271e+01
   vertex 2.368808e+01 -2.368808e+01 3.000000e+00
  endloop
 endfacet
 facet normal 1.013478e-01 -2.446704e-01 9.642951e-01
  outer loop
   vertex 1.578109e+00 -2.252128e+00 1.076271e+01
   vertex 1.375632e+00 -2.381207e+00 1.075124e+01
   vertex 2.368808e+01 -2.368808e+01 3.000000e+00
  endloop
 endfacet
 facet normal 1.013463e-01 -2.446719e-01 9.642949e-01
  outer loop
   vertex 2.368808e+01 -2.368808e+01 3.000000e+00
   vertex 1.161684e+00 -2.492587e+00 1.074546e+01
   vertex 8.825362e-01 -2.604542e+00 1.074639e+01
  endloop
 endfacet
 facet normal 1.013450e-01 -2.446732e-01 9.642947e-01
  outer loop
   vertex 2.368808e+01 -2.368808e+01 3.000000e+00
   vertex 1.375632e+00 -2.381207e+00 1.075124e+01
   vertex 1.161684e+00 -2.492587e+00 1.074546e+01
  endloop
 endfacet
 facet normal 1.013442e-01 -2.446719e-01 9.642951e-01
  outer loop
   vertex -6.153850e-15 -3.350000e+01 3.000000e+00
   vertex 2.990534e-01 -2.733691e+00 1.077495e+01
   vertex -5.051668e-16 -2.750000e+00 1.080224e+01
  endloop
 endfacet
 facet normal 1.013478e-01 -2.446703e-01 9.642951e-01
  outer loop
   vertex 2.368808e+01 -2.368808e+01 3.000000e+00
   vertex 5.941124e-01 -2.685057e+00 1.075628e+01
   vertex 2.990534e-01 -2.733691e+00 1.077495e+01
  endloop
 endfacet
 facet normal 1.013467e-01 -2.446715e-01 9.642949e-01
  outer loop
   vertex 2.368808e+01 -2.368808e+01 3.000000e+00
   vertex 8.825362e-01 -2.604542e+00 1.074639e+01
   vertex 5.941124e-01 -2.685057e+00 1.075628e+01
  endloop
 endfacet
 facet normal 2.446719e-01 -1.013450e-01 9.642950e-01
  outer loop
   vertex 2.736519e+00 -2.719602e-01 1.077708e+01
   vertex 3.350000e+01 0.000000e+00 3.000000e+00
   vertex 2.750000e+00 0.000000e+00 1.080224e+01
  endloop
 endfacet
 facet normal 2.446718e-01 -1.013464e-01 9.642949e-01
  outer loop
   vertex 2.123892e+00 -1.746877e+00 1.077751e+01
   vertex 2.368808e+01 -2.368808e+01 3.000000e+00
   vertex 3.350000e+01 0.000000e+00 3.000000e+00
  endloop
 endfacet
 facet normal 2.446719e-01 -1.013454e-01 9.642950e-01
  outer loop
   vertex 2.736519e+00 -2.719602e-01 1.077708e+01
   vertex 2.696264e+00 -5.409832e-01 1.075902e+01
   vertex 3.350000e+01 0.000000e+00 3.000000e+00
  endloop
 endfacet
 facet normal 2.446718e-01 -1.013477e-01 9.642947e-01
  outer loop
   vertex 2.696264e+00 -5.409832e-01 1.075902e+01
   vertex 2.629517e+00 -8.050750e-01 1.074820e+01
   vertex 3.350000e+01 0.000000e+00 3.000000e+00
  endloop
 endfacet
 facet normal 2.446719e-01 -1.013492e-01 9.642946e-01
  outer loop
   vertex 3.350000e+01 0.000000e+00 3.000000e+00
   vertex 2.536561e+00 -1.062242e+00 1.074475e+01
   vertex 2.421057e+00 -1.304220e+00 1.074863e+01
  endloop
 endfacet
 facet normal 2.446718e-01 -1.013449e-01 9.642950e-01
  outer loop
   vertex 3.350000e+01 0.000000e+00 3.000000e+00
   vertex 2.629517e+00 -8.050750e-01 1.074820e+01
   vertex 2.536561e+00 -1.062242e+00 1.074475e+01
  endloop
 endfacet
 facet normal 2.446715e-01 -1.013468e-01 9.642949e-01
  outer loop
   vertex 2.368808e+01 -2.368808e+01 3.000000e+00
   vertex 2.123892e+00 -1.746877e+00 1.077751e+01
   vertex 1.944544e+00 -1.944544e+00 1.080224e+01
  endloop
 endfacet
 facet normal 2.446718e-01 -1.013457e-01 9.642950e-01
  outer loop
   vertex 3.350000e+01 0.000000e+00 3.000000e+00
   vertex 2.283115e+00 -1.532934e+00 1.075959e+01
   vertex 2.123892e+00 -1.746877e+00 1.077751e+01
  endloop
 endfacet
 facet normal 2.446718e-01 -1.013466e-01 9.642949e-01
  outer loop
   vertex 3.350000e+01 0.000000e+00 3.000000e+00
   vertex 2.421057e+00 -1.304220e+00 1.074863e+01
   vertex 2.283115e+00 -1.532934e+00 1.075959e+01
  endloop
 endfacet
 facet normal 7.629044e-01 -6.321594e-02 -6.434133e-01
  outer loop
   vertex -2.750000e+00 -1.683889e-16 7.239286e+00
   vertex -7.000000e+00 -1.714506e-15 2.200000e+00
   vertex -2.712494e+00 4.526351e-01 7.239286e+00
  endloop
 endfacet
 facet normal 7.010418e-01 -3.075056e-01 -6.434133e-01
  outer loop
   vertex -2.600997e+00 8.929235e-01 7.239286e+00
   vertex -6.620721e+00 2.272896e+00 2.200000e+00
   vertex -6.156316e+00 3.331632e+00 2.200000e+00
  endloop
 endfacet
 facet normal 7.420943e-01 -1.879239e-01 -6.434133e-01
  outer loop
   vertex -2.712494e+00 4.526351e-01 7.239286e+00
   vertex -6.904529e+00 1.152162e+00 2.200000e+00
   vertex -2.600997e+00 8.929235e-01 7.239286e+00
  endloop
 endfacet
 facet normal 5.632107e-01 -5.184719e-01 -6.434133e-01
  outer loop
   vertex -2.170136e+00 1.689085e+00 7.239286e+00
   vertex -5.523983e+00 4.299489e+00 2.200000e+00
   vertex -4.740971e+00 5.150067e+00 2.200000e+00
  endloop
 endfacet
 facet normal 3.643468e-01 -6.732539e-01 -6.434133e-01
  outer loop
   vertex -1.504107e+00 2.302208e+00 7.239286e+00
   vertex -3.828637e+00 5.860165e+00 2.200000e+00
   vertex -1.104662e+00 2.518377e+00 7.239286e+00
  endloop
 endfacet
 facet normal 2.485636e-01 -7.240411e-01 -6.434133e-01
  outer loop
   vertex -1.104662e+00 2.518377e+00 7.239286e+00
   vertex -2.811868e+00 6.410413e+00 2.200000e+00
   vertex -6.750851e-01 2.665851e+00 7.239286e+00
  endloop
 endfacet
 facet normal 4.701914e-01 -6.041021e-01 -6.434133e-01
  outer loop
   vertex -1.862524e+00 2.023241e+00 7.239286e+00
   vertex -4.740971e+00 5.150067e+00 2.200000e+00
   vertex -3.828637e+00 5.860165e+00 2.200000e+00
  endloop
 endfacet
 facet normal 6.408669e-01 -4.186992e-01 -6.434133e-01
  outer loop
   vertex -2.418553e+00 1.308855e+00 7.239286e+00
   vertex -6.156316e+00 3.331632e+00 2.200000e+00
   vertex -2.170136e+00 1.689085e+00 7.239286e+00
  endloop
 endfacet
 facet normal 0.000000e+00 -7.655190e-01 -6.434133e-01
  outer loop
   vertex -2.270932e-01 2.740607e+00 7.239286e+00
   vertex -5.780554e-01 6.976091e+00 2.200000e+00
   vertex 5.780554e-01 6.976091e+00 2.200000e+00
  endloop
 endfacet
 facet normal -2.485636e-01 -7.240411e-01 -6.434133e-01
  outer loop
   vertex 1.104662e+00 2.518377e+00 7.239286e+00
   vertex 6.750851e-01 2.665851e+00 7.239286e+00
   vertex 2.811868e+00 6.410413e+00 2.200000e+00
  endloop
 endfacet
 facet normal -3.643468e-01 -6.732539e-01 -6.434133e-01
  outer loop
   vertex 1.504107e+00 2.302208e+00 7.239286e+00
   vertex 1.104662e+00 2.518377e+00 7.239286e+00
   vertex 3.828637e+00 5.860165e+00 2.200000e+00
  endloop
 endfacet
 facet normal -1.260003e-01 -7.550783e-01 -6.434133e-01
  outer loop
   vertex 2.270932e-01 2.740607e+00 7.239286e+00
   vertex 5.780554e-01 6.976091e+00 2.200000e+00
   vertex 6.750851e-01 2.665851e+00 7.239286e+00
  endloop
 endfacet
 facet normal -5.632105e-01 -5.184720e-01 -6.434133e-01
  outer loop
   vertex 2.170136e+00 1.689085e+00 7.239286e+00
   vertex 1.862524e+00 2.023241e+00 7.239286e+00
   vertex 4.740971e+00 5.150067e+00 2.200000e+00
  endloop
 endfacet
 facet normal -7.010419e-01 -3.075055e-01 -6.434133e-01
  outer loop
   vertex 2.600997e+00 8.929235e-01 7.239286e+00
   vertex 2.418553e+00 1.308855e+00 7.239286e+00
   vertex 6.156316e+00 3.331632e+00 2.200000e+00
  endloop
 endfacet
 facet normal -7.420943e-01 -1.879239e-01 -6.434133e-01
  outer loop
   vertex 2.712494e+00 4.526351e-01 7.239286e+00
   vertex 2.600997e+00 8.929235e-01 7.239286e+00
   vertex 6.904529e+00 1.152162e+00 2.200000e+00
  endloop
 endfacet
 facet normal -6.408669e-01 -4.186992e-01 -6.434133e-01
  outer loop
   vertex 2.418553e+00 1.308855e+00 7.239286e+00
   vertex 2.170136e+00 1.689085e+00 7.239286e+00
   vertex 6.156316e+00 3.331632e+00 2.200000e+00
  endloop
 endfacet
 facet normal -4.701914e-01 -6.041021e-01 -6.434133e-01
  outer loop
   vertex 1.862524e+00 2.023241e+00 7.239286e+00
   vertex 1.504107e+00 2.302208e+00 7.239286e+00
   vertex 3.828637e+00 5.860165e+00 2.200000e+00
  endloop
 endfacet
 facet normal 1.260002e-01 -7.550783e-01 -6.434133e-01
  outer loop
   vertex -6.750851e-01 2.665851e+00 7.239286e+00
   vertex -1.718398e+00 6.785802e+00 2.200000e+00
   vertex -5.780554e-01 6.976091e+00 2.200000e+00
  endloop
 endfacet
 facet normal -7.629044e-01 -6.321594e-02 -6.434133e-01
  outer loop
   vertex 2.750000e+00 1.683889e-16 7.239286e+00
   vertex 2.712494e+00 4.526351e-01 7.239286e+00
   vertex 7.000000e+00 0.000000e+00 2.200000e+00
  endloop
 endfacet
 facet normal -7.420943e-01 1.879239e-01 -6.434133e-01
  outer loop
   vertex 2.712494e+00 -4.526351e-01 7.239286e+00
   vertex 6.904529e+00 -1.152162e+00 2.200000e+00
   vertex 2.600997e+00 -8.929235e-01 7.239286e+00
  endloop
 endfacet
 facet normal -6.408669e-01 4.186992e-01 -6.434133e-01
  outer loop
   vertex 2.418553e+00 -1.308855e+00 7.239286e+00
   vertex 6.156316e+00 -3.331632e+00 2.200000e+00
   vertex 2.170136e+00 -1.689085e+00 7.239286e+00
  endloop
 endfacet
 facet normal -7.010418e-01 3.075056e-01 -6.434133e-01
  outer loop
   vertex 2.600997e+00 -8.929235e-01 7.239286e+00
   vertex 6.620721e+00 -2.272896e+00 2.200000e+00
   vertex 6.156316e+00 -3.331632e+00 2.200000e+00
  endloop
 endfacet
 facet normal -4.701914e-01 6.041021e-01 -6.434133e-01
  outer loop
   vertex 1.504107e+00 -2.302208e+00 7.239286e+00
   vertex 1.862524e+00 -2.023241e+00 7.239286e+00
   vertex 3.828637e+00 -5.860165e+00 2.200000e+00
  endloop
 endfacet
 facet normal -2.485636e-01 7.240411e-01 -6.434133e-01
  outer loop
   vertex 1.104662e+00 -2.518377e+00 7.239286e+00
   vertex 2.811868e+00 -6.410413e+00 2.200000e+00
   vertex 6.750851e-01 -2.665851e+00 7.239286e+00
  endloop
 endfacet
 facet normal -1.260002e-01 7.550783e-01 -6.434133e-01
  outer loop
   vertex 6.750851e-01 -2.665851e+00 7.239286e+00
   vertex 1.718398e+00 -6.785802e+00 2.200000e+00
   vertex 5.780554e-01 -6.976091e+00 2.200000e+00
  endloop
 endfacet
 facet normal -3.643468e-01 6.732539e-01 -6.434133e-01
  outer loop
   vertex 1.104662e+00 -2.518377e+00 7.239286e+00
   vertex 1.504107e+00 -2.302208e+00 7.239286e+00
   vertex 3.828637e+00 -5.860165e+00 2.200000e+00
  endloop
 endfacet
 facet normal -5.632107e-01 5.184719e-01 -6.434133e-01
  outer loop
   vertex 2.170136e+00 -1.689085e+00 7.239286e+00
   vertex 5.523983e+00 -4.299489e+00 2.200000e+00
   vertex 4.740971e+00 -5.150067e+00 2.200000e+00
  endloop
 endfacet
 facet normal 1.260003e-01 7.550783e-01 -6.434133e-01
  outer loop
   vertex -6.750851e-01 -2.665851e+00 7.239286e+00
   vertex -2.270932e-01 -2.740607e+00 7.239286e+00
   vertex -5.780554e-01 -6.976091e+00 2.200000e+00
  endloop
 endfacet
 facet normal 3.643469e-01 6.732538e-01 -6.434133e-01
  outer loop
   vertex -1.104662e+00 -2.518377e+00 7.239286e+00
   vertex -2.811868e+00 -6.410413e+00 2.200000e+00
   vertex -3.828637e+00 -5.860165e+00 2.200000e+00
  endloop
 endfacet
 facet normal 4.701914e-01 6.041021e-01 -6.434133e-01
  outer loop
   vertex -1.862524e+00 -2.023241e+00 7.239286e+00
   vertex -1.504107e+00 -2.302208e+00 7.239286e+00
   vertex -3.828637e+00 -5.860165e+00 2.200000e+00
  endloop
 endfacet
 facet normal 2.485636e-01 7.240410e-01 -6.434133e-01
  outer loop
   vertex -6.750851e-01 -2.665851e+00 7.239286e+00
   vertex -1.718398e+00 -6.785802e+00 2.200000e+00
   vertex -2.811868e+00 -6.410413e+00 2.200000e+00
  endloop
 endfacet
 facet normal 6.408669e-01 4.186992e-01 -6.434133e-01
  outer loop
   vertex -2.418553e+00 -1.308855e+00 7.239286e+00
   vertex -2.170136e+00 -1.689085e+00 7.239286e+00
   vertex -6.156316e+00 -3.331632e+00 2.200000e+00
  endloop
 endfacet
 facet normal 7.420943e-01 1.879237e-01 -6.434133e-01
  outer loop
   vertex -2.600997e+00 -8.929235e-01 7.239286e+00
   vertex -6.620721e+00 -2.272896e+00 2.200000e+00
   vertex -6.904529e+00 -1.152162e+00 2.200000e+00
  endloop
 endfacet
 facet normal 7.629044e-01 6.321594e-02 -6.434133e-01
  outer loop
   vertex -2.750000e+00 -1.683889e-16 7.239286e+00
   vertex -2.712494e+00 -4.526351e-01 7.239286e+00
   vertex -7.000000e+00 -1.714506e-15 2.200000e+00
  endloop
 endfacet
 facet normal 7.010419e-01 3.075055e-01 -6.434133e-01
  outer loop
   vertex -2.418553e+00 -1.308855e+00 7.239286e+00
   vertex -6.156316e+00 -3.331632e+00 2.200000e+00
   vertex -2.600997e+00 -8.929235e-01 7.239286e+00
  endloop
 endfacet
 facet normal 5.632105e-01 5.184720e-01 -6.434133e-01
  outer loop
   vertex -2.170136e+00 -1.689085e+00 7.239286e+00
   vertex -1.862524e+00 -2.023241e+00 7.239286e+00
   vertex -4.740971e+00 -5.150067e+00 2.200000e+00
  endloop
 endfacet
 facet normal 0.000000e+00 7.655190e-01 -6.434133e-01
  outer loop
   vertex 2.270932e-01 -2.740607e+00 7.239286e+00
   vertex 5.780554e-01 -6.976091e+00 2.200000e+00
   vertex -5.780554e-01 -6.976091e+00 2.200000e+00
  endloop
 endfacet
 facet normal -7.629044e-01 6.321594e-02 -6.434133e-01
  outer loop
   vertex 2.712494e+00 -4.526351e-01 7.239286e+00
   vertex 2.750000e+00 1.683889e-16 7.239286e+00
   vertex 7.000000e+00 0.000000e+00 2.200000e+00
  endloop
 endfacet
 facet normal -9.965845e-01 -8.257937e-02 2.333711e-16
  outer loop
   vertex 7.000000e+00 -6.217249e-15 0.000000e+00
   vertex 7.000000e+00 0.000000e+00 2.200000e+00
   vertex 6.904529e+00 1.152162e+00 0.000000e+00
  endloop
 endfacet
 facet normal -9.157733e-01 -4.016956e-01 0.000000e+00
  outer loop
   vertex 6.620721e+00 2.272896e+00 0.000000e+00
   vertex 6.620721e+00 2.272896e+00 2.200000e+00
   vertex 6.156316e+00 3.331632e+00 2.200000e+00
  endloop
 endfacet
 facet normal -9.694003e-01 -2.454853e-01 0.000000e+00
  outer loop
   vertex 6.904529e+00 1.152162e+00 0.000000e+00
   vertex 6.904529e+00 1.152162e+00 2.200000e+00
   vertex 6.620721e+00 2.272896e+00 2.200000e+00
  endloop
 endfacet
 facet normal -7.357240e-01 -6.772815e-01 0.000000e+00
  outer loop
   vertex 5.523983e+00 4.299489e+00 0.000000e+00
   vertex 5.523983e+00 4.299489e+00 2.200000e+00
   vertex 4.740971e+00 5.150067e+00 2.200000e+00
  endloop
 endfacet
 facet normal -4.759475e-01 -8.794737e-01 0.000000e+00
  outer loop
   vertex 3.828637e+00 5.860165e+00 0.000000e+00
   vertex 3.828637e+00 5.860165e+00 2.200000e+00
   vertex 2.811868e+00 6.410413e+00 2.200000e+00
  endloop
 endfacet
 facet normal -3.246995e-01 -9.458172e-01 0.000000e+00
  outer loop
   vertex 2.811868e+00 6.410413e+00 0.000000e+00
   vertex 2.811868e+00 6.410413e+00 2.200000e+00
   vertex 1.718398e+00 6.785802e+00 2.200000e+00
  endloop
 endfacet
 facet normal -6.142126e-01 -7.891406e-01 0.000000e+00
  outer loop
   vertex 4.740971e+00 5.150067e+00 0.000000e+00
   vertex 4.740971e+00 5.150067e+00 2.200000e+00
   vertex 3.828637e+00 5.860165e+00 2.200000e+00
  endloop
 endfacet
 facet normal -8.371665e-01 -5.469482e-01 0.000000e+00
  outer loop
   vertex 6.156316e+00 3.331632e+00 0.000000e+00
   vertex 6.156316e+00 3.331632e+00 2.200000e+00
   vertex 5.523983e+00 4.299489e+00 2.200000e+00
  endloop
 endfacet
 facet normal 0.000000e+00 -1.000000e+00 0.000000e+00
  outer loop
   vertex 5.780554e-01 6.976091e+00 0.000000e+00
   vertex 5.780554e-01 6.976091e+00 2.200000e+00
   vertex -5.780554e-01 6.976091e+00 2.200000e+00
  endloop
 endfacet
 facet normal 3.246995e-01 -9.458172e-01 0.000000e+00
  outer loop
   vertex -1.718398e+00 6.785802e+00 0.000000e+00
   vertex -1.718398e+00 6.785802e+00 2.200000e+00
   vertex -2.811868e+00 6.410413e+00 2.200000e+00
  endloop
 endfacet
 facet normal 4.759475e-01 -8.794737e-01 0.000000e+00
  outer loop
   vertex -2.811868e+00 6.410413e+00 0.000000e+00
   vertex -2.811868e+00 6.410413e+00 2.200000e+00
   vertex -3.828637e+00 5.860165e+00 2.200000e+00
  endloop
 endfacet
 facet normal 1.645945e-01 -9.863613e-01 0.000000e+00
  outer loop
   vertex -1.718398e+00 6.785802e+00 0.000000e+00
   vertex -5.780554e-01 6.976091e+00 0.000000e+00
   vertex -5.780554e-01 6.976091e+00 2.200000e+00
  endloop
 endfacet
 facet normal 7.357240e-01 -6.772815e-01 0.000000e+00
  outer loop
   vertex -4.740971e+00 5.150067e+00 0.000000e+00
   vertex -4.740971e+00 5.150067e+00 2.200000e+00
   vertex -5.523983e+00 4.299489e+00 2.200000e+00
  endloop
 endfacet
 facet normal 9.157733e-01 -4.016956e-01 0.000000e+00
  outer loop
   vertex -6.156316e+00 3.331632e+00 0.000000e+00
   vertex -6.156316e+00 3.331632e+00 2.200000e+00
   vertex -6.620721e+00 2.272896e+00 2.200000e+00
  endloop
 endfacet
 facet normal 9.694003e-01 -2.454853e-01 0.000000e+00
  outer loop
   vertex -6.620721e+00 2.272896e+00 0.000000e+00
   vertex -6.620721e+00 2.272896e+00 2.200000e+00
   vertex -6.904529e+00 1.152162e+00 2.200000e+00
  endloop
 endfacet
 facet normal 8.371665e-01 -5.469482e-01 0.000000e+00
  outer loop
   vertex -6.156316e+00 3.331632e+00 0.000000e+00
   vertex -5.523983e+00 4.299489e+00 0.000000e+00
   vertex -5.523983e+00 4.299489e+00 2.200000e+00
  endloop
 endfacet
 facet normal 6.142126e-01 -7.891406e-01 0.000000e+00
  outer loop
   vertex -3.828637e+00 5.860165e+00 0.000000e+00
   vertex -3.828637e+00 5.860165e+00 2.200000e+00
   vertex -4.740971e+00 5.150067e+00 2.200000e+00
  endloop
 endfacet
 facet normal -1.645945e-01 -9.863613e-01 0.000000e+00
  outer loop
   vertex 1.718398e+00 6.785802e+00 0.000000e+00
   vertex 1.718398e+00 6.785802e+00 2.200000e+00
   vertex 5.780554e-01 6.976091e+00 2.200000e+00
  endloop
 endfacet
 facet normal 9.965845e-01 -8.257937e-02 0.000000e+00
  outer loop
   vertex -7.000000e+00 0.000000e+00 0.000000e+00
   vertex -6.904529e+00 1.152162e+00 0.000000e+00
   vertex -6.904529e+00 1.152162e+00 2.200000e+00
  endloop
 endfacet
 facet normal 9.694003e-01 2.454853e-01 -0.000000e+00
  outer loop
   vertex -6.904529e+00 -1.152162e+00 0.000000e+00
   vertex -6.904529e+00 -1.152162e+00 2.200000e+00
   vertex -6.620721e+00 -2.272896e+00 2.200000e+00
  endloop
 endfacet
 facet normal 8.371665e-01 5.469482e-01 0.000000e+00
  outer loop
   vertex -5.523983e+00 -4.299489e+00 0.000000e+00
   vertex -6.156316e+00 -3.331632e+00 0.000000e+00
   vertex -6.156316e+00 -3.331632e+00 2.200000e+00
  endloop
 endfacet
 facet normal 9.157733e-01 4.016956e-01 -0.000000e+00
  outer loop
   vertex -6.620721e+00 -2.272896e+00 0.000000e+00
   vertex -6.620721e+00 -2.272896e+00 2.200000e+00
   vertex -6.156316e+00 -3.331632e+00 2.200000e+00
  endloop
 endfacet
 facet normal 6.142126e-01 7.891406e-01 0.000000e+00
  outer loop
   vertex -3.828637e+00 -5.860165e+00 0.000000e+00
   vertex -4.740971e+00 -5.150067e+00 0.000000e+00
   vertex -4.740971e+00 -5.150067e+00 2.200000e+00
  endloop
 endfacet
 facet normal 3.246995e-01 9.458172e-01 -0.000000e+00
  outer loop
   vertex -2.811868e+00 -6.410413e+00 0.000000e+00
   vertex -2.811868e+00 -6.410413e+00 2.200000e+00
   vertex -1.718398e+00 -6.785802e+00 2.200000e+00
  endloop
 endfacet
 facet normal 1.645945e-01 9.863613e-01 -0.000000e+00
  outer loop
   vertex -1.718398e+00 -6.785802e+00 0.000000e+00
   vertex -1.718398e+00 -6.785802e+00 2.200000e+00
   vertex -5.780554e-01 -6.976091e+00 2.200000e+00
  endloop
 endfacet
 facet normal 4.759475e-01 8.794737e-01 -0.000000e+00
  outer loop
   vertex -3.828637e+00 -5.860165e+00 0.000000e+00
   vertex -3.828637e+00 -5.860165e+00 2.200000e+00
   vertex -2.811868e+00 -6.410413e+00 2.200000e+00
  endloop
 endfacet
 facet normal 7.357240e-01 6.772815e-01 0.000000e+00
  outer loop
   vertex -4.740971e+00 -5.150067e+00 0.000000e+00
   vertex -5.523983e+00 -4.299489e+00 0.000000e+00
   vertex -5.523983e+00 -4.299489e+00 2.200000e+00
  endloop
 endfacet
 facet normal -1.645945e-01 9.863613e-01 0.000000e+00
  outer loop
   vertex 1.718398e+00 -6.785802e+00 0.000000e+00
   vertex 5.780554e-01 -6.976091e+00 0.000000e+00
   vertex 5.780554e-01 -6.976091e+00 2.200000e+00
  endloop
 endfacet
 facet normal -4.759475e-01 8.794737e-01 0.000000e+00
  outer loop
   vertex 3.828637e+00 -5.860165e+00 0.000000e+00
   vertex 2.811868e+00 -6.410413e+00 0.000000e+00
   vertex 2.811868e+00 -6.410413e+00 2.200000e+00
  endloop
 endfacet
 facet normal -6.142126e-01 7.891406e-01 0.000000e+00
  outer loop
   vertex 4.740971e+00 -5.150067e+00 0.000000e+00
   vertex 3.828637e+00 -5.860165e+00 0.000000e+00
   vertex 3.828637e+00 -5.860165e+00 2.200000e+00
  endloop
 endfacet
 facet normal -3.246995e-01 9.458172e-01 0.000000e+00
  outer loop
   vertex 2.811868e+00 -6.410413e+00 0.000000e+00
   vertex 1.718398e+00 -6.785802e+00 0.000000e+00
   vertex 1.718398e+00 -6.785802e+00 2.200000e+00
  endloop
 endfacet
 facet normal -8.371665e-01 5.469482e-01 0.000000e+00
  outer loop
   vertex 5.523983e+00 -4.299489e+00 0.000000e+00
   vertex 5.523983e+00 -4.299489e+00 2.200000e+00
   vertex 6.156316e+00 -3.331632e+00 2.200000e+00
  endloop
 endfacet
 facet normal -9.694003e-01 2.454853e-01 0.000000e+00
  outer loop
   vertex 6.620721e+00 -2.272896e+00 0.000000e+00
   vertex 6.620721e+00 -2.272896e+00 2.200000e+00
   vertex 6.904529e+00 -1.152162e+00 2.200000e+00
  endloop
 endfacet
 facet normal -9.965845e-01 8.257937e-02 0.000000e+00
  outer loop
   vertex 7.000000e+00 -6.217249e-15 0.000000e+00
   vertex 6.904529e+00 -1.152162e+00 0.000000e+00
   vertex 6.904529e+00 -1.152162e+00 2.200000e+00
  endloop
 endfacet
 facet normal -9.157733e-01 4.016956e-01 0.000000e+00
  outer loop
   vertex 6.156316e+00 -3.331632e+00 0.000000e+00
   vertex 6.156316e+00 -3.331632e+00 2.200000e+00
   vertex 6.620721e+00 -2.272896e+00 2.200000e+00
  endloop
 endfacet
 facet normal -7.357240e-01 6.772815e-01 0.000000e+00
  outer loop
   vertex 4.740971e+00 -5.150067e+00 0.000000e+00
   vertex 4.740971e+00 -5.150067e+00 2.200000e+00
   vertex 5.523983e+00 -4.299489e+00 2.200000e+00
  endloop
 endfacet
 facet normal 0.000000e+00 1.000000e+00 0.000000e+00
  outer loop
   vertex -5.780554e-01 -6.976091e+00 0.000000e+00
   vertex -5.780554e-01 -6.976091e+00 2.200000e+00
   vertex 5.780554e-01 -6.976091e+00 2.200000e+00
  endloop
 endfacet
 facet normal 9.965845e-01 8.257937e-02 0.000000e+00
  outer loop
   vertex -6.904529e+00 -1.152162e+00 2.200000e+00
   vertex -6.904529e+00 -1.152162e+00 0.000000e+00
   vertex -7.000000e+00 -1.714506e-15 2.200000e+00
  endloop
 endfacet
 facet normal -9.965817e-01 -8.257895e-02 2.387607e-03
  outer loop
   vertex 2.712494e+00 4.526351e-01 7.239286e+00
   vertex 2.750000e+00 1.683889e-16 7.239286e+00
   vertex 2.733691e+00 2.990534e-01 1.077495e+01
  endloop
 endfacet
 facet normal -9.693977e-01 -2.454849e-01 2.312612e-03
  outer loop
   vertex 2.600997e+00 8.929235e-01 7.239286e+00
   vertex 2.712494e+00 4.526351e-01 7.239286e+00
   vertex 2.685057e+00 5.941124e-01 1.075628e+01
  endloop
 endfacet
 facet normal -8.870075e-01 -4.617546e-01 -6.526062e-04
  outer loop
   vertex 2.381207e+00 1.375632e+00 1.075124e+01
   vertex 2.418553e+00 1.308855e+00 7.239286e+00
   vertex 2.492587e+00 1.161684e+00 1.074546e+01
  endloop
 endfacet
 facet normal -8.371644e-01 -5.469467e-01 2.254050e-03
  outer loop
   vertex 2.170136e+00 1.689085e+00 7.239286e+00
   vertex 2.418553e+00 1.308855e+00 7.239286e+00
   vertex 2.252128e+00 1.578109e+00 1.076271e+01
  endloop
 endfacet
 facet normal -9.157705e-01 -4.016942e-01 2.475758e-03
  outer loop
   vertex 2.492587e+00 1.161684e+00 1.074546e+01
   vertex 2.418553e+00 1.308855e+00 7.239286e+00
   vertex 2.600997e+00 8.929235e-01 7.239286e+00
  endloop
 endfacet
 facet normal -9.281374e-01 -3.722378e-01 -1.645634e-04
  outer loop
   vertex 2.604542e+00 8.825362e-01 1.074639e+01
   vertex 2.492587e+00 1.161684e+00 1.074546e+01
   vertex 2.600997e+00 8.929235e-01 7.239286e+00
  endloop
 endfacet
 facet normal -6.142109e-01 -7.891384e-01 2.372947e-03
  outer loop
   vertex 1.504107e+00 2.302208e+00 7.239286e+00
   vertex 1.862524e+00 2.023241e+00 7.239286e+00
   vertex 1.746877e+00 2.123892e+00 1.077751e+01
  endloop
 endfacet
 facet normal -7.357224e-01 -6.772804e-01 1.976839e-03
  outer loop
   vertex 1.862524e+00 2.023241e+00 7.239286e+00
   vertex 2.170136e+00 1.689085e+00 7.239286e+00
   vertex 1.944544e+00 1.944544e+00 1.080224e+01
  endloop
 endfacet
 facet normal -3.399259e-01 -9.404519e-01 7.650583e-04
  outer loop
   vertex 8.050750e-01 2.629517e+00 1.074820e+01
   vertex 1.104662e+00 2.518377e+00 7.239286e+00
   vertex 1.062242e+00 2.536561e+00 1.074475e+01
  endloop
 endfacet
 facet normal -1.645942e-01 -9.863588e-01 2.251779e-03
  outer loop
   vertex 6.750851e-01 2.665851e+00 7.239286e+00
   vertex 5.409832e-01 2.696264e+00 1.075902e+01
   vertex 2.270932e-01 2.740607e+00 7.239286e+00
  endloop
 endfacet
 facet normal -3.246986e-01 -9.458149e-01 2.235022e-03
  outer loop
   vertex 8.050750e-01 2.629517e+00 1.074820e+01
   vertex 6.750851e-01 2.665851e+00 7.239286e+00
   vertex 1.104662e+00 2.518377e+00 7.239286e+00
  endloop
 endfacet
 facet normal -4.759457e-01 -8.794706e-01 2.675294e-03
  outer loop
   vertex 1.304220e+00 2.421057e+00 1.074863e+01
   vertex 1.104662e+00 2.518377e+00 7.239286e+00
   vertex 1.504107e+00 2.302208e+00 7.239286e+00
  endloop
 endfacet
 facet normal -4.307681e-01 -9.024625e-01 -5.313212e-04
  outer loop
   vertex 1.104662e+00 2.518377e+00 7.239286e+00
   vertex 1.304220e+00 2.421057e+00 1.074863e+01
   vertex 1.062242e+00 2.536561e+00 1.074475e+01
  endloop
 endfacet
 facet normal -9.631762e-01 -2.688708e-01 1.769958e-04
  outer loop
   vertex 2.600997e+00 8.929235e-01 7.239286e+00
   vertex 2.685057e+00 5.941124e-01 1.075628e+01
   vertex 2.604542e+00 8.825362e-01 1.074639e+01
  endloop
 endfacet
 facet normal 1.645944e-01 -9.863600e-01 1.597009e-03
  outer loop
   vertex -6.750851e-01 2.665851e+00 7.239286e+00
   vertex -2.270932e-01 2.740607e+00 7.239286e+00
   vertex -5.941124e-01 2.685057e+00 1.075628e+01
  endloop
 endfacet
 facet normal 3.246982e-01 -9.458139e-01 2.672297e-03
  outer loop
   vertex -8.825362e-01 2.604542e+00 1.074639e+01
   vertex -1.104662e+00 2.518377e+00 7.239286e+00
   vertex -6.750851e-01 2.665851e+00 7.239286e+00
  endloop
 endfacet
 facet normal 4.759461e-01 -8.794713e-01 2.371877e-03
  outer loop
   vertex -1.504107e+00 2.302208e+00 7.239286e+00
   vertex -1.104662e+00 2.518377e+00 7.239286e+00
   vertex -1.375632e+00 2.381207e+00 1.075124e+01
  endloop
 endfacet
 facet normal 7.357224e-01 -6.772804e-01 1.976839e-03
  outer loop
   vertex -2.170136e+00 1.689085e+00 7.239286e+00
   vertex -1.862524e+00 2.023241e+00 7.239286e+00
   vertex -1.944544e+00 1.944544e+00 1.080224e+01
  endloop
 endfacet
 facet normal 4.617893e-01 -8.869891e-01 9.859521e-04
  outer loop
   vertex -1.375632e+00 2.381207e+00 1.075124e+01
   vertex -1.104662e+00 2.518377e+00 7.239286e+00
   vertex -1.161684e+00 2.492587e+00 1.074546e+01
  endloop
 endfacet
 facet normal 3.722394e-01 -9.281364e-01 -7.730844e-04
  outer loop
   vertex -8.825362e-01 2.604542e+00 1.074639e+01
   vertex -1.161684e+00 2.492587e+00 1.074546e+01
   vertex -1.104662e+00 2.518377e+00 7.239286e+00
  endloop
 endfacet
 facet normal 8.371637e-01 -5.469462e-01 2.606373e-03
  outer loop
   vertex -2.418553e+00 1.308855e+00 7.239286e+00
   vertex -2.170136e+00 1.689085e+00 7.239286e+00
   vertex -2.283115e+00 1.532934e+00 1.075959e+01
  endloop
 endfacet
 facet normal 6.142112e-01 -7.891388e-01 2.122820e-03
  outer loop
   vertex -1.862524e+00 2.023241e+00 7.239286e+00
   vertex -1.504107e+00 2.302208e+00 7.239286e+00
   vertex -1.768088e+00 2.106268e+00 1.077975e+01
  endloop
 endfacet
 facet normal 9.404448e-01 -3.399452e-01 -8.671577e-04
  outer loop
   vertex -2.629517e+00 8.050750e-01 1.074820e+01
   vertex -2.600997e+00 8.929235e-01 7.239286e+00
   vertex -2.536561e+00 1.062242e+00 1.074475e+01
  endloop
 endfacet
 facet normal 9.965813e-01 -8.257892e-02 2.550498e-03
  outer loop
   vertex -2.750000e+00 -1.683889e-16 7.239286e+00
   vertex -2.712494e+00 4.526351e-01 7.239286e+00
   vertex -2.736519e+00 2.719602e-01 1.077708e+01
  endloop
 endfacet
 facet normal 9.693988e-01 -2.454852e-01 1.733058e-03
  outer loop
   vertex -2.629517e+00 8.050750e-01 1.074820e+01
   vertex -2.712494e+00 4.526351e-01 7.239286e+00
   vertex -2.600997e+00 8.929235e-01 7.239286e+00
  endloop
 endfacet
 facet normal 9.157703e-01 -4.016941e-01 2.568939e-03
  outer loop
   vertex -2.418553e+00 1.308855e+00 7.239286e+00
   vertex -2.536561e+00 1.062242e+00 1.074475e+01
   vertex -2.600997e+00 8.929235e-01 7.239286e+00
  endloop
 endfacet
 facet normal 9.024588e-01 -4.307761e-01 7.486807e-05
  outer loop
   vertex -2.536561e+00 1.062242e+00 1.074475e+01
   vertex -2.418553e+00 1.308855e+00 7.239286e+00
   vertex -2.421057e+00 1.304220e+00 1.074863e+01
  endloop
 endfacet
 facet normal 0.000000e+00 -9.999965e-01 2.636214e-03
  outer loop
   vertex 1.683889e-16 2.750000e+00 1.080224e+01
   vertex -2.270932e-01 2.740607e+00 7.239286e+00
   vertex 2.270932e-01 2.740607e+00 7.239286e+00
  endloop
 endfacet
 facet normal 2.689059e-01 -9.631660e-01 -9.312485e-04
  outer loop
   vertex -8.825362e-01 2.604542e+00 1.074639e+01
   vertex -6.750851e-01 2.665851e+00 7.239286e+00
   vertex -5.941124e-01 2.685057e+00 1.075628e+01
  endloop
 endfacet
 facet normal -5.970623e-01 -8.021947e-01 5.383221e-04
  outer loop
   vertex 1.504107e+00 2.302208e+00 7.239286e+00
   vertex 1.746877e+00 2.123892e+00 1.077751e+01
   vertex 1.532934e+00 2.283115e+00 1.075959e+01
  endloop
 endfacet
 facet normal -8.431940e-01 -5.376080e-01 1.255603e-03
  outer loop
   vertex 2.252128e+00 1.578109e+00 1.076271e+01
   vertex 2.418553e+00 1.308855e+00 7.239286e+00
   vertex 2.381207e+00 1.375632e+00 1.075124e+01
  endloop
 endfacet
 facet normal -2.450724e-01 -9.695043e-01 -9.600788e-04
  outer loop
   vertex 5.409832e-01 2.696264e+00 1.075902e+01
   vertex 6.750851e-01 2.665851e+00 7.239286e+00
   vertex 8.050750e-01 2.629517e+00 1.074820e+01
  endloop
 endfacet
 facet normal -5.164436e-01 -8.563211e-01 -4.153951e-04
  outer loop
   vertex 1.532934e+00 2.283115e+00 1.075959e+01
   vertex 1.304220e+00 2.421057e+00 1.074863e+01
   vertex 1.504107e+00 2.302208e+00 7.239286e+00
  endloop
 endfacet
 facet normal -9.985162e-01 -5.445615e-02 -2.573656e-18
  outer loop
   vertex 2.750000e+00 1.683889e-16 7.239286e+00
   vertex 2.750000e+00 0.000000e+00 1.080224e+01
   vertex 2.733691e+00 2.990534e-01 1.077495e+01
  endloop
 endfacet
 facet normal -6.718964e-01 -7.406446e-01 -8.920055e-04
  outer loop
   vertex 1.862524e+00 2.023241e+00 7.239286e+00
   vertex 1.944544e+00 1.944544e+00 1.080224e+01
   vertex 1.746877e+00 2.123892e+00 1.077751e+01
  endloop
 endfacet
 facet normal -7.370962e-01 -6.757855e-01 1.782671e-03
  outer loop
   vertex 1.944544e+00 1.944544e+00 1.080224e+01
   vertex 2.170136e+00 1.689085e+00 7.239286e+00
   vertex 2.106268e+00 1.768088e+00 1.077975e+01
  endloop
 endfacet
 facet normal -7.932152e-01 -6.089410e-01 -7.212808e-04
  outer loop
   vertex 2.170136e+00 1.689085e+00 7.239286e+00
   vertex 2.252128e+00 1.578109e+00 1.076271e+01
   vertex 2.106268e+00 1.768088e+00 1.077975e+01
  endloop
 endfacet
 facet normal -1.479394e-01 -9.889962e-01 7.332790e-04
  outer loop
   vertex 5.409832e-01 2.696264e+00 1.075902e+01
   vertex 2.719602e-01 2.736519e+00 1.077708e+01
   vertex 2.270932e-01 2.740607e+00 7.239286e+00
  endloop
 endfacet
 facet normal -9.866744e-01 -1.627031e-01 -1.152214e-03
  outer loop
   vertex 2.712494e+00 4.526351e-01 7.239286e+00
   vertex 2.733691e+00 2.990534e-01 1.077495e+01
   vertex 2.685057e+00 5.941124e-01 1.075628e+01
  endloop
 endfacet
 facet normal 1.625472e-01 -9.866998e-01 1.378007e-03
  outer loop
   vertex -2.990534e-01 2.733691e+00 1.077495e+01
   vertex -5.941124e-01 2.685057e+00 1.075628e+01
   vertex -2.270932e-01 2.740607e+00 7.239286e+00
  endloop
 endfacet
 facet normal 8.022457e-01 -5.969936e-01 -7.342277e-04
  outer loop
   vertex -2.170136e+00 1.689085e+00 7.239286e+00
   vertex -2.123892e+00 1.746877e+00 1.077751e+01
   vertex -2.283115e+00 1.532934e+00 1.075959e+01
  endloop
 endfacet
 facet normal 5.375297e-01 -8.432445e-01 -6.958862e-04
  outer loop
   vertex -1.578109e+00 2.252128e+00 1.076271e+01
   vertex -1.504107e+00 2.302208e+00 7.239286e+00
   vertex -1.375632e+00 2.381207e+00 1.075124e+01
  endloop
 endfacet
 facet normal 8.563139e-01 -5.164557e-01 -7.121717e-05
  outer loop
   vertex -2.283115e+00 1.532934e+00 1.075959e+01
   vertex -2.421057e+00 1.304220e+00 1.074863e+01
   vertex -2.418553e+00 1.308855e+00 7.239286e+00
  endloop
 endfacet
 facet normal 9.695291e-01 -2.449706e-01 1.678288e-03
  outer loop
   vertex -2.712494e+00 4.526351e-01 7.239286e+00
   vertex -2.629517e+00 8.050750e-01 1.074820e+01
   vertex -2.696264e+00 5.409832e-01 1.075902e+01
  endloop
 endfacet
 facet normal -4.955799e-02 -9.987711e-01 -5.257118e-04
  outer loop
   vertex 2.270932e-01 2.740607e+00 7.239286e+00
   vertex 2.719602e-01 2.736519e+00 1.077708e+01
   vertex 1.683889e-16 2.750000e+00 1.080224e+01
  endloop
 endfacet
 facet normal 7.405079e-01 -6.720464e-01 1.298568e-03
  outer loop
   vertex -2.170136e+00 1.689085e+00 7.239286e+00
   vertex -1.944544e+00 1.944544e+00 1.080224e+01
   vertex -2.123892e+00 1.746877e+00 1.077751e+01
  endloop
 endfacet
 facet normal 6.756122e-01 -7.372568e-01 -7.316371e-04
  outer loop
   vertex -1.944544e+00 1.944544e+00 1.080224e+01
   vertex -1.862524e+00 2.023241e+00 7.239286e+00
   vertex -1.768088e+00 2.106268e+00 1.077975e+01
  endloop
 endfacet
 facet normal 6.090669e-01 -7.931174e-01 1.519065e-03
  outer loop
   vertex -1.504107e+00 2.302208e+00 7.239286e+00
   vertex -1.578109e+00 2.252128e+00 1.076271e+01
   vertex -1.768088e+00 2.106268e+00 1.077975e+01
  endloop
 endfacet
 facet normal 9.889806e-01 -1.480430e-01 -8.443667e-04
  outer loop
   vertex -2.736519e+00 2.719602e-01 1.077708e+01
   vertex -2.712494e+00 4.526351e-01 7.239286e+00
   vertex -2.696264e+00 5.409832e-01 1.075902e+01
  endloop
 endfacet
 facet normal 5.453288e-02 -9.985116e-01 -8.434825e-04
  outer loop
   vertex 1.683889e-16 2.750000e+00 1.080224e+01
   vertex -2.990534e-01 2.733691e+00 1.077495e+01
   vertex -2.270932e-01 2.740607e+00 7.239286e+00
  endloop
 endfacet
 facet normal 9.987737e-01 -4.950947e-02 6.705222e-18
  outer loop
   vertex -2.736519e+00 2.719602e-01 1.077708e+01
   vertex -2.750000e+00 3.367779e-16 1.080224e+01
   vertex -2.750000e+00 -1.683889e-16 7.239286e+00
  endloop
 endfacet
 facet normal 9.693977e-01 2.454849e-01 2.312612e-03
  outer loop
   vertex -2.600997e+00 -8.929235e-01 7.239286e+00
   vertex -2.712494e+00 -4.526351e-01 7.239286e+00
   vertex -2.685057e+00 -5.941124e-01 1.075628e+01
  endloop
 endfacet
 facet normal 9.157705e-01 4.016942e-01 2.475758e-03
  outer loop
   vertex -2.492587e+00 -1.161684e+00 1.074546e+01
   vertex -2.418553e+00 -1.308855e+00 7.239286e+00
   vertex -2.600997e+00 -8.929235e-01 7.239286e+00
  endloop
 endfacet
 facet normal 8.371644e-01 5.469467e-01 2.254050e-03
  outer loop
   vertex -2.170136e+00 -1.689085e+00 7.239286e+00
   vertex -2.418553e+00 -1.308855e+00 7.239286e+00
   vertex -2.252128e+00 -1.578109e+00 1.076271e+01
  endloop
 endfacet
 facet normal 6.142109e-01 7.891384e-01 2.372947e-03
  outer loop
   vertex -1.504107e+00 -2.302208e+00 7.239286e+00
   vertex -1.862524e+00 -2.023241e+00 7.239286e+00
   vertex -1.746877e+00 -2.123892e+00 1.077751e+01
  endloop
 endfacet
 facet normal 8.870075e-01 4.617546e-01 -6.526062e-04
  outer loop
   vertex -2.381207e+00 -1.375632e+00 1.075124e+01
   vertex -2.418553e+00 -1.308855e+00 7.239286e+00
   vertex -2.492587e+00 -1.161684e+00 1.074546e+01
  endloop
 endfacet
 facet normal 9.281374e-01 3.722378e-01 -1.645634e-04
  outer loop
   vertex -2.604542e+00 -8.825362e-01 1.074639e+01
   vertex -2.492587e+00 -1.161684e+00 1.074546e+01
   vertex -2.600997e+00 -8.929235e-01 7.239286e+00
  endloop
 endfacet
 facet normal 4.759457e-01 8.794706e-01 2.675294e-03
  outer loop
   vertex -1.104662e+00 -2.518377e+00 7.239286e+00
   vertex -1.504107e+00 -2.302208e+00 7.239286e+00
   vertex -1.304220e+00 -2.421057e+00 1.074863e+01
  endloop
 endfacet
 facet normal 7.357224e-01 6.772804e-01 1.976839e-03
  outer loop
   vertex -1.862524e+00 -2.023241e+00 7.239286e+00
   vertex -2.170136e+00 -1.689085e+00 7.239286e+00
   vertex -1.944544e+00 -1.944544e+00 1.080224e+01
  endloop
 endfacet
 facet normal 2.450724e-01 9.695043e-01 -9.600788e-04
  outer loop
   vertex -5.409832e-01 -2.696264e+00 1.075902e+01
   vertex -6.750851e-01 -2.665851e+00 7.239286e+00
   vertex -8.050750e-01 -2.629517e+00 1.074820e+01
  endloop
 endfacet
 facet normal 4.307681e-01 9.024625e-01 -5.313212e-04
  outer loop
   vertex -1.304220e+00 -2.421057e+00 1.074863e+01
   vertex -1.062242e+00 -2.536561e+00 1.074475e+01
   vertex -1.104662e+00 -2.518377e+00 7.239286e+00
  endloop
 endfacet
 facet normal 3.399259e-01 9.404519e-01 7.650583e-04
  outer loop
   vertex -8.050750e-01 -2.629517e+00 1.074820e+01
   vertex -1.104662e+00 -2.518377e+00 7.239286e+00
   vertex -1.062242e+00 -2.536561e+00 1.074475e+01
  endloop
 endfacet
 facet normal 1.645942e-01 9.863588e-01 2.251779e-03
  outer loop
   vertex -2.270932e-01 -2.740607e+00 7.239286e+00
   vertex -6.750851e-01 -2.665851e+00 7.239286e+00
   vertex -5.409832e-01 -2.696264e+00 1.075902e+01
  endloop
 endfacet
 facet normal 3.246986e-01 9.458149e-01 2.235022e-03
  outer loop
   vertex -6.750851e-01 -2.665851e+00 7.239286e+00
   vertex -1.104662e+00 -2.518377e+00 7.239286e+00
   vertex -8.050750e-01 -2.629517e+00 1.074820e+01
  endloop
 endfacet
 facet normal 9.631762e-01 2.688708e-01 1.769958e-04
  outer loop
   vertex -2.604542e+00 -8.825362e-01 1.074639e+01
   vertex -2.600997e+00 -8.929235e-01 7.239286e+00
   vertex -2.685057e+00 -5.941124e-01 1.075628e+01
  endloop
 endfacet
 facet normal -1.645944e-01 9.863600e-01 1.597009e-03
  outer loop
   vertex 6.750851e-01 -2.665851e+00 7.239286e+00
   vertex 2.270932e-01 -2.740607e+00 7.239286e+00
   vertex 5.941124e-01 -2.685057e+00 1.075628e+01
  endloop
 endfacet
 facet normal -3.246982e-01 9.458139e-01 2.672297e-03
  outer loop
   vertex 8.825362e-01 -2.604542e+00 1.074639e+01
   vertex 1.104662e+00 -2.518377e+00 7.239286e+00
   vertex 6.750851e-01 -2.665851e+00 7.239286e+00
  endloop
 endfacet
 facet normal -4.759461e-01 8.794713e-01 2.371877e-03
  outer loop
   vertex 1.504107e+00 -2.302208e+00 7.239286e+00
   vertex 1.104662e+00 -2.518377e+00 7.239286e+00
   vertex 1.375632e+00 -2.381207e+00 1.075124e+01
  endloop
 endfacet
 facet normal -7.357224e-01 6.772804e-01 1.976839e-03
  outer loop
   vertex 2.170136e+00 -1.689085e+00 7.239286e+00
   vertex 1.862524e+00 -2.023241e+00 7.239286e+00
   vertex 1.944544e+00 -1.944544e+00 1.080224e+01
  endloop
 endfacet
 facet normal -4.617893e-01 8.869891e-01 9.859521e-04
  outer loop
   vertex 1.375632e+00 -2.381207e+00 1.075124e+01
   vertex 1.104662e+00 -2.518377e+00 7.239286e+00
   vertex 1.161684e+00 -2.492587e+00 1.074546e+01
  endloop
 endfacet
 facet normal -3.722394e-01 9.281364e-01 -7.730844e-04
  outer loop
   vertex 8.825362e-01 -2.604542e+00 1.074639e+01
   vertex 1.161684e+00 -2.492587e+00 1.074546e+01
   vertex 1.104662e+00 -2.518377e+00 7.239286e+00
  endloop
 endfacet
 facet normal -8.371637e-01 5.469462e-01 2.606373e-03
  outer loop
   vertex 2.418553e+00 -1.308855e+00 7.239286e+00
   vertex 2.170136e+00 -1.689085e+00 7.239286e+00
   vertex 2.283115e+00 -1.532934e+00 1.075959e+01
  endloop
 endfacet
 facet normal -6.142112e-01 7.891388e-01 2.122820e-03
  outer loop
   vertex 1.862524e+00 -2.023241e+00 7.239286e+00
   vertex 1.504107e+00 -2.302208e+00 7.239286e+00
   vertex 1.768088e+00 -2.106268e+00 1.077975e+01
  endloop
 endfacet
 facet normal -9.404448e-01 3.399452e-01 -8.671577e-04
  outer loop
   vertex 2.629517e+00 -8.050750e-01 1.074820e+01
   vertex 2.600997e+00 -8.929235e-01 7.239286e+00
   vertex 2.536561e+00 -1.062242e+00 1.074475e+01
  endloop
 endfacet
 facet normal -9.965813e-01 8.257892e-02 2.550498e-03
  outer loop
   vertex 2.750000e+00 1.683889e-16 7.239286e+00
   vertex 2.712494e+00 -4.526351e-01 7.239286e+00
   vertex 2.736519e+00 -2.719602e-01 1.077708e+01
  endloop
 endfacet
 facet normal -9.693988e-01 2.454852e-01 1.733058e-03
  outer loop
   vertex 2.629517e+00 -8.050750e-01 1.074820e+01
   vertex 2.712494e+00 -4.526351e-01 7.239286e+00
   vertex 2.600997e+00 -8.929235e-01 7.239286e+00
  endloop
 endfacet
 facet normal -9.157703e-01 4.016941e-01 2.568939e-03
  outer loop
   vertex 2.418553e+00 -1.308855e+00 7.239286e+00
   vertex 2.536561e+00 -1.062242e+00 1.074475e+01
   vertex 2.600997e+00 -8.929235e-01 7.239286e+00
  endloop
 endfacet
 facet normal -2.689059e-01 9.631660e-01 -9.312485e-04
  outer loop
   vertex 6.750851e-01 -2.665851e+00 7.239286e+00
   vertex 5.941124e-01 -2.685057e+00 1.075628e+01
   vertex 8.825362e-01 -2.604542e+00 1.074639e+01
  endloop
 endfacet
 facet normal 0.000000e+00 9.999965e-01 2.636214e-03
  outer loop
   vertex 2.270932e-01 -2.740607e+00 7.239286e+00
   vertex -2.270932e-01 -2.740607e+00 7.239286e+00
   vertex -5.051668e-16 -2.750000e+00 1.080224e+01
  endloop
 endfacet
 facet normal -9.024588e-01 4.307761e-01 7.486807e-05
  outer loop
   vertex 2.418553e+00 -1.308855e+00 7.239286e+00
   vertex 2.421057e+00 -1.304220e+00 1.074863e+01
   vertex 2.536561e+00 -1.062242e+00 1.074475e+01
  endloop
 endfacet
 facet normal 8.431940e-01 5.376080e-01 1.255603e-03
  outer loop
   vertex -2.252128e+00 -1.578109e+00 1.076271e+01
   vertex -2.418553e+00 -1.308855e+00 7.239286e+00
   vertex -2.381207e+00 -1.375632e+00 1.075124e+01
  endloop
 endfacet
 facet normal 5.970623e-01 8.021947e-01 5.383221e-04
  outer loop
   vertex -1.746877e+00 -2.123892e+00 1.077751e+01
   vertex -1.532934e+00 -2.283115e+00 1.075959e+01
   vertex -1.504107e+00 -2.302208e+00 7.239286e+00
  endloop
 endfacet
 facet normal 6.718964e-01 7.406446e-01 -8.920055e-04
  outer loop
   vertex -1.746877e+00 -2.123892e+00 1.077751e+01
   vertex -1.862524e+00 -2.023241e+00 7.239286e+00
   vertex -1.944544e+00 -1.944544e+00 1.080224e+01
  endloop
 endfacet
 facet normal 5.164436e-01 8.563211e-01 -4.153951e-04
  outer loop
   vertex -1.532934e+00 -2.283115e+00 1.075959e+01
   vertex -1.304220e+00 -2.421057e+00 1.074863e+01
   vertex -1.504107e+00 -2.302208e+00 7.239286e+00
  endloop
 endfacet
 facet normal 9.985162e-01 5.445615e-02 -7.315416e-18
  outer loop
   vertex -2.733691e+00 -2.990534e-01 1.077495e+01
   vertex -2.750000e+00 -1.683889e-16 7.239286e+00
   vertex -2.750000e+00 3.367779e-16 1.080224e+01
  endloop
 endfacet
 facet normal 7.932152e-01 6.089410e-01 -7.212808e-04
  outer loop
   vertex -2.106268e+00 -1.768088e+00 1.077975e+01
   vertex -2.170136e+00 -1.689085e+00 7.239286e+00
   vertex -2.252128e+00 -1.578109e+00 1.076271e+01
  endloop
 endfacet
 facet normal 4.955799e-02 9.987711e-01 -5.257118e-04
  outer loop
   vertex -2.719602e-01 -2.736519e+00 1.077708e+01
   vertex -5.051668e-16 -2.750000e+00 1.080224e+01
   vertex -2.270932e-01 -2.740607e+00 7.239286e+00
  endloop
 endfacet
 facet normal 7.370962e-01 6.757855e-01 1.782671e-03
  outer loop
   vertex -2.170136e+00 -1.689085e+00 7.239286e+00
   vertex -2.106268e+00 -1.768088e+00 1.077975e+01
   vertex -1.944544e+00 -1.944544e+00 1.080224e+01
  endloop
 endfacet
 facet normal 1.479394e-01 9.889962e-01 7.332790e-04
  outer loop
   vertex -5.409832e-01 -2.696264e+00 1.075902e+01
   vertex -2.719602e-01 -2.736519e+00 1.077708e+01
   vertex -2.270932e-01 -2.740607e+00 7.239286e+00
  endloop
 endfacet
 facet normal 9.866744e-01 1.627031e-01 -1.152214e-03
  outer loop
   vertex -2.712494e+00 -4.526351e-01 7.239286e+00
   vertex -2.733691e+00 -2.990534e-01 1.077495e+01
   vertex -2.685057e+00 -5.941124e-01 1.075628e+01
  endloop
 endfacet
 facet normal -1.625472e-01 9.866998e-01 1.378007e-03
  outer loop
   vertex 2.990534e-01 -2.733691e+00 1.077495e+01
   vertex 5.941124e-01 -2.685057e+00 1.075628e+01
   vertex 2.270932e-01 -2.740607e+00 7.239286e+00
  endloop
 endfacet
 facet normal -8.022457e-01 5.969936e-01 -7.342277e-04
  outer loop
   vertex 2.170136e+00 -1.689085e+00 7.239286e+00
   vertex 2.123892e+00 -1.746877e+00 1.077751e+01
   vertex 2.283115e+00 -1.532934e+00 1.075959e+01
  endloop
 endfacet
 facet normal -5.375297e-01 8.432445e-01 -6.958862e-04
  outer loop
   vertex 1.578109e+00 -2.252128e+00 1.076271e+01
   vertex 1.504107e+00 -2.302208e+00 7.239286e+00
   vertex 1.375632e+00 -2.381207e+00 1.075124e+01
  endloop
 endfacet
 facet normal -8.563139e-01 5.164557e-01 -7.121717e-05
  outer loop
   vertex 2.283115e+00 -1.532934e+00 1.075959e+01
   vertex 2.421057e+00 -1.304220e+00 1.074863e+01
   vertex 2.418553e+00 -1.308855e+00 7.239286e+00
  endloop
 endfacet
 facet normal -9.695291e-01 2.449706e-01 1.678288e-03
  outer loop
   vertex 2.712494e+00 -4.526351e-01 7.239286e+00
   vertex 2.629517e+00 -8.050750e-01 1.074820e+01
   vertex 2.696264e+00 -5.409832e-01 1.075902e+01
  endloop
 endfacet
 facet normal -6.090669e-01 7.931174e-01 1.519065e-03
  outer loop
   vertex 1.768088e+00 -2.106268e+00 1.077975e+01
   vertex 1.504107e+00 -2.302208e+00 7.239286e+00
   vertex 1.578109e+00 -2.252128e+00 1.076271e+01
  endloop
 endfacet
 facet normal -7.405079e-01 6.720464e-01 1.298568e-03
  outer loop
   vertex 2.170136e+00 -1.689085e+00 7.239286e+00
   vertex 1.944544e+00 -1.944544e+00 1.080224e+01
   vertex 2.123892e+00 -1.746877e+00 1.077751e+01
  endloop
 endfacet
 facet normal -9.987737e-01 4.950947e-02 2.339870e-18
  outer loop
   vertex 2.750000e+00 0.000000e+00 1.080224e+01
   vertex 2.750000e+00 1.683889e-16 7.239286e+00
   vertex 2.736519e+00 -2.719602e-01 1.077708e+01
  endloop
 endfacet
 facet normal -6.756122e-01 7.372568e-01 -7.316371e-04
  outer loop
   vertex 1.862524e+00 -2.023241e+00 7.239286e+00
   vertex 1.768088e+00 -2.106268e+00 1.077975e+01
   vertex 1.944544e+00 -1.944544e+00 1.080224e+01
  endloop
 endfacet
 facet normal -9.889806e-01 1.480430e-01 -8.443667e-04
  outer loop
   vertex 2.736519e+00 -2.719602e-01 1.077708e+01
   vertex 2.712494e+00 -4.526351e-01 7.239286e+00
   vertex 2.696264e+00 -5.409832e-01 1.075902e+01
  endloop
 endfacet
 facet normal -5.453288e-02 9.985116e-01 -8.434825e-04
  outer loop
   vertex -5.051668e-16 -2.750000e+00 1.080224e+01
   vertex 2.990534e-01 -2.733691e+00 1.077495e+01
   vertex 2.270932e-01 -2.740607e+00 7.239286e+00
  endloop
 endfacet
 facet normal 9.965817e-01 8.257895e-02 2.387607e-03
  outer loop
   vertex -2.712494e+00 -4.526351e-01 7.239286e+00
   vertex -2.750000e+00 -1.683889e-16 7.239286e+00
   vertex -2.733691e+00 -2.990534e-01 1.077495e+01
  endloop
 endfacet
 facet normal 9.970587e-01 5.090949e-02 5.729074e-02
  outer loop
   vertex 2.190106e+01 2.266049e+00 2.644164e+00
   vertex 2.197792e+01 1.485688e+00 2.000000e+00
   vertex 2.191884e+01 2.642768e+00 2.000000e+00
  endloop
 endfacet
 facet normal 9.569403e-01 2.902847e-01 0.000000e+00
  outer loop
   vertex 2.220554e+01 7.353156e-01 2.000000e+00
   vertex 2.197792e+01 1.485688e+00 2.000000e+00
   vertex 2.197792e+01 1.485688e+00 3.300000e+00
  endloop
 endfacet
 facet normal 9.951848e-01 9.801667e-02 -0.000000e+00
  outer loop
   vertex 2.197792e+01 1.485688e+00 2.000000e+00
   vertex 2.190106e+01 2.266049e+00 2.644164e+00
   vertex 2.197792e+01 1.485688e+00 3.300000e+00
  endloop
 endfacet
 facet normal 8.819209e-01 4.713974e-01 0.000000e+00
  outer loop
   vertex 2.257518e+01 4.376838e-02 2.000000e+00
   vertex 2.220554e+01 7.353156e-01 2.000000e+00
   vertex 2.220554e+01 7.353156e-01 3.300000e+00
  endloop
 endfacet
 facet normal 9.988883e-01 -4.714032e-02 0.000000e+00
  outer loop
   vertex 2.191884e+01 2.642768e+00 2.650000e+00
   vertex 2.190106e+01 2.266049e+00 2.644164e+00
   vertex 2.191884e+01 2.642768e+00 2.000000e+00
  endloop
 endfacet
 facet normal 7.730102e-01 6.343936e-01 0.000000e+00
  outer loop
   vertex 2.307264e+01 -5.623778e-01 2.000000e+00
   vertex 2.257518e+01 4.376838e-02 2.000000e+00
   vertex 2.257518e+01 4.376838e-02 3.300000e+00
  endloop
 endfacet
 facet normal 4.713967e-01 8.819213e-01 0.000000e+00
  outer loop
   vertex 2.437033e+01 -1.429469e+00 2.000000e+00
   vertex 2.367878e+01 -1.059829e+00 2.000000e+00
   vertex 2.367878e+01 -1.059829e+00 3.300000e+00
  endloop
 endfacet
 facet normal 2.902849e-01 9.569403e-01 0.000000e+00
  outer loop
   vertex 2.512070e+01 -1.657092e+00 2.000000e+00
   vertex 2.437033e+01 -1.429469e+00 2.000000e+00
   vertex 2.437033e+01 -1.429469e+00 3.300000e+00
  endloop
 endfacet
 facet normal 6.343935e-01 7.730103e-01 0.000000e+00
  outer loop
   vertex 2.367878e+01 -1.059829e+00 2.000000e+00
   vertex 2.307264e+01 -5.623778e-01 2.000000e+00
   vertex 2.307264e+01 -5.623778e-01 3.300000e+00
  endloop
 endfacet
 facet normal 9.801715e-02 9.951847e-01 0.000000e+00
  outer loop
   vertex 2.590106e+01 -1.733951e+00 2.000000e+00
   vertex 2.512070e+01 -1.657092e+00 2.000000e+00
   vertex 2.512070e+01 -1.657092e+00 3.300000e+00
  endloop
 endfacet
 facet normal 9.988883e-01 -4.714032e-02 0.000000e+00
  outer loop
   vertex 2.191884e+01 2.642768e+00 3.300000e+00
   vertex 2.190106e+01 2.266049e+00 3.300000e+00
   vertex 2.191884e+01 2.642768e+00 2.650000e+00
  endloop
 endfacet
 facet normal -9.801715e-02 9.951847e-01 0.000000e+00
  outer loop
   vertex 2.590106e+01 -1.733951e+00 3.300000e+00
   vertex 2.668142e+01 -1.657092e+00 3.300000e+00
   vertex 2.668142e+01 -1.657092e+00 2.000000e+00
  endloop
 endfacet
 facet normal -2.902849e-01 9.569403e-01 0.000000e+00
  outer loop
   vertex 2.743180e+01 -1.429469e+00 2.000000e+00
   vertex 2.668142e+01 -1.657092e+00 2.000000e+00
   vertex 2.668142e+01 -1.657092e+00 3.300000e+00
  endloop
 endfacet
 facet normal -6.343935e-01 7.730103e-01 0.000000e+00
  outer loop
   vertex 2.872949e+01 -5.623778e-01 2.000000e+00
   vertex 2.812334e+01 -1.059829e+00 2.000000e+00
   vertex 2.812334e+01 -1.059829e+00 3.300000e+00
  endloop
 endfacet
 facet normal -7.730102e-01 6.343936e-01 0.000000e+00
  outer loop
   vertex 2.922694e+01 4.376838e-02 2.000000e+00
   vertex 2.872949e+01 -5.623778e-01 2.000000e+00
   vertex 2.872949e+01 -5.623778e-01 3.300000e+00
  endloop
 endfacet
 facet normal -4.713967e-01 8.819213e-01 0.000000e+00
  outer loop
   vertex 2.812334e+01 -1.059829e+00 2.000000e+00
   vertex 2.743180e+01 -1.429469e+00 2.000000e+00
   vertex 2.743180e+01 -1.429469e+00 3.300000e+00
  endloop
 endfacet
 facet normal -9.569403e-01 2.902847e-01 0.000000e+00
  outer loop
   vertex 2.982420e+01 1.485688e+00 2.000000e+00
   vertex 2.959658e+01 7.353156e-01 2.000000e+00
   vertex 2.959658e+01 7.353156e-01 3.300000e+00
  endloop
 endfacet
 facet normal -9.951848e-01 9.801667e-02 0.000000e+00
  outer loop
   vertex 2.982420e+01 1.485688e+00 2.000000e+00
   vertex 2.990106e+01 2.266049e+00 2.216667e+00
   vertex 2.990106e+01 2.266049e+00 2.000000e+00
  endloop
 endfacet
 facet normal -9.951848e-01 9.801667e-02 0.000000e+00
  outer loop
   vertex 2.982420e+01 1.485688e+00 2.000000e+00
   vertex 2.990106e+01 2.266049e+00 2.433333e+00
   vertex 2.990106e+01 2.266049e+00 2.216667e+00
  endloop
 endfacet
 facet normal -8.819209e-01 4.713974e-01 0.000000e+00
  outer loop
   vertex 2.959658e+01 7.353156e-01 2.000000e+00
   vertex 2.922694e+01 4.376838e-02 2.000000e+00
   vertex 2.922694e+01 4.376838e-02 3.300000e+00
  endloop
 endfacet
 facet normal -9.951848e-01 9.801667e-02 0.000000e+00
  outer loop
   vertex 2.990106e+01 2.266049e+00 2.650000e+00
   vertex 2.990106e+01 2.266049e+00 2.433333e+00
   vertex 2.982420e+01 1.485688e+00 2.000000e+00
  endloop
 endfacet
 facet normal -9.951848e-01 9.801667e-02 0.000000e+00
  outer loop
   vertex 2.982420e+01 1.485688e+00 3.300000e+00
   vertex 2.990106e+01 2.266049e+00 2.866667e+00
   vertex 2.990106e+01 2.266049e+00 2.650000e+00
  endloop
 endfacet
 facet normal -9.951848e-01 9.801667e-02 0.000000e+00
  outer loop
   vertex 2.982420e+01 1.485688e+00 3.300000e+00
   vertex 2.990106e+01 2.266049e+00 3.083333e+00
   vertex 2.990106e+01 2.266049e+00 2.866667e+00
  endloop
 endfacet
 facet normal -9.951848e-01 9.801667e-02 0.000000e+00
  outer loop
   vertex 2.990106e+01 2.266049e+00 3.083333e+00
   vertex 2.982420e+01 1.485688e+00 3.300000e+00
   vertex 2.990106e+01 2.266049e+00 3.300000e+00
  endloop
 endfacet
 facet normal -9.951848e-01 9.801667e-02 0.000000e+00
  outer loop
   vertex 2.990106e+01 2.266049e+00 2.650000e+00
   vertex 2.982420e+01 1.485688e+00 2.000000e+00
   vertex 2.982420e+01 1.485688e+00 3.300000e+00
  endloop
 endfacet
 facet normal -9.881693e-01 -1.533669e-01 -0.000000e+00
  outer loop
   vertex 2.961481e+01 4.763861e+00 2.774575e+00
   vertex 2.961481e+01 4.763861e+00 2.387288e+00
   vertex 2.967562e+01 4.372002e+00 2.387288e+00
  endloop
 endfacet
 facet normal -9.881693e-01 -1.533669e-01 -0.000000e+00
  outer loop
   vertex 2.961481e+01 4.763861e+00 3.161863e+00
   vertex 2.961481e+01 4.763861e+00 2.774575e+00
   vertex 2.967562e+01 4.372002e+00 2.774575e+00
  endloop
 endfacet
 facet normal -9.682626e-01 -2.499352e-01 -0.000000e+00
  outer loop
   vertex 2.951678e+01 5.143627e+00 2.774575e+00
   vertex 2.951678e+01 5.143627e+00 2.387288e+00
   vertex 2.961481e+01 4.763861e+00 2.387288e+00
  endloop
 endfacet
 facet normal -9.682626e-01 -2.499352e-01 -0.000000e+00
  outer loop
   vertex 2.951678e+01 5.143627e+00 3.161863e+00
   vertex 2.951678e+01 5.143627e+00 2.774575e+00
   vertex 2.961481e+01 4.763861e+00 2.774575e+00
  endloop
 endfacet
 facet normal -9.986382e-01 -5.217124e-02 0.000000e+00
  outer loop
   vertex 2.969740e+01 3.955208e+00 2.258192e+00
   vertex 2.967562e+01 4.372002e+00 2.387288e+00
   vertex 2.967562e+01 4.372002e+00 2.000000e+00
  endloop
 endfacet
 facet normal -9.986382e-01 -5.217124e-02 0.000000e+00
  outer loop
   vertex 2.967562e+01 4.372002e+00 2.774575e+00
   vertex 2.969740e+01 3.955208e+00 2.516384e+00
   vertex 2.969740e+01 3.955208e+00 2.774575e+00
  endloop
 endfacet
 facet normal -9.986382e-01 -5.217124e-02 -0.000000e+00
  outer loop
   vertex 2.969740e+01 3.955208e+00 2.516384e+00
   vertex 2.967562e+01 4.372002e+00 2.387288e+00
   vertex 2.969740e+01 3.955208e+00 2.258192e+00
  endloop
 endfacet
 facet normal -9.881693e-01 -1.533669e-01 0.000000e+00
  outer loop
   vertex 2.967562e+01 4.372002e+00 2.387288e+00
   vertex 2.961481e+01 4.763861e+00 2.387288e+00
   vertex 2.961481e+01 4.763861e+00 2.000000e+00
  endloop
 endfacet
 facet normal -9.986382e-01 -5.217124e-02 0.000000e+00
  outer loop
   vertex 2.969740e+01 3.955208e+00 2.516384e+00
   vertex 2.967562e+01 4.372002e+00 2.774575e+00
   vertex 2.967562e+01 4.372002e+00 2.387288e+00
  endloop
 endfacet
 facet normal -9.986382e-01 -5.217124e-02 0.000000e+00
  outer loop
   vertex 2.969740e+01 3.955208e+00 3.032767e+00
   vertex 2.967562e+01 4.372002e+00 3.161863e+00
   vertex 2.967562e+01 4.372002e+00 2.774575e+00
  endloop
 endfacet
 facet normal -9.987510e-01 -4.656973e-02 1.810386e-02
  outer loop
   vertex 2.967562e+01 4.372002e+00 3.161863e+00
   vertex 2.969740e+01 3.955208e+00 3.290959e+00
   vertex 2.969241e+01 4.154961e+00 3.529423e+00
  endloop
 endfacet
 facet normal -9.996879e-01 -2.498077e-02 0.000000e+00
  outer loop
   vertex 2.969740e+01 3.955208e+00 3.290959e+00
   vertex 2.969740e+01 3.955208e+00 3.549151e+00
   vertex 2.969241e+01 4.154961e+00 3.529423e+00
  endloop
 endfacet
 facet normal -9.986382e-01 -5.217124e-02 0.000000e+00
  outer loop
   vertex 2.967562e+01 4.372002e+00 3.161863e+00
   vertex 2.969740e+01 3.955208e+00 3.032767e+00
   vertex 2.969740e+01 3.955208e+00 3.290959e+00
  endloop
 endfacet
 facet normal -9.847970e-01 -1.737043e-01 1.316767e-03
  outer loop
   vertex 2.961798e+01 4.748345e+00 3.485945e+00
   vertex 2.961481e+01 4.763861e+00 3.161863e+00
   vertex 2.965264e+01 4.551900e+00 3.497795e+00
  endloop
 endfacet
 facet normal -9.880650e-01 -1.533507e-01 1.452724e-02
  outer loop
   vertex 2.965264e+01 4.551900e+00 3.497795e+00
   vertex 2.961481e+01 4.763861e+00 3.161863e+00
   vertex 2.967562e+01 4.372002e+00 3.161863e+00
  endloop
 endfacet
 facet normal -9.922120e-01 -1.245547e-01 -1.177286e-03
  outer loop
   vertex 2.967562e+01 4.372002e+00 3.161863e+00
   vertex 2.967747e+01 4.353981e+00 3.512296e+00
   vertex 2.965264e+01 4.551900e+00 3.497795e+00
  endloop
 endfacet
 facet normal -9.972037e-01 -7.471831e-02 1.411724e-03
  outer loop
   vertex 2.969241e+01 4.154961e+00 3.529423e+00
   vertex 2.967747e+01 4.353981e+00 3.512296e+00
   vertex 2.967562e+01 4.372002e+00 3.161863e+00
  endloop
 endfacet
 facet normal -9.682626e-01 -2.499352e-01 0.000000e+00
  outer loop
   vertex 2.951678e+01 5.143627e+00 2.000000e+00
   vertex 2.961481e+01 4.763861e+00 2.000000e+00
   vertex 2.961481e+01 4.763861e+00 2.387288e+00
  endloop
 endfacet
 facet normal -9.391297e-01 -3.435628e-01 0.000000e+00
  outer loop
   vertex 2.951678e+01 5.143627e+00 2.774575e+00
   vertex 2.938203e+01 5.511968e+00 2.732778e+00
   vertex 2.938203e+01 5.511968e+00 2.488519e+00
  endloop
 endfacet
 facet normal -9.391297e-01 -3.435628e-01 -0.000000e+00
  outer loop
   vertex 2.951678e+01 5.143627e+00 2.387288e+00
   vertex 2.938203e+01 5.511968e+00 2.244259e+00
   vertex 2.951678e+01 5.143627e+00 2.000000e+00
  endloop
 endfacet
 facet normal -9.391297e-01 -3.435628e-01 0.000000e+00
  outer loop
   vertex 2.951678e+01 5.143627e+00 2.387288e+00
   vertex 2.938203e+01 5.511968e+00 2.488519e+00
   vertex 2.938203e+01 5.511968e+00 2.244259e+00
  endloop
 endfacet
 facet normal -9.391297e-01 -3.435628e-01 -0.000000e+00
  outer loop
   vertex 2.938203e+01 5.511968e+00 2.977037e+00
   vertex 2.938203e+01 5.511968e+00 2.732778e+00
   vertex 2.951678e+01 5.143627e+00 2.774575e+00
  endloop
 endfacet
 facet normal -9.681505e-01 -2.499063e-01 1.521174e-02
  outer loop
   vertex 2.957353e+01 4.942945e+00 3.476770e+00
   vertex 2.951678e+01 5.143627e+00 3.161863e+00
   vertex 2.961481e+01 4.763861e+00 3.161863e+00
  endloop
 endfacet
 facet normal -9.625683e-01 -2.710383e-01 7.389095e-04
  outer loop
   vertex 2.951678e+01 5.143627e+00 3.161863e+00
   vertex 2.957353e+01 4.942945e+00 3.476770e+00
   vertex 2.951935e+01 5.135330e+00 3.470297e+00
  endloop
 endfacet
 facet normal -9.477999e-01 -3.188651e-01 -6.708441e-04
  outer loop
   vertex 2.951935e+01 5.135330e+00 3.470297e+00
   vertex 2.945550e+01 5.325128e+00 3.466551e+00
   vertex 2.951678e+01 5.143627e+00 3.161863e+00
  endloop
 endfacet
 facet normal -9.748803e-01 -2.227268e-01 -1.127170e-03
  outer loop
   vertex 2.961798e+01 4.748345e+00 3.485945e+00
   vertex 2.957353e+01 4.942945e+00 3.476770e+00
   vertex 2.961481e+01 4.763861e+00 3.161863e+00
  endloop
 endfacet
 facet normal -9.380754e-01 -3.459917e-01 1.744411e-02
  outer loop
   vertex 2.951678e+01 5.143627e+00 3.161863e+00
   vertex 2.945550e+01 5.325128e+00 3.466551e+00
   vertex 2.938203e+01 5.511968e+00 3.221297e+00
  endloop
 endfacet
 facet normal -9.306299e-01 -3.659618e-01 0.000000e+00
  outer loop
   vertex 2.938203e+01 5.511968e+00 3.221297e+00
   vertex 2.945550e+01 5.325128e+00 3.466551e+00
   vertex 2.938203e+01 5.511968e+00 3.465556e+00
  endloop
 endfacet
 facet normal -9.391297e-01 -3.435628e-01 0.000000e+00
  outer loop
   vertex 2.938203e+01 5.511968e+00 2.977037e+00
   vertex 2.951678e+01 5.143627e+00 3.161863e+00
   vertex 2.938203e+01 5.511968e+00 3.221297e+00
  endloop
 endfacet
 facet normal -9.391297e-01 -3.435628e-01 -0.000000e+00
  outer loop
   vertex 2.951678e+01 5.143627e+00 3.161863e+00
   vertex 2.938203e+01 5.511968e+00 2.977037e+00
   vertex 2.951678e+01 5.143627e+00 2.774575e+00
  endloop
 endfacet
 facet normal -9.838898e-01 -1.787758e-01 -0.000000e+00
  outer loop
   vertex 2.927153e+01 6.568059e+00 2.726499e+00
   vertex 2.927153e+01 6.568059e+00 2.363250e+00
   vertex 2.935391e+01 6.114638e+00 2.363250e+00
  endloop
 endfacet
 facet normal -9.838898e-01 -1.787758e-01 -0.000000e+00
  outer loop
   vertex 2.927153e+01 6.568059e+00 3.089749e+00
   vertex 2.927153e+01 6.568059e+00 2.726499e+00
   vertex 2.935391e+01 6.114638e+00 2.726499e+00
  endloop
 endfacet
 facet normal -9.569951e-01 -2.901042e-01 -0.000000e+00
  outer loop
   vertex 2.913941e+01 7.003871e+00 2.726499e+00
   vertex 2.913941e+01 7.003871e+00 2.363250e+00
   vertex 2.927153e+01 6.568059e+00 2.363250e+00
  endloop
 endfacet
 facet normal -9.569951e-01 -2.901042e-01 -0.000000e+00
  outer loop
   vertex 2.913941e+01 7.003871e+00 3.089749e+00
   vertex 2.913941e+01 7.003871e+00 2.726499e+00
   vertex 2.927153e+01 6.568059e+00 2.726499e+00
  endloop
 endfacet
 facet normal -9.981370e-01 -6.101262e-02 0.000000e+00
  outer loop
   vertex 2.938370e+01 5.627430e+00 2.242166e+00
   vertex 2.935391e+01 6.114638e+00 2.363250e+00
   vertex 2.935391e+01 6.114638e+00 2.000000e+00
  endloop
 endfacet
 facet normal -9.981370e-01 -6.101262e-02 0.000000e+00
  outer loop
   vertex 2.935391e+01 6.114638e+00 2.363250e+00
   vertex 2.938370e+01 5.627430e+00 2.242166e+00
   vertex 2.938370e+01 5.627430e+00 2.484333e+00
  endloop
 endfacet
 facet normal -9.981370e-01 -6.101262e-02 0.000000e+00
  outer loop
   vertex 2.935391e+01 6.114638e+00 2.363250e+00
   vertex 2.938370e+01 5.627430e+00 2.484333e+00
   vertex 2.935391e+01 6.114638e+00 2.726499e+00
  endloop
 endfacet
 facet normal -9.981370e-01 -6.101262e-02 0.000000e+00
  outer loop
   vertex 2.938370e+01 5.627430e+00 2.968666e+00
   vertex 2.935391e+01 6.114638e+00 3.089749e+00
   vertex 2.935391e+01 6.114638e+00 2.726499e+00
  endloop
 endfacet
 facet normal -9.981617e-01 -5.434795e-02 2.682303e-02
  outer loop
   vertex 2.935391e+01 6.114638e+00 3.089749e+00
   vertex 2.938370e+01 5.627430e+00 3.210832e+00
   vertex 2.937693e+01 5.860054e+00 3.430268e+00
  endloop
 endfacet
 facet normal -9.995769e-01 -2.908686e-02 0.000000e+00
  outer loop
   vertex 2.938370e+01 5.627430e+00 3.210832e+00
   vertex 2.938370e+01 5.627430e+00 3.452998e+00
   vertex 2.937693e+01 5.860054e+00 3.430268e+00
  endloop
 endfacet
 facet normal -9.981370e-01 -6.101262e-02 0.000000e+00
  outer loop
   vertex 2.935391e+01 6.114638e+00 3.089749e+00
   vertex 2.938370e+01 5.627430e+00 2.968666e+00
   vertex 2.938370e+01 5.627430e+00 3.210832e+00
  endloop
 endfacet
 facet normal -9.794285e-01 -2.017798e-01 2.188916e-03
  outer loop
   vertex 2.927625e+01 6.548304e+00 3.383477e+00
   vertex 2.927153e+01 6.568059e+00 3.089749e+00
   vertex 2.932309e+01 6.321072e+00 3.395474e+00
  endloop
 endfacet
 facet normal -9.836620e-01 -1.787344e-01 2.152075e-02
  outer loop
   vertex 2.932309e+01 6.321072e+00 3.395474e+00
   vertex 2.927153e+01 6.568059e+00 3.089749e+00
   vertex 2.935391e+01 6.114638e+00 3.089749e+00
  endloop
 endfacet
 facet normal -9.894451e-01 -1.448955e-01 -1.911140e-03
  outer loop
   vertex 2.935391e+01 6.114638e+00 3.089749e+00
   vertex 2.935669e+01 6.091462e+00 3.411082e+00
   vertex 2.932309e+01 6.321072e+00 3.395474e+00
  endloop
 endfacet
 facet normal -9.962112e-01 -8.693550e-02 2.327627e-03
  outer loop
   vertex 2.937693e+01 5.860054e+00 3.430268e+00
   vertex 2.935669e+01 6.091462e+00 3.411082e+00
   vertex 2.935391e+01 6.114638e+00 3.089749e+00
  endloop
 endfacet
 facet normal -9.838898e-01 -1.787758e-01 0.000000e+00
  outer loop
   vertex 2.935391e+01 6.114638e+00 2.363250e+00
   vertex 2.927153e+01 6.568059e+00 2.363250e+00
   vertex 2.927153e+01 6.568059e+00 2.000000e+00
  endloop
 endfacet
 facet normal -9.569951e-01 -2.901042e-01 0.000000e+00
  outer loop
   vertex 2.913941e+01 7.003871e+00 2.000000e+00
   vertex 2.927153e+01 6.568059e+00 2.000000e+00
   vertex 2.927153e+01 6.568059e+00 2.363250e+00
  endloop
 endfacet
 facet normal -9.178176e-01 -3.970023e-01 -0.000000e+00
  outer loop
   vertex 2.913941e+01 7.003871e+00 2.363250e+00
   vertex 2.895862e+01 7.421843e+00 2.274452e+00
   vertex 2.913941e+01 7.003871e+00 2.000000e+00
  endloop
 endfacet
 facet normal -9.178176e-01 -3.970023e-01 0.000000e+00
  outer loop
   vertex 2.895862e+01 7.421843e+00 2.274452e+00
   vertex 2.913941e+01 7.003871e+00 2.363250e+00
   vertex 2.895862e+01 7.421843e+00 2.548905e+00
  endloop
 endfacet
 facet normal -9.178176e-01 -3.970023e-01 -0.000000e+00
  outer loop
   vertex 2.895862e+01 7.421843e+00 2.823357e+00
   vertex 2.895862e+01 7.421843e+00 2.548905e+00
   vertex 2.913941e+01 7.003871e+00 2.726499e+00
  endloop
 endfacet
 facet normal -9.178176e-01 -3.970023e-01 0.000000e+00
  outer loop
   vertex 2.895862e+01 7.421843e+00 2.548905e+00
   vertex 2.913941e+01 7.003871e+00 2.363250e+00
   vertex 2.913941e+01 7.003871e+00 2.726499e+00
  endloop
 endfacet
 facet normal -9.567503e-01 -2.900300e-01 2.261529e-02
  outer loop
   vertex 2.921627e+01 6.772577e+00 3.375125e+00
   vertex 2.913941e+01 7.003871e+00 3.089749e+00
   vertex 2.927153e+01 6.568059e+00 3.089749e+00
  endloop
 endfacet
 facet normal -9.494265e-01 -3.139870e-01 1.225823e-03
  outer loop
   vertex 2.913941e+01 7.003871e+00 3.089749e+00
   vertex 2.921627e+01 6.772577e+00 3.375125e+00
   vertex 2.914327e+01 6.993311e+00 3.370449e+00
  endloop
 endfacet
 facet normal -9.295447e-01 -3.687077e-01 -1.105812e-03
  outer loop
   vertex 2.914327e+01 6.993311e+00 3.370449e+00
   vertex 2.905735e+01 7.209927e+00 3.369484e+00
   vertex 2.913941e+01 7.003871e+00 3.089749e+00
  endloop
 endfacet
 facet normal -9.660312e-01 -2.584189e-01 -1.836045e-03
  outer loop
   vertex 2.927625e+01 6.548304e+00 3.383477e+00
   vertex 2.921627e+01 6.772577e+00 3.375125e+00
   vertex 2.927153e+01 6.568059e+00 3.089749e+00
  endloop
 endfacet
 facet normal -9.173989e-01 -3.972744e-01 2.349992e-02
  outer loop
   vertex 2.913941e+01 7.003871e+00 3.089749e+00
   vertex 2.905735e+01 7.209927e+00 3.369484e+00
   vertex 2.895862e+01 7.421843e+00 3.097810e+00
  endloop
 endfacet
 facet normal -9.064550e-01 -4.223025e-01 0.000000e+00
  outer loop
   vertex 2.895862e+01 7.421843e+00 3.097810e+00
   vertex 2.905735e+01 7.209927e+00 3.369484e+00
   vertex 2.895862e+01 7.421843e+00 3.372262e+00
  endloop
 endfacet
 facet normal -9.178176e-01 -3.970023e-01 0.000000e+00
  outer loop
   vertex 2.895862e+01 7.421843e+00 2.823357e+00
   vertex 2.913941e+01 7.003871e+00 2.726499e+00
   vertex 2.913941e+01 7.003871e+00 3.089749e+00
  endloop
 endfacet
 facet normal -9.950046e-01 -9.982902e-02 -0.000000e+00
  outer loop
   vertex 2.743937e+01 7.605919e+00 1.000000e+00
   vertex 2.743937e+01 7.605919e+00 5.000000e-01
   vertex 2.745561e+01 7.444043e+00 5.000000e-01
  endloop
 endfacet
 facet normal -9.950046e-01 -9.982902e-02 -0.000000e+00
  outer loop
   vertex 2.743937e+01 7.605919e+00 1.500000e+00
   vertex 2.743937e+01 7.605919e+00 1.000000e+00
   vertex 2.745561e+01 7.444043e+00 1.000000e+00
  endloop
 endfacet
 facet normal -9.864503e-01 -1.640606e-01 -0.000000e+00
  outer loop
   vertex 2.741290e+01 7.765065e+00 1.000000e+00
   vertex 2.741290e+01 7.765065e+00 5.000000e-01
   vertex 2.743937e+01 7.605919e+00 5.000000e-01
  endloop
 endfacet
 facet normal -9.864503e-01 -1.640606e-01 -0.000000e+00
  outer loop
   vertex 2.741290e+01 7.765065e+00 1.500000e+00
   vertex 2.741290e+01 7.765065e+00 1.000000e+00
   vertex 2.743937e+01 7.605919e+00 1.000000e+00
  endloop
 endfacet
 facet normal -9.994315e-01 -3.371546e-02 0.000000e+00
  outer loop
   vertex 2.745561e+01 7.444043e+00 5.000000e-01
   vertex 2.746130e+01 7.275554e+00 0.000000e+00
   vertex 2.746130e+01 7.275554e+00 3.333333e-01
  endloop
 endfacet
 facet normal -9.994315e-01 -3.371546e-02 0.000000e+00
  outer loop
   vertex 2.745561e+01 7.444043e+00 5.000000e-01
   vertex 2.746130e+01 7.275554e+00 3.333333e-01
   vertex 2.746130e+01 7.275554e+00 6.666667e-01
  endloop
 endfacet
 facet normal -9.994315e-01 -3.371546e-02 -0.000000e+00
  outer loop
   vertex 2.746130e+01 7.275554e+00 1.000000e+00
   vertex 2.745561e+01 7.444043e+00 1.000000e+00
   vertex 2.746130e+01 7.275554e+00 6.666667e-01
  endloop
 endfacet
 facet normal -9.978050e-01 -6.535396e-02 1.067994e-02
  outer loop
   vertex 2.743994e+01 7.601649e+00 0.000000e+00
   vertex 2.746130e+01 7.275554e+00 0.000000e+00
   vertex 2.745561e+01 7.444043e+00 5.000000e-01
  endloop
 endfacet
 facet normal -9.994315e-01 -3.371546e-02 0.000000e+00
  outer loop
   vertex 2.745561e+01 7.444043e+00 1.500000e+00
   vertex 2.746130e+01 7.275554e+00 1.333333e+00
   vertex 2.746130e+01 7.275554e+00 1.666667e+00
  endloop
 endfacet
 facet normal -9.994315e-01 -3.371546e-02 0.000000e+00
  outer loop
   vertex 2.745561e+01 7.444043e+00 1.500000e+00
   vertex 2.746130e+01 7.275554e+00 1.666667e+00
   vertex 2.746130e+01 7.275554e+00 2.000000e+00
  endloop
 endfacet
 facet normal -9.950019e-01 -9.982875e-02 2.338518e-03
  outer loop
   vertex 2.744587e+01 7.552824e+00 2.000000e+00
   vertex 2.743937e+01 7.605919e+00 1.500000e+00
   vertex 2.745561e+01 7.444043e+00 1.500000e+00
  endloop
 endfacet
 facet normal -9.984295e-01 -5.553651e-02 -7.364582e-03
  outer loop
   vertex 2.746130e+01 7.275554e+00 2.000000e+00
   vertex 2.744587e+01 7.552824e+00 2.000000e+00
   vertex 2.745561e+01 7.444043e+00 1.500000e+00
  endloop
 endfacet
 facet normal -9.994315e-01 -3.371546e-02 0.000000e+00
  outer loop
   vertex 2.745561e+01 7.444043e+00 1.000000e+00
   vertex 2.746130e+01 7.275554e+00 1.000000e+00
   vertex 2.746130e+01 7.275554e+00 1.333333e+00
  endloop
 endfacet
 facet normal -9.950046e-01 -9.982902e-02 -2.748455e-04
  outer loop
   vertex 2.743994e+01 7.601649e+00 0.000000e+00
   vertex 2.745561e+01 7.444043e+00 5.000000e-01
   vertex 2.743937e+01 7.605919e+00 5.000000e-01
  endloop
 endfacet
 facet normal -9.864502e-01 -1.640606e-01 2.833325e-04
  outer loop
   vertex 2.743937e+01 7.605919e+00 5.000000e-01
   vertex 2.741290e+01 7.765065e+00 5.000000e-01
   vertex 2.743994e+01 7.601649e+00 0.000000e+00
  endloop
 endfacet
 facet normal -9.807555e-01 -1.949474e-01 1.068603e-02
  outer loop
   vertex 2.737623e+01 7.922172e+00 0.000000e+00
   vertex 2.743994e+01 7.601649e+00 0.000000e+00
   vertex 2.741290e+01 7.765065e+00 5.000000e-01
  endloop
 endfacet
 facet normal -9.738163e-01 -2.273362e-01 -0.000000e+00
  outer loop
   vertex 2.737623e+01 7.922172e+00 3.333333e-01
   vertex 2.737623e+01 7.922172e+00 0.000000e+00
   vertex 2.741290e+01 7.765065e+00 5.000000e-01
  endloop
 endfacet
 facet normal -9.738163e-01 -2.273362e-01 0.000000e+00
  outer loop
   vertex 2.741290e+01 7.765065e+00 5.000000e-01
   vertex 2.737623e+01 7.922172e+00 6.666667e-01
   vertex 2.737623e+01 7.922172e+00 3.333333e-01
  endloop
 endfacet
 facet normal -9.738163e-01 -2.273362e-01 0.000000e+00
  outer loop
   vertex 2.741290e+01 7.765065e+00 1.000000e+00
   vertex 2.737623e+01 7.922172e+00 1.000000e+00
   vertex 2.737623e+01 7.922172e+00 6.666667e-01
  endloop
 endfacet
 facet normal -9.889522e-01 -1.482067e-01 -2.877392e-03
  outer loop
   vertex 2.743937e+01 7.605919e+00 1.500000e+00
   vertex 2.744587e+01 7.552824e+00 2.000000e+00
   vertex 2.741800e+01 7.738809e+00 2.000000e+00
  endloop
 endfacet
 facet normal -9.738163e-01 -2.273362e-01 -0.000000e+00
  outer loop
   vertex 2.737623e+01 7.922172e+00 1.666667e+00
   vertex 2.737623e+01 7.922172e+00 1.333333e+00
   vertex 2.741290e+01 7.765065e+00 1.500000e+00
  endloop
 endfacet
 facet normal -9.738163e-01 -2.273362e-01 -0.000000e+00
  outer loop
   vertex 2.741290e+01 7.765065e+00 1.500000e+00
   vertex 2.737623e+01 7.922172e+00 1.333333e+00
   vertex 2.741290e+01 7.765065e+00 1.000000e+00
  endloop
 endfacet
 facet normal -9.750164e-01 -2.221330e-01 0.000000e+00
  outer loop
   vertex 2.737623e+01 7.922172e+00 1.666667e+00
   vertex 2.741800e+01 7.738809e+00 2.000000e+00
   vertex 2.737623e+01 7.922172e+00 2.000000e+00
  endloop
 endfacet
 facet normal -9.742597e-01 -2.254206e-01 -1.903319e-03
  outer loop
   vertex 2.741290e+01 7.765065e+00 1.500000e+00
   vertex 2.741800e+01 7.738809e+00 2.000000e+00
   vertex 2.737623e+01 7.922172e+00 1.666667e+00
  endloop
 endfacet
 facet normal 0.000000e+00 0.000000e+00 1.000000e+00
  outer loop
   vertex 2.201963e+01 1.083943e+01 2.000000e+00
   vertex 2.110613e+01 1.111480e+01 2.000000e+00
   vertex 2.173351e+01 1.041835e+01 2.000000e+00
  endloop
 endfacet
 facet normal 0.000000e+00 -0.000000e+00 1.000000e+00
  outer loop
   vertex 2.152017e+01 9.956112e+00 2.000000e+00
   vertex 2.173351e+01 1.041835e+01 2.000000e+00
   vertex 2.073649e+01 1.042326e+01 2.000000e+00
  endloop
 endfacet
 facet normal 0.000000e+00 0.000000e+00 1.000000e+00
  outer loop
   vertex 2.110613e+01 1.111480e+01 2.000000e+00
   vertex 2.073649e+01 1.042326e+01 2.000000e+00
   vertex 2.173351e+01 1.041835e+01 2.000000e+00
  endloop
 endfacet
 facet normal 0.000000e+00 0.000000e+00 1.000000e+00
  outer loop
   vertex 2.050887e+01 9.672885e+00 2.000000e+00
   vertex 2.152017e+01 9.956112e+00 2.000000e+00
   vertex 2.073649e+01 1.042326e+01 2.000000e+00
  endloop
 endfacet
 facet normal 0.000000e+00 0.000000e+00 1.000000e+00
  outer loop
   vertex 2.201963e+01 1.083943e+01 2.000000e+00
   vertex 2.160358e+01 1.172095e+01 2.000000e+00
   vertex 2.110613e+01 1.111480e+01 2.000000e+00
  endloop
 endfacet
 facet normal 0.000000e+00 0.000000e+00 1.000000e+00
  outer loop
   vertex 2.322897e+01 1.174957e+01 2.000000e+00
   vertex 2.220973e+01 1.221840e+01 2.000000e+00
   vertex 2.277758e+01 1.151414e+01 2.000000e+00
  endloop
 endfacet
 facet normal 0.000000e+00 0.000000e+00 1.000000e+00
  outer loop
   vertex 2.237081e+01 1.120801e+01 2.000000e+00
   vertex 2.160358e+01 1.172095e+01 2.000000e+00
   vertex 2.201963e+01 1.083943e+01 2.000000e+00
  endloop
 endfacet
 facet normal 0.000000e+00 0.000000e+00 1.000000e+00
  outer loop
   vertex 2.277758e+01 1.151414e+01 2.000000e+00
   vertex 2.160358e+01 1.172095e+01 2.000000e+00
   vertex 2.237081e+01 1.120801e+01 2.000000e+00
  endloop
 endfacet
 facet normal 0.000000e+00 0.000000e+00 1.000000e+00
  outer loop
   vertex 2.322897e+01 1.174957e+01 2.000000e+00
   vertex 2.290127e+01 1.258804e+01 2.000000e+00
   vertex 2.220973e+01 1.221840e+01 2.000000e+00
  endloop
 endfacet
 facet normal 0.000000e+00 0.000000e+00 1.000000e+00
  outer loop
   vertex 2.277758e+01 1.151414e+01 2.000000e+00
   vertex 2.220973e+01 1.221840e+01 2.000000e+00
   vertex 2.160358e+01 1.172095e+01 2.000000e+00
  endloop
 endfacet
 facet normal 0.000000e+00 0.000000e+00 1.000000e+00
  outer loop
   vertex 2.043201e+01 8.892524e+00 2.000000e+00
   vertex 2.046716e+01 8.363427e+00 2.000000e+00
   vertex 2.114025e+01 8.458603e+00 2.000000e+00
  endloop
 endfacet
 facet normal 0.000000e+00 -0.000000e+00 1.000000e+00
  outer loop
   vertex 2.074464e+01 7.342263e+00 2.000000e+00
   vertex 2.096335e+01 7.403790e+00 2.000000e+00
   vertex 2.057198e+01 7.843629e+00 2.000000e+00
  endloop
 endfacet
 facet normal 0.000000e+00 -0.000000e+00 1.000000e+00
  outer loop
   vertex 2.057198e+01 7.843629e+00 2.000000e+00
   vertex 2.101639e+01 7.937136e+00 2.000000e+00
   vertex 2.046716e+01 8.363427e+00 2.000000e+00
  endloop
 endfacet
 facet normal 0.000000e+00 0.000000e+00 1.000000e+00
  outer loop
   vertex 2.138536e+01 9.465193e+00 2.000000e+00
   vertex 2.050887e+01 9.672885e+00 2.000000e+00
   vertex 2.043201e+01 8.892524e+00 2.000000e+00
  endloop
 endfacet
 facet normal 0.000000e+00 -0.000000e+00 1.000000e+00
  outer loop
   vertex 2.114025e+01 8.458603e+00 2.000000e+00
   vertex 2.133272e+01 8.958830e+00 2.000000e+00
   vertex 2.043201e+01 8.892524e+00 2.000000e+00
  endloop
 endfacet
 facet normal 0.000000e+00 0.000000e+00 1.000000e+00
  outer loop
   vertex 2.138536e+01 9.465193e+00 2.000000e+00
   vertex 2.043201e+01 8.892524e+00 2.000000e+00
   vertex 2.133272e+01 8.958830e+00 2.000000e+00
  endloop
 endfacet
 facet normal -0.000000e+00 0.000000e+00 1.000000e+00
  outer loop
   vertex 2.057198e+01 7.843629e+00 2.000000e+00
   vertex 2.096335e+01 7.403790e+00 2.000000e+00
   vertex 2.101639e+01 7.937136e+00 2.000000e+00
  endloop
 endfacet
 facet normal -0.000000e+00 0.000000e+00 1.000000e+00
  outer loop
   vertex 2.074464e+01 7.342263e+00 2.000000e+00
   vertex 2.098210e+01 6.868142e+00 2.000000e+00
   vertex 2.096335e+01 7.403790e+00 2.000000e+00
  endloop
 endfacet
 facet normal -0.000000e+00 0.000000e+00 1.000000e+00
  outer loop
   vertex 2.046716e+01 8.363427e+00 2.000000e+00
   vertex 2.101639e+01 7.937136e+00 2.000000e+00
   vertex 2.114025e+01 8.458603e+00 2.000000e+00
  endloop
 endfacet
 facet normal 0.000000e+00 -0.000000e+00 1.000000e+00
  outer loop
   vertex 2.138536e+01 9.465193e+00 2.000000e+00
   vertex 2.152017e+01 9.956112e+00 2.000000e+00
   vertex 2.050887e+01 9.672885e+00 2.000000e+00
  endloop
 endfacet
 facet normal 0.000000e+00 -0.000000e+00 1.000000e+00
  outer loop
   vertex 2.421603e+01 1.198499e+01 2.000000e+00
   vertex 2.443201e+01 1.289252e+01 2.000000e+00
   vertex 2.365165e+01 1.281567e+01 2.000000e+00
  endloop
 endfacet
 facet normal 0.000000e+00 0.000000e+00 1.000000e+00
  outer loop
   vertex 2.365165e+01 1.281567e+01 2.000000e+00
   vertex 2.371280e+01 1.190794e+01 2.000000e+00
   vertex 2.421603e+01 1.198499e+01 2.000000e+00
  endloop
 endfacet
 facet normal 0.000000e+00 0.000000e+00 1.000000e+00
  outer loop
   vertex 2.443201e+01 1.289252e+01 2.000000e+00
   vertex 2.421603e+01 1.198499e+01 2.000000e+00
   vertex 2.472508e+01 1.197864e+01 2.000000e+00
  endloop
 endfacet
 facet normal 0.000000e+00 -0.000000e+00 1.000000e+00
  outer loop
   vertex 2.472508e+01 1.197864e+01 2.000000e+00
   vertex 2.516227e+01 1.282530e+01 2.000000e+00
   vertex 2.443201e+01 1.289252e+01 2.000000e+00
  endloop
 endfacet
 facet normal 0.000000e+00 0.000000e+00 1.000000e+00
  outer loop
   vertex 2.290127e+01 1.258804e+01 2.000000e+00
   vertex 2.322897e+01 1.174957e+01 2.000000e+00
   vertex 2.371280e+01 1.190794e+01 2.000000e+00
  endloop
 endfacet
 facet normal 0.000000e+00 -0.000000e+00 1.000000e+00
  outer loop
   vertex 2.522623e+01 1.188906e+01 2.000000e+00
   vertex 2.586799e+01 1.262588e+01 2.000000e+00
   vertex 2.516227e+01 1.282530e+01 2.000000e+00
  endloop
 endfacet
 facet normal 0.000000e+00 0.000000e+00 1.000000e+00
  outer loop
   vertex 2.586799e+01 1.262588e+01 2.000000e+00
   vertex 2.570596e+01 1.171866e+01 2.000000e+00
   vertex 2.652544e+01 1.230097e+01 2.000000e+00
  endloop
 endfacet
 facet normal -0.000000e+00 0.000000e+00 1.000000e+00
  outer loop
   vertex 2.522623e+01 1.188906e+01 2.000000e+00
   vertex 2.570596e+01 1.171866e+01 2.000000e+00
   vertex 2.586799e+01 1.262588e+01 2.000000e+00
  endloop
 endfacet
 facet normal -0.000000e+00 0.000000e+00 1.000000e+00
  outer loop
   vertex 2.472508e+01 1.197864e+01 2.000000e+00
   vertex 2.522623e+01 1.188906e+01 2.000000e+00
   vertex 2.516227e+01 1.282530e+01 2.000000e+00
  endloop
 endfacet
 facet normal 0.000000e+00 0.000000e+00 1.000000e+00
  outer loop
   vertex 2.652544e+01 1.230097e+01 2.000000e+00
   vertex 2.615133e+01 1.147204e+01 2.000000e+00
   vertex 2.711253e+01 1.186150e+01 2.000000e+00
  endloop
 endfacet
 facet normal 0.000000e+00 -0.000000e+00 1.000000e+00
  outer loop
   vertex 2.655033e+01 1.115586e+01 2.000000e+00
   vertex 2.711253e+01 1.186150e+01 2.000000e+00
   vertex 2.615133e+01 1.147204e+01 2.000000e+00
  endloop
 endfacet
 facet normal 0.000000e+00 0.000000e+00 1.000000e+00
  outer loop
   vertex 2.760951e+01 1.132223e+01 2.000000e+00
   vertex 2.655033e+01 1.115586e+01 2.000000e+00
   vertex 2.689221e+01 1.077864e+01 2.000000e+00
  endloop
 endfacet
 facet normal -0.000000e+00 0.000000e+00 1.000000e+00
  outer loop
   vertex 2.570596e+01 1.171866e+01 2.000000e+00
   vertex 2.615133e+01 1.147204e+01 2.000000e+00
   vertex 2.652544e+01 1.230097e+01 2.000000e+00
  endloop
 endfacet
 facet normal 0.000000e+00 0.000000e+00 1.000000e+00
  outer loop
   vertex 2.799969e+01 1.070129e+01 2.000000e+00
   vertex 2.760951e+01 1.132223e+01 2.000000e+00
   vertex 2.734321e+01 1.048904e+01 2.000000e+00
  endloop
 endfacet
 facet normal -0.000000e+00 0.000000e+00 1.000000e+00
  outer loop
   vertex 2.689221e+01 1.077864e+01 2.000000e+00
   vertex 2.734321e+01 1.048904e+01 2.000000e+00
   vertex 2.760951e+01 1.132223e+01 2.000000e+00
  endloop
 endfacet
 facet normal 0.000000e+00 -0.000000e+00 1.000000e+00
  outer loop
   vertex 2.775145e+01 1.014175e+01 2.000000e+00
   vertex 2.799969e+01 1.070129e+01 2.000000e+00
   vertex 2.734321e+01 1.048904e+01 2.000000e+00
  endloop
 endfacet
 facet normal 0.000000e+00 0.000000e+00 1.000000e+00
  outer loop
   vertex 2.799969e+01 1.070129e+01 2.000000e+00
   vertex 2.775145e+01 1.014175e+01 2.000000e+00
   vertex 2.810959e+01 9.742991e+00 2.000000e+00
  endloop
 endfacet
 facet normal 0.000000e+00 0.000000e+00 1.000000e+00
  outer loop
   vertex 2.799969e+01 1.070129e+01 2.000000e+00
   vertex 2.810959e+01 9.742991e+00 2.000000e+00
   vertex 2.841121e+01 9.299936e+00 2.000000e+00
  endloop
 endfacet
 facet normal 0.000000e+00 0.000000e+00 1.000000e+00
  outer loop
   vertex 2.711253e+01 1.186150e+01 2.000000e+00
   vertex 2.655033e+01 1.115586e+01 2.000000e+00
   vertex 2.760951e+01 1.132223e+01 2.000000e+00
  endloop
 endfacet
 facet normal 0.000000e+00 0.000000e+00 1.000000e+00
  outer loop
   vertex 2.365165e+01 1.281567e+01 2.000000e+00
   vertex 2.290127e+01 1.258804e+01 2.000000e+00
   vertex 2.371280e+01 1.190794e+01 2.000000e+00
  endloop
 endfacet
 facet normal 0.000000e+00 0.000000e+00 -1.000000e+00
  outer loop
   vertex 2.046716e+01 8.363427e+00 3.600000e+00
   vertex 2.043201e+01 8.892524e+00 3.600000e+00
   vertex 2.124993e+01 8.767443e+00 3.600000e+00
  endloop
 endfacet
 facet normal 0.000000e+00 0.000000e+00 -1.000000e+00
  outer loop
   vertex 2.057198e+01 7.843629e+00 3.600000e+00
   vertex 2.046716e+01 8.363427e+00 3.600000e+00
   vertex 2.105840e+01 8.151583e+00 3.600000e+00
  endloop
 endfacet
 facet normal 0.000000e+00 0.000000e+00 -1.000000e+00
  outer loop
   vertex 2.057198e+01 7.843629e+00 3.600000e+00
   vertex 2.096835e+01 7.512948e+00 3.600000e+00
   vertex 2.098210e+01 6.868142e+00 3.600000e+00
  endloop
 endfacet
 facet normal 0.000000e+00 0.000000e+00 -1.000000e+00
  outer loop
   vertex 2.046716e+01 8.363427e+00 3.600000e+00
   vertex 2.124993e+01 8.767443e+00 3.600000e+00
   vertex 2.105840e+01 8.151583e+00 3.600000e+00
  endloop
 endfacet
 facet normal 0.000000e+00 0.000000e+00 -1.000000e+00
  outer loop
   vertex 2.057198e+01 7.843629e+00 3.600000e+00
   vertex 2.105840e+01 8.151583e+00 3.600000e+00
   vertex 2.096835e+01 7.512948e+00 3.600000e+00
  endloop
 endfacet
 facet normal 0.000000e+00 -0.000000e+00 -1.000000e+00
  outer loop
   vertex 2.050887e+01 9.672885e+00 3.600000e+00
   vertex 2.124993e+01 8.767443e+00 3.600000e+00
   vertex 2.043201e+01 8.892524e+00 3.600000e+00
  endloop
 endfacet
 facet normal 0.000000e+00 -0.000000e+00 -1.000000e+00
  outer loop
   vertex 2.110613e+01 1.111480e+01 3.600000e+00
   vertex 2.191495e+01 9.867803e+00 3.600000e+00
   vertex 2.073649e+01 1.042326e+01 3.600000e+00
  endloop
 endfacet
 facet normal 0.000000e+00 0.000000e+00 -1.000000e+00
  outer loop
   vertex 2.050887e+01 9.672885e+00 3.600000e+00
   vertex 2.073649e+01 1.042326e+01 3.600000e+00
   vertex 2.153794e+01 9.344517e+00 3.600000e+00
  endloop
 endfacet
 facet normal 0.000000e+00 -0.000000e+00 -1.000000e+00
  outer loop
   vertex 2.160358e+01 1.172095e+01 3.600000e+00
   vertex 2.237115e+01 1.032370e+01 3.600000e+00
   vertex 2.110613e+01 1.111480e+01 3.600000e+00
  endloop
 endfacet
 facet normal 0.000000e+00 0.000000e+00 -1.000000e+00
  outer loop
   vertex 2.160358e+01 1.172095e+01 3.600000e+00
   vertex 2.220973e+01 1.221840e+01 3.600000e+00
   vertex 2.289470e+01 1.070034e+01 3.600000e+00
  endloop
 endfacet
 facet normal 0.000000e+00 0.000000e+00 -1.000000e+00
  outer loop
   vertex 2.191495e+01 9.867803e+00 3.600000e+00
   vertex 2.110613e+01 1.111480e+01 3.600000e+00
   vertex 2.237115e+01 1.032370e+01 3.600000e+00
  endloop
 endfacet
 facet normal 0.000000e+00 0.000000e+00 -1.000000e+00
  outer loop
   vertex 2.153794e+01 9.344517e+00 3.600000e+00
   vertex 2.073649e+01 1.042326e+01 3.600000e+00
   vertex 2.191495e+01 9.867803e+00 3.600000e+00
  endloop
 endfacet
 facet normal -0.000000e+00 0.000000e+00 -1.000000e+00
  outer loop
   vertex 2.153794e+01 9.344517e+00 3.600000e+00
   vertex 2.124993e+01 8.767443e+00 3.600000e+00
   vertex 2.050887e+01 9.672885e+00 3.600000e+00
  endloop
 endfacet
 facet normal 0.000000e+00 0.000000e+00 -1.000000e+00
  outer loop
   vertex 2.220973e+01 1.221840e+01 3.600000e+00
   vertex 2.290127e+01 1.258804e+01 3.600000e+00
   vertex 2.347197e+01 1.098796e+01 3.600000e+00
  endloop
 endfacet
 facet normal 0.000000e+00 0.000000e+00 -1.000000e+00
  outer loop
   vertex 2.289470e+01 1.070034e+01 3.600000e+00
   vertex 2.220973e+01 1.221840e+01 3.600000e+00
   vertex 2.347197e+01 1.098796e+01 3.600000e+00
  endloop
 endfacet
 facet normal 0.000000e+00 0.000000e+00 -1.000000e+00
  outer loop
   vertex 2.591274e+01 1.260836e+01 3.600000e+00
   vertex 2.661258e+01 1.091880e+01 3.600000e+00
   vertex 2.600559e+01 1.113683e+01 3.600000e+00
  endloop
 endfacet
 facet normal 0.000000e+00 0.000000e+00 -1.000000e+00
  outer loop
   vertex 2.537146e+01 1.125447e+01 3.600000e+00
   vertex 2.591274e+01 1.260836e+01 3.600000e+00
   vertex 2.600559e+01 1.113683e+01 3.600000e+00
  endloop
 endfacet
 facet normal 0.000000e+00 -0.000000e+00 -1.000000e+00
  outer loop
   vertex 2.365165e+01 1.281567e+01 3.600000e+00
   vertex 2.408797e+01 1.117905e+01 3.600000e+00
   vertex 2.347197e+01 1.098796e+01 3.600000e+00
  endloop
 endfacet
 facet normal 0.000000e+00 0.000000e+00 -1.000000e+00
  outer loop
   vertex 2.365165e+01 1.281567e+01 3.600000e+00
   vertex 2.443201e+01 1.289252e+01 3.600000e+00
   vertex 2.408797e+01 1.117905e+01 3.600000e+00
  endloop
 endfacet
 facet normal 0.000000e+00 0.000000e+00 -1.000000e+00
  outer loop
   vertex 2.347197e+01 1.098796e+01 3.600000e+00
   vertex 2.290127e+01 1.258804e+01 3.600000e+00
   vertex 2.365165e+01 1.281567e+01 3.600000e+00
  endloop
 endfacet
 facet normal 0.000000e+00 0.000000e+00 -1.000000e+00
  outer loop
   vertex 2.537146e+01 1.125447e+01 3.600000e+00
   vertex 2.516227e+01 1.282530e+01 3.600000e+00
   vertex 2.586799e+01 1.262588e+01 3.600000e+00
  endloop
 endfacet
 facet normal -0.000000e+00 0.000000e+00 -1.000000e+00
  outer loop
   vertex 2.591274e+01 1.260836e+01 3.600000e+00
   vertex 2.537146e+01 1.125447e+01 3.600000e+00
   vertex 2.586799e+01 1.262588e+01 3.600000e+00
  endloop
 endfacet
 facet normal 0.000000e+00 0.000000e+00 -1.000000e+00
  outer loop
   vertex 2.537146e+01 1.125447e+01 3.600000e+00
   vertex 2.472666e+01 1.126867e+01 3.600000e+00
   vertex 2.516227e+01 1.282530e+01 3.600000e+00
  endloop
 endfacet
 facet normal 0.000000e+00 0.000000e+00 -1.000000e+00
  outer loop
   vertex 2.443201e+01 1.289252e+01 3.600000e+00
   vertex 2.516227e+01 1.282530e+01 3.600000e+00
   vertex 2.472666e+01 1.126867e+01 3.600000e+00
  endloop
 endfacet
 facet normal 0.000000e+00 0.000000e+00 -1.000000e+00
  outer loop
   vertex 2.408797e+01 1.117905e+01 3.600000e+00
   vertex 2.443201e+01 1.289252e+01 3.600000e+00
   vertex 2.472666e+01 1.126867e+01 3.600000e+00
  endloop
 endfacet
 facet normal 0.000000e+00 0.000000e+00 -1.000000e+00
  outer loop
   vertex 2.237115e+01 1.032370e+01 3.600000e+00
   vertex 2.160358e+01 1.172095e+01 3.600000e+00
   vertex 2.289470e+01 1.070034e+01 3.600000e+00
  endloop
 endfacet
 facet normal -9.963673e-01 -8.516000e-02 -0.000000e+00
  outer loop
   vertex 2.753201e+01 8.892524e+00 3.333333e-01
   vertex 2.748704e+01 9.418598e+00 0.000000e+00
   vertex 2.753201e+01 8.892524e+00 0.000000e+00
  endloop
 endfacet
 facet normal -9.674614e-01 -2.530084e-01 2.298790e-03
  outer loop
   vertex 2.748704e+01 9.418598e+00 0.000000e+00
   vertex 2.747610e+01 9.478612e+00 2.000000e+00
   vertex 2.735346e+01 9.929412e+00 0.000000e+00
  endloop
 endfacet
 facet normal -9.959085e-01 -9.032620e-02 -2.738436e-03
  outer loop
   vertex 2.747610e+01 9.478612e+00 2.000000e+00
   vertex 2.748704e+01 9.418598e+00 0.000000e+00
   vertex 2.753201e+01 8.892524e+00 1.000000e+00
  endloop
 endfacet
 facet normal -9.963673e-01 -8.516000e-02 -0.000000e+00
  outer loop
   vertex 2.753201e+01 8.892524e+00 6.666667e-01
   vertex 2.748704e+01 9.418598e+00 0.000000e+00
   vertex 2.753201e+01 8.892524e+00 3.333333e-01
  endloop
 endfacet
 facet normal -8.382322e-01 -5.453119e-01 -1.337665e-03
  outer loop
   vertex 2.713512e+01 1.041015e+01 0.000000e+00
   vertex 2.715333e+01 1.037725e+01 2.000000e+00
   vertex 2.689221e+01 1.077864e+01 2.000000e+00
  endloop
 endfacet
 facet normal -9.963673e-01 -8.516000e-02 0.000000e+00
  outer loop
   vertex 2.748704e+01 9.418598e+00 0.000000e+00
   vertex 2.753201e+01 8.892524e+00 6.666667e-01
   vertex 2.753201e+01 8.892524e+00 1.000000e+00
  endloop
 endfacet
 facet normal -9.122158e-01 -4.097098e-01 4.627203e-04
  outer loop
   vertex 2.735346e+01 9.929412e+00 0.000000e+00
   vertex 2.734952e+01 9.940432e+00 2.000000e+00
   vertex 2.715333e+01 1.037725e+01 2.000000e+00
  endloop
 endfacet
 facet normal -7.409709e-01 -6.715306e-01 -2.960515e-03
  outer loop
   vertex 2.683837e+01 1.084686e+01 0.000000e+00
   vertex 2.689221e+01 1.077864e+01 2.000000e+00
   vertex 2.655033e+01 1.115586e+01 2.000000e+00
  endloop
 endfacet
 facet normal -4.844181e-01 -8.748280e-01 -3.871374e-03
  outer loop
   vertex 2.604609e+01 1.153917e+01 0.000000e+00
   vertex 2.615133e+01 1.147204e+01 2.000000e+00
   vertex 2.570596e+01 1.171866e+01 2.000000e+00
  endloop
 endfacet
 facet normal -6.210686e-01 -7.837487e-01 -3.444879e-03
  outer loop
   vertex 2.647182e+01 1.122687e+01 0.000000e+00
   vertex 2.655033e+01 1.115586e+01 2.000000e+00
   vertex 2.615133e+01 1.147204e+01 2.000000e+00
  endloop
 endfacet
 facet normal -1.759634e-01 -9.843862e-01 -4.550341e-03
  outer loop
   vertex 2.506787e+01 1.192661e+01 0.000000e+00
   vertex 2.522623e+01 1.188906e+01 2.000000e+00
   vertex 2.472508e+01 1.197864e+01 2.000000e+00
  endloop
 endfacet
 facet normal 1.513478e-01 -9.884679e-01 -4.997464e-03
  outer loop
   vertex 2.401640e+01 1.196454e+01 0.000000e+00
   vertex 2.421603e+01 1.198499e+01 2.000000e+00
   vertex 2.371280e+01 1.190794e+01 2.000000e+00
  endloop
 endfacet
 facet normal -1.247589e-02 -9.999106e-01 -4.803096e-03
  outer loop
   vertex 2.454376e+01 1.199051e+01 0.000000e+00
   vertex 2.472508e+01 1.197864e+01 2.000000e+00
   vertex 2.421603e+01 1.198499e+01 2.000000e+00
  endloop
 endfacet
 facet normal -3.347031e-01 -9.423141e-01 -4.240175e-03
  outer loop
   vertex 2.557353e+01 1.177470e+01 0.000000e+00
   vertex 2.570596e+01 1.171866e+01 2.000000e+00
   vertex 2.522623e+01 1.188906e+01 2.000000e+00
  endloop
 endfacet
 facet normal 3.110864e-01 -9.503678e-01 -5.134127e-03
  outer loop
   vertex 2.350111e+01 1.184945e+01 0.000000e+00
   vertex 2.371280e+01 1.190794e+01 2.000000e+00
   vertex 2.322897e+01 1.174957e+01 2.000000e+00
  endloop
 endfacet
 facet normal -9.998420e-01 -1.777620e-02 0.000000e+00
  outer loop
   vertex 2.753005e+01 9.002809e+00 2.000000e+00
   vertex 2.753201e+01 8.892524e+00 1.333333e+00
   vertex 2.753201e+01 8.892524e+00 1.666667e+00
  endloop
 endfacet
 facet normal -9.998420e-01 -1.777620e-02 0.000000e+00
  outer loop
   vertex 2.753201e+01 8.892524e+00 1.666667e+00
   vertex 2.753201e+01 8.892524e+00 2.000000e+00
   vertex 2.753005e+01 9.002809e+00 2.000000e+00
  endloop
 endfacet
 facet normal -9.998420e-01 -1.777620e-02 -0.000000e+00
  outer loop
   vertex 2.753201e+01 8.892524e+00 1.333333e+00
   vertex 2.753005e+01 9.002809e+00 2.000000e+00
   vertex 2.753201e+01 8.892524e+00 1.000000e+00
  endloop
 endfacet
 facet normal -9.935795e-01 -1.126499e-01 1.047540e-02
  outer loop
   vertex 2.747610e+01 9.478612e+00 2.000000e+00
   vertex 2.753201e+01 8.892524e+00 1.000000e+00
   vertex 2.753005e+01 9.002809e+00 2.000000e+00
  endloop
 endfacet
 facet normal 4.624384e-01 -8.866361e-01 -5.213231e-03
  outer loop
   vertex 2.322897e+01 1.174957e+01 2.000000e+00
   vertex 2.277758e+01 1.151414e+01 2.000000e+00
   vertex 2.301281e+01 1.164859e+01 0.000000e+00
  endloop
 endfacet
 facet normal 6.678390e-01 -7.442846e-01 5.618741e-03
  outer loop
   vertex 2.256569e+01 1.136777e+01 0.000000e+00
   vertex 2.237081e+01 1.120801e+01 2.000000e+00
   vertex 2.217271e+01 1.101515e+01 0.000000e+00
  endloop
 endfacet
 facet normal 8.783217e-01 -4.780393e-01 5.427736e-03
  outer loop
   vertex 2.184526e+01 1.060096e+01 0.000000e+00
   vertex 2.173351e+01 1.041835e+01 2.000000e+00
   vertex 2.159286e+01 1.013720e+01 0.000000e+00
  endloop
 endfacet
 facet normal 7.844579e-01 -6.201573e-01 5.552026e-03
  outer loop
   vertex 2.217271e+01 1.101515e+01 0.000000e+00
   vertex 2.201963e+01 1.083943e+01 2.000000e+00
   vertex 2.184526e+01 1.060096e+01 0.000000e+00
  endloop
 endfacet
 facet normal 9.876297e-01 -1.567242e-01 5.004691e-03
  outer loop
   vertex 2.142282e+01 9.637342e+00 0.000000e+00
   vertex 2.138536e+01 9.465193e+00 2.000000e+00
   vertex 2.134007e+01 9.115874e+00 0.000000e+00
  endloop
 endfacet
 facet normal 9.831765e-01 1.826450e-01 2.172858e-03
  outer loop
   vertex 2.134701e+01 8.587928e+00 0.000000e+00
   vertex 2.135316e+01 8.531054e+00 2.000000e+00
   vertex 2.144345e+01 8.068816e+00 0.000000e+00
  endloop
 endfacet
 facet normal 9.999024e-01 1.315281e-02 4.705983e-03
  outer loop
   vertex 2.134007e+01 9.115874e+00 0.000000e+00
   vertex 2.133272e+01 8.958830e+00 2.000000e+00
   vertex 2.134701e+01 8.587928e+00 0.000000e+00
  endloop
 endfacet
 facet normal 9.467081e-01 -3.220500e-01 5.244720e-03
  outer loop
   vertex 2.159286e+01 1.013720e+01 0.000000e+00
   vertex 2.152017e+01 9.956112e+00 2.000000e+00
   vertex 2.142282e+01 9.637342e+00 0.000000e+00
  endloop
 endfacet
 facet normal 8.949262e-01 4.462021e-01 -3.290335e-03
  outer loop
   vertex 2.162658e+01 7.573600e+00 0.000000e+00
   vertex 2.156880e+01 7.704230e+00 2.000000e+00
   vertex 2.175989e+01 7.320963e+00 2.000000e+00
  endloop
 endfacet
 facet normal 6.480427e-01 7.616040e-01 0.000000e+00
  outer loop
   vertex 2.263144e+01 6.369045e+00 3.333333e-01
   vertex 2.263144e+01 6.369045e+00 0.000000e+00
   vertex 2.222932e+01 6.711206e+00 0.000000e+00
  endloop
 endfacet
 facet normal 7.678786e-01 6.405781e-01 4.716694e-03
  outer loop
   vertex 2.189109e+01 7.116645e+00 0.000000e+00
   vertex 2.198479e+01 6.989606e+00 2.000000e+00
   vertex 2.222932e+01 6.711206e+00 0.000000e+00
  endloop
 endfacet
 facet normal 6.480427e-01 7.616040e-01 0.000000e+00
  outer loop
   vertex 2.222932e+01 6.711206e+00 0.000000e+00
   vertex 2.263144e+01 6.369045e+00 6.666667e-01
   vertex 2.263144e+01 6.369045e+00 3.333333e-01
  endloop
 endfacet
 facet normal 6.462526e-01 7.631226e-01 1.239449e-03
  outer loop
   vertex 2.225051e+01 6.690006e+00 2.000000e+00
   vertex 2.263144e+01 6.369045e+00 1.000000e+00
   vertex 2.222932e+01 6.711206e+00 0.000000e+00
  endloop
 endfacet
 facet normal 6.480427e-01 7.616040e-01 0.000000e+00
  outer loop
   vertex 2.222932e+01 6.711206e+00 0.000000e+00
   vertex 2.263144e+01 6.369045e+00 1.000000e+00
   vertex 2.263144e+01 6.369045e+00 6.666667e-01
  endloop
 endfacet
 facet normal 9.478862e-01 3.186064e-01 -1.331248e-03
  outer loop
   vertex 2.144345e+01 8.068816e+00 0.000000e+00
   vertex 2.143235e+01 8.110176e+00 2.000000e+00
   vertex 2.156880e+01 7.704230e+00 2.000000e+00
  endloop
 endfacet
 facet normal 6.443522e-01 7.647289e-01 -0.000000e+00
  outer loop
   vertex 2.263144e+01 6.369045e+00 1.000000e+00
   vertex 2.225051e+01 6.690006e+00 2.000000e+00
   vertex 2.263144e+01 6.369045e+00 1.333333e+00
  endloop
 endfacet
 facet normal 6.013157e-01 -7.989944e-01 -5.233513e-03
  outer loop
   vertex 2.237081e+01 1.120801e+01 2.000000e+00
   vertex 2.256569e+01 1.136777e+01 0.000000e+00
   vertex 2.277758e+01 1.151414e+01 2.000000e+00
  endloop
 endfacet
 facet normal 8.274224e-01 5.615716e-01 -3.091154e-03
  outer loop
   vertex 2.175989e+01 7.320963e+00 2.000000e+00
   vertex 2.198479e+01 6.989606e+00 2.000000e+00
   vertex 2.189109e+01 7.116645e+00 0.000000e+00
  endloop
 endfacet
 facet normal 5.936158e-01 8.047486e-01 -0.000000e+00
  outer loop
   vertex 2.263144e+01 6.369045e+00 1.666667e+00
   vertex 2.255265e+01 6.427161e+00 2.000000e+00
   vertex 2.263144e+01 6.369045e+00 2.000000e+00
  endloop
 endfacet
 facet normal 6.563009e-01 7.544070e-01 1.179665e-02
  outer loop
   vertex 2.225051e+01 6.690006e+00 2.000000e+00
   vertex 2.255265e+01 6.427161e+00 2.000000e+00
   vertex 2.263144e+01 6.369045e+00 1.333333e+00
  endloop
 endfacet
 facet normal 5.936158e-01 8.047486e-01 0.000000e+00
  outer loop
   vertex 2.255265e+01 6.427161e+00 2.000000e+00
   vertex 2.263144e+01 6.369045e+00 1.666667e+00
   vertex 2.263144e+01 6.369045e+00 1.333333e+00
  endloop
 endfacet
 facet normal 5.318463e-01 -8.468222e-01 5.626676e-03
  outer loop
   vertex 2.301281e+01 1.164859e+01 0.000000e+00
   vertex 2.277758e+01 1.151414e+01 2.000000e+00
   vertex 2.256569e+01 1.136777e+01 0.000000e+00
  endloop
 endfacet
 facet normal -9.797626e-01 2.001629e-01 0.000000e+00
  outer loop
   vertex 2.749160e+01 8.393654e+00 1.000000e+00
   vertex 2.749160e+01 8.393654e+00 5.000000e-01
   vertex 2.744210e+01 8.151362e+00 5.000000e-01
  endloop
 endfacet
 facet normal -9.797626e-01 2.001629e-01 0.000000e+00
  outer loop
   vertex 2.749160e+01 8.393654e+00 1.500000e+00
   vertex 2.749160e+01 8.393654e+00 1.000000e+00
   vertex 2.744210e+01 8.151362e+00 1.000000e+00
  endloop
 endfacet
 facet normal -9.926615e-01 1.209265e-01 0.000000e+00
  outer loop
   vertex 2.752189e+01 8.642272e+00 1.000000e+00
   vertex 2.752189e+01 8.642272e+00 5.000000e-01
   vertex 2.749160e+01 8.393654e+00 5.000000e-01
  endloop
 endfacet
 facet normal -9.926615e-01 1.209265e-01 0.000000e+00
  outer loop
   vertex 2.752189e+01 8.642272e+00 1.500000e+00
   vertex 2.752189e+01 8.642272e+00 1.000000e+00
   vertex 2.749160e+01 8.393654e+00 1.000000e+00
  endloop
 endfacet
 facet normal -9.610852e-01 2.762520e-01 0.000000e+00
  outer loop
   vertex 2.744210e+01 8.151362e+00 5.000000e-01
   vertex 2.737623e+01 7.922172e+00 0.000000e+00
   vertex 2.737623e+01 7.922172e+00 3.333333e-01
  endloop
 endfacet
 facet normal -9.610852e-01 2.762520e-01 0.000000e+00
  outer loop
   vertex 2.744210e+01 8.151362e+00 5.000000e-01
   vertex 2.737623e+01 7.922172e+00 3.333333e-01
   vertex 2.737623e+01 7.922172e+00 6.666667e-01
  endloop
 endfacet
 facet normal -9.797523e-01 2.001609e-01 -4.579264e-03
  outer loop
   vertex 2.749160e+01 8.393654e+00 5.000000e-01
   vertex 2.746245e+01 8.239493e+00 3.112798e-15
   vertex 2.744210e+01 8.151362e+00 5.000000e-01
  endloop
 endfacet
 facet normal -9.649889e-01 2.621984e-01 6.956226e-03
  outer loop
   vertex 2.737623e+01 7.922172e+00 0.000000e+00
   vertex 2.744210e+01 8.151362e+00 5.000000e-01
   vertex 2.746245e+01 8.239493e+00 3.112798e-15
  endloop
 endfacet
 facet normal -9.873199e-01 1.585041e-01 8.705687e-03
  outer loop
   vertex 2.746245e+01 8.239493e+00 3.112798e-15
   vertex 2.749160e+01 8.393654e+00 5.000000e-01
   vertex 2.751457e+01 8.564161e+00 2.992726e-15
  endloop
 endfacet
 facet normal -9.610852e-01 2.762520e-01 0.000000e+00
  outer loop
   vertex 2.744210e+01 8.151362e+00 5.000000e-01
   vertex 2.737623e+01 7.922172e+00 6.666667e-01
   vertex 2.744210e+01 8.151362e+00 1.000000e+00
  endloop
 endfacet
 facet normal -9.610852e-01 2.762520e-01 0.000000e+00
  outer loop
   vertex 2.737623e+01 7.922172e+00 1.333333e+00
   vertex 2.744210e+01 8.151362e+00 1.500000e+00
   vertex 2.744210e+01 8.151362e+00 1.000000e+00
  endloop
 endfacet
 facet normal -9.610852e-01 2.762520e-01 0.000000e+00
  outer loop
   vertex 2.744210e+01 8.151362e+00 1.500000e+00
   vertex 2.737623e+01 7.922172e+00 1.333333e+00
   vertex 2.737623e+01 7.922172e+00 1.666667e+00
  endloop
 endfacet
 facet normal -9.610852e-01 2.762520e-01 0.000000e+00
  outer loop
   vertex 2.737623e+01 7.922172e+00 1.666667e+00
   vertex 2.737623e+01 7.922172e+00 2.000000e+00
   vertex 2.744210e+01 8.151362e+00 1.500000e+00
  endloop
 endfacet
 facet normal -9.649889e-01 2.621984e-01 -6.956226e-03
  outer loop
   vertex 2.744210e+01 8.151362e+00 1.500000e+00
   vertex 2.737623e+01 7.922172e+00 2.000000e+00
   vertex 2.746245e+01 8.239493e+00 2.000000e+00
  endloop
 endfacet
 facet normal -9.797523e-01 2.001609e-01 4.579264e-03
  outer loop
   vertex 2.746245e+01 8.239493e+00 2.000000e+00
   vertex 2.749160e+01 8.393654e+00 1.500000e+00
   vertex 2.744210e+01 8.151362e+00 1.500000e+00
  endloop
 endfacet
 facet normal -9.989404e-01 4.540194e-02 7.536351e-03
  outer loop
   vertex 2.753201e+01 8.892524e+00 3.333333e-01
   vertex 2.751457e+01 8.564161e+00 2.992726e-15
   vertex 2.752189e+01 8.642272e+00 5.000000e-01
  endloop
 endfacet
 facet normal -9.991839e-01 4.039260e-02 0.000000e+00
  outer loop
   vertex 2.752189e+01 8.642272e+00 1.000000e+00
   vertex 2.753201e+01 8.892524e+00 1.000000e+00
   vertex 2.753201e+01 8.892524e+00 6.666667e-01
  endloop
 endfacet
 facet normal -9.985927e-01 5.303391e-02 0.000000e+00
  outer loop
   vertex 2.751457e+01 8.564161e+00 2.992726e-15
   vertex 2.753201e+01 8.892524e+00 3.333333e-01
   vertex 2.753201e+01 8.892524e+00 0.000000e+00
  endloop
 endfacet
 facet normal -9.991839e-01 4.039260e-02 0.000000e+00
  outer loop
   vertex 2.752189e+01 8.642272e+00 5.000000e-01
   vertex 2.753201e+01 8.892524e+00 6.666667e-01
   vertex 2.753201e+01 8.892524e+00 3.333333e-01
  endloop
 endfacet
 facet normal -9.926521e-01 1.209254e-01 4.354117e-03
  outer loop
   vertex 2.751457e+01 8.564161e+00 2.000000e+00
   vertex 2.752189e+01 8.642272e+00 1.500000e+00
   vertex 2.749160e+01 8.393654e+00 1.500000e+00
  endloop
 endfacet
 facet normal -9.989404e-01 4.540194e-02 -7.536351e-03
  outer loop
   vertex 2.753201e+01 8.892524e+00 1.666667e+00
   vertex 2.752189e+01 8.642272e+00 1.500000e+00
   vertex 2.751457e+01 8.564161e+00 2.000000e+00
  endloop
 endfacet
 facet normal -9.873199e-01 1.585041e-01 -8.705687e-03
  outer loop
   vertex 2.746245e+01 8.239493e+00 2.000000e+00
   vertex 2.751457e+01 8.564161e+00 2.000000e+00
   vertex 2.749160e+01 8.393654e+00 1.500000e+00
  endloop
 endfacet
 facet normal -9.991839e-01 4.039260e-02 0.000000e+00
  outer loop
   vertex 2.752189e+01 8.642272e+00 1.500000e+00
   vertex 2.753201e+01 8.892524e+00 1.333333e+00
   vertex 2.752189e+01 8.642272e+00 1.000000e+00
  endloop
 endfacet
 facet normal -9.985927e-01 5.303391e-02 0.000000e+00
  outer loop
   vertex 2.751457e+01 8.564161e+00 2.000000e+00
   vertex 2.753201e+01 8.892524e+00 2.000000e+00
   vertex 2.753201e+01 8.892524e+00 1.666667e+00
  endloop
 endfacet
 facet normal -9.991839e-01 4.039260e-02 0.000000e+00
  outer loop
   vertex 2.752189e+01 8.642272e+00 1.500000e+00
   vertex 2.753201e+01 8.892524e+00 1.666667e+00
   vertex 2.753201e+01 8.892524e+00 1.333333e+00
  endloop
 endfacet
 facet normal 0.000000e+00 0.000000e+00 -1.000000e+00
  outer loop
   vertex 2.103792e+01 6.496398e+00 3.600000e+00
   vertex 2.098210e+01 6.868142e+00 3.600000e+00
   vertex 2.155122e+01 6.772902e+00 3.600000e+00
  endloop
 endfacet
 facet normal 0.000000e+00 0.000000e+00 -1.000000e+00
  outer loop
   vertex 2.112413e+01 6.145878e+00 3.600000e+00
   vertex 2.103792e+01 6.496398e+00 3.600000e+00
   vertex 2.141587e+01 6.133775e+00 3.600000e+00
  endloop
 endfacet
 facet normal 0.000000e+00 0.000000e+00 -1.000000e+00
  outer loop
   vertex 2.141587e+01 6.133775e+00 3.600000e+00
   vertex 2.138637e+01 5.481142e+00 3.600000e+00
   vertex 2.124038e+01 5.807642e+00 3.600000e+00
  endloop
 endfacet
 facet normal 0.000000e+00 0.000000e+00 -1.000000e+00
  outer loop
   vertex 2.141587e+01 6.133775e+00 3.600000e+00
   vertex 2.103792e+01 6.496398e+00 3.600000e+00
   vertex 2.155122e+01 6.772902e+00 3.600000e+00
  endloop
 endfacet
 facet normal 0.000000e+00 0.000000e+00 -1.000000e+00
  outer loop
   vertex 2.124038e+01 5.807642e+00 3.600000e+00
   vertex 2.112413e+01 6.145878e+00 3.600000e+00
   vertex 2.141587e+01 6.133775e+00 3.600000e+00
  endloop
 endfacet
 facet normal 0.000000e+00 0.000000e+00 -1.000000e+00
  outer loop
   vertex 2.178879e+01 7.381473e+00 3.600000e+00
   vertex 2.155122e+01 6.772902e+00 3.600000e+00
   vertex 2.098210e+01 6.868142e+00 3.600000e+00
  endloop
 endfacet
 facet normal 0.000000e+00 0.000000e+00 -1.000000e+00
  outer loop
   vertex 2.105840e+01 8.151583e+00 3.600000e+00
   vertex 2.124993e+01 8.767443e+00 3.600000e+00
   vertex 2.212226e+01 7.943255e+00 3.600000e+00
  endloop
 endfacet
 facet normal 0.000000e+00 -0.000000e+00 -1.000000e+00
  outer loop
   vertex 2.153794e+01 9.344517e+00 3.600000e+00
   vertex 2.254273e+01 8.443263e+00 3.600000e+00
   vertex 2.124993e+01 8.767443e+00 3.600000e+00
  endloop
 endfacet
 facet normal 0.000000e+00 0.000000e+00 -1.000000e+00
  outer loop
   vertex 2.178879e+01 7.381473e+00 3.600000e+00
   vertex 2.096835e+01 7.512948e+00 3.600000e+00
   vertex 2.105840e+01 8.151583e+00 3.600000e+00
  endloop
 endfacet
 facet normal 0.000000e+00 -0.000000e+00 -1.000000e+00
  outer loop
   vertex 2.191495e+01 9.867803e+00 3.600000e+00
   vertex 2.303898e+01 8.868157e+00 3.600000e+00
   vertex 2.153794e+01 9.344517e+00 3.600000e+00
  endloop
 endfacet
 facet normal 0.000000e+00 0.000000e+00 -1.000000e+00
  outer loop
   vertex 2.191495e+01 9.867803e+00 3.600000e+00
   vertex 2.237115e+01 1.032370e+01 3.600000e+00
   vertex 2.303898e+01 8.868157e+00 3.600000e+00
  endloop
 endfacet
 facet normal 0.000000e+00 0.000000e+00 -1.000000e+00
  outer loop
   vertex 2.124993e+01 8.767443e+00 3.600000e+00
   vertex 2.254273e+01 8.443263e+00 3.600000e+00
   vertex 2.212226e+01 7.943255e+00 3.600000e+00
  endloop
 endfacet
 facet normal 0.000000e+00 0.000000e+00 -1.000000e+00
  outer loop
   vertex 2.178879e+01 7.381473e+00 3.600000e+00
   vertex 2.105840e+01 8.151583e+00 3.600000e+00
   vertex 2.212226e+01 7.943255e+00 3.600000e+00
  endloop
 endfacet
 facet normal -0.000000e+00 0.000000e+00 -1.000000e+00
  outer loop
   vertex 2.178879e+01 7.381473e+00 3.600000e+00
   vertex 2.098210e+01 6.868142e+00 3.600000e+00
   vertex 2.096835e+01 7.512948e+00 3.600000e+00
  endloop
 endfacet
 facet normal 0.000000e+00 0.000000e+00 -1.000000e+00
  outer loop
   vertex 2.303898e+01 8.868157e+00 3.600000e+00
   vertex 2.237115e+01 1.032370e+01 3.600000e+00
   vertex 2.359778e+01 9.206606e+00 3.600000e+00
  endloop
 endfacet
 facet normal 0.000000e+00 0.000000e+00 -1.000000e+00
  outer loop
   vertex 2.289470e+01 1.070034e+01 3.600000e+00
   vertex 2.420421e+01 9.449579e+00 3.600000e+00
   vertex 2.359778e+01 9.206606e+00 3.600000e+00
  endloop
 endfacet
 facet normal 0.000000e+00 0.000000e+00 -1.000000e+00
  outer loop
   vertex 2.237115e+01 1.032370e+01 3.600000e+00
   vertex 2.289470e+01 1.070034e+01 3.600000e+00
   vertex 2.359778e+01 9.206606e+00 3.600000e+00
  endloop
 endfacet
 facet normal 0.000000e+00 0.000000e+00 -1.000000e+00
  outer loop
   vertex 2.661258e+01 1.091880e+01 3.600000e+00
   vertex 2.736502e+01 9.102247e+00 3.600000e+00
   vertex 2.677296e+01 9.378421e+00 3.600000e+00
  endloop
 endfacet
 facet normal 0.000000e+00 0.000000e+00 -1.000000e+00
  outer loop
   vertex 2.614385e+01 9.554537e+00 3.600000e+00
   vertex 2.661258e+01 1.091880e+01 3.600000e+00
   vertex 2.677296e+01 9.378421e+00 3.600000e+00
  endloop
 endfacet
 facet normal 0.000000e+00 0.000000e+00 -1.000000e+00
  outer loop
   vertex 2.408797e+01 1.117905e+01 3.600000e+00
   vertex 2.484211e+01 9.590596e+00 3.600000e+00
   vertex 2.420421e+01 9.449579e+00 3.600000e+00
  endloop
 endfacet
 facet normal 0.000000e+00 0.000000e+00 -1.000000e+00
  outer loop
   vertex 2.420421e+01 9.449579e+00 3.600000e+00
   vertex 2.347197e+01 1.098796e+01 3.600000e+00
   vertex 2.408797e+01 1.117905e+01 3.600000e+00
  endloop
 endfacet
 facet normal 0.000000e+00 0.000000e+00 -1.000000e+00
  outer loop
   vertex 2.484211e+01 9.590596e+00 3.600000e+00
   vertex 2.408797e+01 1.117905e+01 3.600000e+00
   vertex 2.472666e+01 1.126867e+01 3.600000e+00
  endloop
 endfacet
 facet normal 0.000000e+00 -0.000000e+00 -1.000000e+00
  outer loop
   vertex 2.347197e+01 1.098796e+01 3.600000e+00
   vertex 2.420421e+01 9.449579e+00 3.600000e+00
   vertex 2.289470e+01 1.070034e+01 3.600000e+00
  endloop
 endfacet
 facet normal 0.000000e+00 0.000000e+00 -1.000000e+00
  outer loop
   vertex 2.549446e+01 9.625896e+00 3.600000e+00
   vertex 2.600559e+01 1.113683e+01 3.600000e+00
   vertex 2.614385e+01 9.554537e+00 3.600000e+00
  endloop
 endfacet
 facet normal -0.000000e+00 0.000000e+00 -1.000000e+00
  outer loop
   vertex 2.661258e+01 1.091880e+01 3.600000e+00
   vertex 2.614385e+01 9.554537e+00 3.600000e+00
   vertex 2.600559e+01 1.113683e+01 3.600000e+00
  endloop
 endfacet
 facet normal 0.000000e+00 0.000000e+00 -1.000000e+00
  outer loop
   vertex 2.549446e+01 9.625896e+00 3.600000e+00
   vertex 2.537146e+01 1.125447e+01 3.600000e+00
   vertex 2.600559e+01 1.113683e+01 3.600000e+00
  endloop
 endfacet
 facet normal 0.000000e+00 0.000000e+00 -1.000000e+00
  outer loop
   vertex 2.484211e+01 9.590596e+00 3.600000e+00
   vertex 2.472666e+01 1.126867e+01 3.600000e+00
   vertex 2.537146e+01 1.125447e+01 3.600000e+00
  endloop
 endfacet
 facet normal 0.000000e+00 -0.000000e+00 -1.000000e+00
  outer loop
   vertex 2.537146e+01 1.125447e+01 3.600000e+00
   vertex 2.549446e+01 9.625896e+00 3.600000e+00
   vertex 2.484211e+01 9.590596e+00 3.600000e+00
  endloop
 endfacet
 facet normal 0.000000e+00 0.000000e+00 -1.000000e+00
  outer loop
   vertex 2.254273e+01 8.443263e+00 3.600000e+00
   vertex 2.153794e+01 9.344517e+00 3.600000e+00
   vertex 2.303898e+01 8.868157e+00 3.600000e+00
  endloop
 endfacet
 facet normal -9.880973e-01 -1.538301e-01 0.000000e+00
  outer loop
   vertex 2.841121e+01 9.299936e+00 2.000000e+00
   vertex 2.841121e+01 9.299936e+00 2.328443e+00
   vertex 2.834674e+01 9.714048e+00 3.286608e+00
  endloop
 endfacet
 facet normal -9.581999e-01 -2.813794e-01 5.175533e-02
  outer loop
   vertex 2.841121e+01 9.299936e+00 2.000000e+00
   vertex 2.823948e+01 1.011855e+01 3.271309e+00
   vertex 2.799969e+01 1.070129e+01 2.000000e+00
  endloop
 endfacet
 facet normal -9.880973e-01 -1.538301e-01 0.000000e+00
  outer loop
   vertex 2.834674e+01 9.714048e+00 3.286608e+00
   vertex 2.841121e+01 9.299936e+00 2.656886e+00
   vertex 2.841121e+01 9.299936e+00 2.985330e+00
  endloop
 endfacet
 facet normal -9.880973e-01 -1.538301e-01 -0.000000e+00
  outer loop
   vertex 2.841121e+01 9.299936e+00 2.656886e+00
   vertex 2.834674e+01 9.714048e+00 3.286608e+00
   vertex 2.841121e+01 9.299936e+00 2.328443e+00
  endloop
 endfacet
 facet normal -9.344662e-01 -3.558084e-01 1.316202e-02
  outer loop
   vertex 2.809035e+01 1.051010e+01 3.267997e+00
   vertex 2.799969e+01 1.070129e+01 2.000000e+00
   vertex 2.823948e+01 1.011855e+01 3.271309e+00
  endloop
 endfacet
 facet normal -8.920865e-01 -4.518438e-01 -4.348462e-03
  outer loop
   vertex 2.790024e+01 1.088535e+01 3.276795e+00
   vertex 2.799969e+01 1.070129e+01 2.000000e+00
   vertex 2.809035e+01 1.051010e+01 3.267997e+00
  endloop
 endfacet
 facet normal -8.466635e-01 -5.320201e-01 1.074768e-02
  outer loop
   vertex 2.760951e+01 1.132223e+01 2.000000e+00
   vertex 2.799969e+01 1.070129e+01 2.000000e+00
   vertex 2.790024e+01 1.088535e+01 3.276795e+00
  endloop
 endfacet
 facet normal -7.352908e-01 -6.776355e-01 1.255641e-02
  outer loop
   vertex 2.711253e+01 1.186150e+01 2.000000e+00
   vertex 2.760951e+01 1.132223e+01 2.000000e+00
   vertex 2.735941e+01 1.161838e+01 3.336980e+00
  endloop
 endfacet
 facet normal -4.430186e-01 -8.964557e-01 1.008774e-02
  outer loop
   vertex 2.586799e+01 1.262588e+01 2.000000e+00
   vertex 2.652544e+01 1.230097e+01 2.000000e+00
   vertex 2.630189e+01 1.242856e+01 3.520157e+00
  endloop
 endfacet
 facet normal -9.166869e-02 -9.957896e-01 0.000000e+00
  outer loop
   vertex 2.443201e+01 1.289252e+01 2.000000e+00
   vertex 2.516227e+01 1.282530e+01 2.000000e+00
   vertex 2.516227e+01 1.282530e+01 3.600000e+00
  endloop
 endfacet
 facet normal -2.719271e-01 -9.623179e-01 0.000000e+00
  outer loop
   vertex 2.516227e+01 1.282530e+01 2.000000e+00
   vertex 2.586799e+01 1.262588e+01 2.000000e+00
   vertex 2.586799e+01 1.262588e+01 3.600000e+00
  endloop
 endfacet
 facet normal -5.992468e-01 -8.005206e-01 8.368804e-03
  outer loop
   vertex 2.652544e+01 1.230097e+01 2.000000e+00
   vertex 2.711253e+01 1.186150e+01 2.000000e+00
   vertex 2.667094e+01 1.220722e+01 3.449781e+00
  endloop
 endfacet
 facet normal 9.801670e-02 -9.951848e-01 0.000000e+00
  outer loop
   vertex 2.443201e+01 1.289252e+01 3.600000e+00
   vertex 2.365165e+01 1.281567e+01 3.600000e+00
   vertex 2.365165e+01 1.281567e+01 2.000000e+00
  endloop
 endfacet
 facet normal -9.663675e-01 -2.549557e-01 3.363748e-02
  outer loop
   vertex 2.841121e+01 9.299936e+00 2.000000e+00
   vertex 2.834674e+01 9.714048e+00 3.286608e+00
   vertex 2.823948e+01 1.011855e+01 3.271309e+00
  endloop
 endfacet
 facet normal -7.695349e-01 -6.385998e-01 -2.496007e-03
  outer loop
   vertex 2.735941e+01 1.161838e+01 3.336980e+00
   vertex 2.760951e+01 1.132223e+01 2.000000e+00
   vertex 2.764995e+01 1.126842e+01 3.300042e+00
  endloop
 endfacet
 facet normal -8.370459e-01 -5.471222e-01 3.390271e-03
  outer loop
   vertex 2.764995e+01 1.126842e+01 3.300042e+00
   vertex 2.760951e+01 1.132223e+01 2.000000e+00
   vertex 2.790024e+01 1.088535e+01 3.276795e+00
  endloop
 endfacet
 facet normal -9.880973e-01 -1.538301e-01 0.000000e+00
  outer loop
   vertex 2.841121e+01 9.299936e+00 2.985330e+00
   vertex 2.841121e+01 9.299936e+00 3.313773e+00
   vertex 2.834674e+01 9.714048e+00 3.286608e+00
  endloop
 endfacet
 facet normal -6.052309e-01 -7.960311e-01 5.475550e-03
  outer loop
   vertex 2.667094e+01 1.220722e+01 3.449781e+00
   vertex 2.711253e+01 1.186150e+01 2.000000e+00
   vertex 2.703197e+01 1.193229e+01 3.387071e+00
  endloop
 endfacet
 facet normal -5.148712e-01 -8.572592e-01 -3.768398e-03
  outer loop
   vertex 2.630189e+01 1.242856e+01 3.520157e+00
   vertex 2.652544e+01 1.230097e+01 2.000000e+00
   vertex 2.667094e+01 1.220722e+01 3.449781e+00
  endloop
 endfacet
 facet normal -4.191277e-01 -9.079255e-01 1.779695e-03
  outer loop
   vertex 2.586799e+01 1.262588e+01 2.000000e+00
   vertex 2.630189e+01 1.242856e+01 3.520157e+00
   vertex 2.591274e+01 1.260836e+01 3.600000e+00
  endloop
 endfacet
 facet normal -3.645961e-01 -9.311658e-01 0.000000e+00
  outer loop
   vertex 2.591274e+01 1.260836e+01 3.600000e+00
   vertex 2.586799e+01 1.262588e+01 3.600000e+00
   vertex 2.586799e+01 1.262588e+01 2.000000e+00
  endloop
 endfacet
 facet normal -6.922939e-01 -7.216077e-01 -3.379407e-03
  outer loop
   vertex 2.703197e+01 1.193229e+01 3.387071e+00
   vertex 2.711253e+01 1.186150e+01 2.000000e+00
   vertex 2.735941e+01 1.161838e+01 3.336980e+00
  endloop
 endfacet
 facet normal 4.713973e-01 -8.819210e-01 0.000000e+00
  outer loop
   vertex 2.220973e+01 1.221840e+01 2.000000e+00
   vertex 2.290127e+01 1.258804e+01 2.000000e+00
   vertex 2.290127e+01 1.258804e+01 3.600000e+00
  endloop
 endfacet
 facet normal 6.343931e-01 -7.730106e-01 0.000000e+00
  outer loop
   vertex 2.160358e+01 1.172095e+01 2.000000e+00
   vertex 2.220973e+01 1.221840e+01 2.000000e+00
   vertex 2.220973e+01 1.221840e+01 3.600000e+00
  endloop
 endfacet
 facet normal 8.819207e-01 -4.713978e-01 0.000000e+00
  outer loop
   vertex 2.073649e+01 1.042326e+01 2.000000e+00
   vertex 2.110613e+01 1.111480e+01 2.000000e+00
   vertex 2.110613e+01 1.111480e+01 3.600000e+00
  endloop
 endfacet
 facet normal 9.569404e-01 -2.902845e-01 0.000000e+00
  outer loop
   vertex 2.050887e+01 9.672885e+00 2.000000e+00
   vertex 2.073649e+01 1.042326e+01 2.000000e+00
   vertex 2.073649e+01 1.042326e+01 3.600000e+00
  endloop
 endfacet
 facet normal 7.730117e-01 -6.343918e-01 0.000000e+00
  outer loop
   vertex 2.110613e+01 1.111480e+01 2.000000e+00
   vertex 2.160358e+01 1.172095e+01 2.000000e+00
   vertex 2.160358e+01 1.172095e+01 3.600000e+00
  endloop
 endfacet
 facet normal 9.978010e-01 6.628170e-02 0.000000e+00
  outer loop
   vertex 2.046716e+01 8.363427e+00 2.000000e+00
   vertex 2.043201e+01 8.892524e+00 2.000000e+00
   vertex 2.043201e+01 8.892524e+00 3.600000e+00
  endloop
 endfacet
 facet normal 9.802659e-01 1.976833e-01 0.000000e+00
  outer loop
   vertex 2.057198e+01 7.843629e+00 2.000000e+00
   vertex 2.046716e+01 8.363427e+00 2.000000e+00
   vertex 2.046716e+01 8.363427e+00 3.600000e+00
  endloop
 endfacet
 facet normal 8.941265e-01 4.478146e-01 0.000000e+00
  outer loop
   vertex 2.098210e+01 6.868142e+00 2.266667e+00
   vertex 2.098210e+01 6.868142e+00 2.000000e+00
   vertex 2.074464e+01 7.342263e+00 2.000000e+00
  endloop
 endfacet
 facet normal 8.941265e-01 4.478146e-01 0.000000e+00
  outer loop
   vertex 2.074464e+01 7.342263e+00 2.000000e+00
   vertex 2.098210e+01 6.868142e+00 2.533333e+00
   vertex 2.098210e+01 6.868142e+00 2.266667e+00
  endloop
 endfacet
 facet normal 9.455041e-01 3.256101e-01 0.000000e+00
  outer loop
   vertex 2.057198e+01 7.843629e+00 3.600000e+00
   vertex 2.074464e+01 7.342263e+00 2.000000e+00
   vertex 2.057198e+01 7.843629e+00 2.000000e+00
  endloop
 endfacet
 facet normal 9.951848e-01 -9.801670e-02 0.000000e+00
  outer loop
   vertex 2.043201e+01 8.892524e+00 2.000000e+00
   vertex 2.050887e+01 9.672885e+00 2.000000e+00
   vertex 2.050887e+01 9.672885e+00 3.600000e+00
  endloop
 endfacet
 facet normal 8.941265e-01 4.478146e-01 0.000000e+00
  outer loop
   vertex 2.098210e+01 6.868142e+00 2.800000e+00
   vertex 2.098210e+01 6.868142e+00 2.533333e+00
   vertex 2.074464e+01 7.342263e+00 2.000000e+00
  endloop
 endfacet
 facet normal 2.902842e-01 -9.569405e-01 0.000000e+00
  outer loop
   vertex 2.290127e+01 1.258804e+01 2.000000e+00
   vertex 2.365165e+01 1.281567e+01 2.000000e+00
   vertex 2.365165e+01 1.281567e+01 3.600000e+00
  endloop
 endfacet
 facet normal 8.941265e-01 4.478146e-01 -0.000000e+00
  outer loop
   vertex 2.098210e+01 6.868142e+00 3.066667e+00
   vertex 2.074464e+01 7.342263e+00 2.000000e+00
   vertex 2.098210e+01 6.868142e+00 3.333333e+00
  endloop
 endfacet
 facet normal 9.192214e-01 3.930116e-01 -2.395672e-02
  outer loop
   vertex 2.074464e+01 7.342263e+00 2.000000e+00
   vertex 2.057198e+01 7.843629e+00 3.600000e+00
   vertex 2.098210e+01 6.868142e+00 3.333333e+00
  endloop
 endfacet
 facet normal 9.218425e-01 3.875646e-01 -0.000000e+00
  outer loop
   vertex 2.098210e+01 6.868142e+00 3.333333e+00
   vertex 2.057198e+01 7.843629e+00 3.600000e+00
   vertex 2.098210e+01 6.868142e+00 3.600000e+00
  endloop
 endfacet
 facet normal 8.941265e-01 4.478146e-01 0.000000e+00
  outer loop
   vertex 2.098210e+01 6.868142e+00 3.066667e+00
   vertex 2.098210e+01 6.868142e+00 2.800000e+00
   vertex 2.074464e+01 7.342263e+00 2.000000e+00
  endloop
 endfacet
 facet normal -9.749530e-01 -2.224111e-01 -0.000000e+00
  outer loop
   vertex 2.777274e+01 6.363966e+00 1.000000e+00
   vertex 2.777274e+01 6.363966e+00 5.000000e-01
   vertex 2.785580e+01 5.999854e+00 5.000000e-01
  endloop
 endfacet
 facet normal -9.749530e-01 -2.224111e-01 -0.000000e+00
  outer loop
   vertex 2.777274e+01 6.363966e+00 1.500000e+00
   vertex 2.777274e+01 6.363966e+00 1.000000e+00
   vertex 2.785580e+01 5.999854e+00 1.000000e+00
  endloop
 endfacet
 facet normal -9.309406e-01 -3.651706e-01 -0.000000e+00
  outer loop
   vertex 2.763636e+01 6.711642e+00 1.000000e+00
   vertex 2.763636e+01 6.711642e+00 5.000000e-01
   vertex 2.777274e+01 6.363966e+00 5.000000e-01
  endloop
 endfacet
 facet normal -9.309406e-01 -3.651706e-01 -0.000000e+00
  outer loop
   vertex 2.763636e+01 6.711642e+00 1.500000e+00
   vertex 2.763636e+01 6.711642e+00 1.000000e+00
   vertex 2.777274e+01 6.363966e+00 1.000000e+00
  endloop
 endfacet
 facet normal -9.972067e-01 -7.469196e-02 0.000000e+00
  outer loop
   vertex 2.785580e+01 5.999854e+00 0.000000e+00
   vertex 2.788370e+01 5.627430e+00 0.000000e+00
   vertex 2.788370e+01 5.627430e+00 3.333333e-01
  endloop
 endfacet
 facet normal -9.972067e-01 -7.469196e-02 0.000000e+00
  outer loop
   vertex 2.785580e+01 5.999854e+00 5.000000e-01
   vertex 2.788370e+01 5.627430e+00 3.333333e-01
   vertex 2.788370e+01 5.627430e+00 6.666667e-01
  endloop
 endfacet
 facet normal -9.749530e-01 -2.224111e-01 -0.000000e+00
  outer loop
   vertex 2.777274e+01 6.363966e+00 5.000000e-01
   vertex 2.777274e+01 6.363966e+00 0.000000e+00
   vertex 2.785580e+01 5.999854e+00 0.000000e+00
  endloop
 endfacet
 facet normal -9.972067e-01 -7.469196e-02 -0.000000e+00
  outer loop
   vertex 2.788370e+01 5.627430e+00 1.000000e+00
   vertex 2.785580e+01 5.999854e+00 1.000000e+00
   vertex 2.788370e+01 5.627430e+00 6.666667e-01
  endloop
 endfacet
 facet normal -9.972067e-01 -7.469196e-02 -0.000000e+00
  outer loop
   vertex 2.785580e+01 5.999854e+00 1.000000e+00
   vertex 2.785580e+01 5.999854e+00 5.000000e-01
   vertex 2.788370e+01 5.627430e+00 6.666667e-01
  endloop
 endfacet
 facet normal -9.972067e-01 -7.469196e-02 0.000000e+00
  outer loop
   vertex 2.785580e+01 5.999854e+00 0.000000e+00
   vertex 2.788370e+01 5.627430e+00 3.333333e-01
   vertex 2.785580e+01 5.999854e+00 5.000000e-01
  endloop
 endfacet
 facet normal -9.972067e-01 -7.469196e-02 0.000000e+00
  outer loop
   vertex 2.785580e+01 5.999854e+00 1.500000e+00
   vertex 2.788370e+01 5.627430e+00 1.333333e+00
   vertex 2.788370e+01 5.627430e+00 1.666667e+00
  endloop
 endfacet
 facet normal -9.997394e-01 -2.283009e-02 0.000000e+00
  outer loop
   vertex 2.788109e+01 5.741607e+00 2.000000e+00
   vertex 2.788370e+01 5.627430e+00 1.666667e+00
   vertex 2.788370e+01 5.627430e+00 2.000000e+00
  endloop
 endfacet
 facet normal -9.975786e-01 -6.781637e-02 1.542606e-02
  outer loop
   vertex 2.788370e+01 5.627430e+00 1.666667e+00
   vertex 2.788109e+01 5.741607e+00 2.000000e+00
   vertex 2.785580e+01 5.999854e+00 1.500000e+00
  endloop
 endfacet
 facet normal -9.933852e-01 -1.144851e-01 -8.890117e-03
  outer loop
   vertex 2.785580e+01 5.999854e+00 1.500000e+00
   vertex 2.788109e+01 5.741607e+00 2.000000e+00
   vertex 2.784159e+01 6.084325e+00 2.000000e+00
  endloop
 endfacet
 facet normal -9.749055e-01 -2.224003e-01 9.866529e-03
  outer loop
   vertex 2.785580e+01 5.999854e+00 1.500000e+00
   vertex 2.784159e+01 6.084325e+00 2.000000e+00
   vertex 2.777274e+01 6.363966e+00 1.500000e+00
  endloop
 endfacet
 facet normal -9.972067e-01 -7.469196e-02 0.000000e+00
  outer loop
   vertex 2.785580e+01 5.999854e+00 1.000000e+00
   vertex 2.788370e+01 5.627430e+00 1.000000e+00
   vertex 2.788370e+01 5.627430e+00 1.333333e+00
  endloop
 endfacet
 facet normal -9.309406e-01 -3.651706e-01 0.000000e+00
  outer loop
   vertex 2.777274e+01 6.363966e+00 0.000000e+00
   vertex 2.777274e+01 6.363966e+00 5.000000e-01
   vertex 2.763636e+01 6.711642e+00 5.000000e-01
  endloop
 endfacet
 facet normal -8.661530e-01 -4.997789e-01 0.000000e+00
  outer loop
   vertex 2.744971e+01 7.035122e+00 3.333333e-01
   vertex 2.763636e+01 6.711642e+00 0.000000e+00
   vertex 2.763636e+01 6.711642e+00 5.000000e-01
  endloop
 endfacet
 facet normal -8.661530e-01 -4.997789e-01 0.000000e+00
  outer loop
   vertex 2.763636e+01 6.711642e+00 0.000000e+00
   vertex 2.744971e+01 7.035122e+00 3.333333e-01
   vertex 2.744971e+01 7.035122e+00 0.000000e+00
  endloop
 endfacet
 facet normal -8.661530e-01 -4.997789e-01 0.000000e+00
  outer loop
   vertex 2.763636e+01 6.711642e+00 1.000000e+00
   vertex 2.744971e+01 7.035122e+00 1.000000e+00
   vertex 2.744971e+01 7.035122e+00 6.666667e-01
  endloop
 endfacet
 facet normal -8.661530e-01 -4.997789e-01 0.000000e+00
  outer loop
   vertex 2.763636e+01 6.711642e+00 5.000000e-01
   vertex 2.744971e+01 7.035122e+00 6.666667e-01
   vertex 2.744971e+01 7.035122e+00 3.333333e-01
  endloop
 endfacet
 facet normal -9.245425e-01 -3.810619e-01 -3.617095e-03
  outer loop
   vertex 2.762383e+01 6.737299e+00 2.000000e+00
   vertex 2.763636e+01 6.711642e+00 1.500000e+00
   vertex 2.775529e+01 6.418343e+00 2.000000e+00
  endloop
 endfacet
 facet normal -8.661530e-01 -4.997789e-01 -0.000000e+00
  outer loop
   vertex 2.763636e+01 6.711642e+00 1.500000e+00
   vertex 2.744971e+01 7.035122e+00 1.333333e+00
   vertex 2.763636e+01 6.711642e+00 1.000000e+00
  endloop
 endfacet
 facet normal -8.652433e-01 -5.013360e-01 4.040997e-03
  outer loop
   vertex 2.763636e+01 6.711642e+00 1.500000e+00
   vertex 2.762383e+01 6.737299e+00 2.000000e+00
   vertex 2.744971e+01 7.035122e+00 1.666667e+00
  endloop
 endfacet
 facet normal -8.632863e-01 -5.047146e-01 0.000000e+00
  outer loop
   vertex 2.744971e+01 7.035122e+00 1.666667e+00
   vertex 2.762383e+01 6.737299e+00 2.000000e+00
   vertex 2.744971e+01 7.035122e+00 2.000000e+00
  endloop
 endfacet
 facet normal -8.661530e-01 -4.997789e-01 0.000000e+00
  outer loop
   vertex 2.744971e+01 7.035122e+00 1.333333e+00
   vertex 2.763636e+01 6.711642e+00 1.500000e+00
   vertex 2.744971e+01 7.035122e+00 1.666667e+00
  endloop
 endfacet
 facet normal 0.000000e+00 -0.000000e+00 1.000000e+00
  outer loop
   vertex 2.715333e+01 1.037725e+01 2.000000e+00
   vertex 2.734321e+01 1.048904e+01 2.000000e+00
   vertex 2.689221e+01 1.077864e+01 2.000000e+00
  endloop
 endfacet
 facet normal 0.000000e+00 0.000000e+00 1.000000e+00
  outer loop
   vertex 2.734952e+01 9.940432e+00 2.000000e+00
   vertex 2.734321e+01 1.048904e+01 2.000000e+00
   vertex 2.715333e+01 1.037725e+01 2.000000e+00
  endloop
 endfacet
 facet normal 0.000000e+00 0.000000e+00 1.000000e+00
  outer loop
   vertex 2.775145e+01 1.014175e+01 2.000000e+00
   vertex 2.734952e+01 9.940432e+00 2.000000e+00
   vertex 2.747610e+01 9.478612e+00 2.000000e+00
  endloop
 endfacet
 facet normal 0.000000e+00 0.000000e+00 1.000000e+00
  outer loop
   vertex 2.775145e+01 1.014175e+01 2.000000e+00
   vertex 2.747610e+01 9.478612e+00 2.000000e+00
   vertex 2.810959e+01 9.742991e+00 2.000000e+00
  endloop
 endfacet
 facet normal 0.000000e+00 -0.000000e+00 1.000000e+00
  outer loop
   vertex 2.753005e+01 9.002809e+00 2.000000e+00
   vertex 2.810959e+01 9.742991e+00 2.000000e+00
   vertex 2.747610e+01 9.478612e+00 2.000000e+00
  endloop
 endfacet
 facet normal 0.000000e+00 0.000000e+00 1.000000e+00
  outer loop
   vertex 2.775145e+01 1.014175e+01 2.000000e+00
   vertex 2.734321e+01 1.048904e+01 2.000000e+00
   vertex 2.734952e+01 9.940432e+00 2.000000e+00
  endloop
 endfacet
 facet normal 0.000000e+00 0.000000e+00 1.000000e+00
  outer loop
   vertex 2.841121e+01 9.299936e+00 2.000000e+00
   vertex 2.810959e+01 9.742991e+00 2.000000e+00
   vertex 2.796420e+01 8.683731e+00 2.000000e+00
  endloop
 endfacet
 facet normal -0.000000e+00 0.000000e+00 1.000000e+00
  outer loop
   vertex 2.753005e+01 9.002809e+00 2.000000e+00
   vertex 2.796420e+01 8.683731e+00 2.000000e+00
   vertex 2.810959e+01 9.742991e+00 2.000000e+00
  endloop
 endfacet
 facet normal 0.000000e+00 -0.000000e+00 1.000000e+00
  outer loop
   vertex 2.835154e+01 8.309200e+00 2.000000e+00
   vertex 2.841121e+01 9.299936e+00 2.000000e+00
   vertex 2.796420e+01 8.683731e+00 2.000000e+00
  endloop
 endfacet
 facet normal 0.000000e+00 0.000000e+00 1.000000e+00
  outer loop
   vertex 2.864867e+01 8.825815e+00 2.000000e+00
   vertex 2.841121e+01 9.299936e+00 2.000000e+00
   vertex 2.835154e+01 8.309200e+00 2.000000e+00
  endloop
 endfacet
 facet normal 0.000000e+00 0.000000e+00 1.000000e+00
  outer loop
   vertex 2.882133e+01 8.324450e+00 2.000000e+00
   vertex 2.835154e+01 8.309200e+00 2.000000e+00
   vertex 2.868503e+01 7.886012e+00 2.000000e+00
  endloop
 endfacet
 facet normal -0.000000e+00 0.000000e+00 1.000000e+00
  outer loop
   vertex 2.868503e+01 7.886012e+00 2.000000e+00
   vertex 2.895862e+01 7.421843e+00 2.000000e+00
   vertex 2.882133e+01 8.324450e+00 2.000000e+00
  endloop
 endfacet
 facet normal 0.000000e+00 0.000000e+00 1.000000e+00
  outer loop
   vertex 2.882133e+01 8.324450e+00 2.000000e+00
   vertex 2.864867e+01 8.825815e+00 2.000000e+00
   vertex 2.835154e+01 8.309200e+00 2.000000e+00
  endloop
 endfacet
 facet normal 0.000000e+00 0.000000e+00 1.000000e+00
  outer loop
   vertex 2.098210e+01 6.868142e+00 2.000000e+00
   vertex 2.143235e+01 8.110176e+00 2.000000e+00
   vertex 2.101639e+01 7.937136e+00 2.000000e+00
  endloop
 endfacet
 facet normal 0.000000e+00 0.000000e+00 1.000000e+00
  outer loop
   vertex 2.143235e+01 8.110176e+00 2.000000e+00
   vertex 2.114025e+01 8.458603e+00 2.000000e+00
   vertex 2.101639e+01 7.937136e+00 2.000000e+00
  endloop
 endfacet
 facet normal 0.000000e+00 -0.000000e+00 1.000000e+00
  outer loop
   vertex 2.098210e+01 6.868142e+00 2.000000e+00
   vertex 2.101639e+01 7.937136e+00 2.000000e+00
   vertex 2.096335e+01 7.403790e+00 2.000000e+00
  endloop
 endfacet
 facet normal 0.000000e+00 0.000000e+00 1.000000e+00
  outer loop
   vertex 2.143235e+01 8.110176e+00 2.000000e+00
   vertex 2.098210e+01 6.868142e+00 2.000000e+00
   vertex 2.112413e+01 6.145878e+00 2.000000e+00
  endloop
 endfacet
 facet normal 0.000000e+00 -0.000000e+00 1.000000e+00
  outer loop
   vertex 2.124038e+01 5.807642e+00 2.000000e+00
   vertex 2.141311e+01 6.111595e+00 2.000000e+00
   vertex 2.112413e+01 6.145878e+00 2.000000e+00
  endloop
 endfacet
 facet normal 0.000000e+00 0.000000e+00 1.000000e+00
  outer loop
   vertex 2.135316e+01 8.531054e+00 2.000000e+00
   vertex 2.133272e+01 8.958830e+00 2.000000e+00
   vertex 2.114025e+01 8.458603e+00 2.000000e+00
  endloop
 endfacet
 facet normal 0.000000e+00 -0.000000e+00 1.000000e+00
  outer loop
   vertex 2.153865e+01 6.729998e+00 2.000000e+00
   vertex 2.156880e+01 7.704230e+00 2.000000e+00
   vertex 2.143235e+01 8.110176e+00 2.000000e+00
  endloop
 endfacet
 facet normal -0.000000e+00 0.000000e+00 1.000000e+00
  outer loop
   vertex 2.112413e+01 6.145878e+00 2.000000e+00
   vertex 2.141311e+01 6.111595e+00 2.000000e+00
   vertex 2.143235e+01 8.110176e+00 2.000000e+00
  endloop
 endfacet
 facet normal 0.000000e+00 0.000000e+00 1.000000e+00
  outer loop
   vertex 2.141311e+01 6.111595e+00 2.000000e+00
   vertex 2.124038e+01 5.807642e+00 2.000000e+00
   vertex 2.138637e+01 5.481142e+00 2.000000e+00
  endloop
 endfacet
 facet normal 0.000000e+00 0.000000e+00 1.000000e+00
  outer loop
   vertex 2.156880e+01 7.704230e+00 2.000000e+00
   vertex 2.153865e+01 6.729998e+00 2.000000e+00
   vertex 2.175989e+01 7.320963e+00 2.000000e+00
  endloop
 endfacet
 facet normal 0.000000e+00 0.000000e+00 1.000000e+00
  outer loop
   vertex 2.153865e+01 6.729998e+00 2.000000e+00
   vertex 2.143235e+01 8.110176e+00 2.000000e+00
   vertex 2.141311e+01 6.111595e+00 2.000000e+00
  endloop
 endfacet
 facet normal 0.000000e+00 0.000000e+00 1.000000e+00
  outer loop
   vertex 2.143235e+01 8.110176e+00 2.000000e+00
   vertex 2.135316e+01 8.531054e+00 2.000000e+00
   vertex 2.114025e+01 8.458603e+00 2.000000e+00
  endloop
 endfacet
 facet normal -9.981718e-01 6.044012e-02 0.000000e+00
  outer loop
   vertex 2.745837e+01 7.154558e+00 1.000000e+00
   vertex 2.745837e+01 7.154558e+00 5.000000e-01
   vertex 2.745472e+01 7.094393e+00 5.000000e-01
  endloop
 endfacet
 facet normal -9.981718e-01 6.044012e-02 0.000000e+00
  outer loop
   vertex 2.745837e+01 7.154558e+00 1.500000e+00
   vertex 2.745837e+01 7.154558e+00 1.000000e+00
   vertex 2.745472e+01 7.094393e+00 1.000000e+00
  endloop
 endfacet
 facet normal -9.993407e-01 3.630614e-02 0.000000e+00
  outer loop
   vertex 2.746056e+01 7.215039e+00 1.000000e+00
   vertex 2.746056e+01 7.215039e+00 5.000000e-01
   vertex 2.745837e+01 7.154558e+00 5.000000e-01
  endloop
 endfacet
 facet normal -9.993407e-01 3.630614e-02 0.000000e+00
  outer loop
   vertex 2.746056e+01 7.215039e+00 1.500000e+00
   vertex 2.746056e+01 7.215039e+00 1.000000e+00
   vertex 2.745837e+01 7.154558e+00 1.000000e+00
  endloop
 endfacet
 facet normal -9.964377e-01 8.433178e-02 0.000000e+00
  outer loop
   vertex 2.745472e+01 7.094393e+00 5.000000e-01
   vertex 2.744971e+01 7.035122e+00 0.000000e+00
   vertex 2.744971e+01 7.035122e+00 3.333333e-01
  endloop
 endfacet
 facet normal -9.964377e-01 8.433178e-02 0.000000e+00
  outer loop
   vertex 2.745472e+01 7.094393e+00 5.000000e-01
   vertex 2.744971e+01 7.035122e+00 6.666667e-01
   vertex 2.745472e+01 7.094393e+00 1.000000e+00
  endloop
 endfacet
 facet normal -9.964377e-01 8.433178e-02 0.000000e+00
  outer loop
   vertex 2.744971e+01 7.035122e+00 3.333333e-01
   vertex 2.744971e+01 7.035122e+00 6.666667e-01
   vertex 2.745472e+01 7.094393e+00 5.000000e-01
  endloop
 endfacet
 facet normal -9.981678e-01 6.043988e-02 2.849567e-03
  outer loop
   vertex 2.744971e+01 7.035122e+00 0.000000e+00
   vertex 2.745472e+01 7.094393e+00 5.000000e-01
   vertex 2.745837e+01 7.154558e+00 5.000000e-01
  endloop
 endfacet
 facet normal -9.988236e-01 4.814419e-02 5.798027e-03
  outer loop
   vertex 2.744971e+01 7.035122e+00 0.000000e+00
   vertex 2.745837e+01 7.154558e+00 5.000000e-01
   vertex 2.746130e+01 7.275554e+00 0.000000e+00
  endloop
 endfacet
 facet normal -9.964377e-01 8.433178e-02 0.000000e+00
  outer loop
   vertex 2.745472e+01 7.094393e+00 1.000000e+00
   vertex 2.744971e+01 7.035122e+00 1.000000e+00
   vertex 2.744971e+01 7.035122e+00 1.333333e+00
  endloop
 endfacet
 facet normal -9.964377e-01 8.433178e-02 0.000000e+00
  outer loop
   vertex 2.745472e+01 7.094393e+00 1.500000e+00
   vertex 2.744971e+01 7.035122e+00 1.333333e+00
   vertex 2.744971e+01 7.035122e+00 1.666667e+00
  endloop
 endfacet
 facet normal -9.964377e-01 8.433178e-02 0.000000e+00
  outer loop
   vertex 2.744971e+01 7.035122e+00 2.000000e+00
   vertex 2.745472e+01 7.094393e+00 1.500000e+00
   vertex 2.744971e+01 7.035122e+00 1.666667e+00
  endloop
 endfacet
 facet normal -9.964377e-01 8.433178e-02 0.000000e+00
  outer loop
   vertex 2.745472e+01 7.094393e+00 1.000000e+00
   vertex 2.744971e+01 7.035122e+00 1.333333e+00
   vertex 2.745472e+01 7.094393e+00 1.500000e+00
  endloop
 endfacet
 facet normal -9.981678e-01 6.043988e-02 -2.849567e-03
  outer loop
   vertex 2.745837e+01 7.154558e+00 1.500000e+00
   vertex 2.745472e+01 7.094393e+00 1.500000e+00
   vertex 2.744971e+01 7.035122e+00 2.000000e+00
  endloop
 endfacet
 facet normal -9.999268e-01 1.210218e-02 0.000000e+00
  outer loop
   vertex 2.746130e+01 7.275554e+00 3.333333e-01
   vertex 2.746130e+01 7.275554e+00 0.000000e+00
   vertex 2.746056e+01 7.215039e+00 5.000000e-01
  endloop
 endfacet
 facet normal -9.999268e-01 1.210218e-02 0.000000e+00
  outer loop
   vertex 2.746056e+01 7.215039e+00 5.000000e-01
   vertex 2.746130e+01 7.275554e+00 6.666667e-01
   vertex 2.746130e+01 7.275554e+00 3.333333e-01
  endloop
 endfacet
 facet normal -9.999268e-01 1.210218e-02 0.000000e+00
  outer loop
   vertex 2.746056e+01 7.215039e+00 1.000000e+00
   vertex 2.746130e+01 7.275554e+00 1.000000e+00
   vertex 2.746130e+01 7.275554e+00 6.666667e-01
  endloop
 endfacet
 facet normal -9.999268e-01 1.210218e-02 0.000000e+00
  outer loop
   vertex 2.746056e+01 7.215039e+00 1.500000e+00
   vertex 2.746130e+01 7.275554e+00 1.333333e+00
   vertex 2.746056e+01 7.215039e+00 1.000000e+00
  endloop
 endfacet
 facet normal -9.993364e-01 3.630599e-02 -2.930271e-03
  outer loop
   vertex 2.746130e+01 7.275554e+00 2.000000e+00
   vertex 2.746056e+01 7.215039e+00 1.500000e+00
   vertex 2.745837e+01 7.154558e+00 1.500000e+00
  endloop
 endfacet
 facet normal -9.999268e-01 1.210218e-02 0.000000e+00
  outer loop
   vertex 2.746056e+01 7.215039e+00 1.500000e+00
   vertex 2.746130e+01 7.275554e+00 1.666667e+00
   vertex 2.746130e+01 7.275554e+00 1.333333e+00
  endloop
 endfacet
 facet normal -9.999268e-01 1.210218e-02 0.000000e+00
  outer loop
   vertex 2.746056e+01 7.215039e+00 1.500000e+00
   vertex 2.746130e+01 7.275554e+00 2.000000e+00
   vertex 2.746130e+01 7.275554e+00 1.666667e+00
  endloop
 endfacet
 facet normal -9.988236e-01 4.814419e-02 -5.798027e-03
  outer loop
   vertex 2.744971e+01 7.035122e+00 2.000000e+00
   vertex 2.746130e+01 7.275554e+00 2.000000e+00
   vertex 2.745837e+01 7.154558e+00 1.500000e+00
  endloop
 endfacet
 facet normal 8.974086e-01 4.412004e-01 0.000000e+00
  outer loop
   vertex 2.274991e+01 6.109466e+00 1.000000e+00
   vertex 2.274991e+01 6.109466e+00 5.000000e-01
   vertex 2.268743e+01 6.236549e+00 5.000000e-01
  endloop
 endfacet
 facet normal 8.974086e-01 4.412004e-01 0.000000e+00
  outer loop
   vertex 2.274991e+01 6.109466e+00 1.500000e+00
   vertex 2.274991e+01 6.109466e+00 1.000000e+00
   vertex 2.268743e+01 6.236549e+00 1.000000e+00
  endloop
 endfacet
 facet normal 8.710478e-01 4.911982e-01 0.000000e+00
  outer loop
   vertex 2.281919e+01 5.986613e+00 1.000000e+00
   vertex 2.281919e+01 5.986613e+00 5.000000e-01
   vertex 2.274991e+01 6.109466e+00 5.000000e-01
  endloop
 endfacet
 facet normal 8.710478e-01 4.911982e-01 0.000000e+00
  outer loop
   vertex 2.281919e+01 5.986613e+00 1.500000e+00
   vertex 2.281919e+01 5.986613e+00 1.000000e+00
   vertex 2.274991e+01 6.109466e+00 1.000000e+00
  endloop
 endfacet
 facet normal 9.211259e-01 3.892648e-01 0.000000e+00
  outer loop
   vertex 2.268743e+01 6.236549e+00 5.000000e-01
   vertex 2.263144e+01 6.369045e+00 0.000000e+00
   vertex 2.263144e+01 6.369045e+00 3.333333e-01
  endloop
 endfacet
 facet normal 9.211259e-01 3.892648e-01 0.000000e+00
  outer loop
   vertex 2.268743e+01 6.236549e+00 5.000000e-01
   vertex 2.263144e+01 6.369045e+00 3.333333e-01
   vertex 2.263144e+01 6.369045e+00 6.666667e-01
  endloop
 endfacet
 facet normal 9.211259e-01 3.892648e-01 0.000000e+00
  outer loop
   vertex 2.268743e+01 6.236549e+00 1.000000e+00
   vertex 2.263144e+01 6.369045e+00 6.666667e-01
   vertex 2.263144e+01 6.369045e+00 1.000000e+00
  endloop
 endfacet
 facet normal 9.098410e-01 4.148789e-01 8.051241e-03
  outer loop
   vertex 2.274912e+01 6.110958e+00 0.000000e+00
   vertex 2.263144e+01 6.369045e+00 0.000000e+00
   vertex 2.268743e+01 6.236549e+00 5.000000e-01
  endloop
 endfacet
 facet normal 9.211259e-01 3.892648e-01 -0.000000e+00
  outer loop
   vertex 2.268743e+01 6.236549e+00 5.000000e-01
   vertex 2.263144e+01 6.369045e+00 6.666667e-01
   vertex 2.268743e+01 6.236549e+00 1.000000e+00
  endloop
 endfacet
 facet normal 9.211259e-01 3.892648e-01 0.000000e+00
  outer loop
   vertex 2.268743e+01 6.236549e+00 1.500000e+00
   vertex 2.263144e+01 6.369045e+00 1.333333e+00
   vertex 2.263144e+01 6.369045e+00 1.666667e+00
  endloop
 endfacet
 facet normal 9.211259e-01 3.892648e-01 0.000000e+00
  outer loop
   vertex 2.268743e+01 6.236549e+00 1.500000e+00
   vertex 2.263144e+01 6.369045e+00 1.666667e+00
   vertex 2.263144e+01 6.369045e+00 2.000000e+00
  endloop
 endfacet
 facet normal 8.974086e-01 4.412004e-01 9.427488e-05
  outer loop
   vertex 2.274912e+01 6.110958e+00 2.000000e+00
   vertex 2.274991e+01 6.109466e+00 1.500000e+00
   vertex 2.268743e+01 6.236549e+00 1.500000e+00
  endloop
 endfacet
 facet normal 9.098410e-01 4.148789e-01 -8.051241e-03
  outer loop
   vertex 2.263144e+01 6.369045e+00 2.000000e+00
   vertex 2.274912e+01 6.110958e+00 2.000000e+00
   vertex 2.268743e+01 6.236549e+00 1.500000e+00
  endloop
 endfacet
 facet normal 9.211259e-01 3.892648e-01 0.000000e+00
  outer loop
   vertex 2.268743e+01 6.236549e+00 1.000000e+00
   vertex 2.263144e+01 6.369045e+00 1.000000e+00
   vertex 2.263144e+01 6.369045e+00 1.333333e+00
  endloop
 endfacet
 facet normal 8.974086e-01 4.412004e-01 -9.427488e-05
  outer loop
   vertex 2.274912e+01 6.110958e+00 0.000000e+00
   vertex 2.268743e+01 6.236549e+00 5.000000e-01
   vertex 2.274991e+01 6.109466e+00 5.000000e-01
  endloop
 endfacet
 facet normal 8.710478e-01 4.911982e-01 9.630314e-05
  outer loop
   vertex 2.281919e+01 5.986613e+00 5.000000e-01
   vertex 2.274912e+01 6.110958e+00 0.000000e+00
   vertex 2.274991e+01 6.109466e+00 5.000000e-01
  endloop
 endfacet
 facet normal 8.419586e-01 5.395421e-01 0.000000e+00
  outer loop
   vertex 2.281919e+01 5.986613e+00 1.000000e+00
   vertex 2.289528e+01 5.867863e+00 1.000000e+00
   vertex 2.289528e+01 5.867863e+00 6.666667e-01
  endloop
 endfacet
 facet normal 8.419586e-01 5.395421e-01 0.000000e+00
  outer loop
   vertex 2.281919e+01 5.986613e+00 5.000000e-01
   vertex 2.289528e+01 5.867863e+00 3.333333e-01
   vertex 2.289528e+01 5.867863e+00 0.000000e+00
  endloop
 endfacet
 facet normal 8.419586e-01 5.395421e-01 0.000000e+00
  outer loop
   vertex 2.281919e+01 5.986613e+00 5.000000e-01
   vertex 2.289528e+01 5.867863e+00 6.666667e-01
   vertex 2.289528e+01 5.867863e+00 3.333333e-01
  endloop
 endfacet
 facet normal 8.569903e-01 5.152697e-01 8.052478e-03
  outer loop
   vertex 2.281919e+01 5.986613e+00 5.000000e-01
   vertex 2.289528e+01 5.867863e+00 0.000000e+00
   vertex 2.274912e+01 6.110958e+00 0.000000e+00
  endloop
 endfacet
 facet normal 8.419586e-01 5.395421e-01 -0.000000e+00
  outer loop
   vertex 2.289528e+01 5.867863e+00 1.000000e+00
   vertex 2.281919e+01 5.986613e+00 1.000000e+00
   vertex 2.289528e+01 5.867863e+00 1.333333e+00
  endloop
 endfacet
 facet normal 8.569903e-01 5.152697e-01 -8.052478e-03
  outer loop
   vertex 2.289528e+01 5.867863e+00 2.000000e+00
   vertex 2.281919e+01 5.986613e+00 1.500000e+00
   vertex 2.274912e+01 6.110958e+00 2.000000e+00
  endloop
 endfacet
 facet normal 8.419586e-01 5.395421e-01 0.000000e+00
  outer loop
   vertex 2.281919e+01 5.986613e+00 1.500000e+00
   vertex 2.289528e+01 5.867863e+00 1.666667e+00
   vertex 2.289528e+01 5.867863e+00 1.333333e+00
  endloop
 endfacet
 facet normal 8.419586e-01 5.395421e-01 0.000000e+00
  outer loop
   vertex 2.281919e+01 5.986613e+00 1.500000e+00
   vertex 2.289528e+01 5.867863e+00 2.000000e+00
   vertex 2.289528e+01 5.867863e+00 1.666667e+00
  endloop
 endfacet
 facet normal 0.000000e+00 0.000000e+00 -1.000000e+00
  outer loop
   vertex 2.141793e+01 5.105185e+00 3.600000e+00
   vertex 2.138637e+01 5.481142e+00 3.600000e+00
   vertex 2.196869e+01 5.403216e+00 3.600000e+00
  endloop
 endfacet
 facet normal 0.000000e+00 0.000000e+00 -1.000000e+00
  outer loop
   vertex 2.148110e+01 4.750063e+00 3.600000e+00
   vertex 2.141793e+01 5.105185e+00 3.600000e+00
   vertex 2.177685e+01 4.748482e+00 3.600000e+00
  endloop
 endfacet
 facet normal 0.000000e+00 0.000000e+00 -1.000000e+00
  outer loop
   vertex 2.177685e+01 4.748482e+00 3.600000e+00
   vertex 2.169907e+01 4.070670e+00 3.600000e+00
   vertex 2.157491e+01 4.405497e+00 3.600000e+00
  endloop
 endfacet
 facet normal 0.000000e+00 0.000000e+00 -1.000000e+00
  outer loop
   vertex 2.177685e+01 4.748482e+00 3.600000e+00
   vertex 2.141793e+01 5.105185e+00 3.600000e+00
   vertex 2.196869e+01 5.403216e+00 3.600000e+00
  endloop
 endfacet
 facet normal 0.000000e+00 0.000000e+00 -1.000000e+00
  outer loop
   vertex 2.157491e+01 4.405497e+00 3.600000e+00
   vertex 2.148110e+01 4.750063e+00 3.600000e+00
   vertex 2.177685e+01 4.748482e+00 3.600000e+00
  endloop
 endfacet
 facet normal 0.000000e+00 -0.000000e+00 -1.000000e+00
  outer loop
   vertex 2.141587e+01 6.133775e+00 3.600000e+00
   vertex 2.196869e+01 5.403216e+00 3.600000e+00
   vertex 2.138637e+01 5.481142e+00 3.600000e+00
  endloop
 endfacet
 facet normal 0.000000e+00 0.000000e+00 -1.000000e+00
  outer loop
   vertex 2.155122e+01 6.772902e+00 3.600000e+00
   vertex 2.178879e+01 7.381473e+00 3.600000e+00
   vertex 2.266907e+01 6.568483e+00 3.600000e+00
  endloop
 endfacet
 facet normal 0.000000e+00 -0.000000e+00 -1.000000e+00
  outer loop
   vertex 2.212226e+01 7.943255e+00 3.600000e+00
   vertex 2.315723e+01 7.045116e+00 3.600000e+00
   vertex 2.178879e+01 7.381473e+00 3.600000e+00
  endloop
 endfacet
 facet normal 0.000000e+00 0.000000e+00 -1.000000e+00
  outer loop
   vertex 2.226901e+01 6.015824e+00 3.600000e+00
   vertex 2.141587e+01 6.133775e+00 3.600000e+00
   vertex 2.155122e+01 6.772902e+00 3.600000e+00
  endloop
 endfacet
 facet normal 0.000000e+00 -0.000000e+00 -1.000000e+00
  outer loop
   vertex 2.254273e+01 8.443263e+00 3.600000e+00
   vertex 2.371929e+01 7.431855e+00 3.600000e+00
   vertex 2.212226e+01 7.943255e+00 3.600000e+00
  endloop
 endfacet
 facet normal 0.000000e+00 0.000000e+00 -1.000000e+00
  outer loop
   vertex 2.254273e+01 8.443263e+00 3.600000e+00
   vertex 2.303898e+01 8.868157e+00 3.600000e+00
   vertex 2.371929e+01 7.431855e+00 3.600000e+00
  endloop
 endfacet
 facet normal 0.000000e+00 0.000000e+00 -1.000000e+00
  outer loop
   vertex 2.178879e+01 7.381473e+00 3.600000e+00
   vertex 2.315723e+01 7.045116e+00 3.600000e+00
   vertex 2.266907e+01 6.568483e+00 3.600000e+00
  endloop
 endfacet
 facet normal 0.000000e+00 0.000000e+00 -1.000000e+00
  outer loop
   vertex 2.226901e+01 6.015824e+00 3.600000e+00
   vertex 2.155122e+01 6.772902e+00 3.600000e+00
   vertex 2.266907e+01 6.568483e+00 3.600000e+00
  endloop
 endfacet
 facet normal -0.000000e+00 0.000000e+00 -1.000000e+00
  outer loop
   vertex 2.226901e+01 6.015824e+00 3.600000e+00
   vertex 2.196869e+01 5.403216e+00 3.600000e+00
   vertex 2.141587e+01 6.133775e+00 3.600000e+00
  endloop
 endfacet
 facet normal 0.000000e+00 0.000000e+00 -1.000000e+00
  outer loop
   vertex 2.371929e+01 7.431855e+00 3.600000e+00
   vertex 2.303898e+01 8.868157e+00 3.600000e+00
   vertex 2.433890e+01 7.717451e+00 3.600000e+00
  endloop
 endfacet
 facet normal 0.000000e+00 0.000000e+00 -1.000000e+00
  outer loop
   vertex 2.420421e+01 9.449579e+00 3.600000e+00
   vertex 2.499803e+01 7.893593e+00 3.600000e+00
   vertex 2.433890e+01 7.717451e+00 3.600000e+00
  endloop
 endfacet
 facet normal 0.000000e+00 0.000000e+00 -1.000000e+00
  outer loop
   vertex 2.303898e+01 8.868157e+00 3.600000e+00
   vertex 2.359778e+01 9.206606e+00 3.600000e+00
   vertex 2.433890e+01 7.717451e+00 3.600000e+00
  endloop
 endfacet
 facet normal 0.000000e+00 0.000000e+00 -1.000000e+00
  outer loop
   vertex 2.736502e+01 9.102247e+00 3.600000e+00
   vertex 2.820671e+01 7.070231e+00 3.600000e+00
   vertex 2.764083e+01 7.451360e+00 3.600000e+00
  endloop
 endfacet
 facet normal 0.000000e+00 0.000000e+00 -1.000000e+00
  outer loop
   vertex 2.736502e+01 9.102247e+00 3.600000e+00
   vertex 2.701841e+01 7.730778e+00 3.600000e+00
   vertex 2.635756e+01 7.900355e+00 3.600000e+00
  endloop
 endfacet
 facet normal 0.000000e+00 0.000000e+00 -1.000000e+00
  outer loop
   vertex 2.701841e+01 7.730778e+00 3.600000e+00
   vertex 2.736502e+01 9.102247e+00 3.600000e+00
   vertex 2.764083e+01 7.451360e+00 3.600000e+00
  endloop
 endfacet
 facet normal 0.000000e+00 0.000000e+00 -1.000000e+00
  outer loop
   vertex 2.499803e+01 7.893593e+00 3.600000e+00
   vertex 2.420421e+01 9.449579e+00 3.600000e+00
   vertex 2.484211e+01 9.590596e+00 3.600000e+00
  endloop
 endfacet
 facet normal 0.000000e+00 0.000000e+00 -1.000000e+00
  outer loop
   vertex 2.484211e+01 9.590596e+00 3.600000e+00
   vertex 2.549446e+01 9.625896e+00 3.600000e+00
   vertex 2.567750e+01 7.955159e+00 3.600000e+00
  endloop
 endfacet
 facet normal 0.000000e+00 -0.000000e+00 -1.000000e+00
  outer loop
   vertex 2.420421e+01 9.449579e+00 3.600000e+00
   vertex 2.433890e+01 7.717451e+00 3.600000e+00
   vertex 2.359778e+01 9.206606e+00 3.600000e+00
  endloop
 endfacet
 facet normal 0.000000e+00 0.000000e+00 -1.000000e+00
  outer loop
   vertex 2.635756e+01 7.900355e+00 3.600000e+00
   vertex 2.614385e+01 9.554537e+00 3.600000e+00
   vertex 2.677296e+01 9.378421e+00 3.600000e+00
  endloop
 endfacet
 facet normal -0.000000e+00 0.000000e+00 -1.000000e+00
  outer loop
   vertex 2.736502e+01 9.102247e+00 3.600000e+00
   vertex 2.635756e+01 7.900355e+00 3.600000e+00
   vertex 2.677296e+01 9.378421e+00 3.600000e+00
  endloop
 endfacet
 facet normal 0.000000e+00 0.000000e+00 -1.000000e+00
  outer loop
   vertex 2.635756e+01 7.900355e+00 3.600000e+00
   vertex 2.567750e+01 7.955159e+00 3.600000e+00
   vertex 2.614385e+01 9.554537e+00 3.600000e+00
  endloop
 endfacet
 facet normal 0.000000e+00 0.000000e+00 -1.000000e+00
  outer loop
   vertex 2.549446e+01 9.625896e+00 3.600000e+00
   vertex 2.614385e+01 9.554537e+00 3.600000e+00
   vertex 2.567750e+01 7.955159e+00 3.600000e+00
  endloop
 endfacet
 facet normal 0.000000e+00 0.000000e+00 -1.000000e+00
  outer loop
   vertex 2.499803e+01 7.893593e+00 3.600000e+00
   vertex 2.484211e+01 9.590596e+00 3.600000e+00
   vertex 2.567750e+01 7.955159e+00 3.600000e+00
  endloop
 endfacet
 facet normal 0.000000e+00 0.000000e+00 -1.000000e+00
  outer loop
   vertex 2.315723e+01 7.045116e+00 3.600000e+00
   vertex 2.212226e+01 7.943255e+00 3.600000e+00
   vertex 2.371929e+01 7.431855e+00 3.600000e+00
  endloop
 endfacet
 facet normal -9.802660e-01 -1.976832e-01 -0.000000e+00
  outer loop
   vertex 2.882133e+01 8.324450e+00 2.686131e+00
   vertex 2.882133e+01 8.324450e+00 2.343066e+00
   vertex 2.892615e+01 7.804651e+00 2.343066e+00
  endloop
 endfacet
 facet normal -9.802660e-01 -1.976832e-01 -0.000000e+00
  outer loop
   vertex 2.882133e+01 8.324450e+00 3.029197e+00
   vertex 2.882133e+01 8.324450e+00 2.686131e+00
   vertex 2.892615e+01 7.804651e+00 2.686131e+00
  endloop
 endfacet
 facet normal -9.455041e-01 -3.256101e-01 -0.000000e+00
  outer loop
   vertex 2.864867e+01 8.825815e+00 2.686131e+00
   vertex 2.864867e+01 8.825815e+00 2.343066e+00
   vertex 2.882133e+01 8.324450e+00 2.343066e+00
  endloop
 endfacet
 facet normal -9.455041e-01 -3.256101e-01 -0.000000e+00
  outer loop
   vertex 2.864867e+01 8.825815e+00 3.029197e+00
   vertex 2.864867e+01 8.825815e+00 2.686131e+00
   vertex 2.882133e+01 8.324450e+00 2.686131e+00
  endloop
 endfacet
 facet normal -9.964219e-01 -8.451898e-02 0.000000e+00
  outer loop
   vertex 2.892615e+01 7.804651e+00 2.343066e+00
   vertex 2.895862e+01 7.421843e+00 2.000000e+00
   vertex 2.895862e+01 7.421843e+00 2.274452e+00
  endloop
 endfacet
 facet normal -9.964219e-01 -8.451898e-02 0.000000e+00
  outer loop
   vertex 2.892615e+01 7.804651e+00 2.343066e+00
   vertex 2.895862e+01 7.421843e+00 2.274452e+00
   vertex 2.895862e+01 7.421843e+00 2.548905e+00
  endloop
 endfacet
 facet normal -9.802660e-01 -1.976832e-01 -0.000000e+00
  outer loop
   vertex 2.882133e+01 8.324450e+00 2.343066e+00
   vertex 2.882133e+01 8.324450e+00 2.000000e+00
   vertex 2.892615e+01 7.804651e+00 2.343066e+00
  endloop
 endfacet
 facet normal -9.859160e-01 -1.499669e-01 7.402408e-02
  outer loop
   vertex 2.895862e+01 7.421843e+00 2.000000e+00
   vertex 2.892615e+01 7.804651e+00 2.343066e+00
   vertex 2.882133e+01 8.324450e+00 2.000000e+00
  endloop
 endfacet
 facet normal -9.455041e-01 -3.256101e-01 0.000000e+00
  outer loop
   vertex 2.882133e+01 8.324450e+00 2.343066e+00
   vertex 2.864867e+01 8.825815e+00 2.343066e+00
   vertex 2.864867e+01 8.825815e+00 2.000000e+00
  endloop
 endfacet
 facet normal -9.964219e-01 -8.451898e-02 0.000000e+00
  outer loop
   vertex 2.895862e+01 7.421843e+00 2.548905e+00
   vertex 2.892615e+01 7.804651e+00 2.686131e+00
   vertex 2.892615e+01 7.804651e+00 2.343066e+00
  endloop
 endfacet
 facet normal -9.964219e-01 -8.451898e-02 -0.000000e+00
  outer loop
   vertex 2.895862e+01 7.421843e+00 2.823357e+00
   vertex 2.892615e+01 7.804651e+00 2.686131e+00
   vertex 2.895862e+01 7.421843e+00 2.548905e+00
  endloop
 endfacet
 facet normal -9.977222e-01 -6.745713e-02 0.000000e+00
  outer loop
   vertex 2.895862e+01 7.421843e+00 3.097810e+00
   vertex 2.895862e+01 7.421843e+00 3.372262e+00
   vertex 2.894193e+01 7.668657e+00 3.350557e+00
  endloop
 endfacet
 facet normal -9.964219e-01 -8.451898e-02 0.000000e+00
  outer loop
   vertex 2.895862e+01 7.421843e+00 2.823357e+00
   vertex 2.895862e+01 7.421843e+00 3.097810e+00
   vertex 2.892615e+01 7.804651e+00 3.029197e+00
  endloop
 endfacet
 facet normal -9.818656e-01 -1.889189e-01 1.579884e-02
  outer loop
   vertex 2.891011e+01 7.913398e+00 3.332908e+00
   vertex 2.886333e+01 8.155381e+00 3.319345e+00
   vertex 2.892615e+01 7.804651e+00 3.029197e+00
  endloop
 endfacet
 facet normal -9.799157e-01 -1.976125e-01 2.672975e-02
  outer loop
   vertex 2.892615e+01 7.804651e+00 3.029197e+00
   vertex 2.886333e+01 8.155381e+00 3.319345e+00
   vertex 2.882133e+01 8.324450e+00 3.029197e+00
  endloop
 endfacet
 facet normal -9.915797e-01 -1.293571e-01 -6.040914e-03
  outer loop
   vertex 2.892615e+01 7.804651e+00 3.029197e+00
   vertex 2.894193e+01 7.668657e+00 3.350557e+00
   vertex 2.891011e+01 7.913398e+00 3.332908e+00
  endloop
 endfacet
 facet normal -9.965326e-01 -8.197350e-02 1.425418e-02
  outer loop
   vertex 2.895862e+01 7.421843e+00 3.097810e+00
   vertex 2.894193e+01 7.668657e+00 3.350557e+00
   vertex 2.892615e+01 7.804651e+00 3.029197e+00
  endloop
 endfacet
 facet normal -9.964219e-01 -8.451898e-02 -0.000000e+00
  outer loop
   vertex 2.892615e+01 7.804651e+00 3.029197e+00
   vertex 2.892615e+01 7.804651e+00 2.686131e+00
   vertex 2.895862e+01 7.421843e+00 2.823357e+00
  endloop
 endfacet
 facet normal -8.941248e-01 -4.478178e-01 -0.000000e+00
  outer loop
   vertex 2.864867e+01 8.825815e+00 2.343066e+00
   vertex 2.841121e+01 9.299936e+00 2.328443e+00
   vertex 2.864867e+01 8.825815e+00 2.000000e+00
  endloop
 endfacet
 facet normal -8.941248e-01 -4.478178e-01 -0.000000e+00
  outer loop
   vertex 2.864867e+01 8.825815e+00 2.686131e+00
   vertex 2.841121e+01 9.299936e+00 2.656886e+00
   vertex 2.864867e+01 8.825815e+00 2.343066e+00
  endloop
 endfacet
 facet normal -8.941248e-01 -4.478178e-01 0.000000e+00
  outer loop
   vertex 2.841121e+01 9.299936e+00 2.656886e+00
   vertex 2.864867e+01 8.825815e+00 2.686131e+00
   vertex 2.841121e+01 9.299936e+00 2.985330e+00
  endloop
 endfacet
 facet normal -9.510685e-01 -3.088123e-01 1.018211e-02
  outer loop
   vertex 2.880177e+01 8.393921e+00 3.309895e+00
   vertex 2.872560e+01 8.628331e+00 3.304585e+00
   vertex 2.882133e+01 8.324450e+00 3.029197e+00
  endloop
 endfacet
 facet normal -9.450603e-01 -3.254572e-01 3.063755e-02
  outer loop
   vertex 2.864867e+01 8.825815e+00 3.029197e+00
   vertex 2.882133e+01 8.324450e+00 3.029197e+00
   vertex 2.872560e+01 8.628331e+00 3.304585e+00
  endloop
 endfacet
 facet normal -9.682064e-01 -2.500914e-01 -5.544766e-03
  outer loop
   vertex 2.886333e+01 8.155381e+00 3.319345e+00
   vertex 2.880177e+01 8.393921e+00 3.309895e+00
   vertex 2.882133e+01 8.324450e+00 3.029197e+00
  endloop
 endfacet
 facet normal -9.301845e-01 -3.670770e-01 -3.364302e-03
  outer loop
   vertex 2.872560e+01 8.628331e+00 3.304585e+00
   vertex 2.863500e+01 8.857927e+00 3.303443e+00
   vertex 2.864867e+01 8.825815e+00 3.029197e+00
  endloop
 endfacet
 facet normal -9.057197e-01 -4.238532e-01 4.502694e-03
  outer loop
   vertex 2.853015e+01 9.082025e+00 3.306497e+00
   vertex 2.864867e+01 8.825815e+00 3.029197e+00
   vertex 2.863500e+01 8.857927e+00 3.303443e+00
  endloop
 endfacet
 facet normal -8.948220e-01 -4.454714e-01 2.913443e-02
  outer loop
   vertex 2.841121e+01 9.299936e+00 2.985330e+00
   vertex 2.864867e+01 8.825815e+00 3.029197e+00
   vertex 2.853015e+01 9.082025e+00 3.306497e+00
  endloop
 endfacet
 facet normal -8.777611e-01 -4.790987e-01 0.000000e+00
  outer loop
   vertex 2.853015e+01 9.082025e+00 3.306497e+00
   vertex 2.841121e+01 9.299936e+00 3.313773e+00
   vertex 2.841121e+01 9.299936e+00 2.985330e+00
  endloop
 endfacet
 facet normal 9.710573e-01 2.388466e-01 0.000000e+00
  outer loop
   vertex 2.112413e+01 6.145878e+00 2.800000e+00
   vertex 2.112413e+01 6.145878e+00 2.400000e+00
   vertex 2.103792e+01 6.496398e+00 2.400000e+00
  endloop
 endfacet
 facet normal 9.710573e-01 2.388466e-01 0.000000e+00
  outer loop
   vertex 2.112413e+01 6.145878e+00 3.200000e+00
   vertex 2.112413e+01 6.145878e+00 2.800000e+00
   vertex 2.103792e+01 6.496398e+00 2.800000e+00
  endloop
 endfacet
 facet normal 9.457066e-01 3.250215e-01 0.000000e+00
  outer loop
   vertex 2.124038e+01 5.807642e+00 2.800000e+00
   vertex 2.124038e+01 5.807642e+00 2.400000e+00
   vertex 2.112413e+01 6.145878e+00 2.400000e+00
  endloop
 endfacet
 facet normal 9.457066e-01 3.250215e-01 0.000000e+00
  outer loop
   vertex 2.124038e+01 5.807642e+00 3.200000e+00
   vertex 2.124038e+01 5.807642e+00 2.800000e+00
   vertex 2.112413e+01 6.145878e+00 2.800000e+00
  endloop
 endfacet
 facet normal 9.889141e-01 1.484889e-01 0.000000e+00
  outer loop
   vertex 2.103792e+01 6.496398e+00 2.400000e+00
   vertex 2.098210e+01 6.868142e+00 2.000000e+00
   vertex 2.098210e+01 6.868142e+00 2.266667e+00
  endloop
 endfacet
 facet normal 9.889141e-01 1.484889e-01 0.000000e+00
  outer loop
   vertex 2.103792e+01 6.496398e+00 2.400000e+00
   vertex 2.098210e+01 6.868142e+00 2.266667e+00
   vertex 2.098210e+01 6.868142e+00 2.533333e+00
  endloop
 endfacet
 facet normal 9.710573e-01 2.388466e-01 0.000000e+00
  outer loop
   vertex 2.112413e+01 6.145878e+00 2.400000e+00
   vertex 2.112413e+01 6.145878e+00 2.000000e+00
   vertex 2.103792e+01 6.496398e+00 2.400000e+00
  endloop
 endfacet
 facet normal 9.803265e-01 1.927830e-01 4.236342e-02
  outer loop
   vertex 2.098210e+01 6.868142e+00 2.000000e+00
   vertex 2.103792e+01 6.496398e+00 2.400000e+00
   vertex 2.112413e+01 6.145878e+00 2.000000e+00
  endloop
 endfacet
 facet normal 9.457066e-01 3.250215e-01 0.000000e+00
  outer loop
   vertex 2.112413e+01 6.145878e+00 2.400000e+00
   vertex 2.124038e+01 5.807642e+00 2.400000e+00
   vertex 2.124038e+01 5.807642e+00 2.000000e+00
  endloop
 endfacet
 facet normal 9.889141e-01 1.484889e-01 -0.000000e+00
  outer loop
   vertex 2.103792e+01 6.496398e+00 2.400000e+00
   vertex 2.098210e+01 6.868142e+00 2.533333e+00
   vertex 2.103792e+01 6.496398e+00 2.800000e+00
  endloop
 endfacet
 facet normal 9.889141e-01 1.484889e-01 0.000000e+00
  outer loop
   vertex 2.098210e+01 6.868142e+00 3.066667e+00
   vertex 2.103792e+01 6.496398e+00 3.200000e+00
   vertex 2.103792e+01 6.496398e+00 2.800000e+00
  endloop
 endfacet
 facet normal 9.889141e-01 1.484889e-01 0.000000e+00
  outer loop
   vertex 2.103792e+01 6.496398e+00 3.200000e+00
   vertex 2.098210e+01 6.868142e+00 3.066667e+00
   vertex 2.098210e+01 6.868142e+00 3.333333e+00
  endloop
 endfacet
 facet normal 9.889141e-01 1.484889e-01 -0.000000e+00
  outer loop
   vertex 2.103792e+01 6.496398e+00 3.200000e+00
   vertex 2.098210e+01 6.868142e+00 3.333333e+00
   vertex 2.103792e+01 6.496398e+00 3.600000e+00
  endloop
 endfacet
 facet normal 9.710573e-01 2.388466e-01 0.000000e+00
  outer loop
   vertex 2.103792e+01 6.496398e+00 3.600000e+00
   vertex 2.112413e+01 6.145878e+00 3.600000e+00
   vertex 2.112413e+01 6.145878e+00 3.200000e+00
  endloop
 endfacet
 facet normal 9.128931e-01 4.081988e-01 0.000000e+00
  outer loop
   vertex 2.124038e+01 5.807642e+00 2.400000e+00
   vertex 2.138637e+01 5.481142e+00 2.266667e+00
   vertex 2.124038e+01 5.807642e+00 2.000000e+00
  endloop
 endfacet
 facet normal 9.128931e-01 4.081988e-01 0.000000e+00
  outer loop
   vertex 2.124038e+01 5.807642e+00 2.800000e+00
   vertex 2.138637e+01 5.481142e+00 2.800000e+00
   vertex 2.138637e+01 5.481142e+00 2.533333e+00
  endloop
 endfacet
 facet normal 9.128931e-01 4.081988e-01 0.000000e+00
  outer loop
   vertex 2.124038e+01 5.807642e+00 2.400000e+00
   vertex 2.138637e+01 5.481142e+00 2.533333e+00
   vertex 2.138637e+01 5.481142e+00 2.266667e+00
  endloop
 endfacet
 facet normal 9.128931e-01 4.081988e-01 -0.000000e+00
  outer loop
   vertex 2.138637e+01 5.481142e+00 2.800000e+00
   vertex 2.124038e+01 5.807642e+00 2.800000e+00
   vertex 2.138637e+01 5.481142e+00 3.066667e+00
  endloop
 endfacet
 facet normal 9.457066e-01 3.250215e-01 0.000000e+00
  outer loop
   vertex 2.112413e+01 6.145878e+00 3.600000e+00
   vertex 2.124038e+01 5.807642e+00 3.600000e+00
   vertex 2.124038e+01 5.807642e+00 3.200000e+00
  endloop
 endfacet
 facet normal 9.128931e-01 4.081988e-01 0.000000e+00
  outer loop
   vertex 2.124038e+01 5.807642e+00 3.600000e+00
   vertex 2.138637e+01 5.481142e+00 3.600000e+00
   vertex 2.138637e+01 5.481142e+00 3.333333e+00
  endloop
 endfacet
 facet normal 9.128931e-01 4.081988e-01 -0.000000e+00
  outer loop
   vertex 2.138637e+01 5.481142e+00 3.066667e+00
   vertex 2.124038e+01 5.807642e+00 3.200000e+00
   vertex 2.138637e+01 5.481142e+00 3.333333e+00
  endloop
 endfacet
 facet normal -9.787793e-01 -2.049173e-01 -0.000000e+00
  outer loop
   vertex 2.810529e+01 4.627563e+00 1.000000e+00
   vertex 2.810529e+01 4.627563e+00 5.000000e-01
   vertex 2.817278e+01 4.305201e+00 5.000000e-01
  endloop
 endfacet
 facet normal -9.787793e-01 -2.049173e-01 -0.000000e+00
  outer loop
   vertex 2.810529e+01 4.627563e+00 1.500000e+00
   vertex 2.810529e+01 4.627563e+00 1.000000e+00
   vertex 2.817278e+01 4.305201e+00 1.000000e+00
  endloop
 endfacet
 facet normal -9.436255e-01 -3.310151e-01 -0.000000e+00
  outer loop
   vertex 2.799764e+01 4.934448e+00 1.000000e+00
   vertex 2.799764e+01 4.934448e+00 5.000000e-01
   vertex 2.810529e+01 4.627563e+00 5.000000e-01
  endloop
 endfacet
 facet normal -9.436255e-01 -3.310151e-01 -0.000000e+00
  outer loop
   vertex 2.799764e+01 4.934448e+00 1.500000e+00
   vertex 2.799764e+01 4.934448e+00 1.000000e+00
   vertex 2.810529e+01 4.627563e+00 1.000000e+00
  endloop
 endfacet
 facet normal -9.977843e-01 -6.653247e-02 0.000000e+00
  outer loop
   vertex 2.817527e+01 4.287134e+00 0.000000e+00
   vertex 2.819740e+01 3.955208e+00 0.000000e+00
   vertex 2.819740e+01 3.955208e+00 3.333333e-01
  endloop
 endfacet
 facet normal -9.975350e-01 -7.017103e-02 0.000000e+00
  outer loop
   vertex 2.817278e+01 4.305201e+00 5.000000e-01
   vertex 2.819740e+01 3.955208e+00 3.333333e-01
   vertex 2.819740e+01 3.955208e+00 6.666667e-01
  endloop
 endfacet
 facet normal -9.801142e-01 -1.984212e-01 2.294448e-03
  outer loop
   vertex 2.817527e+01 4.287134e+00 0.000000e+00
   vertex 2.817278e+01 4.305201e+00 5.000000e-01
   vertex 2.810926e+01 4.613183e+00 0.000000e+00
  endloop
 endfacet
 facet normal -9.975350e-01 -7.017103e-02 0.000000e+00
  outer loop
   vertex 2.817278e+01 4.305201e+00 5.000000e-01
   vertex 2.819740e+01 3.955208e+00 6.666667e-01
   vertex 2.817278e+01 4.305201e+00 1.000000e+00
  endloop
 endfacet
 facet normal -9.976136e-01 -6.900073e-02 -2.469172e-03
  outer loop
   vertex 2.817527e+01 4.287134e+00 0.000000e+00
   vertex 2.819740e+01 3.955208e+00 3.333333e-01
   vertex 2.817278e+01 4.305201e+00 5.000000e-01
  endloop
 endfacet
 facet normal -9.975350e-01 -7.017103e-02 0.000000e+00
  outer loop
   vertex 2.817278e+01 4.305201e+00 1.500000e+00
   vertex 2.819740e+01 3.955208e+00 1.333333e+00
   vertex 2.819740e+01 3.955208e+00 1.666667e+00
  endloop
 endfacet
 facet normal -9.977843e-01 -6.653247e-02 0.000000e+00
  outer loop
   vertex 2.817527e+01 4.287134e+00 2.000000e+00
   vertex 2.819740e+01 3.955208e+00 1.666667e+00
   vertex 2.819740e+01 3.955208e+00 2.000000e+00
  endloop
 endfacet
 facet normal -9.976136e-01 -6.900073e-02 2.469172e-03
  outer loop
   vertex 2.819740e+01 3.955208e+00 1.666667e+00
   vertex 2.817527e+01 4.287134e+00 2.000000e+00
   vertex 2.817278e+01 4.305201e+00 1.500000e+00
  endloop
 endfacet
 facet normal -9.801142e-01 -1.984212e-01 -2.294448e-03
  outer loop
   vertex 2.817278e+01 4.305201e+00 1.500000e+00
   vertex 2.817527e+01 4.287134e+00 2.000000e+00
   vertex 2.810926e+01 4.613183e+00 2.000000e+00
  endloop
 endfacet
 facet normal -9.975350e-01 -7.017103e-02 0.000000e+00
  outer loop
   vertex 2.817278e+01 4.305201e+00 1.000000e+00
   vertex 2.819740e+01 3.955208e+00 1.000000e+00
   vertex 2.819740e+01 3.955208e+00 1.333333e+00
  endloop
 endfacet
 facet normal -9.436250e-01 -3.310149e-01 -9.466271e-04
  outer loop
   vertex 2.799764e+01 4.934448e+00 5.000000e-01
   vertex 2.800055e+01 4.927581e+00 0.000000e+00
   vertex 2.810529e+01 4.627563e+00 5.000000e-01
  endloop
 endfacet
 facet normal -8.928952e-01 -4.502634e-01 9.865384e-04
  outer loop
   vertex 2.785106e+01 5.224762e+00 3.333333e-01
   vertex 2.800055e+01 4.927581e+00 0.000000e+00
   vertex 2.799764e+01 4.934448e+00 5.000000e-01
  endloop
 endfacet
 facet normal -8.933403e-01 -4.493807e-01 0.000000e+00
  outer loop
   vertex 2.800055e+01 4.927581e+00 0.000000e+00
   vertex 2.785106e+01 5.224762e+00 3.333333e-01
   vertex 2.785106e+01 5.224762e+00 0.000000e+00
  endloop
 endfacet
 facet normal -8.926679e-01 -4.507150e-01 0.000000e+00
  outer loop
   vertex 2.799764e+01 4.934448e+00 1.000000e+00
   vertex 2.785106e+01 5.224762e+00 1.000000e+00
   vertex 2.785106e+01 5.224762e+00 6.666667e-01
  endloop
 endfacet
 facet normal -8.926679e-01 -4.507150e-01 0.000000e+00
  outer loop
   vertex 2.799764e+01 4.934448e+00 5.000000e-01
   vertex 2.785106e+01 5.224762e+00 6.666667e-01
   vertex 2.785106e+01 5.224762e+00 3.333333e-01
  endloop
 endfacet
 facet normal -9.450948e-01 -3.267907e-01 -1.895959e-03
  outer loop
   vertex 2.810529e+01 4.627563e+00 1.500000e+00
   vertex 2.810926e+01 4.613183e+00 2.000000e+00
   vertex 2.800055e+01 4.927581e+00 2.000000e+00
  endloop
 endfacet
 facet normal -8.926679e-01 -4.507150e-01 -0.000000e+00
  outer loop
   vertex 2.785106e+01 5.224762e+00 1.666667e+00
   vertex 2.785106e+01 5.224762e+00 1.333333e+00
   vertex 2.799764e+01 4.934448e+00 1.500000e+00
  endloop
 endfacet
 facet normal -8.926679e-01 -4.507150e-01 -0.000000e+00
  outer loop
   vertex 2.799764e+01 4.934448e+00 1.500000e+00
   vertex 2.785106e+01 5.224762e+00 1.333333e+00
   vertex 2.799764e+01 4.934448e+00 1.000000e+00
  endloop
 endfacet
 facet normal -8.933403e-01 -4.493807e-01 0.000000e+00
  outer loop
   vertex 2.785106e+01 5.224762e+00 1.666667e+00
   vertex 2.800055e+01 4.927581e+00 2.000000e+00
   vertex 2.785106e+01 5.224762e+00 2.000000e+00
  endloop
 endfacet
 facet normal -8.928952e-01 -4.502634e-01 -9.865384e-04
  outer loop
   vertex 2.799764e+01 4.934448e+00 1.500000e+00
   vertex 2.800055e+01 4.927581e+00 2.000000e+00
   vertex 2.785106e+01 5.224762e+00 1.666667e+00
  endloop
 endfacet
 facet normal 0.000000e+00 0.000000e+00 1.000000e+00
  outer loop
   vertex 2.746245e+01 8.239493e+00 2.000000e+00
   vertex 2.796420e+01 8.683731e+00 2.000000e+00
   vertex 2.751457e+01 8.564161e+00 2.000000e+00
  endloop
 endfacet
 facet normal 0.000000e+00 0.000000e+00 1.000000e+00
  outer loop
   vertex 2.753005e+01 9.002809e+00 2.000000e+00
   vertex 2.753201e+01 8.892524e+00 2.000000e+00
   vertex 2.796420e+01 8.683731e+00 2.000000e+00
  endloop
 endfacet
 facet normal 0.000000e+00 0.000000e+00 1.000000e+00
  outer loop
   vertex 2.753201e+01 8.892524e+00 2.000000e+00
   vertex 2.751457e+01 8.564161e+00 2.000000e+00
   vertex 2.796420e+01 8.683731e+00 2.000000e+00
  endloop
 endfacet
 facet normal 0.000000e+00 0.000000e+00 1.000000e+00
  outer loop
   vertex 2.835154e+01 8.309200e+00 2.000000e+00
   vertex 2.796420e+01 8.683731e+00 2.000000e+00
   vertex 2.794315e+01 7.265283e+00 2.000000e+00
  endloop
 endfacet
 facet normal 0.000000e+00 0.000000e+00 1.000000e+00
  outer loop
   vertex 2.746245e+01 8.239493e+00 2.000000e+00
   vertex 2.737623e+01 7.922172e+00 2.000000e+00
   vertex 2.741800e+01 7.738809e+00 2.000000e+00
  endloop
 endfacet
 facet normal 0.000000e+00 0.000000e+00 1.000000e+00
  outer loop
   vertex 2.794315e+01 7.265283e+00 2.000000e+00
   vertex 2.741800e+01 7.738809e+00 2.000000e+00
   vertex 2.744587e+01 7.552824e+00 2.000000e+00
  endloop
 endfacet
 facet normal -0.000000e+00 0.000000e+00 1.000000e+00
  outer loop
   vertex 2.746245e+01 8.239493e+00 2.000000e+00
   vertex 2.794315e+01 7.265283e+00 2.000000e+00
   vertex 2.796420e+01 8.683731e+00 2.000000e+00
  endloop
 endfacet
 facet normal 0.000000e+00 0.000000e+00 1.000000e+00
  outer loop
   vertex 2.839412e+01 6.909479e+00 2.000000e+00
   vertex 2.835154e+01 8.309200e+00 2.000000e+00
   vertex 2.794315e+01 7.265283e+00 2.000000e+00
  endloop
 endfacet
 facet normal -0.000000e+00 0.000000e+00 1.000000e+00
  outer loop
   vertex 2.741800e+01 7.738809e+00 2.000000e+00
   vertex 2.794315e+01 7.265283e+00 2.000000e+00
   vertex 2.746245e+01 8.239493e+00 2.000000e+00
  endloop
 endfacet
 facet normal 0.000000e+00 -0.000000e+00 1.000000e+00
  outer loop
   vertex 2.839412e+01 6.909479e+00 2.000000e+00
   vertex 2.868503e+01 7.886012e+00 2.000000e+00
   vertex 2.835154e+01 8.309200e+00 2.000000e+00
  endloop
 endfacet
 facet normal -0.000000e+00 0.000000e+00 1.000000e+00
  outer loop
   vertex 2.839412e+01 6.909479e+00 2.000000e+00
   vertex 2.878947e+01 6.492749e+00 2.000000e+00
   vertex 2.895862e+01 7.421843e+00 2.000000e+00
  endloop
 endfacet
 facet normal 0.000000e+00 0.000000e+00 1.000000e+00
  outer loop
   vertex 2.913941e+01 7.003871e+00 2.000000e+00
   vertex 2.895862e+01 7.421843e+00 2.000000e+00
   vertex 2.878947e+01 6.492749e+00 2.000000e+00
  endloop
 endfacet
 facet normal 0.000000e+00 0.000000e+00 1.000000e+00
  outer loop
   vertex 2.868503e+01 7.886012e+00 2.000000e+00
   vertex 2.839412e+01 6.909479e+00 2.000000e+00
   vertex 2.895862e+01 7.421843e+00 2.000000e+00
  endloop
 endfacet
 facet normal 0.000000e+00 -0.000000e+00 1.000000e+00
  outer loop
   vertex 2.912105e+01 6.023687e+00 2.000000e+00
   vertex 2.927153e+01 6.568059e+00 2.000000e+00
   vertex 2.878947e+01 6.492749e+00 2.000000e+00
  endloop
 endfacet
 facet normal 0.000000e+00 0.000000e+00 1.000000e+00
  outer loop
   vertex 2.913941e+01 7.003871e+00 2.000000e+00
   vertex 2.878947e+01 6.492749e+00 2.000000e+00
   vertex 2.927153e+01 6.568059e+00 2.000000e+00
  endloop
 endfacet
 facet normal 0.000000e+00 0.000000e+00 1.000000e+00
  outer loop
   vertex 2.935391e+01 6.114638e+00 2.000000e+00
   vertex 2.927153e+01 6.568059e+00 2.000000e+00
   vertex 2.912105e+01 6.023687e+00 2.000000e+00
  endloop
 endfacet
 facet normal 0.000000e+00 -0.000000e+00 1.000000e+00
  outer loop
   vertex 2.938203e+01 5.511968e+00 2.000000e+00
   vertex 2.938276e+01 5.540720e+00 2.000000e+00
   vertex 2.912105e+01 6.023687e+00 2.000000e+00
  endloop
 endfacet
 facet normal 0.000000e+00 0.000000e+00 1.000000e+00
  outer loop
   vertex 2.938328e+01 5.569598e+00 2.000000e+00
   vertex 2.912105e+01 6.023687e+00 2.000000e+00
   vertex 2.938276e+01 5.540720e+00 2.000000e+00
  endloop
 endfacet
 facet normal 0.000000e+00 -0.000000e+00 1.000000e+00
  outer loop
   vertex 2.938328e+01 5.569598e+00 2.000000e+00
   vertex 2.938359e+01 5.598513e+00 2.000000e+00
   vertex 2.912105e+01 6.023687e+00 2.000000e+00
  endloop
 endfacet
 facet normal 0.000000e+00 0.000000e+00 1.000000e+00
  outer loop
   vertex 2.938370e+01 5.627430e+00 2.000000e+00
   vertex 2.912105e+01 6.023687e+00 2.000000e+00
   vertex 2.938359e+01 5.598513e+00 2.000000e+00
  endloop
 endfacet
 facet normal 0.000000e+00 0.000000e+00 1.000000e+00
  outer loop
   vertex 2.938370e+01 5.627430e+00 2.000000e+00
   vertex 2.935391e+01 6.114638e+00 2.000000e+00
   vertex 2.912105e+01 6.023687e+00 2.000000e+00
  endloop
 endfacet
 facet normal 0.000000e+00 0.000000e+00 1.000000e+00
  outer loop
   vertex 2.138637e+01 5.481142e+00 2.000000e+00
   vertex 2.148110e+01 4.750063e+00 2.000000e+00
   vertex 2.176803e+01 4.703562e+00 2.000000e+00
  endloop
 endfacet
 facet normal -0.000000e+00 0.000000e+00 1.000000e+00
  outer loop
   vertex 2.138637e+01 5.481142e+00 2.000000e+00
   vertex 2.193653e+01 5.317497e+00 2.000000e+00
   vertex 2.141311e+01 6.111595e+00 2.000000e+00
  endloop
 endfacet
 facet normal 0.000000e+00 -0.000000e+00 1.000000e+00
  outer loop
   vertex 2.157491e+01 4.405497e+00 2.000000e+00
   vertex 2.176803e+01 4.703562e+00 2.000000e+00
   vertex 2.148110e+01 4.750063e+00 2.000000e+00
  endloop
 endfacet
 facet normal 0.000000e+00 0.000000e+00 1.000000e+00
  outer loop
   vertex 2.176803e+01 4.703562e+00 2.000000e+00
   vertex 2.157491e+01 4.405497e+00 2.000000e+00
   vertex 2.169907e+01 4.070670e+00 2.000000e+00
  endloop
 endfacet
 facet normal -0.000000e+00 0.000000e+00 1.000000e+00
  outer loop
   vertex 2.141311e+01 6.111595e+00 2.000000e+00
   vertex 2.193653e+01 5.317497e+00 2.000000e+00
   vertex 2.153865e+01 6.729998e+00 2.000000e+00
  endloop
 endfacet
 facet normal 0.000000e+00 -0.000000e+00 1.000000e+00
  outer loop
   vertex 2.220029e+01 5.896923e+00 2.000000e+00
   vertex 2.225051e+01 6.690006e+00 2.000000e+00
   vertex 2.198479e+01 6.989606e+00 2.000000e+00
  endloop
 endfacet
 facet normal -0.000000e+00 0.000000e+00 1.000000e+00
  outer loop
   vertex 2.153865e+01 6.729998e+00 2.000000e+00
   vertex 2.193653e+01 5.317497e+00 2.000000e+00
   vertex 2.198479e+01 6.989606e+00 2.000000e+00
  endloop
 endfacet
 facet normal 0.000000e+00 0.000000e+00 1.000000e+00
  outer loop
   vertex 2.193653e+01 5.317497e+00 2.000000e+00
   vertex 2.138637e+01 5.481142e+00 2.000000e+00
   vertex 2.176803e+01 4.703562e+00 2.000000e+00
  endloop
 endfacet
 facet normal 0.000000e+00 0.000000e+00 1.000000e+00
  outer loop
   vertex 2.225051e+01 6.690006e+00 2.000000e+00
   vertex 2.220029e+01 5.896923e+00 2.000000e+00
   vertex 2.255265e+01 6.427161e+00 2.000000e+00
  endloop
 endfacet
 facet normal 0.000000e+00 0.000000e+00 1.000000e+00
  outer loop
   vertex 2.220029e+01 5.896923e+00 2.000000e+00
   vertex 2.198479e+01 6.989606e+00 2.000000e+00
   vertex 2.193653e+01 5.317497e+00 2.000000e+00
  endloop
 endfacet
 facet normal 0.000000e+00 0.000000e+00 1.000000e+00
  outer loop
   vertex 2.198479e+01 6.989606e+00 2.000000e+00
   vertex 2.175989e+01 7.320963e+00 2.000000e+00
   vertex 2.153865e+01 6.729998e+00 2.000000e+00
  endloop
 endfacet
 facet normal -9.948181e-01 1.016705e-01 0.000000e+00
  outer loop
   vertex 2.787538e+01 5.423696e+00 1.000000e+00
   vertex 2.787538e+01 5.423696e+00 5.000000e-01
   vertex 2.786508e+01 5.322935e+00 5.000000e-01
  endloop
 endfacet
 facet normal -9.948181e-01 1.016705e-01 0.000000e+00
  outer loop
   vertex 2.787538e+01 5.423696e+00 1.500000e+00
   vertex 2.787538e+01 5.423696e+00 1.000000e+00
   vertex 2.786508e+01 5.322935e+00 1.000000e+00
  endloop
 endfacet
 facet normal -9.981289e-01 6.114477e-02 0.000000e+00
  outer loop
   vertex 2.788162e+01 5.525478e+00 1.000000e+00
   vertex 2.788162e+01 5.525478e+00 5.000000e-01
   vertex 2.787538e+01 5.423696e+00 5.000000e-01
  endloop
 endfacet
 facet normal -9.981289e-01 6.114477e-02 0.000000e+00
  outer loop
   vertex 2.788162e+01 5.525478e+00 1.500000e+00
   vertex 2.788162e+01 5.525478e+00 1.000000e+00
   vertex 2.787538e+01 5.423696e+00 1.000000e+00
  endloop
 endfacet
 facet normal -9.899440e-01 1.414597e-01 0.000000e+00
  outer loop
   vertex 2.786508e+01 5.322935e+00 5.000000e-01
   vertex 2.785106e+01 5.224762e+00 0.000000e+00
   vertex 2.785106e+01 5.224762e+00 3.333333e-01
  endloop
 endfacet
 facet normal -9.899440e-01 1.414597e-01 0.000000e+00
  outer loop
   vertex 2.786508e+01 5.322935e+00 5.000000e-01
   vertex 2.785106e+01 5.224762e+00 3.333333e-01
   vertex 2.785106e+01 5.224762e+00 6.666667e-01
  endloop
 endfacet
 facet normal -9.899440e-01 1.414597e-01 0.000000e+00
  outer loop
   vertex 2.786508e+01 5.322935e+00 5.000000e-01
   vertex 2.785106e+01 5.224762e+00 6.666667e-01
   vertex 2.786508e+01 5.322935e+00 1.000000e+00
  endloop
 endfacet
 facet normal -9.948181e-01 1.016705e-01 7.298416e-05
  outer loop
   vertex 2.786508e+01 5.322935e+00 5.000000e-01
   vertex 2.787538e+01 5.423696e+00 5.000000e-01
   vertex 2.787552e+01 5.425436e+00 0.000000e+00
  endloop
 endfacet
 facet normal -9.926405e-01 1.210294e-01 4.087058e-03
  outer loop
   vertex 2.787552e+01 5.425436e+00 0.000000e+00
   vertex 2.785106e+01 5.224762e+00 0.000000e+00
   vertex 2.786508e+01 5.322935e+00 5.000000e-01
  endloop
 endfacet
 facet normal -9.899440e-01 1.414597e-01 0.000000e+00
  outer loop
   vertex 2.786508e+01 5.322935e+00 1.500000e+00
   vertex 2.785106e+01 5.224762e+00 1.333333e+00
   vertex 2.785106e+01 5.224762e+00 1.666667e+00
  endloop
 endfacet
 facet normal -9.899440e-01 1.414597e-01 0.000000e+00
  outer loop
   vertex 2.786508e+01 5.322935e+00 1.500000e+00
   vertex 2.785106e+01 5.224762e+00 1.666667e+00
   vertex 2.785106e+01 5.224762e+00 2.000000e+00
  endloop
 endfacet
 facet normal -9.948181e-01 1.016705e-01 -7.298416e-05
  outer loop
   vertex 2.787552e+01 5.425436e+00 2.000000e+00
   vertex 2.787538e+01 5.423696e+00 1.500000e+00
   vertex 2.786508e+01 5.322935e+00 1.500000e+00
  endloop
 endfacet
 facet normal -9.899440e-01 1.414597e-01 0.000000e+00
  outer loop
   vertex 2.786508e+01 5.322935e+00 1.000000e+00
   vertex 2.785106e+01 5.224762e+00 1.000000e+00
   vertex 2.785106e+01 5.224762e+00 1.333333e+00
  endloop
 endfacet
 facet normal -9.991741e-01 4.042804e-02 4.088860e-03
  outer loop
   vertex 2.788162e+01 5.525478e+00 5.000000e-01
   vertex 2.788370e+01 5.627430e+00 0.000000e+00
   vertex 2.787552e+01 5.425436e+00 0.000000e+00
  endloop
 endfacet
 facet normal -9.997921e-01 2.038779e-02 0.000000e+00
  outer loop
   vertex 2.788370e+01 5.627430e+00 3.333333e-01
   vertex 2.788370e+01 5.627430e+00 0.000000e+00
   vertex 2.788162e+01 5.525478e+00 5.000000e-01
  endloop
 endfacet
 facet normal -9.997921e-01 2.038779e-02 0.000000e+00
  outer loop
   vertex 2.788162e+01 5.525478e+00 5.000000e-01
   vertex 2.788370e+01 5.627430e+00 6.666667e-01
   vertex 2.788370e+01 5.627430e+00 3.333333e-01
  endloop
 endfacet
 facet normal -9.997921e-01 2.038779e-02 0.000000e+00
  outer loop
   vertex 2.788162e+01 5.525478e+00 1.000000e+00
   vertex 2.788370e+01 5.627430e+00 1.000000e+00
   vertex 2.788370e+01 5.627430e+00 6.666667e-01
  endloop
 endfacet
 facet normal -9.981289e-01 6.114477e-02 6.897822e-05
  outer loop
   vertex 2.787552e+01 5.425436e+00 2.000000e+00
   vertex 2.788162e+01 5.525478e+00 1.500000e+00
   vertex 2.787538e+01 5.423696e+00 1.500000e+00
  endloop
 endfacet
 facet normal -9.997921e-01 2.038779e-02 0.000000e+00
  outer loop
   vertex 2.788162e+01 5.525478e+00 1.500000e+00
   vertex 2.788370e+01 5.627430e+00 1.333333e+00
   vertex 2.788162e+01 5.525478e+00 1.000000e+00
  endloop
 endfacet
 facet normal -9.991741e-01 4.042804e-02 -4.088860e-03
  outer loop
   vertex 2.788370e+01 5.627430e+00 2.000000e+00
   vertex 2.788162e+01 5.525478e+00 1.500000e+00
   vertex 2.787552e+01 5.425436e+00 2.000000e+00
  endloop
 endfacet
 facet normal -9.997921e-01 2.038779e-02 0.000000e+00
  outer loop
   vertex 2.788162e+01 5.525478e+00 1.500000e+00
   vertex 2.788370e+01 5.627430e+00 1.666667e+00
   vertex 2.788370e+01 5.627430e+00 1.333333e+00
  endloop
 endfacet
 facet normal -9.997921e-01 2.038779e-02 0.000000e+00
  outer loop
   vertex 2.788162e+01 5.525478e+00 1.500000e+00
   vertex 2.788370e+01 5.627430e+00 2.000000e+00
   vertex 2.788370e+01 5.627430e+00 1.666667e+00
  endloop
 endfacet
 facet normal -9.981289e-01 6.114477e-02 -6.897822e-05
  outer loop
   vertex 2.788162e+01 5.525478e+00 5.000000e-01
   vertex 2.787552e+01 5.425436e+00 0.000000e+00
   vertex 2.787538e+01 5.423696e+00 5.000000e-01
  endloop
 endfacet
 facet normal 9.889493e-01 1.482544e-01 0.000000e+00
  outer loop
   vertex 2.294847e+01 5.062015e+00 1.000000e+00
   vertex 2.294847e+01 5.062015e+00 5.000000e-01
   vertex 2.288972e+01 5.453915e+00 5.000000e-01
  endloop
 endfacet
 facet normal 9.889493e-01 1.482544e-01 0.000000e+00
  outer loop
   vertex 2.294847e+01 5.062015e+00 1.500000e+00
   vertex 2.294847e+01 5.062015e+00 1.000000e+00
   vertex 2.288972e+01 5.453915e+00 1.000000e+00
  endloop
 endfacet
 facet normal 9.540671e-01 2.995930e-01 0.000000e+00
  outer loop
   vertex 2.306240e+01 4.699207e+00 1.000000e+00
   vertex 2.306240e+01 4.699207e+00 5.000000e-01
   vertex 2.294847e+01 5.062015e+00 5.000000e-01
  endloop
 endfacet
 facet normal 9.540671e-01 2.995930e-01 0.000000e+00
  outer loop
   vertex 2.306240e+01 4.699207e+00 1.500000e+00
   vertex 2.306240e+01 4.699207e+00 1.000000e+00
   vertex 2.294847e+01 5.062015e+00 1.000000e+00
  endloop
 endfacet
 facet normal 9.994415e-01 -3.341551e-02 0.000000e+00
  outer loop
   vertex 2.288478e+01 5.553757e+00 0.000000e+00
   vertex 2.289528e+01 5.867863e+00 0.000000e+00
   vertex 2.289528e+01 5.867863e+00 3.333333e-01
  endloop
 endfacet
 facet normal 9.999098e-01 -1.343025e-02 0.000000e+00
  outer loop
   vertex 2.288972e+01 5.453915e+00 5.000000e-01
   vertex 2.289528e+01 5.867863e+00 3.333333e-01
   vertex 2.289528e+01 5.867863e+00 6.666667e-01
  endloop
 endfacet
 facet normal 9.957006e-01 9.223237e-02 8.575956e-03
  outer loop
   vertex 2.288972e+01 5.453915e+00 5.000000e-01
   vertex 2.291377e+01 5.240817e+00 0.000000e+00
   vertex 2.288478e+01 5.553757e+00 0.000000e+00
  endloop
 endfacet
 facet normal 9.999098e-01 -1.343025e-02 0.000000e+00
  outer loop
   vertex 2.288972e+01 5.453915e+00 5.000000e-01
   vertex 2.289528e+01 5.867863e+00 6.666667e-01
   vertex 2.288972e+01 5.453915e+00 1.000000e+00
  endloop
 endfacet
 facet normal 9.888286e-01 1.482363e-01 -1.562326e-02
  outer loop
   vertex 2.291377e+01 5.240817e+00 0.000000e+00
   vertex 2.288972e+01 5.453915e+00 5.000000e-01
   vertex 2.294847e+01 5.062015e+00 5.000000e-01
  endloop
 endfacet
 facet normal 9.762501e-01 2.164320e-01 9.636776e-03
  outer loop
   vertex 2.294847e+01 5.062015e+00 5.000000e-01
   vertex 2.298179e+01 4.933985e+00 0.000000e+00
   vertex 2.291377e+01 5.240817e+00 0.000000e+00
  endloop
 endfacet
 facet normal 9.997275e-01 -1.892802e-02 -1.366081e-02
  outer loop
   vertex 2.289528e+01 5.867863e+00 3.333333e-01
   vertex 2.288972e+01 5.453915e+00 5.000000e-01
   vertex 2.288478e+01 5.553757e+00 0.000000e+00
  endloop
 endfacet
 facet normal 9.999098e-01 -1.343025e-02 0.000000e+00
  outer loop
   vertex 2.289528e+01 5.867863e+00 1.333333e+00
   vertex 2.288972e+01 5.453915e+00 1.500000e+00
   vertex 2.288972e+01 5.453915e+00 1.000000e+00
  endloop
 endfacet
 facet normal 9.993164e-01 -3.697003e-02 0.000000e+00
  outer loop
   vertex 2.288432e+01 5.571516e+00 2.000000e+00
   vertex 2.289528e+01 5.867863e+00 1.666667e+00
   vertex 2.289528e+01 5.867863e+00 2.000000e+00
  endloop
 endfacet
 facet normal 9.999098e-01 -1.343025e-02 0.000000e+00
  outer loop
   vertex 2.289528e+01 5.867863e+00 1.666667e+00
   vertex 2.288972e+01 5.453915e+00 1.500000e+00
   vertex 2.289528e+01 5.867863e+00 1.333333e+00
  endloop
 endfacet
 facet normal 9.996882e-01 -1.963670e-02 1.542226e-02
  outer loop
   vertex 2.289528e+01 5.867863e+00 1.666667e+00
   vertex 2.288432e+01 5.571516e+00 2.000000e+00
   vertex 2.288972e+01 5.453915e+00 1.500000e+00
  endloop
 endfacet
 facet normal 9.966282e-01 8.161690e-02 -8.425846e-03
  outer loop
   vertex 2.288972e+01 5.453915e+00 1.500000e+00
   vertex 2.288432e+01 5.571516e+00 2.000000e+00
   vertex 2.290853e+01 5.275957e+00 2.000000e+00
  endloop
 endfacet
 facet normal 9.888292e-01 1.482364e-01 1.557843e-02
  outer loop
   vertex 2.288972e+01 5.453915e+00 1.500000e+00
   vertex 2.290853e+01 5.275957e+00 2.000000e+00
   vertex 2.294847e+01 5.062015e+00 1.500000e+00
  endloop
 endfacet
 facet normal 9.539848e-01 2.995672e-01 -1.313452e-02
  outer loop
   vertex 2.298179e+01 4.933985e+00 0.000000e+00
   vertex 2.294847e+01 5.062015e+00 5.000000e-01
   vertex 2.306240e+01 4.699207e+00 5.000000e-01
  endloop
 endfacet
 facet normal 8.975882e-01 4.408348e-01 0.000000e+00
  outer loop
   vertex 2.306240e+01 4.699207e+00 1.000000e+00
   vertex 2.323004e+01 4.357876e+00 1.000000e+00
   vertex 2.323004e+01 4.357876e+00 6.666667e-01
  endloop
 endfacet
 facet normal 8.916783e-01 4.526697e-01 0.000000e+00
  outer loop
   vertex 2.323004e+01 4.357876e+00 3.333333e-01
   vertex 2.323004e+01 4.357876e+00 0.000000e+00
   vertex 2.308778e+01 4.638113e+00 0.000000e+00
  endloop
 endfacet
 facet normal 8.975882e-01 4.408348e-01 -0.000000e+00
  outer loop
   vertex 2.323004e+01 4.357876e+00 3.333333e-01
   vertex 2.306240e+01 4.699207e+00 5.000000e-01
   vertex 2.323004e+01 4.357876e+00 6.666667e-01
  endloop
 endfacet
 facet normal 8.958415e-01 4.442861e-01 -8.825063e-03
  outer loop
   vertex 2.308778e+01 4.638113e+00 0.000000e+00
   vertex 2.306240e+01 4.699207e+00 5.000000e-01
   vertex 2.323004e+01 4.357876e+00 3.333333e-01
  endloop
 endfacet
 facet normal 9.540238e-01 2.995794e-01 9.528005e-03
  outer loop
   vertex 2.294847e+01 5.062015e+00 1.500000e+00
   vertex 2.296756e+01 4.985342e+00 2.000000e+00
   vertex 2.306240e+01 4.699207e+00 1.500000e+00
  endloop
 endfacet
 facet normal 8.964934e-01 4.430219e-01 5.580416e-03
  outer loop
   vertex 2.307736e+01 4.662641e+00 2.000000e+00
   vertex 2.323004e+01 4.357876e+00 1.666667e+00
   vertex 2.306240e+01 4.699207e+00 1.500000e+00
  endloop
 endfacet
 facet normal 8.975882e-01 4.408348e-01 0.000000e+00
  outer loop
   vertex 2.306240e+01 4.699207e+00 1.500000e+00
   vertex 2.323004e+01 4.357876e+00 1.333333e+00
   vertex 2.306240e+01 4.699207e+00 1.000000e+00
  endloop
 endfacet
 facet normal 8.940764e-01 4.479146e-01 0.000000e+00
  outer loop
   vertex 2.307736e+01 4.662641e+00 2.000000e+00
   vertex 2.323004e+01 4.357876e+00 2.000000e+00
   vertex 2.323004e+01 4.357876e+00 1.666667e+00
  endloop
 endfacet
 facet normal 8.975882e-01 4.408348e-01 0.000000e+00
  outer loop
   vertex 2.306240e+01 4.699207e+00 1.500000e+00
   vertex 2.323004e+01 4.357876e+00 1.666667e+00
   vertex 2.323004e+01 4.357876e+00 1.333333e+00
  endloop
 endfacet
 facet normal 0.000000e+00 0.000000e+00 -1.000000e+00
  outer loop
   vertex 2.169907e+01 4.070670e+00 3.600000e+00
   vertex 2.196869e+01 5.403216e+00 3.600000e+00
   vertex 2.177426e+01 3.174847e+00 3.600000e+00
  endloop
 endfacet
 facet normal 0.000000e+00 0.000000e+00 -1.000000e+00
  outer loop
   vertex 2.200188e+01 2.424474e+00 3.600000e+00
   vertex 2.177426e+01 3.174847e+00 3.600000e+00
   vertex 2.347512e+01 6.293296e-01 3.600000e+00
  endloop
 endfacet
 facet normal 0.000000e+00 0.000000e+00 -1.000000e+00
  outer loop
   vertex 2.177426e+01 3.174847e+00 3.600000e+00
   vertex 2.722813e+01 2.596899e-01 3.600000e+00
   vertex 2.347512e+01 6.293296e-01 3.600000e+00
  endloop
 endfacet
 facet normal 0.000000e+00 0.000000e+00 -1.000000e+00
  outer loop
   vertex 2.200188e+01 2.424474e+00 3.600000e+00
   vertex 2.347512e+01 6.293296e-01 3.600000e+00
   vertex 2.286897e+01 1.126781e+00 3.600000e+00
  endloop
 endfacet
 facet normal 0.000000e+00 0.000000e+00 -1.000000e+00
  outer loop
   vertex 2.200188e+01 2.424474e+00 3.600000e+00
   vertex 2.286897e+01 1.126781e+00 3.600000e+00
   vertex 2.237152e+01 1.732927e+00 3.600000e+00
  endloop
 endfacet
 facet normal 0.000000e+00 0.000000e+00 -1.000000e+00
  outer loop
   vertex 2.177426e+01 3.174847e+00 3.600000e+00
   vertex 2.196869e+01 5.403216e+00 3.600000e+00
   vertex 2.722813e+01 2.596899e-01 3.600000e+00
  endloop
 endfacet
 facet normal 0.000000e+00 -0.000000e+00 -1.000000e+00
  outer loop
   vertex 2.226901e+01 6.015824e+00 3.600000e+00
   vertex 2.433890e+01 7.717451e+00 3.600000e+00
   vertex 2.196869e+01 5.403216e+00 3.600000e+00
  endloop
 endfacet
 facet normal 0.000000e+00 0.000000e+00 -1.000000e+00
  outer loop
   vertex 2.169907e+01 4.070670e+00 3.600000e+00
   vertex 2.177685e+01 4.748482e+00 3.600000e+00
   vertex 2.196869e+01 5.403216e+00 3.600000e+00
  endloop
 endfacet
 facet normal 0.000000e+00 0.000000e+00 -1.000000e+00
  outer loop
   vertex 2.371929e+01 7.431855e+00 3.600000e+00
   vertex 2.266907e+01 6.568483e+00 3.600000e+00
   vertex 2.315723e+01 7.045116e+00 3.600000e+00
  endloop
 endfacet
 facet normal 0.000000e+00 0.000000e+00 -1.000000e+00
  outer loop
   vertex 2.226901e+01 6.015824e+00 3.600000e+00
   vertex 2.266907e+01 6.568483e+00 3.600000e+00
   vertex 2.371929e+01 7.431855e+00 3.600000e+00
  endloop
 endfacet
 facet normal 0.000000e+00 -0.000000e+00 -1.000000e+00
  outer loop
   vertex 2.371929e+01 7.431855e+00 3.600000e+00
   vertex 2.433890e+01 7.717451e+00 3.600000e+00
   vertex 2.226901e+01 6.015824e+00 3.600000e+00
  endloop
 endfacet
 facet normal 0.000000e+00 -0.000000e+00 -1.000000e+00
  outer loop
   vertex 2.433890e+01 7.717451e+00 3.600000e+00
   vertex 2.722813e+01 2.596899e-01 3.600000e+00
   vertex 2.196869e+01 5.403216e+00 3.600000e+00
  endloop
 endfacet
 facet normal 0.000000e+00 0.000000e+00 -1.000000e+00
  outer loop
   vertex 2.347512e+01 6.293296e-01 3.600000e+00
   vertex 2.722813e+01 2.596899e-01 3.600000e+00
   vertex 2.416667e+01 2.596899e-01 3.600000e+00
  endloop
 endfacet
 facet normal -0.000000e+00 0.000000e+00 -1.000000e+00
  outer loop
   vertex 2.722813e+01 2.596899e-01 3.600000e+00
   vertex 2.569740e+01 -4.479196e-02 3.600000e+00
   vertex 2.416667e+01 2.596899e-01 3.600000e+00
  endloop
 endfacet
 facet normal -0.000000e+00 0.000000e+00 -1.000000e+00
  outer loop
   vertex 2.647776e+01 3.206692e-02 3.600000e+00
   vertex 2.569740e+01 -4.479196e-02 3.600000e+00
   vertex 2.722813e+01 2.596899e-01 3.600000e+00
  endloop
 endfacet
 facet normal 0.000000e+00 0.000000e+00 -1.000000e+00
  outer loop
   vertex 2.852583e+01 1.126781e+00 3.600000e+00
   vertex 2.791968e+01 6.293296e-01 3.600000e+00
   vertex 2.722813e+01 2.596899e-01 3.600000e+00
  endloop
 endfacet
 facet normal 0.000000e+00 0.000000e+00 -1.000000e+00
  outer loop
   vertex 2.722813e+01 2.596899e-01 3.600000e+00
   vertex 2.902328e+01 1.732927e+00 3.600000e+00
   vertex 2.852583e+01 1.126781e+00 3.600000e+00
  endloop
 endfacet
 facet normal 0.000000e+00 0.000000e+00 -1.000000e+00
  outer loop
   vertex 2.722813e+01 2.596899e-01 3.600000e+00
   vertex 2.433890e+01 7.717451e+00 3.600000e+00
   vertex 2.567750e+01 7.955159e+00 3.600000e+00
  endloop
 endfacet
 facet normal -0.000000e+00 0.000000e+00 -1.000000e+00
  outer loop
   vertex 2.902328e+01 1.732927e+00 3.600000e+00
   vertex 2.722813e+01 2.596899e-01 3.600000e+00
   vertex 2.567750e+01 7.955159e+00 3.600000e+00
  endloop
 endfacet
 facet normal -0.000000e+00 -0.000000e+00 -1.000000e+00
  outer loop
   vertex 2.701841e+01 7.730778e+00 3.600000e+00
   vertex 2.820671e+01 7.070231e+00 3.600000e+00
   vertex 2.635756e+01 7.900355e+00 3.600000e+00
  endloop
 endfacet
 facet normal 0.000000e+00 0.000000e+00 -1.000000e+00
  outer loop
   vertex 2.433890e+01 7.717451e+00 3.600000e+00
   vertex 2.499803e+01 7.893593e+00 3.600000e+00
   vertex 2.567750e+01 7.955159e+00 3.600000e+00
  endloop
 endfacet
 facet normal 0.000000e+00 0.000000e+00 -1.000000e+00
  outer loop
   vertex 2.902328e+01 1.732927e+00 3.600000e+00
   vertex 2.567750e+01 7.955159e+00 3.600000e+00
   vertex 2.635756e+01 7.900355e+00 3.600000e+00
  endloop
 endfacet
 facet normal 0.000000e+00 0.000000e+00 -1.000000e+00
  outer loop
   vertex 2.902328e+01 1.732927e+00 3.600000e+00
   vertex 2.635756e+01 7.900355e+00 3.600000e+00
   vertex 2.820671e+01 7.070231e+00 3.600000e+00
  endloop
 endfacet
 facet normal 0.000000e+00 0.000000e+00 -1.000000e+00
  outer loop
   vertex 2.820671e+01 7.070231e+00 3.600000e+00
   vertex 2.701841e+01 7.730778e+00 3.600000e+00
   vertex 2.764083e+01 7.451360e+00 3.600000e+00
  endloop
 endfacet
 facet normal 0.000000e+00 0.000000e+00 -1.000000e+00
  outer loop
   vertex 2.820671e+01 7.070231e+00 3.600000e+00
   vertex 2.967440e+01 3.526904e+00 3.600000e+00
   vertex 2.902328e+01 1.732927e+00 3.600000e+00
  endloop
 endfacet
 facet normal 0.000000e+00 0.000000e+00 -1.000000e+00
  outer loop
   vertex 2.967440e+01 3.526904e+00 3.600000e+00
   vertex 2.939292e+01 2.424474e+00 3.600000e+00
   vertex 2.902328e+01 1.732927e+00 3.600000e+00
  endloop
 endfacet
 facet normal 0.000000e+00 0.000000e+00 -1.000000e+00
  outer loop
   vertex 2.569740e+01 -4.479196e-02 3.600000e+00
   vertex 2.491704e+01 3.206692e-02 3.600000e+00
   vertex 2.416667e+01 2.596899e-01 3.600000e+00
  endloop
 endfacet
 facet normal -9.998375e-01 1.802877e-02 0.000000e+00
  outer loop
   vertex 2.938328e+01 5.569598e+00 2.732778e+00
   vertex 2.938328e+01 5.569598e+00 2.366389e+00
   vertex 2.938276e+01 5.540720e+00 2.366389e+00
  endloop
 endfacet
 facet normal -9.998375e-01 1.802877e-02 0.000000e+00
  outer loop
   vertex 2.938328e+01 5.569598e+00 3.099167e+00
   vertex 2.938328e+01 5.569598e+00 2.732778e+00
   vertex 2.938276e+01 5.540720e+00 2.732778e+00
  endloop
 endfacet
 facet normal -9.999408e-01 1.088326e-02 0.000000e+00
  outer loop
   vertex 2.938359e+01 5.598513e+00 2.732778e+00
   vertex 2.938359e+01 5.598513e+00 2.366389e+00
   vertex 2.938328e+01 5.569598e+00 2.366389e+00
  endloop
 endfacet
 facet normal -9.999408e-01 1.088326e-02 0.000000e+00
  outer loop
   vertex 2.938359e+01 5.598513e+00 3.099167e+00
   vertex 2.938359e+01 5.598513e+00 2.732778e+00
   vertex 2.938328e+01 5.569598e+00 2.732778e+00
  endloop
 endfacet
 facet normal -9.996791e-01 2.533226e-02 0.000000e+00
  outer loop
   vertex 2.938203e+01 5.511968e+00 2.244259e+00
   vertex 2.938276e+01 5.540720e+00 2.366389e+00
   vertex 2.938276e+01 5.540720e+00 2.000000e+00
  endloop
 endfacet
 facet normal -9.996791e-01 2.533226e-02 0.000000e+00
  outer loop
   vertex 2.938276e+01 5.540720e+00 2.366389e+00
   vertex 2.938203e+01 5.511968e+00 2.244259e+00
   vertex 2.938203e+01 5.511968e+00 2.488519e+00
  endloop
 endfacet
 facet normal -9.998375e-01 1.802877e-02 0.000000e+00
  outer loop
   vertex 2.938276e+01 5.540720e+00 2.366389e+00
   vertex 2.938328e+01 5.569598e+00 2.366389e+00
   vertex 2.938328e+01 5.569598e+00 2.000000e+00
  endloop
 endfacet
 facet normal -9.996791e-01 2.533226e-02 0.000000e+00
  outer loop
   vertex 2.938276e+01 5.540720e+00 2.366389e+00
   vertex 2.938203e+01 5.511968e+00 2.488519e+00
   vertex 2.938276e+01 5.540720e+00 2.732778e+00
  endloop
 endfacet
 facet normal -9.996791e-01 2.533226e-02 0.000000e+00
  outer loop
   vertex 2.938276e+01 5.540720e+00 2.732778e+00
   vertex 2.938203e+01 5.511968e+00 2.732778e+00
   vertex 2.938203e+01 5.511968e+00 2.977037e+00
  endloop
 endfacet
 facet normal -9.996791e-01 2.533226e-02 0.000000e+00
  outer loop
   vertex 2.938276e+01 5.540720e+00 3.099167e+00
   vertex 2.938203e+01 5.511968e+00 2.977037e+00
   vertex 2.938203e+01 5.511968e+00 3.221297e+00
  endloop
 endfacet
 facet normal -9.996791e-01 2.533226e-02 0.000000e+00
  outer loop
   vertex 2.938203e+01 5.511968e+00 3.465556e+00
   vertex 2.938276e+01 5.540720e+00 3.099167e+00
   vertex 2.938203e+01 5.511968e+00 3.221297e+00
  endloop
 endfacet
 facet normal -9.996791e-01 2.533226e-02 0.000000e+00
  outer loop
   vertex 2.938276e+01 5.540720e+00 2.732778e+00
   vertex 2.938203e+01 5.511968e+00 2.977037e+00
   vertex 2.938276e+01 5.540720e+00 3.099167e+00
  endloop
 endfacet
 facet normal -9.998373e-01 1.802877e-02 -5.734640e-04
  outer loop
   vertex 2.938328e+01 5.569598e+00 3.099167e+00
   vertex 2.938276e+01 5.540720e+00 3.099167e+00
   vertex 2.938203e+01 5.511968e+00 3.465556e+00
  endloop
 endfacet
 facet normal -9.999408e-01 1.088326e-02 0.000000e+00
  outer loop
   vertex 2.938359e+01 5.598513e+00 2.000000e+00
   vertex 2.938328e+01 5.569598e+00 2.000000e+00
   vertex 2.938328e+01 5.569598e+00 2.366389e+00
  endloop
 endfacet
 facet normal -9.999937e-01 3.561806e-03 0.000000e+00
  outer loop
   vertex 2.938359e+01 5.598513e+00 2.366389e+00
   vertex 2.938370e+01 5.627430e+00 2.242166e+00
   vertex 2.938359e+01 5.598513e+00 2.000000e+00
  endloop
 endfacet
 facet normal -9.999937e-01 3.561806e-03 0.000000e+00
  outer loop
   vertex 2.938359e+01 5.598513e+00 2.366389e+00
   vertex 2.938370e+01 5.627430e+00 2.484333e+00
   vertex 2.938370e+01 5.627430e+00 2.242166e+00
  endloop
 endfacet
 facet normal -9.999937e-01 3.561806e-03 0.000000e+00
  outer loop
   vertex 2.938359e+01 5.598513e+00 2.732778e+00
   vertex 2.938370e+01 5.627430e+00 2.726499e+00
   vertex 2.938370e+01 5.627430e+00 2.484333e+00
  endloop
 endfacet
 facet normal -9.999937e-01 3.561806e-03 0.000000e+00
  outer loop
   vertex 2.938359e+01 5.598513e+00 3.099167e+00
   vertex 2.938370e+01 5.627430e+00 2.968666e+00
   vertex 2.938359e+01 5.598513e+00 2.732778e+00
  endloop
 endfacet
 facet normal -9.999406e-01 1.088326e-02 -5.983610e-04
  outer loop
   vertex 2.938370e+01 5.627430e+00 3.452998e+00
   vertex 2.938359e+01 5.598513e+00 3.099167e+00
   vertex 2.938328e+01 5.569598e+00 3.099167e+00
  endloop
 endfacet
 facet normal -9.999937e-01 3.561806e-03 0.000000e+00
  outer loop
   vertex 2.938359e+01 5.598513e+00 3.099167e+00
   vertex 2.938370e+01 5.627430e+00 3.452998e+00
   vertex 2.938370e+01 5.627430e+00 3.210832e+00
  endloop
 endfacet
 facet normal -9.999937e-01 3.561806e-03 0.000000e+00
  outer loop
   vertex 2.938359e+01 5.598513e+00 3.099167e+00
   vertex 2.938370e+01 5.627430e+00 3.210832e+00
   vertex 2.938370e+01 5.627430e+00 2.968666e+00
  endloop
 endfacet
 facet normal -9.998969e-01 1.431031e-02 -1.158551e-03
  outer loop
   vertex 2.938203e+01 5.511968e+00 3.465556e+00
   vertex 2.938370e+01 5.627430e+00 3.452998e+00
   vertex 2.938328e+01 5.569598e+00 3.099167e+00
  endloop
 endfacet
 facet normal 9.845449e-01 1.751321e-01 0.000000e+00
  outer loop
   vertex 2.148110e+01 4.750063e+00 2.800000e+00
   vertex 2.148110e+01 4.750063e+00 2.400000e+00
   vertex 2.141793e+01 5.105185e+00 2.400000e+00
  endloop
 endfacet
 facet normal 9.845449e-01 1.751321e-01 0.000000e+00
  outer loop
   vertex 2.148110e+01 4.750063e+00 3.200000e+00
   vertex 2.148110e+01 4.750063e+00 2.800000e+00
   vertex 2.141793e+01 5.105185e+00 2.800000e+00
  endloop
 endfacet
 facet normal 9.648854e-01 2.626713e-01 0.000000e+00
  outer loop
   vertex 2.157491e+01 4.405497e+00 2.800000e+00
   vertex 2.157491e+01 4.405497e+00 2.400000e+00
   vertex 2.148110e+01 4.750063e+00 2.400000e+00
  endloop
 endfacet
 facet normal 9.648854e-01 2.626713e-01 0.000000e+00
  outer loop
   vertex 2.157491e+01 4.405497e+00 3.200000e+00
   vertex 2.157491e+01 4.405497e+00 2.800000e+00
   vertex 2.148110e+01 4.750063e+00 2.800000e+00
  endloop
 endfacet
 facet normal 9.964944e-01 8.365903e-02 0.000000e+00
  outer loop
   vertex 2.141793e+01 5.105185e+00 2.400000e+00
   vertex 2.138637e+01 5.481142e+00 2.000000e+00
   vertex 2.138637e+01 5.481142e+00 2.266667e+00
  endloop
 endfacet
 facet normal 9.964944e-01 8.365903e-02 0.000000e+00
  outer loop
   vertex 2.141793e+01 5.105185e+00 2.400000e+00
   vertex 2.138637e+01 5.481142e+00 2.266667e+00
   vertex 2.138637e+01 5.481142e+00 2.533333e+00
  endloop
 endfacet
 facet normal 9.845449e-01 1.751321e-01 0.000000e+00
  outer loop
   vertex 2.148110e+01 4.750063e+00 2.400000e+00
   vertex 2.148110e+01 4.750063e+00 2.000000e+00
   vertex 2.141793e+01 5.105185e+00 2.400000e+00
  endloop
 endfacet
 facet normal 9.908133e-01 1.283885e-01 4.248909e-02
  outer loop
   vertex 2.138637e+01 5.481142e+00 2.000000e+00
   vertex 2.141793e+01 5.105185e+00 2.400000e+00
   vertex 2.148110e+01 4.750063e+00 2.000000e+00
  endloop
 endfacet
 facet normal 9.648854e-01 2.626713e-01 0.000000e+00
  outer loop
   vertex 2.148110e+01 4.750063e+00 2.400000e+00
   vertex 2.157491e+01 4.405497e+00 2.400000e+00
   vertex 2.157491e+01 4.405497e+00 2.000000e+00
  endloop
 endfacet
 facet normal 9.964944e-01 8.365903e-02 -0.000000e+00
  outer loop
   vertex 2.141793e+01 5.105185e+00 2.400000e+00
   vertex 2.138637e+01 5.481142e+00 2.533333e+00
   vertex 2.141793e+01 5.105185e+00 2.800000e+00
  endloop
 endfacet
 facet normal 9.964944e-01 8.365903e-02 0.000000e+00
  outer loop
   vertex 2.138637e+01 5.481142e+00 3.066667e+00
   vertex 2.141793e+01 5.105185e+00 3.200000e+00
   vertex 2.141793e+01 5.105185e+00 2.800000e+00
  endloop
 endfacet
 facet normal 9.964944e-01 8.365903e-02 0.000000e+00
  outer loop
   vertex 2.141793e+01 5.105185e+00 3.200000e+00
   vertex 2.138637e+01 5.481142e+00 3.066667e+00
   vertex 2.138637e+01 5.481142e+00 3.333333e+00
  endloop
 endfacet
 facet normal 9.964944e-01 8.365903e-02 -0.000000e+00
  outer loop
   vertex 2.141793e+01 5.105185e+00 3.200000e+00
   vertex 2.138637e+01 5.481142e+00 3.333333e+00
   vertex 2.141793e+01 5.105185e+00 3.600000e+00
  endloop
 endfacet
 facet normal 9.845449e-01 1.751321e-01 0.000000e+00
  outer loop
   vertex 2.141793e+01 5.105185e+00 3.600000e+00
   vertex 2.148110e+01 4.750063e+00 3.600000e+00
   vertex 2.148110e+01 4.750063e+00 3.200000e+00
  endloop
 endfacet
 facet normal 9.376112e-01 3.476856e-01 0.000000e+00
  outer loop
   vertex 2.157491e+01 4.405497e+00 2.400000e+00
   vertex 2.169907e+01 4.070670e+00 2.266667e+00
   vertex 2.157491e+01 4.405497e+00 2.000000e+00
  endloop
 endfacet
 facet normal 9.376112e-01 3.476856e-01 0.000000e+00
  outer loop
   vertex 2.157491e+01 4.405497e+00 2.800000e+00
   vertex 2.169907e+01 4.070670e+00 2.800000e+00
   vertex 2.169907e+01 4.070670e+00 2.533333e+00
  endloop
 endfacet
 facet normal 9.376112e-01 3.476856e-01 0.000000e+00
  outer loop
   vertex 2.157491e+01 4.405497e+00 2.400000e+00
   vertex 2.169907e+01 4.070670e+00 2.533333e+00
   vertex 2.169907e+01 4.070670e+00 2.266667e+00
  endloop
 endfacet
 facet normal 9.376112e-01 3.476856e-01 -0.000000e+00
  outer loop
   vertex 2.169907e+01 4.070670e+00 2.800000e+00
   vertex 2.157491e+01 4.405497e+00 2.800000e+00
   vertex 2.169907e+01 4.070670e+00 3.066667e+00
  endloop
 endfacet
 facet normal 9.648854e-01 2.626713e-01 0.000000e+00
  outer loop
   vertex 2.148110e+01 4.750063e+00 3.600000e+00
   vertex 2.157491e+01 4.405497e+00 3.600000e+00
   vertex 2.157491e+01 4.405497e+00 3.200000e+00
  endloop
 endfacet
 facet normal 9.376112e-01 3.476856e-01 0.000000e+00
  outer loop
   vertex 2.157491e+01 4.405497e+00 3.600000e+00
   vertex 2.169907e+01 4.070670e+00 3.600000e+00
   vertex 2.169907e+01 4.070670e+00 3.333333e+00
  endloop
 endfacet
 facet normal 9.376112e-01 3.476856e-01 -0.000000e+00
  outer loop
   vertex 2.169907e+01 4.070670e+00 3.066667e+00
   vertex 2.157491e+01 4.405497e+00 3.200000e+00
   vertex 2.169907e+01 4.070670e+00 3.333333e+00
  endloop
 endfacet
 facet normal -9.837481e-01 -1.795540e-01 -0.000000e+00
  outer loop
   vertex 2.833035e+01 2.856459e+00 1.000000e+00
   vertex 2.833035e+01 2.856459e+00 5.000000e-01
   vertex 2.838228e+01 2.571903e+00 5.000000e-01
  endloop
 endfacet
 facet normal -9.837481e-01 -1.795540e-01 -0.000000e+00
  outer loop
   vertex 2.833035e+01 2.856459e+00 1.500000e+00
   vertex 2.833035e+01 2.856459e+00 1.000000e+00
   vertex 2.838228e+01 2.571903e+00 1.000000e+00
  endloop
 endfacet
 facet normal -9.566243e-01 -2.913246e-01 -0.000000e+00
  outer loop
   vertex 2.824708e+01 3.129890e+00 1.000000e+00
   vertex 2.824708e+01 3.129890e+00 5.000000e-01
   vertex 2.833035e+01 2.856459e+00 5.000000e-01
  endloop
 endfacet
 facet normal -9.566243e-01 -2.913246e-01 -0.000000e+00
  outer loop
   vertex 2.824708e+01 3.129890e+00 1.500000e+00
   vertex 2.824708e+01 3.129890e+00 1.000000e+00
   vertex 2.833035e+01 2.856459e+00 1.000000e+00
  endloop
 endfacet
 facet normal -9.982950e-01 -5.837007e-02 0.000000e+00
  outer loop
   vertex 2.838403e+01 2.557389e+00 9.638877e-15
   vertex 2.840106e+01 2.266049e+00 0.000000e+00
   vertex 2.840106e+01 2.266049e+00 3.333333e-01
  endloop
 endfacet
 facet normal -9.981203e-01 -6.128561e-02 0.000000e+00
  outer loop
   vertex 2.838228e+01 2.571903e+00 5.000000e-01
   vertex 2.840106e+01 2.266049e+00 3.333333e-01
   vertex 2.840106e+01 2.266049e+00 6.666667e-01
  endloop
 endfacet
 facet normal -9.846902e-01 -1.743060e-01 1.623067e-03
  outer loop
   vertex 2.838403e+01 2.557389e+00 9.638877e-15
   vertex 2.838228e+01 2.571903e+00 5.000000e-01
   vertex 2.833316e+01 2.844758e+00 1.049177e-14
  endloop
 endfacet
 facet normal -9.981203e-01 -6.128561e-02 0.000000e+00
  outer loop
   vertex 2.838228e+01 2.571903e+00 5.000000e-01
   vertex 2.840106e+01 2.266049e+00 6.666667e-01
   vertex 2.838228e+01 2.571903e+00 1.000000e+00
  endloop
 endfacet
 facet normal -9.981761e-01 -6.034508e-02 -1.732273e-03
  outer loop
   vertex 2.838403e+01 2.557389e+00 9.638877e-15
   vertex 2.840106e+01 2.266049e+00 3.333333e-01
   vertex 2.838228e+01 2.571903e+00 5.000000e-01
  endloop
 endfacet
 facet normal -9.981203e-01 -6.128561e-02 0.000000e+00
  outer loop
   vertex 2.838228e+01 2.571903e+00 1.500000e+00
   vertex 2.840106e+01 2.266049e+00 1.333333e+00
   vertex 2.840106e+01 2.266049e+00 1.666667e+00
  endloop
 endfacet
 facet normal -9.982950e-01 -5.837007e-02 0.000000e+00
  outer loop
   vertex 2.838403e+01 2.557389e+00 2.000000e+00
   vertex 2.840106e+01 2.266049e+00 1.666667e+00
   vertex 2.840106e+01 2.266049e+00 2.000000e+00
  endloop
 endfacet
 facet normal -9.981761e-01 -6.034508e-02 1.732273e-03
  outer loop
   vertex 2.840106e+01 2.266049e+00 1.666667e+00
   vertex 2.838403e+01 2.557389e+00 2.000000e+00
   vertex 2.838228e+01 2.571903e+00 1.500000e+00
  endloop
 endfacet
 facet normal -9.846902e-01 -1.743060e-01 -1.623067e-03
  outer loop
   vertex 2.838228e+01 2.571903e+00 1.500000e+00
   vertex 2.838403e+01 2.557389e+00 2.000000e+00
   vertex 2.833316e+01 2.844758e+00 2.000000e+00
  endloop
 endfacet
 facet normal -9.981203e-01 -6.128561e-02 0.000000e+00
  outer loop
   vertex 2.838228e+01 2.571903e+00 1.000000e+00
   vertex 2.840106e+01 2.266049e+00 1.000000e+00
   vertex 2.840106e+01 2.266049e+00 1.333333e+00
  endloop
 endfacet
 facet normal -9.566241e-01 -2.913245e-01 -6.716283e-04
  outer loop
   vertex 2.824708e+01 3.129890e+00 5.000000e-01
   vertex 2.824915e+01 3.124241e+00 9.652477e-15
   vertex 2.833035e+01 2.856459e+00 5.000000e-01
  endloop
 endfacet
 facet normal -9.172788e-01 -3.982450e-01 6.993769e-04
  outer loop
   vertex 2.813314e+01 3.392030e+00 3.333333e-01
   vertex 2.824915e+01 3.124241e+00 9.652477e-15
   vertex 2.824708e+01 3.129890e+00 5.000000e-01
  endloop
 endfacet
 facet normal -9.171165e-01 -3.986192e-01 0.000000e+00
  outer loop
   vertex 2.813314e+01 3.392030e+00 3.333333e-01
   vertex 2.824708e+01 3.129890e+00 5.000000e-01
   vertex 2.813314e+01 3.392030e+00 6.666667e-01
  endloop
 endfacet
 facet normal -9.171165e-01 -3.986192e-01 0.000000e+00
  outer loop
   vertex 2.813314e+01 3.392030e+00 6.666667e-01
   vertex 2.824708e+01 3.129890e+00 5.000000e-01
   vertex 2.824708e+01 3.129890e+00 1.000000e+00
  endloop
 endfacet
 facet normal -9.175969e-01 -3.975123e-01 0.000000e+00
  outer loop
   vertex 2.813314e+01 3.392030e+00 0.000000e+00
   vertex 2.824915e+01 3.124241e+00 9.652477e-15
   vertex 2.813314e+01 3.392030e+00 3.333333e-01
  endloop
 endfacet
 facet normal -9.576686e-01 -2.878699e-01 -1.348163e-03
  outer loop
   vertex 2.833035e+01 2.856459e+00 1.500000e+00
   vertex 2.833316e+01 2.844758e+00 2.000000e+00
   vertex 2.824915e+01 3.124241e+00 2.000000e+00
  endloop
 endfacet
 facet normal -9.172788e-01 -3.982450e-01 -6.993769e-04
  outer loop
   vertex 2.813314e+01 3.392030e+00 1.666667e+00
   vertex 2.824708e+01 3.129890e+00 1.500000e+00
   vertex 2.824915e+01 3.124241e+00 2.000000e+00
  endloop
 endfacet
 facet normal -9.171165e-01 -3.986192e-01 -0.000000e+00
  outer loop
   vertex 2.824708e+01 3.129890e+00 1.500000e+00
   vertex 2.813314e+01 3.392030e+00 1.333333e+00
   vertex 2.824708e+01 3.129890e+00 1.000000e+00
  endloop
 endfacet
 facet normal -9.175969e-01 -3.975123e-01 0.000000e+00
  outer loop
   vertex 2.824915e+01 3.124241e+00 2.000000e+00
   vertex 2.813314e+01 3.392030e+00 2.000000e+00
   vertex 2.813314e+01 3.392030e+00 1.666667e+00
  endloop
 endfacet
 facet normal -9.171165e-01 -3.986192e-01 0.000000e+00
  outer loop
   vertex 2.824708e+01 3.129890e+00 1.500000e+00
   vertex 2.813314e+01 3.392030e+00 1.666667e+00
   vertex 2.813314e+01 3.392030e+00 1.333333e+00
  endloop
 endfacet
 facet normal 0.000000e+00 0.000000e+00 1.000000e+00
  outer loop
   vertex 2.794315e+01 7.265283e+00 2.000000e+00
   vertex 2.746130e+01 7.275554e+00 2.000000e+00
   vertex 2.762383e+01 6.737299e+00 2.000000e+00
  endloop
 endfacet
 facet normal 0.000000e+00 0.000000e+00 1.000000e+00
  outer loop
   vertex 2.744587e+01 7.552824e+00 2.000000e+00
   vertex 2.746130e+01 7.275554e+00 2.000000e+00
   vertex 2.794315e+01 7.265283e+00 2.000000e+00
  endloop
 endfacet
 facet normal -0.000000e+00 0.000000e+00 1.000000e+00
  outer loop
   vertex 2.744971e+01 7.035122e+00 2.000000e+00
   vertex 2.762383e+01 6.737299e+00 2.000000e+00
   vertex 2.746130e+01 7.275554e+00 2.000000e+00
  endloop
 endfacet
 facet normal 0.000000e+00 0.000000e+00 1.000000e+00
  outer loop
   vertex 2.839412e+01 6.909479e+00 2.000000e+00
   vertex 2.794315e+01 7.265283e+00 2.000000e+00
   vertex 2.775529e+01 6.418343e+00 2.000000e+00
  endloop
 endfacet
 facet normal 0.000000e+00 -0.000000e+00 1.000000e+00
  outer loop
   vertex 2.775529e+01 6.418343e+00 2.000000e+00
   vertex 2.794315e+01 7.265283e+00 2.000000e+00
   vertex 2.762383e+01 6.737299e+00 2.000000e+00
  endloop
 endfacet
 facet normal -0.000000e+00 -0.000000e+00 1.000000e+00
  outer loop
   vertex 2.788109e+01 5.741607e+00 2.000000e+00
   vertex 2.835850e+01 5.422158e+00 2.000000e+00
   vertex 2.784159e+01 6.084325e+00 2.000000e+00
  endloop
 endfacet
 facet normal 0.000000e+00 0.000000e+00 1.000000e+00
  outer loop
   vertex 2.839412e+01 6.909479e+00 2.000000e+00
   vertex 2.775529e+01 6.418343e+00 2.000000e+00
   vertex 2.784159e+01 6.084325e+00 2.000000e+00
  endloop
 endfacet
 facet normal 0.000000e+00 0.000000e+00 1.000000e+00
  outer loop
   vertex 2.839412e+01 6.909479e+00 2.000000e+00
   vertex 2.784159e+01 6.084325e+00 2.000000e+00
   vertex 2.835850e+01 5.422158e+00 2.000000e+00
  endloop
 endfacet
 facet normal 0.000000e+00 0.000000e+00 1.000000e+00
  outer loop
   vertex 2.835850e+01 5.422158e+00 2.000000e+00
   vertex 2.878947e+01 6.492749e+00 2.000000e+00
   vertex 2.839412e+01 6.909479e+00 2.000000e+00
  endloop
 endfacet
 facet normal 0.000000e+00 0.000000e+00 1.000000e+00
  outer loop
   vertex 2.912105e+01 6.023687e+00 2.000000e+00
   vertex 2.878947e+01 6.492749e+00 2.000000e+00
   vertex 2.878522e+01 5.037621e+00 2.000000e+00
  endloop
 endfacet
 facet normal -0.000000e+00 0.000000e+00 1.000000e+00
  outer loop
   vertex 2.835850e+01 5.422158e+00 2.000000e+00
   vertex 2.878522e+01 5.037621e+00 2.000000e+00
   vertex 2.878947e+01 6.492749e+00 2.000000e+00
  endloop
 endfacet
 facet normal 0.000000e+00 -0.000000e+00 1.000000e+00
  outer loop
   vertex 2.915247e+01 4.595926e+00 2.000000e+00
   vertex 2.938203e+01 5.511968e+00 2.000000e+00
   vertex 2.878522e+01 5.037621e+00 2.000000e+00
  endloop
 endfacet
 facet normal 0.000000e+00 0.000000e+00 1.000000e+00
  outer loop
   vertex 2.912105e+01 6.023687e+00 2.000000e+00
   vertex 2.878522e+01 5.037621e+00 2.000000e+00
   vertex 2.938203e+01 5.511968e+00 2.000000e+00
  endloop
 endfacet
 facet normal 0.000000e+00 0.000000e+00 1.000000e+00
  outer loop
   vertex 2.951678e+01 5.143627e+00 2.000000e+00
   vertex 2.938203e+01 5.511968e+00 2.000000e+00
   vertex 2.915247e+01 4.595926e+00 2.000000e+00
  endloop
 endfacet
 facet normal 0.000000e+00 -0.000000e+00 1.000000e+00
  outer loop
   vertex 2.945267e+01 4.106182e+00 2.000000e+00
   vertex 2.961481e+01 4.763861e+00 2.000000e+00
   vertex 2.915247e+01 4.595926e+00 2.000000e+00
  endloop
 endfacet
 facet normal 0.000000e+00 0.000000e+00 1.000000e+00
  outer loop
   vertex 2.951678e+01 5.143627e+00 2.000000e+00
   vertex 2.915247e+01 4.595926e+00 2.000000e+00
   vertex 2.961481e+01 4.763861e+00 2.000000e+00
  endloop
 endfacet
 facet normal 0.000000e+00 0.000000e+00 1.000000e+00
  outer loop
   vertex 2.967562e+01 4.372002e+00 2.000000e+00
   vertex 2.961481e+01 4.763861e+00 2.000000e+00
   vertex 2.945267e+01 4.106182e+00 2.000000e+00
  endloop
 endfacet
 facet normal 0.000000e+00 0.000000e+00 1.000000e+00
  outer loop
   vertex 2.945267e+01 4.106182e+00 2.000000e+00
   vertex 2.967962e+01 3.578490e+00 2.000000e+00
   vertex 2.969740e+01 3.955208e+00 2.000000e+00
  endloop
 endfacet
 facet normal 0.000000e+00 0.000000e+00 1.000000e+00
  outer loop
   vertex 2.967562e+01 4.372002e+00 2.000000e+00
   vertex 2.945267e+01 4.106182e+00 2.000000e+00
   vertex 2.969740e+01 3.955208e+00 2.000000e+00
  endloop
 endfacet
 facet normal 0.000000e+00 0.000000e+00 1.000000e+00
  outer loop
   vertex 2.176803e+01 4.703562e+00 2.000000e+00
   vertex 2.169907e+01 4.070670e+00 2.000000e+00
   vertex 2.225021e+01 3.900452e+00 2.000000e+00
  endloop
 endfacet
 facet normal 0.000000e+00 0.000000e+00 1.000000e+00
  outer loop
   vertex 2.193653e+01 5.317497e+00 2.000000e+00
   vertex 2.176803e+01 4.703562e+00 2.000000e+00
   vertex 2.225021e+01 3.900452e+00 2.000000e+00
  endloop
 endfacet
 facet normal 0.000000e+00 0.000000e+00 1.000000e+00
  outer loop
   vertex 2.220029e+01 5.896923e+00 2.000000e+00
   vertex 2.193653e+01 5.317497e+00 2.000000e+00
   vertex 2.225021e+01 3.900452e+00 2.000000e+00
  endloop
 endfacet
 facet normal 0.000000e+00 0.000000e+00 1.000000e+00
  outer loop
   vertex 2.203307e+01 3.285168e+00 2.000000e+00
   vertex 2.177426e+01 3.174847e+00 2.000000e+00
   vertex 2.191884e+01 2.642768e+00 2.000000e+00
  endloop
 endfacet
 facet normal 0.000000e+00 0.000000e+00 1.000000e+00
  outer loop
   vertex 2.169907e+01 4.070670e+00 2.000000e+00
   vertex 2.177426e+01 3.174847e+00 2.000000e+00
   vertex 2.203307e+01 3.285168e+00 2.000000e+00
  endloop
 endfacet
 facet normal 0.000000e+00 -0.000000e+00 1.000000e+00
  outer loop
   vertex 2.203307e+01 3.285168e+00 2.000000e+00
   vertex 2.225021e+01 3.900452e+00 2.000000e+00
   vertex 2.169907e+01 4.070670e+00 2.000000e+00
  endloop
 endfacet
 facet normal 0.000000e+00 -0.000000e+00 1.000000e+00
  outer loop
   vertex 2.225021e+01 3.900452e+00 2.000000e+00
   vertex 2.256450e+01 4.472249e+00 2.000000e+00
   vertex 2.220029e+01 5.896923e+00 2.000000e+00
  endloop
 endfacet
 facet normal 0.000000e+00 0.000000e+00 1.000000e+00
  outer loop
   vertex 2.274912e+01 6.110958e+00 2.000000e+00
   vertex 2.263144e+01 6.369045e+00 2.000000e+00
   vertex 2.255265e+01 6.427161e+00 2.000000e+00
  endloop
 endfacet
 facet normal 0.000000e+00 -0.000000e+00 1.000000e+00
  outer loop
   vertex 2.256450e+01 4.472249e+00 2.000000e+00
   vertex 2.274912e+01 6.110958e+00 2.000000e+00
   vertex 2.255265e+01 6.427161e+00 2.000000e+00
  endloop
 endfacet
 facet normal 0.000000e+00 0.000000e+00 1.000000e+00
  outer loop
   vertex 2.289528e+01 5.867863e+00 2.000000e+00
   vertex 2.274912e+01 6.110958e+00 2.000000e+00
   vertex 2.288432e+01 5.571516e+00 2.000000e+00
  endloop
 endfacet
 facet normal 0.000000e+00 0.000000e+00 1.000000e+00
  outer loop
   vertex 2.290853e+01 5.275957e+00 2.000000e+00
   vertex 2.288432e+01 5.571516e+00 2.000000e+00
   vertex 2.256450e+01 4.472249e+00 2.000000e+00
  endloop
 endfacet
 facet normal 0.000000e+00 0.000000e+00 1.000000e+00
  outer loop
   vertex 2.274912e+01 6.110958e+00 2.000000e+00
   vertex 2.256450e+01 4.472249e+00 2.000000e+00
   vertex 2.288432e+01 5.571516e+00 2.000000e+00
  endloop
 endfacet
 facet normal 0.000000e+00 0.000000e+00 1.000000e+00
  outer loop
   vertex 2.256450e+01 4.472249e+00 2.000000e+00
   vertex 2.296756e+01 4.985342e+00 2.000000e+00
   vertex 2.290853e+01 5.275957e+00 2.000000e+00
  endloop
 endfacet
 facet normal -0.000000e+00 0.000000e+00 1.000000e+00
  outer loop
   vertex 2.220029e+01 5.896923e+00 2.000000e+00
   vertex 2.256450e+01 4.472249e+00 2.000000e+00
   vertex 2.255265e+01 6.427161e+00 2.000000e+00
  endloop
 endfacet
 facet normal 9.966933e-01 8.125598e-02 0.000000e+00
  outer loop
   vertex 2.323041e+01 3.550275e+00 1.000000e+00
   vertex 2.323041e+01 3.550275e+00 5.000000e-01
   vertex 2.319740e+01 3.955208e+00 5.000000e-01
  endloop
 endfacet
 facet normal 9.966933e-01 8.125598e-02 0.000000e+00
  outer loop
   vertex 2.323041e+01 3.550275e+00 1.500000e+00
   vertex 2.323041e+01 3.550275e+00 1.000000e+00
   vertex 2.319740e+01 3.955208e+00 1.000000e+00
  endloop
 endfacet
 facet normal 9.716180e-01 2.365556e-01 0.000000e+00
  outer loop
   vertex 2.332037e+01 3.180793e+00 1.000000e+00
   vertex 2.332037e+01 3.180793e+00 5.000000e-01
   vertex 2.323041e+01 3.550275e+00 5.000000e-01
  endloop
 endfacet
 facet normal 9.716180e-01 2.365556e-01 0.000000e+00
  outer loop
   vertex 2.332037e+01 3.180793e+00 1.500000e+00
   vertex 2.332037e+01 3.180793e+00 1.000000e+00
   vertex 2.323041e+01 3.550275e+00 1.000000e+00
  endloop
 endfacet
 facet normal 9.951155e-01 -9.871713e-02 0.000000e+00
  outer loop
   vertex 2.319902e+01 4.045130e+00 -4.576215e-15
   vertex 2.323004e+01 4.357876e+00 0.000000e+00
   vertex 2.323004e+01 4.357876e+00 3.333333e-01
  endloop
 endfacet
 facet normal 9.967303e-01 -8.080020e-02 0.000000e+00
  outer loop
   vertex 2.319740e+01 3.955208e+00 5.000000e-01
   vertex 2.323004e+01 4.357876e+00 3.333333e-01
   vertex 2.323004e+01 4.357876e+00 6.666667e-01
  endloop
 endfacet
 facet normal 9.996050e-01 2.692091e-02 8.075134e-03
  outer loop
   vertex 2.319740e+01 3.955208e+00 5.000000e-01
   vertex 2.320748e+01 3.730963e+00 -3.322176e-15
   vertex 2.319902e+01 4.045130e+00 -4.576215e-15
  endloop
 endfacet
 facet normal 9.967303e-01 -8.080020e-02 0.000000e+00
  outer loop
   vertex 2.319740e+01 3.955208e+00 5.000000e-01
   vertex 2.323004e+01 4.357876e+00 6.666667e-01
   vertex 2.319740e+01 3.955208e+00 1.000000e+00
  endloop
 endfacet
 facet normal 9.965600e-01 8.124512e-02 -1.635011e-02
  outer loop
   vertex 2.320748e+01 3.730963e+00 -3.322176e-15
   vertex 2.319740e+01 3.955208e+00 5.000000e-01
   vertex 2.323041e+01 3.550275e+00 5.000000e-01
  endloop
 endfacet
 facet normal 9.883164e-01 1.521109e-01 9.637175e-03
  outer loop
   vertex 2.323041e+01 3.550275e+00 5.000000e-01
   vertex 2.325529e+01 3.420340e+00 -3.363129e-15
   vertex 2.320748e+01 3.730963e+00 -3.322176e-15
  endloop
 endfacet
 facet normal 9.962363e-01 -8.581412e-02 -1.221042e-02
  outer loop
   vertex 2.323004e+01 4.357876e+00 3.333333e-01
   vertex 2.319740e+01 3.955208e+00 5.000000e-01
   vertex 2.319902e+01 4.045130e+00 -4.576215e-15
  endloop
 endfacet
 facet normal 9.967303e-01 -8.080020e-02 0.000000e+00
  outer loop
   vertex 2.323004e+01 4.357876e+00 1.333333e+00
   vertex 2.319740e+01 3.955208e+00 1.500000e+00
   vertex 2.319740e+01 3.955208e+00 1.000000e+00
  endloop
 endfacet
 facet normal 9.951155e-01 -9.871713e-02 0.000000e+00
  outer loop
   vertex 2.319902e+01 4.045130e+00 2.000000e+00
   vertex 2.323004e+01 4.357876e+00 1.666667e+00
   vertex 2.323004e+01 4.357876e+00 2.000000e+00
  endloop
 endfacet
 facet normal 9.967303e-01 -8.080020e-02 0.000000e+00
  outer loop
   vertex 2.323004e+01 4.357876e+00 1.666667e+00
   vertex 2.319740e+01 3.955208e+00 1.500000e+00
   vertex 2.323004e+01 4.357876e+00 1.333333e+00
  endloop
 endfacet
 facet normal 9.962363e-01 -8.581412e-02 1.221042e-02
  outer loop
   vertex 2.323004e+01 4.357876e+00 1.666667e+00
   vertex 2.319902e+01 4.045130e+00 2.000000e+00
   vertex 2.319740e+01 3.955208e+00 1.500000e+00
  endloop
 endfacet
 facet normal 9.996050e-01 2.692091e-02 -8.075134e-03
  outer loop
   vertex 2.319740e+01 3.955208e+00 1.500000e+00
   vertex 2.319902e+01 4.045130e+00 2.000000e+00
   vertex 2.320748e+01 3.730963e+00 2.000000e+00
  endloop
 endfacet
 facet normal 9.965600e-01 8.124512e-02 1.635011e-02
  outer loop
   vertex 2.320748e+01 3.730963e+00 2.000000e+00
   vertex 2.323041e+01 3.550275e+00 1.500000e+00
   vertex 2.319740e+01 3.955208e+00 1.500000e+00
  endloop
 endfacet
 facet normal 9.715341e-01 2.365351e-01 -1.313704e-02
  outer loop
   vertex 2.325529e+01 3.420340e+00 -3.363129e-15
   vertex 2.323041e+01 3.550275e+00 5.000000e-01
   vertex 2.332037e+01 3.180793e+00 5.000000e-01
  endloop
 endfacet
 facet normal 9.244995e-01 3.811832e-01 0.000000e+00
  outer loop
   vertex 2.332037e+01 3.180793e+00 1.000000e+00
   vertex 2.346532e+01 2.829228e+00 1.000000e+00
   vertex 2.346532e+01 2.829228e+00 6.666667e-01
  endloop
 endfacet
 facet normal 9.193750e-01 3.933822e-01 0.000000e+00
  outer loop
   vertex 2.346532e+01 2.829228e+00 3.333333e-01
   vertex 2.346532e+01 2.829228e+00 0.000000e+00
   vertex 2.334169e+01 3.118170e+00 -4.698428e-15
  endloop
 endfacet
 facet normal 9.244995e-01 3.811832e-01 -0.000000e+00
  outer loop
   vertex 2.346532e+01 2.829228e+00 3.333333e-01
   vertex 2.332037e+01 3.180793e+00 5.000000e-01
   vertex 2.346532e+01 2.829228e+00 6.666667e-01
  endloop
 endfacet
 facet normal 9.229819e-01 3.847421e-01 -8.827148e-03
  outer loop
   vertex 2.334169e+01 3.118170e+00 -4.698428e-15
   vertex 2.332037e+01 3.180793e+00 5.000000e-01
   vertex 2.346532e+01 2.829228e+00 3.333333e-01
  endloop
 endfacet
 facet normal 9.715341e-01 2.365351e-01 1.313704e-02
  outer loop
   vertex 2.323041e+01 3.550275e+00 1.500000e+00
   vertex 2.325529e+01 3.420340e+00 2.000000e+00
   vertex 2.332037e+01 3.180793e+00 1.500000e+00
  endloop
 endfacet
 facet normal 9.229819e-01 3.847421e-01 8.827148e-03
  outer loop
   vertex 2.334169e+01 3.118170e+00 2.000000e+00
   vertex 2.346532e+01 2.829228e+00 1.666667e+00
   vertex 2.332037e+01 3.180793e+00 1.500000e+00
  endloop
 endfacet
 facet normal 9.883164e-01 1.521109e-01 -9.637175e-03
  outer loop
   vertex 2.320748e+01 3.730963e+00 2.000000e+00
   vertex 2.325529e+01 3.420340e+00 2.000000e+00
   vertex 2.323041e+01 3.550275e+00 1.500000e+00
  endloop
 endfacet
 facet normal 9.244995e-01 3.811832e-01 0.000000e+00
  outer loop
   vertex 2.332037e+01 3.180793e+00 1.500000e+00
   vertex 2.346532e+01 2.829228e+00 1.333333e+00
   vertex 2.332037e+01 3.180793e+00 1.000000e+00
  endloop
 endfacet
 facet normal 9.193750e-01 3.933822e-01 0.000000e+00
  outer loop
   vertex 2.334169e+01 3.118170e+00 2.000000e+00
   vertex 2.346532e+01 2.829228e+00 2.000000e+00
   vertex 2.346532e+01 2.829228e+00 1.666667e+00
  endloop
 endfacet
 facet normal 9.244995e-01 3.811832e-01 0.000000e+00
  outer loop
   vertex 2.332037e+01 3.180793e+00 1.500000e+00
   vertex 2.346532e+01 2.829228e+00 1.666667e+00
   vertex 2.346532e+01 2.829228e+00 1.333333e+00
  endloop
 endfacet
 facet normal -9.897353e-01 1.429124e-01 0.000000e+00
  outer loop
   vertex 2.818090e+01 3.668501e+00 1.000000e+00
   vertex 2.818090e+01 3.668501e+00 5.000000e-01
   vertex 2.816057e+01 3.527650e+00 5.000000e-01
  endloop
 endfacet
 facet normal -9.897353e-01 1.429124e-01 0.000000e+00
  outer loop
   vertex 2.818090e+01 3.668501e+00 1.500000e+00
   vertex 2.818090e+01 3.668501e+00 1.000000e+00
   vertex 2.816057e+01 3.527650e+00 1.000000e+00
  endloop
 endfacet
 facet normal -9.962871e-01 8.609288e-02 0.000000e+00
  outer loop
   vertex 2.819327e+01 3.811617e+00 1.000000e+00
   vertex 2.819327e+01 3.811617e+00 5.000000e-01
   vertex 2.818090e+01 3.668501e+00 5.000000e-01
  endloop
 endfacet
 facet normal -9.962871e-01 8.609288e-02 0.000000e+00
  outer loop
   vertex 2.819327e+01 3.811617e+00 1.500000e+00
   vertex 2.819327e+01 3.811617e+00 1.000000e+00
   vertex 2.818090e+01 3.668501e+00 1.000000e+00
  endloop
 endfacet
 facet normal -9.801565e-01 1.982252e-01 0.000000e+00
  outer loop
   vertex 2.816057e+01 3.527650e+00 5.000000e-01
   vertex 2.813314e+01 3.392030e+00 0.000000e+00
   vertex 2.813314e+01 3.392030e+00 3.333333e-01
  endloop
 endfacet
 facet normal -9.801565e-01 1.982252e-01 0.000000e+00
  outer loop
   vertex 2.816057e+01 3.527650e+00 5.000000e-01
   vertex 2.813314e+01 3.392030e+00 3.333333e-01
   vertex 2.813314e+01 3.392030e+00 6.666667e-01
  endloop
 endfacet
 facet normal -9.801565e-01 1.982252e-01 0.000000e+00
  outer loop
   vertex 2.816057e+01 3.527650e+00 5.000000e-01
   vertex 2.813314e+01 3.392030e+00 6.666667e-01
   vertex 2.816057e+01 3.527650e+00 1.000000e+00
  endloop
 endfacet
 facet normal -9.897353e-01 1.429124e-01 1.930617e-04
  outer loop
   vertex 2.816057e+01 3.527650e+00 5.000000e-01
   vertex 2.818090e+01 3.668501e+00 5.000000e-01
   vertex 2.818128e+01 3.671792e+00 0.000000e+00
  endloop
 endfacet
 facet normal -9.854820e-01 1.695886e-01 8.059553e-03
  outer loop
   vertex 2.818128e+01 3.671792e+00 0.000000e+00
   vertex 2.813314e+01 3.392030e+00 0.000000e+00
   vertex 2.816057e+01 3.527650e+00 5.000000e-01
  endloop
 endfacet
 facet normal -9.801565e-01 1.982252e-01 0.000000e+00
  outer loop
   vertex 2.816057e+01 3.527650e+00 1.500000e+00
   vertex 2.813314e+01 3.392030e+00 1.333333e+00
   vertex 2.813314e+01 3.392030e+00 1.666667e+00
  endloop
 endfacet
 facet normal -9.801565e-01 1.982252e-01 0.000000e+00
  outer loop
   vertex 2.816057e+01 3.527650e+00 1.500000e+00
   vertex 2.813314e+01 3.392030e+00 1.666667e+00
   vertex 2.813314e+01 3.392030e+00 2.000000e+00
  endloop
 endfacet
 facet normal -9.897353e-01 1.429124e-01 -1.930617e-04
  outer loop
   vertex 2.818128e+01 3.671792e+00 2.000000e+00
   vertex 2.818090e+01 3.668501e+00 1.500000e+00
   vertex 2.816057e+01 3.527650e+00 1.500000e+00
  endloop
 endfacet
 facet normal -9.801565e-01 1.982252e-01 0.000000e+00
  outer loop
   vertex 2.816057e+01 3.527650e+00 1.000000e+00
   vertex 2.813314e+01 3.392030e+00 1.000000e+00
   vertex 2.813314e+01 3.392030e+00 1.333333e+00
  endloop
 endfacet
 facet normal -9.983545e-01 5.677360e-02 8.062899e-03
  outer loop
   vertex 2.819327e+01 3.811617e+00 5.000000e-01
   vertex 2.819740e+01 3.955208e+00 0.000000e+00
   vertex 2.818128e+01 3.671792e+00 0.000000e+00
  endloop
 endfacet
 facet normal -9.995871e-01 2.873305e-02 0.000000e+00
  outer loop
   vertex 2.819740e+01 3.955208e+00 3.333333e-01
   vertex 2.819740e+01 3.955208e+00 0.000000e+00
   vertex 2.819327e+01 3.811617e+00 5.000000e-01
  endloop
 endfacet
 facet normal -9.995871e-01 2.873305e-02 0.000000e+00
  outer loop
   vertex 2.819327e+01 3.811617e+00 5.000000e-01
   vertex 2.819740e+01 3.955208e+00 6.666667e-01
   vertex 2.819740e+01 3.955208e+00 3.333333e-01
  endloop
 endfacet
 facet normal -9.995871e-01 2.873305e-02 0.000000e+00
  outer loop
   vertex 2.819327e+01 3.811617e+00 1.000000e+00
   vertex 2.819740e+01 3.955208e+00 1.000000e+00
   vertex 2.819740e+01 3.955208e+00 6.666667e-01
  endloop
 endfacet
 facet normal -9.962871e-01 8.609288e-02 1.858610e-04
  outer loop
   vertex 2.818128e+01 3.671792e+00 2.000000e+00
   vertex 2.819327e+01 3.811617e+00 1.500000e+00
   vertex 2.818090e+01 3.668501e+00 1.500000e+00
  endloop
 endfacet
 facet normal -9.995871e-01 2.873305e-02 0.000000e+00
  outer loop
   vertex 2.819327e+01 3.811617e+00 1.500000e+00
   vertex 2.819740e+01 3.955208e+00 1.333333e+00
   vertex 2.819327e+01 3.811617e+00 1.000000e+00
  endloop
 endfacet
 facet normal -9.983545e-01 5.677360e-02 -8.062899e-03
  outer loop
   vertex 2.819740e+01 3.955208e+00 2.000000e+00
   vertex 2.819327e+01 3.811617e+00 1.500000e+00
   vertex 2.818128e+01 3.671792e+00 2.000000e+00
  endloop
 endfacet
 facet normal -9.995871e-01 2.873305e-02 0.000000e+00
  outer loop
   vertex 2.819327e+01 3.811617e+00 1.500000e+00
   vertex 2.819740e+01 3.955208e+00 1.666667e+00
   vertex 2.819740e+01 3.955208e+00 1.333333e+00
  endloop
 endfacet
 facet normal -9.995871e-01 2.873305e-02 0.000000e+00
  outer loop
   vertex 2.819327e+01 3.811617e+00 1.500000e+00
   vertex 2.819740e+01 3.955208e+00 2.000000e+00
   vertex 2.819740e+01 3.955208e+00 1.666667e+00
  endloop
 endfacet
 facet normal -9.962871e-01 8.609288e-02 -1.858610e-04
  outer loop
   vertex 2.819327e+01 3.811617e+00 5.000000e-01
   vertex 2.818128e+01 3.671792e+00 0.000000e+00
   vertex 2.818090e+01 3.668501e+00 5.000000e-01
  endloop
 endfacet
 facet normal -9.917782e-01 -1.279690e-01 -0.000000e+00
  outer loop
   vertex 2.984351e+01 2.942159e+00 2.650000e+00
   vertex 2.984351e+01 2.942159e+00 2.325000e+00
   vertex 2.988601e+01 2.612796e+00 2.325000e+00
  endloop
 endfacet
 facet normal -9.917782e-01 -1.279690e-01 -0.000000e+00
  outer loop
   vertex 2.984351e+01 2.942159e+00 2.975000e+00
   vertex 2.984351e+01 2.942159e+00 2.650000e+00
   vertex 2.988601e+01 2.612796e+00 2.650000e+00
  endloop
 endfacet
 facet normal -9.778307e-01 -2.093972e-01 -0.000000e+00
  outer loop
   vertex 2.977465e+01 3.263695e+00 2.650000e+00
   vertex 2.977465e+01 3.263695e+00 2.325000e+00
   vertex 2.984351e+01 2.942159e+00 2.325000e+00
  endloop
 endfacet
 facet normal -9.778307e-01 -2.093972e-01 -0.000000e+00
  outer loop
   vertex 2.977465e+01 3.263695e+00 2.975000e+00
   vertex 2.977465e+01 3.263695e+00 2.650000e+00
   vertex 2.984351e+01 2.942159e+00 2.650000e+00
  endloop
 endfacet
 facet normal -9.990586e-01 -4.338160e-02 0.000000e+00
  outer loop
   vertex 2.990106e+01 2.266049e+00 2.216667e+00
   vertex 2.988601e+01 2.612796e+00 2.325000e+00
   vertex 2.988601e+01 2.612796e+00 2.000000e+00
  endloop
 endfacet
 facet normal -9.990586e-01 -4.338160e-02 0.000000e+00
  outer loop
   vertex 2.988601e+01 2.612796e+00 2.325000e+00
   vertex 2.990106e+01 2.266049e+00 2.216667e+00
   vertex 2.990106e+01 2.266049e+00 2.433333e+00
  endloop
 endfacet
 facet normal -9.917782e-01 -1.279690e-01 0.000000e+00
  outer loop
   vertex 2.984351e+01 2.942159e+00 2.000000e+00
   vertex 2.988601e+01 2.612796e+00 2.000000e+00
   vertex 2.988601e+01 2.612796e+00 2.325000e+00
  endloop
 endfacet
 facet normal -9.990586e-01 -4.338160e-02 0.000000e+00
  outer loop
   vertex 2.988601e+01 2.612796e+00 2.325000e+00
   vertex 2.990106e+01 2.266049e+00 2.433333e+00
   vertex 2.988601e+01 2.612796e+00 2.650000e+00
  endloop
 endfacet
 facet normal -9.778307e-01 -2.093972e-01 0.000000e+00
  outer loop
   vertex 2.984351e+01 2.942159e+00 2.325000e+00
   vertex 2.977465e+01 3.263695e+00 2.325000e+00
   vertex 2.977465e+01 3.263695e+00 2.000000e+00
  endloop
 endfacet
 facet normal -9.990586e-01 -4.338160e-02 0.000000e+00
  outer loop
   vertex 2.988601e+01 2.612796e+00 2.650000e+00
   vertex 2.990106e+01 2.266049e+00 2.650000e+00
   vertex 2.990106e+01 2.266049e+00 2.866667e+00
  endloop
 endfacet
 facet normal -9.990586e-01 -4.338160e-02 0.000000e+00
  outer loop
   vertex 2.988601e+01 2.612796e+00 2.975000e+00
   vertex 2.990106e+01 2.266049e+00 2.866667e+00
   vertex 2.990106e+01 2.266049e+00 3.083333e+00
  endloop
 endfacet
 facet normal -9.990586e-01 -4.338160e-02 0.000000e+00
  outer loop
   vertex 2.988601e+01 2.612796e+00 2.975000e+00
   vertex 2.990106e+01 2.266049e+00 3.083333e+00
   vertex 2.988601e+01 2.612796e+00 3.300000e+00
  endloop
 endfacet
 facet normal -9.917782e-01 -1.279690e-01 0.000000e+00
  outer loop
   vertex 2.988601e+01 2.612796e+00 3.300000e+00
   vertex 2.984351e+01 2.942159e+00 3.300000e+00
   vertex 2.984351e+01 2.942159e+00 2.975000e+00
  endloop
 endfacet
 facet normal -9.990586e-01 -4.338160e-02 0.000000e+00
  outer loop
   vertex 2.988601e+01 2.612796e+00 2.650000e+00
   vertex 2.990106e+01 2.266049e+00 2.866667e+00
   vertex 2.988601e+01 2.612796e+00 2.975000e+00
  endloop
 endfacet
 facet normal -9.573281e-01 -2.890034e-01 -0.000000e+00
  outer loop
   vertex 2.977465e+01 3.263695e+00 2.325000e+00
   vertex 2.967962e+01 3.578490e+00 2.216667e+00
   vertex 2.977465e+01 3.263695e+00 2.000000e+00
  endloop
 endfacet
 facet normal -9.573281e-01 -2.890034e-01 0.000000e+00
  outer loop
   vertex 2.977465e+01 3.263695e+00 2.650000e+00
   vertex 2.967962e+01 3.578490e+00 2.650000e+00
   vertex 2.967962e+01 3.578490e+00 2.433333e+00
  endloop
 endfacet
 facet normal -9.573281e-01 -2.890034e-01 0.000000e+00
  outer loop
   vertex 2.977465e+01 3.263695e+00 2.325000e+00
   vertex 2.967962e+01 3.578490e+00 2.433333e+00
   vertex 2.967962e+01 3.578490e+00 2.216667e+00
  endloop
 endfacet
 facet normal -9.573281e-01 -2.890034e-01 0.000000e+00
  outer loop
   vertex 2.967962e+01 3.578490e+00 2.650000e+00
   vertex 2.977465e+01 3.263695e+00 2.650000e+00
   vertex 2.967962e+01 3.578490e+00 2.866667e+00
  endloop
 endfacet
 facet normal -9.778307e-01 -2.093972e-01 0.000000e+00
  outer loop
   vertex 2.984351e+01 2.942159e+00 3.300000e+00
   vertex 2.977465e+01 3.263695e+00 3.300000e+00
   vertex 2.977465e+01 3.263695e+00 2.975000e+00
  endloop
 endfacet
 facet normal -9.573281e-01 -2.890034e-01 0.000000e+00
  outer loop
   vertex 2.977465e+01 3.263695e+00 3.300000e+00
   vertex 2.967962e+01 3.578490e+00 3.300000e+00
   vertex 2.967962e+01 3.578490e+00 3.083333e+00
  endloop
 endfacet
 facet normal -9.573281e-01 -2.890034e-01 0.000000e+00
  outer loop
   vertex 2.967962e+01 3.578490e+00 2.866667e+00
   vertex 2.977465e+01 3.263695e+00 2.975000e+00
   vertex 2.967962e+01 3.578490e+00 3.083333e+00
  endloop
 endfacet
 facet normal 0.000000e+00 0.000000e+00 1.000000e+00
  outer loop
   vertex 2.307736e+01 4.662641e+00 2.000000e+00
   vertex 2.296756e+01 4.985342e+00 2.000000e+00
   vertex 2.256450e+01 4.472249e+00 2.000000e+00
  endloop
 endfacet
 facet normal 0.000000e+00 -0.000000e+00 1.000000e+00
  outer loop
   vertex 2.319902e+01 4.045130e+00 2.000000e+00
   vertex 2.323004e+01 4.357876e+00 2.000000e+00
   vertex 2.256450e+01 4.472249e+00 2.000000e+00
  endloop
 endfacet
 facet normal 0.000000e+00 0.000000e+00 1.000000e+00
  outer loop
   vertex 2.307736e+01 4.662641e+00 2.000000e+00
   vertex 2.256450e+01 4.472249e+00 2.000000e+00
   vertex 2.323004e+01 4.357876e+00 2.000000e+00
  endloop
 endfacet
 facet normal 0.000000e+00 0.000000e+00 1.000000e+00
  outer loop
   vertex 2.225021e+01 3.900452e+00 2.000000e+00
   vertex 2.319902e+01 4.045130e+00 2.000000e+00
   vertex 2.256450e+01 4.472249e+00 2.000000e+00
  endloop
 endfacet
 facet normal 0.000000e+00 0.000000e+00 1.000000e+00
  outer loop
   vertex 2.334169e+01 3.118170e+00 2.000000e+00
   vertex 2.203307e+01 3.285168e+00 2.000000e+00
   vertex 2.191884e+01 2.642768e+00 2.000000e+00
  endloop
 endfacet
 facet normal 0.000000e+00 0.000000e+00 1.000000e+00
  outer loop
   vertex 2.325529e+01 3.420340e+00 2.000000e+00
   vertex 2.225021e+01 3.900452e+00 2.000000e+00
   vertex 2.203307e+01 3.285168e+00 2.000000e+00
  endloop
 endfacet
 facet normal 0.000000e+00 0.000000e+00 1.000000e+00
  outer loop
   vertex 2.341207e+01 2.031755e+00 2.000000e+00
   vertex 2.191884e+01 2.642768e+00 2.000000e+00
   vertex 2.197792e+01 1.485688e+00 2.000000e+00
  endloop
 endfacet
 facet normal -0.000000e+00 0.000000e+00 1.000000e+00
  outer loop
   vertex 2.225021e+01 3.900452e+00 2.000000e+00
   vertex 2.320748e+01 3.730963e+00 2.000000e+00
   vertex 2.319902e+01 4.045130e+00 2.000000e+00
  endloop
 endfacet
 facet normal -0.000000e+00 0.000000e+00 1.000000e+00
  outer loop
   vertex 2.191884e+01 2.642768e+00 2.000000e+00
   vertex 2.340662e+01 2.432633e+00 2.000000e+00
   vertex 2.334169e+01 3.118170e+00 2.000000e+00
  endloop
 endfacet
 facet normal 0.000000e+00 0.000000e+00 1.000000e+00
  outer loop
   vertex 2.334169e+01 3.118170e+00 2.000000e+00
   vertex 2.325529e+01 3.420340e+00 2.000000e+00
   vertex 2.203307e+01 3.285168e+00 2.000000e+00
  endloop
 endfacet
 facet normal 0.000000e+00 0.000000e+00 1.000000e+00
  outer loop
   vertex 2.340662e+01 2.432633e+00 2.000000e+00
   vertex 2.191884e+01 2.642768e+00 2.000000e+00
   vertex 2.341207e+01 2.031755e+00 2.000000e+00
  endloop
 endfacet
 facet normal 0.000000e+00 -0.000000e+00 1.000000e+00
  outer loop
   vertex 2.220554e+01 7.353156e-01 2.000000e+00
   vertex 2.348152e+01 1.636902e+00 2.000000e+00
   vertex 2.197792e+01 1.485688e+00 2.000000e+00
  endloop
 endfacet
 facet normal 0.000000e+00 0.000000e+00 1.000000e+00
  outer loop
   vertex 2.346532e+01 2.829228e+00 2.000000e+00
   vertex 2.334169e+01 3.118170e+00 2.000000e+00
   vertex 2.340662e+01 2.432633e+00 2.000000e+00
  endloop
 endfacet
 facet normal 0.000000e+00 0.000000e+00 1.000000e+00
  outer loop
   vertex 2.197792e+01 1.485688e+00 2.000000e+00
   vertex 2.348152e+01 1.636902e+00 2.000000e+00
   vertex 2.341207e+01 2.031755e+00 2.000000e+00
  endloop
 endfacet
 facet normal 0.000000e+00 0.000000e+00 1.000000e+00
  outer loop
   vertex 2.320748e+01 3.730963e+00 2.000000e+00
   vertex 2.225021e+01 3.900452e+00 2.000000e+00
   vertex 2.325529e+01 3.420340e+00 2.000000e+00
  endloop
 endfacet
 facet normal 0.000000e+00 0.000000e+00 1.000000e+00
  outer loop
   vertex 2.361320e+01 1.258229e+00 2.000000e+00
   vertex 2.348152e+01 1.636902e+00 2.000000e+00
   vertex 2.220554e+01 7.353156e-01 2.000000e+00
  endloop
 endfacet
 facet normal 0.000000e+00 0.000000e+00 1.000000e+00
  outer loop
   vertex 2.380372e+01 9.054739e-01 2.000000e+00
   vertex 2.220554e+01 7.353156e-01 2.000000e+00
   vertex 2.257518e+01 4.376838e-02 2.000000e+00
  endloop
 endfacet
 facet normal 0.000000e+00 0.000000e+00 1.000000e+00
  outer loop
   vertex 2.361320e+01 1.258229e+00 2.000000e+00
   vertex 2.220554e+01 7.353156e-01 2.000000e+00
   vertex 2.380372e+01 9.054739e-01 2.000000e+00
  endloop
 endfacet
 facet normal 0.000000e+00 0.000000e+00 1.000000e+00
  outer loop
   vertex 2.404818e+01 5.877095e-01 2.000000e+00
   vertex 2.380372e+01 9.054739e-01 2.000000e+00
   vertex 2.257518e+01 4.376838e-02 2.000000e+00
  endloop
 endfacet
 facet normal 0.000000e+00 0.000000e+00 1.000000e+00
  outer loop
   vertex 2.434029e+01 3.131076e-01 2.000000e+00
   vertex 2.404818e+01 5.877095e-01 2.000000e+00
   vertex 2.307264e+01 -5.623778e-01 2.000000e+00
  endloop
 endfacet
 facet normal 0.000000e+00 -0.000000e+00 1.000000e+00
  outer loop
   vertex 2.307264e+01 -5.623778e-01 2.000000e+00
   vertex 2.404818e+01 5.877095e-01 2.000000e+00
   vertex 2.257518e+01 4.376838e-02 2.000000e+00
  endloop
 endfacet
 facet normal 0.000000e+00 -0.000000e+00 1.000000e+00
  outer loop
   vertex 2.437033e+01 -1.429469e+00 2.000000e+00
   vertex 2.467253e+01 8.873015e-02 2.000000e+00
   vertex 2.367878e+01 -1.059829e+00 2.000000e+00
  endloop
 endfacet
 facet normal 0.000000e+00 0.000000e+00 1.000000e+00
  outer loop
   vertex 2.434029e+01 3.131076e-01 2.000000e+00
   vertex 2.307264e+01 -5.623778e-01 2.000000e+00
   vertex 2.367878e+01 -1.059829e+00 2.000000e+00
  endloop
 endfacet
 facet normal 0.000000e+00 0.000000e+00 1.000000e+00
  outer loop
   vertex 2.503142e+01 -7.781985e-02 2.000000e+00
   vertex 2.467253e+01 8.873015e-02 2.000000e+00
   vertex 2.437033e+01 -1.429469e+00 2.000000e+00
  endloop
 endfacet
 facet normal 0.000000e+00 0.000000e+00 1.000000e+00
  outer loop
   vertex 2.434029e+01 3.131076e-01 2.000000e+00
   vertex 2.367878e+01 -1.059829e+00 2.000000e+00
   vertex 2.467253e+01 8.873015e-02 2.000000e+00
  endloop
 endfacet
 facet normal 0.000000e+00 -0.000000e+00 1.000000e+00
  outer loop
   vertex 2.512070e+01 -1.657092e+00 2.000000e+00
   vertex 2.541209e+01 -1.856651e-01 2.000000e+00
   vertex 2.503142e+01 -7.781985e-02 2.000000e+00
  endloop
 endfacet
 facet normal 0.000000e+00 0.000000e+00 1.000000e+00
  outer loop
   vertex 2.743180e+01 -1.429469e+00 2.000000e+00
   vertex 2.658815e+01 -1.376802e-01 2.000000e+00
   vertex 2.668142e+01 -1.657092e+00 2.000000e+00
  endloop
 endfacet
 facet normal 0.000000e+00 0.000000e+00 1.000000e+00
  outer loop
   vertex 2.590106e+01 -1.733951e+00 2.000000e+00
   vertex 2.580500e+01 -2.321045e-01 2.000000e+00
   vertex 2.512070e+01 -1.657092e+00 2.000000e+00
  endloop
 endfacet
 facet normal 0.000000e+00 0.000000e+00 1.000000e+00
  outer loop
   vertex 2.541209e+01 -1.856651e-01 2.000000e+00
   vertex 2.512070e+01 -1.657092e+00 2.000000e+00
   vertex 2.580500e+01 -2.321045e-01 2.000000e+00
  endloop
 endfacet
 facet normal 0.000000e+00 0.000000e+00 1.000000e+00
  outer loop
   vertex 2.668142e+01 -1.657092e+00 2.000000e+00
   vertex 2.620032e+01 -2.159749e-01 2.000000e+00
   vertex 2.590106e+01 -1.733951e+00 2.000000e+00
  endloop
 endfacet
 facet normal -0.000000e+00 0.000000e+00 1.000000e+00
  outer loop
   vertex 2.580500e+01 -2.321045e-01 2.000000e+00
   vertex 2.590106e+01 -1.733951e+00 2.000000e+00
   vertex 2.620032e+01 -2.159749e-01 2.000000e+00
  endloop
 endfacet
 facet normal 0.000000e+00 0.000000e+00 1.000000e+00
  outer loop
   vertex 2.658815e+01 -1.376802e-01 2.000000e+00
   vertex 2.620032e+01 -2.159749e-01 2.000000e+00
   vertex 2.668142e+01 -1.657092e+00 2.000000e+00
  endloop
 endfacet
 facet normal 0.000000e+00 0.000000e+00 1.000000e+00
  outer loop
   vertex 2.743180e+01 -1.429469e+00 2.000000e+00
   vertex 2.695876e+01 8.184086e-04 2.000000e+00
   vertex 2.658815e+01 -1.376802e-01 2.000000e+00
  endloop
 endfacet
 facet normal -0.000000e+00 0.000000e+00 1.000000e+00
  outer loop
   vertex 2.437033e+01 -1.429469e+00 2.000000e+00
   vertex 2.512070e+01 -1.657092e+00 2.000000e+00
   vertex 2.503142e+01 -7.781985e-02 2.000000e+00
  endloop
 endfacet
 facet normal 0.000000e+00 0.000000e+00 1.000000e+00
  outer loop
   vertex 2.835850e+01 5.422158e+00 2.000000e+00
   vertex 2.785106e+01 5.224762e+00 2.000000e+00
   vertex 2.800055e+01 4.927581e+00 2.000000e+00
  endloop
 endfacet
 facet normal 0.000000e+00 0.000000e+00 1.000000e+00
  outer loop
   vertex 2.788370e+01 5.627430e+00 2.000000e+00
   vertex 2.787552e+01 5.425436e+00 2.000000e+00
   vertex 2.835850e+01 5.422158e+00 2.000000e+00
  endloop
 endfacet
 facet normal 0.000000e+00 0.000000e+00 1.000000e+00
  outer loop
   vertex 2.787552e+01 5.425436e+00 2.000000e+00
   vertex 2.785106e+01 5.224762e+00 2.000000e+00
   vertex 2.835850e+01 5.422158e+00 2.000000e+00
  endloop
 endfacet
 facet normal -0.000000e+00 0.000000e+00 1.000000e+00
  outer loop
   vertex 2.800055e+01 4.927581e+00 2.000000e+00
   vertex 2.810926e+01 4.613183e+00 2.000000e+00
   vertex 2.878522e+01 5.037621e+00 2.000000e+00
  endloop
 endfacet
 facet normal 0.000000e+00 0.000000e+00 1.000000e+00
  outer loop
   vertex 2.915247e+01 4.595926e+00 2.000000e+00
   vertex 2.810926e+01 4.613183e+00 2.000000e+00
   vertex 2.817527e+01 4.287134e+00 2.000000e+00
  endloop
 endfacet
 facet normal -0.000000e+00 -0.000000e+00 1.000000e+00
  outer loop
   vertex 2.788370e+01 5.627430e+00 2.000000e+00
   vertex 2.835850e+01 5.422158e+00 2.000000e+00
   vertex 2.788109e+01 5.741607e+00 2.000000e+00
  endloop
 endfacet
 facet normal -0.000000e+00 0.000000e+00 1.000000e+00
  outer loop
   vertex 2.810926e+01 4.613183e+00 2.000000e+00
   vertex 2.915247e+01 4.595926e+00 2.000000e+00
   vertex 2.878522e+01 5.037621e+00 2.000000e+00
  endloop
 endfacet
 facet normal 0.000000e+00 -0.000000e+00 1.000000e+00
  outer loop
   vertex 2.819740e+01 3.955208e+00 2.000000e+00
   vertex 2.915247e+01 4.595926e+00 2.000000e+00
   vertex 2.817527e+01 4.287134e+00 2.000000e+00
  endloop
 endfacet
 facet normal 0.000000e+00 0.000000e+00 1.000000e+00
  outer loop
   vertex 2.945267e+01 4.106182e+00 2.000000e+00
   vertex 2.915247e+01 4.595926e+00 2.000000e+00
   vertex 2.819740e+01 3.955208e+00 2.000000e+00
  endloop
 endfacet
 facet normal 0.000000e+00 0.000000e+00 1.000000e+00
  outer loop
   vertex 2.818128e+01 3.671792e+00 2.000000e+00
   vertex 2.945267e+01 4.106182e+00 2.000000e+00
   vertex 2.819740e+01 3.955208e+00 2.000000e+00
  endloop
 endfacet
 facet normal 0.000000e+00 0.000000e+00 1.000000e+00
  outer loop
   vertex 2.977465e+01 3.263695e+00 2.000000e+00
   vertex 2.967962e+01 3.578490e+00 2.000000e+00
   vertex 2.824915e+01 3.124241e+00 2.000000e+00
  endloop
 endfacet
 facet normal 0.000000e+00 0.000000e+00 1.000000e+00
  outer loop
   vertex 2.818128e+01 3.671792e+00 2.000000e+00
   vertex 2.824915e+01 3.124241e+00 2.000000e+00
   vertex 2.967962e+01 3.578490e+00 2.000000e+00
  endloop
 endfacet
 facet normal 0.000000e+00 -0.000000e+00 1.000000e+00
  outer loop
   vertex 2.833316e+01 2.844758e+00 2.000000e+00
   vertex 2.977465e+01 3.263695e+00 2.000000e+00
   vertex 2.824915e+01 3.124241e+00 2.000000e+00
  endloop
 endfacet
 facet normal -0.000000e+00 0.000000e+00 1.000000e+00
  outer loop
   vertex 2.818128e+01 3.671792e+00 2.000000e+00
   vertex 2.967962e+01 3.578490e+00 2.000000e+00
   vertex 2.945267e+01 4.106182e+00 2.000000e+00
  endloop
 endfacet
 facet normal -0.000000e+00 0.000000e+00 1.000000e+00
  outer loop
   vertex 2.813314e+01 3.392030e+00 2.000000e+00
   vertex 2.824915e+01 3.124241e+00 2.000000e+00
   vertex 2.818128e+01 3.671792e+00 2.000000e+00
  endloop
 endfacet
 facet normal 0.000000e+00 0.000000e+00 1.000000e+00
  outer loop
   vertex 2.835850e+01 5.422158e+00 2.000000e+00
   vertex 2.800055e+01 4.927581e+00 2.000000e+00
   vertex 2.878522e+01 5.037621e+00 2.000000e+00
  endloop
 endfacet
 facet normal 0.000000e+00 0.000000e+00 1.000000e+00
  outer loop
   vertex 2.810658e+01 1.088906e+00 2.000000e+00
   vertex 2.788568e+01 7.457630e-01 2.000000e+00
   vertex 2.922694e+01 4.376838e-02 2.000000e+00
  endloop
 endfacet
 facet normal 0.000000e+00 0.000000e+00 1.000000e+00
  outer loop
   vertex 2.826871e+01 1.463416e+00 2.000000e+00
   vertex 2.810658e+01 1.088906e+00 2.000000e+00
   vertex 2.959658e+01 7.353156e-01 2.000000e+00
  endloop
 endfacet
 facet normal 0.000000e+00 0.000000e+00 1.000000e+00
  outer loop
   vertex 2.730289e+01 1.960522e-01 2.000000e+00
   vertex 2.695876e+01 8.184086e-04 2.000000e+00
   vertex 2.812334e+01 -1.059829e+00 2.000000e+00
  endloop
 endfacet
 facet normal 0.000000e+00 -0.000000e+00 1.000000e+00
  outer loop
   vertex 2.743180e+01 -1.429469e+00 2.000000e+00
   vertex 2.812334e+01 -1.059829e+00 2.000000e+00
   vertex 2.695876e+01 8.184086e-04 2.000000e+00
  endloop
 endfacet
 facet normal 0.000000e+00 0.000000e+00 1.000000e+00
  outer loop
   vertex 2.761190e+01 4.431314e-01 2.000000e+00
   vertex 2.730289e+01 1.960522e-01 2.000000e+00
   vertex 2.872949e+01 -5.623778e-01 2.000000e+00
  endloop
 endfacet
 facet normal -0.000000e+00 0.000000e+00 1.000000e+00
  outer loop
   vertex 2.761190e+01 4.431314e-01 2.000000e+00
   vertex 2.872949e+01 -5.623778e-01 2.000000e+00
   vertex 2.788568e+01 7.457630e-01 2.000000e+00
  endloop
 endfacet
 facet normal 0.000000e+00 -0.000000e+00 1.000000e+00
  outer loop
   vertex 2.812334e+01 -1.059829e+00 2.000000e+00
   vertex 2.872949e+01 -5.623778e-01 2.000000e+00
   vertex 2.730289e+01 1.960522e-01 2.000000e+00
  endloop
 endfacet
 facet normal 0.000000e+00 0.000000e+00 1.000000e+00
  outer loop
   vertex 2.982420e+01 1.485688e+00 2.000000e+00
   vertex 2.836775e+01 1.859313e+00 2.000000e+00
   vertex 2.826871e+01 1.463416e+00 2.000000e+00
  endloop
 endfacet
 facet normal 0.000000e+00 0.000000e+00 1.000000e+00
  outer loop
   vertex 2.988601e+01 2.612796e+00 2.000000e+00
   vertex 2.838403e+01 2.557389e+00 2.000000e+00
   vertex 2.840106e+01 2.266049e+00 2.000000e+00
  endloop
 endfacet
 facet normal 0.000000e+00 0.000000e+00 1.000000e+00
  outer loop
   vertex 2.838403e+01 2.557389e+00 2.000000e+00
   vertex 2.988601e+01 2.612796e+00 2.000000e+00
   vertex 2.984351e+01 2.942159e+00 2.000000e+00
  endloop
 endfacet
 facet normal 0.000000e+00 0.000000e+00 1.000000e+00
  outer loop
   vertex 2.984351e+01 2.942159e+00 2.000000e+00
   vertex 2.833316e+01 2.844758e+00 2.000000e+00
   vertex 2.838403e+01 2.557389e+00 2.000000e+00
  endloop
 endfacet
 facet normal 0.000000e+00 0.000000e+00 1.000000e+00
  outer loop
   vertex 2.990106e+01 2.266049e+00 2.000000e+00
   vertex 2.988601e+01 2.612796e+00 2.000000e+00
   vertex 2.840106e+01 2.266049e+00 2.000000e+00
  endloop
 endfacet
 facet normal 0.000000e+00 -0.000000e+00 1.000000e+00
  outer loop
   vertex 2.872949e+01 -5.623778e-01 2.000000e+00
   vertex 2.922694e+01 4.376838e-02 2.000000e+00
   vertex 2.788568e+01 7.457630e-01 2.000000e+00
  endloop
 endfacet
 facet normal 0.000000e+00 0.000000e+00 1.000000e+00
  outer loop
   vertex 2.959658e+01 7.353156e-01 2.000000e+00
   vertex 2.810658e+01 1.088906e+00 2.000000e+00
   vertex 2.922694e+01 4.376838e-02 2.000000e+00
  endloop
 endfacet
 facet normal -0.000000e+00 0.000000e+00 1.000000e+00
  outer loop
   vertex 2.826871e+01 1.463416e+00 2.000000e+00
   vertex 2.959658e+01 7.353156e-01 2.000000e+00
   vertex 2.982420e+01 1.485688e+00 2.000000e+00
  endloop
 endfacet
 facet normal -0.000000e+00 0.000000e+00 1.000000e+00
  outer loop
   vertex 2.836775e+01 1.859313e+00 2.000000e+00
   vertex 2.982420e+01 1.485688e+00 2.000000e+00
   vertex 2.990106e+01 2.266049e+00 2.000000e+00
  endloop
 endfacet
 facet normal -0.000000e+00 0.000000e+00 1.000000e+00
  outer loop
   vertex 2.840106e+01 2.266049e+00 2.000000e+00
   vertex 2.836775e+01 1.859313e+00 2.000000e+00
   vertex 2.990106e+01 2.266049e+00 2.000000e+00
  endloop
 endfacet
 facet normal 0.000000e+00 0.000000e+00 1.000000e+00
  outer loop
   vertex 2.984351e+01 2.942159e+00 2.000000e+00
   vertex 2.977465e+01 3.263695e+00 2.000000e+00
   vertex 2.833316e+01 2.844758e+00 2.000000e+00
  endloop
 endfacet
 facet normal 0.000000e+00 0.000000e+00 -1.000000e+00
  outer loop
   vertex 2.367878e+01 -1.059829e+00 3.300000e+00
   vertex 2.307264e+01 -5.623778e-01 3.300000e+00
   vertex 2.467253e+01 8.873015e-02 3.300000e+00
  endloop
 endfacet
 facet normal 0.000000e+00 0.000000e+00 -1.000000e+00
  outer loop
   vertex 2.257518e+01 4.376838e-02 3.300000e+00
   vertex 2.405904e+01 3.061280e-01 3.300000e+00
   vertex 2.307264e+01 -5.623778e-01 3.300000e+00
  endloop
 endfacet
 facet normal 0.000000e+00 0.000000e+00 -1.000000e+00
  outer loop
   vertex 2.437033e+01 -1.429469e+00 3.300000e+00
   vertex 2.367878e+01 -1.059829e+00 3.300000e+00
   vertex 2.526836e+01 -2.171590e-02 3.300000e+00
  endloop
 endfacet
 facet normal 0.000000e+00 -0.000000e+00 -1.000000e+00
  outer loop
   vertex 2.587403e+01 -4.089027e-02 3.300000e+00
   vertex 2.590106e+01 -1.733951e+00 3.300000e+00
   vertex 2.512070e+01 -1.657092e+00 3.300000e+00
  endloop
 endfacet
 facet normal 0.000000e+00 0.000000e+00 -1.000000e+00
  outer loop
   vertex 2.512070e+01 -1.657092e+00 3.300000e+00
   vertex 2.526836e+01 -2.171590e-02 3.300000e+00
   vertex 2.587403e+01 -4.089027e-02 3.300000e+00
  endloop
 endfacet
 facet normal 0.000000e+00 0.000000e+00 -1.000000e+00
  outer loop
   vertex 2.587403e+01 -4.089027e-02 3.300000e+00
   vertex 2.647565e+01 3.164709e-02 3.300000e+00
   vertex 2.668142e+01 -1.657092e+00 3.300000e+00
  endloop
 endfacet
 facet normal 0.000000e+00 0.000000e+00 -1.000000e+00
  outer loop
   vertex 2.367878e+01 -1.059829e+00 3.300000e+00
   vertex 2.467253e+01 8.873015e-02 3.300000e+00
   vertex 2.526836e+01 -2.171590e-02 3.300000e+00
  endloop
 endfacet
 facet normal -0.000000e+00 0.000000e+00 -1.000000e+00
  outer loop
   vertex 2.668142e+01 -1.657092e+00 3.300000e+00
   vertex 2.590106e+01 -1.733951e+00 3.300000e+00
   vertex 2.587403e+01 -4.089027e-02 3.300000e+00
  endloop
 endfacet
 facet normal 0.000000e+00 0.000000e+00 -1.000000e+00
  outer loop
   vertex 2.437033e+01 -1.429469e+00 3.300000e+00
   vertex 2.526836e+01 -2.171590e-02 3.300000e+00
   vertex 2.512070e+01 -1.657092e+00 3.300000e+00
  endloop
 endfacet
 facet normal -0.000000e+00 0.000000e+00 -1.000000e+00
  outer loop
   vertex 2.253767e+01 1.502430e+00 3.300000e+00
   vertex 2.197792e+01 1.485688e+00 3.300000e+00
   vertex 2.218171e+01 2.047342e+00 3.300000e+00
  endloop
 endfacet
 facet normal 0.000000e+00 -0.000000e+00 -1.000000e+00
  outer loop
   vertex 2.191884e+01 2.642768e+00 3.300000e+00
   vertex 2.218171e+01 2.047342e+00 3.300000e+00
   vertex 2.190106e+01 2.266049e+00 3.300000e+00
  endloop
 endfacet
 facet normal 0.000000e+00 0.000000e+00 -1.000000e+00
  outer loop
   vertex 2.197792e+01 1.485688e+00 3.300000e+00
   vertex 2.190106e+01 2.266049e+00 3.300000e+00
   vertex 2.218171e+01 2.047342e+00 3.300000e+00
  endloop
 endfacet
 facet normal 0.000000e+00 0.000000e+00 -1.000000e+00
  outer loop
   vertex 2.253767e+01 1.502430e+00 3.300000e+00
   vertex 2.220554e+01 7.353156e-01 3.300000e+00
   vertex 2.197792e+01 1.485688e+00 3.300000e+00
  endloop
 endfacet
 facet normal -0.000000e+00 0.000000e+00 -1.000000e+00
  outer loop
   vertex 2.405904e+01 3.061280e-01 3.300000e+00
   vertex 2.257518e+01 4.376838e-02 3.300000e+00
   vertex 2.348893e+01 6.201431e-01 3.300000e+00
  endloop
 endfacet
 facet normal 0.000000e+00 0.000000e+00 -1.000000e+00
  outer loop
   vertex 2.220554e+01 7.353156e-01 3.300000e+00
   vertex 2.253767e+01 1.502430e+00 3.300000e+00
   vertex 2.297729e+01 1.022461e+00 3.300000e+00
  endloop
 endfacet
 facet normal 0.000000e+00 0.000000e+00 -1.000000e+00
  outer loop
   vertex 2.220554e+01 7.353156e-01 3.300000e+00
   vertex 2.297729e+01 1.022461e+00 3.300000e+00
   vertex 2.348893e+01 6.201431e-01 3.300000e+00
  endloop
 endfacet
 facet normal 0.000000e+00 0.000000e+00 -1.000000e+00
  outer loop
   vertex 2.257518e+01 4.376838e-02 3.300000e+00
   vertex 2.220554e+01 7.353156e-01 3.300000e+00
   vertex 2.348893e+01 6.201431e-01 3.300000e+00
  endloop
 endfacet
 facet normal 0.000000e+00 -0.000000e+00 -1.000000e+00
  outer loop
   vertex 2.405904e+01 3.061280e-01 3.300000e+00
   vertex 2.467253e+01 8.873015e-02 3.300000e+00
   vertex 2.307264e+01 -5.623778e-01 3.300000e+00
  endloop
 endfacet
 facet normal 0.000000e+00 0.000000e+00 -1.000000e+00
  outer loop
   vertex 2.743180e+01 -1.429469e+00 3.300000e+00
   vertex 2.647565e+01 3.164709e-02 3.300000e+00
   vertex 2.812334e+01 -1.059829e+00 3.300000e+00
  endloop
 endfacet
 facet normal 0.000000e+00 0.000000e+00 -1.000000e+00
  outer loop
   vertex 2.705940e+01 1.942314e-01 3.300000e+00
   vertex 2.761190e+01 4.431314e-01 3.300000e+00
   vertex 2.872949e+01 -5.623778e-01 3.300000e+00
  endloop
 endfacet
 facet normal 0.000000e+00 -0.000000e+00 -1.000000e+00
  outer loop
   vertex 2.705940e+01 1.942314e-01 3.300000e+00
   vertex 2.812334e+01 -1.059829e+00 3.300000e+00
   vertex 2.647565e+01 3.164709e-02 3.300000e+00
  endloop
 endfacet
 facet normal 0.000000e+00 0.000000e+00 -1.000000e+00
  outer loop
   vertex 2.668142e+01 -1.657092e+00 3.300000e+00
   vertex 2.647565e+01 3.164709e-02 3.300000e+00
   vertex 2.743180e+01 -1.429469e+00 3.300000e+00
  endloop
 endfacet
 facet normal 0.000000e+00 0.000000e+00 -1.000000e+00
  outer loop
   vertex 2.872949e+01 -5.623778e-01 3.300000e+00
   vertex 2.761190e+01 4.431314e-01 3.300000e+00
   vertex 2.922694e+01 4.376838e-02 3.300000e+00
  endloop
 endfacet
 facet normal -0.000000e+00 0.000000e+00 -1.000000e+00
  outer loop
   vertex 2.959658e+01 7.353156e-01 3.300000e+00
   vertex 2.922694e+01 4.376838e-02 3.300000e+00
   vertex 2.815614e+01 8.001175e-01 3.300000e+00
  endloop
 endfacet
 facet normal 0.000000e+00 0.000000e+00 -1.000000e+00
  outer loop
   vertex 2.922694e+01 4.376838e-02 3.300000e+00
   vertex 2.761190e+01 4.431314e-01 3.300000e+00
   vertex 2.815614e+01 8.001175e-01 3.300000e+00
  endloop
 endfacet
 facet normal 0.000000e+00 -0.000000e+00 -1.000000e+00
  outer loop
   vertex 2.863528e+01 1.240641e+00 3.300000e+00
   vertex 2.959658e+01 7.353156e-01 3.300000e+00
   vertex 2.815614e+01 8.001175e-01 3.300000e+00
  endloop
 endfacet
 facet normal 0.000000e+00 0.000000e+00 -1.000000e+00
  outer loop
   vertex 2.812334e+01 -1.059829e+00 3.300000e+00
   vertex 2.705940e+01 1.942314e-01 3.300000e+00
   vertex 2.872949e+01 -5.623778e-01 3.300000e+00
  endloop
 endfacet
 facet normal -0.000000e+00 0.000000e+00 -1.000000e+00
  outer loop
   vertex 2.982420e+01 1.485688e+00 3.300000e+00
   vertex 2.863528e+01 1.240641e+00 3.300000e+00
   vertex 2.903663e+01 1.753039e+00 3.300000e+00
  endloop
 endfacet
 facet normal -0.000000e+00 0.000000e+00 -1.000000e+00
  outer loop
   vertex 2.988601e+01 2.612796e+00 3.300000e+00
   vertex 2.934957e+01 2.323744e+00 3.300000e+00
   vertex 2.956581e+01 2.937646e+00 3.300000e+00
  endloop
 endfacet
 facet normal -0.000000e+00 0.000000e+00 -1.000000e+00
  outer loop
   vertex 2.977465e+01 3.263695e+00 3.300000e+00
   vertex 2.956581e+01 2.937646e+00 3.300000e+00
   vertex 2.967962e+01 3.578490e+00 3.300000e+00
  endloop
 endfacet
 facet normal 0.000000e+00 -0.000000e+00 -1.000000e+00
  outer loop
   vertex 2.934957e+01 2.323744e+00 3.300000e+00
   vertex 2.990106e+01 2.266049e+00 3.300000e+00
   vertex 2.903663e+01 1.753039e+00 3.300000e+00
  endloop
 endfacet
 facet normal 0.000000e+00 0.000000e+00 -1.000000e+00
  outer loop
   vertex 2.990106e+01 2.266049e+00 3.300000e+00
   vertex 2.934957e+01 2.323744e+00 3.300000e+00
   vertex 2.988601e+01 2.612796e+00 3.300000e+00
  endloop
 endfacet
 facet normal 0.000000e+00 -0.000000e+00 -1.000000e+00
  outer loop
   vertex 2.977465e+01 3.263695e+00 3.300000e+00
   vertex 2.984351e+01 2.942159e+00 3.300000e+00
   vertex 2.956581e+01 2.937646e+00 3.300000e+00
  endloop
 endfacet
 facet normal 0.000000e+00 -0.000000e+00 -1.000000e+00
  outer loop
   vertex 2.984351e+01 2.942159e+00 3.300000e+00
   vertex 2.988601e+01 2.612796e+00 3.300000e+00
   vertex 2.956581e+01 2.937646e+00 3.300000e+00
  endloop
 endfacet
 facet normal 0.000000e+00 0.000000e+00 -1.000000e+00
  outer loop
   vertex 2.982420e+01 1.485688e+00 3.300000e+00
   vertex 2.903663e+01 1.753039e+00 3.300000e+00
   vertex 2.990106e+01 2.266049e+00 3.300000e+00
  endloop
 endfacet
 facet normal 0.000000e+00 0.000000e+00 -1.000000e+00
  outer loop
   vertex 2.982420e+01 1.485688e+00 3.300000e+00
   vertex 2.959658e+01 7.353156e-01 3.300000e+00
   vertex 2.863528e+01 1.240641e+00 3.300000e+00
  endloop
 endfacet
 facet normal 9.897927e-01 -1.425146e-01 0.000000e+00
  outer loop
   vertex 2.346532e+01 2.829228e+00 3.333333e-01
   vertex 2.340538e+01 2.412917e+00 -7.095573e-15
   vertex 2.346532e+01 2.829228e+00 0.000000e+00
  endloop
 endfacet
 facet normal 9.895156e-01 -1.444235e-01 8.113178e-04
  outer loop
   vertex 2.340662e+01 2.432633e+00 2.000000e+00
   vertex 2.340538e+01 2.412917e+00 -7.095573e-15
   vertex 2.346532e+01 2.829228e+00 1.000000e+00
  endloop
 endfacet
 facet normal 9.897927e-01 -1.425146e-01 0.000000e+00
  outer loop
   vertex 2.340538e+01 2.412917e+00 -7.095573e-15
   vertex 2.346532e+01 2.829228e+00 3.333333e-01
   vertex 2.346532e+01 2.829228e+00 6.666667e-01
  endloop
 endfacet
 facet normal 9.897927e-01 -1.425146e-01 0.000000e+00
  outer loop
   vertex 2.340538e+01 2.412917e+00 -7.095573e-15
   vertex 2.346532e+01 2.829228e+00 6.666667e-01
   vertex 2.346532e+01 2.829228e+00 1.000000e+00
  endloop
 endfacet
 facet normal 9.999074e-01 1.358737e-02 -7.528250e-04
  outer loop
   vertex 2.340538e+01 2.412917e+00 -7.095573e-15
   vertex 2.340662e+01 2.432633e+00 2.000000e+00
   vertex 2.341207e+01 2.031755e+00 2.000000e+00
  endloop
 endfacet
 facet normal 9.848780e-01 1.732436e-01 -1.428572e-03
  outer loop
   vertex 2.341608e+01 1.992449e+00 -7.058245e-15
   vertex 2.341207e+01 2.031755e+00 2.000000e+00
   vertex 2.348152e+01 1.636902e+00 2.000000e+00
  endloop
 endfacet
 facet normal 9.445188e-01 3.284510e-01 -2.025194e-03
  outer loop
   vertex 2.349712e+01 1.579725e+00 -6.821132e-15
   vertex 2.348152e+01 1.636902e+00 2.000000e+00
   vertex 2.361320e+01 1.258229e+00 2.000000e+00
  endloop
 endfacet
 facet normal 7.925926e-01 6.097443e-01 -2.986831e-03
  outer loop
   vertex 2.385910e+01 8.236899e-01 -5.779861e-15
   vertex 2.380372e+01 9.054739e-01 2.000000e+00
   vertex 2.404818e+01 5.877095e-01 2.000000e+00
  endloop
 endfacet
 facet normal 5.596569e-01 8.287164e-01 -3.635745e-03
  outer loop
   vertex 2.445065e+01 2.298044e-01 -4.088819e-15
   vertex 2.434029e+01 3.131076e-01 2.000000e+00
   vertex 2.467253e+01 8.873015e-02 2.000000e+00
  endloop
 endfacet
 facet normal 6.849349e-01 7.285966e-01 -3.350136e-03
  outer loop
   vertex 2.412981e+01 5.017781e-01 -5.005177e-15
   vertex 2.404818e+01 5.877095e-01 2.000000e+00
   vertex 2.434029e+01 3.131076e-01 2.000000e+00
  endloop
 endfacet
 facet normal 8.798694e-01 4.752088e-01 -2.545204e-03
  outer loop
   vertex 2.364620e+01 1.186428e+00 -6.390945e-15
   vertex 2.361320e+01 1.258229e+00 2.000000e+00
   vertex 2.380372e+01 9.054739e-01 2.000000e+00
  endloop
 endfacet
 facet normal 4.209522e-01 9.070750e-01 -3.759812e-03
  outer loop
   vertex 2.481254e+01 1.546710e-02 -3.056727e-15
   vertex 2.467253e+01 8.873015e-02 2.000000e+00
   vertex 2.503142e+01 -7.781985e-02 2.000000e+00
  endloop
 endfacet
 facet normal 9.892217e-01 -1.464257e-01 0.000000e+00
  outer loop
   vertex 2.340662e+01 2.432633e+00 2.000000e+00
   vertex 2.346532e+01 2.829228e+00 1.333333e+00
   vertex 2.346532e+01 2.829228e+00 1.666667e+00
  endloop
 endfacet
 facet normal 9.892217e-01 -1.464257e-01 0.000000e+00
  outer loop
   vertex 2.340662e+01 2.432633e+00 2.000000e+00
   vertex 2.346532e+01 2.829228e+00 1.666667e+00
   vertex 2.346532e+01 2.829228e+00 2.000000e+00
  endloop
 endfacet
 facet normal 9.892217e-01 -1.464257e-01 0.000000e+00
  outer loop
   vertex 2.346532e+01 2.829228e+00 1.000000e+00
   vertex 2.346532e+01 2.829228e+00 1.333333e+00
   vertex 2.340662e+01 2.432633e+00 2.000000e+00
  endloop
 endfacet
 facet normal 2.725763e-01 9.621263e-01 -3.897074e-03
  outer loop
   vertex 2.503142e+01 -7.781985e-02 2.000000e+00
   vertex 2.541209e+01 -1.856651e-01 2.000000e+00
   vertex 2.520525e+01 -1.351669e-01 -1.938113e-15
  endloop
 endfacet
 facet normal 1.965418e-01 9.804854e-01 4.429988e-03
  outer loop
   vertex 2.541209e+01 -1.856651e-01 2.000000e+00
   vertex 2.561765e+01 -2.178338e-01 -7.646401e-16
   vertex 2.520525e+01 -1.351669e-01 -1.938113e-15
  endloop
 endfacet
 facet normal 2.938589e-02 9.995585e-01 4.379378e-03
  outer loop
   vertex 2.561765e+01 -2.178338e-01 -7.646401e-16
   vertex 2.580500e+01 -2.321045e-01 2.000000e+00
   vertex 2.603807e+01 -2.301937e-01 4.304759e-16
  endloop
 endfacet
 facet normal -1.386016e-01 9.903393e-01 4.203461e-03
  outer loop
   vertex 2.603807e+01 -2.301937e-01 4.304759e-16
   vertex 2.620032e+01 -2.159749e-01 2.000000e+00
   vertex 2.645461e+01 -1.718969e-01 1.613407e-15
  endloop
 endfacet
 facet normal -4.581654e-01 8.888602e-01 3.475342e-03
  outer loop
   vertex 2.685549e+01 -4.459339e-02 2.750671e-15
   vertex 2.695876e+01 8.184086e-04 2.000000e+00
   vertex 2.722935e+01 1.481135e-01 3.810075e-15
  endloop
 endfacet
 facet normal -6.006938e-01 7.994738e-01 2.923961e-03
  outer loop
   vertex 2.722935e+01 1.481135e-01 3.810075e-15
   vertex 2.730289e+01 1.960522e-01 2.000000e+00
   vertex 2.756561e+01 4.007690e-01 4.761636e-15
  endloop
 endfacet
 facet normal -3.026653e-01 9.530889e-01 3.902212e-03
  outer loop
   vertex 2.645461e+01 -1.718969e-01 1.613407e-15
   vertex 2.658815e+01 -1.376802e-01 2.000000e+00
   vertex 2.685549e+01 -4.459339e-02 2.750671e-15
  endloop
 endfacet
 facet normal -8.311950e-01 5.559779e-01 1.859859e-03
  outer loop
   vertex 2.785476e+01 7.062218e-01 5.578416e-15
   vertex 2.788568e+01 7.457630e-01 2.000000e+00
   vertex 2.808861e+01 1.055826e+00 6.237298e-15
  endloop
 endfacet
 facet normal -9.126368e-01 4.087689e-01 1.442166e-03
  outer loop
   vertex 2.808861e+01 1.055826e+00 6.237298e-15
   vertex 2.810658e+01 1.088906e+00 2.000000e+00
   vertex 2.826054e+01 1.439686e+00 6.719631e-15
  endloop
 endfacet
 facet normal -9.964556e-01 8.412022e-02 0.000000e+00
  outer loop
   vertex 2.840106e+01 2.266049e+00 3.333333e-01
   vertex 2.840106e+01 2.266049e+00 0.000000e+00
   vertex 2.836568e+01 1.846936e+00 7.011764e-15
  endloop
 endfacet
 facet normal -9.964556e-01 8.412022e-02 0.000000e+00
  outer loop
   vertex 2.836568e+01 1.846936e+00 7.011764e-15
   vertex 2.840106e+01 2.266049e+00 6.666667e-01
   vertex 2.840106e+01 2.266049e+00 3.333333e-01
  endloop
 endfacet
 facet normal -9.682505e-01 2.499799e-01 9.925960e-04
  outer loop
   vertex 2.826054e+01 1.439686e+00 6.719631e-15
   vertex 2.826871e+01 1.463416e+00 2.000000e+00
   vertex 2.836568e+01 1.846936e+00 7.011764e-15
  endloop
 endfacet
 facet normal -7.262214e-01 6.874572e-01 2.246346e-03
  outer loop
   vertex 2.756561e+01 4.007690e-01 4.761636e-15
   vertex 2.761190e+01 4.431314e-01 2.000000e+00
   vertex 2.785476e+01 7.062218e-01 5.578416e-15
  endloop
 endfacet
 facet normal -9.964556e-01 8.412022e-02 0.000000e+00
  outer loop
   vertex 2.840106e+01 2.266049e+00 1.000000e+00
   vertex 2.840106e+01 2.266049e+00 6.666667e-01
   vertex 2.836568e+01 1.846936e+00 7.011764e-15
  endloop
 endfacet
 facet normal -9.966637e-01 8.161779e-02 0.000000e+00
  outer loop
   vertex 2.836775e+01 1.859313e+00 2.000000e+00
   vertex 2.840106e+01 2.266049e+00 1.333333e+00
   vertex 2.840106e+01 2.266049e+00 1.000000e+00
  endloop
 endfacet
 facet normal -9.966637e-01 8.161779e-02 0.000000e+00
  outer loop
   vertex 2.836775e+01 1.859313e+00 2.000000e+00
   vertex 2.840106e+01 2.266049e+00 1.666667e+00
   vertex 2.840106e+01 2.266049e+00 1.333333e+00
  endloop
 endfacet
 facet normal -9.966637e-01 8.161779e-02 0.000000e+00
  outer loop
   vertex 2.840106e+01 2.266049e+00 1.666667e+00
   vertex 2.836775e+01 1.859313e+00 2.000000e+00
   vertex 2.840106e+01 2.266049e+00 2.000000e+00
  endloop
 endfacet
 facet normal -9.965587e-01 8.288794e-02 5.201137e-04
  outer loop
   vertex 2.840106e+01 2.266049e+00 1.000000e+00
   vertex 2.836568e+01 1.846936e+00 7.011764e-15
   vertex 2.836775e+01 1.859313e+00 2.000000e+00
  endloop
 endfacet
 facet normal 1.173738e-01 9.930801e-01 -3.909423e-03
  outer loop
   vertex 2.541209e+01 -1.856651e-01 2.000000e+00
   vertex 2.580500e+01 -2.321045e-01 2.000000e+00
   vertex 2.561765e+01 -2.178338e-01 -7.646401e-16
  endloop
 endfacet
 facet normal 9.964959e-01 8.364150e-02 0.000000e+00
  outer loop
   vertex 2.169907e+01 4.070670e+00 2.266667e+00
   vertex 2.177426e+01 3.174847e+00 2.000000e+00
   vertex 2.169907e+01 4.070670e+00 2.000000e+00
  endloop
 endfacet
 facet normal 9.964959e-01 8.364150e-02 0.000000e+00
  outer loop
   vertex 2.169907e+01 4.070670e+00 2.533333e+00
   vertex 2.177426e+01 3.174847e+00 2.000000e+00
   vertex 2.169907e+01 4.070670e+00 2.266667e+00
  endloop
 endfacet
 facet normal 9.964959e-01 8.364150e-02 0.000000e+00
  outer loop
   vertex 2.169907e+01 4.070670e+00 2.800000e+00
   vertex 2.177426e+01 3.174847e+00 2.000000e+00
   vertex 2.169907e+01 4.070670e+00 2.533333e+00
  endloop
 endfacet
 facet normal 9.650072e-01 2.622232e-01 -0.000000e+00
  outer loop
   vertex 2.191884e+01 2.642768e+00 2.650000e+00
   vertex 2.177426e+01 3.174847e+00 3.600000e+00
   vertex 2.191884e+01 2.642768e+00 3.300000e+00
  endloop
 endfacet
 facet normal 9.964959e-01 8.364150e-02 -0.000000e+00
  outer loop
   vertex 2.169907e+01 4.070670e+00 2.800000e+00
   vertex 2.169907e+01 4.070670e+00 3.066667e+00
   vertex 2.177426e+01 3.174847e+00 3.600000e+00
  endloop
 endfacet
 facet normal 9.964959e-01 8.364150e-02 0.000000e+00
  outer loop
   vertex 2.177426e+01 3.174847e+00 3.600000e+00
   vertex 2.177426e+01 3.174847e+00 2.000000e+00
   vertex 2.169907e+01 4.070670e+00 2.800000e+00
  endloop
 endfacet
 facet normal 9.650072e-01 2.622232e-01 0.000000e+00
  outer loop
   vertex 2.191884e+01 2.642768e+00 2.650000e+00
   vertex 2.177426e+01 3.174847e+00 2.000000e+00
   vertex 2.177426e+01 3.174847e+00 3.600000e+00
  endloop
 endfacet
 facet normal 9.650072e-01 2.622232e-01 0.000000e+00
  outer loop
   vertex 2.177426e+01 3.174847e+00 2.000000e+00
   vertex 2.191884e+01 2.642768e+00 2.650000e+00
   vertex 2.191884e+01 2.642768e+00 2.000000e+00
  endloop
 endfacet
 facet normal 8.364110e-01 5.463786e-01 4.343981e-02
  outer loop
   vertex 2.237152e+01 1.732927e+00 3.600000e+00
   vertex 2.253767e+01 1.502430e+00 3.300000e+00
   vertex 2.218171e+01 2.047342e+00 3.300000e+00
  endloop
 endfacet
 facet normal 6.181146e-01 7.860757e-01 4.385202e-03
  outer loop
   vertex 2.347512e+01 6.293296e-01 3.600000e+00
   vertex 2.348893e+01 6.201431e-01 3.300000e+00
   vertex 2.297729e+01 1.022461e+00 3.300000e+00
  endloop
 endfacet
 facet normal 7.370624e-01 6.750964e-01 3.136705e-02
  outer loop
   vertex 2.286897e+01 1.126781e+00 3.600000e+00
   vertex 2.297729e+01 1.022461e+00 3.300000e+00
   vertex 2.253767e+01 1.502430e+00 3.300000e+00
  endloop
 endfacet
 facet normal 4.824483e-01 8.759123e-01 -4.611425e-03
  outer loop
   vertex 2.405904e+01 3.061280e-01 3.300000e+00
   vertex 2.348893e+01 6.201431e-01 3.300000e+00
   vertex 2.347512e+01 6.293296e-01 3.600000e+00
  endloop
 endfacet
 facet normal 9.140578e-01 4.035442e-01 4.062523e-02
  outer loop
   vertex 2.200188e+01 2.424474e+00 3.600000e+00
   vertex 2.218171e+01 2.047342e+00 3.300000e+00
   vertex 2.191884e+01 2.642768e+00 3.300000e+00
  endloop
 endfacet
 facet normal 9.964959e-01 8.364150e-02 0.000000e+00
  outer loop
   vertex 2.169907e+01 4.070670e+00 3.600000e+00
   vertex 2.177426e+01 3.174847e+00 3.600000e+00
   vertex 2.169907e+01 4.070670e+00 3.333333e+00
  endloop
 endfacet
 facet normal 9.964959e-01 8.364150e-02 0.000000e+00
  outer loop
   vertex 2.177426e+01 3.174847e+00 3.600000e+00
   vertex 2.169907e+01 4.070670e+00 3.066667e+00
   vertex 2.169907e+01 4.070670e+00 3.333333e+00
  endloop
 endfacet
 facet normal 9.555657e-01 2.898677e-01 -5.358041e-02
  outer loop
   vertex 2.200188e+01 2.424474e+00 3.600000e+00
   vertex 2.191884e+01 2.642768e+00 3.300000e+00
   vertex 2.177426e+01 3.174847e+00 3.600000e+00
  endloop
 endfacet
 facet normal 6.338929e-01 7.724003e-01 -3.971852e-02
  outer loop
   vertex 2.297729e+01 1.022461e+00 3.300000e+00
   vertex 2.286897e+01 1.126781e+00 3.600000e+00
   vertex 2.347512e+01 6.293296e-01 3.600000e+00
  endloop
 endfacet
 facet normal 7.716547e-01 6.332812e-01 -5.919395e-02
  outer loop
   vertex 2.286897e+01 1.126781e+00 3.600000e+00
   vertex 2.253767e+01 1.502430e+00 3.300000e+00
   vertex 2.237152e+01 1.732927e+00 3.600000e+00
  endloop
 endfacet
 facet normal 8.801237e-01 4.704368e-01 -6.380758e-02
  outer loop
   vertex 2.237152e+01 1.732927e+00 3.600000e+00
   vertex 2.218171e+01 2.047342e+00 3.300000e+00
   vertex 2.200188e+01 2.424474e+00 3.600000e+00
  endloop
 endfacet
 facet normal 3.162640e-02 9.989997e-01 3.161319e-02
  outer loop
   vertex 2.569740e+01 -4.479196e-02 3.600000e+00
   vertex 2.587403e+01 -4.089027e-02 3.300000e+00
   vertex 2.526836e+01 -2.171590e-02 3.300000e+00
  endloop
 endfacet
 facet normal 1.821365e-01 9.825715e-01 3.714254e-02
  outer loop
   vertex 2.491704e+01 3.206692e-02 3.600000e+00
   vertex 2.526836e+01 -2.171590e-02 3.300000e+00
   vertex 2.467253e+01 8.873015e-02 3.300000e+00
  endloop
 endfacet
 facet normal 2.898333e-01 9.554518e-01 -5.575380e-02
  outer loop
   vertex 2.491704e+01 3.206692e-02 3.600000e+00
   vertex 2.467253e+01 8.873015e-02 3.300000e+00
   vertex 2.416667e+01 2.596899e-01 3.600000e+00
  endloop
 endfacet
 facet normal -1.197036e-01 9.928095e-01 -5.461067e-04
  outer loop
   vertex 2.647565e+01 3.164709e-02 3.300000e+00
   vertex 2.587403e+01 -4.089027e-02 3.300000e+00
   vertex 2.647776e+01 3.206692e-02 3.600000e+00
  endloop
 endfacet
 facet normal 9.781934e-02 9.931763e-01 -6.349970e-02
  outer loop
   vertex 2.526836e+01 -2.171590e-02 3.300000e+00
   vertex 2.491704e+01 3.206692e-02 3.600000e+00
   vertex 2.569740e+01 -4.479196e-02 3.600000e+00
  endloop
 endfacet
 facet normal -9.791909e-02 9.941890e-01 -4.472146e-02
  outer loop
   vertex 2.569740e+01 -4.479196e-02 3.600000e+00
   vertex 2.647776e+01 3.206692e-02 3.600000e+00
   vertex 2.587403e+01 -4.089027e-02 3.300000e+00
  endloop
 endfacet
 facet normal 4.711464e-01 8.814532e-01 -3.257892e-02
  outer loop
   vertex 2.405904e+01 3.061280e-01 3.300000e+00
   vertex 2.347512e+01 6.293296e-01 3.600000e+00
   vertex 2.416667e+01 2.596899e-01 3.600000e+00
  endloop
 endfacet
 facet normal 3.338962e-01 9.422493e-01 2.607001e-02
  outer loop
   vertex 2.416667e+01 2.596899e-01 3.600000e+00
   vertex 2.467253e+01 8.873015e-02 3.300000e+00
   vertex 2.405904e+01 3.061280e-01 3.300000e+00
  endloop
 endfacet
 facet normal -9.988883e-01 4.714032e-02 0.000000e+00
  outer loop
   vertex 2.967962e+01 3.578490e+00 2.433333e+00
   vertex 2.969740e+01 3.955208e+00 2.258192e+00
   vertex 2.967962e+01 3.578490e+00 2.216667e+00
  endloop
 endfacet
 facet normal -9.988883e-01 4.714032e-02 0.000000e+00
  outer loop
   vertex 2.967962e+01 3.578490e+00 2.000000e+00
   vertex 2.967962e+01 3.578490e+00 2.216667e+00
   vertex 2.969740e+01 3.955208e+00 2.000000e+00
  endloop
 endfacet
 facet normal -9.988883e-01 4.714032e-02 0.000000e+00
  outer loop
   vertex 2.967962e+01 3.578490e+00 2.866667e+00
   vertex 2.967962e+01 3.578490e+00 3.083333e+00
   vertex 2.969740e+01 3.955208e+00 3.032767e+00
  endloop
 endfacet
 facet normal -9.988883e-01 4.714032e-02 0.000000e+00
  outer loop
   vertex 2.967962e+01 3.578490e+00 2.650000e+00
   vertex 2.967962e+01 3.578490e+00 2.866667e+00
   vertex 2.969740e+01 3.955208e+00 2.774575e+00
  endloop
 endfacet
 facet normal -9.988883e-01 4.714032e-02 0.000000e+00
  outer loop
   vertex 2.969740e+01 3.955208e+00 2.516384e+00
   vertex 2.967962e+01 3.578490e+00 2.433333e+00
   vertex 2.967962e+01 3.578490e+00 2.650000e+00
  endloop
 endfacet
 facet normal -9.988883e-01 4.714032e-02 0.000000e+00
  outer loop
   vertex 2.969740e+01 3.955208e+00 2.258192e+00
   vertex 2.967962e+01 3.578490e+00 2.433333e+00
   vertex 2.969740e+01 3.955208e+00 2.516384e+00
  endloop
 endfacet
 facet normal -9.988883e-01 4.714032e-02 0.000000e+00
  outer loop
   vertex 2.969740e+01 3.955208e+00 2.516384e+00
   vertex 2.967962e+01 3.578490e+00 2.650000e+00
   vertex 2.969740e+01 3.955208e+00 2.774575e+00
  endloop
 endfacet
 facet normal -9.988883e-01 4.714032e-02 0.000000e+00
  outer loop
   vertex 2.967962e+01 3.578490e+00 3.083333e+00
   vertex 2.969740e+01 3.955208e+00 3.290959e+00
   vertex 2.969740e+01 3.955208e+00 3.032767e+00
  endloop
 endfacet
 facet normal -9.988883e-01 4.714032e-02 0.000000e+00
  outer loop
   vertex 2.969740e+01 3.955208e+00 3.032767e+00
   vertex 2.969740e+01 3.955208e+00 2.774575e+00
   vertex 2.967962e+01 3.578490e+00 2.866667e+00
  endloop
 endfacet
 facet normal -9.988883e-01 4.714032e-02 0.000000e+00
  outer loop
   vertex 2.967962e+01 3.578490e+00 3.083333e+00
   vertex 2.967962e+01 3.578490e+00 3.300000e+00
   vertex 2.969740e+01 3.955208e+00 3.290959e+00
  endloop
 endfacet
 facet normal -9.988883e-01 4.714032e-02 0.000000e+00
  outer loop
   vertex 2.969740e+01 3.955208e+00 3.549151e+00
   vertex 2.969740e+01 3.955208e+00 3.290959e+00
   vertex 2.967962e+01 3.578490e+00 3.300000e+00
  endloop
 endfacet
 facet normal -9.988883e-01 4.714032e-02 0.000000e+00
  outer loop
   vertex 2.969740e+01 3.955208e+00 2.000000e+00
   vertex 2.967962e+01 3.578490e+00 2.216667e+00
   vertex 2.969740e+01 3.955208e+00 2.258192e+00
  endloop
 endfacet
 facet normal -9.845098e-01 1.748512e-01 1.294036e-02
  outer loop
   vertex 2.967440e+01 3.526904e+00 3.600000e+00
   vertex 2.967962e+01 3.578490e+00 3.300000e+00
   vertex 2.956581e+01 2.937646e+00 3.300000e+00
  endloop
 endfacet
 facet normal -5.479496e-01 8.353703e-01 4.367714e-02
  outer loop
   vertex 2.791968e+01 6.293296e-01 3.600000e+00
   vertex 2.815614e+01 8.001175e-01 3.300000e+00
   vertex 2.761190e+01 4.431314e-01 3.300000e+00
  endloop
 endfacet
 facet normal -4.105321e-01 9.112824e-01 3.205953e-02
  outer loop
   vertex 2.722813e+01 2.596899e-01 3.600000e+00
   vertex 2.761190e+01 4.431314e-01 3.300000e+00
   vertex 2.705940e+01 1.942314e-01 3.300000e+00
  endloop
 endfacet
 facet normal -2.899844e-01 9.559498e-01 -4.548668e-02
  outer loop
   vertex 2.705940e+01 1.942314e-01 3.300000e+00
   vertex 2.647776e+01 3.206692e-02 3.600000e+00
   vertex 2.722813e+01 2.596899e-01 3.600000e+00
  endloop
 endfacet
 facet normal -6.332562e-01 7.716245e-01 -5.985147e-02
  outer loop
   vertex 2.815614e+01 8.001175e-01 3.300000e+00
   vertex 2.791968e+01 6.293296e-01 3.600000e+00
   vertex 2.852583e+01 1.126781e+00 3.600000e+00
  endloop
 endfacet
 facet normal -4.704415e-01 8.801345e-01 -6.362422e-02
  outer loop
   vertex 2.791968e+01 6.293296e-01 3.600000e+00
   vertex 2.761190e+01 4.431314e-01 3.300000e+00
   vertex 2.722813e+01 2.596899e-01 3.600000e+00
  endloop
 endfacet
 facet normal -6.764650e-01 7.357597e-01 3.244663e-02
  outer loop
   vertex 2.852583e+01 1.126781e+00 3.600000e+00
   vertex 2.863528e+01 1.240641e+00 3.300000e+00
   vertex 2.815614e+01 8.001175e-01 3.300000e+00
  endloop
 endfacet
 facet normal -2.683026e-01 9.633345e-01 5.419434e-04
  outer loop
   vertex 2.647565e+01 3.164709e-02 3.300000e+00
   vertex 2.647776e+01 3.206692e-02 3.600000e+00
   vertex 2.705940e+01 1.942314e-01 3.300000e+00
  endloop
 endfacet
 facet normal -7.872321e-01 6.166246e-01 6.303226e-03
  outer loop
   vertex 2.903663e+01 1.753039e+00 3.300000e+00
   vertex 2.863528e+01 1.240641e+00 3.300000e+00
   vertex 2.902328e+01 1.732927e+00 3.600000e+00
  endloop
 endfacet
 facet normal -8.768107e-01 4.807877e-01 -6.790026e-03
  outer loop
   vertex 2.934957e+01 2.323744e+00 3.300000e+00
   vertex 2.903663e+01 1.753039e+00 3.300000e+00
   vertex 2.902328e+01 1.732927e+00 3.600000e+00
  endloop
 endfacet
 facet normal -8.815018e-01 4.711734e-01 -3.082658e-02
  outer loop
   vertex 2.939292e+01 2.424474e+00 3.600000e+00
   vertex 2.934957e+01 2.323744e+00 3.300000e+00
   vertex 2.902328e+01 1.732927e+00 3.600000e+00
  endloop
 endfacet
 facet normal -9.429104e-01 3.321267e-01 2.473426e-02
  outer loop
   vertex 2.956581e+01 2.937646e+00 3.300000e+00
   vertex 2.934957e+01 2.323744e+00 3.300000e+00
   vertex 2.939292e+01 2.424474e+00 3.600000e+00
  endloop
 endfacet
 facet normal -9.601800e-01 2.451638e-01 -1.339743e-01
  outer loop
   vertex 2.967440e+01 3.526904e+00 3.600000e+00
   vertex 2.956581e+01 2.937646e+00 3.300000e+00
   vertex 2.939292e+01 2.424474e+00 3.600000e+00
  endloop
 endfacet
 facet normal -9.985795e-01 5.262882e-02 -8.320708e-03
  outer loop
   vertex 2.967440e+01 3.526904e+00 3.600000e+00
   vertex 2.969740e+01 3.955208e+00 3.549151e+00
   vertex 2.967962e+01 3.578490e+00 3.300000e+00
  endloop
 endfacet
 facet normal -7.723534e-01 6.338546e-01 -4.121362e-02
  outer loop
   vertex 2.852583e+01 1.126781e+00 3.600000e+00
   vertex 2.902328e+01 1.732927e+00 3.600000e+00
   vertex 2.863528e+01 1.240641e+00 3.300000e+00
  endloop
 endfacet
 facet normal -4.799747e-01 8.772823e-01 0.000000e+00
  outer loop
   vertex -1.324813e+01 1.766089e+01 2.433333e+00
   vertex -1.274783e+01 1.793461e+01 2.650000e+00
   vertex -1.274783e+01 1.793461e+01 2.000000e+00
  endloop
 endfacet
 facet normal -6.540813e-01 7.538445e-01 -6.241851e-02
  outer loop
   vertex -1.188855e+01 1.868017e+01 2.650000e+00
   vertex -1.229155e+01 1.827669e+01 2.000000e+00
   vertex -1.274783e+01 1.793461e+01 2.650000e+00
  endloop
 endfacet
 facet normal -8.008384e-01 5.988804e-01 0.000000e+00
  outer loop
   vertex -1.154702e+01 1.913687e+01 2.000000e+00
   vertex -1.188855e+01 1.868017e+01 2.000000e+00
   vertex -1.188855e+01 1.868017e+01 2.650000e+00
  endloop
 endfacet
 facet normal -7.075339e-01 7.066794e-01 0.000000e+00
  outer loop
   vertex -1.188855e+01 1.868017e+01 2.650000e+00
   vertex -1.188855e+01 1.868017e+01 2.000000e+00
   vertex -1.229155e+01 1.827669e+01 2.000000e+00
  endloop
 endfacet
 facet normal -4.799747e-01 8.772823e-01 0.000000e+00
  outer loop
   vertex -1.324813e+01 1.766089e+01 2.866667e+00
   vertex -1.274783e+01 1.793461e+01 2.650000e+00
   vertex -1.324813e+01 1.766089e+01 2.433333e+00
  endloop
 endfacet
 facet normal -4.799747e-01 8.772823e-01 0.000000e+00
  outer loop
   vertex -1.324813e+01 1.766089e+01 3.300000e+00
   vertex -1.274783e+01 1.793461e+01 3.300000e+00
   vertex -1.324813e+01 1.766089e+01 2.866667e+00
  endloop
 endfacet
 facet normal -4.799747e-01 8.772823e-01 0.000000e+00
  outer loop
   vertex -1.274783e+01 1.793461e+01 3.300000e+00
   vertex -1.274783e+01 1.793461e+01 2.650000e+00
   vertex -1.324813e+01 1.766089e+01 2.866667e+00
  endloop
 endfacet
 facet normal -8.008384e-01 5.988804e-01 0.000000e+00
  outer loop
   vertex -1.188855e+01 1.868017e+01 3.300000e+00
   vertex -1.154702e+01 1.913687e+01 3.300000e+00
   vertex -1.154702e+01 1.913687e+01 2.650000e+00
  endloop
 endfacet
 facet normal -7.075339e-01 7.066794e-01 0.000000e+00
  outer loop
   vertex -1.188855e+01 1.868017e+01 2.650000e+00
   vertex -1.229155e+01 1.827669e+01 3.300000e+00
   vertex -1.188855e+01 1.868017e+01 3.300000e+00
  endloop
 endfacet
 facet normal -5.998502e-01 8.001124e-01 0.000000e+00
  outer loop
   vertex -1.274783e+01 1.793461e+01 2.650000e+00
   vertex -1.274783e+01 1.793461e+01 3.300000e+00
   vertex -1.229155e+01 1.827669e+01 3.300000e+00
  endloop
 endfacet
 facet normal -6.540813e-01 7.538445e-01 6.241854e-02
  outer loop
   vertex -1.274783e+01 1.793461e+01 2.650000e+00
   vertex -1.229155e+01 1.827669e+01 3.300000e+00
   vertex -1.188855e+01 1.868017e+01 2.650000e+00
  endloop
 endfacet
 facet normal -8.778632e-01 4.789114e-01 0.000000e+00
  outer loop
   vertex -1.154702e+01 1.913687e+01 2.650000e+00
   vertex -1.127391e+01 1.963750e+01 2.650000e+00
   vertex -1.127391e+01 1.963750e+01 2.000000e+00
  endloop
 endfacet
 facet normal -9.370457e-01 3.492068e-01 0.000000e+00
  outer loop
   vertex -1.127391e+01 1.963750e+01 2.650000e+00
   vertex -1.107477e+01 2.017187e+01 2.650000e+00
   vertex -1.107477e+01 2.017187e+01 2.000000e+00
  endloop
 endfacet
 facet normal -8.778632e-01 4.789114e-01 0.000000e+00
  outer loop
   vertex -1.154702e+01 1.913687e+01 3.300000e+00
   vertex -1.127391e+01 1.963750e+01 3.300000e+00
   vertex -1.127391e+01 1.963750e+01 2.650000e+00
  endloop
 endfacet
 facet normal -9.974561e-01 7.128389e-02 0.000000e+00
  outer loop
   vertex -1.091299e+01 2.129795e+01 2.433333e+00
   vertex -1.091299e+01 2.129795e+01 2.000000e+00
   vertex -1.095364e+01 2.072913e+01 2.000000e+00
  endloop
 endfacet
 facet normal -9.974561e-01 7.128389e-02 0.000000e+00
  outer loop
   vertex -1.091299e+01 2.129795e+01 2.433333e+00
   vertex -1.095364e+01 2.072913e+01 2.000000e+00
   vertex -1.095364e+01 2.072913e+01 2.650000e+00
  endloop
 endfacet
 facet normal -9.771822e-01 2.124030e-01 0.000000e+00
  outer loop
   vertex -1.095364e+01 2.072913e+01 2.000000e+00
   vertex -1.107477e+01 2.017187e+01 2.000000e+00
   vertex -1.107477e+01 2.017187e+01 2.650000e+00
  endloop
 endfacet
 facet normal -9.370457e-01 3.492068e-01 0.000000e+00
  outer loop
   vertex -1.107477e+01 2.017187e+01 2.650000e+00
   vertex -1.127391e+01 1.963750e+01 2.650000e+00
   vertex -1.127391e+01 1.963750e+01 3.300000e+00
  endloop
 endfacet
 facet normal -9.974561e-01 7.128389e-02 0.000000e+00
  outer loop
   vertex -1.095364e+01 2.072913e+01 3.300000e+00
   vertex -1.091299e+01 2.129795e+01 3.300000e+00
   vertex -1.091299e+01 2.129795e+01 2.866667e+00
  endloop
 endfacet
 facet normal -9.974561e-01 7.128389e-02 0.000000e+00
  outer loop
   vertex -1.091299e+01 2.129795e+01 2.433333e+00
   vertex -1.095364e+01 2.072913e+01 2.650000e+00
   vertex -1.091299e+01 2.129795e+01 2.866667e+00
  endloop
 endfacet
 facet normal -9.771822e-01 2.124030e-01 0.000000e+00
  outer loop
   vertex -1.095364e+01 2.072913e+01 2.650000e+00
   vertex -1.107477e+01 2.017187e+01 2.650000e+00
   vertex -1.107477e+01 2.017187e+01 3.300000e+00
  endloop
 endfacet
 facet normal 0.000000e+00 -0.000000e+00 -1.000000e+00
  outer loop
   vertex -1.491299e+01 2.529795e+01 3.300000e+00
   vertex -1.468514e+01 2.394790e+01 3.300000e+00
   vertex -1.521150e+01 2.413330e+01 3.300000e+00
  endloop
 endfacet
 facet normal 0.000000e+00 0.000000e+00 -1.000000e+00
  outer loop
   vertex -1.468514e+01 2.394790e+01 3.300000e+00
   vertex -1.413263e+01 2.522109e+01 3.300000e+00
   vertex -1.418971e+01 2.369104e+01 3.300000e+00
  endloop
 endfacet
 facet normal 0.000000e+00 0.000000e+00 -1.000000e+00
  outer loop
   vertex -1.731275e+01 2.449813e+01 3.300000e+00
   vertex -1.741649e+01 2.411037e+01 3.300000e+00
   vertex -1.793887e+01 2.391406e+01 3.300000e+00
  endloop
 endfacet
 facet normal -0.000000e+00 0.000000e+00 -1.000000e+00
  outer loop
   vertex -1.274783e+01 1.793461e+01 3.300000e+00
   vertex -1.324813e+01 1.766089e+01 3.300000e+00
   vertex -1.290709e+01 1.811740e+01 3.300000e+00
  endloop
 endfacet
 facet normal 0.000000e+00 0.000000e+00 -1.000000e+00
  outer loop
   vertex -1.340224e+01 2.306141e+01 3.300000e+00
   vertex -1.377606e+01 2.340114e+01 3.300000e+00
   vertex -1.269071e+01 2.462383e+01 3.300000e+00
  endloop
 endfacet
 facet normal -0.000000e+00 0.000000e+00 -1.000000e+00
  outer loop
   vertex -1.269071e+01 2.462383e+01 3.300000e+00
   vertex -1.377606e+01 2.340114e+01 3.300000e+00
   vertex -1.338225e+01 2.499347e+01 3.300000e+00
  endloop
 endfacet
 facet normal 0.000000e+00 0.000000e+00 -1.000000e+00
  outer loop
   vertex -1.338225e+01 2.499347e+01 3.300000e+00
   vertex -1.377606e+01 2.340114e+01 3.300000e+00
   vertex -1.418971e+01 2.369104e+01 3.300000e+00
  endloop
 endfacet
 facet normal 0.000000e+00 -0.000000e+00 -1.000000e+00
  outer loop
   vertex -1.657665e+01 2.493556e+01 3.300000e+00
   vertex -1.631560e+01 2.427678e+01 3.300000e+00
   vertex -1.687186e+01 2.423207e+01 3.300000e+00
  endloop
 endfacet
 facet normal 0.000000e+00 0.000000e+00 -1.000000e+00
  outer loop
   vertex -1.731275e+01 2.449813e+01 3.300000e+00
   vertex -1.695644e+01 2.473660e+01 3.300000e+00
   vertex -1.687186e+01 2.423207e+01 3.300000e+00
  endloop
 endfacet
 facet normal 0.000000e+00 0.000000e+00 -1.000000e+00
  outer loop
   vertex -1.657665e+01 2.493556e+01 3.300000e+00
   vertex -1.687186e+01 2.423207e+01 3.300000e+00
   vertex -1.695644e+01 2.473660e+01 3.300000e+00
  endloop
 endfacet
 facet normal 0.000000e+00 0.000000e+00 -1.000000e+00
  outer loop
   vertex -1.657665e+01 2.493556e+01 3.300000e+00
   vertex -1.576433e+01 2.520631e+01 3.300000e+00
   vertex -1.631560e+01 2.427678e+01 3.300000e+00
  endloop
 endfacet
 facet normal 0.000000e+00 0.000000e+00 -1.000000e+00
  outer loop
   vertex -1.741649e+01 2.411037e+01 3.300000e+00
   vertex -1.731275e+01 2.449813e+01 3.300000e+00
   vertex -1.687186e+01 2.423207e+01 3.300000e+00
  endloop
 endfacet
 facet normal 0.000000e+00 0.000000e+00 -1.000000e+00
  outer loop
   vertex -1.468514e+01 2.394790e+01 3.300000e+00
   vertex -1.491299e+01 2.529795e+01 3.300000e+00
   vertex -1.413263e+01 2.522109e+01 3.300000e+00
  endloop
 endfacet
 facet normal -0.000000e+00 0.000000e+00 -1.000000e+00
  outer loop
   vertex -1.338225e+01 2.499347e+01 3.300000e+00
   vertex -1.418971e+01 2.369104e+01 3.300000e+00
   vertex -1.413263e+01 2.522109e+01 3.300000e+00
  endloop
 endfacet
 facet normal 0.000000e+00 0.000000e+00 -1.000000e+00
  outer loop
   vertex -1.575853e+01 2.424364e+01 3.300000e+00
   vertex -1.576433e+01 2.520631e+01 3.300000e+00
   vertex -1.521150e+01 2.413330e+01 3.300000e+00
  endloop
 endfacet
 facet normal 0.000000e+00 0.000000e+00 -1.000000e+00
  outer loop
   vertex -1.576433e+01 2.520631e+01 3.300000e+00
   vertex -1.491299e+01 2.529795e+01 3.300000e+00
   vertex -1.521150e+01 2.413330e+01 3.300000e+00
  endloop
 endfacet
 facet normal 0.000000e+00 0.000000e+00 -1.000000e+00
  outer loop
   vertex -1.631560e+01 2.427678e+01 3.300000e+00
   vertex -1.576433e+01 2.520631e+01 3.300000e+00
   vertex -1.575853e+01 2.424364e+01 3.300000e+00
  endloop
 endfacet
 facet normal 0.000000e+00 0.000000e+00 -1.000000e+00
  outer loop
   vertex -1.208456e+01 2.412638e+01 3.300000e+00
   vertex -1.307422e+01 2.267728e+01 3.300000e+00
   vertex -1.340224e+01 2.306141e+01 3.300000e+00
  endloop
 endfacet
 facet normal 0.000000e+00 0.000000e+00 -1.000000e+00
  outer loop
   vertex -1.290709e+01 1.811740e+01 3.300000e+00
   vertex -1.263438e+01 1.861774e+01 3.300000e+00
   vertex -1.229155e+01 1.827669e+01 3.300000e+00
  endloop
 endfacet
 facet normal 0.000000e+00 0.000000e+00 -1.000000e+00
  outer loop
   vertex -1.263438e+01 1.861774e+01 3.300000e+00
   vertex -1.243554e+01 1.915176e+01 3.300000e+00
   vertex -1.188855e+01 1.868017e+01 3.300000e+00
  endloop
 endfacet
 facet normal 0.000000e+00 0.000000e+00 -1.000000e+00
  outer loop
   vertex -1.243554e+01 1.915176e+01 3.300000e+00
   vertex -1.231460e+01 1.970861e+01 3.300000e+00
   vertex -1.154702e+01 1.913687e+01 3.300000e+00
  endloop
 endfacet
 facet normal 0.000000e+00 0.000000e+00 -1.000000e+00
  outer loop
   vertex -1.229155e+01 1.827669e+01 3.300000e+00
   vertex -1.263438e+01 1.861774e+01 3.300000e+00
   vertex -1.188855e+01 1.868017e+01 3.300000e+00
  endloop
 endfacet
 facet normal 0.000000e+00 0.000000e+00 -1.000000e+00
  outer loop
   vertex -1.154702e+01 1.913687e+01 3.300000e+00
   vertex -1.231460e+01 1.970861e+01 3.300000e+00
   vertex -1.127391e+01 1.963750e+01 3.300000e+00
  endloop
 endfacet
 facet normal -0.000000e+00 0.000000e+00 -1.000000e+00
  outer loop
   vertex -1.107477e+01 2.017187e+01 3.300000e+00
   vertex -1.127391e+01 1.963750e+01 3.300000e+00
   vertex -1.227401e+01 2.027700e+01 3.300000e+00
  endloop
 endfacet
 facet normal 0.000000e+00 0.000000e+00 -1.000000e+00
  outer loop
   vertex -1.127391e+01 1.963750e+01 3.300000e+00
   vertex -1.231460e+01 1.970861e+01 3.300000e+00
   vertex -1.227401e+01 2.027700e+01 3.300000e+00
  endloop
 endfacet
 facet normal 0.000000e+00 0.000000e+00 -1.000000e+00
  outer loop
   vertex -1.230894e+01 2.080444e+01 3.300000e+00
   vertex -1.107477e+01 2.017187e+01 3.300000e+00
   vertex -1.227401e+01 2.027700e+01 3.300000e+00
  endloop
 endfacet
 facet normal 0.000000e+00 0.000000e+00 -1.000000e+00
  outer loop
   vertex -1.188855e+01 1.868017e+01 3.300000e+00
   vertex -1.243554e+01 1.915176e+01 3.300000e+00
   vertex -1.154702e+01 1.913687e+01 3.300000e+00
  endloop
 endfacet
 facet normal 0.000000e+00 0.000000e+00 -1.000000e+00
  outer loop
   vertex -1.241311e+01 2.132268e+01 3.300000e+00
   vertex -1.257568e+01 2.180093e+01 3.300000e+00
   vertex -1.098985e+01 2.207831e+01 3.300000e+00
  endloop
 endfacet
 facet normal 0.000000e+00 -0.000000e+00 -1.000000e+00
  outer loop
   vertex -1.269071e+01 2.462383e+01 3.300000e+00
   vertex -1.208456e+01 2.412638e+01 3.300000e+00
   vertex -1.340224e+01 2.306141e+01 3.300000e+00
  endloop
 endfacet
 facet normal 0.000000e+00 0.000000e+00 -1.000000e+00
  outer loop
   vertex -1.279723e+01 2.225488e+01 3.300000e+00
   vertex -1.121747e+01 2.282869e+01 3.300000e+00
   vertex -1.257568e+01 2.180093e+01 3.300000e+00
  endloop
 endfacet
 facet normal 0.000000e+00 0.000000e+00 -1.000000e+00
  outer loop
   vertex -1.158711e+01 2.352023e+01 3.300000e+00
   vertex -1.279723e+01 2.225488e+01 3.300000e+00
   vertex -1.307422e+01 2.267728e+01 3.300000e+00
  endloop
 endfacet
 facet normal -0.000000e+00 0.000000e+00 -1.000000e+00
  outer loop
   vertex -1.091299e+01 2.129795e+01 3.300000e+00
   vertex -1.230894e+01 2.080444e+01 3.300000e+00
   vertex -1.241311e+01 2.132268e+01 3.300000e+00
  endloop
 endfacet
 facet normal 0.000000e+00 -0.000000e+00 -1.000000e+00
  outer loop
   vertex -1.098985e+01 2.207831e+01 3.300000e+00
   vertex -1.091299e+01 2.129795e+01 3.300000e+00
   vertex -1.241311e+01 2.132268e+01 3.300000e+00
  endloop
 endfacet
 facet normal 0.000000e+00 0.000000e+00 -1.000000e+00
  outer loop
   vertex -1.257568e+01 2.180093e+01 3.300000e+00
   vertex -1.121747e+01 2.282869e+01 3.300000e+00
   vertex -1.098985e+01 2.207831e+01 3.300000e+00
  endloop
 endfacet
 facet normal -0.000000e+00 0.000000e+00 -1.000000e+00
  outer loop
   vertex -1.158711e+01 2.352023e+01 3.300000e+00
   vertex -1.307422e+01 2.267728e+01 3.300000e+00
   vertex -1.208456e+01 2.412638e+01 3.300000e+00
  endloop
 endfacet
 facet normal 0.000000e+00 -0.000000e+00 -1.000000e+00
  outer loop
   vertex -1.158711e+01 2.352023e+01 3.300000e+00
   vertex -1.121747e+01 2.282869e+01 3.300000e+00
   vertex -1.279723e+01 2.225488e+01 3.300000e+00
  endloop
 endfacet
 facet normal 0.000000e+00 0.000000e+00 -1.000000e+00
  outer loop
   vertex -1.095364e+01 2.072913e+01 3.300000e+00
   vertex -1.230894e+01 2.080444e+01 3.300000e+00
   vertex -1.091299e+01 2.129795e+01 3.300000e+00
  endloop
 endfacet
 facet normal -0.000000e+00 0.000000e+00 -1.000000e+00
  outer loop
   vertex -1.095364e+01 2.072913e+01 3.300000e+00
   vertex -1.107477e+01 2.017187e+01 3.300000e+00
   vertex -1.230894e+01 2.080444e+01 3.300000e+00
  endloop
 endfacet
 facet normal 0.000000e+00 0.000000e+00 -1.000000e+00
  outer loop
   vertex -1.229155e+01 1.827669e+01 3.300000e+00
   vertex -1.274783e+01 1.793461e+01 3.300000e+00
   vertex -1.290709e+01 1.811740e+01 3.300000e+00
  endloop
 endfacet
 facet normal 0.000000e+00 0.000000e+00 1.000000e+00
  outer loop
   vertex -2.275538e+01 1.843540e+01 2.000000e+00
   vertex -2.323929e+01 1.894035e+01 2.000000e+00
   vertex -2.347874e+01 1.853323e+01 2.000000e+00
  endloop
 endfacet
 facet normal -0.000000e+00 0.000000e+00 1.000000e+00
  outer loop
   vertex -2.380601e+01 1.764887e+01 2.000000e+00
   vertex -2.293643e+01 1.741533e+01 2.000000e+00
   vertex -2.366852e+01 1.810073e+01 2.000000e+00
  endloop
 endfacet
 facet normal -0.000000e+00 0.000000e+00 1.000000e+00
  outer loop
   vertex -2.366852e+01 1.810073e+01 2.000000e+00
   vertex -2.278068e+01 1.790002e+01 2.000000e+00
   vertex -2.347874e+01 1.853323e+01 2.000000e+00
  endloop
 endfacet
 facet normal 0.000000e+00 0.000000e+00 1.000000e+00
  outer loop
   vertex -2.295353e+01 1.931640e+01 2.000000e+00
   vertex -2.323929e+01 1.894035e+01 2.000000e+00
   vertex -2.265873e+01 1.896259e+01 2.000000e+00
  endloop
 endfacet
 facet normal 0.000000e+00 -0.000000e+00 1.000000e+00
  outer loop
   vertex -2.249247e+01 1.947212e+01 2.000000e+00
   vertex -2.225958e+01 1.995486e+01 2.000000e+00
   vertex -2.262544e+01 1.965615e+01 2.000000e+00
  endloop
 endfacet
 facet normal -0.000000e+00 0.000000e+00 1.000000e+00
  outer loop
   vertex -2.295353e+01 1.931640e+01 2.000000e+00
   vertex -2.265873e+01 1.896259e+01 2.000000e+00
   vertex -2.249247e+01 1.947212e+01 2.000000e+00
  endloop
 endfacet
 facet normal 0.000000e+00 0.000000e+00 1.000000e+00
  outer loop
   vertex -2.347874e+01 1.853323e+01 2.000000e+00
   vertex -2.278068e+01 1.790002e+01 2.000000e+00
   vertex -2.275538e+01 1.843540e+01 2.000000e+00
  endloop
 endfacet
 facet normal 0.000000e+00 0.000000e+00 1.000000e+00
  outer loop
   vertex -2.265873e+01 1.896259e+01 2.000000e+00
   vertex -2.323929e+01 1.894035e+01 2.000000e+00
   vertex -2.275538e+01 1.843540e+01 2.000000e+00
  endloop
 endfacet
 facet normal 0.000000e+00 0.000000e+00 1.000000e+00
  outer loop
   vertex -2.249247e+01 1.947212e+01 2.000000e+00
   vertex -2.262544e+01 1.965615e+01 2.000000e+00
   vertex -2.295353e+01 1.931640e+01 2.000000e+00
  endloop
 endfacet
 facet normal 0.000000e+00 0.000000e+00 1.000000e+00
  outer loop
   vertex -2.278068e+01 1.790002e+01 2.000000e+00
   vertex -2.366852e+01 1.810073e+01 2.000000e+00
   vertex -2.293643e+01 1.741533e+01 2.000000e+00
  endloop
 endfacet
 facet normal 0.000000e+00 0.000000e+00 1.000000e+00
  outer loop
   vertex -2.301075e+01 1.691170e+01 2.000000e+00
   vertex -2.388927e+01 1.718396e+01 2.000000e+00
   vertex -2.391716e+01 1.671248e+01 2.000000e+00
  endloop
 endfacet
 facet normal 0.000000e+00 0.000000e+00 1.000000e+00
  outer loop
   vertex -2.293643e+01 1.741533e+01 2.000000e+00
   vertex -2.388927e+01 1.718396e+01 2.000000e+00
   vertex -2.301075e+01 1.691170e+01 2.000000e+00
  endloop
 endfacet
 facet normal 0.000000e+00 0.000000e+00 1.000000e+00
  outer loop
   vertex -2.300164e+01 1.640268e+01 2.000000e+00
   vertex -2.391716e+01 1.671248e+01 2.000000e+00
   vertex -2.384030e+01 1.593212e+01 2.000000e+00
  endloop
 endfacet
 facet normal 0.000000e+00 -0.000000e+00 1.000000e+00
  outer loop
   vertex -2.361267e+01 1.518174e+01 2.000000e+00
   vertex -2.290934e+01 1.590203e+01 2.000000e+00
   vertex -2.384030e+01 1.593212e+01 2.000000e+00
  endloop
 endfacet
 facet normal 0.000000e+00 0.000000e+00 1.000000e+00
  outer loop
   vertex -2.273635e+01 1.542323e+01 2.000000e+00
   vertex -2.361267e+01 1.518174e+01 2.000000e+00
   vertex -2.324303e+01 1.449020e+01 2.000000e+00
  endloop
 endfacet
 facet normal -0.000000e+00 0.000000e+00 1.000000e+00
  outer loop
   vertex -2.391716e+01 1.671248e+01 2.000000e+00
   vertex -2.300164e+01 1.640268e+01 2.000000e+00
   vertex -2.301075e+01 1.691170e+01 2.000000e+00
  endloop
 endfacet
 facet normal 0.000000e+00 0.000000e+00 1.000000e+00
  outer loop
   vertex -2.290934e+01 1.590203e+01 2.000000e+00
   vertex -2.361267e+01 1.518174e+01 2.000000e+00
   vertex -2.273635e+01 1.542323e+01 2.000000e+00
  endloop
 endfacet
 facet normal 0.000000e+00 0.000000e+00 1.000000e+00
  outer loop
   vertex -2.216898e+01 1.458192e+01 2.000000e+00
   vertex -2.324303e+01 1.449020e+01 2.000000e+00
   vertex -2.274558e+01 1.388405e+01 2.000000e+00
  endloop
 endfacet
 facet normal 0.000000e+00 0.000000e+00 1.000000e+00
  outer loop
   vertex -2.248732e+01 1.497920e+01 2.000000e+00
   vertex -2.273635e+01 1.542323e+01 2.000000e+00
   vertex -2.324303e+01 1.449020e+01 2.000000e+00
  endloop
 endfacet
 facet normal 0.000000e+00 0.000000e+00 1.000000e+00
  outer loop
   vertex -2.248732e+01 1.497920e+01 2.000000e+00
   vertex -2.324303e+01 1.449020e+01 2.000000e+00
   vertex -2.216898e+01 1.458192e+01 2.000000e+00
  endloop
 endfacet
 facet normal 0.000000e+00 0.000000e+00 1.000000e+00
  outer loop
   vertex -2.300164e+01 1.640268e+01 2.000000e+00
   vertex -2.384030e+01 1.593212e+01 2.000000e+00
   vertex -2.290934e+01 1.590203e+01 2.000000e+00
  endloop
 endfacet
 facet normal 0.000000e+00 0.000000e+00 1.000000e+00
  outer loop
   vertex -2.293643e+01 1.741533e+01 2.000000e+00
   vertex -2.380601e+01 1.764887e+01 2.000000e+00
   vertex -2.388927e+01 1.718396e+01 2.000000e+00
  endloop
 endfacet
 facet normal -0.000000e+00 0.000000e+00 1.000000e+00
  outer loop
   vertex -2.274558e+01 1.388405e+01 2.000000e+00
   vertex -2.213944e+01 1.338660e+01 2.000000e+00
   vertex -2.178991e+01 1.424209e+01 2.000000e+00
  endloop
 endfacet
 facet normal 0.000000e+00 0.000000e+00 1.000000e+00
  outer loop
   vertex -2.144789e+01 1.301696e+01 2.000000e+00
   vertex -2.089183e+01 1.376969e+01 2.000000e+00
   vertex -2.136033e+01 1.396889e+01 2.000000e+00
  endloop
 endfacet
 facet normal 0.000000e+00 0.000000e+00 1.000000e+00
  outer loop
   vertex -1.837665e+01 1.302102e+01 2.000000e+00
   vertex -1.842493e+01 1.399526e+01 2.000000e+00
   vertex -1.888978e+01 1.378767e+01 2.000000e+00
  endloop
 endfacet
 facet normal 0.000000e+00 0.000000e+00 1.000000e+00
  outer loop
   vertex -2.213944e+01 1.338660e+01 2.000000e+00
   vertex -2.136033e+01 1.396889e+01 2.000000e+00
   vertex -2.178991e+01 1.424209e+01 2.000000e+00
  endloop
 endfacet
 facet normal 0.000000e+00 -0.000000e+00 1.000000e+00
  outer loop
   vertex -1.672878e+01 1.429706e+01 2.000000e+00
   vertex -1.643903e+01 1.473696e+01 2.000000e+00
   vertex -1.689355e+01 1.445290e+01 2.000000e+00
  endloop
 endfacet
 facet normal 0.000000e+00 0.000000e+00 1.000000e+00
  outer loop
   vertex -1.707381e+01 1.389905e+01 2.000000e+00
   vertex -1.672878e+01 1.429706e+01 2.000000e+00
   vertex -1.689355e+01 1.445290e+01 2.000000e+00
  endloop
 endfacet
 facet normal 0.000000e+00 0.000000e+00 1.000000e+00
  outer loop
   vertex -1.738195e+01 1.423216e+01 2.000000e+00
   vertex -1.789549e+01 1.407869e+01 2.000000e+00
   vertex -1.746815e+01 1.354983e+01 2.000000e+00
  endloop
 endfacet
 facet normal 0.000000e+00 0.000000e+00 1.000000e+00
  outer loop
   vertex -1.689355e+01 1.445290e+01 2.000000e+00
   vertex -1.738195e+01 1.423216e+01 2.000000e+00
   vertex -1.707381e+01 1.389905e+01 2.000000e+00
  endloop
 endfacet
 facet normal 0.000000e+00 -0.000000e+00 1.000000e+00
  outer loop
   vertex -1.790495e+01 1.325545e+01 2.000000e+00
   vertex -1.789549e+01 1.407869e+01 2.000000e+00
   vertex -1.842493e+01 1.399526e+01 2.000000e+00
  endloop
 endfacet
 facet normal 0.000000e+00 0.000000e+00 1.000000e+00
  outer loop
   vertex -1.746815e+01 1.354983e+01 2.000000e+00
   vertex -1.707381e+01 1.389905e+01 2.000000e+00
   vertex -1.738195e+01 1.423216e+01 2.000000e+00
  endloop
 endfacet
 facet normal 0.000000e+00 -0.000000e+00 1.000000e+00
  outer loop
   vertex -2.144789e+01 1.301696e+01 2.000000e+00
   vertex -2.136033e+01 1.396889e+01 2.000000e+00
   vertex -2.213944e+01 1.338660e+01 2.000000e+00
  endloop
 endfacet
 facet normal 0.000000e+00 -0.000000e+00 1.000000e+00
  outer loop
   vertex -2.069752e+01 1.278934e+01 2.000000e+00
   vertex -2.039704e+01 1.364985e+01 2.000000e+00
   vertex -2.089183e+01 1.376969e+01 2.000000e+00
  endloop
 endfacet
 facet normal 0.000000e+00 0.000000e+00 1.000000e+00
  outer loop
   vertex -1.988931e+01 1.361260e+01 2.000000e+00
   vertex -2.039704e+01 1.364985e+01 2.000000e+00
   vertex -1.991716e+01 1.271248e+01 2.000000e+00
  endloop
 endfacet
 facet normal 0.000000e+00 0.000000e+00 1.000000e+00
  outer loop
   vertex -2.089183e+01 1.376969e+01 2.000000e+00
   vertex -2.144789e+01 1.301696e+01 2.000000e+00
   vertex -2.069752e+01 1.278934e+01 2.000000e+00
  endloop
 endfacet
 facet normal 0.000000e+00 0.000000e+00 1.000000e+00
  outer loop
   vertex -1.991716e+01 1.271248e+01 2.000000e+00
   vertex -2.039704e+01 1.364985e+01 2.000000e+00
   vertex -2.069752e+01 1.278934e+01 2.000000e+00
  endloop
 endfacet
 facet normal 0.000000e+00 0.000000e+00 1.000000e+00
  outer loop
   vertex -1.991716e+01 1.271248e+01 2.000000e+00
   vertex -1.939155e+01 1.274716e+01 2.000000e+00
   vertex -1.988931e+01 1.361260e+01 2.000000e+00
  endloop
 endfacet
 facet normal 0.000000e+00 0.000000e+00 1.000000e+00
  outer loop
   vertex -1.842493e+01 1.399526e+01 2.000000e+00
   vertex -1.837665e+01 1.302102e+01 2.000000e+00
   vertex -1.790495e+01 1.325545e+01 2.000000e+00
  endloop
 endfacet
 facet normal 0.000000e+00 0.000000e+00 1.000000e+00
  outer loop
   vertex -1.746815e+01 1.354983e+01 2.000000e+00
   vertex -1.789549e+01 1.407869e+01 2.000000e+00
   vertex -1.790495e+01 1.325545e+01 2.000000e+00
  endloop
 endfacet
 facet normal 0.000000e+00 0.000000e+00 1.000000e+00
  outer loop
   vertex -1.888978e+01 1.378767e+01 2.000000e+00
   vertex -1.887507e+01 1.285061e+01 2.000000e+00
   vertex -1.837665e+01 1.302102e+01 2.000000e+00
  endloop
 endfacet
 facet normal 0.000000e+00 0.000000e+00 1.000000e+00
  outer loop
   vertex -1.939155e+01 1.274716e+01 2.000000e+00
   vertex -1.887507e+01 1.285061e+01 2.000000e+00
   vertex -1.938233e+01 1.365896e+01 2.000000e+00
  endloop
 endfacet
 facet normal 0.000000e+00 0.000000e+00 1.000000e+00
  outer loop
   vertex -1.887507e+01 1.285061e+01 2.000000e+00
   vertex -1.888978e+01 1.378767e+01 2.000000e+00
   vertex -1.938233e+01 1.365896e+01 2.000000e+00
  endloop
 endfacet
 facet normal -0.000000e+00 0.000000e+00 1.000000e+00
  outer loop
   vertex -1.988931e+01 1.361260e+01 2.000000e+00
   vertex -1.939155e+01 1.274716e+01 2.000000e+00
   vertex -1.938233e+01 1.365896e+01 2.000000e+00
  endloop
 endfacet
 facet normal 0.000000e+00 0.000000e+00 1.000000e+00
  outer loop
   vertex -2.216898e+01 1.458192e+01 2.000000e+00
   vertex -2.274558e+01 1.388405e+01 2.000000e+00
   vertex -2.178991e+01 1.424209e+01 2.000000e+00
  endloop
 endfacet
 facet normal -0.000000e+00 0.000000e+00 -1.000000e+00
  outer loop
   vertex -2.256400e+01 1.667841e+01 3.600000e+00
   vertex -2.384030e+01 1.593212e+01 3.600000e+00
   vertex -2.391716e+01 1.671248e+01 3.600000e+00
  endloop
 endfacet
 facet normal 0.000000e+00 -0.000000e+00 -1.000000e+00
  outer loop
   vertex -2.388927e+01 1.718396e+01 3.600000e+00
   vertex -2.272928e+01 1.733537e+01 3.600000e+00
   vertex -2.391716e+01 1.671248e+01 3.600000e+00
  endloop
 endfacet
 facet normal 0.000000e+00 0.000000e+00 -1.000000e+00
  outer loop
   vertex -2.361267e+01 1.518174e+01 3.600000e+00
   vertex -2.384030e+01 1.593212e+01 3.600000e+00
   vertex -2.229022e+01 1.605877e+01 3.600000e+00
  endloop
 endfacet
 facet normal 0.000000e+00 0.000000e+00 -1.000000e+00
  outer loop
   vertex -2.274558e+01 1.388405e+01 3.600000e+00
   vertex -2.324303e+01 1.449020e+01 3.600000e+00
   vertex -2.191581e+01 1.549421e+01 3.600000e+00
  endloop
 endfacet
 facet normal 0.000000e+00 0.000000e+00 -1.000000e+00
  outer loop
   vertex -2.384030e+01 1.593212e+01 3.600000e+00
   vertex -2.256400e+01 1.667841e+01 3.600000e+00
   vertex -2.229022e+01 1.605877e+01 3.600000e+00
  endloop
 endfacet
 facet normal 0.000000e+00 0.000000e+00 -1.000000e+00
  outer loop
   vertex -2.361267e+01 1.518174e+01 3.600000e+00
   vertex -2.191581e+01 1.549421e+01 3.600000e+00
   vertex -2.324303e+01 1.449020e+01 3.600000e+00
  endloop
 endfacet
 facet normal 0.000000e+00 0.000000e+00 -1.000000e+00
  outer loop
   vertex -2.361267e+01 1.518174e+01 3.600000e+00
   vertex -2.229022e+01 1.605877e+01 3.600000e+00
   vertex -2.191581e+01 1.549421e+01 3.600000e+00
  endloop
 endfacet
 facet normal 0.000000e+00 0.000000e+00 -1.000000e+00
  outer loop
   vertex -2.256400e+01 1.667841e+01 3.600000e+00
   vertex -2.391716e+01 1.671248e+01 3.600000e+00
   vertex -2.272928e+01 1.733537e+01 3.600000e+00
  endloop
 endfacet
 facet normal 0.000000e+00 0.000000e+00 -1.000000e+00
  outer loop
   vertex -2.272928e+01 1.733537e+01 3.600000e+00
   vertex -2.377505e+01 1.776921e+01 3.600000e+00
   vertex -2.278134e+01 1.801079e+01 3.600000e+00
  endloop
 endfacet
 facet normal 0.000000e+00 0.000000e+00 -1.000000e+00
  outer loop
   vertex -2.271867e+01 1.868532e+01 3.600000e+00
   vertex -2.339232e+01 1.869319e+01 3.600000e+00
   vertex -2.295353e+01 1.931640e+01 3.600000e+00
  endloop
 endfacet
 facet normal 0.000000e+00 0.000000e+00 -1.000000e+00
  outer loop
   vertex -2.377505e+01 1.776921e+01 3.600000e+00
   vertex -2.339232e+01 1.869319e+01 3.600000e+00
   vertex -2.278134e+01 1.801079e+01 3.600000e+00
  endloop
 endfacet
 facet normal 0.000000e+00 0.000000e+00 -1.000000e+00
  outer loop
   vertex -2.278134e+01 1.801079e+01 3.600000e+00
   vertex -2.339232e+01 1.869319e+01 3.600000e+00
   vertex -2.271867e+01 1.868532e+01 3.600000e+00
  endloop
 endfacet
 facet normal 0.000000e+00 0.000000e+00 -1.000000e+00
  outer loop
   vertex -2.272928e+01 1.733537e+01 3.600000e+00
   vertex -2.380601e+01 1.764887e+01 3.600000e+00
   vertex -2.377505e+01 1.776921e+01 3.600000e+00
  endloop
 endfacet
 facet normal 0.000000e+00 0.000000e+00 -1.000000e+00
  outer loop
   vertex -2.225958e+01 1.995486e+01 3.600000e+00
   vertex -2.254307e+01 1.933960e+01 3.600000e+00
   vertex -2.262544e+01 1.965615e+01 3.600000e+00
  endloop
 endfacet
 facet normal -0.000000e+00 0.000000e+00 -1.000000e+00
  outer loop
   vertex -2.254307e+01 1.933960e+01 3.600000e+00
   vertex -2.295353e+01 1.931640e+01 3.600000e+00
   vertex -2.262544e+01 1.965615e+01 3.600000e+00
  endloop
 endfacet
 facet normal 0.000000e+00 0.000000e+00 -1.000000e+00
  outer loop
   vertex -2.271867e+01 1.868532e+01 3.600000e+00
   vertex -2.295353e+01 1.931640e+01 3.600000e+00
   vertex -2.254307e+01 1.933960e+01 3.600000e+00
  endloop
 endfacet
 facet normal -0.000000e+00 0.000000e+00 -1.000000e+00
  outer loop
   vertex -2.272928e+01 1.733537e+01 3.600000e+00
   vertex -2.388927e+01 1.718396e+01 3.600000e+00
   vertex -2.380601e+01 1.764887e+01 3.600000e+00
  endloop
 endfacet
 facet normal 0.000000e+00 0.000000e+00 -1.000000e+00
  outer loop
   vertex -2.213944e+01 1.338660e+01 3.600000e+00
   vertex -2.274558e+01 1.388405e+01 3.600000e+00
   vertex -2.145149e+01 1.500093e+01 3.600000e+00
  endloop
 endfacet
 facet normal 0.000000e+00 0.000000e+00 -1.000000e+00
  outer loop
   vertex -2.069752e+01 1.278934e+01 3.600000e+00
   vertex -2.030863e+01 1.428235e+01 3.600000e+00
   vertex -1.991716e+01 1.271248e+01 3.600000e+00
  endloop
 endfacet
 facet normal 0.000000e+00 0.000000e+00 -1.000000e+00
  outer loop
   vertex -2.069752e+01 1.278934e+01 3.600000e+00
   vertex -2.144789e+01 1.301696e+01 3.600000e+00
   vertex -2.030863e+01 1.428235e+01 3.600000e+00
  endloop
 endfacet
 facet normal -0.000000e+00 0.000000e+00 -1.000000e+00
  outer loop
   vertex -1.939155e+01 1.274716e+01 3.600000e+00
   vertex -1.991716e+01 1.271248e+01 3.600000e+00
   vertex -1.966287e+01 1.407766e+01 3.600000e+00
  endloop
 endfacet
 facet normal -0.000000e+00 0.000000e+00 -1.000000e+00
  outer loop
   vertex -1.837665e+01 1.302102e+01 3.600000e+00
   vertex -1.887507e+01 1.285061e+01 3.600000e+00
   vertex -1.899182e+01 1.398487e+01 3.600000e+00
  endloop
 endfacet
 facet normal 0.000000e+00 -0.000000e+00 -1.000000e+00
  outer loop
   vertex -1.765105e+01 1.414239e+01 3.600000e+00
   vertex -1.746815e+01 1.354983e+01 3.600000e+00
   vertex -1.790495e+01 1.325545e+01 3.600000e+00
  endloop
 endfacet
 facet normal -0.000000e+00 0.000000e+00 -1.000000e+00
  outer loop
   vertex -1.790495e+01 1.325545e+01 3.600000e+00
   vertex -1.837665e+01 1.302102e+01 3.600000e+00
   vertex -1.831474e+01 1.400666e+01 3.600000e+00
  endloop
 endfacet
 facet normal 0.000000e+00 0.000000e+00 -1.000000e+00
  outer loop
   vertex -1.939155e+01 1.274716e+01 3.600000e+00
   vertex -1.899182e+01 1.398487e+01 3.600000e+00
   vertex -1.887507e+01 1.285061e+01 3.600000e+00
  endloop
 endfacet
 facet normal -0.000000e+00 0.000000e+00 -1.000000e+00
  outer loop
   vertex -1.707381e+01 1.389905e+01 3.600000e+00
   vertex -1.746815e+01 1.354983e+01 3.600000e+00
   vertex -1.765105e+01 1.414239e+01 3.600000e+00
  endloop
 endfacet
 facet normal 0.000000e+00 0.000000e+00 -1.000000e+00
  outer loop
   vertex -1.991716e+01 1.271248e+01 3.600000e+00
   vertex -2.030863e+01 1.428235e+01 3.600000e+00
   vertex -1.966287e+01 1.407766e+01 3.600000e+00
  endloop
 endfacet
 facet normal -0.000000e+00 0.000000e+00 -1.000000e+00
  outer loop
   vertex -2.145149e+01 1.500093e+01 3.600000e+00
   vertex -2.274558e+01 1.388405e+01 3.600000e+00
   vertex -2.191581e+01 1.549421e+01 3.600000e+00
  endloop
 endfacet
 facet normal -0.000000e+00 0.000000e+00 -1.000000e+00
  outer loop
   vertex -2.091060e+01 1.459308e+01 3.600000e+00
   vertex -2.213944e+01 1.338660e+01 3.600000e+00
   vertex -2.145149e+01 1.500093e+01 3.600000e+00
  endloop
 endfacet
 facet normal 0.000000e+00 0.000000e+00 -1.000000e+00
  outer loop
   vertex -2.144789e+01 1.301696e+01 3.600000e+00
   vertex -2.091060e+01 1.459308e+01 3.600000e+00
   vertex -2.030863e+01 1.428235e+01 3.600000e+00
  endloop
 endfacet
 facet normal 0.000000e+00 0.000000e+00 -1.000000e+00
  outer loop
   vertex -1.837665e+01 1.302102e+01 3.600000e+00
   vertex -1.899182e+01 1.398487e+01 3.600000e+00
   vertex -1.831474e+01 1.400666e+01 3.600000e+00
  endloop
 endfacet
 facet normal 0.000000e+00 0.000000e+00 -1.000000e+00
  outer loop
   vertex -1.707381e+01 1.389905e+01 3.600000e+00
   vertex -1.765105e+01 1.414239e+01 3.600000e+00
   vertex -1.701978e+01 1.438818e+01 3.600000e+00
  endloop
 endfacet
 facet normal 0.000000e+00 0.000000e+00 -1.000000e+00
  outer loop
   vertex -1.707381e+01 1.389905e+01 3.600000e+00
   vertex -1.701978e+01 1.438818e+01 3.600000e+00
   vertex -1.643903e+01 1.473696e+01 3.600000e+00
  endloop
 endfacet
 facet normal 0.000000e+00 0.000000e+00 -1.000000e+00
  outer loop
   vertex -1.765105e+01 1.414239e+01 3.600000e+00
   vertex -1.790495e+01 1.325545e+01 3.600000e+00
   vertex -1.831474e+01 1.400666e+01 3.600000e+00
  endloop
 endfacet
 facet normal -0.000000e+00 0.000000e+00 -1.000000e+00
  outer loop
   vertex -1.899182e+01 1.398487e+01 3.600000e+00
   vertex -1.939155e+01 1.274716e+01 3.600000e+00
   vertex -1.966287e+01 1.407766e+01 3.600000e+00
  endloop
 endfacet
 facet normal 0.000000e+00 0.000000e+00 -1.000000e+00
  outer loop
   vertex -2.091060e+01 1.459308e+01 3.600000e+00
   vertex -2.144789e+01 1.301696e+01 3.600000e+00
   vertex -2.213944e+01 1.338660e+01 3.600000e+00
  endloop
 endfacet
 facet normal 2.860098e-01 -9.582267e-01 0.000000e+00
  outer loop
   vertex -2.054892e+01 1.974742e+01 3.333333e-01
   vertex -2.105227e+01 1.959718e+01 5.857797e-15
   vertex -2.054892e+01 1.974742e+01 0.000000e+00
  endloop
 endfacet
 facet normal 4.436818e-01 -8.961687e-01 5.307469e-03
  outer loop
   vertex -2.105227e+01 1.959718e+01 5.857797e-15
   vertex -2.124093e+01 1.951562e+01 2.000000e+00
   vertex -2.152303e+01 1.936411e+01 4.441969e-15
  endloop
 endfacet
 facet normal 2.758321e-01 -9.611897e-01 5.568163e-03
  outer loop
   vertex -2.090177e+01 1.965196e+01 2.000000e+00
   vertex -2.105227e+01 1.959718e+01 5.857797e-15
   vertex -2.054892e+01 1.974742e+01 1.000000e+00
  endloop
 endfacet
 facet normal 2.860098e-01 -9.582267e-01 0.000000e+00
  outer loop
   vertex -2.054892e+01 1.974742e+01 6.666667e-01
   vertex -2.105227e+01 1.959718e+01 5.857797e-15
   vertex -2.054892e+01 1.974742e+01 3.333333e-01
  endloop
 endfacet
 facet normal 7.111362e-01 -7.030543e-01 -4.659520e-05
  outer loop
   vertex -2.194768e+01 1.905490e+01 2.898596e-15
   vertex -2.194677e+01 1.905569e+01 2.000000e+00
   vertex -2.228343e+01 1.871517e+01 2.000000e+00
  endloop
 endfacet
 facet normal 2.860098e-01 -9.582267e-01 0.000000e+00
  outer loop
   vertex -2.105227e+01 1.959718e+01 5.857797e-15
   vertex -2.054892e+01 1.974742e+01 6.666667e-01
   vertex -2.054892e+01 1.974742e+01 1.000000e+00
  endloop
 endfacet
 facet normal 5.886331e-01 -8.083984e-01 1.756920e-03
  outer loop
   vertex -2.152303e+01 1.936411e+01 4.441969e-15
   vertex -2.156168e+01 1.934031e+01 2.000000e+00
   vertex -2.194768e+01 1.905490e+01 2.898596e-15
  endloop
 endfacet
 facet normal 8.109285e-01 -5.851428e-01 -1.662280e-03
  outer loop
   vertex -2.231403e+01 1.867844e+01 1.271994e-15
   vertex -2.228343e+01 1.871517e+01 2.000000e+00
   vertex -2.256363e+01 1.832685e+01 2.000000e+00
  endloop
 endfacet
 facet normal 9.520437e-01 -3.059335e-01 -4.189079e-03
  outer loop
   vertex -2.283171e+01 1.776859e+01 -2.043027e-15
   vertex -2.278068e+01 1.790002e+01 2.000000e+00
   vertex -2.293643e+01 1.741533e+01 2.000000e+00
  endloop
 endfacet
 facet normal 8.913676e-01 -4.532717e-01 -2.928523e-03
  outer loop
   vertex -2.261155e+01 1.824552e+01 -3.911319e-16
   vertex -2.256363e+01 1.832685e+01 2.000000e+00
   vertex -2.278068e+01 1.790002e+01 2.000000e+00
  endloop
 endfacet
 facet normal 9.998288e-01 1.789710e-02 -4.701048e-03
  outer loop
   vertex -2.301705e+01 1.673830e+01 -5.125081e-15
   vertex -2.301075e+01 1.691170e+01 2.000000e+00
   vertex -2.300164e+01 1.640268e+01 2.000000e+00
  endloop
 endfacet
 facet normal 9.404825e-01 3.398047e-01 -5.042315e-03
  outer loop
   vertex -2.284890e+01 1.570508e+01 -7.622724e-15
   vertex -2.290934e+01 1.590203e+01 2.000000e+00
   vertex -2.273635e+01 1.542323e+01 2.000000e+00
  endloop
 endfacet
 facet normal 8.721851e-01 4.891488e-01 -5.148697e-03
  outer loop
   vertex -2.263672e+01 1.522454e+01 -8.559827e-15
   vertex -2.273635e+01 1.542323e+01 2.000000e+00
   vertex -2.248732e+01 1.497920e+01 2.000000e+00
  endloop
 endfacet
 facet normal 9.834167e-01 1.812941e-01 -4.893024e-03
  outer loop
   vertex -2.297690e+01 1.621454e+01 -6.466744e-15
   vertex -2.300164e+01 1.640268e+01 2.000000e+00
   vertex -2.290934e+01 1.590203e+01 2.000000e+00
  endloop
 endfacet
 facet normal 9.892764e-01 -1.459875e-01 -4.466716e-03
  outer loop
   vertex -2.296818e+01 1.726132e+01 -3.636259e-15
   vertex -2.293643e+01 1.741533e+01 2.000000e+00
   vertex -2.301075e+01 1.691170e+01 2.000000e+00
  endloop
 endfacet
 facet normal 7.803634e-01 6.253045e-01 -5.212537e-03
  outer loop
   vertex -2.234645e+01 1.478673e+01 -9.251147e-15
   vertex -2.248732e+01 1.497920e+01 2.000000e+00
   vertex -2.216898e+01 1.458192e+01 2.000000e+00
  endloop
 endfacet
 facet normal 2.611623e-01 -9.652949e-01 0.000000e+00
  outer loop
   vertex -2.090177e+01 1.965196e+01 2.000000e+00
   vertex -2.054892e+01 1.974742e+01 1.333333e+00
   vertex -2.054892e+01 1.974742e+01 1.666667e+00
  endloop
 endfacet
 facet normal 2.611623e-01 -9.652949e-01 0.000000e+00
  outer loop
   vertex -2.054892e+01 1.974742e+01 1.666667e+00
   vertex -2.054892e+01 1.974742e+01 2.000000e+00
   vertex -2.090177e+01 1.965196e+01 2.000000e+00
  endloop
 endfacet
 facet normal 2.611623e-01 -9.652949e-01 0.000000e+00
  outer loop
   vertex -2.054892e+01 1.974742e+01 1.333333e+00
   vertex -2.090177e+01 1.965196e+01 2.000000e+00
   vertex -2.054892e+01 1.974742e+01 1.000000e+00
  endloop
 endfacet
 facet normal 3.729668e-01 -9.278409e-01 -2.654633e-03
  outer loop
   vertex -2.124093e+01 1.951562e+01 2.000000e+00
   vertex -2.105227e+01 1.959718e+01 5.857797e-15
   vertex -2.090177e+01 1.965196e+01 2.000000e+00
  endloop
 endfacet
 facet normal 6.674987e-01 7.445925e-01 -5.234094e-03
  outer loop
   vertex -2.216898e+01 1.458192e+01 2.000000e+00
   vertex -2.178991e+01 1.424209e+01 2.000000e+00
   vertex -2.198643e+01 1.440421e+01 -9.676835e-15
  endloop
 endfacet
 facet normal 4.585542e-01 8.886492e-01 5.525170e-03
  outer loop
   vertex -2.156699e+01 1.408797e+01 -9.824665e-15
   vertex -2.136033e+01 1.396889e+01 2.000000e+00
   vertex -2.110018e+01 1.384709e+01 -9.690393e-15
  endloop
 endfacet
 facet normal 1.366358e-01 9.906071e-01 5.312087e-03
  outer loop
   vertex -2.059940e+01 1.368848e+01 -9.277876e-15
   vertex -2.039704e+01 1.364985e+01 2.000000e+00
   vertex -2.007903e+01 1.361671e+01 -8.598958e-15
  endloop
 endfacet
 facet normal 3.019298e-01 9.533146e-01 5.439666e-03
  outer loop
   vertex -2.110018e+01 1.384709e+01 -9.690393e-15
   vertex -2.089183e+01 1.376969e+01 2.000000e+00
   vertex -2.059940e+01 1.368848e+01 -9.277876e-15
  endloop
 endfacet
 facet normal -2.008638e-01 9.796068e-01 4.927864e-03
  outer loop
   vertex -1.955401e+01 1.363382e+01 -7.673133e-15
   vertex -1.938233e+01 1.365896e+01 2.000000e+00
   vertex -1.903942e+01 1.373934e+01 -6.526985e-15
  endloop
 endfacet
 facet normal -5.154613e-01 8.569017e-01 4.373719e-03
  outer loop
   vertex -1.855003e+01 1.393022e+01 -5.193424e-15
   vertex -1.842493e+01 1.399526e+01 2.000000e+00
   vertex -1.809989e+01 1.420099e+01 -3.710740e-15
  endloop
 endfacet
 facet normal -3.633773e-01 9.316304e-01 4.672615e-03
  outer loop
   vertex -1.903942e+01 1.373934e+01 -6.526985e-15
   vertex -1.888978e+01 1.378767e+01 2.000000e+00
   vertex -1.855003e+01 1.393022e+01 -5.193424e-15
  endloop
 endfacet
 facet normal -3.258042e-02 9.994559e-01 5.141201e-03
  outer loop
   vertex -2.007903e+01 1.361671e+01 -8.598958e-15
   vertex -1.988931e+01 1.361260e+01 2.000000e+00
   vertex -1.955401e+01 1.363382e+01 -7.673133e-15
  endloop
 endfacet
 facet normal -7.498629e-01 6.615913e-01 -1.621237e-03
  outer loop
   vertex -1.770194e+01 1.454388e+01 -2.121509e-15
   vertex -1.773980e+01 1.450587e+01 2.000000e+00
   vertex -1.745646e+01 1.482701e+01 2.000000e+00
  endloop
 endfacet
 facet normal -9.391472e-01 3.434843e-01 4.588607e-03
  outer loop
   vertex -1.710645e+01 1.540482e+01 1.192322e-15
   vertex -1.704557e+01 1.554458e+01 2.000000e+00
   vertex -1.692602e+01 1.589816e+01 2.821768e-15
  endloop
 endfacet
 facet normal -8.338854e-01 5.519272e-01 -3.378979e-03
  outer loop
   vertex -1.736759e+01 1.494903e+01 -4.713608e-16
   vertex -1.745646e+01 1.482701e+01 2.000000e+00
   vertex -1.722009e+01 1.518414e+01 2.000000e+00
  endloop
 endfacet
 facet normal -9.836687e-01 1.799883e-01 0.000000e+00
  outer loop
   vertex -1.692602e+01 1.589816e+01 2.821768e-15
   vertex -1.683147e+01 1.641488e+01 6.666667e-01
   vertex -1.683147e+01 1.641488e+01 3.333333e-01
  endloop
 endfacet
 facet normal -9.836687e-01 1.799883e-01 0.000000e+00
  outer loop
   vertex -1.683147e+01 1.641488e+01 0.000000e+00
   vertex -1.692602e+01 1.589816e+01 2.821768e-15
   vertex -1.683147e+01 1.641488e+01 3.333333e-01
  endloop
 endfacet
 facet normal -9.836687e-01 1.799883e-01 0.000000e+00
  outer loop
   vertex -1.692602e+01 1.589816e+01 2.821768e-15
   vertex -1.683147e+01 1.641488e+01 1.000000e+00
   vertex -1.683147e+01 1.641488e+01 6.666667e-01
  endloop
 endfacet
 facet normal -9.840514e-01 1.778810e-01 1.125065e-03
  outer loop
   vertex -1.691897e+01 1.592451e+01 2.000000e+00
   vertex -1.683147e+01 1.641488e+01 1.000000e+00
   vertex -1.692602e+01 1.589816e+01 2.821768e-15
  endloop
 endfacet
 facet normal -6.515288e-01 7.586220e-01 1.662321e-03
  outer loop
   vertex -1.809989e+01 1.420099e+01 -3.710740e-15
   vertex -1.806469e+01 1.422685e+01 2.000000e+00
   vertex -1.773980e+01 1.450587e+01 2.000000e+00
  endloop
 endfacet
 facet normal -9.844512e-01 1.756580e-01 0.000000e+00
  outer loop
   vertex -1.691897e+01 1.592451e+01 2.000000e+00
   vertex -1.683147e+01 1.641488e+01 1.333333e+00
   vertex -1.683147e+01 1.641488e+01 1.000000e+00
  endloop
 endfacet
 facet normal 5.366316e-01 8.438006e-01 -5.212878e-03
  outer loop
   vertex -2.136033e+01 1.396889e+01 2.000000e+00
   vertex -2.156699e+01 1.408797e+01 -9.824665e-15
   vertex -2.178991e+01 1.424209e+01 2.000000e+00
  endloop
 endfacet
 facet normal -9.000449e-01 4.357865e-01 -3.051690e-03
  outer loop
   vertex -1.704557e+01 1.554458e+01 2.000000e+00
   vertex -1.710645e+01 1.540482e+01 1.192322e-15
   vertex -1.722009e+01 1.518414e+01 2.000000e+00
  endloop
 endfacet
 facet normal -9.814858e-01 1.911713e-01 1.180002e-02
  outer loop
   vertex -1.684241e+01 1.631759e+01 2.000000e+00
   vertex -1.683147e+01 1.641488e+01 1.333333e+00
   vertex -1.691897e+01 1.592451e+01 2.000000e+00
  endloop
 endfacet
 facet normal -9.937430e-01 1.116909e-01 0.000000e+00
  outer loop
   vertex -1.683147e+01 1.641488e+01 1.666667e+00
   vertex -1.684241e+01 1.631759e+01 2.000000e+00
   vertex -1.683147e+01 1.641488e+01 2.000000e+00
  endloop
 endfacet
 facet normal -9.937430e-01 1.116909e-01 0.000000e+00
  outer loop
   vertex -1.683147e+01 1.641488e+01 1.333333e+00
   vertex -1.684241e+01 1.631759e+01 2.000000e+00
   vertex -1.683147e+01 1.641488e+01 1.666667e+00
  endloop
 endfacet
 facet normal 6.020122e-01 7.984675e-01 5.567751e-03
  outer loop
   vertex -2.198643e+01 1.440421e+01 -9.676835e-15
   vertex -2.178991e+01 1.424209e+01 2.000000e+00
   vertex -2.156699e+01 1.408797e+01 -9.824665e-15
  endloop
 endfacet
 facet normal 6.324418e-01 -7.746079e-01 0.000000e+00
  outer loop
   vertex -2.225958e+01 1.995486e+01 2.320000e+00
   vertex -2.262544e+01 1.965615e+01 2.000000e+00
   vertex -2.225958e+01 1.995486e+01 2.000000e+00
  endloop
 endfacet
 facet normal 6.324418e-01 -7.746079e-01 0.000000e+00
  outer loop
   vertex -2.225958e+01 1.995486e+01 2.640000e+00
   vertex -2.262544e+01 1.965615e+01 2.000000e+00
   vertex -2.225958e+01 1.995486e+01 2.320000e+00
  endloop
 endfacet
 facet normal 7.962037e-01 -6.050286e-01 0.000000e+00
  outer loop
   vertex -2.295353e+01 1.931640e+01 2.000000e+00
   vertex -2.295353e+01 1.931640e+01 3.600000e+00
   vertex -2.323929e+01 1.894035e+01 2.000000e+00
  endloop
 endfacet
 facet normal 7.193363e-01 -6.946620e-01 0.000000e+00
  outer loop
   vertex -2.295353e+01 1.931640e+01 2.000000e+00
   vertex -2.262544e+01 1.965615e+01 2.000000e+00
   vertex -2.262544e+01 1.965615e+01 3.600000e+00
  endloop
 endfacet
 facet normal 8.619602e-01 -5.069592e-01 4.128574e-03
  outer loop
   vertex -2.347874e+01 1.853323e+01 2.000000e+00
   vertex -2.323929e+01 1.894035e+01 2.000000e+00
   vertex -2.339232e+01 1.869319e+01 3.600000e+00
  endloop
 endfacet
 facet normal 9.157101e-01 -4.018213e-01 3.839604e-03
  outer loop
   vertex -2.347874e+01 1.853323e+01 2.000000e+00
   vertex -2.361267e+01 1.824321e+01 3.591382e+00
   vertex -2.366852e+01 1.810073e+01 2.000000e+00
  endloop
 endfacet
 facet normal 9.566897e-01 -2.910900e-01 3.380538e-03
  outer loop
   vertex -2.380601e+01 1.764887e+01 2.000000e+00
   vertex -2.366852e+01 1.810073e+01 2.000000e+00
   vertex -2.377505e+01 1.776921e+01 3.600000e+00
  endloop
 endfacet
 facet normal 9.843382e-01 -1.762906e-01 0.000000e+00
  outer loop
   vertex -2.388927e+01 1.718396e+01 2.000000e+00
   vertex -2.380601e+01 1.764887e+01 2.000000e+00
   vertex -2.380601e+01 1.764887e+01 3.600000e+00
  endloop
 endfacet
 facet normal 9.951845e-01 9.801899e-02 0.000000e+00
  outer loop
   vertex -2.384030e+01 1.593212e+01 2.000000e+00
   vertex -2.391716e+01 1.671248e+01 2.000000e+00
   vertex -2.391716e+01 1.671248e+01 3.600000e+00
  endloop
 endfacet
 facet normal 8.819220e-01 4.713954e-01 0.000000e+00
  outer loop
   vertex -2.324303e+01 1.449020e+01 2.000000e+00
   vertex -2.361267e+01 1.518174e+01 2.000000e+00
   vertex -2.361267e+01 1.518174e+01 3.600000e+00
  endloop
 endfacet
 facet normal 9.569403e-01 2.902849e-01 0.000000e+00
  outer loop
   vertex -2.361267e+01 1.518174e+01 2.000000e+00
   vertex -2.384030e+01 1.593212e+01 2.000000e+00
   vertex -2.384030e+01 1.593212e+01 3.600000e+00
  endloop
 endfacet
 facet normal 9.982556e-01 -5.904066e-02 0.000000e+00
  outer loop
   vertex -2.391716e+01 1.671248e+01 2.000000e+00
   vertex -2.388927e+01 1.718396e+01 2.000000e+00
   vertex -2.388927e+01 1.718396e+01 3.600000e+00
  endloop
 endfacet
 facet normal 7.730105e-01 6.343932e-01 0.000000e+00
  outer loop
   vertex -2.324303e+01 1.449020e+01 3.600000e+00
   vertex -2.274558e+01 1.388405e+01 3.600000e+00
   vertex -2.274558e+01 1.388405e+01 2.000000e+00
  endloop
 endfacet
 facet normal 6.324418e-01 -7.746079e-01 0.000000e+00
  outer loop
   vertex -2.262544e+01 1.965615e+01 3.600000e+00
   vertex -2.225958e+01 1.995486e+01 2.640000e+00
   vertex -2.225958e+01 1.995486e+01 2.960000e+00
  endloop
 endfacet
 facet normal 6.324418e-01 -7.746079e-01 0.000000e+00
  outer loop
   vertex -2.262544e+01 1.965615e+01 3.600000e+00
   vertex -2.225958e+01 1.995486e+01 2.960000e+00
   vertex -2.225958e+01 1.995486e+01 3.280000e+00
  endloop
 endfacet
 facet normal 6.324418e-01 -7.746079e-01 0.000000e+00
  outer loop
   vertex -2.225958e+01 1.995486e+01 3.280000e+00
   vertex -2.225958e+01 1.995486e+01 3.600000e+00
   vertex -2.262544e+01 1.965615e+01 3.600000e+00
  endloop
 endfacet
 facet normal 6.324418e-01 -7.746079e-01 0.000000e+00
  outer loop
   vertex -2.262544e+01 1.965615e+01 3.600000e+00
   vertex -2.262544e+01 1.965615e+01 2.000000e+00
   vertex -2.225958e+01 1.995486e+01 2.640000e+00
  endloop
 endfacet
 facet normal 8.176155e-01 -5.756647e-01 -1.072567e-02
  outer loop
   vertex -2.323929e+01 1.894035e+01 2.000000e+00
   vertex -2.295353e+01 1.931640e+01 3.600000e+00
   vertex -2.339232e+01 1.869319e+01 3.600000e+00
  endloop
 endfacet
 facet normal 8.981242e-01 -4.397185e-01 -4.547025e-03
  outer loop
   vertex -2.339232e+01 1.869319e+01 3.600000e+00
   vertex -2.361267e+01 1.824321e+01 3.591382e+00
   vertex -2.347874e+01 1.853323e+01 2.000000e+00
  endloop
 endfacet
 facet normal 9.460005e-01 -3.241382e-01 -4.178613e-03
  outer loop
   vertex -2.361267e+01 1.824321e+01 3.591382e+00
   vertex -2.377505e+01 1.776921e+01 3.600000e+00
   vertex -2.366852e+01 1.810073e+01 2.000000e+00
  endloop
 endfacet
 facet normal 9.684593e-01 -2.491719e-01 0.000000e+00
  outer loop
   vertex -2.380601e+01 1.764887e+01 3.600000e+00
   vertex -2.380601e+01 1.764887e+01 2.000000e+00
   vertex -2.377505e+01 1.776921e+01 3.600000e+00
  endloop
 endfacet
 facet normal 4.713964e-01 8.819215e-01 0.000000e+00
  outer loop
   vertex -2.144789e+01 1.301696e+01 2.000000e+00
   vertex -2.213944e+01 1.338660e+01 2.000000e+00
   vertex -2.213944e+01 1.338660e+01 3.600000e+00
  endloop
 endfacet
 facet normal 2.902849e-01 9.569403e-01 0.000000e+00
  outer loop
   vertex -2.069752e+01 1.278934e+01 2.000000e+00
   vertex -2.144789e+01 1.301696e+01 2.000000e+00
   vertex -2.144789e+01 1.301696e+01 3.600000e+00
  endloop
 endfacet
 facet normal -6.584258e-02 9.978300e-01 0.000000e+00
  outer loop
   vertex -1.939155e+01 1.274716e+01 2.000000e+00
   vertex -1.991716e+01 1.271248e+01 2.000000e+00
   vertex -1.991716e+01 1.271248e+01 3.600000e+00
  endloop
 endfacet
 facet normal -3.235254e-01 9.462195e-01 0.000000e+00
  outer loop
   vertex -1.837665e+01 1.302102e+01 2.000000e+00
   vertex -1.887507e+01 1.285061e+01 2.000000e+00
   vertex -1.887507e+01 1.285061e+01 3.600000e+00
  endloop
 endfacet
 facet normal -1.963881e-01 9.805263e-01 0.000000e+00
  outer loop
   vertex -1.887507e+01 1.285061e+01 2.000000e+00
   vertex -1.939155e+01 1.274716e+01 2.000000e+00
   vertex -1.939155e+01 1.274716e+01 3.600000e+00
  endloop
 endfacet
 facet normal 9.801791e-02 9.951847e-01 0.000000e+00
  outer loop
   vertex -1.991716e+01 1.271248e+01 2.000000e+00
   vertex -2.069752e+01 1.278934e+01 2.000000e+00
   vertex -2.069752e+01 1.278934e+01 3.600000e+00
  endloop
 endfacet
 facet normal -5.588667e-01 8.292575e-01 0.000000e+00
  outer loop
   vertex -1.746815e+01 1.354983e+01 2.000000e+00
   vertex -1.790495e+01 1.325545e+01 2.000000e+00
   vertex -1.790495e+01 1.325545e+01 3.600000e+00
  endloop
 endfacet
 facet normal -6.629829e-01 7.486345e-01 0.000000e+00
  outer loop
   vertex -1.707381e+01 1.389905e+01 2.000000e+00
   vertex -1.746815e+01 1.354983e+01 2.000000e+00
   vertex -1.746815e+01 1.354983e+01 3.600000e+00
  endloop
 endfacet
 facet normal -8.351242e-01 5.500614e-01 0.000000e+00
  outer loop
   vertex -1.643903e+01 1.473696e+01 2.266667e+00
   vertex -1.643903e+01 1.473696e+01 2.000000e+00
   vertex -1.672878e+01 1.429706e+01 2.000000e+00
  endloop
 endfacet
 facet normal -8.351242e-01 5.500614e-01 0.000000e+00
  outer loop
   vertex -1.672878e+01 1.429706e+01 2.000000e+00
   vertex -1.643903e+01 1.473696e+01 2.533333e+00
   vertex -1.643903e+01 1.473696e+01 2.266667e+00
  endloop
 endfacet
 facet normal -7.556057e-01 6.550267e-01 0.000000e+00
  outer loop
   vertex -1.707381e+01 1.389905e+01 3.600000e+00
   vertex -1.672878e+01 1.429706e+01 2.000000e+00
   vertex -1.707381e+01 1.389905e+01 2.000000e+00
  endloop
 endfacet
 facet normal -4.450527e-01 8.955044e-01 0.000000e+00
  outer loop
   vertex -1.790495e+01 1.325545e+01 2.000000e+00
   vertex -1.837665e+01 1.302102e+01 2.000000e+00
   vertex -1.837665e+01 1.302102e+01 3.600000e+00
  endloop
 endfacet
 facet normal -8.351242e-01 5.500614e-01 0.000000e+00
  outer loop
   vertex -1.643903e+01 1.473696e+01 2.533333e+00
   vertex -1.672878e+01 1.429706e+01 2.000000e+00
   vertex -1.643903e+01 1.473696e+01 2.800000e+00
  endloop
 endfacet
 facet normal 6.343931e-01 7.730106e-01 0.000000e+00
  outer loop
   vertex -2.213944e+01 1.338660e+01 2.000000e+00
   vertex -2.274558e+01 1.388405e+01 2.000000e+00
   vertex -2.274558e+01 1.388405e+01 3.600000e+00
  endloop
 endfacet
 facet normal -8.351242e-01 5.500614e-01 0.000000e+00
  outer loop
   vertex -1.672878e+01 1.429706e+01 2.000000e+00
   vertex -1.643903e+01 1.473696e+01 3.333333e+00
   vertex -1.643903e+01 1.473696e+01 3.066667e+00
  endloop
 endfacet
 facet normal -8.004788e-01 5.988947e-01 -2.363986e-02
  outer loop
   vertex -1.707381e+01 1.389905e+01 3.600000e+00
   vertex -1.643903e+01 1.473696e+01 3.333333e+00
   vertex -1.672878e+01 1.429706e+01 2.000000e+00
  endloop
 endfacet
 facet normal -7.970946e-01 6.038544e-01 0.000000e+00
  outer loop
   vertex -1.643903e+01 1.473696e+01 3.333333e+00
   vertex -1.707381e+01 1.389905e+01 3.600000e+00
   vertex -1.643903e+01 1.473696e+01 3.600000e+00
  endloop
 endfacet
 facet normal -8.351242e-01 5.500614e-01 0.000000e+00
  outer loop
   vertex -1.672878e+01 1.429706e+01 2.000000e+00
   vertex -1.643903e+01 1.473696e+01 3.066667e+00
   vertex -1.643903e+01 1.473696e+01 2.800000e+00
  endloop
 endfacet
 facet normal -8.301133e-01 5.575947e-01 0.000000e+00
  outer loop
   vertex -1.666742e+01 1.664487e+01 1.000000e+00
   vertex -1.666742e+01 1.664487e+01 5.000000e-01
   vertex -1.674660e+01 1.652698e+01 5.000000e-01
  endloop
 endfacet
 facet normal -8.301133e-01 5.575947e-01 0.000000e+00
  outer loop
   vertex -1.666742e+01 1.664487e+01 1.500000e+00
   vertex -1.666742e+01 1.664487e+01 1.000000e+00
   vertex -1.674660e+01 1.652698e+01 1.000000e+00
  endloop
 endfacet
 facet normal -8.604837e-01 5.094779e-01 0.000000e+00
  outer loop
   vertex -1.659484e+01 1.676745e+01 1.000000e+00
   vertex -1.659484e+01 1.676745e+01 5.000000e-01
   vertex -1.666742e+01 1.664487e+01 5.000000e-01
  endloop
 endfacet
 facet normal -8.604837e-01 5.094779e-01 0.000000e+00
  outer loop
   vertex -1.659484e+01 1.676745e+01 1.500000e+00
   vertex -1.659484e+01 1.676745e+01 1.000000e+00
   vertex -1.666742e+01 1.664487e+01 1.000000e+00
  endloop
 endfacet
 facet normal -7.972864e-01 6.036012e-01 0.000000e+00
  outer loop
   vertex -1.674660e+01 1.652698e+01 5.000000e-01
   vertex -1.683147e+01 1.641488e+01 0.000000e+00
   vertex -1.683147e+01 1.641488e+01 3.333333e-01
  endloop
 endfacet
 facet normal -7.972864e-01 6.036012e-01 0.000000e+00
  outer loop
   vertex -1.674660e+01 1.652698e+01 5.000000e-01
   vertex -1.683147e+01 1.641488e+01 3.333333e-01
   vertex -1.683147e+01 1.641488e+01 6.666667e-01
  endloop
 endfacet
 facet normal -7.972864e-01 6.036012e-01 0.000000e+00
  outer loop
   vertex -1.674660e+01 1.652698e+01 5.000000e-01
   vertex -1.683147e+01 1.641488e+01 6.666667e-01
   vertex -1.674660e+01 1.652698e+01 1.000000e+00
  endloop
 endfacet
 facet normal -8.301133e-01 5.575947e-01 6.618248e-05
  outer loop
   vertex -1.674660e+01 1.652698e+01 5.000000e-01
   vertex -1.666742e+01 1.664487e+01 5.000000e-01
   vertex -1.666681e+01 1.664584e+01 0.000000e+00
  endloop
 endfacet
 facet normal -8.142143e-01 5.805087e-01 8.050773e-03
  outer loop
   vertex -1.666681e+01 1.664584e+01 0.000000e+00
   vertex -1.683147e+01 1.641488e+01 0.000000e+00
   vertex -1.674660e+01 1.652698e+01 5.000000e-01
  endloop
 endfacet
 facet normal -7.972864e-01 6.036012e-01 0.000000e+00
  outer loop
   vertex -1.674660e+01 1.652698e+01 1.500000e+00
   vertex -1.683147e+01 1.641488e+01 1.333333e+00
   vertex -1.683147e+01 1.641488e+01 1.666667e+00
  endloop
 endfacet
 facet normal -7.972864e-01 6.036012e-01 0.000000e+00
  outer loop
   vertex -1.674660e+01 1.652698e+01 1.500000e+00
   vertex -1.683147e+01 1.641488e+01 1.666667e+00
   vertex -1.683147e+01 1.641488e+01 2.000000e+00
  endloop
 endfacet
 facet normal -8.301133e-01 5.575947e-01 -6.618248e-05
  outer loop
   vertex -1.666681e+01 1.664584e+01 2.000000e+00
   vertex -1.666742e+01 1.664487e+01 1.500000e+00
   vertex -1.674660e+01 1.652698e+01 1.500000e+00
  endloop
 endfacet
 facet normal -7.972864e-01 6.036012e-01 0.000000e+00
  outer loop
   vertex -1.674660e+01 1.652698e+01 1.000000e+00
   vertex -1.683147e+01 1.641488e+01 1.000000e+00
   vertex -1.683147e+01 1.641488e+01 1.333333e+00
  endloop
 endfacet
 facet normal -8.747312e-01 4.845415e-01 8.051303e-03
  outer loop
   vertex -1.659484e+01 1.676745e+01 5.000000e-01
   vertex -1.652936e+01 1.689397e+01 0.000000e+00
   vertex -1.666681e+01 1.664584e+01 0.000000e+00
  endloop
 endfacet
 facet normal -8.881036e-01 4.596433e-01 0.000000e+00
  outer loop
   vertex -1.652936e+01 1.689397e+01 3.333333e-01
   vertex -1.652936e+01 1.689397e+01 0.000000e+00
   vertex -1.659484e+01 1.676745e+01 5.000000e-01
  endloop
 endfacet
 facet normal -8.881036e-01 4.596433e-01 0.000000e+00
  outer loop
   vertex -1.659484e+01 1.676745e+01 5.000000e-01
   vertex -1.652936e+01 1.689397e+01 6.666667e-01
   vertex -1.652936e+01 1.689397e+01 3.333333e-01
  endloop
 endfacet
 facet normal -8.881036e-01 4.596433e-01 0.000000e+00
  outer loop
   vertex -1.659484e+01 1.676745e+01 1.000000e+00
   vertex -1.652936e+01 1.689397e+01 1.000000e+00
   vertex -1.652936e+01 1.689397e+01 6.666667e-01
  endloop
 endfacet
 facet normal -8.604837e-01 5.094779e-01 6.443411e-05
  outer loop
   vertex -1.666681e+01 1.664584e+01 2.000000e+00
   vertex -1.659484e+01 1.676745e+01 1.500000e+00
   vertex -1.666742e+01 1.664487e+01 1.500000e+00
  endloop
 endfacet
 facet normal -8.881036e-01 4.596433e-01 0.000000e+00
  outer loop
   vertex -1.659484e+01 1.676745e+01 1.500000e+00
   vertex -1.652936e+01 1.689397e+01 1.333333e+00
   vertex -1.659484e+01 1.676745e+01 1.000000e+00
  endloop
 endfacet
 facet normal -8.747312e-01 4.845415e-01 -8.051303e-03
  outer loop
   vertex -1.652936e+01 1.689397e+01 2.000000e+00
   vertex -1.659484e+01 1.676745e+01 1.500000e+00
   vertex -1.666681e+01 1.664584e+01 2.000000e+00
  endloop
 endfacet
 facet normal -8.881036e-01 4.596433e-01 0.000000e+00
  outer loop
   vertex -1.659484e+01 1.676745e+01 1.500000e+00
   vertex -1.652936e+01 1.689397e+01 1.666667e+00
   vertex -1.652936e+01 1.689397e+01 1.333333e+00
  endloop
 endfacet
 facet normal -8.881036e-01 4.596433e-01 0.000000e+00
  outer loop
   vertex -1.659484e+01 1.676745e+01 1.500000e+00
   vertex -1.652936e+01 1.689397e+01 2.000000e+00
   vertex -1.652936e+01 1.689397e+01 1.666667e+00
  endloop
 endfacet
 facet normal -8.604837e-01 5.094779e-01 -6.443411e-05
  outer loop
   vertex -1.659484e+01 1.676745e+01 5.000000e-01
   vertex -1.666681e+01 1.664584e+01 0.000000e+00
   vertex -1.666742e+01 1.664487e+01 5.000000e-01
  endloop
 endfacet
 facet normal 0.000000e+00 0.000000e+00 1.000000e+00
  outer loop
   vertex -2.249247e+01 1.947212e+01 2.000000e+00
   vertex -2.265873e+01 1.896259e+01 2.000000e+00
   vertex -2.228343e+01 1.871517e+01 2.000000e+00
  endloop
 endfacet
 facet normal 0.000000e+00 0.000000e+00 1.000000e+00
  outer loop
   vertex -2.249247e+01 1.947212e+01 2.000000e+00
   vertex -2.228343e+01 1.871517e+01 2.000000e+00
   vertex -2.194677e+01 1.905569e+01 2.000000e+00
  endloop
 endfacet
 facet normal -0.000000e+00 0.000000e+00 1.000000e+00
  outer loop
   vertex -2.249247e+01 1.947212e+01 2.000000e+00
   vertex -2.194677e+01 1.905569e+01 2.000000e+00
   vertex -2.225958e+01 1.995486e+01 2.000000e+00
  endloop
 endfacet
 facet normal 0.000000e+00 0.000000e+00 1.000000e+00
  outer loop
   vertex -2.256363e+01 1.832685e+01 2.000000e+00
   vertex -2.275538e+01 1.843540e+01 2.000000e+00
   vertex -2.278068e+01 1.790002e+01 2.000000e+00
  endloop
 endfacet
 facet normal 0.000000e+00 0.000000e+00 1.000000e+00
  outer loop
   vertex -2.265873e+01 1.896259e+01 2.000000e+00
   vertex -2.275538e+01 1.843540e+01 2.000000e+00
   vertex -2.256363e+01 1.832685e+01 2.000000e+00
  endloop
 endfacet
 facet normal 0.000000e+00 -0.000000e+00 1.000000e+00
  outer loop
   vertex -2.256363e+01 1.832685e+01 2.000000e+00
   vertex -2.228343e+01 1.871517e+01 2.000000e+00
   vertex -2.265873e+01 1.896259e+01 2.000000e+00
  endloop
 endfacet
 facet normal 0.000000e+00 0.000000e+00 1.000000e+00
  outer loop
   vertex -2.194677e+01 1.905569e+01 2.000000e+00
   vertex -2.198969e+01 2.036833e+01 2.000000e+00
   vertex -2.225958e+01 1.995486e+01 2.000000e+00
  endloop
 endfacet
 facet normal 0.000000e+00 0.000000e+00 1.000000e+00
  outer loop
   vertex -2.130812e+01 2.108031e+01 2.000000e+00
   vertex -2.167092e+01 2.074539e+01 2.000000e+00
   vertex -2.137175e+01 2.039856e+01 2.000000e+00
  endloop
 endfacet
 facet normal -0.000000e+00 0.000000e+00 1.000000e+00
  outer loop
   vertex -2.130812e+01 2.108031e+01 2.000000e+00
   vertex -2.117200e+01 2.089896e+01 2.000000e+00
   vertex -2.090681e+01 2.136798e+01 2.000000e+00
  endloop
 endfacet
 facet normal 0.000000e+00 0.000000e+00 1.000000e+00
  outer loop
   vertex -2.117200e+01 2.089896e+01 2.000000e+00
   vertex -2.130812e+01 2.108031e+01 2.000000e+00
   vertex -2.137175e+01 2.039856e+01 2.000000e+00
  endloop
 endfacet
 facet normal 0.000000e+00 0.000000e+00 1.000000e+00
  outer loop
   vertex -2.156168e+01 1.934031e+01 2.000000e+00
   vertex -2.198969e+01 2.036833e+01 2.000000e+00
   vertex -2.194677e+01 1.905569e+01 2.000000e+00
  endloop
 endfacet
 facet normal 0.000000e+00 -0.000000e+00 1.000000e+00
  outer loop
   vertex -2.156168e+01 1.934031e+01 2.000000e+00
   vertex -2.150243e+01 1.987584e+01 2.000000e+00
   vertex -2.198969e+01 2.036833e+01 2.000000e+00
  endloop
 endfacet
 facet normal 0.000000e+00 -0.000000e+00 1.000000e+00
  outer loop
   vertex -2.150243e+01 1.987584e+01 2.000000e+00
   vertex -2.137175e+01 2.039856e+01 2.000000e+00
   vertex -2.167092e+01 2.074539e+01 2.000000e+00
  endloop
 endfacet
 facet normal 0.000000e+00 0.000000e+00 1.000000e+00
  outer loop
   vertex -2.167092e+01 2.074539e+01 2.000000e+00
   vertex -2.198969e+01 2.036833e+01 2.000000e+00
   vertex -2.150243e+01 1.987584e+01 2.000000e+00
  endloop
 endfacet
 facet normal 0.000000e+00 0.000000e+00 1.000000e+00
  outer loop
   vertex -1.745646e+01 1.482701e+01 2.000000e+00
   vertex -1.773980e+01 1.450587e+01 2.000000e+00
   vertex -1.689355e+01 1.445290e+01 2.000000e+00
  endloop
 endfacet
 facet normal 0.000000e+00 0.000000e+00 1.000000e+00
  outer loop
   vertex -1.689355e+01 1.445290e+01 2.000000e+00
   vertex -1.773980e+01 1.450587e+01 2.000000e+00
   vertex -1.738195e+01 1.423216e+01 2.000000e+00
  endloop
 endfacet
 facet normal 0.000000e+00 0.000000e+00 1.000000e+00
  outer loop
   vertex -1.789549e+01 1.407869e+01 2.000000e+00
   vertex -1.806469e+01 1.422685e+01 2.000000e+00
   vertex -1.842493e+01 1.399526e+01 2.000000e+00
  endloop
 endfacet
 facet normal -0.000000e+00 0.000000e+00 1.000000e+00
  outer loop
   vertex -1.806469e+01 1.422685e+01 2.000000e+00
   vertex -1.789549e+01 1.407869e+01 2.000000e+00
   vertex -1.738195e+01 1.423216e+01 2.000000e+00
  endloop
 endfacet
 facet normal 0.000000e+00 0.000000e+00 1.000000e+00
  outer loop
   vertex -1.738195e+01 1.423216e+01 2.000000e+00
   vertex -1.773980e+01 1.450587e+01 2.000000e+00
   vertex -1.806469e+01 1.422685e+01 2.000000e+00
  endloop
 endfacet
 facet normal 0.000000e+00 0.000000e+00 1.000000e+00
  outer loop
   vertex -1.643903e+01 1.473696e+01 2.000000e+00
   vertex -1.722009e+01 1.518414e+01 2.000000e+00
   vertex -1.745646e+01 1.482701e+01 2.000000e+00
  endloop
 endfacet
 facet normal 0.000000e+00 0.000000e+00 1.000000e+00
  outer loop
   vertex -1.599935e+01 1.548850e+01 2.000000e+00
   vertex -1.659768e+01 1.528802e+01 2.000000e+00
   vertex -1.589199e+01 1.521331e+01 2.000000e+00
  endloop
 endfacet
 facet normal -0.000000e+00 0.000000e+00 1.000000e+00
  outer loop
   vertex -1.599935e+01 1.548850e+01 2.000000e+00
   vertex -1.565311e+01 1.548667e+01 2.000000e+00
   vertex -1.543999e+01 1.578057e+01 2.000000e+00
  endloop
 endfacet
 facet normal 0.000000e+00 0.000000e+00 1.000000e+00
  outer loop
   vertex -1.565311e+01 1.548667e+01 2.000000e+00
   vertex -1.599935e+01 1.548850e+01 2.000000e+00
   vertex -1.589199e+01 1.521331e+01 2.000000e+00
  endloop
 endfacet
 facet normal 0.000000e+00 -0.000000e+00 1.000000e+00
  outer loop
   vertex -1.689355e+01 1.445290e+01 2.000000e+00
   vertex -1.643903e+01 1.473696e+01 2.000000e+00
   vertex -1.745646e+01 1.482701e+01 2.000000e+00
  endloop
 endfacet
 facet normal 0.000000e+00 0.000000e+00 1.000000e+00
  outer loop
   vertex -1.615463e+01 1.496276e+01 2.000000e+00
   vertex -1.659768e+01 1.528802e+01 2.000000e+00
   vertex -1.643903e+01 1.473696e+01 2.000000e+00
  endloop
 endfacet
 facet normal 0.000000e+00 -0.000000e+00 1.000000e+00
  outer loop
   vertex -1.615463e+01 1.496276e+01 2.000000e+00
   vertex -1.589199e+01 1.521331e+01 2.000000e+00
   vertex -1.659768e+01 1.528802e+01 2.000000e+00
  endloop
 endfacet
 facet normal 0.000000e+00 0.000000e+00 1.000000e+00
  outer loop
   vertex -1.659768e+01 1.528802e+01 2.000000e+00
   vertex -1.722009e+01 1.518414e+01 2.000000e+00
   vertex -1.643903e+01 1.473696e+01 2.000000e+00
  endloop
 endfacet
 facet normal 0.000000e+00 0.000000e+00 -1.000000e+00
  outer loop
   vertex -2.256400e+01 1.667841e+01 3.600000e+00
   vertex -2.272928e+01 1.733537e+01 3.600000e+00
   vertex -2.119220e+01 1.748223e+01 3.600000e+00
  endloop
 endfacet
 facet normal 0.000000e+00 0.000000e+00 -1.000000e+00
  outer loop
   vertex -2.142487e+01 1.811846e+01 3.600000e+00
   vertex -2.272928e+01 1.733537e+01 3.600000e+00
   vertex -2.278134e+01 1.801079e+01 3.600000e+00
  endloop
 endfacet
 facet normal -0.000000e+00 0.000000e+00 -1.000000e+00
  outer loop
   vertex -2.142487e+01 1.811846e+01 3.600000e+00
   vertex -2.278134e+01 1.801079e+01 3.600000e+00
   vertex -2.271867e+01 1.868532e+01 3.600000e+00
  endloop
 endfacet
 facet normal 0.000000e+00 0.000000e+00 -1.000000e+00
  outer loop
   vertex -2.256400e+01 1.667841e+01 3.600000e+00
   vertex -2.119220e+01 1.748223e+01 3.600000e+00
   vertex -2.085551e+01 1.689440e+01 3.600000e+00
  endloop
 endfacet
 facet normal 0.000000e+00 0.000000e+00 -1.000000e+00
  outer loop
   vertex -2.145149e+01 1.500093e+01 3.600000e+00
   vertex -2.191581e+01 1.549421e+01 3.600000e+00
   vertex -2.042446e+01 1.637181e+01 3.600000e+00
  endloop
 endfacet
 facet normal 0.000000e+00 0.000000e+00 -1.000000e+00
  outer loop
   vertex -2.272928e+01 1.733537e+01 3.600000e+00
   vertex -2.142487e+01 1.811846e+01 3.600000e+00
   vertex -2.119220e+01 1.748223e+01 3.600000e+00
  endloop
 endfacet
 facet normal 0.000000e+00 0.000000e+00 -1.000000e+00
  outer loop
   vertex -2.229022e+01 1.605877e+01 3.600000e+00
   vertex -2.085551e+01 1.689440e+01 3.600000e+00
   vertex -2.191581e+01 1.549421e+01 3.600000e+00
  endloop
 endfacet
 facet normal 0.000000e+00 0.000000e+00 -1.000000e+00
  outer loop
   vertex -2.256400e+01 1.667841e+01 3.600000e+00
   vertex -2.085551e+01 1.689440e+01 3.600000e+00
   vertex -2.229022e+01 1.605877e+01 3.600000e+00
  endloop
 endfacet
 facet normal 0.000000e+00 -0.000000e+00 -1.000000e+00
  outer loop
   vertex -2.154683e+01 1.878482e+01 3.600000e+00
   vertex -2.142487e+01 1.811846e+01 3.600000e+00
   vertex -2.271867e+01 1.868532e+01 3.600000e+00
  endloop
 endfacet
 facet normal 0.000000e+00 -0.000000e+00 -1.000000e+00
  outer loop
   vertex -2.225958e+01 1.995486e+01 3.600000e+00
   vertex -2.155460e+01 1.946220e+01 3.600000e+00
   vertex -2.254307e+01 1.933960e+01 3.600000e+00
  endloop
 endfacet
 facet normal 0.000000e+00 0.000000e+00 -1.000000e+00
  outer loop
   vertex -2.154683e+01 1.878482e+01 3.600000e+00
   vertex -2.254307e+01 1.933960e+01 3.600000e+00
   vertex -2.155460e+01 1.946220e+01 3.600000e+00
  endloop
 endfacet
 facet normal 0.000000e+00 -0.000000e+00 -1.000000e+00
  outer loop
   vertex -2.198969e+01 2.036833e+01 3.600000e+00
   vertex -2.144795e+01 2.013119e+01 3.600000e+00
   vertex -2.225958e+01 1.995486e+01 3.600000e+00
  endloop
 endfacet
 facet normal 0.000000e+00 0.000000e+00 -1.000000e+00
  outer loop
   vertex -2.144795e+01 2.013119e+01 3.600000e+00
   vertex -2.198969e+01 2.036833e+01 3.600000e+00
   vertex -2.167092e+01 2.074539e+01 3.600000e+00
  endloop
 endfacet
 facet normal 0.000000e+00 0.000000e+00 -1.000000e+00
  outer loop
   vertex -2.155460e+01 1.946220e+01 3.600000e+00
   vertex -2.225958e+01 1.995486e+01 3.600000e+00
   vertex -2.144795e+01 2.013119e+01 3.600000e+00
  endloop
 endfacet
 facet normal 0.000000e+00 0.000000e+00 -1.000000e+00
  outer loop
   vertex -2.090681e+01 2.136798e+01 3.600000e+00
   vertex -2.122993e+01 2.077258e+01 3.600000e+00
   vertex -2.130812e+01 2.108031e+01 3.600000e+00
  endloop
 endfacet
 facet normal -0.000000e+00 0.000000e+00 -1.000000e+00
  outer loop
   vertex -2.122993e+01 2.077258e+01 3.600000e+00
   vertex -2.167092e+01 2.074539e+01 3.600000e+00
   vertex -2.130812e+01 2.108031e+01 3.600000e+00
  endloop
 endfacet
 facet normal 0.000000e+00 0.000000e+00 -1.000000e+00
  outer loop
   vertex -2.144795e+01 2.013119e+01 3.600000e+00
   vertex -2.167092e+01 2.074539e+01 3.600000e+00
   vertex -2.122993e+01 2.077258e+01 3.600000e+00
  endloop
 endfacet
 facet normal -0.000000e+00 0.000000e+00 -1.000000e+00
  outer loop
   vertex -2.154683e+01 1.878482e+01 3.600000e+00
   vertex -2.271867e+01 1.868532e+01 3.600000e+00
   vertex -2.254307e+01 1.933960e+01 3.600000e+00
  endloop
 endfacet
 facet normal 0.000000e+00 0.000000e+00 -1.000000e+00
  outer loop
   vertex -2.091060e+01 1.459308e+01 3.600000e+00
   vertex -2.145149e+01 1.500093e+01 3.600000e+00
   vertex -1.991139e+01 1.592945e+01 3.600000e+00
  endloop
 endfacet
 facet normal -0.000000e+00 0.000000e+00 -1.000000e+00
  outer loop
   vertex -1.831474e+01 1.400666e+01 3.600000e+00
   vertex -1.899182e+01 1.398487e+01 3.600000e+00
   vertex -1.870004e+01 1.533353e+01 3.600000e+00
  endloop
 endfacet
 facet normal 0.000000e+00 0.000000e+00 -1.000000e+00
  outer loop
   vertex -1.966287e+01 1.407766e+01 3.600000e+00
   vertex -2.030863e+01 1.428235e+01 3.600000e+00
   vertex -1.933104e+01 1.558002e+01 3.600000e+00
  endloop
 endfacet
 facet normal 0.000000e+00 0.000000e+00 -1.000000e+00
  outer loop
   vertex -1.966287e+01 1.407766e+01 3.600000e+00
   vertex -1.870004e+01 1.533353e+01 3.600000e+00
   vertex -1.899182e+01 1.398487e+01 3.600000e+00
  endloop
 endfacet
 facet normal 0.000000e+00 0.000000e+00 -1.000000e+00
  outer loop
   vertex -1.870004e+01 1.533353e+01 3.600000e+00
   vertex -1.803650e+01 1.519706e+01 3.600000e+00
   vertex -1.831474e+01 1.400666e+01 3.600000e+00
  endloop
 endfacet
 facet normal 0.000000e+00 -0.000000e+00 -1.000000e+00
  outer loop
   vertex -1.803650e+01 1.519706e+01 3.600000e+00
   vertex -1.765105e+01 1.414239e+01 3.600000e+00
   vertex -1.831474e+01 1.400666e+01 3.600000e+00
  endloop
 endfacet
 facet normal 0.000000e+00 -0.000000e+00 -1.000000e+00
  outer loop
   vertex -1.735945e+01 1.517451e+01 3.600000e+00
   vertex -1.701978e+01 1.438818e+01 3.600000e+00
   vertex -1.765105e+01 1.414239e+01 3.600000e+00
  endloop
 endfacet
 facet normal 0.000000e+00 0.000000e+00 -1.000000e+00
  outer loop
   vertex -1.701978e+01 1.438818e+01 3.600000e+00
   vertex -1.668830e+01 1.526655e+01 3.600000e+00
   vertex -1.643903e+01 1.473696e+01 3.600000e+00
  endloop
 endfacet
 facet normal 0.000000e+00 0.000000e+00 -1.000000e+00
  outer loop
   vertex -1.735945e+01 1.517451e+01 3.600000e+00
   vertex -1.668830e+01 1.526655e+01 3.600000e+00
   vertex -1.701978e+01 1.438818e+01 3.600000e+00
  endloop
 endfacet
 facet normal -0.000000e+00 0.000000e+00 -1.000000e+00
  outer loop
   vertex -1.615463e+01 1.496276e+01 3.600000e+00
   vertex -1.643903e+01 1.473696e+01 3.600000e+00
   vertex -1.668830e+01 1.526655e+01 3.600000e+00
  endloop
 endfacet
 facet normal 0.000000e+00 0.000000e+00 -1.000000e+00
  outer loop
   vertex -1.803650e+01 1.519706e+01 3.600000e+00
   vertex -1.735945e+01 1.517451e+01 3.600000e+00
   vertex -1.765105e+01 1.414239e+01 3.600000e+00
  endloop
 endfacet
 facet normal 0.000000e+00 0.000000e+00 -1.000000e+00
  outer loop
   vertex -1.966287e+01 1.407766e+01 3.600000e+00
   vertex -1.933104e+01 1.558002e+01 3.600000e+00
   vertex -1.870004e+01 1.533353e+01 3.600000e+00
  endloop
 endfacet
 facet normal -0.000000e+00 0.000000e+00 -1.000000e+00
  outer loop
   vertex -2.042446e+01 1.637181e+01 3.600000e+00
   vertex -2.191581e+01 1.549421e+01 3.600000e+00
   vertex -2.085551e+01 1.689440e+01 3.600000e+00
  endloop
 endfacet
 facet normal -0.000000e+00 0.000000e+00 -1.000000e+00
  outer loop
   vertex -1.991139e+01 1.592945e+01 3.600000e+00
   vertex -2.145149e+01 1.500093e+01 3.600000e+00
   vertex -2.042446e+01 1.637181e+01 3.600000e+00
  endloop
 endfacet
 facet normal 0.000000e+00 0.000000e+00 -1.000000e+00
  outer loop
   vertex -2.030863e+01 1.428235e+01 3.600000e+00
   vertex -1.991139e+01 1.592945e+01 3.600000e+00
   vertex -1.933104e+01 1.558002e+01 3.600000e+00
  endloop
 endfacet
 facet normal 0.000000e+00 0.000000e+00 -1.000000e+00
  outer loop
   vertex -1.668830e+01 1.526655e+01 3.600000e+00
   vertex -1.604230e+01 1.547052e+01 3.600000e+00
   vertex -1.615463e+01 1.496276e+01 3.600000e+00
  endloop
 endfacet
 facet normal 0.000000e+00 0.000000e+00 -1.000000e+00
  outer loop
   vertex -1.543999e+01 1.578057e+01 3.600000e+00
   vertex -1.565311e+01 1.548667e+01 3.600000e+00
   vertex -1.604230e+01 1.547052e+01 3.600000e+00
  endloop
 endfacet
 facet normal 0.000000e+00 0.000000e+00 -1.000000e+00
  outer loop
   vertex -1.589199e+01 1.521331e+01 3.600000e+00
   vertex -1.604230e+01 1.547052e+01 3.600000e+00
   vertex -1.565311e+01 1.548667e+01 3.600000e+00
  endloop
 endfacet
 facet normal 0.000000e+00 0.000000e+00 -1.000000e+00
  outer loop
   vertex -1.615463e+01 1.496276e+01 3.600000e+00
   vertex -1.604230e+01 1.547052e+01 3.600000e+00
   vertex -1.589199e+01 1.521331e+01 3.600000e+00
  endloop
 endfacet
 facet normal 0.000000e+00 0.000000e+00 -1.000000e+00
  outer loop
   vertex -1.991139e+01 1.592945e+01 3.600000e+00
   vertex -2.030863e+01 1.428235e+01 3.600000e+00
   vertex -2.091060e+01 1.459308e+01 3.600000e+00
  endloop
 endfacet
 facet normal 5.334614e-01 -8.458244e-01 0.000000e+00
  outer loop
   vertex -2.020817e+01 2.003227e+01 1.000000e+00
   vertex -2.020817e+01 2.003227e+01 5.000000e-01
   vertex -2.001939e+01 2.015133e+01 5.000000e-01
  endloop
 endfacet
 facet normal 5.334614e-01 -8.458244e-01 0.000000e+00
  outer loop
   vertex -2.020817e+01 2.003227e+01 1.500000e+00
   vertex -2.020817e+01 2.003227e+01 1.000000e+00
   vertex -2.001939e+01 2.015133e+01 1.000000e+00
  endloop
 endfacet
 facet normal 6.066242e-01 -7.949887e-01 0.000000e+00
  outer loop
   vertex -2.038488e+01 1.989743e+01 1.000000e+00
   vertex -2.038488e+01 1.989743e+01 5.000000e-01
   vertex -2.020817e+01 2.003227e+01 5.000000e-01
  endloop
 endfacet
 facet normal 6.066242e-01 -7.949887e-01 0.000000e+00
  outer loop
   vertex -2.038488e+01 1.989743e+01 1.500000e+00
   vertex -2.038488e+01 1.989743e+01 1.000000e+00
   vertex -2.020817e+01 2.003227e+01 1.000000e+00
  endloop
 endfacet
 facet normal 4.679171e-01 -8.837724e-01 0.000000e+00
  outer loop
   vertex -2.008091e+01 2.011509e+01 3.515076e-15
   vertex -1.981745e+01 2.025458e+01 0.000000e+00
   vertex -1.981745e+01 2.025458e+01 3.333333e-01
  endloop
 endfacet
 facet normal 4.552483e-01 -8.903645e-01 0.000000e+00
  outer loop
   vertex -2.001939e+01 2.015133e+01 5.000000e-01
   vertex -1.981745e+01 2.025458e+01 3.333333e-01
   vertex -1.981745e+01 2.025458e+01 6.666667e-01
  endloop
 endfacet
 facet normal 5.334564e-01 -8.458165e-01 -4.335502e-03
  outer loop
   vertex -2.020817e+01 2.003227e+01 5.000000e-01
   vertex -2.008091e+01 2.011509e+01 3.515076e-15
   vertex -2.001939e+01 2.015133e+01 5.000000e-01
  endloop
 endfacet
 facet normal 4.602698e-01 -8.877456e-01 7.706996e-03
  outer loop
   vertex -1.981745e+01 2.025458e+01 3.333333e-01
   vertex -2.001939e+01 2.015133e+01 5.000000e-01
   vertex -2.008091e+01 2.011509e+01 3.515076e-15
  endloop
 endfacet
 facet normal 5.697695e-01 -8.217564e-01 8.892338e-03
  outer loop
   vertex -2.032589e+01 1.994523e+01 3.343001e-15
   vertex -2.008091e+01 2.011509e+01 3.515076e-15
   vertex -2.020817e+01 2.003227e+01 5.000000e-01
  endloop
 endfacet
 facet normal 4.552483e-01 -8.903645e-01 0.000000e+00
  outer loop
   vertex -2.001939e+01 2.015133e+01 5.000000e-01
   vertex -1.981745e+01 2.025458e+01 6.666667e-01
   vertex -2.001939e+01 2.015133e+01 1.000000e+00
  endloop
 endfacet
 facet normal 4.552483e-01 -8.903645e-01 0.000000e+00
  outer loop
   vertex -1.981745e+01 2.025458e+01 1.333333e+00
   vertex -2.001939e+01 2.015133e+01 1.500000e+00
   vertex -2.001939e+01 2.015133e+01 1.000000e+00
  endloop
 endfacet
 facet normal 4.552483e-01 -8.903645e-01 0.000000e+00
  outer loop
   vertex -2.001939e+01 2.015133e+01 1.500000e+00
   vertex -1.981745e+01 2.025458e+01 1.333333e+00
   vertex -1.981745e+01 2.025458e+01 1.666667e+00
  endloop
 endfacet
 facet normal 4.573459e-01 -8.892831e-01 -3.211662e-03
  outer loop
   vertex -2.001939e+01 2.015133e+01 1.500000e+00
   vertex -1.981745e+01 2.025458e+01 1.666667e+00
   vertex -2.004747e+01 2.013508e+01 2.000000e+00
  endloop
 endfacet
 facet normal 4.610172e-01 -8.873912e-01 0.000000e+00
  outer loop
   vertex -2.004747e+01 2.013508e+01 2.000000e+00
   vertex -1.981745e+01 2.025458e+01 1.666667e+00
   vertex -1.981745e+01 2.025458e+01 2.000000e+00
  endloop
 endfacet
 facet normal 5.334597e-01 -8.458218e-01 2.473609e-03
  outer loop
   vertex -2.001939e+01 2.015133e+01 1.500000e+00
   vertex -2.004747e+01 2.013508e+01 2.000000e+00
   vertex -2.020817e+01 2.003227e+01 1.500000e+00
  endloop
 endfacet
 facet normal 6.635374e-01 -7.481127e-01 6.751487e-03
  outer loop
   vertex -2.054892e+01 1.974742e+01 0.000000e+00
   vertex -2.032589e+01 1.994523e+01 3.343001e-15
   vertex -2.038488e+01 1.989743e+01 5.000000e-01
  endloop
 endfacet
 facet normal 6.748378e-01 -7.379661e-01 0.000000e+00
  outer loop
   vertex -2.038488e+01 1.989743e+01 1.000000e+00
   vertex -2.054892e+01 1.974742e+01 1.000000e+00
   vertex -2.054892e+01 1.974742e+01 6.666667e-01
  endloop
 endfacet
 facet normal 6.748378e-01 -7.379661e-01 0.000000e+00
  outer loop
   vertex -2.038488e+01 1.989743e+01 5.000000e-01
   vertex -2.054892e+01 1.974742e+01 3.333333e-01
   vertex -2.054892e+01 1.974742e+01 0.000000e+00
  endloop
 endfacet
 facet normal 6.748378e-01 -7.379661e-01 0.000000e+00
  outer loop
   vertex -2.038488e+01 1.989743e+01 5.000000e-01
   vertex -2.054892e+01 1.974742e+01 6.666667e-01
   vertex -2.054892e+01 1.974742e+01 3.333333e-01
  endloop
 endfacet
 facet normal 6.748378e-01 -7.379661e-01 0.000000e+00
  outer loop
   vertex -2.054892e+01 1.974742e+01 1.000000e+00
   vertex -2.038488e+01 1.989743e+01 1.000000e+00
   vertex -2.054892e+01 1.974742e+01 1.333333e+00
  endloop
 endfacet
 facet normal 6.066188e-01 -7.949816e-01 4.214421e-03
  outer loop
   vertex -2.020817e+01 2.003227e+01 1.500000e+00
   vertex -2.026387e+01 1.999241e+01 2.000000e+00
   vertex -2.038488e+01 1.989743e+01 1.500000e+00
  endloop
 endfacet
 facet normal 6.763367e-01 -7.365876e-01 2.715839e-03
  outer loop
   vertex -2.038488e+01 1.989743e+01 1.500000e+00
   vertex -2.041101e+01 1.987528e+01 2.000000e+00
   vertex -2.054892e+01 1.974742e+01 1.666667e+00
  endloop
 endfacet
 facet normal 6.798771e-01 -7.333261e-01 0.000000e+00
  outer loop
   vertex -2.054892e+01 1.974742e+01 1.666667e+00
   vertex -2.041101e+01 1.987528e+01 2.000000e+00
   vertex -2.054892e+01 1.974742e+01 2.000000e+00
  endloop
 endfacet
 facet normal 6.748378e-01 -7.379661e-01 0.000000e+00
  outer loop
   vertex -2.054892e+01 1.974742e+01 1.333333e+00
   vertex -2.038488e+01 1.989743e+01 1.500000e+00
   vertex -2.054892e+01 1.974742e+01 1.666667e+00
  endloop
 endfacet
 facet normal 6.066182e-01 -7.949809e-01 -4.444597e-03
  outer loop
   vertex -2.032589e+01 1.994523e+01 3.343001e-15
   vertex -2.020817e+01 2.003227e+01 5.000000e-01
   vertex -2.038488e+01 1.989743e+01 5.000000e-01
  endloop
 endfacet
 facet normal 0.000000e+00 0.000000e+00 -1.000000e+00
  outer loop
   vertex -1.970592e+01 1.822224e+01 3.600000e+00
   vertex -2.119220e+01 1.748223e+01 3.600000e+00
   vertex -2.142487e+01 1.811846e+01 3.600000e+00
  endloop
 endfacet
 facet normal 0.000000e+00 0.000000e+00 -1.000000e+00
  outer loop
   vertex -2.142487e+01 1.811846e+01 3.600000e+00
   vertex -2.154683e+01 1.878482e+01 3.600000e+00
   vertex -2.000344e+01 1.883084e+01 3.600000e+00
  endloop
 endfacet
 facet normal 0.000000e+00 0.000000e+00 -1.000000e+00
  outer loop
   vertex -2.019399e+01 1.948092e+01 3.600000e+00
   vertex -2.154683e+01 1.878482e+01 3.600000e+00
   vertex -2.155460e+01 1.946220e+01 3.600000e+00
  endloop
 endfacet
 facet normal 0.000000e+00 0.000000e+00 -1.000000e+00
  outer loop
   vertex -2.119220e+01 1.748223e+01 3.600000e+00
   vertex -1.970592e+01 1.822224e+01 3.600000e+00
   vertex -2.085551e+01 1.689440e+01 3.600000e+00
  endloop
 endfacet
 facet normal 0.000000e+00 0.000000e+00 -1.000000e+00
  outer loop
   vertex -2.042446e+01 1.637181e+01 3.600000e+00
   vertex -2.085551e+01 1.689440e+01 3.600000e+00
   vertex -1.930996e+01 1.767257e+01 3.600000e+00
  endloop
 endfacet
 facet normal -0.000000e+00 0.000000e+00 -1.000000e+00
  outer loop
   vertex -2.000344e+01 1.883084e+01 3.600000e+00
   vertex -2.154683e+01 1.878482e+01 3.600000e+00
   vertex -2.019399e+01 1.948092e+01 3.600000e+00
  endloop
 endfacet
 facet normal -0.000000e+00 0.000000e+00 -1.000000e+00
  outer loop
   vertex -1.970592e+01 1.822224e+01 3.600000e+00
   vertex -2.142487e+01 1.811846e+01 3.600000e+00
   vertex -2.000344e+01 1.883084e+01 3.600000e+00
  endloop
 endfacet
 facet normal 0.000000e+00 0.000000e+00 -1.000000e+00
  outer loop
   vertex -1.882693e+01 1.719761e+01 3.600000e+00
   vertex -1.991139e+01 1.592945e+01 3.600000e+00
   vertex -2.042446e+01 1.637181e+01 3.600000e+00
  endloop
 endfacet
 facet normal -0.000000e+00 0.000000e+00 -1.000000e+00
  outer loop
   vertex -1.930996e+01 1.767257e+01 3.600000e+00
   vertex -2.085551e+01 1.689440e+01 3.600000e+00
   vertex -1.970592e+01 1.822224e+01 3.600000e+00
  endloop
 endfacet
 facet normal 0.000000e+00 -0.000000e+00 -1.000000e+00
  outer loop
   vertex -2.144795e+01 2.013119e+01 3.600000e+00
   vertex -2.019399e+01 1.948092e+01 3.600000e+00
   vertex -2.155460e+01 1.946220e+01 3.600000e+00
  endloop
 endfacet
 facet normal 0.000000e+00 -0.000000e+00 -1.000000e+00
  outer loop
   vertex -2.122993e+01 2.077258e+01 3.600000e+00
   vertex -2.027211e+01 2.015383e+01 3.600000e+00
   vertex -2.144795e+01 2.013119e+01 3.600000e+00
  endloop
 endfacet
 facet normal 0.000000e+00 0.000000e+00 -1.000000e+00
  outer loop
   vertex -2.019399e+01 1.948092e+01 3.600000e+00
   vertex -2.144795e+01 2.013119e+01 3.600000e+00
   vertex -2.027211e+01 2.015383e+01 3.600000e+00
  endloop
 endfacet
 facet normal 0.000000e+00 -0.000000e+00 -1.000000e+00
  outer loop
   vertex -2.090681e+01 2.136798e+01 3.600000e+00
   vertex -2.023556e+01 2.083027e+01 3.600000e+00
   vertex -2.122993e+01 2.077258e+01 3.600000e+00
  endloop
 endfacet
 facet normal -0.000000e+00 0.000000e+00 -1.000000e+00
  outer loop
   vertex -2.008538e+01 2.149084e+01 3.600000e+00
   vertex -2.090681e+01 2.136798e+01 3.600000e+00
   vertex -2.061046e+01 2.176291e+01 3.600000e+00
  endloop
 endfacet
 facet normal 0.000000e+00 0.000000e+00 -1.000000e+00
  outer loop
   vertex -2.027211e+01 2.015383e+01 3.600000e+00
   vertex -2.122993e+01 2.077258e+01 3.600000e+00
   vertex -2.023556e+01 2.083027e+01 3.600000e+00
  endloop
 endfacet
 facet normal 0.000000e+00 0.000000e+00 -1.000000e+00
  outer loop
   vertex -2.061046e+01 2.176291e+01 3.600000e+00
   vertex -2.026771e+01 2.211832e+01 3.600000e+00
   vertex -2.008538e+01 2.149084e+01 3.600000e+00
  endloop
 endfacet
 facet normal 0.000000e+00 -0.000000e+00 -1.000000e+00
  outer loop
   vertex -1.988378e+01 2.242879e+01 3.600000e+00
   vertex -1.982589e+01 2.211660e+01 3.600000e+00
   vertex -2.026771e+01 2.211832e+01 3.600000e+00
  endloop
 endfacet
 facet normal 0.000000e+00 0.000000e+00 -1.000000e+00
  outer loop
   vertex -2.008538e+01 2.149084e+01 3.600000e+00
   vertex -2.026771e+01 2.211832e+01 3.600000e+00
   vertex -1.982589e+01 2.211660e+01 3.600000e+00
  endloop
 endfacet
 facet normal 0.000000e+00 0.000000e+00 -1.000000e+00
  outer loop
   vertex -1.946452e+01 2.268960e+01 3.600000e+00
   vertex -1.982589e+01 2.211660e+01 3.600000e+00
   vertex -1.988378e+01 2.242879e+01 3.600000e+00
  endloop
 endfacet
 facet normal 0.000000e+00 0.000000e+00 -1.000000e+00
  outer loop
   vertex -2.023556e+01 2.083027e+01 3.600000e+00
   vertex -2.090681e+01 2.136798e+01 3.600000e+00
   vertex -2.008538e+01 2.149084e+01 3.600000e+00
  endloop
 endfacet
 facet normal 0.000000e+00 0.000000e+00 -1.000000e+00
  outer loop
   vertex -1.803650e+01 1.519706e+01 3.600000e+00
   vertex -1.870004e+01 1.533353e+01 3.600000e+00
   vertex -1.765715e+01 1.652374e+01 3.600000e+00
  endloop
 endfacet
 facet normal 0.000000e+00 0.000000e+00 -1.000000e+00
  outer loop
   vertex -1.870004e+01 1.533353e+01 3.600000e+00
   vertex -1.933104e+01 1.558002e+01 3.600000e+00
   vertex -1.827067e+01 1.681097e+01 3.600000e+00
  endloop
 endfacet
 facet normal 0.000000e+00 0.000000e+00 -1.000000e+00
  outer loop
   vertex -1.735945e+01 1.517451e+01 3.600000e+00
   vertex -1.803650e+01 1.519706e+01 3.600000e+00
   vertex -1.765715e+01 1.652374e+01 3.600000e+00
  endloop
 endfacet
 facet normal 0.000000e+00 0.000000e+00 -1.000000e+00
  outer loop
   vertex -1.735945e+01 1.517451e+01 3.600000e+00
   vertex -1.700395e+01 1.634416e+01 3.600000e+00
   vertex -1.668830e+01 1.526655e+01 3.600000e+00
  endloop
 endfacet
 facet normal 0.000000e+00 0.000000e+00 -1.000000e+00
  outer loop
   vertex -1.565409e+01 1.632533e+01 3.600000e+00
   vertex -1.604230e+01 1.547052e+01 3.600000e+00
   vertex -1.632982e+01 1.627739e+01 3.600000e+00
  endloop
 endfacet
 facet normal 0.000000e+00 0.000000e+00 -1.000000e+00
  outer loop
   vertex -1.543999e+01 1.578057e+01 3.600000e+00
   vertex -1.565409e+01 1.632533e+01 3.600000e+00
   vertex -1.514009e+01 1.598831e+01 3.600000e+00
  endloop
 endfacet
 facet normal 0.000000e+00 -0.000000e+00 -1.000000e+00
  outer loop
   vertex -1.565409e+01 1.632533e+01 3.600000e+00
   vertex -1.543999e+01 1.578057e+01 3.600000e+00
   vertex -1.604230e+01 1.547052e+01 3.600000e+00
  endloop
 endfacet
 facet normal -0.000000e+00 0.000000e+00 -1.000000e+00
  outer loop
   vertex -1.486188e+01 1.622112e+01 3.600000e+00
   vertex -1.514009e+01 1.598831e+01 3.600000e+00
   vertex -1.499614e+01 1.648661e+01 3.600000e+00
  endloop
 endfacet
 facet normal 0.000000e+00 0.000000e+00 -1.000000e+00
  outer loop
   vertex -1.668830e+01 1.526655e+01 3.600000e+00
   vertex -1.632982e+01 1.627739e+01 3.600000e+00
   vertex -1.604230e+01 1.547052e+01 3.600000e+00
  endloop
 endfacet
 facet normal -0.000000e+00 0.000000e+00 -1.000000e+00
  outer loop
   vertex -1.632982e+01 1.627739e+01 3.600000e+00
   vertex -1.668830e+01 1.526655e+01 3.600000e+00
   vertex -1.700395e+01 1.634416e+01 3.600000e+00
  endloop
 endfacet
 facet normal 0.000000e+00 0.000000e+00 -1.000000e+00
  outer loop
   vertex -1.870004e+01 1.533353e+01 3.600000e+00
   vertex -1.827067e+01 1.681097e+01 3.600000e+00
   vertex -1.765715e+01 1.652374e+01 3.600000e+00
  endloop
 endfacet
 facet normal -0.000000e+00 0.000000e+00 -1.000000e+00
  outer loop
   vertex -1.882693e+01 1.719761e+01 3.600000e+00
   vertex -2.042446e+01 1.637181e+01 3.600000e+00
   vertex -1.930996e+01 1.767257e+01 3.600000e+00
  endloop
 endfacet
 facet normal 0.000000e+00 0.000000e+00 -1.000000e+00
  outer loop
   vertex -1.933104e+01 1.558002e+01 3.600000e+00
   vertex -1.882693e+01 1.719761e+01 3.600000e+00
   vertex -1.827067e+01 1.681097e+01 3.600000e+00
  endloop
 endfacet
 facet normal 0.000000e+00 0.000000e+00 -1.000000e+00
  outer loop
   vertex -1.437484e+01 1.675661e+01 3.600000e+00
   vertex -1.460622e+01 1.647782e+01 3.600000e+00
   vertex -1.499614e+01 1.648661e+01 3.600000e+00
  endloop
 endfacet
 facet normal 0.000000e+00 0.000000e+00 -1.000000e+00
  outer loop
   vertex -1.514009e+01 1.598831e+01 3.600000e+00
   vertex -1.565409e+01 1.632533e+01 3.600000e+00
   vertex -1.499614e+01 1.648661e+01 3.600000e+00
  endloop
 endfacet
 facet normal 0.000000e+00 0.000000e+00 -1.000000e+00
  outer loop
   vertex -1.499614e+01 1.648661e+01 3.600000e+00
   vertex -1.460622e+01 1.647782e+01 3.600000e+00
   vertex -1.486188e+01 1.622112e+01 3.600000e+00
  endloop
 endfacet
 facet normal -0.000000e+00 0.000000e+00 -1.000000e+00
  outer loop
   vertex -1.700395e+01 1.634416e+01 3.600000e+00
   vertex -1.735945e+01 1.517451e+01 3.600000e+00
   vertex -1.765715e+01 1.652374e+01 3.600000e+00
  endloop
 endfacet
 facet normal 0.000000e+00 0.000000e+00 -1.000000e+00
  outer loop
   vertex -1.882693e+01 1.719761e+01 3.600000e+00
   vertex -1.933104e+01 1.558002e+01 3.600000e+00
   vertex -1.991139e+01 1.592945e+01 3.600000e+00
  endloop
 endfacet
 facet normal -6.902493e-01 7.235716e-01 0.000000e+00
  outer loop
   vertex -1.589199e+01 1.521331e+01 2.800000e+00
   vertex -1.589199e+01 1.521331e+01 2.400000e+00
   vertex -1.615463e+01 1.496276e+01 2.400000e+00
  endloop
 endfacet
 facet normal -6.902493e-01 7.235716e-01 0.000000e+00
  outer loop
   vertex -1.589199e+01 1.521331e+01 3.200000e+00
   vertex -1.589199e+01 1.521331e+01 2.800000e+00
   vertex -1.615463e+01 1.496276e+01 2.800000e+00
  endloop
 endfacet
 facet normal -7.530042e-01 6.580157e-01 0.000000e+00
  outer loop
   vertex -1.565311e+01 1.548667e+01 2.800000e+00
   vertex -1.565311e+01 1.548667e+01 2.400000e+00
   vertex -1.589199e+01 1.521331e+01 2.400000e+00
  endloop
 endfacet
 facet normal -7.530042e-01 6.580157e-01 0.000000e+00
  outer loop
   vertex -1.565311e+01 1.548667e+01 3.200000e+00
   vertex -1.565311e+01 1.548667e+01 2.800000e+00
   vertex -1.589199e+01 1.521331e+01 2.800000e+00
  endloop
 endfacet
 facet normal -6.218007e-01 7.831755e-01 0.000000e+00
  outer loop
   vertex -1.615463e+01 1.496276e+01 2.000000e+00
   vertex -1.643903e+01 1.473696e+01 2.000000e+00
   vertex -1.643903e+01 1.473696e+01 2.266667e+00
  endloop
 endfacet
 facet normal -6.218007e-01 7.831755e-01 0.000000e+00
  outer loop
   vertex -1.615463e+01 1.496276e+01 2.400000e+00
   vertex -1.643903e+01 1.473696e+01 2.266667e+00
   vertex -1.643903e+01 1.473696e+01 2.533333e+00
  endloop
 endfacet
 facet normal -6.902493e-01 7.235716e-01 0.000000e+00
  outer loop
   vertex -1.589199e+01 1.521331e+01 2.000000e+00
   vertex -1.615463e+01 1.496276e+01 2.000000e+00
   vertex -1.615463e+01 1.496276e+01 2.400000e+00
  endloop
 endfacet
 facet normal -6.218007e-01 7.831755e-01 0.000000e+00
  outer loop
   vertex -1.615463e+01 1.496276e+01 2.400000e+00
   vertex -1.643903e+01 1.473696e+01 2.533333e+00
   vertex -1.615463e+01 1.496276e+01 2.800000e+00
  endloop
 endfacet
 facet normal -7.530042e-01 6.580157e-01 0.000000e+00
  outer loop
   vertex -1.589199e+01 1.521331e+01 2.400000e+00
   vertex -1.565311e+01 1.548667e+01 2.400000e+00
   vertex -1.565311e+01 1.548667e+01 2.000000e+00
  endloop
 endfacet
 facet normal -6.218007e-01 7.831755e-01 0.000000e+00
  outer loop
   vertex -1.643903e+01 1.473696e+01 2.266667e+00
   vertex -1.615463e+01 1.496276e+01 2.400000e+00
   vertex -1.615463e+01 1.496276e+01 2.000000e+00
  endloop
 endfacet
 facet normal -6.218007e-01 7.831755e-01 0.000000e+00
  outer loop
   vertex -1.643903e+01 1.473696e+01 3.066667e+00
   vertex -1.615463e+01 1.496276e+01 3.200000e+00
   vertex -1.615463e+01 1.496276e+01 2.800000e+00
  endloop
 endfacet
 facet normal -6.218007e-01 7.831755e-01 0.000000e+00
  outer loop
   vertex -1.615463e+01 1.496276e+01 3.200000e+00
   vertex -1.643903e+01 1.473696e+01 3.066667e+00
   vertex -1.643903e+01 1.473696e+01 3.333333e+00
  endloop
 endfacet
 facet normal -6.218007e-01 7.831755e-01 0.000000e+00
  outer loop
   vertex -1.615463e+01 1.496276e+01 3.200000e+00
   vertex -1.643903e+01 1.473696e+01 3.333333e+00
   vertex -1.615463e+01 1.496276e+01 3.600000e+00
  endloop
 endfacet
 facet normal -6.902493e-01 7.235716e-01 0.000000e+00
  outer loop
   vertex -1.615463e+01 1.496276e+01 3.600000e+00
   vertex -1.589199e+01 1.521331e+01 3.600000e+00
   vertex -1.589199e+01 1.521331e+01 3.200000e+00
  endloop
 endfacet
 facet normal -8.095619e-01 5.870345e-01 0.000000e+00
  outer loop
   vertex -1.565311e+01 1.548667e+01 2.400000e+00
   vertex -1.543999e+01 1.578057e+01 2.266667e+00
   vertex -1.565311e+01 1.548667e+01 2.000000e+00
  endloop
 endfacet
 facet normal -8.095619e-01 5.870345e-01 0.000000e+00
  outer loop
   vertex -1.565311e+01 1.548667e+01 2.800000e+00
   vertex -1.543999e+01 1.578057e+01 2.800000e+00
   vertex -1.543999e+01 1.578057e+01 2.533333e+00
  endloop
 endfacet
 facet normal -8.095619e-01 5.870345e-01 0.000000e+00
  outer loop
   vertex -1.565311e+01 1.548667e+01 2.400000e+00
   vertex -1.543999e+01 1.578057e+01 2.533333e+00
   vertex -1.543999e+01 1.578057e+01 2.266667e+00
  endloop
 endfacet
 facet normal -8.095619e-01 5.870345e-01 0.000000e+00
  outer loop
   vertex -1.543999e+01 1.578057e+01 2.800000e+00
   vertex -1.565311e+01 1.548667e+01 2.800000e+00
   vertex -1.543999e+01 1.578057e+01 3.066667e+00
  endloop
 endfacet
 facet normal -7.530042e-01 6.580157e-01 0.000000e+00
  outer loop
   vertex -1.589199e+01 1.521331e+01 3.600000e+00
   vertex -1.565311e+01 1.548667e+01 3.600000e+00
   vertex -1.565311e+01 1.548667e+01 3.200000e+00
  endloop
 endfacet
 facet normal -8.095619e-01 5.870345e-01 0.000000e+00
  outer loop
   vertex -1.565311e+01 1.548667e+01 3.600000e+00
   vertex -1.543999e+01 1.578057e+01 3.600000e+00
   vertex -1.543999e+01 1.578057e+01 3.333333e+00
  endloop
 endfacet
 facet normal -8.095619e-01 5.870345e-01 0.000000e+00
  outer loop
   vertex -1.543999e+01 1.578057e+01 3.066667e+00
   vertex -1.565311e+01 1.548667e+01 3.200000e+00
   vertex -1.543999e+01 1.578057e+01 3.333333e+00
  endloop
 endfacet
 facet normal 6.783067e-01 -7.347789e-01 0.000000e+00
  outer loop
   vertex -2.167092e+01 2.074539e+01 2.800000e+00
   vertex -2.167092e+01 2.074539e+01 2.400000e+00
   vertex -2.130812e+01 2.108031e+01 2.400000e+00
  endloop
 endfacet
 facet normal 6.783067e-01 -7.347789e-01 0.000000e+00
  outer loop
   vertex -2.167092e+01 2.074539e+01 3.200000e+00
   vertex -2.167092e+01 2.074539e+01 2.800000e+00
   vertex -2.130812e+01 2.108031e+01 2.800000e+00
  endloop
 endfacet
 facet normal 7.636662e-01 -6.456113e-01 0.000000e+00
  outer loop
   vertex -2.198969e+01 2.036833e+01 2.800000e+00
   vertex -2.198969e+01 2.036833e+01 2.400000e+00
   vertex -2.167092e+01 2.074539e+01 2.400000e+00
  endloop
 endfacet
 facet normal 7.636662e-01 -6.456113e-01 0.000000e+00
  outer loop
   vertex -2.198969e+01 2.036833e+01 3.200000e+00
   vertex -2.198969e+01 2.036833e+01 2.800000e+00
   vertex -2.167092e+01 2.074539e+01 2.800000e+00
  endloop
 endfacet
 facet normal 5.826102e-01 -8.127517e-01 0.000000e+00
  outer loop
   vertex -2.090681e+01 2.136798e+01 2.320000e+00
   vertex -2.130812e+01 2.108031e+01 2.400000e+00
   vertex -2.130812e+01 2.108031e+01 2.000000e+00
  endloop
 endfacet
 facet normal 6.783067e-01 -7.347789e-01 0.000000e+00
  outer loop
   vertex -2.167092e+01 2.074539e+01 2.000000e+00
   vertex -2.130812e+01 2.108031e+01 2.000000e+00
   vertex -2.130812e+01 2.108031e+01 2.400000e+00
  endloop
 endfacet
 facet normal 7.636662e-01 -6.456113e-01 0.000000e+00
  outer loop
   vertex -2.167092e+01 2.074539e+01 2.400000e+00
   vertex -2.198969e+01 2.036833e+01 2.400000e+00
   vertex -2.198969e+01 2.036833e+01 2.000000e+00
  endloop
 endfacet
 facet normal 5.826102e-01 -8.127517e-01 0.000000e+00
  outer loop
   vertex -2.090681e+01 2.136798e+01 2.640000e+00
   vertex -2.130812e+01 2.108031e+01 2.800000e+00
   vertex -2.130812e+01 2.108031e+01 2.400000e+00
  endloop
 endfacet
 facet normal 5.826102e-01 -8.127517e-01 0.000000e+00
  outer loop
   vertex -2.130812e+01 2.108031e+01 2.800000e+00
   vertex -2.090681e+01 2.136798e+01 2.640000e+00
   vertex -2.090681e+01 2.136798e+01 2.960000e+00
  endloop
 endfacet
 facet normal 5.826102e-01 -8.127517e-01 0.000000e+00
  outer loop
   vertex -2.130812e+01 2.108031e+01 3.200000e+00
   vertex -2.090681e+01 2.136798e+01 2.960000e+00
   vertex -2.090681e+01 2.136798e+01 3.280000e+00
  endloop
 endfacet
 facet normal 5.826102e-01 -8.127517e-01 0.000000e+00
  outer loop
   vertex -2.130812e+01 2.108031e+01 3.200000e+00
   vertex -2.090681e+01 2.136798e+01 3.280000e+00
   vertex -2.130812e+01 2.108031e+01 3.600000e+00
  endloop
 endfacet
 facet normal 6.783067e-01 -7.347789e-01 0.000000e+00
  outer loop
   vertex -2.130812e+01 2.108031e+01 3.600000e+00
   vertex -2.167092e+01 2.074539e+01 3.600000e+00
   vertex -2.167092e+01 2.074539e+01 3.200000e+00
  endloop
 endfacet
 facet normal 5.826102e-01 -8.127517e-01 0.000000e+00
  outer loop
   vertex -2.130812e+01 2.108031e+01 2.800000e+00
   vertex -2.090681e+01 2.136798e+01 2.960000e+00
   vertex -2.130812e+01 2.108031e+01 3.200000e+00
  endloop
 endfacet
 facet normal 8.373919e-01 -5.466030e-01 0.000000e+00
  outer loop
   vertex -2.198969e+01 2.036833e+01 2.400000e+00
   vertex -2.225958e+01 1.995486e+01 2.320000e+00
   vertex -2.198969e+01 2.036833e+01 2.000000e+00
  endloop
 endfacet
 facet normal 8.373919e-01 -5.466030e-01 0.000000e+00
  outer loop
   vertex -2.198969e+01 2.036833e+01 2.800000e+00
   vertex -2.225958e+01 1.995486e+01 2.640000e+00
   vertex -2.198969e+01 2.036833e+01 2.400000e+00
  endloop
 endfacet
 facet normal 8.373919e-01 -5.466030e-01 0.000000e+00
  outer loop
   vertex -2.225958e+01 1.995486e+01 2.960000e+00
   vertex -2.225958e+01 1.995486e+01 2.640000e+00
   vertex -2.198969e+01 2.036833e+01 2.800000e+00
  endloop
 endfacet
 facet normal 7.636662e-01 -6.456113e-01 0.000000e+00
  outer loop
   vertex -2.167092e+01 2.074539e+01 3.600000e+00
   vertex -2.198969e+01 2.036833e+01 3.600000e+00
   vertex -2.198969e+01 2.036833e+01 3.200000e+00
  endloop
 endfacet
 facet normal 8.373919e-01 -5.466030e-01 0.000000e+00
  outer loop
   vertex -2.198969e+01 2.036833e+01 3.600000e+00
   vertex -2.225958e+01 1.995486e+01 3.600000e+00
   vertex -2.225958e+01 1.995486e+01 3.280000e+00
  endloop
 endfacet
 facet normal 8.373919e-01 -5.466030e-01 0.000000e+00
  outer loop
   vertex -2.225958e+01 1.995486e+01 2.960000e+00
   vertex -2.198969e+01 2.036833e+01 3.200000e+00
   vertex -2.225958e+01 1.995486e+01 3.280000e+00
  endloop
 endfacet
 facet normal 8.373919e-01 -5.466030e-01 0.000000e+00
  outer loop
   vertex -2.198969e+01 2.036833e+01 3.200000e+00
   vertex -2.225958e+01 1.995486e+01 2.960000e+00
   vertex -2.198969e+01 2.036833e+01 2.800000e+00
  endloop
 endfacet
 facet normal -6.155966e-01 7.880614e-01 0.000000e+00
  outer loop
   vertex -1.587637e+01 1.732602e+01 1.000000e+00
   vertex -1.587637e+01 1.732602e+01 5.000000e-01
   vertex -1.618585e+01 1.708427e+01 5.000000e-01
  endloop
 endfacet
 facet normal -6.155966e-01 7.880614e-01 0.000000e+00
  outer loop
   vertex -1.587637e+01 1.732602e+01 1.500000e+00
   vertex -1.587637e+01 1.732602e+01 1.000000e+00
   vertex -1.618585e+01 1.708427e+01 1.000000e+00
  endloop
 endfacet
 facet normal -7.314093e-01 6.819387e-01 0.000000e+00
  outer loop
   vertex -1.560857e+01 1.761325e+01 1.000000e+00
   vertex -1.560857e+01 1.761325e+01 5.000000e-01
   vertex -1.587637e+01 1.732602e+01 5.000000e-01
  endloop
 endfacet
 facet normal -7.314093e-01 6.819387e-01 0.000000e+00
  outer loop
   vertex -1.560857e+01 1.761325e+01 1.500000e+00
   vertex -1.560857e+01 1.761325e+01 1.000000e+00
   vertex -1.587637e+01 1.732602e+01 1.000000e+00
  endloop
 endfacet
 facet normal -4.707810e-01 8.822501e-01 0.000000e+00
  outer loop
   vertex -1.625209e+01 1.704192e+01 0.000000e+00
   vertex -1.652936e+01 1.689397e+01 0.000000e+00
   vertex -1.652936e+01 1.689397e+01 3.333333e-01
  endloop
 endfacet
 facet normal -4.845939e-01 8.747393e-01 0.000000e+00
  outer loop
   vertex -1.618585e+01 1.708427e+01 5.000000e-01
   vertex -1.652936e+01 1.689397e+01 3.333333e-01
   vertex -1.652936e+01 1.689397e+01 6.666667e-01
  endloop
 endfacet
 facet normal -5.777329e-01 8.161922e-01 7.415010e-03
  outer loop
   vertex -1.618585e+01 1.708427e+01 5.000000e-01
   vertex -1.599557e+01 1.722350e+01 0.000000e+00
   vertex -1.625209e+01 1.704192e+01 0.000000e+00
  endloop
 endfacet
 facet normal -4.845939e-01 8.747393e-01 0.000000e+00
  outer loop
   vertex -1.618585e+01 1.708427e+01 5.000000e-01
   vertex -1.652936e+01 1.689397e+01 6.666667e-01
   vertex -1.618585e+01 1.708427e+01 1.000000e+00
  endloop
 endfacet
 facet normal -6.155290e-01 7.879748e-01 -1.482622e-02
  outer loop
   vertex -1.599557e+01 1.722350e+01 0.000000e+00
   vertex -1.618585e+01 1.708427e+01 5.000000e-01
   vertex -1.587637e+01 1.732602e+01 5.000000e-01
  endloop
 endfacet
 facet normal -6.755601e-01 7.372386e-01 9.887457e-03
  outer loop
   vertex -1.587637e+01 1.732602e+01 5.000000e-01
   vertex -1.576385e+01 1.743583e+01 0.000000e+00
   vertex -1.599557e+01 1.722350e+01 0.000000e+00
  endloop
 endfacet
 facet normal -4.806315e-01 8.768588e-01 -1.058689e-02
  outer loop
   vertex -1.652936e+01 1.689397e+01 3.333333e-01
   vertex -1.618585e+01 1.708427e+01 5.000000e-01
   vertex -1.625209e+01 1.704192e+01 0.000000e+00
  endloop
 endfacet
 facet normal -4.845939e-01 8.747393e-01 0.000000e+00
  outer loop
   vertex -1.618585e+01 1.708427e+01 1.000000e+00
   vertex -1.652936e+01 1.689397e+01 1.000000e+00
   vertex -1.652936e+01 1.689397e+01 1.333333e+00
  endloop
 endfacet
 facet normal -4.676439e-01 8.839170e-01 0.000000e+00
  outer loop
   vertex -1.626723e+01 1.703265e+01 2.000000e+00
   vertex -1.652936e+01 1.689397e+01 1.666667e+00
   vertex -1.652936e+01 1.689397e+01 2.000000e+00
  endloop
 endfacet
 facet normal -4.845939e-01 8.747393e-01 0.000000e+00
  outer loop
   vertex -1.652936e+01 1.689397e+01 1.666667e+00
   vertex -1.618585e+01 1.708427e+01 1.500000e+00
   vertex -1.652936e+01 1.689397e+01 1.333333e+00
  endloop
 endfacet
 facet normal -4.799287e-01 8.772192e-01 1.244698e-02
  outer loop
   vertex -1.652936e+01 1.689397e+01 1.666667e+00
   vertex -1.626723e+01 1.703265e+01 2.000000e+00
   vertex -1.618585e+01 1.708427e+01 1.500000e+00
  endloop
 endfacet
 facet normal -5.689990e-01 8.223020e-01 -7.721538e-03
  outer loop
   vertex -1.618585e+01 1.708427e+01 1.500000e+00
   vertex -1.626723e+01 1.703265e+01 2.000000e+00
   vertex -1.602337e+01 1.720139e+01 2.000000e+00
  endloop
 endfacet
 facet normal -6.155233e-01 7.879675e-01 1.543864e-02
  outer loop
   vertex -1.602337e+01 1.720139e+01 2.000000e+00
   vertex -1.587637e+01 1.732602e+01 1.500000e+00
   vertex -1.618585e+01 1.708427e+01 1.500000e+00
  endloop
 endfacet
 facet normal -4.845939e-01 8.747393e-01 0.000000e+00
  outer loop
   vertex -1.618585e+01 1.708427e+01 1.000000e+00
   vertex -1.652936e+01 1.689397e+01 1.333333e+00
   vertex -1.618585e+01 1.708427e+01 1.500000e+00
  endloop
 endfacet
 facet normal -7.313289e-01 6.818638e-01 -1.482345e-02
  outer loop
   vertex -1.576385e+01 1.743583e+01 0.000000e+00
   vertex -1.587637e+01 1.732602e+01 5.000000e-01
   vertex -1.560857e+01 1.761325e+01 5.000000e-01
  endloop
 endfacet
 facet normal -8.316331e-01 5.552245e-01 -1.058740e-02
  outer loop
   vertex -1.538905e+01 1.793887e+01 3.333333e-01
   vertex -1.556061e+01 1.767554e+01 0.000000e+00
   vertex -1.560857e+01 1.761325e+01 5.000000e-01
  endloop
 endfacet
 facet normal -8.378627e-01 5.458810e-01 0.000000e+00
  outer loop
   vertex -1.556061e+01 1.767554e+01 0.000000e+00
   vertex -1.538905e+01 1.793887e+01 3.333333e-01
   vertex -1.538905e+01 1.793887e+01 0.000000e+00
  endloop
 endfacet
 facet normal -8.291762e-01 5.589873e-01 0.000000e+00
  outer loop
   vertex -1.560857e+01 1.761325e+01 1.000000e+00
   vertex -1.538905e+01 1.793887e+01 1.000000e+00
   vertex -1.538905e+01 1.793887e+01 6.666667e-01
  endloop
 endfacet
 facet normal -8.291762e-01 5.589873e-01 0.000000e+00
  outer loop
   vertex -1.560857e+01 1.761325e+01 5.000000e-01
   vertex -1.538905e+01 1.793887e+01 6.666667e-01
   vertex -1.538905e+01 1.793887e+01 3.333333e-01
  endloop
 endfacet
 facet normal -7.523031e-01 6.587898e-01 -6.009363e-03
  outer loop
   vertex -1.557665e+01 1.765426e+01 2.000000e+00
   vertex -1.560857e+01 1.761325e+01 1.500000e+00
   vertex -1.580121e+01 1.739782e+01 2.000000e+00
  endloop
 endfacet
 facet normal -8.291762e-01 5.589873e-01 0.000000e+00
  outer loop
   vertex -1.560857e+01 1.761325e+01 1.500000e+00
   vertex -1.538905e+01 1.793887e+01 1.333333e+00
   vertex -1.560857e+01 1.761325e+01 1.000000e+00
  endloop
 endfacet
 facet normal -6.623673e-01 7.491364e-01 -8.013030e-03
  outer loop
   vertex -1.602337e+01 1.720139e+01 2.000000e+00
   vertex -1.580121e+01 1.739782e+01 2.000000e+00
   vertex -1.587637e+01 1.732602e+01 1.500000e+00
  endloop
 endfacet
 facet normal -8.309077e-01 5.563609e-01 7.411636e-03
  outer loop
   vertex -1.560857e+01 1.761325e+01 1.500000e+00
   vertex -1.557665e+01 1.765426e+01 2.000000e+00
   vertex -1.538905e+01 1.793887e+01 1.666667e+00
  endloop
 endfacet
 facet normal -8.349413e-01 5.503391e-01 0.000000e+00
  outer loop
   vertex -1.538905e+01 1.793887e+01 1.666667e+00
   vertex -1.557665e+01 1.765426e+01 2.000000e+00
   vertex -1.538905e+01 1.793887e+01 2.000000e+00
  endloop
 endfacet
 facet normal -8.291762e-01 5.589873e-01 0.000000e+00
  outer loop
   vertex -1.538905e+01 1.793887e+01 1.333333e+00
   vertex -1.560857e+01 1.761325e+01 1.500000e+00
   vertex -1.538905e+01 1.793887e+01 1.666667e+00
  endloop
 endfacet
 facet normal 0.000000e+00 0.000000e+00 1.000000e+00
  outer loop
   vertex -2.117200e+01 2.089896e+01 2.000000e+00
   vertex -2.137175e+01 2.039856e+01 2.000000e+00
   vertex -2.090177e+01 1.965196e+01 2.000000e+00
  endloop
 endfacet
 facet normal 0.000000e+00 0.000000e+00 1.000000e+00
  outer loop
   vertex -2.117200e+01 2.089896e+01 2.000000e+00
   vertex -2.054892e+01 1.974742e+01 2.000000e+00
   vertex -2.026350e+01 2.056684e+01 2.000000e+00
  endloop
 endfacet
 facet normal -0.000000e+00 0.000000e+00 1.000000e+00
  outer loop
   vertex -2.117200e+01 2.089896e+01 2.000000e+00
   vertex -2.026350e+01 2.056684e+01 2.000000e+00
   vertex -2.090681e+01 2.136798e+01 2.000000e+00
  endloop
 endfacet
 facet normal 0.000000e+00 0.000000e+00 1.000000e+00
  outer loop
   vertex -2.124093e+01 1.951562e+01 2.000000e+00
   vertex -2.150243e+01 1.987584e+01 2.000000e+00
   vertex -2.156168e+01 1.934031e+01 2.000000e+00
  endloop
 endfacet
 facet normal 0.000000e+00 0.000000e+00 1.000000e+00
  outer loop
   vertex -2.137175e+01 2.039856e+01 2.000000e+00
   vertex -2.150243e+01 1.987584e+01 2.000000e+00
   vertex -2.124093e+01 1.951562e+01 2.000000e+00
  endloop
 endfacet
 facet normal 0.000000e+00 0.000000e+00 1.000000e+00
  outer loop
   vertex -2.090177e+01 1.965196e+01 2.000000e+00
   vertex -2.137175e+01 2.039856e+01 2.000000e+00
   vertex -2.124093e+01 1.951562e+01 2.000000e+00
  endloop
 endfacet
 facet normal 0.000000e+00 -0.000000e+00 1.000000e+00
  outer loop
   vertex -2.090177e+01 1.965196e+01 2.000000e+00
   vertex -2.054892e+01 1.974742e+01 2.000000e+00
   vertex -2.117200e+01 2.089896e+01 2.000000e+00
  endloop
 endfacet
 facet normal 0.000000e+00 0.000000e+00 1.000000e+00
  outer loop
   vertex -2.018084e+01 2.113529e+01 2.000000e+00
   vertex -2.061046e+01 2.176291e+01 2.000000e+00
   vertex -2.090681e+01 2.136798e+01 2.000000e+00
  endloop
 endfacet
 facet normal 0.000000e+00 0.000000e+00 1.000000e+00
  outer loop
   vertex -1.977719e+01 2.220773e+01 2.000000e+00
   vertex -1.988378e+01 2.242879e+01 2.000000e+00
   vertex -2.026771e+01 2.211832e+01 2.000000e+00
  endloop
 endfacet
 facet normal -0.000000e+00 0.000000e+00 1.000000e+00
  outer loop
   vertex -1.988378e+01 2.242879e+01 2.000000e+00
   vertex -1.977719e+01 2.220773e+01 2.000000e+00
   vertex -1.946452e+01 2.268960e+01 2.000000e+00
  endloop
 endfacet
 facet normal 0.000000e+00 -0.000000e+00 1.000000e+00
  outer loop
   vertex -2.001762e+01 2.168604e+01 2.000000e+00
   vertex -1.977719e+01 2.220773e+01 2.000000e+00
   vertex -2.026771e+01 2.211832e+01 2.000000e+00
  endloop
 endfacet
 facet normal 0.000000e+00 0.000000e+00 1.000000e+00
  outer loop
   vertex -2.026350e+01 2.056684e+01 2.000000e+00
   vertex -2.041101e+01 1.987528e+01 2.000000e+00
   vertex -2.026387e+01 1.999241e+01 2.000000e+00
  endloop
 endfacet
 facet normal 0.000000e+00 0.000000e+00 1.000000e+00
  outer loop
   vertex -2.026350e+01 2.056684e+01 2.000000e+00
   vertex -2.054892e+01 1.974742e+01 2.000000e+00
   vertex -2.041101e+01 1.987528e+01 2.000000e+00
  endloop
 endfacet
 facet normal 0.000000e+00 0.000000e+00 1.000000e+00
  outer loop
   vertex -2.001762e+01 2.168604e+01 2.000000e+00
   vertex -2.061046e+01 2.176291e+01 2.000000e+00
   vertex -2.018084e+01 2.113529e+01 2.000000e+00
  endloop
 endfacet
 facet normal 0.000000e+00 0.000000e+00 1.000000e+00
  outer loop
   vertex -2.090681e+01 2.136798e+01 2.000000e+00
   vertex -2.026350e+01 2.056684e+01 2.000000e+00
   vertex -2.018084e+01 2.113529e+01 2.000000e+00
  endloop
 endfacet
 facet normal -0.000000e+00 0.000000e+00 1.000000e+00
  outer loop
   vertex -2.061046e+01 2.176291e+01 2.000000e+00
   vertex -2.001762e+01 2.168604e+01 2.000000e+00
   vertex -2.026771e+01 2.211832e+01 2.000000e+00
  endloop
 endfacet
 facet normal 0.000000e+00 0.000000e+00 1.000000e+00
  outer loop
   vertex -1.620703e+01 1.627756e+01 2.000000e+00
   vertex -1.684241e+01 1.631759e+01 2.000000e+00
   vertex -1.691897e+01 1.592451e+01 2.000000e+00
  endloop
 endfacet
 facet normal 0.000000e+00 0.000000e+00 1.000000e+00
  outer loop
   vertex -1.599935e+01 1.548850e+01 2.000000e+00
   vertex -1.620703e+01 1.627756e+01 2.000000e+00
   vertex -1.691897e+01 1.592451e+01 2.000000e+00
  endloop
 endfacet
 facet normal 0.000000e+00 0.000000e+00 1.000000e+00
  outer loop
   vertex -1.659768e+01 1.528802e+01 2.000000e+00
   vertex -1.704557e+01 1.554458e+01 2.000000e+00
   vertex -1.722009e+01 1.518414e+01 2.000000e+00
  endloop
 endfacet
 facet normal 0.000000e+00 0.000000e+00 1.000000e+00
  outer loop
   vertex -1.704557e+01 1.554458e+01 2.000000e+00
   vertex -1.659768e+01 1.528802e+01 2.000000e+00
   vertex -1.599935e+01 1.548850e+01 2.000000e+00
  endloop
 endfacet
 facet normal 0.000000e+00 0.000000e+00 1.000000e+00
  outer loop
   vertex -1.599935e+01 1.548850e+01 2.000000e+00
   vertex -1.691897e+01 1.592451e+01 2.000000e+00
   vertex -1.704557e+01 1.554458e+01 2.000000e+00
  endloop
 endfacet
 facet normal 0.000000e+00 -0.000000e+00 1.000000e+00
  outer loop
   vertex -1.599935e+01 1.548850e+01 2.000000e+00
   vertex -1.543999e+01 1.578057e+01 2.000000e+00
   vertex -1.620703e+01 1.627756e+01 2.000000e+00
  endloop
 endfacet
 facet normal 0.000000e+00 -0.000000e+00 1.000000e+00
  outer loop
   vertex -1.460622e+01 1.647782e+01 2.000000e+00
   vertex -1.437484e+01 1.675661e+01 2.000000e+00
   vertex -1.495742e+01 1.649988e+01 2.000000e+00
  endloop
 endfacet
 facet normal 0.000000e+00 -0.000000e+00 1.000000e+00
  outer loop
   vertex -1.486188e+01 1.622112e+01 2.000000e+00
   vertex -1.460622e+01 1.647782e+01 2.000000e+00
   vertex -1.495742e+01 1.649988e+01 2.000000e+00
  endloop
 endfacet
 facet normal -0.000000e+00 0.000000e+00 1.000000e+00
  outer loop
   vertex -1.620703e+01 1.627756e+01 2.000000e+00
   vertex -1.543999e+01 1.578057e+01 2.000000e+00
   vertex -1.557335e+01 1.633884e+01 2.000000e+00
  endloop
 endfacet
 facet normal 0.000000e+00 0.000000e+00 1.000000e+00
  outer loop
   vertex -1.514009e+01 1.598831e+01 2.000000e+00
   vertex -1.557335e+01 1.633884e+01 2.000000e+00
   vertex -1.543999e+01 1.578057e+01 2.000000e+00
  endloop
 endfacet
 facet normal 0.000000e+00 0.000000e+00 1.000000e+00
  outer loop
   vertex -1.557335e+01 1.633884e+01 2.000000e+00
   vertex -1.514009e+01 1.598831e+01 2.000000e+00
   vertex -1.486188e+01 1.622112e+01 2.000000e+00
  endloop
 endfacet
 facet normal 0.000000e+00 0.000000e+00 1.000000e+00
  outer loop
   vertex -1.486188e+01 1.622112e+01 2.000000e+00
   vertex -1.495742e+01 1.649988e+01 2.000000e+00
   vertex -1.557335e+01 1.633884e+01 2.000000e+00
  endloop
 endfacet
 facet normal 6.026218e-01 -7.980269e-01 0.000000e+00
  outer loop
   vertex -1.925432e+01 2.101240e+01 1.000000e+00
   vertex -1.925432e+01 2.101240e+01 5.000000e-01
   vertex -1.887589e+01 2.129817e+01 5.000000e-01
  endloop
 endfacet
 facet normal 6.026218e-01 -7.980269e-01 0.000000e+00
  outer loop
   vertex -1.925432e+01 2.101240e+01 1.500000e+00
   vertex -1.925432e+01 2.101240e+01 1.000000e+00
   vertex -1.887589e+01 2.129817e+01 1.000000e+00
  endloop
 endfacet
 facet normal 7.424688e-01 -6.698807e-01 0.000000e+00
  outer loop
   vertex -1.957198e+01 2.066032e+01 1.000000e+00
   vertex -1.957198e+01 2.066032e+01 5.000000e-01
   vertex -1.925432e+01 2.101240e+01 5.000000e-01
  endloop
 endfacet
 facet normal 7.424688e-01 -6.698807e-01 0.000000e+00
  outer loop
   vertex -1.957198e+01 2.066032e+01 1.500000e+00
   vertex -1.957198e+01 2.066032e+01 1.000000e+00
   vertex -1.925432e+01 2.101240e+01 1.000000e+00
  endloop
 endfacet
 facet normal 4.124563e-01 -9.109774e-01 0.000000e+00
  outer loop
   vertex -1.845030e+01 2.150734e+01 3.333333e-01
   vertex -1.873854e+01 2.137684e+01 1.027577e-14
   vertex -1.845030e+01 2.150734e+01 0.000000e+00
  endloop
 endfacet
 facet normal 4.410878e-01 -8.974639e-01 0.000000e+00
  outer loop
   vertex -1.845030e+01 2.150734e+01 3.333333e-01
   vertex -1.845030e+01 2.150734e+01 6.666667e-01
   vertex -1.887589e+01 2.129817e+01 5.000000e-01
  endloop
 endfacet
 facet normal 4.338561e-01 -9.007005e-01 -2.252812e-02
  outer loop
   vertex -1.887589e+01 2.129817e+01 5.000000e-01
   vertex -1.873854e+01 2.137684e+01 1.027577e-14
   vertex -1.845030e+01 2.150734e+01 3.333333e-01
  endloop
 endfacet
 facet normal 6.275806e-01 -7.785516e-01 0.000000e+00
  outer loop
   vertex -1.925432e+01 2.101240e+01 5.000000e-01
   vertex -1.925432e+01 2.101240e+01 1.230232e-14
   vertex -1.900798e+01 2.121097e+01 1.183911e-14
  endloop
 endfacet
 facet normal 4.410878e-01 -8.974639e-01 0.000000e+00
  outer loop
   vertex -1.887589e+01 2.129817e+01 5.000000e-01
   vertex -1.845030e+01 2.150734e+01 6.666667e-01
   vertex -1.887589e+01 2.129817e+01 1.000000e+00
  endloop
 endfacet
 facet normal 5.241939e-01 -8.515400e-01 1.002173e-02
  outer loop
   vertex -1.873854e+01 2.137684e+01 1.027577e-14
   vertex -1.887589e+01 2.129817e+01 5.000000e-01
   vertex -1.900798e+01 2.121097e+01 1.183911e-14
  endloop
 endfacet
 facet normal 4.410878e-01 -8.974639e-01 0.000000e+00
  outer loop
   vertex -1.845030e+01 2.150734e+01 1.333333e+00
   vertex -1.887589e+01 2.129817e+01 1.500000e+00
   vertex -1.887589e+01 2.129817e+01 1.000000e+00
  endloop
 endfacet
 facet normal 4.019901e-01 -9.156440e-01 0.000000e+00
  outer loop
   vertex -1.868764e+01 2.140314e+01 2.000000e+00
   vertex -1.845030e+01 2.150734e+01 1.666667e+00
   vertex -1.845030e+01 2.150734e+01 2.000000e+00
  endloop
 endfacet
 facet normal 4.410878e-01 -8.974639e-01 0.000000e+00
  outer loop
   vertex -1.845030e+01 2.150734e+01 1.666667e+00
   vertex -1.887589e+01 2.129817e+01 1.500000e+00
   vertex -1.845030e+01 2.150734e+01 1.333333e+00
  endloop
 endfacet
 facet normal 4.946346e-01 -8.690929e-01 -3.768194e-03
  outer loop
   vertex -1.891292e+01 2.127493e+01 2.000000e+00
   vertex -1.887589e+01 2.129817e+01 1.500000e+00
   vertex -1.868764e+01 2.140314e+01 2.000000e+00
  endloop
 endfacet
 facet normal 4.326137e-01 -9.011951e-01 2.632139e-02
  outer loop
   vertex -1.845030e+01 2.150734e+01 1.666667e+00
   vertex -1.868764e+01 2.140314e+01 2.000000e+00
   vertex -1.887589e+01 2.129817e+01 1.500000e+00
  endloop
 endfacet
 facet normal 6.025680e-01 -7.979557e-01 1.335800e-02
  outer loop
   vertex -1.918998e+01 2.106936e+01 2.000000e+00
   vertex -1.925432e+01 2.101240e+01 1.500000e+00
   vertex -1.887589e+01 2.129817e+01 1.500000e+00
  endloop
 endfacet
 facet normal 7.423198e-01 -6.697463e-01 -2.003002e-02
  outer loop
   vertex -1.957198e+01 2.066032e+01 5.000000e-01
   vertex -1.947360e+01 2.078431e+01 1.165796e-14
   vertex -1.925432e+01 2.101240e+01 5.000000e-01
  endloop
 endfacet
 facet normal 8.556048e-01 -5.176296e-01 0.000000e+00
  outer loop
   vertex -1.957198e+01 2.066032e+01 1.000000e+00
   vertex -1.981745e+01 2.025458e+01 1.000000e+00
   vertex -1.981745e+01 2.025458e+01 6.666667e-01
  endloop
 endfacet
 facet normal 8.026153e-01 -5.964128e-01 1.001927e-02
  outer loop
   vertex -1.957198e+01 2.066032e+01 5.000000e-01
   vertex -1.966232e+01 2.053035e+01 9.916366e-15
   vertex -1.947360e+01 2.078431e+01 1.165796e-14
  endloop
 endfacet
 facet normal 8.715633e-01 -4.902830e-01 0.000000e+00
  outer loop
   vertex -1.981745e+01 2.025458e+01 3.333333e-01
   vertex -1.981745e+01 2.025458e+01 0.000000e+00
   vertex -1.966232e+01 2.053035e+01 9.916366e-15
  endloop
 endfacet
 facet normal 8.556048e-01 -5.176296e-01 0.000000e+00
  outer loop
   vertex -1.981745e+01 2.025458e+01 3.333333e-01
   vertex -1.957198e+01 2.066032e+01 5.000000e-01
   vertex -1.981745e+01 2.025458e+01 6.666667e-01
  endloop
 endfacet
 facet normal 8.594596e-01 -5.107071e-01 -2.252953e-02
  outer loop
   vertex -1.966232e+01 2.053035e+01 9.916366e-15
   vertex -1.957198e+01 2.066032e+01 5.000000e-01
   vertex -1.981745e+01 2.025458e+01 3.333333e-01
  endloop
 endfacet
 facet normal 7.007174e-01 -7.133833e-01 -8.907070e-03
  outer loop
   vertex -1.925432e+01 2.101240e+01 1.500000e+00
   vertex -1.918998e+01 2.106936e+01 2.000000e+00
   vertex -1.943609e+01 2.082762e+01 2.000000e+00
  endloop
 endfacet
 facet normal 7.922353e-01 -6.101134e-01 -1.117449e-02
  outer loop
   vertex -1.957198e+01 2.066032e+01 1.500000e+00
   vertex -1.943609e+01 2.082762e+01 2.000000e+00
   vertex -1.964659e+01 2.055429e+01 2.000000e+00
  endloop
 endfacet
 facet normal 8.589987e-01 -5.115995e-01 1.967830e-02
  outer loop
   vertex -1.964659e+01 2.055429e+01 2.000000e+00
   vertex -1.981745e+01 2.025458e+01 1.666667e+00
   vertex -1.957198e+01 2.066032e+01 1.500000e+00
  endloop
 endfacet
 facet normal 8.556048e-01 -5.176296e-01 0.000000e+00
  outer loop
   vertex -1.957198e+01 2.066032e+01 1.500000e+00
   vertex -1.981745e+01 2.025458e+01 1.333333e+00
   vertex -1.957198e+01 2.066032e+01 1.000000e+00
  endloop
 endfacet
 facet normal 8.687408e-01 -4.952670e-01 0.000000e+00
  outer loop
   vertex -1.964659e+01 2.055429e+01 2.000000e+00
   vertex -1.981745e+01 2.025458e+01 2.000000e+00
   vertex -1.981745e+01 2.025458e+01 1.666667e+00
  endloop
 endfacet
 facet normal 8.556048e-01 -5.176296e-01 0.000000e+00
  outer loop
   vertex -1.957198e+01 2.066032e+01 1.500000e+00
   vertex -1.981745e+01 2.025458e+01 1.666667e+00
   vertex -1.981745e+01 2.025458e+01 1.333333e+00
  endloop
 endfacet
 facet normal 0.000000e+00 0.000000e+00 -1.000000e+00
  outer loop
   vertex -1.930996e+01 1.767257e+01 3.600000e+00
   vertex -1.827067e+01 1.681097e+01 3.600000e+00
   vertex -1.882693e+01 1.719761e+01 3.600000e+00
  endloop
 endfacet
 facet normal 0.000000e+00 0.000000e+00 -1.000000e+00
  outer loop
   vertex -1.827067e+01 1.681097e+01 3.600000e+00
   vertex -1.930996e+01 1.767257e+01 3.600000e+00
   vertex -1.970592e+01 1.822224e+01 3.600000e+00
  endloop
 endfacet
 facet normal 0.000000e+00 0.000000e+00 -1.000000e+00
  outer loop
   vertex -1.344558e+01 2.310542e+01 3.600000e+00
   vertex -1.970592e+01 1.822224e+01 3.600000e+00
   vertex -2.008538e+01 2.149084e+01 3.600000e+00
  endloop
 endfacet
 facet normal 0.000000e+00 0.000000e+00 -1.000000e+00
  outer loop
   vertex -1.700395e+01 1.634416e+01 3.600000e+00
   vertex -1.827067e+01 1.681097e+01 3.600000e+00
   vertex -1.241788e+01 1.921386e+01 3.600000e+00
  endloop
 endfacet
 facet normal 0.000000e+00 0.000000e+00 -1.000000e+00
  outer loop
   vertex -1.970592e+01 1.822224e+01 3.600000e+00
   vertex -1.344558e+01 2.310542e+01 3.600000e+00
   vertex -1.827067e+01 1.681097e+01 3.600000e+00
  endloop
 endfacet
 facet normal 0.000000e+00 0.000000e+00 -1.000000e+00
  outer loop
   vertex -1.700395e+01 1.634416e+01 3.600000e+00
   vertex -1.765715e+01 1.652374e+01 3.600000e+00
   vertex -1.827067e+01 1.681097e+01 3.600000e+00
  endloop
 endfacet
 facet normal 0.000000e+00 0.000000e+00 -1.000000e+00
  outer loop
   vertex -1.700395e+01 1.634416e+01 3.600000e+00
   vertex -1.437484e+01 1.675661e+01 3.600000e+00
   vertex -1.632982e+01 1.627739e+01 3.600000e+00
  endloop
 endfacet
 facet normal 0.000000e+00 0.000000e+00 -1.000000e+00
  outer loop
   vertex -2.008538e+01 2.149084e+01 3.600000e+00
   vertex -2.019399e+01 1.948092e+01 3.600000e+00
   vertex -2.027211e+01 2.015383e+01 3.600000e+00
  endloop
 endfacet
 facet normal 0.000000e+00 0.000000e+00 -1.000000e+00
  outer loop
   vertex -2.027211e+01 2.015383e+01 3.600000e+00
   vertex -2.023556e+01 2.083027e+01 3.600000e+00
   vertex -2.008538e+01 2.149084e+01 3.600000e+00
  endloop
 endfacet
 facet normal 0.000000e+00 0.000000e+00 -1.000000e+00
  outer loop
   vertex -2.019399e+01 1.948092e+01 3.600000e+00
   vertex -1.970592e+01 1.822224e+01 3.600000e+00
   vertex -2.000344e+01 1.883084e+01 3.600000e+00
  endloop
 endfacet
 facet normal 0.000000e+00 -0.000000e+00 -1.000000e+00
  outer loop
   vertex -2.008538e+01 2.149084e+01 3.600000e+00
   vertex -1.970592e+01 1.822224e+01 3.600000e+00
   vertex -2.019399e+01 1.948092e+01 3.600000e+00
  endloop
 endfacet
 facet normal 0.000000e+00 0.000000e+00 -1.000000e+00
  outer loop
   vertex -1.658700e+01 2.426473e+01 3.600000e+00
   vertex -2.008538e+01 2.149084e+01 3.600000e+00
   vertex -1.887245e+01 2.331807e+01 3.600000e+00
  endloop
 endfacet
 facet normal 0.000000e+00 -0.000000e+00 -1.000000e+00
  outer loop
   vertex -1.946452e+01 2.268960e+01 3.600000e+00
   vertex -1.887245e+01 2.331807e+01 3.600000e+00
   vertex -2.008538e+01 2.149084e+01 3.600000e+00
  endloop
 endfacet
 facet normal 0.000000e+00 0.000000e+00 -1.000000e+00
  outer loop
   vertex -2.008538e+01 2.149084e+01 3.600000e+00
   vertex -1.982589e+01 2.211660e+01 3.600000e+00
   vertex -1.946452e+01 2.268960e+01 3.600000e+00
  endloop
 endfacet
 facet normal 0.000000e+00 -0.000000e+00 -1.000000e+00
  outer loop
   vertex -1.658700e+01 2.426473e+01 3.600000e+00
   vertex -1.405173e+01 2.360287e+01 3.600000e+00
   vertex -2.008538e+01 2.149084e+01 3.600000e+00
  endloop
 endfacet
 facet normal 0.000000e+00 0.000000e+00 -1.000000e+00
  outer loop
   vertex -1.499614e+01 1.648661e+01 3.600000e+00
   vertex -1.565409e+01 1.632533e+01 3.600000e+00
   vertex -1.632982e+01 1.627739e+01 3.600000e+00
  endloop
 endfacet
 facet normal 0.000000e+00 0.000000e+00 -1.000000e+00
  outer loop
   vertex -1.241788e+01 1.921386e+01 3.600000e+00
   vertex -1.437484e+01 1.675661e+01 3.600000e+00
   vertex -1.700395e+01 1.634416e+01 3.600000e+00
  endloop
 endfacet
 facet normal 0.000000e+00 0.000000e+00 -1.000000e+00
  outer loop
   vertex -1.437484e+01 1.675661e+01 3.600000e+00
   vertex -1.350748e+01 1.738799e+01 3.600000e+00
   vertex -1.391990e+01 1.704309e+01 3.600000e+00
  endloop
 endfacet
 facet normal -0.000000e+00 0.000000e+00 -1.000000e+00
  outer loop
   vertex -1.350748e+01 1.738799e+01 3.600000e+00
   vertex -1.437484e+01 1.675661e+01 3.600000e+00
   vertex -1.283914e+01 1.822720e+01 3.600000e+00
  endloop
 endfacet
 facet normal 0.000000e+00 0.000000e+00 -1.000000e+00
  outer loop
   vertex -1.437484e+01 1.675661e+01 3.600000e+00
   vertex -1.241788e+01 1.921386e+01 3.600000e+00
   vertex -1.283914e+01 1.822720e+01 3.600000e+00
  endloop
 endfacet
 facet normal 0.000000e+00 0.000000e+00 -1.000000e+00
  outer loop
   vertex -1.283914e+01 1.822720e+01 3.600000e+00
   vertex -1.241788e+01 1.921386e+01 3.600000e+00
   vertex -1.259528e+01 1.870634e+01 3.600000e+00
  endloop
 endfacet
 facet normal -0.000000e+00 0.000000e+00 -1.000000e+00
  outer loop
   vertex -1.314505e+01 1.778509e+01 3.600000e+00
   vertex -1.350748e+01 1.738799e+01 3.600000e+00
   vertex -1.283914e+01 1.822720e+01 3.600000e+00
  endloop
 endfacet
 facet normal 0.000000e+00 -0.000000e+00 -1.000000e+00
  outer loop
   vertex -1.344558e+01 2.310542e+01 3.600000e+00
   vertex -1.241788e+01 1.921386e+01 3.600000e+00
   vertex -1.827067e+01 1.681097e+01 3.600000e+00
  endloop
 endfacet
 facet normal 0.000000e+00 0.000000e+00 -1.000000e+00
  outer loop
   vertex -1.405173e+01 2.360287e+01 3.600000e+00
   vertex -1.658700e+01 2.426473e+01 3.600000e+00
   vertex -1.549365e+01 2.420014e+01 3.600000e+00
  endloop
 endfacet
 facet normal 0.000000e+00 0.000000e+00 -1.000000e+00
  outer loop
   vertex -1.405173e+01 2.360287e+01 3.600000e+00
   vertex -1.549365e+01 2.420014e+01 3.600000e+00
   vertex -1.474328e+01 2.397252e+01 3.600000e+00
  endloop
 endfacet
 facet normal 0.000000e+00 0.000000e+00 -1.000000e+00
  outer loop
   vertex -2.008538e+01 2.149084e+01 3.600000e+00
   vertex -1.405173e+01 2.360287e+01 3.600000e+00
   vertex -1.344558e+01 2.310542e+01 3.600000e+00
  endloop
 endfacet
 facet normal 0.000000e+00 0.000000e+00 -1.000000e+00
  outer loop
   vertex -1.241788e+01 1.921386e+01 3.600000e+00
   vertex -1.344558e+01 2.310542e+01 3.600000e+00
   vertex -1.235087e+01 2.105736e+01 3.600000e+00
  endloop
 endfacet
 facet normal -0.000000e+00 -0.000000e+00 -1.000000e+00
  outer loop
   vertex -1.294813e+01 2.249928e+01 3.600000e+00
   vertex -1.257849e+01 2.180773e+01 3.600000e+00
   vertex -1.344558e+01 2.310542e+01 3.600000e+00
  endloop
 endfacet
 facet normal -0.000000e+00 -0.000000e+00 -1.000000e+00
  outer loop
   vertex -1.257849e+01 2.180773e+01 3.600000e+00
   vertex -1.235087e+01 2.105736e+01 3.600000e+00
   vertex -1.344558e+01 2.310542e+01 3.600000e+00
  endloop
 endfacet
 facet normal 0.000000e+00 0.000000e+00 -1.000000e+00
  outer loop
   vertex -1.241788e+01 1.921386e+01 3.600000e+00
   vertex -1.235087e+01 2.105736e+01 3.600000e+00
   vertex -1.227401e+01 2.027700e+01 3.600000e+00
  endloop
 endfacet
 facet normal 0.000000e+00 0.000000e+00 -1.000000e+00
  outer loop
   vertex -1.241788e+01 1.921386e+01 3.600000e+00
   vertex -1.227401e+01 2.027700e+01 3.600000e+00
   vertex -1.231014e+01 1.974058e+01 3.600000e+00
  endloop
 endfacet
 facet normal 0.000000e+00 0.000000e+00 -1.000000e+00
  outer loop
   vertex -1.632982e+01 1.627739e+01 3.600000e+00
   vertex -1.437484e+01 1.675661e+01 3.600000e+00
   vertex -1.499614e+01 1.648661e+01 3.600000e+00
  endloop
 endfacet
 facet normal -6.417513e-01 7.669128e-01 0.000000e+00
  outer loop
   vertex -1.486188e+01 1.622112e+01 2.800000e+00
   vertex -1.486188e+01 1.622112e+01 2.400000e+00
   vertex -1.514009e+01 1.598831e+01 2.400000e+00
  endloop
 endfacet
 facet normal -6.417513e-01 7.669128e-01 0.000000e+00
  outer loop
   vertex -1.486188e+01 1.622112e+01 3.200000e+00
   vertex -1.486188e+01 1.622112e+01 2.800000e+00
   vertex -1.514009e+01 1.598831e+01 2.800000e+00
  endloop
 endfacet
 facet normal -7.085491e-01 7.056615e-01 0.000000e+00
  outer loop
   vertex -1.460622e+01 1.647782e+01 2.800000e+00
   vertex -1.460622e+01 1.647782e+01 2.400000e+00
   vertex -1.486188e+01 1.622112e+01 2.400000e+00
  endloop
 endfacet
 facet normal -7.085491e-01 7.056615e-01 0.000000e+00
  outer loop
   vertex -1.460622e+01 1.647782e+01 3.200000e+00
   vertex -1.460622e+01 1.647782e+01 2.800000e+00
   vertex -1.486188e+01 1.622112e+01 2.800000e+00
  endloop
 endfacet
 facet normal -5.694174e-01 8.220486e-01 0.000000e+00
  outer loop
   vertex -1.514009e+01 1.598831e+01 2.000000e+00
   vertex -1.543999e+01 1.578057e+01 2.000000e+00
   vertex -1.543999e+01 1.578057e+01 2.266667e+00
  endloop
 endfacet
 facet normal -5.694174e-01 8.220486e-01 0.000000e+00
  outer loop
   vertex -1.514009e+01 1.598831e+01 2.400000e+00
   vertex -1.543999e+01 1.578057e+01 2.266667e+00
   vertex -1.543999e+01 1.578057e+01 2.533333e+00
  endloop
 endfacet
 facet normal -6.417513e-01 7.669128e-01 0.000000e+00
  outer loop
   vertex -1.486188e+01 1.622112e+01 2.000000e+00
   vertex -1.514009e+01 1.598831e+01 2.000000e+00
   vertex -1.514009e+01 1.598831e+01 2.400000e+00
  endloop
 endfacet
 facet normal -5.694174e-01 8.220486e-01 0.000000e+00
  outer loop
   vertex -1.514009e+01 1.598831e+01 2.400000e+00
   vertex -1.543999e+01 1.578057e+01 2.533333e+00
   vertex -1.514009e+01 1.598831e+01 2.800000e+00
  endloop
 endfacet
 facet normal -7.085491e-01 7.056615e-01 0.000000e+00
  outer loop
   vertex -1.486188e+01 1.622112e+01 2.400000e+00
   vertex -1.460622e+01 1.647782e+01 2.400000e+00
   vertex -1.460622e+01 1.647782e+01 2.000000e+00
  endloop
 endfacet
 facet normal -5.694174e-01 8.220486e-01 0.000000e+00
  outer loop
   vertex -1.543999e+01 1.578057e+01 2.266667e+00
   vertex -1.514009e+01 1.598831e+01 2.400000e+00
   vertex -1.514009e+01 1.598831e+01 2.000000e+00
  endloop
 endfacet
 facet normal -5.694174e-01 8.220486e-01 0.000000e+00
  outer loop
   vertex -1.543999e+01 1.578057e+01 3.066667e+00
   vertex -1.514009e+01 1.598831e+01 3.200000e+00
   vertex -1.514009e+01 1.598831e+01 2.800000e+00
  endloop
 endfacet
 facet normal -5.694174e-01 8.220486e-01 0.000000e+00
  outer loop
   vertex -1.514009e+01 1.598831e+01 3.200000e+00
   vertex -1.543999e+01 1.578057e+01 3.066667e+00
   vertex -1.543999e+01 1.578057e+01 3.333333e+00
  endloop
 endfacet
 facet normal -5.694174e-01 8.220486e-01 0.000000e+00
  outer loop
   vertex -1.514009e+01 1.598831e+01 3.200000e+00
   vertex -1.543999e+01 1.578057e+01 3.333333e+00
   vertex -1.514009e+01 1.598831e+01 3.600000e+00
  endloop
 endfacet
 facet normal -6.417513e-01 7.669128e-01 0.000000e+00
  outer loop
   vertex -1.514009e+01 1.598831e+01 3.600000e+00
   vertex -1.486188e+01 1.622112e+01 3.600000e+00
   vertex -1.486188e+01 1.622112e+01 3.200000e+00
  endloop
 endfacet
 facet normal -7.694945e-01 6.386535e-01 0.000000e+00
  outer loop
   vertex -1.460622e+01 1.647782e+01 2.400000e+00
   vertex -1.437484e+01 1.675661e+01 2.266667e+00
   vertex -1.460622e+01 1.647782e+01 2.000000e+00
  endloop
 endfacet
 facet normal -7.694945e-01 6.386535e-01 0.000000e+00
  outer loop
   vertex -1.460622e+01 1.647782e+01 2.800000e+00
   vertex -1.437484e+01 1.675661e+01 2.800000e+00
   vertex -1.437484e+01 1.675661e+01 2.533333e+00
  endloop
 endfacet
 facet normal -7.694945e-01 6.386535e-01 0.000000e+00
  outer loop
   vertex -1.460622e+01 1.647782e+01 2.400000e+00
   vertex -1.437484e+01 1.675661e+01 2.533333e+00
   vertex -1.437484e+01 1.675661e+01 2.266667e+00
  endloop
 endfacet
 facet normal -7.694945e-01 6.386535e-01 0.000000e+00
  outer loop
   vertex -1.437484e+01 1.675661e+01 2.800000e+00
   vertex -1.460622e+01 1.647782e+01 2.800000e+00
   vertex -1.437484e+01 1.675661e+01 3.066667e+00
  endloop
 endfacet
 facet normal -7.085491e-01 7.056615e-01 0.000000e+00
  outer loop
   vertex -1.486188e+01 1.622112e+01 3.600000e+00
   vertex -1.460622e+01 1.647782e+01 3.600000e+00
   vertex -1.460622e+01 1.647782e+01 3.200000e+00
  endloop
 endfacet
 facet normal -7.694945e-01 6.386535e-01 0.000000e+00
  outer loop
   vertex -1.460622e+01 1.647782e+01 3.600000e+00
   vertex -1.437484e+01 1.675661e+01 3.600000e+00
   vertex -1.437484e+01 1.675661e+01 3.333333e+00
  endloop
 endfacet
 facet normal -7.694945e-01 6.386535e-01 0.000000e+00
  outer loop
   vertex -1.437484e+01 1.675661e+01 3.066667e+00
   vertex -1.460622e+01 1.647782e+01 3.200000e+00
   vertex -1.437484e+01 1.675661e+01 3.333333e+00
  endloop
 endfacet
 facet normal 6.287966e-01 -7.775698e-01 0.000000e+00
  outer loop
   vertex -2.026771e+01 2.211832e+01 2.800000e+00
   vertex -2.026771e+01 2.211832e+01 2.400000e+00
   vertex -1.988378e+01 2.242879e+01 2.400000e+00
  endloop
 endfacet
 facet normal 6.287966e-01 -7.775698e-01 0.000000e+00
  outer loop
   vertex -2.026771e+01 2.211832e+01 3.200000e+00
   vertex -2.026771e+01 2.211832e+01 2.800000e+00
   vertex -1.988378e+01 2.242879e+01 2.800000e+00
  endloop
 endfacet
 facet normal 7.198059e-01 -6.941754e-01 0.000000e+00
  outer loop
   vertex -2.061046e+01 2.176291e+01 2.800000e+00
   vertex -2.061046e+01 2.176291e+01 2.400000e+00
   vertex -2.026771e+01 2.211832e+01 2.400000e+00
  endloop
 endfacet
 facet normal 7.198059e-01 -6.941754e-01 0.000000e+00
  outer loop
   vertex -2.061046e+01 2.176291e+01 3.200000e+00
   vertex -2.061046e+01 2.176291e+01 2.800000e+00
   vertex -2.026771e+01 2.211832e+01 2.800000e+00
  endloop
 endfacet
 facet normal 5.282092e-01 -8.491143e-01 0.000000e+00
  outer loop
   vertex -1.946452e+01 2.268960e+01 2.320000e+00
   vertex -1.988378e+01 2.242879e+01 2.400000e+00
   vertex -1.988378e+01 2.242879e+01 2.000000e+00
  endloop
 endfacet
 facet normal 6.287966e-01 -7.775698e-01 0.000000e+00
  outer loop
   vertex -2.026771e+01 2.211832e+01 2.000000e+00
   vertex -1.988378e+01 2.242879e+01 2.000000e+00
   vertex -1.988378e+01 2.242879e+01 2.400000e+00
  endloop
 endfacet
 facet normal 7.198059e-01 -6.941754e-01 0.000000e+00
  outer loop
   vertex -2.026771e+01 2.211832e+01 2.400000e+00
   vertex -2.061046e+01 2.176291e+01 2.400000e+00
   vertex -2.061046e+01 2.176291e+01 2.000000e+00
  endloop
 endfacet
 facet normal 5.282092e-01 -8.491143e-01 0.000000e+00
  outer loop
   vertex -1.946452e+01 2.268960e+01 2.640000e+00
   vertex -1.988378e+01 2.242879e+01 2.800000e+00
   vertex -1.988378e+01 2.242879e+01 2.400000e+00
  endloop
 endfacet
 facet normal 5.282092e-01 -8.491143e-01 0.000000e+00
  outer loop
   vertex -1.988378e+01 2.242879e+01 2.800000e+00
   vertex -1.946452e+01 2.268960e+01 2.640000e+00
   vertex -1.946452e+01 2.268960e+01 2.960000e+00
  endloop
 endfacet
 facet normal 5.282092e-01 -8.491143e-01 0.000000e+00
  outer loop
   vertex -1.988378e+01 2.242879e+01 3.200000e+00
   vertex -1.946452e+01 2.268960e+01 2.960000e+00
   vertex -1.946452e+01 2.268960e+01 3.280000e+00
  endloop
 endfacet
 facet normal 5.282092e-01 -8.491143e-01 0.000000e+00
  outer loop
   vertex -1.988378e+01 2.242879e+01 3.200000e+00
   vertex -1.946452e+01 2.268960e+01 3.280000e+00
   vertex -1.988378e+01 2.242879e+01 3.600000e+00
  endloop
 endfacet
 facet normal 6.287966e-01 -7.775698e-01 0.000000e+00
  outer loop
   vertex -1.988378e+01 2.242879e+01 3.600000e+00
   vertex -2.026771e+01 2.211832e+01 3.600000e+00
   vertex -2.026771e+01 2.211832e+01 3.200000e+00
  endloop
 endfacet
 facet normal 5.282092e-01 -8.491143e-01 0.000000e+00
  outer loop
   vertex -1.988378e+01 2.242879e+01 2.800000e+00
   vertex -1.946452e+01 2.268960e+01 2.960000e+00
   vertex -1.988378e+01 2.242879e+01 3.200000e+00
  endloop
 endfacet
 facet normal 7.998489e-01 -6.002015e-01 0.000000e+00
  outer loop
   vertex -2.061046e+01 2.176291e+01 2.400000e+00
   vertex -2.090681e+01 2.136798e+01 2.320000e+00
   vertex -2.061046e+01 2.176291e+01 2.000000e+00
  endloop
 endfacet
 facet normal 7.998489e-01 -6.002015e-01 0.000000e+00
  outer loop
   vertex -2.061046e+01 2.176291e+01 2.800000e+00
   vertex -2.090681e+01 2.136798e+01 2.640000e+00
   vertex -2.061046e+01 2.176291e+01 2.400000e+00
  endloop
 endfacet
 facet normal 7.998489e-01 -6.002015e-01 0.000000e+00
  outer loop
   vertex -2.090681e+01 2.136798e+01 2.960000e+00
   vertex -2.090681e+01 2.136798e+01 2.640000e+00
   vertex -2.061046e+01 2.176291e+01 2.800000e+00
  endloop
 endfacet
 facet normal 7.198059e-01 -6.941754e-01 0.000000e+00
  outer loop
   vertex -2.026771e+01 2.211832e+01 3.600000e+00
   vertex -2.061046e+01 2.176291e+01 3.600000e+00
   vertex -2.061046e+01 2.176291e+01 3.200000e+00
  endloop
 endfacet
 facet normal 7.998489e-01 -6.002015e-01 0.000000e+00
  outer loop
   vertex -2.061046e+01 2.176291e+01 3.600000e+00
   vertex -2.090681e+01 2.136798e+01 3.600000e+00
   vertex -2.090681e+01 2.136798e+01 3.280000e+00
  endloop
 endfacet
 facet normal 7.998489e-01 -6.002015e-01 0.000000e+00
  outer loop
   vertex -2.090681e+01 2.136798e+01 2.960000e+00
   vertex -2.061046e+01 2.176291e+01 2.800000e+00
   vertex -2.061046e+01 2.176291e+01 3.200000e+00
  endloop
 endfacet
 facet normal -3.672266e-01 9.301315e-01 0.000000e+00
  outer loop
   vertex -1.381281e+01 1.905305e+01 0.000000e+00
   vertex -1.418284e+01 1.890695e+01 0.000000e+00
   vertex -1.418284e+01 1.890695e+01 3.333333e-01
  endloop
 endfacet
 facet normal -3.672266e-01 9.301315e-01 0.000000e+00
  outer loop
   vertex -1.381281e+01 1.905305e+01 0.000000e+00
   vertex -1.418284e+01 1.890695e+01 3.333333e-01
   vertex -1.418284e+01 1.890695e+01 6.666667e-01
  endloop
 endfacet
 facet normal -5.101249e-01 8.601004e-01 0.000000e+00
  outer loop
   vertex -1.347063e+01 1.925599e+01 1.000000e+00
   vertex -1.347063e+01 1.925599e+01 0.000000e+00
   vertex -1.381281e+01 1.905305e+01 0.000000e+00
  endloop
 endfacet
 facet normal -6.401045e-01 7.682879e-01 0.000000e+00
  outer loop
   vertex -1.347063e+01 1.925599e+01 0.000000e+00
   vertex -1.347063e+01 1.925599e+01 1.000000e+00
   vertex -1.316498e+01 1.951065e+01 1.000000e+00
  endloop
 endfacet
 facet normal -3.672266e-01 9.301315e-01 0.000000e+00
  outer loop
   vertex -1.418284e+01 1.890695e+01 6.666667e-01
   vertex -1.418284e+01 1.890695e+01 1.000000e+00
   vertex -1.381281e+01 1.905305e+01 0.000000e+00
  endloop
 endfacet
 facet normal -3.672266e-01 9.301315e-01 0.000000e+00
  outer loop
   vertex -1.381281e+01 1.905305e+01 2.000000e+00
   vertex -1.418284e+01 1.890695e+01 1.333333e+00
   vertex -1.418284e+01 1.890695e+01 1.666667e+00
  endloop
 endfacet
 facet normal -3.672266e-01 9.301315e-01 0.000000e+00
  outer loop
   vertex -1.418284e+01 1.890695e+01 1.666667e+00
   vertex -1.418284e+01 1.890695e+01 2.000000e+00
   vertex -1.381281e+01 1.905305e+01 2.000000e+00
  endloop
 endfacet
 facet normal -3.672266e-01 9.301315e-01 0.000000e+00
  outer loop
   vertex -1.418284e+01 1.890695e+01 1.333333e+00
   vertex -1.381281e+01 1.905305e+01 2.000000e+00
   vertex -1.418284e+01 1.890695e+01 1.000000e+00
  endloop
 endfacet
 facet normal -6.401045e-01 7.682879e-01 0.000000e+00
  outer loop
   vertex -1.347063e+01 1.925599e+01 1.000000e+00
   vertex -1.347063e+01 1.925599e+01 2.000000e+00
   vertex -1.316498e+01 1.951065e+01 2.000000e+00
  endloop
 endfacet
 facet normal -7.538716e-01 6.570218e-01 0.000000e+00
  outer loop
   vertex -1.316498e+01 1.951065e+01 1.000000e+00
   vertex -1.316498e+01 1.951065e+01 2.000000e+00
   vertex -1.290359e+01 1.981057e+01 2.000000e+00
  endloop
 endfacet
 facet normal -5.101249e-01 8.601004e-01 0.000000e+00
  outer loop
   vertex -1.381281e+01 1.905305e+01 2.000000e+00
   vertex -1.347063e+01 1.925599e+01 2.000000e+00
   vertex -1.347063e+01 1.925599e+01 1.000000e+00
  endloop
 endfacet
 facet normal -4.398508e-01 8.975134e-01 3.163906e-02
  outer loop
   vertex -1.381281e+01 1.905305e+01 2.000000e+00
   vertex -1.347063e+01 1.925599e+01 1.000000e+00
   vertex -1.418284e+01 1.890695e+01 1.000000e+00
  endloop
 endfacet
 facet normal -7.538716e-01 6.570218e-01 0.000000e+00
  outer loop
   vertex -1.316498e+01 1.951065e+01 0.000000e+00
   vertex -1.316498e+01 1.951065e+01 1.000000e+00
   vertex -1.290359e+01 1.981057e+01 1.000000e+00
  endloop
 endfacet
 facet normal -8.485489e-01 5.291169e-01 0.000000e+00
  outer loop
   vertex -1.290359e+01 1.981057e+01 0.000000e+00
   vertex -1.290359e+01 1.981057e+01 1.000000e+00
   vertex -1.269309e+01 2.014815e+01 1.000000e+00
  endloop
 endfacet
 facet normal -8.485489e-01 5.291169e-01 0.000000e+00
  outer loop
   vertex -1.290359e+01 1.981057e+01 1.000000e+00
   vertex -1.290359e+01 1.981057e+01 2.000000e+00
   vertex -1.269309e+01 2.014815e+01 2.000000e+00
  endloop
 endfacet
 facet normal -9.217396e-01 3.878093e-01 0.000000e+00
  outer loop
   vertex -1.253880e+01 2.051485e+01 1.000000e+00
   vertex -1.253880e+01 2.051485e+01 0.000000e+00
   vertex -1.269309e+01 2.014815e+01 0.000000e+00
  endloop
 endfacet
 facet normal -9.715860e-01 2.366866e-01 0.000000e+00
  outer loop
   vertex -1.253880e+01 2.051485e+01 0.000000e+00
   vertex -1.253880e+01 2.051485e+01 1.000000e+00
   vertex -1.244464e+01 2.090138e+01 1.000000e+00
  endloop
 endfacet
 facet normal -9.968296e-01 7.956648e-02 0.000000e+00
  outer loop
   vertex -1.244464e+01 2.090138e+01 0.000000e+00
   vertex -1.241299e+01 2.129795e+01 6.666667e-01
   vertex -1.241299e+01 2.129795e+01 0.000000e+00
  endloop
 endfacet
 facet normal -9.968296e-01 7.956648e-02 0.000000e+00
  outer loop
   vertex -1.241299e+01 2.129795e+01 6.666667e-01
   vertex -1.244464e+01 2.090138e+01 0.000000e+00
   vertex -1.244464e+01 2.090138e+01 1.000000e+00
  endloop
 endfacet
 facet normal -9.217396e-01 3.878093e-01 0.000000e+00
  outer loop
   vertex -1.269309e+01 2.014815e+01 1.000000e+00
   vertex -1.269309e+01 2.014815e+01 2.000000e+00
   vertex -1.253880e+01 2.051485e+01 2.000000e+00
  endloop
 endfacet
 facet normal -9.715860e-01 2.366866e-01 0.000000e+00
  outer loop
   vertex -1.253880e+01 2.051485e+01 2.000000e+00
   vertex -1.244464e+01 2.090138e+01 2.000000e+00
   vertex -1.244464e+01 2.090138e+01 1.000000e+00
  endloop
 endfacet
 facet normal -9.968296e-01 7.956648e-02 0.000000e+00
  outer loop
   vertex -1.244464e+01 2.090138e+01 2.000000e+00
   vertex -1.241299e+01 2.129795e+01 2.000000e+00
   vertex -1.241299e+01 2.129795e+01 1.333333e+00
  endloop
 endfacet
 facet normal -9.968296e-01 7.956648e-02 0.000000e+00
  outer loop
   vertex -1.241299e+01 2.129795e+01 6.666667e-01
   vertex -1.244464e+01 2.090138e+01 1.000000e+00
   vertex -1.241299e+01 2.129795e+01 1.333333e+00
  endloop
 endfacet
 facet normal -5.627363e-01 8.266365e-01 0.000000e+00
  outer loop
   vertex -1.470920e+01 1.832729e+01 1.000000e+00
   vertex -1.470920e+01 1.832729e+01 5.000000e-01
   vertex -1.503383e+01 1.810630e+01 5.000000e-01
  endloop
 endfacet
 facet normal -5.627363e-01 8.266365e-01 0.000000e+00
  outer loop
   vertex -1.470920e+01 1.832729e+01 1.500000e+00
   vertex -1.470920e+01 1.832729e+01 1.000000e+00
   vertex -1.503383e+01 1.810630e+01 1.000000e+00
  endloop
 endfacet
 facet normal -6.852418e-01 7.283156e-01 0.000000e+00
  outer loop
   vertex -1.442319e+01 1.859638e+01 1.000000e+00
   vertex -1.442319e+01 1.859638e+01 5.000000e-01
   vertex -1.470920e+01 1.832729e+01 5.000000e-01
  endloop
 endfacet
 facet normal -6.852418e-01 7.283156e-01 0.000000e+00
  outer loop
   vertex -1.442319e+01 1.859638e+01 1.500000e+00
   vertex -1.442319e+01 1.859638e+01 1.000000e+00
   vertex -1.470920e+01 1.832729e+01 1.000000e+00
  endloop
 endfacet
 facet normal -4.120683e-01 9.111530e-01 0.000000e+00
  outer loop
   vertex -1.510269e+01 1.806837e+01 -4.399653e-15
   vertex -1.538905e+01 1.793887e+01 0.000000e+00
   vertex -1.538905e+01 1.793887e+01 3.333333e-01
  endloop
 endfacet
 facet normal -4.263473e-01 9.045595e-01 0.000000e+00
  outer loop
   vertex -1.503383e+01 1.810630e+01 5.000000e-01
   vertex -1.538905e+01 1.793887e+01 3.333333e-01
   vertex -1.538905e+01 1.793887e+01 6.666667e-01
  endloop
 endfacet
 facet normal -5.231163e-01 8.522291e-01 7.412068e-03
  outer loop
   vertex -1.503383e+01 1.810630e+01 5.000000e-01
   vertex -1.483485e+01 1.823278e+01 -3.134816e-15
   vertex -1.510269e+01 1.806837e+01 -4.399653e-15
  endloop
 endfacet
 facet normal -4.263473e-01 9.045595e-01 0.000000e+00
  outer loop
   vertex -1.503383e+01 1.810630e+01 5.000000e-01
   vertex -1.538905e+01 1.793887e+01 6.666667e-01
   vertex -1.503383e+01 1.810630e+01 1.000000e+00
  endloop
 endfacet
 facet normal -5.626745e-01 8.265456e-01 -1.482756e-02
  outer loop
   vertex -1.483485e+01 1.823278e+01 -3.134816e-15
   vertex -1.503383e+01 1.810630e+01 5.000000e-01
   vertex -1.470920e+01 1.832729e+01 5.000000e-01
  endloop
 endfacet
 facet normal -6.258938e-01 7.798457e-01 9.885499e-03
  outer loop
   vertex -1.470920e+01 1.832729e+01 5.000000e-01
   vertex -1.458974e+01 1.842950e+01 -3.167932e-15
   vertex -1.483485e+01 1.823278e+01 -3.134816e-15
  endloop
 endfacet
 facet normal -4.222535e-01 9.064159e-01 -1.059025e-02
  outer loop
   vertex -1.538905e+01 1.793887e+01 3.333333e-01
   vertex -1.503383e+01 1.810630e+01 5.000000e-01
   vertex -1.510269e+01 1.806837e+01 -4.399653e-15
  endloop
 endfacet
 facet normal -4.263473e-01 9.045595e-01 0.000000e+00
  outer loop
   vertex -1.538905e+01 1.793887e+01 1.333333e+00
   vertex -1.503383e+01 1.810630e+01 1.500000e+00
   vertex -1.503383e+01 1.810630e+01 1.000000e+00
  endloop
 endfacet
 facet normal -4.120683e-01 9.111530e-01 0.000000e+00
  outer loop
   vertex -1.510269e+01 1.806837e+01 2.000000e+00
   vertex -1.538905e+01 1.793887e+01 1.666667e+00
   vertex -1.538905e+01 1.793887e+01 2.000000e+00
  endloop
 endfacet
 facet normal -4.263473e-01 9.045595e-01 0.000000e+00
  outer loop
   vertex -1.538905e+01 1.793887e+01 1.666667e+00
   vertex -1.503383e+01 1.810630e+01 1.500000e+00
   vertex -1.538905e+01 1.793887e+01 1.333333e+00
  endloop
 endfacet
 facet normal -4.222535e-01 9.064159e-01 1.059025e-02
  outer loop
   vertex -1.538905e+01 1.793887e+01 1.666667e+00
   vertex -1.510269e+01 1.806837e+01 2.000000e+00
   vertex -1.503383e+01 1.810630e+01 1.500000e+00
  endloop
 endfacet
 facet normal -5.626745e-01 8.265456e-01 1.482756e-02
  outer loop
   vertex -1.483485e+01 1.823278e+01 2.000000e+00
   vertex -1.470920e+01 1.832729e+01 1.500000e+00
   vertex -1.503383e+01 1.810630e+01 1.500000e+00
  endloop
 endfacet
 facet normal -6.851665e-01 7.282356e-01 -1.482606e-02
  outer loop
   vertex -1.458974e+01 1.842950e+01 -3.167932e-15
   vertex -1.470920e+01 1.832729e+01 5.000000e-01
   vertex -1.442319e+01 1.859638e+01 5.000000e-01
  endloop
 endfacet
 facet normal -7.935393e-01 6.084269e-01 -1.058776e-02
  outer loop
   vertex -1.418284e+01 1.890695e+01 3.333333e-01
   vertex -1.437126e+01 1.865541e+01 -4.498478e-15
   vertex -1.442319e+01 1.859638e+01 5.000000e-01
  endloop
 endfacet
 facet normal -8.003669e-01 5.995105e-01 0.000000e+00
  outer loop
   vertex -1.437126e+01 1.865541e+01 -4.498478e-15
   vertex -1.418284e+01 1.890695e+01 3.333333e-01
   vertex -1.418284e+01 1.890695e+01 0.000000e+00
  endloop
 endfacet
 facet normal -7.908415e-01 6.120210e-01 0.000000e+00
  outer loop
   vertex -1.442319e+01 1.859638e+01 1.000000e+00
   vertex -1.418284e+01 1.890695e+01 1.000000e+00
   vertex -1.418284e+01 1.890695e+01 6.666667e-01
  endloop
 endfacet
 facet normal -7.908415e-01 6.120210e-01 0.000000e+00
  outer loop
   vertex -1.442319e+01 1.859638e+01 5.000000e-01
   vertex -1.418284e+01 1.890695e+01 6.666667e-01
   vertex -1.418284e+01 1.890695e+01 3.333333e-01
  endloop
 endfacet
 facet normal -7.188045e-01 6.951727e-01 -7.414615e-03
  outer loop
   vertex -1.437126e+01 1.865541e+01 2.000000e+00
   vertex -1.442319e+01 1.859638e+01 1.500000e+00
   vertex -1.458974e+01 1.842950e+01 2.000000e+00
  endloop
 endfacet
 facet normal -7.908415e-01 6.120210e-01 0.000000e+00
  outer loop
   vertex -1.442319e+01 1.859638e+01 1.500000e+00
   vertex -1.418284e+01 1.890695e+01 1.333333e+00
   vertex -1.442319e+01 1.859638e+01 1.000000e+00
  endloop
 endfacet
 facet normal -6.258938e-01 7.798457e-01 -9.885499e-03
  outer loop
   vertex -1.483485e+01 1.823278e+01 2.000000e+00
   vertex -1.458974e+01 1.842950e+01 2.000000e+00
   vertex -1.470920e+01 1.832729e+01 1.500000e+00
  endloop
 endfacet
 facet normal -7.935393e-01 6.084269e-01 1.058776e-02
  outer loop
   vertex -1.442319e+01 1.859638e+01 1.500000e+00
   vertex -1.437126e+01 1.865541e+01 2.000000e+00
   vertex -1.418284e+01 1.890695e+01 1.666667e+00
  endloop
 endfacet
 facet normal -8.003669e-01 5.995105e-01 0.000000e+00
  outer loop
   vertex -1.418284e+01 1.890695e+01 1.666667e+00
   vertex -1.437126e+01 1.865541e+01 2.000000e+00
   vertex -1.418284e+01 1.890695e+01 2.000000e+00
  endloop
 endfacet
 facet normal -7.908415e-01 6.120210e-01 0.000000e+00
  outer loop
   vertex -1.418284e+01 1.890695e+01 1.333333e+00
   vertex -1.442319e+01 1.859638e+01 1.500000e+00
   vertex -1.418284e+01 1.890695e+01 1.666667e+00
  endloop
 endfacet
 facet normal 0.000000e+00 0.000000e+00 1.000000e+00
  outer loop
   vertex -2.001762e+01 2.168604e+01 2.000000e+00
   vertex -2.018084e+01 2.113529e+01 2.000000e+00
   vertex -1.964659e+01 2.055429e+01 2.000000e+00
  endloop
 endfacet
 facet normal 0.000000e+00 0.000000e+00 1.000000e+00
  outer loop
   vertex -1.918998e+01 2.106936e+01 2.000000e+00
   vertex -1.977719e+01 2.220773e+01 2.000000e+00
   vertex -1.943609e+01 2.082762e+01 2.000000e+00
  endloop
 endfacet
 facet normal 0.000000e+00 0.000000e+00 1.000000e+00
  outer loop
   vertex -1.946452e+01 2.268960e+01 2.000000e+00
   vertex -1.977719e+01 2.220773e+01 2.000000e+00
   vertex -1.887497e+01 2.184810e+01 2.000000e+00
  endloop
 endfacet
 facet normal -0.000000e+00 0.000000e+00 1.000000e+00
  outer loop
   vertex -2.001762e+01 2.168604e+01 2.000000e+00
   vertex -1.943609e+01 2.082762e+01 2.000000e+00
   vertex -1.977719e+01 2.220773e+01 2.000000e+00
  endloop
 endfacet
 facet normal 0.000000e+00 0.000000e+00 1.000000e+00
  outer loop
   vertex -1.943609e+01 2.082762e+01 2.000000e+00
   vertex -2.001762e+01 2.168604e+01 2.000000e+00
   vertex -1.964659e+01 2.055429e+01 2.000000e+00
  endloop
 endfacet
 facet normal 0.000000e+00 0.000000e+00 1.000000e+00
  outer loop
   vertex -2.004747e+01 2.013508e+01 2.000000e+00
   vertex -2.026350e+01 2.056684e+01 2.000000e+00
   vertex -2.026387e+01 1.999241e+01 2.000000e+00
  endloop
 endfacet
 facet normal 0.000000e+00 -0.000000e+00 1.000000e+00
  outer loop
   vertex -2.004747e+01 2.013508e+01 2.000000e+00
   vertex -1.981745e+01 2.025458e+01 2.000000e+00
   vertex -2.026350e+01 2.056684e+01 2.000000e+00
  endloop
 endfacet
 facet normal 0.000000e+00 0.000000e+00 1.000000e+00
  outer loop
   vertex -1.981745e+01 2.025458e+01 2.000000e+00
   vertex -2.018084e+01 2.113529e+01 2.000000e+00
   vertex -2.026350e+01 2.056684e+01 2.000000e+00
  endloop
 endfacet
 facet normal 0.000000e+00 -0.000000e+00 1.000000e+00
  outer loop
   vertex -1.981745e+01 2.025458e+01 2.000000e+00
   vertex -1.964659e+01 2.055429e+01 2.000000e+00
   vertex -2.018084e+01 2.113529e+01 2.000000e+00
  endloop
 endfacet
 facet normal 0.000000e+00 0.000000e+00 1.000000e+00
  outer loop
   vertex -1.882790e+01 2.335557e+01 2.000000e+00
   vertex -1.916545e+01 2.304098e+01 2.000000e+00
   vertex -1.875532e+01 2.240993e+01 2.000000e+00
  endloop
 endfacet
 facet normal 0.000000e+00 -0.000000e+00 1.000000e+00
  outer loop
   vertex -1.828239e+01 2.345367e+01 2.000000e+00
   vertex -1.793887e+01 2.391406e+01 2.000000e+00
   vertex -1.845638e+01 2.362920e+01 2.000000e+00
  endloop
 endfacet
 facet normal 0.000000e+00 -0.000000e+00 1.000000e+00
  outer loop
   vertex -1.855643e+01 2.294882e+01 2.000000e+00
   vertex -1.845638e+01 2.362920e+01 2.000000e+00
   vertex -1.882790e+01 2.335557e+01 2.000000e+00
  endloop
 endfacet
 facet normal 0.000000e+00 0.000000e+00 1.000000e+00
  outer loop
   vertex -1.845638e+01 2.362920e+01 2.000000e+00
   vertex -1.855643e+01 2.294882e+01 2.000000e+00
   vertex -1.828239e+01 2.345367e+01 2.000000e+00
  endloop
 endfacet
 facet normal 0.000000e+00 0.000000e+00 1.000000e+00
  outer loop
   vertex -1.887497e+01 2.184810e+01 2.000000e+00
   vertex -1.918998e+01 2.106936e+01 2.000000e+00
   vertex -1.891292e+01 2.127493e+01 2.000000e+00
  endloop
 endfacet
 facet normal 0.000000e+00 0.000000e+00 1.000000e+00
  outer loop
   vertex -1.887497e+01 2.184810e+01 2.000000e+00
   vertex -1.977719e+01 2.220773e+01 2.000000e+00
   vertex -1.918998e+01 2.106936e+01 2.000000e+00
  endloop
 endfacet
 facet normal 0.000000e+00 0.000000e+00 1.000000e+00
  outer loop
   vertex -1.882790e+01 2.335557e+01 2.000000e+00
   vertex -1.875532e+01 2.240993e+01 2.000000e+00
   vertex -1.855643e+01 2.294882e+01 2.000000e+00
  endloop
 endfacet
 facet normal 0.000000e+00 0.000000e+00 1.000000e+00
  outer loop
   vertex -1.946452e+01 2.268960e+01 2.000000e+00
   vertex -1.887497e+01 2.184810e+01 2.000000e+00
   vertex -1.875532e+01 2.240993e+01 2.000000e+00
  endloop
 endfacet
 facet normal 0.000000e+00 0.000000e+00 1.000000e+00
  outer loop
   vertex -1.875532e+01 2.240993e+01 2.000000e+00
   vertex -1.916545e+01 2.304098e+01 2.000000e+00
   vertex -1.946452e+01 2.268960e+01 2.000000e+00
  endloop
 endfacet
 facet normal 0.000000e+00 0.000000e+00 1.000000e+00
  outer loop
   vertex -1.495742e+01 1.649988e+01 2.000000e+00
   vertex -1.652936e+01 1.689397e+01 2.000000e+00
   vertex -1.666681e+01 1.664584e+01 2.000000e+00
  endloop
 endfacet
 facet normal -0.000000e+00 0.000000e+00 1.000000e+00
  outer loop
   vertex -1.602337e+01 1.720139e+01 2.000000e+00
   vertex -1.626723e+01 1.703265e+01 2.000000e+00
   vertex -1.515533e+01 1.730530e+01 2.000000e+00
  endloop
 endfacet
 facet normal -0.000000e+00 0.000000e+00 1.000000e+00
  outer loop
   vertex -1.652936e+01 1.689397e+01 2.000000e+00
   vertex -1.495742e+01 1.649988e+01 2.000000e+00
   vertex -1.626723e+01 1.703265e+01 2.000000e+00
  endloop
 endfacet
 facet normal 0.000000e+00 0.000000e+00 1.000000e+00
  outer loop
   vertex -1.620703e+01 1.627756e+01 2.000000e+00
   vertex -1.683147e+01 1.641488e+01 2.000000e+00
   vertex -1.684241e+01 1.631759e+01 2.000000e+00
  endloop
 endfacet
 facet normal -0.000000e+00 0.000000e+00 1.000000e+00
  outer loop
   vertex -1.683147e+01 1.641488e+01 2.000000e+00
   vertex -1.620703e+01 1.627756e+01 2.000000e+00
   vertex -1.666681e+01 1.664584e+01 2.000000e+00
  endloop
 endfacet
 facet normal 0.000000e+00 0.000000e+00 1.000000e+00
  outer loop
   vertex -1.666681e+01 1.664584e+01 2.000000e+00
   vertex -1.620703e+01 1.627756e+01 2.000000e+00
   vertex -1.557335e+01 1.633884e+01 2.000000e+00
  endloop
 endfacet
 facet normal 0.000000e+00 0.000000e+00 1.000000e+00
  outer loop
   vertex -1.515533e+01 1.730530e+01 2.000000e+00
   vertex -1.580121e+01 1.739782e+01 2.000000e+00
   vertex -1.602337e+01 1.720139e+01 2.000000e+00
  endloop
 endfacet
 facet normal 0.000000e+00 0.000000e+00 1.000000e+00
  outer loop
   vertex -1.386157e+01 1.743861e+01 2.000000e+00
   vertex -1.450300e+01 1.731902e+01 2.000000e+00
   vertex -1.391990e+01 1.704309e+01 2.000000e+00
  endloop
 endfacet
 facet normal -0.000000e+00 0.000000e+00 1.000000e+00
  outer loop
   vertex -1.386157e+01 1.743861e+01 2.000000e+00
   vertex -1.350748e+01 1.738799e+01 2.000000e+00
   vertex -1.324813e+01 1.766089e+01 2.000000e+00
  endloop
 endfacet
 facet normal 0.000000e+00 0.000000e+00 1.000000e+00
  outer loop
   vertex -1.350748e+01 1.738799e+01 2.000000e+00
   vertex -1.386157e+01 1.743861e+01 2.000000e+00
   vertex -1.391990e+01 1.704309e+01 2.000000e+00
  endloop
 endfacet
 facet normal 0.000000e+00 -0.000000e+00 1.000000e+00
  outer loop
   vertex -1.557335e+01 1.633884e+01 2.000000e+00
   vertex -1.495742e+01 1.649988e+01 2.000000e+00
   vertex -1.666681e+01 1.664584e+01 2.000000e+00
  endloop
 endfacet
 facet normal 0.000000e+00 0.000000e+00 1.000000e+00
  outer loop
   vertex -1.437484e+01 1.675661e+01 2.000000e+00
   vertex -1.515533e+01 1.730530e+01 2.000000e+00
   vertex -1.626723e+01 1.703265e+01 2.000000e+00
  endloop
 endfacet
 facet normal 0.000000e+00 0.000000e+00 1.000000e+00
  outer loop
   vertex -1.626723e+01 1.703265e+01 2.000000e+00
   vertex -1.495742e+01 1.649988e+01 2.000000e+00
   vertex -1.437484e+01 1.675661e+01 2.000000e+00
  endloop
 endfacet
 facet normal 0.000000e+00 0.000000e+00 1.000000e+00
  outer loop
   vertex -1.437484e+01 1.675661e+01 2.000000e+00
   vertex -1.450300e+01 1.731902e+01 2.000000e+00
   vertex -1.515533e+01 1.730530e+01 2.000000e+00
  endloop
 endfacet
 facet normal 0.000000e+00 -0.000000e+00 1.000000e+00
  outer loop
   vertex -1.437484e+01 1.675661e+01 2.000000e+00
   vertex -1.391990e+01 1.704309e+01 2.000000e+00
   vertex -1.450300e+01 1.731902e+01 2.000000e+00
  endloop
 endfacet
 facet normal 5.491373e-01 -8.357322e-01 0.000000e+00
  outer loop
   vertex -1.783882e+01 2.222671e+01 1.000000e+00
   vertex -1.783882e+01 2.222671e+01 5.000000e-01
   vertex -1.744251e+01 2.248711e+01 5.000000e-01
  endloop
 endfacet
 facet normal 5.491373e-01 -8.357322e-01 0.000000e+00
  outer loop
   vertex -1.783882e+01 2.222671e+01 1.500000e+00
   vertex -1.783882e+01 2.222671e+01 1.000000e+00
   vertex -1.744251e+01 2.248711e+01 1.000000e+00
  endloop
 endfacet
 facet normal 6.970675e-01 -7.170055e-01 0.000000e+00
  outer loop
   vertex -1.817883e+01 2.189615e+01 1.000000e+00
   vertex -1.817883e+01 2.189615e+01 5.000000e-01
   vertex -1.783882e+01 2.222671e+01 5.000000e-01
  endloop
 endfacet
 facet normal 6.970675e-01 -7.170055e-01 0.000000e+00
  outer loop
   vertex -1.817883e+01 2.189615e+01 1.500000e+00
   vertex -1.817883e+01 2.189615e+01 1.000000e+00
   vertex -1.783882e+01 2.222671e+01 1.000000e+00
  endloop
 endfacet
 facet normal 3.519940e-01 -9.360023e-01 0.000000e+00
  outer loop
   vertex -1.700415e+01 2.266800e+01 3.333333e-01
   vertex -1.730031e+01 2.255663e+01 9.684297e-15
   vertex -1.700415e+01 2.266800e+01 0.000000e+00
  endloop
 endfacet
 facet normal 3.814478e-01 -9.243904e-01 0.000000e+00
  outer loop
   vertex -1.700415e+01 2.266800e+01 3.333333e-01
   vertex -1.700415e+01 2.266800e+01 6.666667e-01
   vertex -1.744251e+01 2.248711e+01 5.000000e-01
  endloop
 endfacet
 facet normal 3.740200e-01 -9.271470e-01 -2.252793e-02
  outer loop
   vertex -1.744251e+01 2.248711e+01 5.000000e-01
   vertex -1.730031e+01 2.255663e+01 9.684297e-15
   vertex -1.700415e+01 2.266800e+01 3.333333e-01
  endloop
 endfacet
 facet normal 5.753187e-01 -8.179293e-01 0.000000e+00
  outer loop
   vertex -1.783882e+01 2.222671e+01 5.000000e-01
   vertex -1.783882e+01 2.222671e+01 1.162092e-14
   vertex -1.758002e+01 2.240874e+01 1.119754e-14
  endloop
 endfacet
 facet normal 4.673756e-01 -8.840021e-01 1.002044e-02
  outer loop
   vertex -1.730031e+01 2.255663e+01 9.684297e-15
   vertex -1.744251e+01 2.248711e+01 5.000000e-01
   vertex -1.758002e+01 2.240874e+01 1.119754e-14
  endloop
 endfacet
 facet normal 3.814478e-01 -9.243904e-01 0.000000e+00
  outer loop
   vertex -1.744251e+01 2.248711e+01 5.000000e-01
   vertex -1.700415e+01 2.266800e+01 6.666667e-01
   vertex -1.744251e+01 2.248711e+01 1.000000e+00
  endloop
 endfacet
 facet normal 3.814478e-01 -9.243904e-01 0.000000e+00
  outer loop
   vertex -1.700415e+01 2.266800e+01 1.333333e+00
   vertex -1.744251e+01 2.248711e+01 1.500000e+00
   vertex -1.744251e+01 2.248711e+01 1.000000e+00
  endloop
 endfacet
 facet normal 3.519940e-01 -9.360023e-01 0.000000e+00
  outer loop
   vertex -1.730031e+01 2.255663e+01 2.000000e+00
   vertex -1.700415e+01 2.266800e+01 1.666667e+00
   vertex -1.700415e+01 2.266800e+01 2.000000e+00
  endloop
 endfacet
 facet normal 3.814478e-01 -9.243904e-01 0.000000e+00
  outer loop
   vertex -1.700415e+01 2.266800e+01 1.666667e+00
   vertex -1.744251e+01 2.248711e+01 1.500000e+00
   vertex -1.700415e+01 2.266800e+01 1.333333e+00
  endloop
 endfacet
 facet normal 4.673756e-01 -8.840021e-01 -1.002044e-02
  outer loop
   vertex -1.758002e+01 2.240874e+01 2.000000e+00
   vertex -1.744251e+01 2.248711e+01 1.500000e+00
   vertex -1.730031e+01 2.255663e+01 2.000000e+00
  endloop
 endfacet
 facet normal 3.740200e-01 -9.271470e-01 2.252793e-02
  outer loop
   vertex -1.700415e+01 2.266800e+01 1.666667e+00
   vertex -1.730031e+01 2.255663e+01 2.000000e+00
   vertex -1.744251e+01 2.248711e+01 1.500000e+00
  endloop
 endfacet
 facet normal 5.753187e-01 -8.179293e-01 0.000000e+00
  outer loop
   vertex -1.783882e+01 2.222671e+01 2.000000e+00
   vertex -1.783882e+01 2.222671e+01 1.500000e+00
   vertex -1.758002e+01 2.240874e+01 2.000000e+00
  endloop
 endfacet
 facet normal 6.969277e-01 -7.168617e-01 -2.002677e-02
  outer loop
   vertex -1.817883e+01 2.189615e+01 5.000000e-01
   vertex -1.807255e+01 2.201344e+01 1.094765e-14
   vertex -1.783882e+01 2.222671e+01 5.000000e-01
  endloop
 endfacet
 facet normal 8.199191e-01 -5.724793e-01 0.000000e+00
  outer loop
   vertex -1.817883e+01 2.189615e+01 1.000000e+00
   vertex -1.845030e+01 2.150734e+01 1.000000e+00
   vertex -1.845030e+01 2.150734e+01 6.666667e-01
  endloop
 endfacet
 facet normal 7.618863e-01 -6.476332e-01 1.002069e-02
  outer loop
   vertex -1.817883e+01 2.189615e+01 5.000000e-01
   vertex -1.827747e+01 2.177237e+01 9.188519e-15
   vertex -1.807255e+01 2.201344e+01 1.094765e-14
  endloop
 endfacet
 facet normal 8.376323e-01 -5.462345e-01 0.000000e+00
  outer loop
   vertex -1.845030e+01 2.150734e+01 3.333333e-01
   vertex -1.845030e+01 2.150734e+01 0.000000e+00
   vertex -1.827747e+01 2.177237e+01 9.188519e-15
  endloop
 endfacet
 facet normal 8.199191e-01 -5.724793e-01 0.000000e+00
  outer loop
   vertex -1.845030e+01 2.150734e+01 3.333333e-01
   vertex -1.817883e+01 2.189615e+01 5.000000e-01
   vertex -1.845030e+01 2.150734e+01 6.666667e-01
  endloop
 endfacet
 facet normal 8.242185e-01 -5.658236e-01 -2.253003e-02
  outer loop
   vertex -1.827747e+01 2.177237e+01 9.188519e-15
   vertex -1.817883e+01 2.189615e+01 5.000000e-01
   vertex -1.845030e+01 2.150734e+01 3.333333e-01
  endloop
 endfacet
 facet normal 6.740222e-01 -7.387111e-01 0.000000e+00
  outer loop
   vertex -1.783882e+01 2.222671e+01 1.500000e+00
   vertex -1.783882e+01 2.222671e+01 2.000000e+00
   vertex -1.807255e+01 2.201344e+01 2.000000e+00
  endloop
 endfacet
 facet normal 7.618863e-01 -6.476332e-01 -1.002069e-02
  outer loop
   vertex -1.817883e+01 2.189615e+01 1.500000e+00
   vertex -1.807255e+01 2.201344e+01 2.000000e+00
   vertex -1.827747e+01 2.177237e+01 2.000000e+00
  endloop
 endfacet
 facet normal 8.242185e-01 -5.658236e-01 2.253003e-02
  outer loop
   vertex -1.827747e+01 2.177237e+01 2.000000e+00
   vertex -1.845030e+01 2.150734e+01 1.666667e+00
   vertex -1.817883e+01 2.189615e+01 1.500000e+00
  endloop
 endfacet
 facet normal 8.199191e-01 -5.724793e-01 0.000000e+00
  outer loop
   vertex -1.817883e+01 2.189615e+01 1.500000e+00
   vertex -1.845030e+01 2.150734e+01 1.333333e+00
   vertex -1.817883e+01 2.189615e+01 1.000000e+00
  endloop
 endfacet
 facet normal 8.376323e-01 -5.462345e-01 0.000000e+00
  outer loop
   vertex -1.827747e+01 2.177237e+01 2.000000e+00
   vertex -1.845030e+01 2.150734e+01 2.000000e+00
   vertex -1.845030e+01 2.150734e+01 1.666667e+00
  endloop
 endfacet
 facet normal 8.199191e-01 -5.724793e-01 0.000000e+00
  outer loop
   vertex -1.817883e+01 2.189615e+01 1.500000e+00
   vertex -1.845030e+01 2.150734e+01 1.666667e+00
   vertex -1.845030e+01 2.150734e+01 1.333333e+00
  endloop
 endfacet
 facet normal -9.951848e-01 -9.801670e-02 -0.000000e+00
  outer loop
   vertex -1.091299e+01 2.129795e+01 2.433333e+00
   vertex -1.098985e+01 2.207831e+01 2.000000e+00
   vertex -1.091299e+01 2.129795e+01 2.000000e+00
  endloop
 endfacet
 facet normal -9.951848e-01 -9.801670e-02 0.000000e+00
  outer loop
   vertex -1.091299e+01 2.129795e+01 2.433333e+00
   vertex -1.098985e+01 2.207831e+01 2.650000e+00
   vertex -1.098985e+01 2.207831e+01 2.000000e+00
  endloop
 endfacet
 facet normal -9.569405e-01 -2.902842e-01 0.000000e+00
  outer loop
   vertex -1.121747e+01 2.282869e+01 2.000000e+00
   vertex -1.098985e+01 2.207831e+01 2.000000e+00
   vertex -1.098985e+01 2.207831e+01 2.650000e+00
  endloop
 endfacet
 facet normal -9.174877e-01 -3.800358e-01 -1.174271e-01
  outer loop
   vertex -1.158711e+01 2.352023e+01 2.650000e+00
   vertex -1.121747e+01 2.282869e+01 2.000000e+00
   vertex -1.098985e+01 2.207831e+01 2.650000e+00
  endloop
 endfacet
 facet normal -9.951848e-01 -9.801670e-02 -0.000000e+00
  outer loop
   vertex -1.091299e+01 2.129795e+01 2.866667e+00
   vertex -1.098985e+01 2.207831e+01 2.650000e+00
   vertex -1.091299e+01 2.129795e+01 2.433333e+00
  endloop
 endfacet
 facet normal -7.730110e-01 -6.343926e-01 0.000000e+00
  outer loop
   vertex -1.158711e+01 2.352023e+01 2.650000e+00
   vertex -1.208456e+01 2.412638e+01 2.650000e+00
   vertex -1.208456e+01 2.412638e+01 2.000000e+00
  endloop
 endfacet
 facet normal -4.713973e-01 -8.819210e-01 0.000000e+00
  outer loop
   vertex -1.338225e+01 2.499347e+01 2.000000e+00
   vertex -1.269071e+01 2.462383e+01 2.000000e+00
   vertex -1.269071e+01 2.462383e+01 2.650000e+00
  endloop
 endfacet
 facet normal -6.343924e-01 -7.730112e-01 0.000000e+00
  outer loop
   vertex -1.269071e+01 2.462383e+01 2.000000e+00
   vertex -1.208456e+01 2.412638e+01 2.000000e+00
   vertex -1.208456e+01 2.412638e+01 2.650000e+00
  endloop
 endfacet
 facet normal -2.902845e-01 -9.569404e-01 0.000000e+00
  outer loop
   vertex -1.338225e+01 2.499347e+01 2.650000e+00
   vertex -1.413263e+01 2.522109e+01 2.650000e+00
   vertex -1.413263e+01 2.522109e+01 2.000000e+00
  endloop
 endfacet
 facet normal -8.819209e-01 -4.713974e-01 0.000000e+00
  outer loop
   vertex -1.121747e+01 2.282869e+01 2.000000e+00
   vertex -1.158711e+01 2.352023e+01 2.650000e+00
   vertex -1.158711e+01 2.352023e+01 2.000000e+00
  endloop
 endfacet
 facet normal -9.174877e-01 -3.800358e-01 1.174271e-01
  outer loop
   vertex -1.121747e+01 2.282869e+01 3.300000e+00
   vertex -1.158711e+01 2.352023e+01 2.650000e+00
   vertex -1.098985e+01 2.207831e+01 2.650000e+00
  endloop
 endfacet
 facet normal -9.951848e-01 -9.801670e-02 -0.000000e+00
  outer loop
   vertex -1.091299e+01 2.129795e+01 3.300000e+00
   vertex -1.098985e+01 2.207831e+01 3.300000e+00
   vertex -1.091299e+01 2.129795e+01 2.866667e+00
  endloop
 endfacet
 facet normal -8.819209e-01 -4.713974e-01 0.000000e+00
  outer loop
   vertex -1.158711e+01 2.352023e+01 2.650000e+00
   vertex -1.121747e+01 2.282869e+01 3.300000e+00
   vertex -1.158711e+01 2.352023e+01 3.300000e+00
  endloop
 endfacet
 facet normal -9.569405e-01 -2.902842e-01 -0.000000e+00
  outer loop
   vertex -1.098985e+01 2.207831e+01 3.300000e+00
   vertex -1.121747e+01 2.282869e+01 3.300000e+00
   vertex -1.098985e+01 2.207831e+01 2.650000e+00
  endloop
 endfacet
 facet normal -6.343924e-01 -7.730112e-01 0.000000e+00
  outer loop
   vertex -1.269071e+01 2.462383e+01 2.650000e+00
   vertex -1.208456e+01 2.412638e+01 2.650000e+00
   vertex -1.208456e+01 2.412638e+01 3.300000e+00
  endloop
 endfacet
 facet normal -4.713973e-01 -8.819210e-01 0.000000e+00
  outer loop
   vertex -1.338225e+01 2.499347e+01 2.650000e+00
   vertex -1.269071e+01 2.462383e+01 2.650000e+00
   vertex -1.269071e+01 2.462383e+01 3.300000e+00
  endloop
 endfacet
 facet normal -2.902845e-01 -9.569404e-01 0.000000e+00
  outer loop
   vertex -1.338225e+01 2.499347e+01 3.300000e+00
   vertex -1.413263e+01 2.522109e+01 3.300000e+00
   vertex -1.413263e+01 2.522109e+01 2.650000e+00
  endloop
 endfacet
 facet normal -7.730110e-01 -6.343926e-01 0.000000e+00
  outer loop
   vertex -1.208456e+01 2.412638e+01 2.650000e+00
   vertex -1.158711e+01 2.352023e+01 2.650000e+00
   vertex -1.158711e+01 2.352023e+01 3.300000e+00
  endloop
 endfacet
 facet normal 1.070312e-01 -9.942557e-01 0.000000e+00
  outer loop
   vertex -1.576433e+01 2.520631e+01 2.000000e+00
   vertex -1.491299e+01 2.529795e+01 2.000000e+00
   vertex -1.491299e+01 2.529795e+01 2.650000e+00
  endloop
 endfacet
 facet normal -9.801670e-02 -9.951848e-01 0.000000e+00
  outer loop
   vertex -1.491299e+01 2.529795e+01 2.650000e+00
   vertex -1.413263e+01 2.522109e+01 2.650000e+00
   vertex -1.413263e+01 2.522109e+01 3.300000e+00
  endloop
 endfacet
 facet normal -9.801670e-02 -9.951848e-01 0.000000e+00
  outer loop
   vertex -1.491299e+01 2.529795e+01 2.000000e+00
   vertex -1.413263e+01 2.522109e+01 2.000000e+00
   vertex -1.413263e+01 2.522109e+01 2.650000e+00
  endloop
 endfacet
 facet normal 1.070312e-01 -9.942557e-01 0.000000e+00
  outer loop
   vertex -1.576433e+01 2.520631e+01 2.650000e+00
   vertex -1.491299e+01 2.529795e+01 2.650000e+00
   vertex -1.491299e+01 2.529795e+01 3.300000e+00
  endloop
 endfacet
 facet normal 3.161923e-01 -9.486951e-01 0.000000e+00
  outer loop
   vertex -1.576433e+01 2.520631e+01 2.650000e+00
   vertex -1.657665e+01 2.493556e+01 2.650000e+00
   vertex -1.657665e+01 2.493556e+01 2.000000e+00
  endloop
 endfacet
 facet normal 4.640564e-01 -8.858057e-01 0.000000e+00
  outer loop
   vertex -1.695644e+01 2.473660e+01 2.000000e+00
   vertex -1.657665e+01 2.493556e+01 2.000000e+00
   vertex -1.657665e+01 2.493556e+01 2.650000e+00
  endloop
 endfacet
 facet normal 5.562002e-01 -8.310483e-01 0.000000e+00
  outer loop
   vertex -1.731275e+01 2.449813e+01 2.000000e+00
   vertex -1.695644e+01 2.473660e+01 2.000000e+00
   vertex -1.695644e+01 2.473660e+01 2.650000e+00
  endloop
 endfacet
 facet normal 7.203312e-01 -6.936302e-01 0.000000e+00
  outer loop
   vertex -1.793887e+01 2.391406e+01 2.433333e+00
   vertex -1.793887e+01 2.391406e+01 2.000000e+00
   vertex -1.764148e+01 2.422290e+01 2.000000e+00
  endloop
 endfacet
 facet normal 6.419562e-01 -7.667413e-01 0.000000e+00
  outer loop
   vertex -1.731275e+01 2.449813e+01 2.650000e+00
   vertex -1.764148e+01 2.422290e+01 2.000000e+00
   vertex -1.731275e+01 2.449813e+01 2.000000e+00
  endloop
 endfacet
 facet normal 6.893131e-01 -7.232230e-01 -4.237814e-02
  outer loop
   vertex -1.731275e+01 2.449813e+01 2.650000e+00
   vertex -1.793887e+01 2.391406e+01 2.433333e+00
   vertex -1.764148e+01 2.422290e+01 2.000000e+00
  endloop
 endfacet
 facet normal 3.161923e-01 -9.486951e-01 0.000000e+00
  outer loop
   vertex -1.576433e+01 2.520631e+01 3.300000e+00
   vertex -1.657665e+01 2.493556e+01 3.300000e+00
   vertex -1.657665e+01 2.493556e+01 2.650000e+00
  endloop
 endfacet
 facet normal 4.640564e-01 -8.858057e-01 0.000000e+00
  outer loop
   vertex -1.657665e+01 2.493556e+01 3.300000e+00
   vertex -1.695644e+01 2.473660e+01 3.300000e+00
   vertex -1.695644e+01 2.473660e+01 2.650000e+00
  endloop
 endfacet
 facet normal 6.687234e-01 -7.407254e-01 6.430388e-02
  outer loop
   vertex -1.731275e+01 2.449813e+01 2.650000e+00
   vertex -1.764148e+01 2.422290e+01 2.898195e+00
   vertex -1.793887e+01 2.391406e+01 2.433333e+00
  endloop
 endfacet
 facet normal 7.203312e-01 -6.936302e-01 0.000000e+00
  outer loop
   vertex -1.793887e+01 2.391406e+01 2.866667e+00
   vertex -1.793887e+01 2.391406e+01 2.433333e+00
   vertex -1.764148e+01 2.422290e+01 2.898195e+00
  endloop
 endfacet
 facet normal 7.203312e-01 -6.936302e-01 0.000000e+00
  outer loop
   vertex -1.793887e+01 2.391406e+01 3.300000e+00
   vertex -1.793887e+01 2.391406e+01 2.866667e+00
   vertex -1.764148e+01 2.422290e+01 2.898195e+00
  endloop
 endfacet
 facet normal 6.419562e-01 -7.667413e-01 0.000000e+00
  outer loop
   vertex -1.731275e+01 2.449813e+01 3.300000e+00
   vertex -1.764148e+01 2.422290e+01 2.898195e+00
   vertex -1.731275e+01 2.449813e+01 2.650000e+00
  endloop
 endfacet
 facet normal 5.562002e-01 -8.310483e-01 0.000000e+00
  outer loop
   vertex -1.731275e+01 2.449813e+01 2.650000e+00
   vertex -1.695644e+01 2.473660e+01 2.650000e+00
   vertex -1.695644e+01 2.473660e+01 3.300000e+00
  endloop
 endfacet
 facet normal 6.810113e-01 -7.300440e-01 -5.709069e-02
  outer loop
   vertex -1.764148e+01 2.422290e+01 2.898195e+00
   vertex -1.731275e+01 2.449813e+01 3.300000e+00
   vertex -1.793887e+01 2.391406e+01 3.300000e+00
  endloop
 endfacet
 facet normal 0.000000e+00 0.000000e+00 1.000000e+00
  outer loop
   vertex -1.764148e+01 2.422290e+01 2.000000e+00
   vertex -1.793887e+01 2.391406e+01 2.000000e+00
   vertex -1.675826e+01 2.298465e+01 2.000000e+00
  endloop
 endfacet
 facet normal 0.000000e+00 0.000000e+00 1.000000e+00
  outer loop
   vertex -1.646492e+01 2.325793e+01 2.000000e+00
   vertex -1.764148e+01 2.422290e+01 2.000000e+00
   vertex -1.675826e+01 2.298465e+01 2.000000e+00
  endloop
 endfacet
 facet normal 0.000000e+00 0.000000e+00 1.000000e+00
  outer loop
   vertex -1.646492e+01 2.325793e+01 2.000000e+00
   vertex -1.731275e+01 2.449813e+01 2.000000e+00
   vertex -1.764148e+01 2.422290e+01 2.000000e+00
  endloop
 endfacet
 facet normal 0.000000e+00 0.000000e+00 1.000000e+00
  outer loop
   vertex -1.828239e+01 2.345367e+01 2.000000e+00
   vertex -1.855643e+01 2.294882e+01 2.000000e+00
   vertex -1.758002e+01 2.240874e+01 2.000000e+00
  endloop
 endfacet
 facet normal -0.000000e+00 0.000000e+00 1.000000e+00
  outer loop
   vertex -1.828239e+01 2.345367e+01 2.000000e+00
   vertex -1.730031e+01 2.255663e+01 2.000000e+00
   vertex -1.793887e+01 2.391406e+01 2.000000e+00
  endloop
 endfacet
 facet normal 0.000000e+00 0.000000e+00 1.000000e+00
  outer loop
   vertex -1.675826e+01 2.298465e+01 2.000000e+00
   vertex -1.793887e+01 2.391406e+01 2.000000e+00
   vertex -1.730031e+01 2.255663e+01 2.000000e+00
  endloop
 endfacet
 facet normal 0.000000e+00 0.000000e+00 1.000000e+00
  outer loop
   vertex -1.730031e+01 2.255663e+01 2.000000e+00
   vertex -1.700415e+01 2.266800e+01 2.000000e+00
   vertex -1.675826e+01 2.298465e+01 2.000000e+00
  endloop
 endfacet
 facet normal 0.000000e+00 0.000000e+00 1.000000e+00
  outer loop
   vertex -1.646492e+01 2.325793e+01 2.000000e+00
   vertex -1.695644e+01 2.473660e+01 2.000000e+00
   vertex -1.731275e+01 2.449813e+01 2.000000e+00
  endloop
 endfacet
 facet normal 0.000000e+00 0.000000e+00 1.000000e+00
  outer loop
   vertex -1.576433e+01 2.520631e+01 2.000000e+00
   vertex -1.657665e+01 2.493556e+01 2.000000e+00
   vertex -1.576706e+01 2.364754e+01 2.000000e+00
  endloop
 endfacet
 facet normal 0.000000e+00 0.000000e+00 1.000000e+00
  outer loop
   vertex -1.458155e+01 2.377588e+01 2.000000e+00
   vertex -1.491299e+01 2.529795e+01 2.000000e+00
   vertex -1.498191e+01 2.379700e+01 2.000000e+00
  endloop
 endfacet
 facet normal -0.000000e+00 0.000000e+00 1.000000e+00
  outer loop
   vertex -1.576433e+01 2.520631e+01 2.000000e+00
   vertex -1.498191e+01 2.379700e+01 2.000000e+00
   vertex -1.491299e+01 2.529795e+01 2.000000e+00
  endloop
 endfacet
 facet normal 0.000000e+00 0.000000e+00 1.000000e+00
  outer loop
   vertex -1.498191e+01 2.379700e+01 2.000000e+00
   vertex -1.576433e+01 2.520631e+01 2.000000e+00
   vertex -1.538049e+01 2.375385e+01 2.000000e+00
  endloop
 endfacet
 facet normal 0.000000e+00 0.000000e+00 1.000000e+00
  outer loop
   vertex -1.613166e+01 2.348080e+01 2.000000e+00
   vertex -1.695644e+01 2.473660e+01 2.000000e+00
   vertex -1.646492e+01 2.325793e+01 2.000000e+00
  endloop
 endfacet
 facet normal 0.000000e+00 0.000000e+00 1.000000e+00
  outer loop
   vertex -1.576433e+01 2.520631e+01 2.000000e+00
   vertex -1.576706e+01 2.364754e+01 2.000000e+00
   vertex -1.538049e+01 2.375385e+01 2.000000e+00
  endloop
 endfacet
 facet normal 0.000000e+00 0.000000e+00 1.000000e+00
  outer loop
   vertex -1.576706e+01 2.364754e+01 2.000000e+00
   vertex -1.657665e+01 2.493556e+01 2.000000e+00
   vertex -1.613166e+01 2.348080e+01 2.000000e+00
  endloop
 endfacet
 facet normal 0.000000e+00 -0.000000e+00 1.000000e+00
  outer loop
   vertex -1.458155e+01 2.377588e+01 2.000000e+00
   vertex -1.413263e+01 2.522109e+01 2.000000e+00
   vertex -1.491299e+01 2.529795e+01 2.000000e+00
  endloop
 endfacet
 facet normal 0.000000e+00 0.000000e+00 1.000000e+00
  outer loop
   vertex -1.657665e+01 2.493556e+01 2.000000e+00
   vertex -1.695644e+01 2.473660e+01 2.000000e+00
   vertex -1.613166e+01 2.348080e+01 2.000000e+00
  endloop
 endfacet
 facet normal 0.000000e+00 -0.000000e+00 1.000000e+00
  outer loop
   vertex -1.827747e+01 2.177237e+01 2.000000e+00
   vertex -1.807255e+01 2.201344e+01 2.000000e+00
   vertex -1.875532e+01 2.240993e+01 2.000000e+00
  endloop
 endfacet
 facet normal 0.000000e+00 0.000000e+00 1.000000e+00
  outer loop
   vertex -1.783882e+01 2.222671e+01 2.000000e+00
   vertex -1.875532e+01 2.240993e+01 2.000000e+00
   vertex -1.807255e+01 2.201344e+01 2.000000e+00
  endloop
 endfacet
 facet normal 0.000000e+00 0.000000e+00 1.000000e+00
  outer loop
   vertex -1.855643e+01 2.294882e+01 2.000000e+00
   vertex -1.875532e+01 2.240993e+01 2.000000e+00
   vertex -1.783882e+01 2.222671e+01 2.000000e+00
  endloop
 endfacet
 facet normal 0.000000e+00 0.000000e+00 1.000000e+00
  outer loop
   vertex -1.855643e+01 2.294882e+01 2.000000e+00
   vertex -1.783882e+01 2.222671e+01 2.000000e+00
   vertex -1.758002e+01 2.240874e+01 2.000000e+00
  endloop
 endfacet
 facet normal 0.000000e+00 0.000000e+00 1.000000e+00
  outer loop
   vertex -1.868764e+01 2.140314e+01 2.000000e+00
   vertex -1.887497e+01 2.184810e+01 2.000000e+00
   vertex -1.891292e+01 2.127493e+01 2.000000e+00
  endloop
 endfacet
 facet normal 0.000000e+00 -0.000000e+00 1.000000e+00
  outer loop
   vertex -1.868764e+01 2.140314e+01 2.000000e+00
   vertex -1.845030e+01 2.150734e+01 2.000000e+00
   vertex -1.887497e+01 2.184810e+01 2.000000e+00
  endloop
 endfacet
 facet normal 0.000000e+00 0.000000e+00 1.000000e+00
  outer loop
   vertex -1.827747e+01 2.177237e+01 2.000000e+00
   vertex -1.887497e+01 2.184810e+01 2.000000e+00
   vertex -1.845030e+01 2.150734e+01 2.000000e+00
  endloop
 endfacet
 facet normal 0.000000e+00 0.000000e+00 1.000000e+00
  outer loop
   vertex -1.827747e+01 2.177237e+01 2.000000e+00
   vertex -1.875532e+01 2.240993e+01 2.000000e+00
   vertex -1.887497e+01 2.184810e+01 2.000000e+00
  endloop
 endfacet
 facet normal 0.000000e+00 0.000000e+00 1.000000e+00
  outer loop
   vertex -1.450300e+01 1.731902e+01 2.000000e+00
   vertex -1.458974e+01 1.842950e+01 2.000000e+00
   vertex -1.483485e+01 1.823278e+01 2.000000e+00
  endloop
 endfacet
 facet normal 0.000000e+00 0.000000e+00 1.000000e+00
  outer loop
   vertex -1.450300e+01 1.731902e+01 2.000000e+00
   vertex -1.483485e+01 1.823278e+01 2.000000e+00
   vertex -1.510269e+01 1.806837e+01 2.000000e+00
  endloop
 endfacet
 facet normal 0.000000e+00 0.000000e+00 1.000000e+00
  outer loop
   vertex -1.515533e+01 1.730530e+01 2.000000e+00
   vertex -1.557665e+01 1.765426e+01 2.000000e+00
   vertex -1.580121e+01 1.739782e+01 2.000000e+00
  endloop
 endfacet
 facet normal -0.000000e+00 0.000000e+00 1.000000e+00
  outer loop
   vertex -1.538905e+01 1.793887e+01 2.000000e+00
   vertex -1.515533e+01 1.730530e+01 2.000000e+00
   vertex -1.510269e+01 1.806837e+01 2.000000e+00
  endloop
 endfacet
 facet normal 0.000000e+00 0.000000e+00 1.000000e+00
  outer loop
   vertex -1.450300e+01 1.731902e+01 2.000000e+00
   vertex -1.510269e+01 1.806837e+01 2.000000e+00
   vertex -1.515533e+01 1.730530e+01 2.000000e+00
  endloop
 endfacet
 facet normal -0.000000e+00 0.000000e+00 1.000000e+00
  outer loop
   vertex -1.557665e+01 1.765426e+01 2.000000e+00
   vertex -1.515533e+01 1.730530e+01 2.000000e+00
   vertex -1.538905e+01 1.793887e+01 2.000000e+00
  endloop
 endfacet
 facet normal 0.000000e+00 0.000000e+00 1.000000e+00
  outer loop
   vertex -1.386157e+01 1.743861e+01 2.000000e+00
   vertex -1.458974e+01 1.842950e+01 2.000000e+00
   vertex -1.450300e+01 1.731902e+01 2.000000e+00
  endloop
 endfacet
 facet normal 0.000000e+00 -0.000000e+00 1.000000e+00
  outer loop
   vertex -1.758002e+01 2.240874e+01 2.000000e+00
   vertex -1.730031e+01 2.255663e+01 2.000000e+00
   vertex -1.828239e+01 2.345367e+01 2.000000e+00
  endloop
 endfacet
 facet normal 0.000000e+00 0.000000e+00 1.000000e+00
  outer loop
   vertex -1.338225e+01 2.499347e+01 2.000000e+00
   vertex -1.413263e+01 2.522109e+01 2.000000e+00
   vertex -1.418971e+01 2.369104e+01 2.000000e+00
  endloop
 endfacet
 facet normal -0.000000e+00 0.000000e+00 1.000000e+00
  outer loop
   vertex -1.458155e+01 2.377588e+01 2.000000e+00
   vertex -1.418971e+01 2.369104e+01 2.000000e+00
   vertex -1.413263e+01 2.522109e+01 2.000000e+00
  endloop
 endfacet
 facet normal 0.000000e+00 -0.000000e+00 1.000000e+00
  outer loop
   vertex -1.382123e+01 2.354697e+01 2.000000e+00
   vertex -1.338225e+01 2.499347e+01 2.000000e+00
   vertex -1.418971e+01 2.369104e+01 2.000000e+00
  endloop
 endfacet
 facet normal 0.000000e+00 0.000000e+00 1.000000e+00
  outer loop
   vertex -1.269071e+01 2.462383e+01 2.000000e+00
   vertex -1.338225e+01 2.499347e+01 2.000000e+00
   vertex -1.382123e+01 2.354697e+01 2.000000e+00
  endloop
 endfacet
 facet normal 0.000000e+00 0.000000e+00 1.000000e+00
  outer loop
   vertex -1.269071e+01 2.462383e+01 2.000000e+00
   vertex -1.382123e+01 2.354697e+01 2.000000e+00
   vertex -1.348009e+01 2.334656e+01 2.000000e+00
  endloop
 endfacet
 facet normal -0.000000e+00 0.000000e+00 1.000000e+00
  outer loop
   vertex -1.317484e+01 2.309485e+01 2.000000e+00
   vertex -1.291312e+01 2.279813e+01 2.000000e+00
   vertex -1.208456e+01 2.412638e+01 2.000000e+00
  endloop
 endfacet
 facet normal -0.000000e+00 0.000000e+00 1.000000e+00
  outer loop
   vertex -1.291312e+01 2.279813e+01 2.000000e+00
   vertex -1.270149e+01 2.246384e+01 2.000000e+00
   vertex -1.158711e+01 2.352023e+01 2.000000e+00
  endloop
 endfacet
 facet normal 0.000000e+00 0.000000e+00 1.000000e+00
  outer loop
   vertex -1.208456e+01 2.412638e+01 2.000000e+00
   vertex -1.348009e+01 2.334656e+01 2.000000e+00
   vertex -1.317484e+01 2.309485e+01 2.000000e+00
  endloop
 endfacet
 facet normal 0.000000e+00 0.000000e+00 1.000000e+00
  outer loop
   vertex -1.348009e+01 2.334656e+01 2.000000e+00
   vertex -1.208456e+01 2.412638e+01 2.000000e+00
   vertex -1.269071e+01 2.462383e+01 2.000000e+00
  endloop
 endfacet
 facet normal 0.000000e+00 0.000000e+00 1.000000e+00
  outer loop
   vertex -1.270149e+01 2.246384e+01 2.000000e+00
   vertex -1.121747e+01 2.282869e+01 2.000000e+00
   vertex -1.158711e+01 2.352023e+01 2.000000e+00
  endloop
 endfacet
 facet normal 0.000000e+00 0.000000e+00 1.000000e+00
  outer loop
   vertex -1.208456e+01 2.412638e+01 2.000000e+00
   vertex -1.291312e+01 2.279813e+01 2.000000e+00
   vertex -1.158711e+01 2.352023e+01 2.000000e+00
  endloop
 endfacet
 facet normal -0.000000e+00 0.000000e+00 1.000000e+00
  outer loop
   vertex -1.270149e+01 2.246384e+01 2.000000e+00
   vertex -1.254525e+01 2.210035e+01 2.000000e+00
   vertex -1.121747e+01 2.282869e+01 2.000000e+00
  endloop
 endfacet
 facet normal 0.000000e+00 0.000000e+00 1.000000e+00
  outer loop
   vertex -1.098985e+01 2.207831e+01 2.000000e+00
   vertex -1.121747e+01 2.282869e+01 2.000000e+00
   vertex -1.254525e+01 2.210035e+01 2.000000e+00
  endloop
 endfacet
 facet normal 0.000000e+00 0.000000e+00 1.000000e+00
  outer loop
   vertex -1.091299e+01 2.129795e+01 2.000000e+00
   vertex -1.244832e+01 2.171675e+01 2.000000e+00
   vertex -1.241311e+01 2.132268e+01 2.000000e+00
  endloop
 endfacet
 facet normal 0.000000e+00 -0.000000e+00 1.000000e+00
  outer loop
   vertex -1.241299e+01 2.129795e+01 2.000000e+00
   vertex -1.091299e+01 2.129795e+01 2.000000e+00
   vertex -1.241311e+01 2.132268e+01 2.000000e+00
  endloop
 endfacet
 facet normal 0.000000e+00 0.000000e+00 1.000000e+00
  outer loop
   vertex -1.098985e+01 2.207831e+01 2.000000e+00
   vertex -1.244832e+01 2.171675e+01 2.000000e+00
   vertex -1.091299e+01 2.129795e+01 2.000000e+00
  endloop
 endfacet
 facet normal 0.000000e+00 -0.000000e+00 1.000000e+00
  outer loop
   vertex -1.095364e+01 2.072913e+01 2.000000e+00
   vertex -1.091299e+01 2.129795e+01 2.000000e+00
   vertex -1.241299e+01 2.129795e+01 2.000000e+00
  endloop
 endfacet
 facet normal 0.000000e+00 0.000000e+00 1.000000e+00
  outer loop
   vertex -1.098985e+01 2.207831e+01 2.000000e+00
   vertex -1.254525e+01 2.210035e+01 2.000000e+00
   vertex -1.244832e+01 2.171675e+01 2.000000e+00
  endloop
 endfacet
 facet normal 0.000000e+00 0.000000e+00 1.000000e+00
  outer loop
   vertex -1.274783e+01 1.793461e+01 2.000000e+00
   vertex -1.347063e+01 1.925599e+01 2.000000e+00
   vertex -1.381281e+01 1.905305e+01 2.000000e+00
  endloop
 endfacet
 facet normal 0.000000e+00 0.000000e+00 1.000000e+00
  outer loop
   vertex -1.316498e+01 1.951065e+01 2.000000e+00
   vertex -1.347063e+01 1.925599e+01 2.000000e+00
   vertex -1.229155e+01 1.827669e+01 2.000000e+00
  endloop
 endfacet
 facet normal 0.000000e+00 0.000000e+00 1.000000e+00
  outer loop
   vertex -1.229155e+01 1.827669e+01 2.000000e+00
   vertex -1.347063e+01 1.925599e+01 2.000000e+00
   vertex -1.274783e+01 1.793461e+01 2.000000e+00
  endloop
 endfacet
 facet normal 0.000000e+00 0.000000e+00 1.000000e+00
  outer loop
   vertex -1.437126e+01 1.865541e+01 2.000000e+00
   vertex -1.381281e+01 1.905305e+01 2.000000e+00
   vertex -1.418284e+01 1.890695e+01 2.000000e+00
  endloop
 endfacet
 facet normal 0.000000e+00 -0.000000e+00 1.000000e+00
  outer loop
   vertex -1.386157e+01 1.743861e+01 2.000000e+00
   vertex -1.324813e+01 1.766089e+01 2.000000e+00
   vertex -1.437126e+01 1.865541e+01 2.000000e+00
  endloop
 endfacet
 facet normal -0.000000e+00 0.000000e+00 1.000000e+00
  outer loop
   vertex -1.437126e+01 1.865541e+01 2.000000e+00
   vertex -1.324813e+01 1.766089e+01 2.000000e+00
   vertex -1.381281e+01 1.905305e+01 2.000000e+00
  endloop
 endfacet
 facet normal 0.000000e+00 -0.000000e+00 1.000000e+00
  outer loop
   vertex -1.324813e+01 1.766089e+01 2.000000e+00
   vertex -1.274783e+01 1.793461e+01 2.000000e+00
   vertex -1.381281e+01 1.905305e+01 2.000000e+00
  endloop
 endfacet
 facet normal -0.000000e+00 0.000000e+00 1.000000e+00
  outer loop
   vertex -1.458974e+01 1.842950e+01 2.000000e+00
   vertex -1.386157e+01 1.743861e+01 2.000000e+00
   vertex -1.437126e+01 1.865541e+01 2.000000e+00
  endloop
 endfacet
 facet normal 0.000000e+00 0.000000e+00 1.000000e+00
  outer loop
   vertex -1.188855e+01 1.868017e+01 2.000000e+00
   vertex -1.290359e+01 1.981057e+01 2.000000e+00
   vertex -1.316498e+01 1.951065e+01 2.000000e+00
  endloop
 endfacet
 facet normal 0.000000e+00 0.000000e+00 1.000000e+00
  outer loop
   vertex -1.107477e+01 2.017187e+01 2.000000e+00
   vertex -1.244464e+01 2.090138e+01 2.000000e+00
   vertex -1.253880e+01 2.051485e+01 2.000000e+00
  endloop
 endfacet
 facet normal 0.000000e+00 0.000000e+00 1.000000e+00
  outer loop
   vertex -1.244464e+01 2.090138e+01 2.000000e+00
   vertex -1.107477e+01 2.017187e+01 2.000000e+00
   vertex -1.095364e+01 2.072913e+01 2.000000e+00
  endloop
 endfacet
 facet normal 0.000000e+00 0.000000e+00 1.000000e+00
  outer loop
   vertex -1.095364e+01 2.072913e+01 2.000000e+00
   vertex -1.241299e+01 2.129795e+01 2.000000e+00
   vertex -1.244464e+01 2.090138e+01 2.000000e+00
  endloop
 endfacet
 facet normal 0.000000e+00 -0.000000e+00 1.000000e+00
  outer loop
   vertex -1.127391e+01 1.963750e+01 2.000000e+00
   vertex -1.107477e+01 2.017187e+01 2.000000e+00
   vertex -1.253880e+01 2.051485e+01 2.000000e+00
  endloop
 endfacet
 facet normal 0.000000e+00 0.000000e+00 1.000000e+00
  outer loop
   vertex -1.154702e+01 1.913687e+01 2.000000e+00
   vertex -1.269309e+01 2.014815e+01 2.000000e+00
   vertex -1.290359e+01 1.981057e+01 2.000000e+00
  endloop
 endfacet
 facet normal 0.000000e+00 -0.000000e+00 1.000000e+00
  outer loop
   vertex -1.229155e+01 1.827669e+01 2.000000e+00
   vertex -1.188855e+01 1.868017e+01 2.000000e+00
   vertex -1.316498e+01 1.951065e+01 2.000000e+00
  endloop
 endfacet
 facet normal 0.000000e+00 0.000000e+00 1.000000e+00
  outer loop
   vertex -1.290359e+01 1.981057e+01 2.000000e+00
   vertex -1.188855e+01 1.868017e+01 2.000000e+00
   vertex -1.154702e+01 1.913687e+01 2.000000e+00
  endloop
 endfacet
 facet normal 0.000000e+00 0.000000e+00 1.000000e+00
  outer loop
   vertex -1.127391e+01 1.963750e+01 2.000000e+00
   vertex -1.269309e+01 2.014815e+01 2.000000e+00
   vertex -1.154702e+01 1.913687e+01 2.000000e+00
  endloop
 endfacet
 facet normal 0.000000e+00 0.000000e+00 1.000000e+00
  outer loop
   vertex -1.127391e+01 1.963750e+01 2.000000e+00
   vertex -1.253880e+01 2.051485e+01 2.000000e+00
   vertex -1.269309e+01 2.014815e+01 2.000000e+00
  endloop
 endfacet
 facet normal -9.963569e-01 -8.528189e-02 -0.000000e+00
  outer loop
   vertex -1.241299e+01 2.129795e+01 6.666667e-01
   vertex -1.244935e+01 2.172281e+01 0.000000e+00
   vertex -1.241299e+01 2.129795e+01 0.000000e+00
  endloop
 endfacet
 facet normal -9.673595e-01 -2.533655e-01 4.637531e-03
  outer loop
   vertex -1.246102e+01 2.178568e+01 1.000000e+00
   vertex -1.255739e+01 2.213531e+01 0.000000e+00
   vertex -1.244935e+01 2.172281e+01 0.000000e+00
  endloop
 endfacet
 facet normal -9.955411e-01 -9.415610e-02 -5.699969e-03
  outer loop
   vertex -1.241299e+01 2.129795e+01 6.666667e-01
   vertex -1.246102e+01 2.178568e+01 1.000000e+00
   vertex -1.244935e+01 2.172281e+01 0.000000e+00
  endloop
 endfacet
 facet normal -9.099854e-01 -4.139645e-01 -2.366584e-02
  outer loop
   vertex -1.283431e+01 2.268688e+01 1.000000e+00
   vertex -1.273396e+01 2.252345e+01 0.000000e+00
   vertex -1.255739e+01 2.213531e+01 0.000000e+00
  endloop
 endfacet
 facet normal -9.951848e-01 -9.801661e-02 -0.000000e+00
  outer loop
   vertex -1.241299e+01 2.129795e+01 1.333333e+00
   vertex -1.246102e+01 2.178568e+01 1.000000e+00
   vertex -1.241299e+01 2.129795e+01 6.666667e-01
  endloop
 endfacet
 facet normal -7.189422e-01 -6.950148e-01 8.749472e-03
  outer loop
   vertex -1.314522e+01 2.306572e+01 1.000000e+00
   vertex -1.327030e+01 2.318252e+01 0.000000e+00
   vertex -1.297393e+01 2.287594e+01 0.000000e+00
  endloop
 endfacet
 facet normal -5.903764e-01 -8.070990e-01 6.850617e-03
  outer loop
   vertex -1.352406e+01 2.337663e+01 1.000000e+00
   vertex -1.361447e+01 2.343427e+01 0.000000e+00
   vertex -1.327030e+01 2.318252e+01 0.000000e+00
  endloop
 endfacet
 facet normal -7.729544e-01 -6.343478e-01 -1.201580e-02
  outer loop
   vertex -1.283431e+01 2.268688e+01 1.000000e+00
   vertex -1.314522e+01 2.306572e+01 1.000000e+00
   vertex -1.297393e+01 2.287594e+01 0.000000e+00
  endloop
 endfacet
 facet normal -4.713825e-01 -8.818906e-01 -8.218697e-03
  outer loop
   vertex -1.361447e+01 2.343427e+01 0.000000e+00
   vertex -1.352406e+01 2.337663e+01 1.000000e+00
   vertex -1.395628e+01 2.360765e+01 1.000000e+00
  endloop
 endfacet
 facet normal -7.729741e-01 -6.343640e-01 9.658953e-03
  outer loop
   vertex -1.283431e+01 2.268688e+01 1.000000e+00
   vertex -1.291312e+01 2.279813e+01 2.000000e+00
   vertex -1.314522e+01 2.306572e+01 1.000000e+00
  endloop
 endfacet
 facet normal -8.265938e-01 -5.627269e-01 9.013816e-03
  outer loop
   vertex -1.273396e+01 2.252345e+01 0.000000e+00
   vertex -1.283431e+01 2.268688e+01 1.000000e+00
   vertex -1.297393e+01 2.287594e+01 0.000000e+00
  endloop
 endfacet
 facet normal -9.230423e-01 -3.823368e-01 4.256218e-02
  outer loop
   vertex -1.246102e+01 2.178568e+01 1.000000e+00
   vertex -1.254525e+01 2.210035e+01 2.000000e+00
   vertex -1.283431e+01 2.268688e+01 1.000000e+00
  endloop
 endfacet
 facet normal -9.999878e-01 -4.937449e-03 -0.000000e+00
  outer loop
   vertex -1.241299e+01 2.129795e+01 2.000000e+00
   vertex -1.241311e+01 2.132268e+01 2.000000e+00
   vertex -1.241299e+01 2.129795e+01 1.333333e+00
  endloop
 endfacet
 facet normal -9.960283e-01 -8.898215e-02 3.117488e-03
  outer loop
   vertex -1.244832e+01 2.171675e+01 2.000000e+00
   vertex -1.241299e+01 2.129795e+01 1.333333e+00
   vertex -1.241311e+01 2.132268e+01 2.000000e+00
  endloop
 endfacet
 facet normal -9.955693e-01 -9.382709e-02 6.185422e-03
  outer loop
   vertex -1.246102e+01 2.178568e+01 1.000000e+00
   vertex -1.241299e+01 2.129795e+01 1.333333e+00
   vertex -1.244832e+01 2.171675e+01 2.000000e+00
  endloop
 endfacet
 facet normal -9.695110e-01 -2.450051e-01 -4.565527e-03
  outer loop
   vertex -1.254525e+01 2.210035e+01 2.000000e+00
   vertex -1.246102e+01 2.178568e+01 1.000000e+00
   vertex -1.244832e+01 2.171675e+01 2.000000e+00
  endloop
 endfacet
 facet normal -8.449010e-01 -5.348759e-01 -7.077866e-03
  outer loop
   vertex -1.283431e+01 2.268688e+01 1.000000e+00
   vertex -1.270149e+01 2.246384e+01 2.000000e+00
   vertex -1.291312e+01 2.279813e+01 2.000000e+00
  endloop
 endfacet
 facet normal -5.065148e-01 -8.622235e-01 -3.649090e-03
  outer loop
   vertex -1.352406e+01 2.337663e+01 1.000000e+00
   vertex -1.348009e+01 2.334656e+01 2.000000e+00
   vertex -1.382123e+01 2.354697e+01 2.000000e+00
  endloop
 endfacet
 facet normal -6.343867e-01 -7.730018e-01 4.656023e-03
  outer loop
   vertex -1.348009e+01 2.334656e+01 2.000000e+00
   vertex -1.352406e+01 2.337663e+01 1.000000e+00
   vertex -1.314522e+01 2.306572e+01 1.000000e+00
  endloop
 endfacet
 facet normal -3.641400e-01 -9.313153e-01 -7.341202e-03
  outer loop
   vertex -1.395628e+01 2.360765e+01 1.000000e+00
   vertex -1.382123e+01 2.354697e+01 2.000000e+00
   vertex -1.418971e+01 2.369104e+01 2.000000e+00
  endloop
 endfacet
 facet normal -2.902619e-01 -9.568716e-01 1.203564e-02
  outer loop
   vertex -1.442526e+01 2.374992e+01 1.000000e+00
   vertex -1.395628e+01 2.360765e+01 1.000000e+00
   vertex -1.418971e+01 2.369104e+01 2.000000e+00
  endloop
 endfacet
 facet normal -2.859484e-01 -9.582433e-01 -1.846198e-03
  outer loop
   vertex -1.442526e+01 2.374992e+01 1.000000e+00
   vertex -1.440502e+01 2.374580e+01 0.000000e+00
   vertex -1.399641e+01 2.362387e+01 0.000000e+00
  endloop
 endfacet
 facet normal -1.189412e-01 -9.928999e-01 1.676038e-03
  outer loop
   vertex -1.440502e+01 2.374580e+01 0.000000e+00
   vertex -1.442526e+01 2.374992e+01 1.000000e+00
   vertex -1.482841e+01 2.379652e+01 0.000000e+00
  endloop
 endfacet
 facet normal 5.152801e-02 -9.986548e-01 5.786602e-03
  outer loop
   vertex -1.491299e+01 2.379795e+01 1.000000e+00
   vertex -1.525426e+01 2.377455e+01 0.000000e+00
   vertex -1.482841e+01 2.379652e+01 0.000000e+00
  endloop
 endfacet
 facet normal 1.235122e-01 -9.921624e-01 -1.893157e-02
  outer loop
   vertex -1.525426e+01 2.377455e+01 0.000000e+00
   vertex -1.491299e+01 2.379795e+01 1.000000e+00
   vertex -1.552593e+01 2.372165e+01 1.000000e+00
  endloop
 endfacet
 facet normal 2.204886e-01 -9.753542e-01 8.302841e-03
  outer loop
   vertex -1.525426e+01 2.377455e+01 0.000000e+00
   vertex -1.552593e+01 2.372165e+01 1.000000e+00
   vertex -1.567018e+01 2.368053e+01 0.000000e+00
  endloop
 endfacet
 facet normal -9.801118e-02 -9.951297e-01 1.052418e-02
  outer loop
   vertex -1.442526e+01 2.374992e+01 1.000000e+00
   vertex -1.458155e+01 2.377588e+01 2.000000e+00
   vertex -1.491299e+01 2.379795e+01 1.000000e+00
  endloop
 endfacet
 facet normal 5.344569e-01 -8.451895e-01 3.251268e-03
  outer loop
   vertex -1.642447e+01 2.328929e+01 0.000000e+00
   vertex -1.606407e+01 2.351719e+01 0.000000e+00
   vertex -1.610145e+01 2.349740e+01 1.000000e+00
  endloop
 endfacet
 facet normal 6.702956e-01 -7.420394e-01 9.018451e-03
  outer loop
   vertex -1.674090e+01 2.300345e+01 0.000000e+00
   vertex -1.642447e+01 2.328929e+01 0.000000e+00
   vertex -1.660443e+01 2.313889e+01 1.000000e+00
  endloop
 endfacet
 facet normal 7.866805e-01 -6.173604e-01 0.000000e+00
  outer loop
   vertex -1.674090e+01 2.300345e+01 0.000000e+00
   vertex -1.700415e+01 2.266800e+01 3.333333e-01
   vertex -1.700415e+01 2.266800e+01 0.000000e+00
  endloop
 endfacet
 facet normal 7.685805e-01 -6.394917e-01 -1.828332e-02
  outer loop
   vertex -1.660443e+01 2.313889e+01 1.000000e+00
   vertex -1.700415e+01 2.266800e+01 6.666667e-01
   vertex -1.674090e+01 2.300345e+01 0.000000e+00
  endloop
 endfacet
 facet normal 7.866805e-01 -6.173604e-01 0.000000e+00
  outer loop
   vertex -1.674090e+01 2.300345e+01 0.000000e+00
   vertex -1.700415e+01 2.266800e+01 6.666667e-01
   vertex -1.700415e+01 2.266800e+01 3.333333e-01
  endloop
 endfacet
 facet normal 3.630237e-01 -9.316739e-01 -1.405447e-02
  outer loop
   vertex -1.567018e+01 2.368053e+01 0.000000e+00
   vertex -1.552593e+01 2.372165e+01 1.000000e+00
   vertex -1.610145e+01 2.349740e+01 1.000000e+00
  endloop
 endfacet
 facet normal 7.623597e-01 -6.471535e-01 0.000000e+00
  outer loop
   vertex -1.700415e+01 2.266800e+01 1.000000e+00
   vertex -1.700415e+01 2.266800e+01 6.666667e-01
   vertex -1.660443e+01 2.313889e+01 1.000000e+00
  endloop
 endfacet
 facet normal 1.076311e-01 -9.941698e-01 6.473627e-03
  outer loop
   vertex -1.491299e+01 2.379795e+01 1.000000e+00
   vertex -1.498191e+01 2.379700e+01 2.000000e+00
   vertex -1.538049e+01 2.375385e+01 2.000000e+00
  endloop
 endfacet
 facet normal 3.629975e-01 -9.316066e-01 1.849061e-02
  outer loop
   vertex -1.552593e+01 2.372165e+01 1.000000e+00
   vertex -1.576706e+01 2.364754e+01 2.000000e+00
   vertex -1.610145e+01 2.349740e+01 1.000000e+00
  endloop
 endfacet
 facet normal 2.651599e-01 -9.641752e-01 -7.514722e-03
  outer loop
   vertex -1.552593e+01 2.372165e+01 1.000000e+00
   vertex -1.538049e+01 2.375385e+01 2.000000e+00
   vertex -1.576706e+01 2.364754e+01 2.000000e+00
  endloop
 endfacet
 facet normal 7.690750e-01 -6.388524e-01 1.977938e-02
  outer loop
   vertex -1.700415e+01 2.266800e+01 1.333333e+00
   vertex -1.660443e+01 2.313889e+01 1.000000e+00
   vertex -1.675826e+01 2.298465e+01 2.000000e+00
  endloop
 endfacet
 facet normal 7.623597e-01 -6.471535e-01 0.000000e+00
  outer loop
   vertex -1.700415e+01 2.266800e+01 1.000000e+00
   vertex -1.660443e+01 2.313889e+01 1.000000e+00
   vertex -1.700415e+01 2.266800e+01 1.333333e+00
  endloop
 endfacet
 facet normal 7.898295e-01 -6.133265e-01 0.000000e+00
  outer loop
   vertex -1.700415e+01 2.266800e+01 1.666667e+00
   vertex -1.700415e+01 2.266800e+01 1.333333e+00
   vertex -1.675826e+01 2.298465e+01 2.000000e+00
  endloop
 endfacet
 facet normal 5.803528e-01 -8.142087e-01 1.596358e-02
  outer loop
   vertex -1.646492e+01 2.325793e+01 2.000000e+00
   vertex -1.660443e+01 2.313889e+01 1.000000e+00
   vertex -1.610145e+01 2.349740e+01 1.000000e+00
  endloop
 endfacet
 facet normal 7.898295e-01 -6.133265e-01 0.000000e+00
  outer loop
   vertex -1.700415e+01 2.266800e+01 1.666667e+00
   vertex -1.675826e+01 2.298465e+01 2.000000e+00
   vertex -1.700415e+01 2.266800e+01 2.000000e+00
  endloop
 endfacet
 facet normal 6.816153e-01 -7.316671e-01 -7.990010e-03
  outer loop
   vertex -1.675826e+01 2.298465e+01 2.000000e+00
   vertex -1.660443e+01 2.313889e+01 1.000000e+00
   vertex -1.646492e+01 2.325793e+01 2.000000e+00
  endloop
 endfacet
 facet normal 5.803325e-01 -8.141802e-01 -1.802094e-02
  outer loop
   vertex -1.660443e+01 2.313889e+01 1.000000e+00
   vertex -1.642447e+01 2.328929e+01 0.000000e+00
   vertex -1.610145e+01 2.349740e+01 1.000000e+00
  endloop
 endfacet
 facet normal -2.116162e-01 -9.773226e-01 -7.693246e-03
  outer loop
   vertex -1.418971e+01 2.369104e+01 2.000000e+00
   vertex -1.458155e+01 2.377588e+01 2.000000e+00
   vertex -1.442526e+01 2.374992e+01 1.000000e+00
  endloop
 endfacet
 facet normal -5.328660e-01 8.461997e-01 0.000000e+00
  outer loop
   vertex -1.391990e+01 1.704309e+01 2.000000e+00
   vertex -1.437484e+01 1.675661e+01 2.000000e+00
   vertex -1.437484e+01 1.675661e+01 2.266667e+00
  endloop
 endfacet
 facet normal -5.328660e-01 8.461997e-01 0.000000e+00
  outer loop
   vertex -1.391990e+01 1.704309e+01 2.000000e+00
   vertex -1.437484e+01 1.675661e+01 2.266667e+00
   vertex -1.437484e+01 1.675661e+01 2.533333e+00
  endloop
 endfacet
 facet normal -5.328660e-01 8.461997e-01 0.000000e+00
  outer loop
   vertex -1.437484e+01 1.675661e+01 2.800000e+00
   vertex -1.391990e+01 1.704309e+01 2.000000e+00
   vertex -1.437484e+01 1.675661e+01 2.533333e+00
  endloop
 endfacet
 facet normal -6.415292e-01 7.670986e-01 0.000000e+00
  outer loop
   vertex -1.350748e+01 1.738799e+01 2.000000e+00
   vertex -1.391990e+01 1.704309e+01 2.000000e+00
   vertex -1.350748e+01 1.738799e+01 2.800000e+00
  endloop
 endfacet
 facet normal -7.248559e-01 6.889006e-01 0.000000e+00
  outer loop
   vertex -1.350748e+01 1.738799e+01 2.000000e+00
   vertex -1.350748e+01 1.738799e+01 2.800000e+00
   vertex -1.324813e+01 1.766089e+01 2.433333e+00
  endloop
 endfacet
 facet normal -5.328660e-01 8.461997e-01 0.000000e+00
  outer loop
   vertex -1.391990e+01 1.704309e+01 3.600000e+00
   vertex -1.437484e+01 1.675661e+01 2.800000e+00
   vertex -1.437484e+01 1.675661e+01 3.066667e+00
  endloop
 endfacet
 facet normal -5.328660e-01 8.461997e-01 0.000000e+00
  outer loop
   vertex -1.391990e+01 1.704309e+01 3.600000e+00
   vertex -1.437484e+01 1.675661e+01 3.066667e+00
   vertex -1.437484e+01 1.675661e+01 3.333333e+00
  endloop
 endfacet
 facet normal -5.328660e-01 8.461997e-01 0.000000e+00
  outer loop
   vertex -1.437484e+01 1.675661e+01 3.600000e+00
   vertex -1.391990e+01 1.704309e+01 3.600000e+00
   vertex -1.437484e+01 1.675661e+01 3.333333e+00
  endloop
 endfacet
 facet normal -5.879287e-01 8.076536e-01 4.511640e-02
  outer loop
   vertex -1.350748e+01 1.738799e+01 2.800000e+00
   vertex -1.437484e+01 1.675661e+01 2.800000e+00
   vertex -1.391990e+01 1.704309e+01 3.600000e+00
  endloop
 endfacet
 facet normal -6.415292e-01 7.670986e-01 0.000000e+00
  outer loop
   vertex -1.350748e+01 1.738799e+01 2.800000e+00
   vertex -1.391990e+01 1.704309e+01 3.600000e+00
   vertex -1.350748e+01 1.738799e+01 3.600000e+00
  endloop
 endfacet
 facet normal -7.248559e-01 6.889006e-01 0.000000e+00
  outer loop
   vertex -1.324813e+01 1.766089e+01 3.300000e+00
   vertex -1.350748e+01 1.738799e+01 2.800000e+00
   vertex -1.350748e+01 1.738799e+01 3.600000e+00
  endloop
 endfacet
 facet normal -5.879287e-01 8.076536e-01 -4.511640e-02
  outer loop
   vertex -1.350748e+01 1.738799e+01 2.800000e+00
   vertex -1.391990e+01 1.704309e+01 2.000000e+00
   vertex -1.437484e+01 1.675661e+01 2.800000e+00
  endloop
 endfacet
 facet normal -7.248559e-01 6.889006e-01 0.000000e+00
  outer loop
   vertex -1.324813e+01 1.766089e+01 2.000000e+00
   vertex -1.350748e+01 1.738799e+01 2.000000e+00
   vertex -1.324813e+01 1.766089e+01 2.433333e+00
  endloop
 endfacet
 facet normal -7.248559e-01 6.889006e-01 0.000000e+00
  outer loop
   vertex -1.350748e+01 1.738799e+01 2.800000e+00
   vertex -1.324813e+01 1.766089e+01 3.300000e+00
   vertex -1.324813e+01 1.766089e+01 2.866667e+00
  endloop
 endfacet
 facet normal -7.248559e-01 6.889006e-01 0.000000e+00
  outer loop
   vertex -1.350748e+01 1.738799e+01 2.800000e+00
   vertex -1.324813e+01 1.766089e+01 2.866667e+00
   vertex -1.324813e+01 1.766089e+01 2.433333e+00
  endloop
 endfacet
 facet normal -8.778016e-01 4.784369e-01 2.371714e-02
  outer loop
   vertex -1.263438e+01 1.861774e+01 3.300000e+00
   vertex -1.290709e+01 1.811740e+01 3.300000e+00
   vertex -1.283914e+01 1.822720e+01 3.600000e+00
  endloop
 endfacet
 facet normal -9.369716e-01 3.488837e-01 1.908944e-02
  outer loop
   vertex -1.243554e+01 1.915176e+01 3.300000e+00
   vertex -1.263438e+01 1.861774e+01 3.300000e+00
   vertex -1.259528e+01 1.870634e+01 3.600000e+00
  endloop
 endfacet
 facet normal -9.771269e-01 2.122218e-01 1.359600e-02
  outer loop
   vertex -1.231460e+01 1.970861e+01 3.300000e+00
   vertex -1.243554e+01 1.915176e+01 3.300000e+00
   vertex -1.241788e+01 1.921386e+01 3.600000e+00
  endloop
 endfacet
 facet normal -8.008333e-01 5.982569e-01 2.747435e-02
  outer loop
   vertex -1.314505e+01 1.778509e+01 3.600000e+00
   vertex -1.290709e+01 1.811740e+01 3.300000e+00
   vertex -1.324813e+01 1.766089e+01 3.300000e+00
  endloop
 endfacet
 facet normal -8.221391e-01 5.688619e-01 -2.198631e-02
  outer loop
   vertex -1.283914e+01 1.822720e+01 3.600000e+00
   vertex -1.290709e+01 1.811740e+01 3.300000e+00
   vertex -1.314505e+01 1.778509e+01 3.600000e+00
  endloop
 endfacet
 facet normal -8.910740e-01 4.535092e-01 -1.779240e-02
  outer loop
   vertex -1.259528e+01 1.870634e+01 3.600000e+00
   vertex -1.263438e+01 1.861774e+01 3.300000e+00
   vertex -1.283914e+01 1.822720e+01 3.600000e+00
  endloop
 endfacet
 facet normal -9.796923e-01 2.003915e-01 -6.797353e-03
  outer loop
   vertex -1.241788e+01 1.921386e+01 3.600000e+00
   vertex -1.231014e+01 1.974058e+01 3.600000e+00
   vertex -1.231460e+01 1.970861e+01 3.300000e+00
  endloop
 endfacet
 facet normal -9.439148e-01 3.299436e-01 -1.272827e-02
  outer loop
   vertex -1.243554e+01 1.915176e+01 3.300000e+00
   vertex -1.259528e+01 1.870634e+01 3.600000e+00
   vertex -1.241788e+01 1.921386e+01 3.600000e+00
  endloop
 endfacet
 facet normal -9.977394e-01 6.720244e-02 0.000000e+00
  outer loop
   vertex -1.227401e+01 2.027700e+01 3.300000e+00
   vertex -1.231014e+01 1.974058e+01 3.600000e+00
   vertex -1.227401e+01 2.027700e+01 3.600000e+00
  endloop
 endfacet
 facet normal -9.974339e-01 7.122663e-02 7.232221e-03
  outer loop
   vertex -1.231014e+01 1.974058e+01 3.600000e+00
   vertex -1.227401e+01 2.027700e+01 3.300000e+00
   vertex -1.231460e+01 1.970861e+01 3.300000e+00
  endloop
 endfacet
 facet normal -7.383712e-01 6.739194e-01 -2.531195e-02
  outer loop
   vertex -1.350748e+01 1.738799e+01 3.600000e+00
   vertex -1.314505e+01 1.778509e+01 3.600000e+00
   vertex -1.324813e+01 1.766089e+01 3.300000e+00
  endloop
 endfacet
 facet normal -9.799741e-01 -1.969874e-01 2.909963e-02
  outer loop
   vertex -1.235087e+01 2.105736e+01 3.600000e+00
   vertex -1.241311e+01 2.132268e+01 3.300000e+00
   vertex -1.230894e+01 2.080444e+01 3.300000e+00
  endloop
 endfacet
 facet normal -8.986812e-01 -4.385998e-01 1.527652e-03
  outer loop
   vertex -1.257568e+01 2.180093e+01 3.300000e+00
   vertex -1.257849e+01 2.180773e+01 3.600000e+00
   vertex -1.279723e+01 2.225488e+01 3.300000e+00
  endloop
 endfacet
 facet normal -9.467916e-01 -3.218433e-01 -1.570908e-03
  outer loop
   vertex -1.257849e+01 2.180773e+01 3.600000e+00
   vertex -1.257568e+01 2.180093e+01 3.300000e+00
   vertex -1.241311e+01 2.132268e+01 3.300000e+00
  endloop
 endfacet
 facet normal -8.359546e-01 -5.481777e-01 2.609817e-02
  outer loop
   vertex -1.279723e+01 2.225488e+01 3.300000e+00
   vertex -1.294813e+01 2.249928e+01 3.600000e+00
   vertex -1.307422e+01 2.267728e+01 3.300000e+00
  endloop
 endfacet
 facet normal -6.725113e-01 -7.399988e-01 1.141021e-02
  outer loop
   vertex -1.377606e+01 2.340114e+01 3.300000e+00
   vertex -1.340224e+01 2.306141e+01 3.300000e+00
   vertex -1.344558e+01 2.310542e+01 3.600000e+00
  endloop
 endfacet
 facet normal -7.603805e-01 -6.493140e-01 -1.458768e-02
  outer loop
   vertex -1.340224e+01 2.306141e+01 3.300000e+00
   vertex -1.307422e+01 2.267728e+01 3.300000e+00
   vertex -1.344558e+01 2.310542e+01 3.600000e+00
  endloop
 endfacet
 facet normal -3.322048e-01 -9.431174e-01 1.302501e-02
  outer loop
   vertex -1.521150e+01 2.413330e+01 3.300000e+00
   vertex -1.468514e+01 2.394790e+01 3.300000e+00
   vertex -1.474328e+01 2.397252e+01 3.600000e+00
  endloop
 endfacet
 facet normal -4.602042e-01 -8.876629e-01 -1.632933e-02
  outer loop
   vertex -1.474328e+01 2.397252e+01 3.600000e+00
   vertex -1.468514e+01 2.394790e+01 3.300000e+00
   vertex -1.418971e+01 2.369104e+01 3.300000e+00
  endloop
 endfacet
 facet normal -5.737708e-01 -8.186844e-01 2.330084e-02
  outer loop
   vertex -1.405173e+01 2.360287e+01 3.600000e+00
   vertex -1.418971e+01 2.369104e+01 3.300000e+00
   vertex -1.377606e+01 2.340114e+01 3.300000e+00
  endloop
 endfacet
 facet normal -1.976259e-01 -9.797414e-01 3.241649e-02
  outer loop
   vertex -1.575853e+01 2.424364e+01 3.300000e+00
   vertex -1.521150e+01 2.413330e+01 3.300000e+00
   vertex -1.549365e+01 2.420014e+01 3.600000e+00
  endloop
 endfacet
 facet normal -9.978146e-01 -6.607523e-02 0.000000e+00
  outer loop
   vertex -1.227401e+01 2.027700e+01 3.300000e+00
   vertex -1.227401e+01 2.027700e+01 3.600000e+00
   vertex -1.230894e+01 2.080444e+01 3.300000e+00
  endloop
 endfacet
 facet normal -9.936021e-01 -9.786083e-02 -5.637428e-02
  outer loop
   vertex -1.227401e+01 2.027700e+01 3.600000e+00
   vertex -1.235087e+01 2.105736e+01 3.600000e+00
   vertex -1.230894e+01 2.080444e+01 3.300000e+00
  endloop
 endfacet
 facet normal -9.553242e-01 -2.897946e-01 -5.809252e-02
  outer loop
   vertex -1.257849e+01 2.180773e+01 3.600000e+00
   vertex -1.241311e+01 2.132268e+01 3.300000e+00
   vertex -1.235087e+01 2.105736e+01 3.600000e+00
  endloop
 endfacet
 facet normal -8.803606e-01 -4.705620e-01 -5.946961e-02
  outer loop
   vertex -1.294813e+01 2.249928e+01 3.600000e+00
   vertex -1.279723e+01 2.225488e+01 3.300000e+00
   vertex -1.257849e+01 2.180773e+01 3.600000e+00
  endloop
 endfacet
 facet normal -7.719863e-01 -6.335538e-01 -5.144624e-02
  outer loop
   vertex -1.307422e+01 2.267728e+01 3.300000e+00
   vertex -1.294813e+01 2.249928e+01 3.600000e+00
   vertex -1.344558e+01 2.310542e+01 3.600000e+00
  endloop
 endfacet
 facet normal -4.709747e-01 -8.811304e-01 -4.233229e-02
  outer loop
   vertex -1.474328e+01 2.397252e+01 3.600000e+00
   vertex -1.418971e+01 2.369104e+01 3.300000e+00
   vertex -1.405173e+01 2.360287e+01 3.600000e+00
  endloop
 endfacet
 facet normal -6.331339e-01 -7.714747e-01 -6.299399e-02
  outer loop
   vertex -1.377606e+01 2.340114e+01 3.300000e+00
   vertex -1.344558e+01 2.310542e+01 3.600000e+00
   vertex -1.405173e+01 2.360287e+01 3.600000e+00
  endloop
 endfacet
 facet normal 8.008586e-02 -9.962600e-01 3.243893e-02
  outer loop
   vertex -1.687186e+01 2.423207e+01 3.300000e+00
   vertex -1.631560e+01 2.427678e+01 3.300000e+00
   vertex -1.658700e+01 2.426473e+01 3.600000e+00
  endloop
 endfacet
 facet normal -2.897670e-01 -9.552333e-01 -5.970268e-02
  outer loop
   vertex -1.549365e+01 2.420014e+01 3.600000e+00
   vertex -1.521150e+01 2.413330e+01 3.300000e+00
   vertex -1.474328e+01 2.397252e+01 3.600000e+00
  endloop
 endfacet
 facet normal -5.872029e-02 -9.939292e-01 -9.304098e-02
  outer loop
   vertex -1.631560e+01 2.427678e+01 3.300000e+00
   vertex -1.549365e+01 2.420014e+01 3.600000e+00
   vertex -1.658700e+01 2.426473e+01 3.600000e+00
  endloop
 endfacet
 facet normal 1.395329e-01 -9.899093e-01 -2.469963e-02
  outer loop
   vertex -1.658700e+01 2.426473e+01 3.600000e+00
   vertex -1.706211e+01 2.419859e+01 3.566849e+00
   vertex -1.687186e+01 2.423207e+01 3.300000e+00
  endloop
 endfacet
 facet normal -5.913039e-02 -9.940076e-01 -9.193738e-02
  outer loop
   vertex -1.549365e+01 2.420014e+01 3.600000e+00
   vertex -1.631560e+01 2.427678e+01 3.300000e+00
   vertex -1.575853e+01 2.424364e+01 3.300000e+00
  endloop
 endfacet
 facet normal 4.822212e-01 -8.760495e-01 0.000000e+00
  outer loop
   vertex -1.793887e+01 2.391406e+01 2.433333e+00
   vertex -1.845638e+01 2.362920e+01 2.000000e+00
   vertex -1.793887e+01 2.391406e+01 2.000000e+00
  endloop
 endfacet
 facet normal 4.822212e-01 -8.760495e-01 0.000000e+00
  outer loop
   vertex -1.793887e+01 2.391406e+01 2.433333e+00
   vertex -1.845638e+01 2.362920e+01 2.800000e+00
   vertex -1.845638e+01 2.362920e+01 2.000000e+00
  endloop
 endfacet
 facet normal 5.930195e-01 -8.051881e-01 0.000000e+00
  outer loop
   vertex -1.845638e+01 2.362920e+01 2.800000e+00
   vertex -1.882790e+01 2.335557e+01 2.800000e+00
   vertex -1.882790e+01 2.335557e+01 2.000000e+00
  endloop
 endfacet
 facet normal 4.822212e-01 -8.760495e-01 0.000000e+00
  outer loop
   vertex -1.793887e+01 2.391406e+01 2.866667e+00
   vertex -1.845638e+01 2.362920e+01 2.800000e+00
   vertex -1.793887e+01 2.391406e+01 2.433333e+00
  endloop
 endfacet
 facet normal 7.615102e-01 -6.481530e-01 0.000000e+00
  outer loop
   vertex -1.946452e+01 2.268960e+01 2.320000e+00
   vertex -1.946452e+01 2.268960e+01 2.000000e+00
   vertex -1.916545e+01 2.304098e+01 2.000000e+00
  endloop
 endfacet
 facet normal 7.615102e-01 -6.481530e-01 0.000000e+00
  outer loop
   vertex -1.916545e+01 2.304098e+01 2.800000e+00
   vertex -1.946452e+01 2.268960e+01 2.640000e+00
   vertex -1.946452e+01 2.268960e+01 2.320000e+00
  endloop
 endfacet
 facet normal 6.818013e-01 -7.315374e-01 0.000000e+00
  outer loop
   vertex -1.916545e+01 2.304098e+01 2.000000e+00
   vertex -1.882790e+01 2.335557e+01 2.000000e+00
   vertex -1.882790e+01 2.335557e+01 2.800000e+00
  endloop
 endfacet
 facet normal 7.615102e-01 -6.481530e-01 0.000000e+00
  outer loop
   vertex -1.946452e+01 2.268960e+01 2.960000e+00
   vertex -1.946452e+01 2.268960e+01 2.640000e+00
   vertex -1.916545e+01 2.304098e+01 2.800000e+00
  endloop
 endfacet
 facet normal 6.817967e-01 -7.315325e-01 3.670066e-03
  outer loop
   vertex -1.887245e+01 2.331807e+01 3.600000e+00
   vertex -1.916545e+01 2.304098e+01 2.800000e+00
   vertex -1.882790e+01 2.335557e+01 2.800000e+00
  endloop
 endfacet
 facet normal 5.930049e-01 -8.051682e-01 7.024228e-03
  outer loop
   vertex -1.856530e+01 2.355571e+01 3.571983e+00
   vertex -1.882790e+01 2.335557e+01 2.800000e+00
   vertex -1.845638e+01 2.362920e+01 2.800000e+00
  endloop
 endfacet
 facet normal 2.179542e-01 -9.754000e-01 3.302875e-02
  outer loop
   vertex -1.741649e+01 2.411037e+01 3.300000e+00
   vertex -1.687186e+01 2.423207e+01 3.300000e+00
   vertex -1.706211e+01 2.419859e+01 3.566849e+00
  endloop
 endfacet
 facet normal 4.822212e-01 -8.760495e-01 0.000000e+00
  outer loop
   vertex -1.793887e+01 2.391406e+01 3.300000e+00
   vertex -1.845638e+01 2.362920e+01 2.800000e+00
   vertex -1.793887e+01 2.391406e+01 2.866667e+00
  endloop
 endfacet
 facet normal 3.516568e-01 -9.357778e-01 2.564072e-02
  outer loop
   vertex -1.752666e+01 2.407580e+01 3.549182e+00
   vertex -1.793887e+01 2.391406e+01 3.300000e+00
   vertex -1.741649e+01 2.411037e+01 3.300000e+00
  endloop
 endfacet
 facet normal 2.562389e-01 -9.663898e-01 -2.079267e-02
  outer loop
   vertex -1.741649e+01 2.411037e+01 3.300000e+00
   vertex -1.706211e+01 2.419859e+01 3.566849e+00
   vertex -1.752666e+01 2.407580e+01 3.549182e+00
  endloop
 endfacet
 facet normal 3.589043e-01 -9.332967e-01 1.204104e-02
  outer loop
   vertex -1.793887e+01 2.391406e+01 3.300000e+00
   vertex -1.752666e+01 2.407580e+01 3.549182e+00
   vertex -1.789006e+01 2.393601e+01 3.546457e+00
  endloop
 endfacet
 facet normal 4.477378e-01 -8.941192e-01 -9.043382e-03
  outer loop
   vertex -1.789006e+01 2.393601e+01 3.546457e+00
   vertex -1.823706e+01 2.376217e+01 3.554096e+00
   vertex -1.793887e+01 2.391406e+01 3.300000e+00
  endloop
 endfacet
 facet normal 4.672516e-01 -8.838989e-01 1.996546e-02
  outer loop
   vertex -1.793887e+01 2.391406e+01 3.300000e+00
   vertex -1.823706e+01 2.376217e+01 3.554096e+00
   vertex -1.845638e+01 2.362920e+01 2.800000e+00
  endloop
 endfacet
 facet normal 6.117595e-01 -7.910381e-01 -3.018810e-03
  outer loop
   vertex -1.882790e+01 2.335557e+01 2.800000e+00
   vertex -1.856530e+01 2.355571e+01 3.571983e+00
   vertex -1.887245e+01 2.331807e+01 3.600000e+00
  endloop
 endfacet
 facet normal 7.364179e-01 -6.755836e-01 -3.571418e-02
  outer loop
   vertex -1.887245e+01 2.331807e+01 3.600000e+00
   vertex -1.946452e+01 2.268960e+01 3.280000e+00
   vertex -1.916545e+01 2.304098e+01 2.800000e+00
  endloop
 endfacet
 facet normal 5.321977e-01 -8.466022e-01 -5.499779e-03
  outer loop
   vertex -1.856530e+01 2.355571e+01 3.571983e+00
   vertex -1.845638e+01 2.362920e+01 2.800000e+00
   vertex -1.823706e+01 2.376217e+01 3.554096e+00
  endloop
 endfacet
 facet normal 7.278699e-01 -6.857153e-01 0.000000e+00
  outer loop
   vertex -1.946452e+01 2.268960e+01 3.600000e+00
   vertex -1.946452e+01 2.268960e+01 3.280000e+00
   vertex -1.887245e+01 2.331807e+01 3.600000e+00
  endloop
 endfacet
 facet normal 7.615102e-01 -6.481530e-01 0.000000e+00
  outer loop
   vertex -1.916545e+01 2.304098e+01 2.800000e+00
   vertex -1.946452e+01 2.268960e+01 3.280000e+00
   vertex -1.946452e+01 2.268960e+01 2.960000e+00
  endloop
 endfacet
 facet normal -5.147177e-01 -8.573597e-01 -0.000000e+00
  outer loop
   vertex -8.670716e+00 -2.030366e+01 2.650000e+00
   vertex -9.199968e+00 -1.998592e+01 2.000000e+00
   vertex -8.670716e+00 -2.030366e+01 2.000000e+00
  endloop
 endfacet
 facet normal -3.766693e-01 -9.263478e-01 0.000000e+00
  outer loop
   vertex -9.771806e+00 -1.975340e+01 2.000000e+00
   vertex -9.199968e+00 -1.998592e+01 2.000000e+00
   vertex -9.199968e+00 -1.998592e+01 3.300000e+00
  endloop
 endfacet
 facet normal -7.716161e-02 -9.970186e-01 0.000000e+00
  outer loop
   vertex -1.098808e+01 -1.956400e+01 2.000000e+00
   vertex -1.037261e+01 -1.961164e+01 2.000000e+00
   vertex -1.037261e+01 -1.961164e+01 3.300000e+00
  endloop
 endfacet
 facet normal 9.801670e-02 -9.951848e-01 0.000000e+00
  outer loop
   vertex -1.176844e+01 -1.964086e+01 2.000000e+00
   vertex -1.098808e+01 -1.956400e+01 2.000000e+00
   vertex -1.098808e+01 -1.956400e+01 3.300000e+00
  endloop
 endfacet
 facet normal -2.296527e-01 -9.732726e-01 0.000000e+00
  outer loop
   vertex -1.037261e+01 -1.961164e+01 2.000000e+00
   vertex -9.771806e+00 -1.975340e+01 2.000000e+00
   vertex -9.771806e+00 -1.975340e+01 3.300000e+00
  endloop
 endfacet
 facet normal 4.713973e-01 -8.819210e-01 0.000000e+00
  outer loop
   vertex -1.321036e+01 -2.023812e+01 2.000000e+00
   vertex -1.251881e+01 -1.986848e+01 2.000000e+00
   vertex -1.251881e+01 -1.986848e+01 3.300000e+00
  endloop
 endfacet
 facet normal 6.343924e-01 -7.730112e-01 0.000000e+00
  outer loop
   vertex -1.381650e+01 -2.073557e+01 2.000000e+00
   vertex -1.321036e+01 -2.023812e+01 2.000000e+00
   vertex -1.321036e+01 -2.023812e+01 3.300000e+00
  endloop
 endfacet
 facet normal 8.819215e-01 -4.713964e-01 0.000000e+00
  outer loop
   vertex -1.468359e+01 -2.203327e+01 2.000000e+00
   vertex -1.431395e+01 -2.134172e+01 2.000000e+00
   vertex -1.431395e+01 -2.134172e+01 3.300000e+00
  endloop
 endfacet
 facet normal 9.569405e-01 -2.902842e-01 0.000000e+00
  outer loop
   vertex -1.468359e+01 -2.203327e+01 3.300000e+00
   vertex -1.491122e+01 -2.278364e+01 3.300000e+00
   vertex -1.491122e+01 -2.278364e+01 2.000000e+00
  endloop
 endfacet
 facet normal 7.730100e-01 -6.343938e-01 0.000000e+00
  outer loop
   vertex -1.431395e+01 -2.134172e+01 2.000000e+00
   vertex -1.381650e+01 -2.073557e+01 2.000000e+00
   vertex -1.381650e+01 -2.073557e+01 3.300000e+00
  endloop
 endfacet
 facet normal 2.902849e-01 -9.569403e-01 0.000000e+00
  outer loop
   vertex -1.251881e+01 -1.986848e+01 2.000000e+00
   vertex -1.176844e+01 -1.964086e+01 2.000000e+00
   vertex -1.176844e+01 -1.964086e+01 3.300000e+00
  endloop
 endfacet
 facet normal -5.147177e-01 -8.573597e-01 -0.000000e+00
  outer loop
   vertex -8.670716e+00 -2.030366e+01 3.300000e+00
   vertex -9.199968e+00 -1.998592e+01 3.300000e+00
   vertex -8.670716e+00 -2.030366e+01 2.650000e+00
  endloop
 endfacet
 facet normal -5.147177e-01 -8.573597e-01 -0.000000e+00
  outer loop
   vertex -9.199968e+00 -1.998592e+01 3.300000e+00
   vertex -9.199968e+00 -1.998592e+01 2.000000e+00
   vertex -8.670716e+00 -2.030366e+01 2.650000e+00
  endloop
 endfacet
 facet normal 9.962747e-01 8.623687e-02 0.000000e+00
  outer loop
   vertex -1.492858e+01 -2.425132e+01 2.000000e+00
   vertex -1.498808e+01 -2.356400e+01 2.000000e+00
   vertex -1.498808e+01 -2.356400e+01 3.300000e+00
  endloop
 endfacet
 facet normal 9.666385e-01 2.561446e-01 0.000000e+00
  outer loop
   vertex -1.475187e+01 -2.491820e+01 2.000000e+00
   vertex -1.492858e+01 -2.425132e+01 2.000000e+00
   vertex -1.492858e+01 -2.425132e+01 3.300000e+00
  endloop
 endfacet
 facet normal 8.228392e-01 5.682742e-01 0.000000e+00
  outer loop
   vertex -1.407115e+01 -2.611246e+01 2.000000e+00
   vertex -1.446320e+01 -2.554479e+01 2.000000e+00
   vertex -1.446320e+01 -2.554479e+01 3.300000e+00
  endloop
 endfacet
 facet normal 7.129553e-01 7.012095e-01 -0.000000e+00
  outer loop
   vertex -1.407115e+01 -2.611246e+01 2.000000e+00
   vertex -1.407115e+01 -2.611246e+01 3.300000e+00
   vertex -1.358739e+01 -2.660433e+01 2.000000e+00
  endloop
 endfacet
 facet normal 9.082482e-01 4.184318e-01 0.000000e+00
  outer loop
   vertex -1.446320e+01 -2.554479e+01 2.000000e+00
   vertex -1.475187e+01 -2.491820e+01 2.000000e+00
   vertex -1.475187e+01 -2.491820e+01 3.300000e+00
  endloop
 endfacet
 facet normal 4.334451e-01 9.011453e-01 7.905116e-03
  outer loop
   vertex -1.240460e+01 -2.730479e+01 2.000000e+00
   vertex -1.302631e+01 -2.700575e+01 2.000000e+00
   vertex -1.254181e+01 -2.724991e+01 3.267713e+00
  endloop
 endfacet
 facet normal 2.721634e-01 9.622511e-01 0.000000e+00
  outer loop
   vertex -1.174075e+01 -2.749255e+01 2.322585e+00
   vertex -1.174075e+01 -2.749255e+01 2.000000e+00
   vertex -1.240460e+01 -2.730479e+01 2.000000e+00
  endloop
 endfacet
 facet normal 2.721634e-01 9.622511e-01 0.000000e+00
  outer loop
   vertex -1.240460e+01 -2.730479e+01 2.000000e+00
   vertex -1.174075e+01 -2.749255e+01 2.645169e+00
   vertex -1.174075e+01 -2.749255e+01 2.322585e+00
  endloop
 endfacet
 facet normal 2.595789e-01 9.656214e-01 1.392973e-02
  outer loop
   vertex -1.214808e+01 -2.739211e+01 3.273013e+00
   vertex -1.174075e+01 -2.749255e+01 2.645169e+00
   vertex -1.240460e+01 -2.730479e+01 2.000000e+00
  endloop
 endfacet
 facet normal 5.818240e-01 8.132363e-01 1.129124e-02
  outer loop
   vertex -1.327560e+01 -2.684535e+01 3.293242e+00
   vertex -1.302631e+01 -2.700575e+01 2.000000e+00
   vertex -1.358739e+01 -2.660433e+01 2.000000e+00
  endloop
 endfacet
 facet normal 2.394139e-01 9.709176e-01 -0.000000e+00
  outer loop
   vertex -1.174075e+01 -2.749255e+01 2.645169e+00
   vertex -1.214808e+01 -2.739211e+01 3.273013e+00
   vertex -1.174075e+01 -2.749255e+01 2.967754e+00
  endloop
 endfacet
 facet normal 9.951847e-01 -9.801791e-02 0.000000e+00
  outer loop
   vertex -1.498808e+01 -2.356400e+01 2.000000e+00
   vertex -1.491122e+01 -2.278364e+01 2.000000e+00
   vertex -1.491122e+01 -2.278364e+01 3.300000e+00
  endloop
 endfacet
 facet normal 5.278608e-01 8.493233e-01 -3.586643e-03
  outer loop
   vertex -1.291872e+01 -2.706723e+01 3.274451e+00
   vertex -1.302631e+01 -2.700575e+01 2.000000e+00
   vertex -1.327560e+01 -2.684535e+01 3.293242e+00
  endloop
 endfacet
 facet normal 3.397266e-01 9.405160e-01 -3.942705e-03
  outer loop
   vertex -1.240460e+01 -2.730479e+01 2.000000e+00
   vertex -1.254181e+01 -2.724991e+01 3.267713e+00
   vertex -1.214808e+01 -2.739211e+01 3.273013e+00
  endloop
 endfacet
 facet normal 2.394139e-01 9.709176e-01 0.000000e+00
  outer loop
   vertex -1.174075e+01 -2.749255e+01 3.290338e+00
   vertex -1.174075e+01 -2.749255e+01 2.967754e+00
   vertex -1.214808e+01 -2.739211e+01 3.273013e+00
  endloop
 endfacet
 facet normal 5.834336e-01 8.120905e-01 1.068965e-02
  outer loop
   vertex -1.327560e+01 -2.684535e+01 3.293242e+00
   vertex -1.358739e+01 -2.660433e+01 2.000000e+00
   vertex -1.336345e+01 -2.678233e+01 3.300000e+00
  endloop
 endfacet
 facet normal 4.362280e-01 8.998121e-01 6.584780e-03
  outer loop
   vertex -1.254181e+01 -2.724991e+01 3.267713e+00
   vertex -1.302631e+01 -2.700575e+01 2.000000e+00
   vertex -1.291872e+01 -2.706723e+01 3.274451e+00
  endloop
 endfacet
 facet normal 0.000000e+00 0.000000e+00 1.000000e+00
  outer loop
   vertex -1.310351e+01 -2.223174e+01 2.000000e+00
   vertex -1.468359e+01 -2.203327e+01 2.000000e+00
   vertex -1.328720e+01 -2.258216e+01 2.000000e+00
  endloop
 endfacet
 facet normal 0.000000e+00 0.000000e+00 1.000000e+00
  outer loop
   vertex -1.310351e+01 -2.223174e+01 2.000000e+00
   vertex -1.431395e+01 -2.134172e+01 2.000000e+00
   vertex -1.468359e+01 -2.203327e+01 2.000000e+00
  endloop
 endfacet
 facet normal 0.000000e+00 0.000000e+00 1.000000e+00
  outer loop
   vertex -1.381650e+01 -2.073557e+01 2.000000e+00
   vertex -1.431395e+01 -2.134172e+01 2.000000e+00
   vertex -1.286683e+01 -2.191468e+01 2.000000e+00
  endloop
 endfacet
 facet normal 0.000000e+00 -0.000000e+00 1.000000e+00
  outer loop
   vertex -1.341331e+01 -2.295717e+01 2.000000e+00
   vertex -1.328720e+01 -2.258216e+01 2.000000e+00
   vertex -1.468359e+01 -2.203327e+01 2.000000e+00
  endloop
 endfacet
 facet normal 0.000000e+00 0.000000e+00 1.000000e+00
  outer loop
   vertex -1.347867e+01 -2.334738e+01 2.000000e+00
   vertex -1.491122e+01 -2.278364e+01 2.000000e+00
   vertex -1.498808e+01 -2.356400e+01 2.000000e+00
  endloop
 endfacet
 facet normal -0.000000e+00 0.000000e+00 1.000000e+00
  outer loop
   vertex -1.498808e+01 -2.356400e+01 2.000000e+00
   vertex -1.348166e+01 -2.374302e+01 2.000000e+00
   vertex -1.347867e+01 -2.334738e+01 2.000000e+00
  endloop
 endfacet
 facet normal 0.000000e+00 0.000000e+00 1.000000e+00
  outer loop
   vertex -1.491122e+01 -2.278364e+01 2.000000e+00
   vertex -1.347867e+01 -2.334738e+01 2.000000e+00
   vertex -1.341331e+01 -2.295717e+01 2.000000e+00
  endloop
 endfacet
 facet normal 0.000000e+00 0.000000e+00 1.000000e+00
  outer loop
   vertex -1.341331e+01 -2.295717e+01 2.000000e+00
   vertex -1.468359e+01 -2.203327e+01 2.000000e+00
   vertex -1.491122e+01 -2.278364e+01 2.000000e+00
  endloop
 endfacet
 facet normal 0.000000e+00 -0.000000e+00 1.000000e+00
  outer loop
   vertex -1.492858e+01 -2.425132e+01 2.000000e+00
   vertex -1.348166e+01 -2.374302e+01 2.000000e+00
   vertex -1.498808e+01 -2.356400e+01 2.000000e+00
  endloop
 endfacet
 facet normal 0.000000e+00 0.000000e+00 1.000000e+00
  outer loop
   vertex -1.251881e+01 -1.986848e+01 2.000000e+00
   vertex -1.321036e+01 -2.023812e+01 2.000000e+00
   vertex -1.225942e+01 -2.141141e+01 2.000000e+00
  endloop
 endfacet
 facet normal 0.000000e+00 -0.000000e+00 1.000000e+00
  outer loop
   vertex -1.189898e+01 -2.123586e+01 2.000000e+00
   vertex -1.176844e+01 -1.964086e+01 2.000000e+00
   vertex -1.251881e+01 -1.986848e+01 2.000000e+00
  endloop
 endfacet
 facet normal 0.000000e+00 0.000000e+00 1.000000e+00
  outer loop
   vertex -1.111770e+01 -2.106737e+01 2.000000e+00
   vertex -1.176844e+01 -1.964086e+01 2.000000e+00
   vertex -1.151512e+01 -2.112019e+01 2.000000e+00
  endloop
 endfacet
 facet normal 0.000000e+00 0.000000e+00 1.000000e+00
  outer loop
   vertex -1.176844e+01 -1.964086e+01 2.000000e+00
   vertex -1.189898e+01 -2.123586e+01 2.000000e+00
   vertex -1.151512e+01 -2.112019e+01 2.000000e+00
  endloop
 endfacet
 facet normal 0.000000e+00 0.000000e+00 1.000000e+00
  outer loop
   vertex -1.286683e+01 -2.191468e+01 2.000000e+00
   vertex -1.431395e+01 -2.134172e+01 2.000000e+00
   vertex -1.310351e+01 -2.223174e+01 2.000000e+00
  endloop
 endfacet
 facet normal 0.000000e+00 0.000000e+00 1.000000e+00
  outer loop
   vertex -1.321036e+01 -2.023812e+01 2.000000e+00
   vertex -1.258310e+01 -2.163894e+01 2.000000e+00
   vertex -1.225942e+01 -2.141141e+01 2.000000e+00
  endloop
 endfacet
 facet normal 0.000000e+00 0.000000e+00 1.000000e+00
  outer loop
   vertex -1.251881e+01 -1.986848e+01 2.000000e+00
   vertex -1.225942e+01 -2.141141e+01 2.000000e+00
   vertex -1.189898e+01 -2.123586e+01 2.000000e+00
  endloop
 endfacet
 facet normal 0.000000e+00 -0.000000e+00 1.000000e+00
  outer loop
   vertex -1.286683e+01 -2.191468e+01 2.000000e+00
   vertex -1.258310e+01 -2.163894e+01 2.000000e+00
   vertex -1.381650e+01 -2.073557e+01 2.000000e+00
  endloop
 endfacet
 facet normal 0.000000e+00 0.000000e+00 1.000000e+00
  outer loop
   vertex -1.258310e+01 -2.163894e+01 2.000000e+00
   vertex -1.321036e+01 -2.023812e+01 2.000000e+00
   vertex -1.381650e+01 -2.073557e+01 2.000000e+00
  endloop
 endfacet
 facet normal 0.000000e+00 0.000000e+00 1.000000e+00
  outer loop
   vertex -1.342219e+01 -2.413417e+01 2.000000e+00
   vertex -1.492858e+01 -2.425132e+01 2.000000e+00
   vertex -1.475187e+01 -2.491820e+01 2.000000e+00
  endloop
 endfacet
 facet normal 0.000000e+00 0.000000e+00 1.000000e+00
  outer loop
   vertex -1.348166e+01 -2.374302e+01 2.000000e+00
   vertex -1.492858e+01 -2.425132e+01 2.000000e+00
   vertex -1.342219e+01 -2.413417e+01 2.000000e+00
  endloop
 endfacet
 facet normal 0.000000e+00 0.000000e+00 1.000000e+00
  outer loop
   vertex -1.329975e+01 -2.451593e+01 2.000000e+00
   vertex -1.342219e+01 -2.413417e+01 2.000000e+00
   vertex -1.475187e+01 -2.491820e+01 2.000000e+00
  endloop
 endfacet
 facet normal 0.000000e+00 0.000000e+00 1.000000e+00
  outer loop
   vertex -1.311786e+01 -2.487321e+01 2.000000e+00
   vertex -1.329975e+01 -2.451593e+01 2.000000e+00
   vertex -1.446320e+01 -2.554479e+01 2.000000e+00
  endloop
 endfacet
 facet normal 0.000000e+00 -0.000000e+00 1.000000e+00
  outer loop
   vertex -1.446320e+01 -2.554479e+01 2.000000e+00
   vertex -1.329975e+01 -2.451593e+01 2.000000e+00
   vertex -1.475187e+01 -2.491820e+01 2.000000e+00
  endloop
 endfacet
 facet normal 0.000000e+00 0.000000e+00 1.000000e+00
  outer loop
   vertex -1.311786e+01 -2.487321e+01 2.000000e+00
   vertex -1.446320e+01 -2.554479e+01 2.000000e+00
   vertex -1.407115e+01 -2.611246e+01 2.000000e+00
  endloop
 endfacet
 facet normal 0.000000e+00 -0.000000e+00 1.000000e+00
  outer loop
   vertex -1.358739e+01 -2.660433e+01 2.000000e+00
   vertex -1.288119e+01 -2.519683e+01 2.000000e+00
   vertex -1.407115e+01 -2.611246e+01 2.000000e+00
  endloop
 endfacet
 facet normal 0.000000e+00 -0.000000e+00 1.000000e+00
  outer loop
   vertex -1.302631e+01 -2.700575e+01 2.000000e+00
   vertex -1.259584e+01 -2.547844e+01 2.000000e+00
   vertex -1.358739e+01 -2.660433e+01 2.000000e+00
  endloop
 endfacet
 facet normal 0.000000e+00 0.000000e+00 1.000000e+00
  outer loop
   vertex -1.311786e+01 -2.487321e+01 2.000000e+00
   vertex -1.407115e+01 -2.611246e+01 2.000000e+00
   vertex -1.288119e+01 -2.519683e+01 2.000000e+00
  endloop
 endfacet
 facet normal 0.000000e+00 0.000000e+00 1.000000e+00
  outer loop
   vertex -1.259584e+01 -2.547844e+01 2.000000e+00
   vertex -1.302631e+01 -2.700575e+01 2.000000e+00
   vertex -1.226915e+01 -2.571083e+01 2.000000e+00
  endloop
 endfacet
 facet normal -0.000000e+00 0.000000e+00 1.000000e+00
  outer loop
   vertex -1.302631e+01 -2.700575e+01 2.000000e+00
   vertex -1.240460e+01 -2.730479e+01 2.000000e+00
   vertex -1.190950e+01 -2.588800e+01 2.000000e+00
  endloop
 endfacet
 facet normal 0.000000e+00 0.000000e+00 1.000000e+00
  outer loop
   vertex -1.226915e+01 -2.571083e+01 2.000000e+00
   vertex -1.302631e+01 -2.700575e+01 2.000000e+00
   vertex -1.190950e+01 -2.588800e+01 2.000000e+00
  endloop
 endfacet
 facet normal 0.000000e+00 0.000000e+00 1.000000e+00
  outer loop
   vertex -1.152616e+01 -2.600541e+01 2.000000e+00
   vertex -1.240460e+01 -2.730479e+01 2.000000e+00
   vertex -1.174075e+01 -2.749255e+01 2.000000e+00
  endloop
 endfacet
 facet normal 0.000000e+00 -0.000000e+00 1.000000e+00
  outer loop
   vertex -1.117028e+01 -2.755985e+01 2.000000e+00
   vertex -1.094247e+01 -2.621775e+01 2.000000e+00
   vertex -1.174075e+01 -2.749255e+01 2.000000e+00
  endloop
 endfacet
 facet normal 0.000000e+00 0.000000e+00 1.000000e+00
  outer loop
   vertex -1.152616e+01 -2.600541e+01 2.000000e+00
   vertex -1.094247e+01 -2.621775e+01 2.000000e+00
   vertex -1.112899e+01 -2.606003e+01 2.000000e+00
  endloop
 endfacet
 facet normal 0.000000e+00 0.000000e+00 1.000000e+00
  outer loop
   vertex -1.174075e+01 -2.749255e+01 2.000000e+00
   vertex -1.094247e+01 -2.621775e+01 2.000000e+00
   vertex -1.152616e+01 -2.600541e+01 2.000000e+00
  endloop
 endfacet
 facet normal 0.000000e+00 0.000000e+00 1.000000e+00
  outer loop
   vertex -1.152616e+01 -2.600541e+01 2.000000e+00
   vertex -1.190950e+01 -2.588800e+01 2.000000e+00
   vertex -1.240460e+01 -2.730479e+01 2.000000e+00
  endloop
 endfacet
 facet normal 0.000000e+00 0.000000e+00 1.000000e+00
  outer loop
   vertex -1.288119e+01 -2.519683e+01 2.000000e+00
   vertex -1.358739e+01 -2.660433e+01 2.000000e+00
   vertex -1.259584e+01 -2.547844e+01 2.000000e+00
  endloop
 endfacet
 facet normal 0.000000e+00 0.000000e+00 1.000000e+00
  outer loop
   vertex -1.098808e+01 -1.956400e+01 2.000000e+00
   vertex -1.111770e+01 -2.106737e+01 2.000000e+00
   vertex -1.071694e+01 -2.107875e+01 2.000000e+00
  endloop
 endfacet
 facet normal -0.000000e+00 0.000000e+00 1.000000e+00
  outer loop
   vertex -1.176844e+01 -1.964086e+01 2.000000e+00
   vertex -1.111770e+01 -2.106737e+01 2.000000e+00
   vertex -1.098808e+01 -1.956400e+01 2.000000e+00
  endloop
 endfacet
 facet normal 0.000000e+00 0.000000e+00 1.000000e+00
  outer loop
   vertex -1.037261e+01 -1.961164e+01 2.000000e+00
   vertex -1.098808e+01 -1.956400e+01 2.000000e+00
   vertex -1.071694e+01 -2.107875e+01 2.000000e+00
  endloop
 endfacet
 facet normal 0.000000e+00 0.000000e+00 1.000000e+00
  outer loop
   vertex -9.771806e+00 -1.975340e+01 2.000000e+00
   vertex -1.037261e+01 -1.961164e+01 2.000000e+00
   vertex -1.032316e+01 -2.115405e+01 2.000000e+00
  endloop
 endfacet
 facet normal 0.000000e+00 0.000000e+00 1.000000e+00
  outer loop
   vertex -1.037261e+01 -1.961164e+01 2.000000e+00
   vertex -1.071694e+01 -2.107875e+01 2.000000e+00
   vertex -1.032316e+01 -2.115405e+01 2.000000e+00
  endloop
 endfacet
 facet normal -0.000000e+00 0.000000e+00 1.000000e+00
  outer loop
   vertex -9.946482e+00 -2.129132e+01 2.000000e+00
   vertex -9.596587e+00 -2.148704e+01 2.000000e+00
   vertex -9.199968e+00 -1.998592e+01 2.000000e+00
  endloop
 endfacet
 facet normal 0.000000e+00 0.000000e+00 1.000000e+00
  outer loop
   vertex -9.596587e+00 -2.148704e+01 2.000000e+00
   vertex -9.282477e+00 -2.173618e+01 2.000000e+00
   vertex -9.079922e+00 -2.175591e+01 2.000000e+00
  endloop
 endfacet
 facet normal 0.000000e+00 -0.000000e+00 1.000000e+00
  outer loop
   vertex -9.946482e+00 -2.129132e+01 2.000000e+00
   vertex -9.771806e+00 -1.975340e+01 2.000000e+00
   vertex -1.032316e+01 -2.115405e+01 2.000000e+00
  endloop
 endfacet
 facet normal 0.000000e+00 0.000000e+00 1.000000e+00
  outer loop
   vertex -9.771806e+00 -1.975340e+01 2.000000e+00
   vertex -9.946482e+00 -2.129132e+01 2.000000e+00
   vertex -9.199968e+00 -1.998592e+01 2.000000e+00
  endloop
 endfacet
 facet normal 0.000000e+00 -0.000000e+00 1.000000e+00
  outer loop
   vertex -9.079922e+00 -2.175591e+01 2.000000e+00
   vertex -8.670716e+00 -2.030366e+01 2.000000e+00
   vertex -9.596587e+00 -2.148704e+01 2.000000e+00
  endloop
 endfacet
 facet normal 0.000000e+00 0.000000e+00 1.000000e+00
  outer loop
   vertex -9.079922e+00 -2.175591e+01 2.000000e+00
   vertex -8.171494e+00 -2.072378e+01 2.000000e+00
   vertex -8.670716e+00 -2.030366e+01 2.000000e+00
  endloop
 endfacet
 facet normal 0.000000e+00 0.000000e+00 1.000000e+00
  outer loop
   vertex -8.171494e+00 -2.072378e+01 2.000000e+00
   vertex -8.497959e+00 -2.190980e+01 2.000000e+00
   vertex -7.747214e+00 -2.121947e+01 2.000000e+00
  endloop
 endfacet
 facet normal 0.000000e+00 -0.000000e+00 1.000000e+00
  outer loop
   vertex -8.880404e+00 -2.179188e+01 2.000000e+00
   vertex -8.171494e+00 -2.072378e+01 2.000000e+00
   vertex -9.079922e+00 -2.175591e+01 2.000000e+00
  endloop
 endfacet
 facet normal -0.000000e+00 0.000000e+00 1.000000e+00
  outer loop
   vertex -8.685831e+00 -2.184348e+01 2.000000e+00
   vertex -8.497959e+00 -2.190980e+01 2.000000e+00
   vertex -8.171494e+00 -2.072378e+01 2.000000e+00
  endloop
 endfacet
 facet normal 0.000000e+00 0.000000e+00 1.000000e+00
  outer loop
   vertex -8.171494e+00 -2.072378e+01 2.000000e+00
   vertex -8.880404e+00 -2.179188e+01 2.000000e+00
   vertex -8.685831e+00 -2.184348e+01 2.000000e+00
  endloop
 endfacet
 facet normal 0.000000e+00 0.000000e+00 1.000000e+00
  outer loop
   vertex -7.409166e+00 -2.177755e+01 2.000000e+00
   vertex -7.747214e+00 -2.121947e+01 2.000000e+00
   vertex -8.148318e+00 -2.208181e+01 2.000000e+00
  endloop
 endfacet
 facet normal 0.000000e+00 0.000000e+00 1.000000e+00
  outer loop
   vertex -7.747214e+00 -2.121947e+01 2.000000e+00
   vertex -8.497959e+00 -2.190980e+01 2.000000e+00
   vertex -8.318347e+00 -2.198969e+01 2.000000e+00
  endloop
 endfacet
 facet normal 0.000000e+00 0.000000e+00 1.000000e+00
  outer loop
   vertex -9.199968e+00 -1.998592e+01 2.000000e+00
   vertex -9.596587e+00 -2.148704e+01 2.000000e+00
   vertex -8.670716e+00 -2.030366e+01 2.000000e+00
  endloop
 endfacet
 facet normal 0.000000e+00 0.000000e+00 1.000000e+00
  outer loop
   vertex -1.074125e+01 -2.635664e+01 2.000000e+00
   vertex -1.117028e+01 -2.755985e+01 2.000000e+00
   vertex -1.052826e+01 -2.647480e+01 2.000000e+00
  endloop
 endfacet
 facet normal 0.000000e+00 0.000000e+00 1.000000e+00
  outer loop
   vertex -1.059605e+01 -2.754475e+01 2.000000e+00
   vertex -1.030672e+01 -2.657095e+01 2.000000e+00
   vertex -1.052826e+01 -2.647480e+01 2.000000e+00
  endloop
 endfacet
 facet normal 0.000000e+00 0.000000e+00 1.000000e+00
  outer loop
   vertex -1.117028e+01 -2.755985e+01 2.000000e+00
   vertex -1.059605e+01 -2.754475e+01 2.000000e+00
   vertex -1.052826e+01 -2.647480e+01 2.000000e+00
  endloop
 endfacet
 facet normal 0.000000e+00 0.000000e+00 1.000000e+00
  outer loop
   vertex -1.059605e+01 -2.754475e+01 2.000000e+00
   vertex -1.002990e+01 -2.744755e+01 2.000000e+00
   vertex -1.030672e+01 -2.657095e+01 2.000000e+00
  endloop
 endfacet
 facet normal 0.000000e+00 0.000000e+00 1.000000e+00
  outer loop
   vertex -1.007998e+01 -2.664444e+01 2.000000e+00
   vertex -1.030672e+01 -2.657095e+01 2.000000e+00
   vertex -1.002990e+01 -2.744755e+01 2.000000e+00
  endloop
 endfacet
 facet normal 0.000000e+00 0.000000e+00 1.000000e+00
  outer loop
   vertex -9.851348e+00 -2.669530e+01 2.000000e+00
   vertex -1.002990e+01 -2.744755e+01 2.000000e+00
   vertex -9.483521e+00 -2.727026e+01 2.000000e+00
  endloop
 endfacet
 facet normal 0.000000e+00 0.000000e+00 1.000000e+00
  outer loop
   vertex -1.007998e+01 -2.664444e+01 2.000000e+00
   vertex -1.002990e+01 -2.744755e+01 2.000000e+00
   vertex -9.851348e+00 -2.669530e+01 2.000000e+00
  endloop
 endfacet
 facet normal 0.000000e+00 0.000000e+00 1.000000e+00
  outer loop
   vertex -9.623988e+00 -2.672414e+01 2.000000e+00
   vertex -9.851348e+00 -2.669530e+01 2.000000e+00
   vertex -9.483521e+00 -2.727026e+01 2.000000e+00
  endloop
 endfacet
 facet normal 0.000000e+00 0.000000e+00 1.000000e+00
  outer loop
   vertex -1.094247e+01 -2.621775e+01 2.000000e+00
   vertex -1.117028e+01 -2.755985e+01 2.000000e+00
   vertex -1.074125e+01 -2.635664e+01 2.000000e+00
  endloop
 endfacet
 facet normal 0.000000e+00 -0.000000e+00 1.000000e+00
  outer loop
   vertex -8.148318e+00 -2.208181e+01 2.000000e+00
   vertex -7.747214e+00 -2.121947e+01 2.000000e+00
   vertex -8.318347e+00 -2.198969e+01 2.000000e+00
  endloop
 endfacet
 facet normal -0.000000e+00 0.000000e+00 1.000000e+00
  outer loop
   vertex -7.988934e+00 -2.218468e+01 2.000000e+00
   vertex -7.840989e+00 -2.229674e+01 2.000000e+00
   vertex -7.409166e+00 -2.177755e+01 2.000000e+00
  endloop
 endfacet
 facet normal 0.000000e+00 0.000000e+00 1.000000e+00
  outer loop
   vertex -7.409166e+00 -2.177755e+01 2.000000e+00
   vertex -8.148318e+00 -2.208181e+01 2.000000e+00
   vertex -7.988934e+00 -2.218468e+01 2.000000e+00
  endloop
 endfacet
 facet normal -0.000000e+00 0.000000e+00 1.000000e+00
  outer loop
   vertex -7.840989e+00 -2.229674e+01 2.000000e+00
   vertex -7.498981e+00 -2.231712e+01 2.000000e+00
   vertex -7.409166e+00 -2.177755e+01 2.000000e+00
  endloop
 endfacet
 facet normal 0.000000e+00 0.000000e+00 1.000000e+00
  outer loop
   vertex -9.191920e+00 -2.688549e+01 2.000000e+00
   vertex -9.400750e+00 -2.673210e+01 2.000000e+00
   vertex -9.483521e+00 -2.727026e+01 2.000000e+00
  endloop
 endfacet
 facet normal 0.000000e+00 0.000000e+00 1.000000e+00
  outer loop
   vertex -9.623988e+00 -2.672414e+01 2.000000e+00
   vertex -9.483521e+00 -2.727026e+01 2.000000e+00
   vertex -9.400750e+00 -2.673210e+01 2.000000e+00
  endloop
 endfacet
 facet normal 0.000000e+00 0.000000e+00 1.000000e+00
  outer loop
   vertex -9.483521e+00 -2.727026e+01 2.000000e+00
   vertex -8.968166e+00 -2.701653e+01 2.000000e+00
   vertex -9.191920e+00 -2.688549e+01 2.000000e+00
  endloop
 endfacet
 facet normal -0.000000e+00 0.000000e+00 1.000000e+00
  outer loop
   vertex -7.498981e+00 -2.231712e+01 2.000000e+00
   vertex -7.166346e+00 -2.238316e+01 2.000000e+00
   vertex -7.409166e+00 -2.177755e+01 2.000000e+00
  endloop
 endfacet
 facet normal 0.000000e+00 0.000000e+00 -1.000000e+00
  outer loop
   vertex -1.446320e+01 -2.554479e+01 3.300000e+00
   vertex -1.475187e+01 -2.491820e+01 3.300000e+00
   vertex -1.338843e+01 -2.475989e+01 3.300000e+00
  endloop
 endfacet
 facet normal 0.000000e+00 0.000000e+00 -1.000000e+00
  outer loop
   vertex -1.492858e+01 -2.425132e+01 3.300000e+00
   vertex -1.342219e+01 -2.413417e+01 3.300000e+00
   vertex -1.475187e+01 -2.491820e+01 3.300000e+00
  endloop
 endfacet
 facet normal 0.000000e+00 0.000000e+00 -1.000000e+00
  outer loop
   vertex -1.325737e+01 -2.537265e+01 3.300000e+00
   vertex -1.407115e+01 -2.611246e+01 3.300000e+00
   vertex -1.446320e+01 -2.554479e+01 3.300000e+00
  endloop
 endfacet
 facet normal 0.000000e+00 0.000000e+00 -1.000000e+00
  outer loop
   vertex -1.407115e+01 -2.611246e+01 3.300000e+00
   vertex -1.325737e+01 -2.537265e+01 3.300000e+00
   vertex -1.303221e+01 -2.595743e+01 3.300000e+00
  endloop
 endfacet
 facet normal -0.000000e+00 0.000000e+00 -1.000000e+00
  outer loop
   vertex -1.271849e+01 -2.649987e+01 3.300000e+00
   vertex -1.336345e+01 -2.678233e+01 3.300000e+00
   vertex -1.303221e+01 -2.595743e+01 3.300000e+00
  endloop
 endfacet
 facet normal -0.000000e+00 0.000000e+00 -1.000000e+00
  outer loop
   vertex -1.325737e+01 -2.537265e+01 3.300000e+00
   vertex -1.446320e+01 -2.554479e+01 3.300000e+00
   vertex -1.338843e+01 -2.475989e+01 3.300000e+00
  endloop
 endfacet
 facet normal 0.000000e+00 0.000000e+00 -1.000000e+00
  outer loop
   vertex -1.303221e+01 -2.595743e+01 3.300000e+00
   vertex -1.336345e+01 -2.678233e+01 3.300000e+00
   vertex -1.407115e+01 -2.611246e+01 3.300000e+00
  endloop
 endfacet
 facet normal -0.000000e+00 0.000000e+00 -1.000000e+00
  outer loop
   vertex -1.338843e+01 -2.475989e+01 3.300000e+00
   vertex -1.475187e+01 -2.491820e+01 3.300000e+00
   vertex -1.342219e+01 -2.413417e+01 3.300000e+00
  endloop
 endfacet
 facet normal 0.000000e+00 0.000000e+00 -1.000000e+00
  outer loop
   vertex -1.321042e+01 -2.294441e+01 3.300000e+00
   vertex -1.491122e+01 -2.278364e+01 3.300000e+00
   vertex -1.468359e+01 -2.203327e+01 3.300000e+00
  endloop
 endfacet
 facet normal 0.000000e+00 0.000000e+00 -1.000000e+00
  outer loop
   vertex -1.468359e+01 -2.203327e+01 3.300000e+00
   vertex -1.431395e+01 -2.134172e+01 3.300000e+00
   vertex -1.321042e+01 -2.294441e+01 3.300000e+00
  endloop
 endfacet
 facet normal 0.000000e+00 0.000000e+00 -1.000000e+00
  outer loop
   vertex -1.498808e+01 -2.356400e+01 3.300000e+00
   vertex -1.491122e+01 -2.278364e+01 3.300000e+00
   vertex -1.336149e+01 -2.353125e+01 3.300000e+00
  endloop
 endfacet
 facet normal 0.000000e+00 0.000000e+00 -1.000000e+00
  outer loop
   vertex -1.336149e+01 -2.353125e+01 3.300000e+00
   vertex -1.491122e+01 -2.278364e+01 3.300000e+00
   vertex -1.321042e+01 -2.294441e+01 3.300000e+00
  endloop
 endfacet
 facet normal 0.000000e+00 0.000000e+00 -1.000000e+00
  outer loop
   vertex -1.265299e+01 -2.187218e+01 3.300000e+00
   vertex -1.381650e+01 -2.073557e+01 3.300000e+00
   vertex -1.321036e+01 -2.023812e+01 3.300000e+00
  endloop
 endfacet
 facet normal 0.000000e+00 0.000000e+00 -1.000000e+00
  outer loop
   vertex -1.431395e+01 -2.134172e+01 3.300000e+00
   vertex -1.381650e+01 -2.073557e+01 3.300000e+00
   vertex -1.297243e+01 -2.238712e+01 3.300000e+00
  endloop
 endfacet
 facet normal -0.000000e+00 0.000000e+00 -1.000000e+00
  outer loop
   vertex -1.297243e+01 -2.238712e+01 3.300000e+00
   vertex -1.321042e+01 -2.294441e+01 3.300000e+00
   vertex -1.431395e+01 -2.134172e+01 3.300000e+00
  endloop
 endfacet
 facet normal 0.000000e+00 0.000000e+00 -1.000000e+00
  outer loop
   vertex -1.342219e+01 -2.413417e+01 3.300000e+00
   vertex -1.498808e+01 -2.356400e+01 3.300000e+00
   vertex -1.336149e+01 -2.353125e+01 3.300000e+00
  endloop
 endfacet
 facet normal -0.000000e+00 0.000000e+00 -1.000000e+00
  outer loop
   vertex -1.342219e+01 -2.413417e+01 3.300000e+00
   vertex -1.492858e+01 -2.425132e+01 3.300000e+00
   vertex -1.498808e+01 -2.356400e+01 3.300000e+00
  endloop
 endfacet
 facet normal 0.000000e+00 0.000000e+00 -1.000000e+00
  outer loop
   vertex -1.336345e+01 -2.678233e+01 3.300000e+00
   vertex -1.271849e+01 -2.649987e+01 3.300000e+00
   vertex -1.232391e+01 -2.698666e+01 3.300000e+00
  endloop
 endfacet
 facet normal 0.000000e+00 0.000000e+00 -1.000000e+00
  outer loop
   vertex -1.265299e+01 -2.187218e+01 3.300000e+00
   vertex -1.321036e+01 -2.023812e+01 3.300000e+00
   vertex -1.225942e+01 -2.141141e+01 3.300000e+00
  endloop
 endfacet
 facet normal 0.000000e+00 -0.000000e+00 -1.000000e+00
  outer loop
   vertex -1.098808e+01 -1.956400e+01 3.300000e+00
   vertex -1.060317e+01 -2.041015e+01 3.300000e+00
   vertex -1.120741e+01 -2.065208e+01 3.300000e+00
  endloop
 endfacet
 facet normal 0.000000e+00 0.000000e+00 -1.000000e+00
  outer loop
   vertex -1.176844e+01 -1.964086e+01 3.300000e+00
   vertex -1.120741e+01 -2.065208e+01 3.300000e+00
   vertex -1.176441e+01 -2.098881e+01 3.300000e+00
  endloop
 endfacet
 facet normal 0.000000e+00 0.000000e+00 -1.000000e+00
  outer loop
   vertex -1.251881e+01 -1.986848e+01 3.300000e+00
   vertex -1.176441e+01 -2.098881e+01 3.300000e+00
   vertex -1.225942e+01 -2.141141e+01 3.300000e+00
  endloop
 endfacet
 facet normal 0.000000e+00 0.000000e+00 -1.000000e+00
  outer loop
   vertex -1.185814e+01 -2.740585e+01 3.300000e+00
   vertex -1.336345e+01 -2.678233e+01 3.300000e+00
   vertex -1.232391e+01 -2.698666e+01 3.300000e+00
  endloop
 endfacet
 facet normal 0.000000e+00 0.000000e+00 -1.000000e+00
  outer loop
   vertex -1.321036e+01 -2.023812e+01 3.300000e+00
   vertex -1.251881e+01 -1.986848e+01 3.300000e+00
   vertex -1.225942e+01 -2.141141e+01 3.300000e+00
  endloop
 endfacet
 facet normal 0.000000e+00 0.000000e+00 -1.000000e+00
  outer loop
   vertex -1.098808e+01 -1.956400e+01 3.300000e+00
   vertex -1.120741e+01 -2.065208e+01 3.300000e+00
   vertex -1.176844e+01 -1.964086e+01 3.300000e+00
  endloop
 endfacet
 facet normal 0.000000e+00 0.000000e+00 -1.000000e+00
  outer loop
   vertex -1.060317e+01 -2.041015e+01 3.300000e+00
   vertex -1.098808e+01 -1.956400e+01 3.300000e+00
   vertex -1.037261e+01 -1.961164e+01 3.300000e+00
  endloop
 endfacet
 facet normal 0.000000e+00 0.000000e+00 -1.000000e+00
  outer loop
   vertex -1.176441e+01 -2.098881e+01 3.300000e+00
   vertex -1.251881e+01 -1.986848e+01 3.300000e+00
   vertex -1.176844e+01 -1.964086e+01 3.300000e+00
  endloop
 endfacet
 facet normal -0.000000e+00 0.000000e+00 -1.000000e+00
  outer loop
   vertex -9.199968e+00 -1.998592e+01 3.300000e+00
   vertex -9.317807e+00 -2.023360e+01 3.300000e+00
   vertex -9.771806e+00 -1.975340e+01 3.300000e+00
  endloop
 endfacet
 facet normal 0.000000e+00 0.000000e+00 -1.000000e+00
  outer loop
   vertex -9.967693e+00 -2.026941e+01 3.300000e+00
   vertex -9.771806e+00 -1.975340e+01 3.300000e+00
   vertex -9.317807e+00 -2.023360e+01 3.300000e+00
  endloop
 endfacet
 facet normal 0.000000e+00 0.000000e+00 -1.000000e+00
  outer loop
   vertex -8.670716e+00 -2.030366e+01 3.300000e+00
   vertex -9.317807e+00 -2.023360e+01 3.300000e+00
   vertex -9.199968e+00 -1.998592e+01 3.300000e+00
  endloop
 endfacet
 facet normal 0.000000e+00 0.000000e+00 -1.000000e+00
  outer loop
   vertex -1.037261e+01 -1.961164e+01 3.300000e+00
   vertex -9.771806e+00 -1.975340e+01 3.300000e+00
   vertex -9.967693e+00 -2.026941e+01 3.300000e+00
  endloop
 endfacet
 facet normal -0.000000e+00 0.000000e+00 -1.000000e+00
  outer loop
   vertex -9.967693e+00 -2.026941e+01 3.300000e+00
   vertex -1.060317e+01 -2.041015e+01 3.300000e+00
   vertex -1.037261e+01 -1.961164e+01 3.300000e+00
  endloop
 endfacet
 facet normal 0.000000e+00 0.000000e+00 -1.000000e+00
  outer loop
   vertex -1.297243e+01 -2.238712e+01 3.300000e+00
   vertex -1.381650e+01 -2.073557e+01 3.300000e+00
   vertex -1.265299e+01 -2.187218e+01 3.300000e+00
  endloop
 endfacet
 facet normal 0.000000e+00 0.000000e+00 -1.000000e+00
  outer loop
   vertex -1.334653e+01 -2.345184e+01 3.600000e+00
   vertex -1.311891e+01 -2.270147e+01 3.600000e+00
   vertex -6.546042e+00 -2.145357e+01 3.600000e+00
  endloop
 endfacet
 facet normal 0.000000e+00 -0.000000e+00 -1.000000e+00
  outer loop
   vertex -1.334653e+01 -2.345184e+01 3.600000e+00
   vertex -6.546042e+00 -2.145357e+01 3.600000e+00
   vertex -1.342339e+01 -2.423220e+01 3.600000e+00
  endloop
 endfacet
 facet normal 0.000000e+00 0.000000e+00 -1.000000e+00
  outer loop
   vertex -6.212871e+00 -2.184631e+01 3.600000e+00
   vertex -1.331888e+01 -2.514060e+01 3.600000e+00
   vertex -1.342339e+01 -2.423220e+01 3.600000e+00
  endloop
 endfacet
 facet normal 0.000000e+00 0.000000e+00 -1.000000e+00
  outer loop
   vertex -6.546042e+00 -2.145357e+01 3.600000e+00
   vertex -1.311891e+01 -2.270147e+01 3.600000e+00
   vertex -1.274927e+01 -2.200992e+01 3.600000e+00
  endloop
 endfacet
 facet normal 0.000000e+00 0.000000e+00 -1.000000e+00
  outer loop
   vertex -1.331888e+01 -2.514060e+01 3.600000e+00
   vertex -6.212871e+00 -2.184631e+01 3.600000e+00
   vertex -1.314871e+01 -2.568892e+01 3.600000e+00
  endloop
 endfacet
 facet normal 0.000000e+00 0.000000e+00 -1.000000e+00
  outer loop
   vertex -1.274927e+01 -2.200992e+01 3.600000e+00
   vertex -1.225182e+01 -2.140378e+01 3.600000e+00
   vertex -6.546042e+00 -2.145357e+01 3.600000e+00
  endloop
 endfacet
 facet normal 0.000000e+00 0.000000e+00 -1.000000e+00
  outer loop
   vertex -6.546042e+00 -2.145357e+01 3.600000e+00
   vertex -1.164567e+01 -2.090633e+01 3.600000e+00
   vertex -1.095412e+01 -2.053669e+01 3.600000e+00
  endloop
 endfacet
 facet normal 0.000000e+00 -0.000000e+00 -1.000000e+00
  outer loop
   vertex -1.164567e+01 -2.090633e+01 3.600000e+00
   vertex -6.546042e+00 -2.145357e+01 3.600000e+00
   vertex -1.225182e+01 -2.140378e+01 3.600000e+00
  endloop
 endfacet
 facet normal 0.000000e+00 0.000000e+00 -1.000000e+00
  outer loop
   vertex -1.095412e+01 -2.053669e+01 3.600000e+00
   vertex -1.020375e+01 -2.030906e+01 3.600000e+00
   vertex -6.546042e+00 -2.145357e+01 3.600000e+00
  endloop
 endfacet
 facet normal 0.000000e+00 0.000000e+00 -1.000000e+00
  outer loop
   vertex -8.872676e+00 -2.027030e+01 3.600000e+00
   vertex -8.332451e+00 -2.038385e+01 3.600000e+00
   vertex -6.920290e+00 -2.111220e+01 3.600000e+00
  endloop
 endfacet
 facet normal 0.000000e+00 0.000000e+00 -1.000000e+00
  outer loop
   vertex -6.546042e+00 -2.145357e+01 3.600000e+00
   vertex -9.423389e+00 -2.023220e+01 3.600000e+00
   vertex -8.872676e+00 -2.027030e+01 3.600000e+00
  endloop
 endfacet
 facet normal 0.000000e+00 0.000000e+00 -1.000000e+00
  outer loop
   vertex -6.546042e+00 -2.145357e+01 3.600000e+00
   vertex -1.020375e+01 -2.030906e+01 3.600000e+00
   vertex -9.423389e+00 -2.023220e+01 3.600000e+00
  endloop
 endfacet
 facet normal 0.000000e+00 0.000000e+00 -1.000000e+00
  outer loop
   vertex -8.332451e+00 -2.038385e+01 3.600000e+00
   vertex -7.813004e+00 -2.057069e+01 3.600000e+00
   vertex -6.920290e+00 -2.111220e+01 3.600000e+00
  endloop
 endfacet
 facet normal 0.000000e+00 0.000000e+00 -1.000000e+00
  outer loop
   vertex -7.819249e+00 -2.789646e+01 3.600000e+00
   vertex -1.314871e+01 -2.568892e+01 3.600000e+00
   vertex -6.212871e+00 -2.184631e+01 3.600000e+00
  endloop
 endfacet
 facet normal -0.000000e+00 0.000000e+00 -1.000000e+00
  outer loop
   vertex -6.715778e+00 -2.717649e+01 3.600000e+00
   vertex -7.237666e+00 -2.758222e+01 3.600000e+00
   vertex -6.212871e+00 -2.184631e+01 3.600000e+00
  endloop
 endfacet
 facet normal 0.000000e+00 0.000000e+00 -1.000000e+00
  outer loop
   vertex -6.715778e+00 -2.717649e+01 3.600000e+00
   vertex -5.930799e+00 -2.228240e+01 3.600000e+00
   vertex -6.267839e+00 -2.669036e+01 3.600000e+00
  endloop
 endfacet
 facet normal -0.000000e+00 0.000000e+00 -1.000000e+00
  outer loop
   vertex -5.640388e+00 -2.553178e+01 3.600000e+00
   vertex -5.906082e+00 -2.613708e+01 3.600000e+00
   vertex -5.930799e+00 -2.228240e+01 3.600000e+00
  endloop
 endfacet
 facet normal -0.000000e+00 0.000000e+00 -1.000000e+00
  outer loop
   vertex -5.478012e+00 -2.489099e+01 3.600000e+00
   vertex -5.640388e+00 -2.553178e+01 3.600000e+00
   vertex -5.930799e+00 -2.228240e+01 3.600000e+00
  endloop
 endfacet
 facet normal 0.000000e+00 -0.000000e+00 -1.000000e+00
  outer loop
   vertex -5.930799e+00 -2.228240e+01 3.600000e+00
   vertex -5.906082e+00 -2.613708e+01 3.600000e+00
   vertex -6.267839e+00 -2.669036e+01 3.600000e+00
  endloop
 endfacet
 facet normal 0.000000e+00 0.000000e+00 -1.000000e+00
  outer loop
   vertex -5.548134e+00 -2.324107e+01 3.600000e+00
   vertex -5.423389e+00 -2.423220e+01 3.600000e+00
   vertex -5.478012e+00 -2.489099e+01 3.600000e+00
  endloop
 endfacet
 facet normal -0.000000e+00 0.000000e+00 -1.000000e+00
  outer loop
   vertex -6.212871e+00 -2.184631e+01 3.600000e+00
   vertex -1.342339e+01 -2.423220e+01 3.600000e+00
   vertex -6.546042e+00 -2.145357e+01 3.600000e+00
  endloop
 endfacet
 facet normal 0.000000e+00 0.000000e+00 -1.000000e+00
  outer loop
   vertex -6.546042e+00 -2.145357e+01 3.600000e+00
   vertex -8.872676e+00 -2.027030e+01 3.600000e+00
   vertex -6.920290e+00 -2.111220e+01 3.600000e+00
  endloop
 endfacet
 facet normal 0.000000e+00 0.000000e+00 -1.000000e+00
  outer loop
   vertex -6.920290e+00 -2.111220e+01 3.600000e+00
   vertex -7.813004e+00 -2.057069e+01 3.600000e+00
   vertex -7.324229e+00 -2.082728e+01 3.600000e+00
  endloop
 endfacet
 facet normal 0.000000e+00 0.000000e+00 -1.000000e+00
  outer loop
   vertex -5.478012e+00 -2.489099e+01 3.600000e+00
   vertex -5.707608e+00 -2.275136e+01 3.600000e+00
   vertex -5.548134e+00 -2.324107e+01 3.600000e+00
  endloop
 endfacet
 facet normal -0.000000e+00 -0.000000e+00 -1.000000e+00
  outer loop
   vertex -5.707608e+00 -2.275136e+01 3.600000e+00
   vertex -5.478012e+00 -2.489099e+01 3.600000e+00
   vertex -5.930799e+00 -2.228240e+01 3.600000e+00
  endloop
 endfacet
 facet normal 0.000000e+00 0.000000e+00 -1.000000e+00
  outer loop
   vertex -6.715778e+00 -2.717649e+01 3.600000e+00
   vertex -6.212871e+00 -2.184631e+01 3.600000e+00
   vertex -5.930799e+00 -2.228240e+01 3.600000e+00
  endloop
 endfacet
 facet normal -0.000000e+00 -0.000000e+00 -1.000000e+00
  outer loop
   vertex -5.453942e+00 -2.373879e+01 3.600000e+00
   vertex -5.423389e+00 -2.423220e+01 3.600000e+00
   vertex -5.548134e+00 -2.324107e+01 3.600000e+00
  endloop
 endfacet
 facet normal 0.000000e+00 0.000000e+00 -1.000000e+00
  outer loop
   vertex -7.819249e+00 -2.789646e+01 3.600000e+00
   vertex -6.212871e+00 -2.184631e+01 3.600000e+00
   vertex -7.237666e+00 -2.758222e+01 3.600000e+00
  endloop
 endfacet
 facet normal 0.000000e+00 -0.000000e+00 -1.000000e+00
  outer loop
   vertex -5.727300e+00 -2.820655e+01 3.600000e+00
   vertex -4.982482e+00 -2.907148e+01 3.600000e+00
   vertex -6.334778e+00 -2.851134e+01 3.600000e+00
  endloop
 endfacet
 facet normal 0.000000e+00 0.000000e+00 -1.000000e+00
  outer loop
   vertex -4.982482e+00 -2.907148e+01 3.600000e+00
   vertex -5.727300e+00 -2.820655e+01 3.600000e+00
   vertex -5.180191e+00 -2.780332e+01 3.600000e+00
  endloop
 endfacet
 facet normal 0.000000e+00 0.000000e+00 -1.000000e+00
  outer loop
   vertex -5.180191e+00 -2.780332e+01 3.600000e+00
   vertex -4.395629e+00 -2.883492e+01 3.600000e+00
   vertex -4.982482e+00 -2.907148e+01 3.600000e+00
  endloop
 endfacet
 facet normal 0.000000e+00 0.000000e+00 -1.000000e+00
  outer loop
   vertex -3.853421e+00 -2.850879e+01 3.600000e+00
   vertex -4.709247e+00 -2.731328e+01 3.600000e+00
   vertex -4.328064e+00 -2.675059e+01 3.600000e+00
  endloop
 endfacet
 facet normal 0.000000e+00 0.000000e+00 -1.000000e+00
  outer loop
   vertex -5.180191e+00 -2.780332e+01 3.600000e+00
   vertex -4.709247e+00 -2.731328e+01 3.600000e+00
   vertex -4.395629e+00 -2.883492e+01 3.600000e+00
  endloop
 endfacet
 facet normal 0.000000e+00 0.000000e+00 -1.000000e+00
  outer loop
   vertex -4.055159e+00 -2.186585e+01 3.600000e+00
   vertex -4.139172e+00 -2.322709e+01 3.600000e+00
   vertex -4.391440e+00 -2.273360e+01 3.600000e+00
  endloop
 endfacet
 facet normal 0.000000e+00 -0.000000e+00 -1.000000e+00
  outer loop
   vertex -4.055159e+00 -2.186585e+01 3.600000e+00
   vertex -3.594423e+00 -2.220277e+01 3.600000e+00
   vertex -4.139172e+00 -2.322709e+01 3.600000e+00
  endloop
 endfacet
 facet normal 0.000000e+00 0.000000e+00 -1.000000e+00
  outer loop
   vertex -5.579737e+00 -2.130017e+01 3.600000e+00
   vertex -5.218194e+00 -2.137221e+01 3.600000e+00
   vertex -5.500392e+00 -2.153673e+01 3.600000e+00
  endloop
 endfacet
 facet normal 0.000000e+00 0.000000e+00 -1.000000e+00
  outer loop
   vertex -5.083376e+00 -2.187777e+01 3.600000e+00
   vertex -5.500392e+00 -2.153673e+01 3.600000e+00
   vertex -5.218194e+00 -2.137221e+01 3.600000e+00
  endloop
 endfacet
 facet normal 0.000000e+00 0.000000e+00 -1.000000e+00
  outer loop
   vertex -5.500392e+00 -2.153673e+01 3.600000e+00
   vertex -5.946445e+00 -2.126168e+01 3.600000e+00
   vertex -5.579737e+00 -2.130017e+01 3.600000e+00
  endloop
 endfacet
 facet normal 0.000000e+00 -0.000000e+00 -1.000000e+00
  outer loop
   vertex -4.869259e+00 -2.147569e+01 3.600000e+00
   vertex -4.709496e+00 -2.227972e+01 3.600000e+00
   vertex -5.083376e+00 -2.187777e+01 3.600000e+00
  endloop
 endfacet
 facet normal 0.000000e+00 0.000000e+00 -1.000000e+00
  outer loop
   vertex -4.869259e+00 -2.147569e+01 3.600000e+00
   vertex -4.543064e+00 -2.160510e+01 3.600000e+00
   vertex -4.709496e+00 -2.227972e+01 3.600000e+00
  endloop
 endfacet
 facet normal 0.000000e+00 -0.000000e+00 -1.000000e+00
  outer loop
   vertex -4.543064e+00 -2.160510e+01 3.600000e+00
   vertex -4.391440e+00 -2.273360e+01 3.600000e+00
   vertex -4.709496e+00 -2.227972e+01 3.600000e+00
  endloop
 endfacet
 facet normal 0.000000e+00 0.000000e+00 -1.000000e+00
  outer loop
   vertex -4.543064e+00 -2.160510e+01 3.600000e+00
   vertex -4.055159e+00 -2.186585e+01 3.600000e+00
   vertex -4.391440e+00 -2.273360e+01 3.600000e+00
  endloop
 endfacet
 facet normal 0.000000e+00 0.000000e+00 -1.000000e+00
  outer loop
   vertex -5.218194e+00 -2.137221e+01 3.600000e+00
   vertex -4.869259e+00 -2.147569e+01 3.600000e+00
   vertex -5.083376e+00 -2.187777e+01 3.600000e+00
  endloop
 endfacet
 facet normal 0.000000e+00 0.000000e+00 -1.000000e+00
  outer loop
   vertex -4.709247e+00 -2.731328e+01 3.600000e+00
   vertex -3.853421e+00 -2.850879e+01 3.600000e+00
   vertex -4.395629e+00 -2.883492e+01 3.600000e+00
  endloop
 endfacet
 facet normal 0.000000e+00 0.000000e+00 -1.000000e+00
  outer loop
   vertex -4.328064e+00 -2.675059e+01 3.600000e+00
   vertex -4.047647e+00 -2.613148e+01 3.600000e+00
   vertex -3.369425e+00 -2.810122e+01 3.600000e+00
  endloop
 endfacet
 facet normal 0.000000e+00 0.000000e+00 -1.000000e+00
  outer loop
   vertex -4.047647e+00 -2.613148e+01 3.600000e+00
   vertex -3.876091e+00 -2.547383e+01 3.600000e+00
   vertex -2.955751e+00 -2.762244e+01 3.600000e+00
  endloop
 endfacet
 facet normal -0.000000e+00 0.000000e+00 -1.000000e+00
  outer loop
   vertex -2.955751e+00 -2.762244e+01 3.600000e+00
   vertex -3.369425e+00 -2.810122e+01 3.600000e+00
   vertex -4.047647e+00 -2.613148e+01 3.600000e+00
  endloop
 endfacet
 facet normal 0.000000e+00 0.000000e+00 -1.000000e+00
  outer loop
   vertex -3.853421e+00 -2.850879e+01 3.600000e+00
   vertex -4.328064e+00 -2.675059e+01 3.600000e+00
   vertex -3.369425e+00 -2.810122e+01 3.600000e+00
  endloop
 endfacet
 facet normal 0.000000e+00 0.000000e+00 -1.000000e+00
  outer loop
   vertex -2.622752e+00 -2.708442e+01 3.600000e+00
   vertex -3.876091e+00 -2.547383e+01 3.600000e+00
   vertex -2.378759e+00 -2.650062e+01 3.600000e+00
  endloop
 endfacet
 facet normal 0.000000e+00 -0.000000e+00 -1.000000e+00
  outer loop
   vertex -3.818351e+00 -2.479664e+01 3.600000e+00
   vertex -2.229878e+00 -2.588565e+01 3.600000e+00
   vertex -3.876091e+00 -2.547383e+01 3.600000e+00
  endloop
 endfacet
 facet normal -0.000000e+00 0.000000e+00 -1.000000e+00
  outer loop
   vertex -2.229878e+00 -2.588565e+01 3.600000e+00
   vertex -2.378759e+00 -2.650062e+01 3.600000e+00
   vertex -3.876091e+00 -2.547383e+01 3.600000e+00
  endloop
 endfacet
 facet normal 0.000000e+00 0.000000e+00 -1.000000e+00
  outer loop
   vertex -2.955751e+00 -2.762244e+01 3.600000e+00
   vertex -3.876091e+00 -2.547383e+01 3.600000e+00
   vertex -2.622752e+00 -2.708442e+01 3.600000e+00
  endloop
 endfacet
 facet normal -0.000000e+00 0.000000e+00 -1.000000e+00
  outer loop
   vertex -2.179833e+00 -2.525489e+01 3.600000e+00
   vertex -2.229878e+00 -2.588565e+01 3.600000e+00
   vertex -3.818351e+00 -2.479664e+01 3.600000e+00
  endloop
 endfacet
 facet normal 0.000000e+00 0.000000e+00 -1.000000e+00
  outer loop
   vertex -3.852684e+00 -2.427373e+01 3.600000e+00
   vertex -3.958919e+00 -2.374560e+01 3.600000e+00
   vertex -3.178192e+00 -2.261105e+01 3.600000e+00
  endloop
 endfacet
 facet normal 0.000000e+00 0.000000e+00 -1.000000e+00
  outer loop
   vertex -4.139172e+00 -2.322709e+01 3.600000e+00
   vertex -3.594423e+00 -2.220277e+01 3.600000e+00
   vertex -3.958919e+00 -2.374560e+01 3.600000e+00
  endloop
 endfacet
 facet normal 0.000000e+00 0.000000e+00 -1.000000e+00
  outer loop
   vertex -3.958919e+00 -2.374560e+01 3.600000e+00
   vertex -3.594423e+00 -2.220277e+01 3.600000e+00
   vertex -3.178192e+00 -2.261105e+01 3.600000e+00
  endloop
 endfacet
 facet normal 0.000000e+00 0.000000e+00 -1.000000e+00
  outer loop
   vertex -2.539258e+00 -2.359780e+01 3.600000e+00
   vertex -3.818351e+00 -2.479664e+01 3.600000e+00
   vertex -3.852684e+00 -2.427373e+01 3.600000e+00
  endloop
 endfacet
 facet normal 0.000000e+00 0.000000e+00 -1.000000e+00
  outer loop
   vertex -3.818351e+00 -2.479664e+01 3.600000e+00
   vertex -2.539258e+00 -2.359780e+01 3.600000e+00
   vertex -2.337026e+00 -2.414464e+01 3.600000e+00
  endloop
 endfacet
 facet normal 0.000000e+00 0.000000e+00 -1.000000e+00
  outer loop
   vertex -3.852684e+00 -2.427373e+01 3.600000e+00
   vertex -3.178192e+00 -2.261105e+01 3.600000e+00
   vertex -2.822280e+00 -2.308083e+01 3.600000e+00
  endloop
 endfacet
 facet normal 0.000000e+00 -0.000000e+00 -1.000000e+00
  outer loop
   vertex -2.822280e+00 -2.308083e+01 3.600000e+00
   vertex -2.539258e+00 -2.359780e+01 3.600000e+00
   vertex -3.852684e+00 -2.427373e+01 3.600000e+00
  endloop
 endfacet
 facet normal 0.000000e+00 0.000000e+00 -1.000000e+00
  outer loop
   vertex -3.818351e+00 -2.479664e+01 3.600000e+00
   vertex -2.337026e+00 -2.414464e+01 3.600000e+00
   vertex -2.218116e+00 -2.470290e+01 3.600000e+00
  endloop
 endfacet
 facet normal 0.000000e+00 -0.000000e+00 -1.000000e+00
  outer loop
   vertex -2.218116e+00 -2.470290e+01 3.600000e+00
   vertex -2.179833e+00 -2.525489e+01 3.600000e+00
   vertex -3.818351e+00 -2.479664e+01 3.600000e+00
  endloop
 endfacet
 facet normal 0.000000e+00 -0.000000e+00 -1.000000e+00
  outer loop
   vertex -4.395629e+00 -2.883492e+01 3.600000e+00
   vertex -3.834969e+00 -2.954680e+01 3.600000e+00
   vertex -4.982482e+00 -2.907148e+01 3.600000e+00
  endloop
 endfacet
 facet normal 0.000000e+00 0.000000e+00 -1.000000e+00
  outer loop
   vertex -3.834969e+00 -2.954680e+01 3.600000e+00
   vertex -4.395629e+00 -2.883492e+01 3.600000e+00
   vertex -3.853421e+00 -2.850879e+01 3.600000e+00
  endloop
 endfacet
 facet normal 0.000000e+00 0.000000e+00 -1.000000e+00
  outer loop
   vertex -3.853421e+00 -2.850879e+01 3.600000e+00
   vertex -3.734491e+00 -2.952814e+01 3.600000e+00
   vertex -3.834969e+00 -2.954680e+01 3.600000e+00
  endloop
 endfacet
 facet normal 0.000000e+00 -0.000000e+00 -1.000000e+00
  outer loop
   vertex -3.369425e+00 -2.810122e+01 3.600000e+00
   vertex -2.984119e+00 -2.930052e+01 3.600000e+00
   vertex -3.734491e+00 -2.952814e+01 3.600000e+00
  endloop
 endfacet
 facet normal 0.000000e+00 0.000000e+00 -1.000000e+00
  outer loop
   vertex -2.984119e+00 -2.930052e+01 3.600000e+00
   vertex -3.369425e+00 -2.810122e+01 3.600000e+00
   vertex -2.955751e+00 -2.762244e+01 3.600000e+00
  endloop
 endfacet
 facet normal 0.000000e+00 -0.000000e+00 -1.000000e+00
  outer loop
   vertex -2.622752e+00 -2.708442e+01 3.600000e+00
   vertex -2.292572e+00 -2.893088e+01 3.600000e+00
   vertex -2.955751e+00 -2.762244e+01 3.600000e+00
  endloop
 endfacet
 facet normal 0.000000e+00 0.000000e+00 -1.000000e+00
  outer loop
   vertex -3.853421e+00 -2.850879e+01 3.600000e+00
   vertex -3.369425e+00 -2.810122e+01 3.600000e+00
   vertex -3.734491e+00 -2.952814e+01 3.600000e+00
  endloop
 endfacet
 facet normal 0.000000e+00 0.000000e+00 -1.000000e+00
  outer loop
   vertex -4.514853e+00 -2.160500e+01 3.600000e+00
   vertex -3.734491e+00 -2.168186e+01 3.600000e+00
   vertex -4.055159e+00 -2.186585e+01 3.600000e+00
  endloop
 endfacet
 facet normal 0.000000e+00 0.000000e+00 -1.000000e+00
  outer loop
   vertex -3.594423e+00 -2.220277e+01 3.600000e+00
   vertex -4.055159e+00 -2.186585e+01 3.600000e+00
   vertex -3.734491e+00 -2.168186e+01 3.600000e+00
  endloop
 endfacet
 facet normal 0.000000e+00 0.000000e+00 -1.000000e+00
  outer loop
   vertex -4.055159e+00 -2.186585e+01 3.600000e+00
   vertex -4.543175e+00 -2.160505e+01 3.600000e+00
   vertex -4.514853e+00 -2.160500e+01 3.600000e+00
  endloop
 endfacet
 facet normal 0.000000e+00 0.000000e+00 -1.000000e+00
  outer loop
   vertex -2.984119e+00 -2.190948e+01 3.600000e+00
   vertex -3.178192e+00 -2.261105e+01 3.600000e+00
   vertex -3.594423e+00 -2.220277e+01 3.600000e+00
  endloop
 endfacet
 facet normal 0.000000e+00 0.000000e+00 -1.000000e+00
  outer loop
   vertex -2.822280e+00 -2.308083e+01 3.600000e+00
   vertex -3.178192e+00 -2.261105e+01 3.600000e+00
   vertex -2.984119e+00 -2.190948e+01 3.600000e+00
  endloop
 endfacet
 facet normal 0.000000e+00 0.000000e+00 -1.000000e+00
  outer loop
   vertex -3.734491e+00 -2.168186e+01 3.600000e+00
   vertex -2.984119e+00 -2.190948e+01 3.600000e+00
   vertex -3.594423e+00 -2.220277e+01 3.600000e+00
  endloop
 endfacet
 facet normal 0.000000e+00 0.000000e+00 -1.000000e+00
  outer loop
   vertex -2.984119e+00 -2.190948e+01 3.600000e+00
   vertex -2.292572e+00 -2.227912e+01 3.600000e+00
   vertex -2.822280e+00 -2.308083e+01 3.600000e+00
  endloop
 endfacet
 facet normal -0.000000e+00 0.000000e+00 -1.000000e+00
  outer loop
   vertex -2.292572e+00 -2.893088e+01 3.600000e+00
   vertex -2.984119e+00 -2.930052e+01 3.600000e+00
   vertex -2.955751e+00 -2.762244e+01 3.600000e+00
  endloop
 endfacet
 facet normal 0.000000e+00 0.000000e+00 -1.000000e+00
  outer loop
   vertex -2.622752e+00 -2.708442e+01 3.600000e+00
   vertex -2.378759e+00 -2.650062e+01 3.600000e+00
   vertex -1.686425e+00 -2.843343e+01 3.600000e+00
  endloop
 endfacet
 facet normal 0.000000e+00 0.000000e+00 -1.000000e+00
  outer loop
   vertex -2.378759e+00 -2.650062e+01 3.600000e+00
   vertex -2.229878e+00 -2.588565e+01 3.600000e+00
   vertex -1.188974e+00 -2.782728e+01 3.600000e+00
  endloop
 endfacet
 facet normal -0.000000e+00 0.000000e+00 -1.000000e+00
  outer loop
   vertex -1.188974e+00 -2.782728e+01 3.600000e+00
   vertex -1.686425e+00 -2.843343e+01 3.600000e+00
   vertex -2.378759e+00 -2.650062e+01 3.600000e+00
  endloop
 endfacet
 facet normal 0.000000e+00 0.000000e+00 -1.000000e+00
  outer loop
   vertex -8.193345e-01 -2.713573e+01 3.600000e+00
   vertex -2.229878e+00 -2.588565e+01 3.600000e+00
   vertex -5.917115e-01 -2.638536e+01 3.600000e+00
  endloop
 endfacet
 facet normal 0.000000e+00 0.000000e+00 -1.000000e+00
  outer loop
   vertex -2.229878e+00 -2.588565e+01 3.600000e+00
   vertex -2.179833e+00 -2.525489e+01 3.600000e+00
   vertex -5.917115e-01 -2.638536e+01 3.600000e+00
  endloop
 endfacet
 facet normal 0.000000e+00 0.000000e+00 -1.000000e+00
  outer loop
   vertex -1.188974e+00 -2.782728e+01 3.600000e+00
   vertex -2.229878e+00 -2.588565e+01 3.600000e+00
   vertex -8.193345e-01 -2.713573e+01 3.600000e+00
  endloop
 endfacet
 facet normal -0.000000e+00 0.000000e+00 -1.000000e+00
  outer loop
   vertex -5.148526e-01 -2.560500e+01 3.600000e+00
   vertex -5.917115e-01 -2.638536e+01 3.600000e+00
   vertex -2.179833e+00 -2.525489e+01 3.600000e+00
  endloop
 endfacet
 facet normal 0.000000e+00 0.000000e+00 -1.000000e+00
  outer loop
   vertex -2.337026e+00 -2.414464e+01 3.600000e+00
   vertex -2.539258e+00 -2.359780e+01 3.600000e+00
   vertex -1.686425e+00 -2.277658e+01 3.600000e+00
  endloop
 endfacet
 facet normal 0.000000e+00 0.000000e+00 -1.000000e+00
  outer loop
   vertex -2.822280e+00 -2.308083e+01 3.600000e+00
   vertex -2.292572e+00 -2.227912e+01 3.600000e+00
   vertex -2.539258e+00 -2.359780e+01 3.600000e+00
  endloop
 endfacet
 facet normal 0.000000e+00 0.000000e+00 -1.000000e+00
  outer loop
   vertex -2.539258e+00 -2.359780e+01 3.600000e+00
   vertex -2.292572e+00 -2.227912e+01 3.600000e+00
   vertex -1.686425e+00 -2.277658e+01 3.600000e+00
  endloop
 endfacet
 facet normal 0.000000e+00 0.000000e+00 -1.000000e+00
  outer loop
   vertex -1.188974e+00 -2.338272e+01 3.600000e+00
   vertex -2.218116e+00 -2.470290e+01 3.600000e+00
   vertex -2.337026e+00 -2.414464e+01 3.600000e+00
  endloop
 endfacet
 facet normal 0.000000e+00 -0.000000e+00 -1.000000e+00
  outer loop
   vertex -8.193345e-01 -2.407427e+01 3.600000e+00
   vertex -5.917115e-01 -2.482464e+01 3.600000e+00
   vertex -2.179833e+00 -2.525489e+01 3.600000e+00
  endloop
 endfacet
 facet normal 0.000000e+00 0.000000e+00 -1.000000e+00
  outer loop
   vertex -5.148526e-01 -2.560500e+01 3.600000e+00
   vertex -2.179833e+00 -2.525489e+01 3.600000e+00
   vertex -5.917115e-01 -2.482464e+01 3.600000e+00
  endloop
 endfacet
 facet normal 0.000000e+00 0.000000e+00 -1.000000e+00
  outer loop
   vertex -2.337026e+00 -2.414464e+01 3.600000e+00
   vertex -1.686425e+00 -2.277658e+01 3.600000e+00
   vertex -1.188974e+00 -2.338272e+01 3.600000e+00
  endloop
 endfacet
 facet normal 0.000000e+00 -0.000000e+00 -1.000000e+00
  outer loop
   vertex -1.188974e+00 -2.338272e+01 3.600000e+00
   vertex -8.193345e-01 -2.407427e+01 3.600000e+00
   vertex -2.218116e+00 -2.470290e+01 3.600000e+00
  endloop
 endfacet
 facet normal 0.000000e+00 0.000000e+00 -1.000000e+00
  outer loop
   vertex -8.193345e-01 -2.407427e+01 3.600000e+00
   vertex -2.179833e+00 -2.525489e+01 3.600000e+00
   vertex -2.218116e+00 -2.470290e+01 3.600000e+00
  endloop
 endfacet
 facet normal -0.000000e+00 0.000000e+00 -1.000000e+00
  outer loop
   vertex -1.686425e+00 -2.843343e+01 3.600000e+00
   vertex -2.292572e+00 -2.893088e+01 3.600000e+00
   vertex -2.622752e+00 -2.708442e+01 3.600000e+00
  endloop
 endfacet
 facet normal 0.000000e+00 0.000000e+00 1.000000e+00
  outer loop
   vertex -4.071853e+00 -2.185539e+01 2.000000e+00
   vertex -4.514853e+00 -2.160500e+01 2.000000e+00
   vertex -4.543064e+00 -2.160510e+01 2.000000e+00
  endloop
 endfacet
 facet normal 0.000000e+00 0.000000e+00 1.000000e+00
  outer loop
   vertex -3.634415e+00 -2.216927e+01 2.000000e+00
   vertex -3.734491e+00 -2.168186e+01 2.000000e+00
   vertex -4.071853e+00 -2.185539e+01 2.000000e+00
  endloop
 endfacet
 facet normal 0.000000e+00 0.000000e+00 1.000000e+00
  outer loop
   vertex -4.514853e+00 -2.160500e+01 2.000000e+00
   vertex -4.071853e+00 -2.185539e+01 2.000000e+00
   vertex -3.734491e+00 -2.168186e+01 2.000000e+00
  endloop
 endfacet
 facet normal 0.000000e+00 0.000000e+00 1.000000e+00
  outer loop
   vertex -2.984119e+00 -2.190948e+01 2.000000e+00
   vertex -3.734491e+00 -2.168186e+01 2.000000e+00
   vertex -3.634415e+00 -2.216927e+01 2.000000e+00
  endloop
 endfacet
 facet normal 0.000000e+00 0.000000e+00 1.000000e+00
  outer loop
   vertex -2.907785e+00 -2.295409e+01 2.000000e+00
   vertex -2.984119e+00 -2.190948e+01 2.000000e+00
   vertex -3.243101e+00 -2.253905e+01 2.000000e+00
  endloop
 endfacet
 facet normal -0.000000e+00 0.000000e+00 1.000000e+00
  outer loop
   vertex -3.634415e+00 -2.216927e+01 2.000000e+00
   vertex -3.243101e+00 -2.253905e+01 2.000000e+00
   vertex -2.984119e+00 -2.190948e+01 2.000000e+00
  endloop
 endfacet
 facet normal -0.000000e+00 0.000000e+00 1.000000e+00
  outer loop
   vertex -2.907785e+00 -2.295409e+01 2.000000e+00
   vertex -2.480199e+00 -2.326616e+01 2.000000e+00
   vertex -2.292572e+00 -2.227912e+01 2.000000e+00
  endloop
 endfacet
 facet normal 0.000000e+00 0.000000e+00 1.000000e+00
  outer loop
   vertex -2.292572e+00 -2.227912e+01 2.000000e+00
   vertex -2.984119e+00 -2.190948e+01 2.000000e+00
   vertex -2.907785e+00 -2.295409e+01 2.000000e+00
  endloop
 endfacet
 facet normal 0.000000e+00 0.000000e+00 1.000000e+00
  outer loop
   vertex -4.514853e+00 -2.960500e+01 2.000000e+00
   vertex -5.092714e+00 -2.910433e+01 2.000000e+00
   vertex -5.351760e+00 -2.951647e+01 2.000000e+00
  endloop
 endfacet
 facet normal 0.000000e+00 0.000000e+00 1.000000e+00
  outer loop
   vertex -5.351760e+00 -2.951647e+01 2.000000e+00
   vertex -5.617116e+00 -2.921511e+01 2.000000e+00
   vertex -6.151622e+00 -2.925480e+01 2.000000e+00
  endloop
 endfacet
 facet normal 0.000000e+00 0.000000e+00 1.000000e+00
  outer loop
   vertex -5.092714e+00 -2.910433e+01 2.000000e+00
   vertex -5.617116e+00 -2.921511e+01 2.000000e+00
   vertex -5.351760e+00 -2.951647e+01 2.000000e+00
  endloop
 endfacet
 facet normal 0.000000e+00 0.000000e+00 1.000000e+00
  outer loop
   vertex -4.514853e+00 -2.960500e+01 2.000000e+00
   vertex -4.587831e+00 -2.892443e+01 2.000000e+00
   vertex -5.092714e+00 -2.910433e+01 2.000000e+00
  endloop
 endfacet
 facet normal 0.000000e+00 0.000000e+00 1.000000e+00
  outer loop
   vertex -2.984119e+00 -2.930052e+01 2.000000e+00
   vertex -3.164937e+00 -2.839565e+01 2.000000e+00
   vertex -3.626887e+00 -2.857511e+01 2.000000e+00
  endloop
 endfacet
 facet normal 0.000000e+00 -0.000000e+00 1.000000e+00
  outer loop
   vertex -3.734491e+00 -2.952814e+01 2.000000e+00
   vertex -3.626887e+00 -2.857511e+01 2.000000e+00
   vertex -4.111531e+00 -2.867865e+01 2.000000e+00
  endloop
 endfacet
 facet normal 0.000000e+00 0.000000e+00 1.000000e+00
  outer loop
   vertex -4.514853e+00 -2.960500e+01 2.000000e+00
   vertex -3.734491e+00 -2.952814e+01 2.000000e+00
   vertex -4.111531e+00 -2.867865e+01 2.000000e+00
  endloop
 endfacet
 facet normal 0.000000e+00 0.000000e+00 1.000000e+00
  outer loop
   vertex -2.984119e+00 -2.930052e+01 2.000000e+00
   vertex -3.626887e+00 -2.857511e+01 2.000000e+00
   vertex -3.734491e+00 -2.952814e+01 2.000000e+00
  endloop
 endfacet
 facet normal 0.000000e+00 -0.000000e+00 1.000000e+00
  outer loop
   vertex -2.984119e+00 -2.930052e+01 2.000000e+00
   vertex -2.737487e+00 -2.814488e+01 2.000000e+00
   vertex -3.164937e+00 -2.839565e+01 2.000000e+00
  endloop
 endfacet
 facet normal -0.000000e+00 0.000000e+00 1.000000e+00
  outer loop
   vertex -4.587831e+00 -2.892443e+01 2.000000e+00
   vertex -4.514853e+00 -2.960500e+01 2.000000e+00
   vertex -4.111531e+00 -2.867865e+01 2.000000e+00
  endloop
 endfacet
 facet normal 0.000000e+00 0.000000e+00 1.000000e+00
  outer loop
   vertex -2.984119e+00 -2.930052e+01 2.000000e+00
   vertex -2.292572e+00 -2.893088e+01 2.000000e+00
   vertex -2.737487e+00 -2.814488e+01 2.000000e+00
  endloop
 endfacet
 facet normal -0.000000e+00 0.000000e+00 1.000000e+00
  outer loop
   vertex -2.480199e+00 -2.326616e+01 2.000000e+00
   vertex -2.111941e+00 -2.364643e+01 2.000000e+00
   vertex -1.686425e+00 -2.277658e+01 2.000000e+00
  endloop
 endfacet
 facet normal -0.000000e+00 0.000000e+00 1.000000e+00
  outer loop
   vertex -2.111941e+00 -2.364643e+01 2.000000e+00
   vertex -1.813750e+00 -2.408380e+01 2.000000e+00
   vertex -1.188974e+00 -2.338272e+01 2.000000e+00
  endloop
 endfacet
 facet normal -0.000000e+00 0.000000e+00 1.000000e+00
  outer loop
   vertex -1.813750e+00 -2.408380e+01 2.000000e+00
   vertex -1.594320e+00 -2.456554e+01 2.000000e+00
   vertex -1.188974e+00 -2.338272e+01 2.000000e+00
  endloop
 endfacet
 facet normal 0.000000e+00 0.000000e+00 1.000000e+00
  outer loop
   vertex -1.686425e+00 -2.277658e+01 2.000000e+00
   vertex -2.111941e+00 -2.364643e+01 2.000000e+00
   vertex -1.188974e+00 -2.338272e+01 2.000000e+00
  endloop
 endfacet
 facet normal -0.000000e+00 0.000000e+00 1.000000e+00
  outer loop
   vertex -1.594320e+00 -2.456554e+01 2.000000e+00
   vertex -1.460049e+00 -2.507758e+01 2.000000e+00
   vertex -8.193345e-01 -2.407427e+01 2.000000e+00
  endloop
 endfacet
 facet normal 0.000000e+00 0.000000e+00 1.000000e+00
  outer loop
   vertex -5.917115e-01 -2.482464e+01 2.000000e+00
   vertex -1.460049e+00 -2.507758e+01 2.000000e+00
   vertex -1.414853e+00 -2.560500e+01 2.000000e+00
  endloop
 endfacet
 facet normal 0.000000e+00 0.000000e+00 1.000000e+00
  outer loop
   vertex -8.193345e-01 -2.407427e+01 2.000000e+00
   vertex -1.460049e+00 -2.507758e+01 2.000000e+00
   vertex -5.917115e-01 -2.482464e+01 2.000000e+00
  endloop
 endfacet
 facet normal 0.000000e+00 0.000000e+00 1.000000e+00
  outer loop
   vertex -5.148526e-01 -2.560500e+01 2.000000e+00
   vertex -5.917115e-01 -2.482464e+01 2.000000e+00
   vertex -1.414853e+00 -2.560500e+01 2.000000e+00
  endloop
 endfacet
 facet normal 0.000000e+00 0.000000e+00 1.000000e+00
  outer loop
   vertex -1.188974e+00 -2.338272e+01 2.000000e+00
   vertex -1.594320e+00 -2.456554e+01 2.000000e+00
   vertex -8.193345e-01 -2.407427e+01 2.000000e+00
  endloop
 endfacet
 facet normal 0.000000e+00 0.000000e+00 1.000000e+00
  outer loop
   vertex -1.188974e+00 -2.782728e+01 2.000000e+00
   vertex -2.028621e+00 -2.745666e+01 2.000000e+00
   vertex -1.686425e+00 -2.843343e+01 2.000000e+00
  endloop
 endfacet
 facet normal 0.000000e+00 -0.000000e+00 1.000000e+00
  outer loop
   vertex -2.292572e+00 -2.893088e+01 2.000000e+00
   vertex -1.686425e+00 -2.843343e+01 2.000000e+00
   vertex -2.355460e+00 -2.782919e+01 2.000000e+00
  endloop
 endfacet
 facet normal 0.000000e+00 0.000000e+00 1.000000e+00
  outer loop
   vertex -2.028621e+00 -2.745666e+01 2.000000e+00
   vertex -2.355460e+00 -2.782919e+01 2.000000e+00
   vertex -1.686425e+00 -2.843343e+01 2.000000e+00
  endloop
 endfacet
 facet normal -0.000000e+00 0.000000e+00 1.000000e+00
  outer loop
   vertex -2.737487e+00 -2.814488e+01 2.000000e+00
   vertex -2.292572e+00 -2.893088e+01 2.000000e+00
   vertex -2.355460e+00 -2.782919e+01 2.000000e+00
  endloop
 endfacet
 facet normal 0.000000e+00 0.000000e+00 1.000000e+00
  outer loop
   vertex -1.188974e+00 -2.782728e+01 2.000000e+00
   vertex -1.765322e+00 -2.703681e+01 2.000000e+00
   vertex -2.028621e+00 -2.745666e+01 2.000000e+00
  endloop
 endfacet
 facet normal 0.000000e+00 0.000000e+00 1.000000e+00
  outer loop
   vertex -5.917115e-01 -2.638536e+01 2.000000e+00
   vertex -1.414853e+00 -2.560500e+01 2.000000e+00
   vertex -1.454466e+00 -2.609900e+01 2.000000e+00
  endloop
 endfacet
 facet normal 0.000000e+00 0.000000e+00 1.000000e+00
  outer loop
   vertex -5.148526e-01 -2.560500e+01 2.000000e+00
   vertex -1.414853e+00 -2.560500e+01 2.000000e+00
   vertex -5.917115e-01 -2.638536e+01 2.000000e+00
  endloop
 endfacet
 facet normal 0.000000e+00 -0.000000e+00 1.000000e+00
  outer loop
   vertex -8.193345e-01 -2.713573e+01 2.000000e+00
   vertex -5.917115e-01 -2.638536e+01 2.000000e+00
   vertex -1.454466e+00 -2.609900e+01 2.000000e+00
  endloop
 endfacet
 facet normal 0.000000e+00 0.000000e+00 1.000000e+00
  outer loop
   vertex -1.765322e+00 -2.703681e+01 2.000000e+00
   vertex -1.188974e+00 -2.782728e+01 2.000000e+00
   vertex -8.193345e-01 -2.713573e+01 2.000000e+00
  endloop
 endfacet
 facet normal 0.000000e+00 0.000000e+00 1.000000e+00
  outer loop
   vertex -1.454466e+00 -2.609900e+01 2.000000e+00
   vertex -1.572293e+00 -2.658037e+01 2.000000e+00
   vertex -8.193345e-01 -2.713573e+01 2.000000e+00
  endloop
 endfacet
 facet normal 0.000000e+00 0.000000e+00 1.000000e+00
  outer loop
   vertex -1.572293e+00 -2.658037e+01 2.000000e+00
   vertex -1.765322e+00 -2.703681e+01 2.000000e+00
   vertex -8.193345e-01 -2.713573e+01 2.000000e+00
  endloop
 endfacet
 facet normal 0.000000e+00 0.000000e+00 1.000000e+00
  outer loop
   vertex -1.686425e+00 -2.277658e+01 2.000000e+00
   vertex -2.292572e+00 -2.227912e+01 2.000000e+00
   vertex -2.480199e+00 -2.326616e+01 2.000000e+00
  endloop
 endfacet
 facet normal 6.858676e-01 7.277263e-01 0.000000e+00
  outer loop
   vertex -6.827311e+00 -2.766959e+01 3.333333e-01
   vertex -6.439001e+00 -2.803557e+01 -5.352874e-15
   vertex -6.827311e+00 -2.766959e+01 0.000000e+00
  endloop
 endfacet
 facet normal 5.508938e-01 8.345377e-01 7.928924e-03
  outer loop
   vertex -6.344893e+00 -2.810719e+01 1.000000e+00
   vertex -5.993683e+00 -2.832953e+01 -4.446173e-15
   vertex -6.439001e+00 -2.803557e+01 -5.352874e-15
  endloop
 endfacet
 facet normal 6.858676e-01 7.277263e-01 -0.000000e+00
  outer loop
   vertex -6.827311e+00 -2.766959e+01 3.333333e-01
   vertex -6.827311e+00 -2.766959e+01 6.666667e-01
   vertex -6.439001e+00 -2.803557e+01 -5.352874e-15
  endloop
 endfacet
 facet normal 6.759178e-01 7.368974e-01 -1.083001e-02
  outer loop
   vertex -6.344893e+00 -2.810719e+01 1.000000e+00
   vertex -6.439001e+00 -2.803557e+01 -5.352874e-15
   vertex -6.827311e+00 -2.766959e+01 6.666667e-01
  endloop
 endfacet
 facet normal 6.718623e-01 7.406761e-01 0.000000e+00
  outer loop
   vertex -6.827311e+00 -2.766959e+01 1.000000e+00
   vertex -6.344893e+00 -2.810719e+01 1.000000e+00
   vertex -6.827311e+00 -2.766959e+01 6.666667e-01
  endloop
 endfacet
 facet normal 3.991205e-01 9.155006e-01 -5.061143e-02
  outer loop
   vertex -5.162569e+00 -2.863658e+01 1.000000e+00
   vertex -5.504550e+00 -2.854277e+01 -3.407742e-15
   vertex -5.993683e+00 -2.832953e+01 -4.446173e-15
  endloop
 endfacet
 facet normal 2.365002e-01 9.715772e-01 1.026216e-02
  outer loop
   vertex -5.162569e+00 -2.863658e+01 1.000000e+00
   vertex -4.986096e+00 -2.866897e+01 -2.268347e-15
   vertex -5.504550e+00 -2.854277e+01 -3.407742e-15
  endloop
 endfacet
 facet normal 1.050420e-01 9.943738e-01 -1.367512e-02
  outer loop
   vertex -4.986096e+00 -2.866897e+01 -2.268347e-15
   vertex -5.162569e+00 -2.863658e+01 1.000000e+00
   vertex -4.514853e+00 -2.870500e+01 1.000000e+00
  endloop
 endfacet
 facet normal -1.057060e-01 9.943967e-01 -1.168966e-03
  outer loop
   vertex -3.910073e+00 -2.864544e+01 1.000000e+00
   vertex -3.923075e+00 -2.864799e+01 1.763107e-16
   vertex -4.453680e+00 -2.870440e+01 -1.061747e-15
  endloop
 endfacet
 facet normal 1.050477e-01 9.944284e-01 8.777870e-03
  outer loop
   vertex -5.162569e+00 -2.863658e+01 1.000000e+00
   vertex -5.066095e+00 -2.865560e+01 2.000000e+00
   vertex -4.514853e+00 -2.870500e+01 1.000000e+00
  endloop
 endfacet
 facet normal 4.078882e-01 9.109687e-01 6.134489e-02
  outer loop
   vertex -6.344893e+00 -2.810719e+01 1.000000e+00
   vertex -5.968361e+00 -2.834312e+01 2.000000e+00
   vertex -5.162569e+00 -2.863658e+01 1.000000e+00
  endloop
 endfacet
 facet normal 6.718623e-01 7.406761e-01 0.000000e+00
  outer loop
   vertex -6.827311e+00 -2.766959e+01 1.333333e+00
   vertex -6.344893e+00 -2.810719e+01 1.000000e+00
   vertex -6.827311e+00 -2.766959e+01 1.000000e+00
  endloop
 endfacet
 facet normal 7.053913e-01 7.088181e-01 0.000000e+00
  outer loop
   vertex -6.568211e+00 -2.792744e+01 2.000000e+00
   vertex -6.827311e+00 -2.766959e+01 1.333333e+00
   vertex -6.827311e+00 -2.766959e+01 1.666667e+00
  endloop
 endfacet
 facet normal 7.053913e-01 7.088181e-01 -0.000000e+00
  outer loop
   vertex -6.827311e+00 -2.766959e+01 1.666667e+00
   vertex -6.827311e+00 -2.766959e+01 2.000000e+00
   vertex -6.568211e+00 -2.792744e+01 2.000000e+00
  endloop
 endfacet
 facet normal 6.792005e-01 7.336858e-01 1.979709e-02
  outer loop
   vertex -6.568211e+00 -2.792744e+01 2.000000e+00
   vertex -6.344893e+00 -2.810719e+01 1.000000e+00
   vertex -6.827311e+00 -2.766959e+01 1.333333e+00
  endloop
 endfacet
 facet normal 6.170475e-01 7.869174e-01 -3.651171e-03
  outer loop
   vertex -6.344893e+00 -2.810719e+01 1.000000e+00
   vertex -6.568211e+00 -2.792744e+01 2.000000e+00
   vertex -6.280561e+00 -2.815300e+01 2.000000e+00
  endloop
 endfacet
 facet normal 5.201252e-01 8.540712e-01 5.660013e-03
  outer loop
   vertex -6.344893e+00 -2.810719e+01 1.000000e+00
   vertex -6.280561e+00 -2.815300e+01 2.000000e+00
   vertex -5.968361e+00 -2.834312e+01 2.000000e+00
  endloop
 endfacet
 facet normal 2.532891e-01 9.673718e-01 -6.038093e-03
  outer loop
   vertex -5.529331e+00 -2.853431e+01 2.000000e+00
   vertex -5.066095e+00 -2.865560e+01 2.000000e+00
   vertex -5.162569e+00 -2.863658e+01 1.000000e+00
  endloop
 endfacet
 facet normal -9.800988e-02 9.950964e-01 1.330870e-02
  outer loop
   vertex -4.111531e+00 -2.867865e+01 2.000000e+00
   vertex -3.910073e+00 -2.864544e+01 1.000000e+00
   vertex -4.514853e+00 -2.870500e+01 1.000000e+00
  endloop
 endfacet
 facet normal -2.089290e-01 9.778836e-01 -9.608617e-03
  outer loop
   vertex -4.111531e+00 -2.867865e+01 2.000000e+00
   vertex -3.626887e+00 -2.857511e+01 2.000000e+00
   vertex -3.910073e+00 -2.864544e+01 1.000000e+00
  endloop
 endfacet
 facet normal -2.746671e-01 9.615387e-01 1.112016e-03
  outer loop
   vertex -3.923075e+00 -2.864799e+01 1.763107e-16
   vertex -3.910073e+00 -2.864544e+01 1.000000e+00
   vertex -3.410004e+00 -2.850143e+01 1.409144e-15
  endloop
 endfacet
 facet normal -4.354838e-01 9.001745e-01 6.309767e-03
  outer loop
   vertex -3.410004e+00 -2.850143e+01 1.409144e-15
   vertex -3.328534e+00 -2.846903e+01 1.000000e+00
   vertex -2.929667e+00 -2.826906e+01 2.600229e-15
  endloop
 endfacet
 facet normal -5.833863e-01 8.121366e-01 9.723408e-03
  outer loop
   vertex -2.929667e+00 -2.826906e+01 2.600229e-15
   vertex -2.792585e+00 -2.818256e+01 1.000000e+00
   vertex -2.496295e+00 -2.795775e+01 3.714274e-15
  endloop
 endfacet
 facet normal -4.713601e-01 8.818536e-01 1.240461e-02
  outer loop
   vertex -3.328534e+00 -2.846903e+01 1.000000e+00
   vertex -3.164937e+00 -2.839565e+01 2.000000e+00
   vertex -2.792585e+00 -2.818256e+01 1.000000e+00
  endloop
 endfacet
 facet normal -6.343825e-01 7.729973e-01 5.826957e-03
  outer loop
   vertex -2.792585e+00 -2.818256e+01 1.000000e+00
   vertex -2.737487e+00 -2.814488e+01 2.000000e+00
   vertex -2.322822e+00 -2.779703e+01 1.000000e+00
  endloop
 endfacet
 facet normal -7.140032e-01 7.000504e-01 1.135086e-02
  outer loop
   vertex -2.322822e+00 -2.779703e+01 1.000000e+00
   vertex -2.122729e+00 -2.757674e+01 4.718274e-15
   vertex -2.496295e+00 -2.795775e+01 3.714274e-15
  endloop
 endfacet
 facet normal -2.902510e-01 9.568345e-01 1.490094e-02
  outer loop
   vertex -3.910073e+00 -2.864544e+01 1.000000e+00
   vertex -3.626887e+00 -2.857511e+01 2.000000e+00
   vertex -3.328534e+00 -2.846903e+01 1.000000e+00
  endloop
 endfacet
 facet normal -8.234782e-01 5.672375e-01 1.119078e-02
  outer loop
   vertex -1.937297e+00 -2.732727e+01 1.000000e+00
   vertex -1.820036e+00 -2.713731e+01 5.582482e-15
   vertex -2.122729e+00 -2.757674e+01 4.718274e-15
  endloop
 endfacet
 facet normal -8.818360e-01 4.713523e-01 -1.386670e-02
  outer loop
   vertex -1.820036e+00 -2.713731e+01 5.582482e-15
   vertex -1.937297e+00 -2.732727e+01 1.000000e+00
   vertex -1.650826e+00 -2.679132e+01 1.000000e+00
  endloop
 endfacet
 facet normal -9.962897e-01 8.606353e-02 0.000000e+00
  outer loop
   vertex -1.414853e+00 -2.560500e+01 6.666667e-01
   vertex -1.414853e+00 -2.560500e+01 0.000000e+00
   vertex -1.460776e+00 -2.613662e+01 6.794006e-15
  endloop
 endfacet
 facet normal -9.568822e-01 2.902668e-01 -1.102822e-02
  outer loop
   vertex -1.597184e+00 -2.665248e+01 6.281294e-15
   vertex -1.650826e+00 -2.679132e+01 1.000000e+00
   vertex -1.474418e+00 -2.620978e+01 1.000000e+00
  endloop
 endfacet
 facet normal -7.729254e-01 6.343215e-01 -1.491878e-02
  outer loop
   vertex -2.322822e+00 -2.779703e+01 1.000000e+00
   vertex -1.937297e+00 -2.732727e+01 1.000000e+00
   vertex -2.122729e+00 -2.757674e+01 4.718274e-15
  endloop
 endfacet
 facet normal -9.955148e-01 9.436964e-02 -6.676840e-03
  outer loop
   vertex -1.460776e+00 -2.613662e+01 6.794006e-15
   vertex -1.474418e+00 -2.620978e+01 1.000000e+00
   vertex -1.414853e+00 -2.560500e+01 6.666667e-01
  endloop
 endfacet
 facet normal -7.516964e-01 6.595009e-01 -3.325039e-03
  outer loop
   vertex -2.322822e+00 -2.779703e+01 1.000000e+00
   vertex -2.355460e+00 -2.782919e+01 2.000000e+00
   vertex -2.028621e+00 -2.745666e+01 2.000000e+00
  endloop
 endfacet
 facet normal -8.471571e-01 5.312726e-01 -8.622281e-03
  outer loop
   vertex -2.028621e+00 -2.745666e+01 2.000000e+00
   vertex -1.765322e+00 -2.703681e+01 2.000000e+00
   vertex -1.937297e+00 -2.732727e+01 1.000000e+00
  endloop
 endfacet
 facet normal -9.568478e-01 2.902563e-01 1.391403e-02
  outer loop
   vertex -1.650826e+00 -2.679132e+01 1.000000e+00
   vertex -1.572293e+00 -2.658037e+01 2.000000e+00
   vertex -1.474418e+00 -2.620978e+01 1.000000e+00
  endloop
 endfacet
 facet normal -9.951847e-01 9.801716e-02 0.000000e+00
  outer loop
   vertex -1.414853e+00 -2.560500e+01 6.666667e-01
   vertex -1.474418e+00 -2.620978e+01 1.000000e+00
   vertex -1.414853e+00 -2.560500e+01 1.333333e+00
  endloop
 endfacet
 facet normal -9.956407e-01 9.277795e-02 9.587195e-03
  outer loop
   vertex -1.414853e+00 -2.560500e+01 1.333333e+00
   vertex -1.474418e+00 -2.620978e+01 1.000000e+00
   vertex -1.454466e+00 -2.609900e+01 2.000000e+00
  endloop
 endfacet
 facet normal -9.209816e-01 3.894820e-01 -9.834585e-03
  outer loop
   vertex -1.650826e+00 -2.679132e+01 1.000000e+00
   vertex -1.765322e+00 -2.703681e+01 2.000000e+00
   vertex -1.572293e+00 -2.658037e+01 2.000000e+00
  endloop
 endfacet
 facet normal -9.968003e-01 7.993264e-02 0.000000e+00
  outer loop
   vertex -1.414853e+00 -2.560500e+01 1.333333e+00
   vertex -1.454466e+00 -2.609900e+01 2.000000e+00
   vertex -1.414853e+00 -2.560500e+01 2.000000e+00
  endloop
 endfacet
 facet normal -8.818249e-01 4.713464e-01 1.474568e-02
  outer loop
   vertex -1.937297e+00 -2.732727e+01 1.000000e+00
   vertex -1.765322e+00 -2.703681e+01 2.000000e+00
   vertex -1.650826e+00 -2.679132e+01 1.000000e+00
  endloop
 endfacet
 facet normal -9.965359e-01 -8.316403e-02 -0.000000e+00
  outer loop
   vertex -1.414853e+00 -2.560500e+01 6.666667e-01
   vertex -1.457734e+00 -2.509117e+01 0.000000e+00
   vertex -1.414853e+00 -2.560500e+01 0.000000e+00
  endloop
 endfacet
 facet normal -9.955777e-01 -9.359200e-02 -8.098970e-03
  outer loop
   vertex -1.414853e+00 -2.560500e+01 6.666667e-01
   vertex -1.474418e+00 -2.500022e+01 1.000000e+00
   vertex -1.457734e+00 -2.509117e+01 0.000000e+00
  endloop
 endfacet
 facet normal -9.689471e-01 -2.471873e-01 6.314558e-03
  outer loop
   vertex -1.585190e+00 -2.459155e+01 0.000000e+00
   vertex -1.457734e+00 -2.509117e+01 0.000000e+00
   vertex -1.474418e+00 -2.500022e+01 1.000000e+00
  endloop
 endfacet
 facet normal -9.140187e-01 -4.041264e-01 -3.537938e-02
  outer loop
   vertex -1.937297e+00 -2.388273e+01 1.000000e+00
   vertex -1.793696e+00 -2.411997e+01 0.000000e+00
   vertex -1.585190e+00 -2.459155e+01 0.000000e+00
  endloop
 endfacet
 facet normal -9.951847e-01 -9.801716e-02 -0.000000e+00
  outer loop
   vertex -1.414853e+00 -2.560500e+01 1.333333e+00
   vertex -1.474418e+00 -2.500022e+01 1.000000e+00
   vertex -1.414853e+00 -2.560500e+01 6.666667e-01
  endloop
 endfacet
 facet normal -8.348643e-01 -5.503523e-01 1.067790e-02
  outer loop
   vertex -1.937297e+00 -2.388273e+01 1.000000e+00
   vertex -2.077482e+00 -2.368948e+01 0.000000e+00
   vertex -1.793696e+00 -2.411997e+01 0.000000e+00
  endloop
 endfacet
 facet normal -7.729318e-01 -6.343294e-01 -1.423308e-02
  outer loop
   vertex -2.077482e+00 -2.368948e+01 0.000000e+00
   vertex -1.937297e+00 -2.388273e+01 1.000000e+00
   vertex -2.322822e+00 -2.341297e+01 1.000000e+00
  endloop
 endfacet
 facet normal -6.343575e-01 -7.729630e-01 -1.090044e-02
  outer loop
   vertex -2.428699e+00 -2.331198e+01 0.000000e+00
   vertex -2.322822e+00 -2.341297e+01 1.000000e+00
   vertex -2.792585e+00 -2.302744e+01 1.000000e+00
  endloop
 endfacet
 facet normal -9.224561e-01 -3.820941e-01 5.548669e-02
  outer loop
   vertex -1.474418e+00 -2.500022e+01 1.000000e+00
   vertex -1.594320e+00 -2.456554e+01 2.000000e+00
   vertex -1.937297e+00 -2.388273e+01 1.000000e+00
  endloop
 endfacet
 facet normal -9.963485e-01 -8.537995e-02 0.000000e+00
  outer loop
   vertex -1.460049e+00 -2.507758e+01 2.000000e+00
   vertex -1.414853e+00 -2.560500e+01 1.333333e+00
   vertex -1.414853e+00 -2.560500e+01 2.000000e+00
  endloop
 endfacet
 facet normal -9.955302e-01 -9.418237e-02 7.019358e-03
  outer loop
   vertex -1.474418e+00 -2.500022e+01 1.000000e+00
   vertex -1.414853e+00 -2.560500e+01 1.333333e+00
   vertex -1.460049e+00 -2.507758e+01 2.000000e+00
  endloop
 endfacet
 facet normal -9.672803e-01 -2.536457e-01 -5.722376e-03
  outer loop
   vertex -1.460049e+00 -2.507758e+01 2.000000e+00
   vertex -1.594320e+00 -2.456554e+01 2.000000e+00
   vertex -1.474418e+00 -2.500022e+01 1.000000e+00
  endloop
 endfacet
 facet normal -7.183157e-01 -6.956316e-01 -1.091918e-02
  outer loop
   vertex -2.322822e+00 -2.341297e+01 1.000000e+00
   vertex -2.111941e+00 -2.364643e+01 2.000000e+00
   vertex -2.480199e+00 -2.326616e+01 2.000000e+00
  endloop
 endfacet
 facet normal -8.261941e-01 -5.632746e-01 -1.118333e-02
  outer loop
   vertex -1.937297e+00 -2.388273e+01 1.000000e+00
   vertex -1.813750e+00 -2.408380e+01 2.000000e+00
   vertex -2.111941e+00 -2.364643e+01 2.000000e+00
  endloop
 endfacet
 facet normal -6.343361e-01 -7.729369e-01 1.364669e-02
  outer loop
   vertex -2.322822e+00 -2.341297e+01 1.000000e+00
   vertex -2.480199e+00 -2.326616e+01 2.000000e+00
   vertex -2.792585e+00 -2.302744e+01 1.000000e+00
  endloop
 endfacet
 facet normal -4.581019e-01 -8.888935e-01 3.308850e-03
  outer loop
   vertex -3.288468e+00 -2.275790e+01 2.000000e+00
   vertex -3.328534e+00 -2.274097e+01 1.000000e+00
   vertex -2.907785e+00 -2.295409e+01 2.000000e+00
  endloop
 endfacet
 facet normal -7.729242e-01 -6.343231e-01 1.490936e-02
  outer loop
   vertex -2.322822e+00 -2.341297e+01 1.000000e+00
   vertex -1.937297e+00 -2.388273e+01 1.000000e+00
   vertex -2.111941e+00 -2.364643e+01 2.000000e+00
  endloop
 endfacet
 facet normal -4.692234e-01 -8.830727e-01 -3.449616e-03
  outer loop
   vertex -3.328534e+00 -2.274097e+01 1.000000e+00
   vertex -3.292961e+00 -2.275597e+01 0.000000e+00
   vertex -2.837630e+00 -2.299791e+01 0.000000e+00
  endloop
 endfacet
 facet normal -3.163612e-01 -9.486342e-01 2.971320e-03
  outer loop
   vertex -3.292961e+00 -2.275597e+01 0.000000e+00
   vertex -3.328534e+00 -2.274097e+01 1.000000e+00
   vertex -3.782095e+00 -2.259285e+01 0.000000e+00
  endloop
 endfacet
 facet normal -1.547416e-01 -9.879215e-01 8.135293e-03
  outer loop
   vertex -3.782095e+00 -2.259285e+01 0.000000e+00
   vertex -3.910073e+00 -2.256457e+01 1.000000e+00
   vertex -4.291502e+00 -2.251306e+01 0.000000e+00
  endloop
 endfacet
 facet normal -3.312189e-01 -9.435501e-01 -2.699893e-03
  outer loop
   vertex -3.328534e+00 -2.274097e+01 1.000000e+00
   vertex -3.288468e+00 -2.275790e+01 2.000000e+00
   vertex -3.692558e+00 -2.261605e+01 2.000000e+00
  endloop
 endfacet
 facet normal 1.767313e-01 -9.842205e-01 8.723383e-03
  outer loop
   vertex -5.172369e+00 -2.257553e+01 1.000000e+00
   vertex -5.314589e+00 -2.260994e+01 0.000000e+00
   vertex -4.807087e+00 -2.251881e+01 0.000000e+00
  endloop
 endfacet
 facet normal 3.374334e-01 -9.413494e-01 0.000000e+00
  outer loop
   vertex -5.799964e+00 -2.278392e+01 3.333333e-01
   vertex -5.799964e+00 -2.278392e+01 0.000000e+00
   vertex -5.314589e+00 -2.260994e+01 0.000000e+00
  endloop
 endfacet
 facet normal 3.374334e-01 -9.413494e-01 0.000000e+00
  outer loop
   vertex -5.799964e+00 -2.278392e+01 3.333333e-01
   vertex -5.314589e+00 -2.260994e+01 0.000000e+00
   vertex -5.799964e+00 -2.278392e+01 6.666667e-01
  endloop
 endfacet
 facet normal 3.213718e-01 -9.468620e-01 -1.313256e-02
  outer loop
   vertex -5.799964e+00 -2.278392e+01 6.666667e-01
   vertex -5.314589e+00 -2.260994e+01 0.000000e+00
   vertex -5.172369e+00 -2.257553e+01 1.000000e+00
  endloop
 endfacet
 facet normal 1.114863e-02 -9.998822e-01 1.054574e-02
  outer loop
   vertex -4.291502e+00 -2.251306e+01 0.000000e+00
   vertex -4.514853e+00 -2.250500e+01 1.000000e+00
   vertex -4.807087e+00 -2.251881e+01 0.000000e+00
  endloop
 endfacet
 facet normal -9.800984e-02 -9.950961e-01 1.333554e-02
  outer loop
   vertex -3.910073e+00 -2.256457e+01 1.000000e+00
   vertex -4.112341e+00 -2.253124e+01 2.000000e+00
   vertex -4.514853e+00 -2.250500e+01 1.000000e+00
  endloop
 endfacet
 facet normal -1.980183e-01 -9.801705e-01 -7.390421e-03
  outer loop
   vertex -3.692558e+00 -2.261605e+01 2.000000e+00
   vertex -4.112341e+00 -2.253124e+01 2.000000e+00
   vertex -3.910073e+00 -2.256457e+01 1.000000e+00
  endloop
 endfacet
 facet normal 7.262337e-02 -9.973580e-01 1.711444e-03
  outer loop
   vertex -4.514853e+00 -2.250500e+01 1.000000e+00
   vertex -4.539807e+00 -2.250510e+01 2.000000e+00
   vertex -4.939216e+00 -2.253419e+01 2.000000e+00
  endloop
 endfacet
 facet normal 2.005824e-01 -9.796568e-01 -6.258131e-03
  outer loop
   vertex -4.939216e+00 -2.253419e+01 2.000000e+00
   vertex -5.331542e+00 -2.261451e+01 2.000000e+00
   vertex -5.172369e+00 -2.257553e+01 1.000000e+00
  endloop
 endfacet
 facet normal 3.219459e-01 -9.466494e-01 1.434635e-02
  outer loop
   vertex -5.172369e+00 -2.257553e+01 1.000000e+00
   vertex -5.331542e+00 -2.261451e+01 2.000000e+00
   vertex -5.799964e+00 -2.278392e+01 1.333333e+00
  endloop
 endfacet
 facet normal 3.400998e-01 -9.403893e-01 0.000000e+00
  outer loop
   vertex -5.331542e+00 -2.261451e+01 2.000000e+00
   vertex -5.799964e+00 -2.278392e+01 1.666667e+00
   vertex -5.799964e+00 -2.278392e+01 1.333333e+00
  endloop
 endfacet
 facet normal 3.251194e-01 -9.453788e-01 2.358721e-02
  outer loop
   vertex -5.799964e+00 -2.278392e+01 1.666667e+00
   vertex -5.331542e+00 -2.261451e+01 2.000000e+00
   vertex -5.710240e+00 -2.274475e+01 2.000000e+00
  endloop
 endfacet
 facet normal 4.001230e-01 -9.164615e-01 0.000000e+00
  outer loop
   vertex -5.799964e+00 -2.278392e+01 1.666667e+00
   vertex -5.710240e+00 -2.274475e+01 2.000000e+00
   vertex -5.799964e+00 -2.278392e+01 2.000000e+00
  endloop
 endfacet
 facet normal 3.151234e-01 -9.490507e-01 0.000000e+00
  outer loop
   vertex -5.799964e+00 -2.278392e+01 1.000000e+00
   vertex -5.172369e+00 -2.257553e+01 1.000000e+00
   vertex -5.799964e+00 -2.278392e+01 1.333333e+00
  endloop
 endfacet
 facet normal 3.151234e-01 -9.490507e-01 0.000000e+00
  outer loop
   vertex -5.799964e+00 -2.278392e+01 1.000000e+00
   vertex -5.799964e+00 -2.278392e+01 6.666667e-01
   vertex -5.172369e+00 -2.257553e+01 1.000000e+00
  endloop
 endfacet
 facet normal -9.951847e-01 -9.801715e-02 -0.000000e+00
  outer loop
   vertex -5.148526e-01 -2.560500e+01 2.533333e+00
   vertex -5.917115e-01 -2.482464e+01 2.000000e+00
   vertex -5.148526e-01 -2.560500e+01 2.000000e+00
  endloop
 endfacet
 facet normal -9.951847e-01 -9.801715e-02 -0.000000e+00
  outer loop
   vertex -5.148526e-01 -2.560500e+01 3.066667e+00
   vertex -5.917115e-01 -2.482464e+01 2.800000e+00
   vertex -5.148526e-01 -2.560500e+01 2.533333e+00
  endloop
 endfacet
 facet normal -9.951847e-01 -9.801715e-02 0.000000e+00
  outer loop
   vertex -5.917115e-01 -2.482464e+01 2.000000e+00
   vertex -5.148526e-01 -2.560500e+01 2.533333e+00
   vertex -5.917115e-01 -2.482464e+01 2.800000e+00
  endloop
 endfacet
 facet normal -9.569403e-01 -2.902849e-01 -0.000000e+00
  outer loop
   vertex -5.917115e-01 -2.482464e+01 2.800000e+00
   vertex -8.193345e-01 -2.407427e+01 2.000000e+00
   vertex -5.917115e-01 -2.482464e+01 2.000000e+00
  endloop
 endfacet
 facet normal -9.196451e-01 -3.809295e-01 -9.563308e-02
  outer loop
   vertex -5.917115e-01 -2.482464e+01 2.800000e+00
   vertex -1.188974e+00 -2.338272e+01 2.800000e+00
   vertex -8.193345e-01 -2.407427e+01 2.000000e+00
  endloop
 endfacet
 facet normal -7.730103e-01 -6.343935e-01 0.000000e+00
  outer loop
   vertex -1.686425e+00 -2.277658e+01 2.000000e+00
   vertex -1.188974e+00 -2.338272e+01 2.000000e+00
   vertex -1.188974e+00 -2.338272e+01 2.800000e+00
  endloop
 endfacet
 facet normal -8.819213e-01 -4.713966e-01 0.000000e+00
  outer loop
   vertex -1.188974e+00 -2.338272e+01 2.000000e+00
   vertex -8.193345e-01 -2.407427e+01 2.000000e+00
   vertex -1.188974e+00 -2.338272e+01 2.800000e+00
  endloop
 endfacet
 facet normal -6.343935e-01 -7.730102e-01 0.000000e+00
  outer loop
   vertex -2.292572e+00 -2.227912e+01 2.000000e+00
   vertex -1.686425e+00 -2.277658e+01 2.000000e+00
   vertex -1.686425e+00 -2.277658e+01 2.800000e+00
  endloop
 endfacet
 facet normal -9.951847e-01 -9.801715e-02 -0.000000e+00
  outer loop
   vertex -5.148526e-01 -2.560500e+01 3.600000e+00
   vertex -5.917115e-01 -2.482464e+01 3.600000e+00
   vertex -5.148526e-01 -2.560500e+01 3.066667e+00
  endloop
 endfacet
 facet normal -9.569403e-01 -2.902849e-01 0.000000e+00
  outer loop
   vertex -5.917115e-01 -2.482464e+01 2.800000e+00
   vertex -5.917115e-01 -2.482464e+01 3.600000e+00
   vertex -8.193345e-01 -2.407427e+01 3.600000e+00
  endloop
 endfacet
 facet normal -7.730103e-01 -6.343935e-01 0.000000e+00
  outer loop
   vertex -1.686425e+00 -2.277658e+01 2.800000e+00
   vertex -1.188974e+00 -2.338272e+01 2.800000e+00
   vertex -1.188974e+00 -2.338272e+01 3.600000e+00
  endloop
 endfacet
 facet normal -6.343935e-01 -7.730102e-01 0.000000e+00
  outer loop
   vertex -1.686425e+00 -2.277658e+01 3.600000e+00
   vertex -2.292572e+00 -2.227912e+01 3.600000e+00
   vertex -2.292572e+00 -2.227912e+01 2.800000e+00
  endloop
 endfacet
 facet normal -8.819213e-01 -4.713966e-01 0.000000e+00
  outer loop
   vertex -8.193345e-01 -2.407427e+01 3.600000e+00
   vertex -1.188974e+00 -2.338272e+01 3.600000e+00
   vertex -1.188974e+00 -2.338272e+01 2.800000e+00
  endloop
 endfacet
 facet normal -9.196451e-01 -3.809295e-01 9.563308e-02
  outer loop
   vertex -1.188974e+00 -2.338272e+01 2.800000e+00
   vertex -5.917115e-01 -2.482464e+01 2.800000e+00
   vertex -8.193345e-01 -2.407427e+01 3.600000e+00
  endloop
 endfacet
 facet normal -4.713974e-01 -8.819209e-01 0.000000e+00
  outer loop
   vertex -2.292572e+00 -2.227912e+01 2.800000e+00
   vertex -2.984119e+00 -2.190948e+01 2.800000e+00
   vertex -2.984119e+00 -2.190948e+01 2.000000e+00
  endloop
 endfacet
 facet normal -2.902847e-01 -9.569403e-01 0.000000e+00
  outer loop
   vertex -3.734491e+00 -2.168186e+01 2.000000e+00
   vertex -2.984119e+00 -2.190948e+01 2.000000e+00
   vertex -2.984119e+00 -2.190948e+01 2.800000e+00
  endloop
 endfacet
 facet normal -2.902847e-01 -9.569403e-01 0.000000e+00
  outer loop
   vertex -3.734491e+00 -2.168186e+01 2.800000e+00
   vertex -2.984119e+00 -2.190948e+01 2.800000e+00
   vertex -2.984119e+00 -2.190948e+01 3.600000e+00
  endloop
 endfacet
 facet normal -9.452845e-02 -9.955222e-01 2.188995e-05
  outer loop
   vertex -3.734491e+00 -2.168186e+01 2.800000e+00
   vertex -4.543101e+00 -2.160509e+01 2.533333e+00
   vertex -4.543083e+00 -2.160509e+01 2.266667e+00
  endloop
 endfacet
 facet normal -4.713974e-01 -8.819209e-01 0.000000e+00
  outer loop
   vertex -2.292572e+00 -2.227912e+01 3.600000e+00
   vertex -2.984119e+00 -2.190948e+01 3.600000e+00
   vertex -2.984119e+00 -2.190948e+01 2.800000e+00
  endloop
 endfacet
 facet normal 3.515630e-03 -9.999938e-01 2.885523e-05
  outer loop
   vertex -4.543083e+00 -2.160509e+01 2.266667e+00
   vertex -4.543064e+00 -2.160510e+01 2.000000e+00
   vertex -4.514853e+00 -2.160500e+01 2.000000e+00
  endloop
 endfacet
 facet normal -9.801107e-02 -9.951276e-01 -1.071742e-02
  outer loop
   vertex -4.514853e+00 -2.160500e+01 2.000000e+00
   vertex -3.734491e+00 -2.168186e+01 2.000000e+00
   vertex -4.543083e+00 -2.160509e+01 2.266667e+00
  endloop
 endfacet
 facet normal -9.801110e-02 -9.951278e-01 1.069578e-02
  outer loop
   vertex -4.514853e+00 -2.160500e+01 2.800000e+00
   vertex -4.543101e+00 -2.160509e+01 2.533333e+00
   vertex -3.734491e+00 -2.168186e+01 2.800000e+00
  endloop
 endfacet
 facet normal -9.801115e-02 -9.951284e-01 -1.064523e-02
  outer loop
   vertex -3.734491e+00 -2.168186e+01 2.800000e+00
   vertex -4.543138e+00 -2.160507e+01 3.066667e+00
   vertex -4.514853e+00 -2.160500e+01 2.800000e+00
  endloop
 endfacet
 facet normal -9.455695e-02 -9.955195e-01 2.900839e-05
  outer loop
   vertex -3.734491e+00 -2.168186e+01 3.600000e+00
   vertex -4.543157e+00 -2.160506e+01 3.333333e+00
   vertex -4.543138e+00 -2.160507e+01 3.066667e+00
  endloop
 endfacet
 facet normal 3.515630e-03 -9.999938e-01 -1.585749e-04
  outer loop
   vertex -4.543064e+00 -2.160510e+01 3.600000e+00
   vertex -4.543157e+00 -2.160506e+01 3.333333e+00
   vertex -4.514853e+00 -2.160500e+01 3.600000e+00
  endloop
 endfacet
 facet normal -9.801118e-02 -9.951287e-01 1.061648e-02
  outer loop
   vertex -4.543157e+00 -2.160506e+01 3.333333e+00
   vertex -3.734491e+00 -2.168186e+01 3.600000e+00
   vertex -4.514853e+00 -2.160500e+01 3.600000e+00
  endloop
 endfacet
 facet normal 2.631570e-03 -9.999965e-01 2.879365e-05
  outer loop
   vertex -4.543119e+00 -2.160508e+01 2.800000e+00
   vertex -4.514853e+00 -2.160500e+01 2.800000e+00
   vertex -4.543138e+00 -2.160507e+01 3.066667e+00
  endloop
 endfacet
 facet normal 2.631570e-03 -9.999965e-01 3.594148e-05
  outer loop
   vertex -4.543119e+00 -2.160508e+01 2.800000e+00
   vertex -4.543101e+00 -2.160509e+01 2.533333e+00
   vertex -4.514853e+00 -2.160500e+01 2.800000e+00
  endloop
 endfacet
 facet normal 3.109339e-01 9.504315e-01 0.000000e+00
  outer loop
   vertex -6.151622e+00 -2.925480e+01 2.357653e+00
   vertex -5.351760e+00 -2.951647e+01 2.000000e+00
   vertex -6.151622e+00 -2.925480e+01 2.000000e+00
  endloop
 endfacet
 facet normal 3.109339e-01 9.504315e-01 -0.000000e+00
  outer loop
   vertex -6.151622e+00 -2.925480e+01 2.357653e+00
   vertex -6.151622e+00 -2.925480e+01 2.715306e+00
   vertex -5.351760e+00 -2.951647e+01 2.800000e+00
  endloop
 endfacet
 facet normal 3.109339e-01 9.504315e-01 0.000000e+00
  outer loop
   vertex -5.351760e+00 -2.951647e+01 2.800000e+00
   vertex -5.351760e+00 -2.951647e+01 2.000000e+00
   vertex -6.151622e+00 -2.925480e+01 2.357653e+00
  endloop
 endfacet
 facet normal -9.801670e-02 9.951848e-01 0.000000e+00
  outer loop
   vertex -3.734491e+00 -2.952814e+01 2.800000e+00
   vertex -3.734491e+00 -2.952814e+01 2.000000e+00
   vertex -4.514853e+00 -2.960500e+01 2.000000e+00
  endloop
 endfacet
 facet normal 7.179454e-03 9.947002e-01 -1.025672e-01
  outer loop
   vertex -3.734491e+00 -2.952814e+01 2.800000e+00
   vertex -4.514853e+00 -2.960500e+01 2.000000e+00
   vertex -5.351760e+00 -2.951647e+01 2.800000e+00
  endloop
 endfacet
 facet normal -2.902847e-01 9.569403e-01 0.000000e+00
  outer loop
   vertex -3.734491e+00 -2.952814e+01 2.800000e+00
   vertex -2.984119e+00 -2.930052e+01 2.800000e+00
   vertex -2.984119e+00 -2.930052e+01 2.000000e+00
  endloop
 endfacet
 facet normal 7.172856e-03 9.937860e-01 1.110759e-01
  outer loop
   vertex -4.751331e+00 -2.959800e+01 3.490699e+00
   vertex -3.734491e+00 -2.952814e+01 2.800000e+00
   vertex -5.351760e+00 -2.951647e+01 2.800000e+00
  endloop
 endfacet
 facet normal 3.109339e-01 9.504315e-01 0.000000e+00
  outer loop
   vertex -6.151622e+00 -2.925480e+01 3.072959e+00
   vertex -5.351760e+00 -2.951647e+01 2.800000e+00
   vertex -6.151622e+00 -2.925480e+01 2.715306e+00
  endloop
 endfacet
 facet normal 3.531521e-01 9.355659e-01 0.000000e+00
  outer loop
   vertex -5.698056e+00 -2.942600e+01 3.434841e+00
   vertex -6.151622e+00 -2.925480e+01 3.072959e+00
   vertex -6.151622e+00 -2.925480e+01 3.430613e+00
  endloop
 endfacet
 facet normal 3.235078e-01 9.453035e-01 4.176167e-02
  outer loop
   vertex -5.351760e+00 -2.951647e+01 2.800000e+00
   vertex -6.151622e+00 -2.925480e+01 3.072959e+00
   vertex -5.698056e+00 -2.942600e+01 3.434841e+00
  endloop
 endfacet
 facet normal 2.379989e-01 9.712276e-01 -8.576317e-03
  outer loop
   vertex -5.229540e+00 -2.954064e+01 3.454995e+00
   vertex -5.351760e+00 -2.951647e+01 2.800000e+00
   vertex -5.698056e+00 -2.942600e+01 3.434841e+00
  endloop
 endfacet
 facet normal 1.180207e-01 9.929036e-01 1.461097e-02
  outer loop
   vertex -5.351760e+00 -2.951647e+01 2.800000e+00
   vertex -5.229540e+00 -2.954064e+01 3.454995e+00
   vertex -4.751331e+00 -2.959800e+01 3.490699e+00
  endloop
 endfacet
 facet normal -1.170467e-01 9.930904e-01 8.457868e-03
  outer loop
   vertex -4.268689e+00 -2.959742e+01 3.541572e+00
   vertex -3.834969e+00 -2.954680e+01 3.600000e+00
   vertex -3.734491e+00 -2.952814e+01 2.800000e+00
  endloop
 endfacet
 facet normal -1.023756e-02 9.962688e-01 8.569556e-02
  outer loop
   vertex -3.734491e+00 -2.952814e+01 2.800000e+00
   vertex -4.751331e+00 -2.959800e+01 3.490699e+00
   vertex -4.268689e+00 -2.959742e+01 3.541572e+00
  endloop
 endfacet
 facet normal -1.825509e-01 9.831964e-01 0.000000e+00
  outer loop
   vertex -3.734491e+00 -2.952814e+01 3.600000e+00
   vertex -3.734491e+00 -2.952814e+01 2.800000e+00
   vertex -3.834969e+00 -2.954680e+01 3.600000e+00
  endloop
 endfacet
 facet normal -2.902847e-01 9.569403e-01 0.000000e+00
  outer loop
   vertex -2.984119e+00 -2.930052e+01 2.800000e+00
   vertex -3.734491e+00 -2.952814e+01 2.800000e+00
   vertex -3.734491e+00 -2.952814e+01 3.600000e+00
  endloop
 endfacet
 facet normal -4.713974e-01 8.819209e-01 0.000000e+00
  outer loop
   vertex -2.984119e+00 -2.930052e+01 3.600000e+00
   vertex -2.292572e+00 -2.893088e+01 3.600000e+00
   vertex -2.292572e+00 -2.893088e+01 2.800000e+00
  endloop
 endfacet
 facet normal -4.713974e-01 8.819209e-01 0.000000e+00
  outer loop
   vertex -2.984119e+00 -2.930052e+01 2.800000e+00
   vertex -2.292572e+00 -2.893088e+01 2.800000e+00
   vertex -2.292572e+00 -2.893088e+01 2.000000e+00
  endloop
 endfacet
 facet normal -6.343935e-01 7.730102e-01 0.000000e+00
  outer loop
   vertex -1.686425e+00 -2.843343e+01 2.000000e+00
   vertex -2.292572e+00 -2.893088e+01 2.000000e+00
   vertex -2.292572e+00 -2.893088e+01 2.800000e+00
  endloop
 endfacet
 facet normal -6.343935e-01 7.730102e-01 0.000000e+00
  outer loop
   vertex -1.686425e+00 -2.843343e+01 2.800000e+00
   vertex -2.292572e+00 -2.893088e+01 2.800000e+00
   vertex -2.292572e+00 -2.893088e+01 3.600000e+00
  endloop
 endfacet
 facet normal -7.730103e-01 6.343935e-01 0.000000e+00
  outer loop
   vertex -1.686425e+00 -2.843343e+01 2.800000e+00
   vertex -1.188974e+00 -2.782728e+01 2.800000e+00
   vertex -1.188974e+00 -2.782728e+01 2.000000e+00
  endloop
 endfacet
 facet normal -8.819213e-01 4.713966e-01 0.000000e+00
  outer loop
   vertex -8.193345e-01 -2.713573e+01 2.000000e+00
   vertex -1.188974e+00 -2.782728e+01 2.000000e+00
   vertex -1.188974e+00 -2.782728e+01 2.800000e+00
  endloop
 endfacet
 facet normal -9.951847e-01 9.801715e-02 0.000000e+00
  outer loop
   vertex -5.148526e-01 -2.560500e+01 2.000000e+00
   vertex -5.917115e-01 -2.638536e+01 2.000000e+00
   vertex -5.148526e-01 -2.560500e+01 2.533333e+00
  endloop
 endfacet
 facet normal -9.569403e-01 2.902849e-01 0.000000e+00
  outer loop
   vertex -5.917115e-01 -2.638536e+01 2.000000e+00
   vertex -8.193345e-01 -2.713573e+01 2.000000e+00
   vertex -8.193345e-01 -2.713573e+01 2.800000e+00
  endloop
 endfacet
 facet normal -8.819213e-01 4.713966e-01 0.000000e+00
  outer loop
   vertex -1.188974e+00 -2.782728e+01 3.600000e+00
   vertex -8.193345e-01 -2.713573e+01 3.600000e+00
   vertex -8.193345e-01 -2.713573e+01 2.800000e+00
  endloop
 endfacet
 facet normal -7.730103e-01 6.343935e-01 0.000000e+00
  outer loop
   vertex -1.188974e+00 -2.782728e+01 2.800000e+00
   vertex -1.686425e+00 -2.843343e+01 2.800000e+00
   vertex -1.686425e+00 -2.843343e+01 3.600000e+00
  endloop
 endfacet
 facet normal -9.951847e-01 9.801715e-02 0.000000e+00
  outer loop
   vertex -5.917115e-01 -2.638536e+01 3.600000e+00
   vertex -5.148526e-01 -2.560500e+01 3.600000e+00
   vertex -5.148526e-01 -2.560500e+01 3.066667e+00
  endloop
 endfacet
 facet normal -9.951847e-01 9.801715e-02 0.000000e+00
  outer loop
   vertex -5.148526e-01 -2.560500e+01 2.533333e+00
   vertex -5.917115e-01 -2.638536e+01 2.800000e+00
   vertex -5.148526e-01 -2.560500e+01 3.066667e+00
  endloop
 endfacet
 facet normal -9.569403e-01 2.902849e-01 0.000000e+00
  outer loop
   vertex -5.917115e-01 -2.638536e+01 2.800000e+00
   vertex -8.193345e-01 -2.713573e+01 2.800000e+00
   vertex -8.193345e-01 -2.713573e+01 3.600000e+00
  endloop
 endfacet
 facet normal 0.000000e+00 -0.000000e+00 1.000000e+00
  outer loop
   vertex -7.608616e+00 -2.899101e+01 2.000000e+00
   vertex -7.515482e+00 -2.878516e+01 2.000000e+00
   vertex -8.051805e+00 -2.878982e+01 2.000000e+00
  endloop
 endfacet
 facet normal 0.000000e+00 0.000000e+00 1.000000e+00
  outer loop
   vertex -6.979792e+00 -2.870776e+01 2.000000e+00
   vertex -7.144272e+00 -2.913688e+01 2.000000e+00
   vertex -5.092714e+00 -2.910433e+01 2.000000e+00
  endloop
 endfacet
 facet normal 0.000000e+00 0.000000e+00 1.000000e+00
  outer loop
   vertex -7.608616e+00 -2.899101e+01 2.000000e+00
   vertex -6.979792e+00 -2.870776e+01 2.000000e+00
   vertex -7.515482e+00 -2.878516e+01 2.000000e+00
  endloop
 endfacet
 facet normal 0.000000e+00 -0.000000e+00 1.000000e+00
  outer loop
   vertex -7.144272e+00 -2.913688e+01 2.000000e+00
   vertex -6.979792e+00 -2.870776e+01 2.000000e+00
   vertex -7.608616e+00 -2.899101e+01 2.000000e+00
  endloop
 endfacet
 facet normal -0.000000e+00 0.000000e+00 1.000000e+00
  outer loop
   vertex -6.665649e+00 -2.922528e+01 2.000000e+00
   vertex -6.151622e+00 -2.925480e+01 2.000000e+00
   vertex -5.617116e+00 -2.921511e+01 2.000000e+00
  endloop
 endfacet
 facet normal 0.000000e+00 0.000000e+00 1.000000e+00
  outer loop
   vertex -5.617116e+00 -2.921511e+01 2.000000e+00
   vertex -7.144272e+00 -2.913688e+01 2.000000e+00
   vertex -6.665649e+00 -2.922528e+01 2.000000e+00
  endloop
 endfacet
 facet normal 0.000000e+00 0.000000e+00 1.000000e+00
  outer loop
   vertex -5.066095e+00 -2.865560e+01 2.000000e+00
   vertex -6.459455e+00 -2.855874e+01 2.000000e+00
   vertex -6.979792e+00 -2.870776e+01 2.000000e+00
  endloop
 endfacet
 facet normal 0.000000e+00 0.000000e+00 1.000000e+00
  outer loop
   vertex -5.529331e+00 -2.853431e+01 2.000000e+00
   vertex -6.459455e+00 -2.855874e+01 2.000000e+00
   vertex -5.066095e+00 -2.865560e+01 2.000000e+00
  endloop
 endfacet
 facet normal 0.000000e+00 0.000000e+00 1.000000e+00
  outer loop
   vertex -5.066095e+00 -2.865560e+01 2.000000e+00
   vertex -6.979792e+00 -2.870776e+01 2.000000e+00
   vertex -5.092714e+00 -2.910433e+01 2.000000e+00
  endloop
 endfacet
 facet normal 0.000000e+00 -0.000000e+00 1.000000e+00
  outer loop
   vertex -5.617116e+00 -2.921511e+01 2.000000e+00
   vertex -5.092714e+00 -2.910433e+01 2.000000e+00
   vertex -7.144272e+00 -2.913688e+01 2.000000e+00
  endloop
 endfacet
 facet normal 0.000000e+00 0.000000e+00 1.000000e+00
  outer loop
   vertex -5.066095e+00 -2.865560e+01 2.000000e+00
   vertex -5.092714e+00 -2.910433e+01 2.000000e+00
   vertex -4.587831e+00 -2.892443e+01 2.000000e+00
  endloop
 endfacet
 facet normal 0.000000e+00 0.000000e+00 1.000000e+00
  outer loop
   vertex -4.111531e+00 -2.867865e+01 2.000000e+00
   vertex -4.589706e+00 -2.870410e+01 2.000000e+00
   vertex -4.587831e+00 -2.892443e+01 2.000000e+00
  endloop
 endfacet
 facet normal 0.000000e+00 0.000000e+00 1.000000e+00
  outer loop
   vertex -5.066095e+00 -2.865560e+01 2.000000e+00
   vertex -4.587831e+00 -2.892443e+01 2.000000e+00
   vertex -4.589706e+00 -2.870410e+01 2.000000e+00
  endloop
 endfacet
 facet normal 0.000000e+00 0.000000e+00 1.000000e+00
  outer loop
   vertex -5.968361e+00 -2.834312e+01 2.000000e+00
   vertex -6.459455e+00 -2.855874e+01 2.000000e+00
   vertex -5.529331e+00 -2.853431e+01 2.000000e+00
  endloop
 endfacet
 facet normal 0.000000e+00 0.000000e+00 1.000000e+00
  outer loop
   vertex -5.579737e+00 -2.130017e+01 2.000000e+00
   vertex -5.946378e+00 -2.126171e+01 2.000000e+00
   vertex -5.413757e+00 -2.160009e+01 2.000000e+00
  endloop
 endfacet
 facet normal 0.000000e+00 0.000000e+00 1.000000e+00
  outer loop
   vertex -5.218194e+00 -2.137221e+01 2.000000e+00
   vertex -5.579737e+00 -2.130017e+01 2.000000e+00
   vertex -5.413757e+00 -2.160009e+01 2.000000e+00
  endloop
 endfacet
 facet normal 0.000000e+00 0.000000e+00 1.000000e+00
  outer loop
   vertex -4.869259e+00 -2.147569e+01 2.000000e+00
   vertex -5.413757e+00 -2.160009e+01 2.000000e+00
   vertex -4.940978e+00 -2.201802e+01 2.000000e+00
  endloop
 endfacet
 facet normal 0.000000e+00 0.000000e+00 1.000000e+00
  outer loop
   vertex -4.940978e+00 -2.201802e+01 2.000000e+00
   vertex -4.543064e+00 -2.160510e+01 2.000000e+00
   vertex -4.869259e+00 -2.147569e+01 2.000000e+00
  endloop
 endfacet
 facet normal 0.000000e+00 0.000000e+00 1.000000e+00
  outer loop
   vertex -4.869259e+00 -2.147569e+01 2.000000e+00
   vertex -5.218194e+00 -2.137221e+01 2.000000e+00
   vertex -5.413757e+00 -2.160009e+01 2.000000e+00
  endloop
 endfacet
 facet normal 0.000000e+00 0.000000e+00 1.000000e+00
  outer loop
   vertex -4.071853e+00 -2.185539e+01 2.000000e+00
   vertex -4.543064e+00 -2.160510e+01 2.000000e+00
   vertex -4.940978e+00 -2.201802e+01 2.000000e+00
  endloop
 endfacet
 facet normal 0.000000e+00 0.000000e+00 1.000000e+00
  outer loop
   vertex -4.071853e+00 -2.185539e+01 2.000000e+00
   vertex -4.539807e+00 -2.250510e+01 2.000000e+00
   vertex -4.112341e+00 -2.253124e+01 2.000000e+00
  endloop
 endfacet
 facet normal 0.000000e+00 0.000000e+00 1.000000e+00
  outer loop
   vertex -4.112341e+00 -2.253124e+01 2.000000e+00
   vertex -3.634415e+00 -2.216927e+01 2.000000e+00
   vertex -4.071853e+00 -2.185539e+01 2.000000e+00
  endloop
 endfacet
 facet normal 0.000000e+00 0.000000e+00 1.000000e+00
  outer loop
   vertex -4.071853e+00 -2.185539e+01 2.000000e+00
   vertex -4.940978e+00 -2.201802e+01 2.000000e+00
   vertex -4.539807e+00 -2.250510e+01 2.000000e+00
  endloop
 endfacet
 facet normal 0.000000e+00 -0.000000e+00 1.000000e+00
  outer loop
   vertex -3.692558e+00 -2.261605e+01 2.000000e+00
   vertex -3.634415e+00 -2.216927e+01 2.000000e+00
   vertex -4.112341e+00 -2.253124e+01 2.000000e+00
  endloop
 endfacet
 facet normal 0.000000e+00 0.000000e+00 1.000000e+00
  outer loop
   vertex -3.243101e+00 -2.253905e+01 2.000000e+00
   vertex -3.692558e+00 -2.261605e+01 2.000000e+00
   vertex -3.288468e+00 -2.275790e+01 2.000000e+00
  endloop
 endfacet
 facet normal -0.000000e+00 0.000000e+00 1.000000e+00
  outer loop
   vertex -3.288468e+00 -2.275790e+01 2.000000e+00
   vertex -2.907785e+00 -2.295409e+01 2.000000e+00
   vertex -3.243101e+00 -2.253905e+01 2.000000e+00
  endloop
 endfacet
 facet normal 0.000000e+00 0.000000e+00 1.000000e+00
  outer loop
   vertex -3.243101e+00 -2.253905e+01 2.000000e+00
   vertex -3.634415e+00 -2.216927e+01 2.000000e+00
   vertex -3.692558e+00 -2.261605e+01 2.000000e+00
  endloop
 endfacet
 facet normal 4.684346e-01 8.834982e-01 0.000000e+00
  outer loop
   vertex -7.250762e+00 -2.751390e+01 1.000000e+00
   vertex -7.250762e+00 -2.751390e+01 5.000000e-01
   vertex -7.448715e+00 -2.740895e+01 5.000000e-01
  endloop
 endfacet
 facet normal 4.684346e-01 8.834982e-01 0.000000e+00
  outer loop
   vertex -7.250762e+00 -2.751390e+01 1.500000e+00
   vertex -7.250762e+00 -2.751390e+01 1.000000e+00
   vertex -7.448715e+00 -2.740895e+01 1.000000e+00
  endloop
 endfacet
 facet normal 3.871226e-01 9.220283e-01 0.000000e+00
  outer loop
   vertex -7.042555e+00 -2.760132e+01 1.000000e+00
   vertex -7.042555e+00 -2.760132e+01 5.000000e-01
   vertex -7.250762e+00 -2.751390e+01 5.000000e-01
  endloop
 endfacet
 facet normal 3.871226e-01 9.220283e-01 0.000000e+00
  outer loop
   vertex -7.042555e+00 -2.760132e+01 1.500000e+00
   vertex -7.042555e+00 -2.760132e+01 1.000000e+00
   vertex -7.250762e+00 -2.751390e+01 1.000000e+00
  endloop
 endfacet
 facet normal 5.447821e-01 8.385776e-01 0.000000e+00
  outer loop
   vertex -7.448715e+00 -2.740895e+01 5.000000e-01
   vertex -7.632260e+00 -2.728971e+01 0.000000e+00
   vertex -7.632260e+00 -2.728971e+01 3.333333e-01
  endloop
 endfacet
 facet normal 5.447821e-01 8.385776e-01 0.000000e+00
  outer loop
   vertex -7.448715e+00 -2.740895e+01 5.000000e-01
   vertex -7.632260e+00 -2.728971e+01 3.333333e-01
   vertex -7.632260e+00 -2.728971e+01 6.666667e-01
  endloop
 endfacet
 facet normal 4.684297e-01 8.834888e-01 -4.595794e-03
  outer loop
   vertex -7.250762e+00 -2.751390e+01 5.000000e-01
   vertex -7.379727e+00 -2.744812e+01 0.000000e+00
   vertex -7.448715e+00 -2.740895e+01 5.000000e-01
  endloop
 endfacet
 facet normal 5.313979e-01 8.470939e-01 6.944169e-03
  outer loop
   vertex -7.632260e+00 -2.728971e+01 0.000000e+00
   vertex -7.448715e+00 -2.740895e+01 5.000000e-01
   vertex -7.379727e+00 -2.744812e+01 0.000000e+00
  endloop
 endfacet
 facet normal 4.267789e-01 9.043123e-01 8.886600e-03
  outer loop
   vertex -7.379727e+00 -2.744812e+01 0.000000e+00
   vertex -7.250762e+00 -2.751390e+01 5.000000e-01
   vertex -7.110133e+00 -2.757536e+01 0.000000e+00
  endloop
 endfacet
 facet normal 5.447821e-01 8.385776e-01 -0.000000e+00
  outer loop
   vertex -7.448715e+00 -2.740895e+01 5.000000e-01
   vertex -7.632260e+00 -2.728971e+01 6.666667e-01
   vertex -7.448715e+00 -2.740895e+01 1.000000e+00
  endloop
 endfacet
 facet normal 5.447821e-01 8.385776e-01 0.000000e+00
  outer loop
   vertex -7.448715e+00 -2.740895e+01 1.000000e+00
   vertex -7.632260e+00 -2.728971e+01 1.000000e+00
   vertex -7.632260e+00 -2.728971e+01 1.333333e+00
  endloop
 endfacet
 facet normal 5.447821e-01 8.385776e-01 0.000000e+00
  outer loop
   vertex -7.448715e+00 -2.740895e+01 1.500000e+00
   vertex -7.632260e+00 -2.728971e+01 1.333333e+00
   vertex -7.632260e+00 -2.728971e+01 1.666667e+00
  endloop
 endfacet
 facet normal 5.422579e-01 8.402028e-01 -3.942558e-03
  outer loop
   vertex -7.448715e+00 -2.740895e+01 1.500000e+00
   vertex -7.632260e+00 -2.728971e+01 1.666667e+00
   vertex -7.413762e+00 -2.742916e+01 2.000000e+00
  endloop
 endfacet
 facet normal 5.379952e-01 8.429479e-01 0.000000e+00
  outer loop
   vertex -7.413762e+00 -2.742916e+01 2.000000e+00
   vertex -7.632260e+00 -2.728971e+01 1.666667e+00
   vertex -7.632260e+00 -2.728971e+01 2.000000e+00
  endloop
 endfacet
 facet normal 4.684326e-01 8.834943e-01 2.968322e-03
  outer loop
   vertex -7.448715e+00 -2.740895e+01 1.500000e+00
   vertex -7.413762e+00 -2.742916e+01 2.000000e+00
   vertex -7.250762e+00 -2.751390e+01 1.500000e+00
  endloop
 endfacet
 facet normal 5.447821e-01 8.385776e-01 -0.000000e+00
  outer loop
   vertex -7.448715e+00 -2.740895e+01 1.000000e+00
   vertex -7.632260e+00 -2.728971e+01 1.333333e+00
   vertex -7.448715e+00 -2.740895e+01 1.500000e+00
  endloop
 endfacet
 facet normal 3.078253e-01 9.514109e-01 7.798601e-03
  outer loop
   vertex -6.827311e+00 -2.766959e+01 3.333333e-01
   vertex -7.110133e+00 -2.757536e+01 0.000000e+00
   vertex -7.042555e+00 -2.760132e+01 5.000000e-01
  endloop
 endfacet
 facet normal 3.023529e-01 9.531960e-01 0.000000e+00
  outer loop
   vertex -7.042555e+00 -2.760132e+01 1.000000e+00
   vertex -6.827311e+00 -2.766959e+01 1.000000e+00
   vertex -6.827311e+00 -2.766959e+01 6.666667e-01
  endloop
 endfacet
 facet normal 3.161198e-01 9.487193e-01 0.000000e+00
  outer loop
   vertex -7.110133e+00 -2.757536e+01 0.000000e+00
   vertex -6.827311e+00 -2.766959e+01 3.333333e-01
   vertex -6.827311e+00 -2.766959e+01 0.000000e+00
  endloop
 endfacet
 facet normal 3.023529e-01 9.531960e-01 0.000000e+00
  outer loop
   vertex -7.042555e+00 -2.760132e+01 5.000000e-01
   vertex -6.827311e+00 -2.766959e+01 6.666667e-01
   vertex -6.827311e+00 -2.766959e+01 3.333333e-01
  endloop
 endfacet
 facet normal 3.023529e-01 9.531960e-01 -0.000000e+00
  outer loop
   vertex -6.827311e+00 -2.766959e+01 1.000000e+00
   vertex -7.042555e+00 -2.760132e+01 1.000000e+00
   vertex -6.827311e+00 -2.766959e+01 1.333333e+00
  endloop
 endfacet
 facet normal 3.871186e-01 9.220187e-01 4.542228e-03
  outer loop
   vertex -7.250762e+00 -2.751390e+01 1.500000e+00
   vertex -7.181999e+00 -2.754523e+01 2.000000e+00
   vertex -7.042555e+00 -2.760132e+01 1.500000e+00
  endloop
 endfacet
 facet normal 3.002317e-01 9.538615e-01 3.012130e-03
  outer loop
   vertex -7.042555e+00 -2.760132e+01 1.500000e+00
   vertex -7.006995e+00 -2.761409e+01 2.000000e+00
   vertex -6.827311e+00 -2.766959e+01 1.666667e+00
  endloop
 endfacet
 facet normal 2.951362e-01 9.554552e-01 -0.000000e+00
  outer loop
   vertex -6.827311e+00 -2.766959e+01 1.666667e+00
   vertex -7.006995e+00 -2.761409e+01 2.000000e+00
   vertex -6.827311e+00 -2.766959e+01 2.000000e+00
  endloop
 endfacet
 facet normal 3.023529e-01 9.531960e-01 -0.000000e+00
  outer loop
   vertex -6.827311e+00 -2.766959e+01 1.333333e+00
   vertex -7.042555e+00 -2.760132e+01 1.500000e+00
   vertex -6.827311e+00 -2.766959e+01 1.666667e+00
  endloop
 endfacet
 facet normal -6.827900e-02 -9.976663e-01 -0.000000e+00
  outer loop
   vertex -6.080253e+00 -2.275688e+01 1.000000e+00
   vertex -6.080253e+00 -2.275688e+01 5.000000e-01
   vertex -5.938174e+00 -2.276660e+01 5.000000e-01
  endloop
 endfacet
 facet normal -6.827900e-02 -9.976663e-01 -0.000000e+00
  outer loop
   vertex -6.080253e+00 -2.275688e+01 1.500000e+00
   vertex -6.080253e+00 -2.275688e+01 1.000000e+00
   vertex -5.938174e+00 -2.276660e+01 1.000000e+00
  endloop
 endfacet
 facet normal -1.122603e-02 -9.999370e-01 -0.000000e+00
  outer loop
   vertex -6.223303e+00 -2.275527e+01 1.000000e+00
   vertex -6.223303e+00 -2.275527e+01 5.000000e-01
   vertex -6.080253e+00 -2.275688e+01 5.000000e-01
  endloop
 endfacet
 facet normal -1.122603e-02 -9.999370e-01 -0.000000e+00
  outer loop
   vertex -6.223303e+00 -2.275527e+01 1.500000e+00
   vertex -6.223303e+00 -2.275527e+01 1.000000e+00
   vertex -6.080253e+00 -2.275688e+01 1.000000e+00
  endloop
 endfacet
 facet normal -1.243486e-01 -9.922386e-01 0.000000e+00
  outer loop
   vertex -5.938174e+00 -2.276660e+01 5.000000e-01
   vertex -5.799964e+00 -2.278392e+01 0.000000e+00
   vertex -5.799964e+00 -2.278392e+01 3.333333e-01
  endloop
 endfacet
 facet normal -1.243486e-01 -9.922386e-01 0.000000e+00
  outer loop
   vertex -5.938174e+00 -2.276660e+01 5.000000e-01
   vertex -5.799964e+00 -2.278392e+01 3.333333e-01
   vertex -5.799964e+00 -2.278392e+01 6.666667e-01
  endloop
 endfacet
 facet normal -6.827900e-02 -9.976663e-01 1.181726e-04
  outer loop
   vertex -5.938174e+00 -2.276660e+01 5.000000e-01
   vertex -6.080253e+00 -2.275688e+01 5.000000e-01
   vertex -6.082316e+00 -2.275680e+01 -3.471359e-15
  endloop
 endfacet
 facet normal -1.243486e-01 -9.922386e-01 0.000000e+00
  outer loop
   vertex -5.938174e+00 -2.276660e+01 5.000000e-01
   vertex -5.799964e+00 -2.278392e+01 6.666667e-01
   vertex -5.938174e+00 -2.276660e+01 1.000000e+00
  endloop
 endfacet
 facet normal -9.562926e-02 -9.953845e-01 8.047573e-03
  outer loop
   vertex -6.082316e+00 -2.275680e+01 -3.471359e-15
   vertex -5.799964e+00 -2.278392e+01 0.000000e+00
   vertex -5.938174e+00 -2.276660e+01 5.000000e-01
  endloop
 endfacet
 facet normal -1.243486e-01 -9.922386e-01 -0.000000e+00
  outer loop
   vertex -5.799964e+00 -2.278392e+01 1.333333e+00
   vertex -5.938174e+00 -2.276660e+01 1.000000e+00
   vertex -5.799964e+00 -2.278392e+01 1.000000e+00
  endloop
 endfacet
 facet normal -1.243486e-01 -9.922386e-01 0.000000e+00
  outer loop
   vertex -5.938174e+00 -2.276660e+01 1.500000e+00
   vertex -5.799964e+00 -2.278392e+01 1.333333e+00
   vertex -5.799964e+00 -2.278392e+01 1.666667e+00
  endloop
 endfacet
 facet normal -6.827900e-02 -9.976663e-01 -1.181726e-04
  outer loop
   vertex -6.082316e+00 -2.275680e+01 2.000000e+00
   vertex -6.080253e+00 -2.275688e+01 1.500000e+00
   vertex -5.938174e+00 -2.276660e+01 1.500000e+00
  endloop
 endfacet
 facet normal -1.243486e-01 -9.922386e-01 0.000000e+00
  outer loop
   vertex -5.799964e+00 -2.278392e+01 1.666667e+00
   vertex -5.799964e+00 -2.278392e+01 2.000000e+00
   vertex -5.938174e+00 -2.276660e+01 1.500000e+00
  endloop
 endfacet
 facet normal -1.243486e-01 -9.922386e-01 -0.000000e+00
  outer loop
   vertex -5.938174e+00 -2.276660e+01 1.500000e+00
   vertex -5.938174e+00 -2.276660e+01 1.000000e+00
   vertex -5.799964e+00 -2.278392e+01 1.333333e+00
  endloop
 endfacet
 facet normal 1.774470e-02 -9.998101e-01 8.050888e-03
  outer loop
   vertex -6.365924e+00 -2.276183e+01 0.000000e+00
   vertex -6.082316e+00 -2.275680e+01 -3.471359e-15
   vertex -6.223303e+00 -2.275527e+01 5.000000e-01
  endloop
 endfacet
 facet normal 4.592957e-02 -9.989447e-01 0.000000e+00
  outer loop
   vertex -6.223303e+00 -2.275527e+01 1.000000e+00
   vertex -6.365924e+00 -2.276183e+01 1.000000e+00
   vertex -6.365924e+00 -2.276183e+01 6.666667e-01
  endloop
 endfacet
 facet normal 4.592957e-02 -9.989447e-01 0.000000e+00
  outer loop
   vertex -6.223303e+00 -2.275527e+01 5.000000e-01
   vertex -6.365924e+00 -2.276183e+01 3.333333e-01
   vertex -6.365924e+00 -2.276183e+01 0.000000e+00
  endloop
 endfacet
 facet normal 4.592957e-02 -9.989447e-01 0.000000e+00
  outer loop
   vertex -6.223303e+00 -2.275527e+01 5.000000e-01
   vertex -6.365924e+00 -2.276183e+01 6.666667e-01
   vertex -6.365924e+00 -2.276183e+01 3.333333e-01
  endloop
 endfacet
 facet normal 1.774470e-02 -9.998101e-01 -8.050888e-03
  outer loop
   vertex -6.223303e+00 -2.275527e+01 1.500000e+00
   vertex -6.082316e+00 -2.275680e+01 2.000000e+00
   vertex -6.365924e+00 -2.276183e+01 2.000000e+00
  endloop
 endfacet
 facet normal -1.122603e-02 -9.999370e-01 1.176862e-04
  outer loop
   vertex -6.223303e+00 -2.275527e+01 1.500000e+00
   vertex -6.080253e+00 -2.275688e+01 1.500000e+00
   vertex -6.082316e+00 -2.275680e+01 2.000000e+00
  endloop
 endfacet
 facet normal 4.592957e-02 -9.989447e-01 0.000000e+00
  outer loop
   vertex -6.365924e+00 -2.276183e+01 1.000000e+00
   vertex -6.223303e+00 -2.275527e+01 1.000000e+00
   vertex -6.365924e+00 -2.276183e+01 1.333333e+00
  endloop
 endfacet
 facet normal 4.592957e-02 -9.989447e-01 0.000000e+00
  outer loop
   vertex -6.223303e+00 -2.275527e+01 1.500000e+00
   vertex -6.365924e+00 -2.276183e+01 1.666667e+00
   vertex -6.365924e+00 -2.276183e+01 1.333333e+00
  endloop
 endfacet
 facet normal 4.592957e-02 -9.989447e-01 0.000000e+00
  outer loop
   vertex -6.223303e+00 -2.275527e+01 1.500000e+00
   vertex -6.365924e+00 -2.276183e+01 2.000000e+00
   vertex -6.365924e+00 -2.276183e+01 1.666667e+00
  endloop
 endfacet
 facet normal -1.122603e-02 -9.999370e-01 -1.176862e-04
  outer loop
   vertex -6.223303e+00 -2.275527e+01 5.000000e-01
   vertex -6.082316e+00 -2.275680e+01 -3.471359e-15
   vertex -6.080253e+00 -2.275688e+01 5.000000e-01
  endloop
 endfacet
 facet normal 0.000000e+00 -0.000000e+00 -1.000000e+00
  outer loop
   vertex -7.237666e+00 -2.758222e+01 3.600000e+00
   vertex -6.334778e+00 -2.851134e+01 3.600000e+00
   vertex -7.819249e+00 -2.789646e+01 3.600000e+00
  endloop
 endfacet
 facet normal 0.000000e+00 0.000000e+00 -1.000000e+00
  outer loop
   vertex -6.334778e+00 -2.851134e+01 3.600000e+00
   vertex -7.237666e+00 -2.758222e+01 3.600000e+00
   vertex -6.715778e+00 -2.717649e+01 3.600000e+00
  endloop
 endfacet
 facet normal 0.000000e+00 0.000000e+00 -1.000000e+00
  outer loop
   vertex -6.715778e+00 -2.717649e+01 3.600000e+00
   vertex -6.267839e+00 -2.669036e+01 3.600000e+00
   vertex -6.334778e+00 -2.851134e+01 3.600000e+00
  endloop
 endfacet
 facet normal 0.000000e+00 -0.000000e+00 -1.000000e+00
  outer loop
   vertex -5.906082e+00 -2.613708e+01 3.600000e+00
   vertex -5.727300e+00 -2.820655e+01 3.600000e+00
   vertex -6.267839e+00 -2.669036e+01 3.600000e+00
  endloop
 endfacet
 facet normal 0.000000e+00 0.000000e+00 -1.000000e+00
  outer loop
   vertex -6.334778e+00 -2.851134e+01 3.600000e+00
   vertex -6.267839e+00 -2.669036e+01 3.600000e+00
   vertex -5.727300e+00 -2.820655e+01 3.600000e+00
  endloop
 endfacet
 facet normal 0.000000e+00 0.000000e+00 -1.000000e+00
  outer loop
   vertex -5.906082e+00 -2.613708e+01 3.600000e+00
   vertex -5.640388e+00 -2.553178e+01 3.600000e+00
   vertex -5.180191e+00 -2.780332e+01 3.600000e+00
  endloop
 endfacet
 facet normal -0.000000e+00 0.000000e+00 -1.000000e+00
  outer loop
   vertex -5.180191e+00 -2.780332e+01 3.600000e+00
   vertex -5.727300e+00 -2.820655e+01 3.600000e+00
   vertex -5.906082e+00 -2.613708e+01 3.600000e+00
  endloop
 endfacet
 facet normal 0.000000e+00 -0.000000e+00 -1.000000e+00
  outer loop
   vertex -6.606037e+00 -2.098478e+01 3.600000e+00
   vertex -6.546042e+00 -2.145357e+01 3.600000e+00
   vertex -6.920290e+00 -2.111220e+01 3.600000e+00
  endloop
 endfacet
 facet normal 0.000000e+00 0.000000e+00 -1.000000e+00
  outer loop
   vertex -6.920290e+00 -2.111220e+01 3.600000e+00
   vertex -7.324269e+00 -2.082725e+01 3.600000e+00
   vertex -6.606037e+00 -2.098478e+01 3.600000e+00
  endloop
 endfacet
 facet normal 0.000000e+00 0.000000e+00 -1.000000e+00
  outer loop
   vertex -6.606037e+00 -2.098478e+01 3.600000e+00
   vertex -6.264630e+00 -2.111073e+01 3.600000e+00
   vertex -6.546042e+00 -2.145357e+01 3.600000e+00
  endloop
 endfacet
 facet normal -0.000000e+00 0.000000e+00 -1.000000e+00
  outer loop
   vertex -5.500392e+00 -2.153673e+01 3.600000e+00
   vertex -5.930799e+00 -2.228240e+01 3.600000e+00
   vertex -5.946378e+00 -2.126171e+01 3.600000e+00
  endloop
 endfacet
 facet normal -0.000000e+00 0.000000e+00 -1.000000e+00
  outer loop
   vertex -5.946378e+00 -2.126171e+01 3.600000e+00
   vertex -6.212871e+00 -2.184631e+01 3.600000e+00
   vertex -6.264630e+00 -2.111073e+01 3.600000e+00
  endloop
 endfacet
 facet normal 0.000000e+00 0.000000e+00 -1.000000e+00
  outer loop
   vertex -6.546042e+00 -2.145357e+01 3.600000e+00
   vertex -6.264630e+00 -2.111073e+01 3.600000e+00
   vertex -6.212871e+00 -2.184631e+01 3.600000e+00
  endloop
 endfacet
 facet normal 0.000000e+00 0.000000e+00 -1.000000e+00
  outer loop
   vertex -5.930799e+00 -2.228240e+01 3.600000e+00
   vertex -6.212871e+00 -2.184631e+01 3.600000e+00
   vertex -5.946378e+00 -2.126171e+01 3.600000e+00
  endloop
 endfacet
 facet normal 0.000000e+00 0.000000e+00 -1.000000e+00
  outer loop
   vertex -5.500392e+00 -2.153673e+01 3.600000e+00
   vertex -5.707608e+00 -2.275136e+01 3.600000e+00
   vertex -5.930799e+00 -2.228240e+01 3.600000e+00
  endloop
 endfacet
 facet normal 0.000000e+00 0.000000e+00 -1.000000e+00
  outer loop
   vertex -4.709247e+00 -2.731328e+01 3.600000e+00
   vertex -5.640388e+00 -2.553178e+01 3.600000e+00
   vertex -4.328064e+00 -2.675059e+01 3.600000e+00
  endloop
 endfacet
 facet normal -0.000000e+00 0.000000e+00 -1.000000e+00
  outer loop
   vertex -4.047647e+00 -2.613148e+01 3.600000e+00
   vertex -4.328064e+00 -2.675059e+01 3.600000e+00
   vertex -5.478012e+00 -2.489099e+01 3.600000e+00
  endloop
 endfacet
 facet normal 0.000000e+00 0.000000e+00 -1.000000e+00
  outer loop
   vertex -4.328064e+00 -2.675059e+01 3.600000e+00
   vertex -5.640388e+00 -2.553178e+01 3.600000e+00
   vertex -5.478012e+00 -2.489099e+01 3.600000e+00
  endloop
 endfacet
 facet normal 0.000000e+00 0.000000e+00 -1.000000e+00
  outer loop
   vertex -5.180191e+00 -2.780332e+01 3.600000e+00
   vertex -5.640388e+00 -2.553178e+01 3.600000e+00
   vertex -4.709247e+00 -2.731328e+01 3.600000e+00
  endloop
 endfacet
 facet normal 0.000000e+00 0.000000e+00 -1.000000e+00
  outer loop
   vertex -3.876091e+00 -2.547383e+01 3.600000e+00
   vertex -5.478012e+00 -2.489099e+01 3.600000e+00
   vertex -3.818351e+00 -2.479664e+01 3.600000e+00
  endloop
 endfacet
 facet normal 0.000000e+00 0.000000e+00 -1.000000e+00
  outer loop
   vertex -5.478012e+00 -2.489099e+01 3.600000e+00
   vertex -5.423389e+00 -2.423220e+01 3.600000e+00
   vertex -3.818351e+00 -2.479664e+01 3.600000e+00
  endloop
 endfacet
 facet normal 0.000000e+00 0.000000e+00 -1.000000e+00
  outer loop
   vertex -4.047647e+00 -2.613148e+01 3.600000e+00
   vertex -5.478012e+00 -2.489099e+01 3.600000e+00
   vertex -3.876091e+00 -2.547383e+01 3.600000e+00
  endloop
 endfacet
 facet normal -0.000000e+00 -0.000000e+00 -1.000000e+00
  outer loop
   vertex -3.852684e+00 -2.427373e+01 3.600000e+00
   vertex -3.818351e+00 -2.479664e+01 3.600000e+00
   vertex -5.423389e+00 -2.423220e+01 3.600000e+00
  endloop
 endfacet
 facet normal 0.000000e+00 0.000000e+00 -1.000000e+00
  outer loop
   vertex -5.453942e+00 -2.373879e+01 3.600000e+00
   vertex -5.548134e+00 -2.324107e+01 3.600000e+00
   vertex -4.709496e+00 -2.227972e+01 3.600000e+00
  endloop
 endfacet
 facet normal 0.000000e+00 0.000000e+00 -1.000000e+00
  outer loop
   vertex -5.548134e+00 -2.324107e+01 3.600000e+00
   vertex -5.707608e+00 -2.275136e+01 3.600000e+00
   vertex -5.083376e+00 -2.187777e+01 3.600000e+00
  endloop
 endfacet
 facet normal -0.000000e+00 0.000000e+00 -1.000000e+00
  outer loop
   vertex -5.083376e+00 -2.187777e+01 3.600000e+00
   vertex -5.707608e+00 -2.275136e+01 3.600000e+00
   vertex -5.500392e+00 -2.153673e+01 3.600000e+00
  endloop
 endfacet
 facet normal 0.000000e+00 0.000000e+00 -1.000000e+00
  outer loop
   vertex -4.391440e+00 -2.273360e+01 3.600000e+00
   vertex -5.423389e+00 -2.423220e+01 3.600000e+00
   vertex -5.453942e+00 -2.373879e+01 3.600000e+00
  endloop
 endfacet
 facet normal 0.000000e+00 0.000000e+00 -1.000000e+00
  outer loop
   vertex -5.423389e+00 -2.423220e+01 3.600000e+00
   vertex -4.391440e+00 -2.273360e+01 3.600000e+00
   vertex -4.139172e+00 -2.322709e+01 3.600000e+00
  endloop
 endfacet
 facet normal 0.000000e+00 0.000000e+00 -1.000000e+00
  outer loop
   vertex -5.548134e+00 -2.324107e+01 3.600000e+00
   vertex -5.083376e+00 -2.187777e+01 3.600000e+00
   vertex -4.709496e+00 -2.227972e+01 3.600000e+00
  endloop
 endfacet
 facet normal 0.000000e+00 -0.000000e+00 -1.000000e+00
  outer loop
   vertex -4.709496e+00 -2.227972e+01 3.600000e+00
   vertex -4.391440e+00 -2.273360e+01 3.600000e+00
   vertex -5.453942e+00 -2.373879e+01 3.600000e+00
  endloop
 endfacet
 facet normal 0.000000e+00 0.000000e+00 -1.000000e+00
  outer loop
   vertex -5.423389e+00 -2.423220e+01 3.600000e+00
   vertex -4.139172e+00 -2.322709e+01 3.600000e+00
   vertex -3.958919e+00 -2.374560e+01 3.600000e+00
  endloop
 endfacet
 facet normal 0.000000e+00 -0.000000e+00 -1.000000e+00
  outer loop
   vertex -3.958919e+00 -2.374560e+01 3.600000e+00
   vertex -3.852684e+00 -2.427373e+01 3.600000e+00
   vertex -5.423389e+00 -2.423220e+01 3.600000e+00
  endloop
 endfacet
 facet normal 2.997058e-01 9.540317e-01 0.000000e+00
  outer loop
   vertex -7.144272e+00 -2.913688e+01 2.715306e+00
   vertex -7.144272e+00 -2.913688e+01 2.357653e+00
   vertex -7.608616e+00 -2.899101e+01 2.357653e+00
  endloop
 endfacet
 facet normal 2.997058e-01 9.540317e-01 0.000000e+00
  outer loop
   vertex -7.144272e+00 -2.913688e+01 3.072959e+00
   vertex -7.144272e+00 -2.913688e+01 2.715306e+00
   vertex -7.608616e+00 -2.899101e+01 2.715306e+00
  endloop
 endfacet
 facet normal 1.816206e-01 9.833687e-01 0.000000e+00
  outer loop
   vertex -6.665649e+00 -2.922528e+01 2.715306e+00
   vertex -6.665649e+00 -2.922528e+01 2.357653e+00
   vertex -7.144272e+00 -2.913688e+01 2.357653e+00
  endloop
 endfacet
 facet normal 1.816206e-01 9.833687e-01 0.000000e+00
  outer loop
   vertex -6.665649e+00 -2.922528e+01 3.072959e+00
   vertex -6.665649e+00 -2.922528e+01 2.715306e+00
   vertex -7.144272e+00 -2.913688e+01 2.715306e+00
  endloop
 endfacet
 facet normal 4.133507e-01 9.105719e-01 0.000000e+00
  outer loop
   vertex -8.051821e+00 -2.878982e+01 2.337219e+00
   vertex -7.608616e+00 -2.899101e+01 2.357653e+00
   vertex -7.608616e+00 -2.899101e+01 2.000000e+00
  endloop
 endfacet
 facet normal 4.133421e-01 9.105758e-01 0.000000e+00
  outer loop
   vertex -8.051836e+00 -2.878982e+01 2.674439e+00
   vertex -7.608616e+00 -2.899101e+01 2.715306e+00
   vertex -7.608616e+00 -2.899101e+01 2.357653e+00
  endloop
 endfacet
 facet normal 2.997058e-01 9.540317e-01 0.000000e+00
  outer loop
   vertex -7.144272e+00 -2.913688e+01 2.000000e+00
   vertex -7.608616e+00 -2.899101e+01 2.000000e+00
   vertex -7.608616e+00 -2.899101e+01 2.357653e+00
  endloop
 endfacet
 facet normal 1.816206e-01 9.833687e-01 0.000000e+00
  outer loop
   vertex -7.144272e+00 -2.913688e+01 2.357653e+00
   vertex -6.665649e+00 -2.922528e+01 2.357653e+00
   vertex -6.665649e+00 -2.922528e+01 2.000000e+00
  endloop
 endfacet
 facet normal 4.403140e-01 8.978439e-01 1.484540e-05
  outer loop
   vertex -8.051867e+00 -2.878982e+01 3.348878e+00
   vertex -7.828810e+00 -2.889921e+01 3.344565e+00
   vertex -8.051852e+00 -2.878982e+01 3.011658e+00
  endloop
 endfacet
 facet normal 4.103838e-01 9.115815e-01 2.458159e-02
  outer loop
   vertex -7.608616e+00 -2.899101e+01 3.072959e+00
   vertex -8.051852e+00 -2.878982e+01 3.011658e+00
   vertex -7.828810e+00 -2.889921e+01 3.344565e+00
  endloop
 endfacet
 facet normal 4.133406e-01 9.105765e-01 1.987214e-05
  outer loop
   vertex -7.608616e+00 -2.899101e+01 2.715306e+00
   vertex -8.051836e+00 -2.878982e+01 2.674439e+00
   vertex -8.051852e+00 -2.878982e+01 3.011658e+00
  endloop
 endfacet
 facet normal 3.260344e-01 9.453572e-01 1.111049e-03
  outer loop
   vertex -7.608616e+00 -2.899101e+01 3.072959e+00
   vertex -7.600228e+00 -2.899422e+01 3.344481e+00
   vertex -7.366817e+00 -2.907473e+01 3.348585e+00
  endloop
 endfacet
 facet normal 2.995979e-01 9.536881e-01 2.683341e-02
  outer loop
   vertex -7.366817e+00 -2.907473e+01 3.348585e+00
   vertex -7.144272e+00 -2.913688e+01 3.072959e+00
   vertex -7.608616e+00 -2.899101e+01 3.072959e+00
  endloop
 endfacet
 facet normal 3.838376e-01 9.234001e-01 -9.343951e-04
  outer loop
   vertex -7.828810e+00 -2.889921e+01 3.344565e+00
   vertex -7.600228e+00 -2.899422e+01 3.344481e+00
   vertex -7.608616e+00 -2.899101e+01 3.072959e+00
  endloop
 endfacet
 facet normal 5.731965e-02 9.983559e-01 0.000000e+00
  outer loop
   vertex -6.665649e+00 -2.922528e+01 2.357653e+00
   vertex -6.151622e+00 -2.925480e+01 2.357653e+00
   vertex -6.151622e+00 -2.925480e+01 2.000000e+00
  endloop
 endfacet
 facet normal 5.731965e-02 9.983559e-01 0.000000e+00
  outer loop
   vertex -6.151622e+00 -2.925480e+01 2.357653e+00
   vertex -6.665649e+00 -2.922528e+01 2.357653e+00
   vertex -6.665649e+00 -2.922528e+01 2.715306e+00
  endloop
 endfacet
 facet normal 5.731965e-02 9.983559e-01 0.000000e+00
  outer loop
   vertex -6.151622e+00 -2.925480e+01 2.715306e+00
   vertex -6.665649e+00 -2.922528e+01 2.715306e+00
   vertex -6.665649e+00 -2.922528e+01 3.072959e+00
  endloop
 endfacet
 facet normal 2.072319e-01 9.782902e-01 1.800670e-03
  outer loop
   vertex -7.129271e+00 -2.914058e+01 3.356841e+00
   vertex -6.888284e+00 -2.919166e+01 3.369210e+00
   vertex -7.144272e+00 -2.913688e+01 3.072959e+00
  endloop
 endfacet
 facet normal 1.815645e-01 9.830647e-01 2.486234e-02
  outer loop
   vertex -6.665649e+00 -2.922528e+01 3.072959e+00
   vertex -7.144272e+00 -2.913688e+01 3.072959e+00
   vertex -6.888284e+00 -2.919166e+01 3.369210e+00
  endloop
 endfacet
 facet normal 1.468393e-01 9.891585e-01 -1.925558e-03
  outer loop
   vertex -6.644550e+00 -2.922781e+01 3.385654e+00
   vertex -6.665649e+00 -2.922528e+01 3.072959e+00
   vertex -6.888284e+00 -2.919166e+01 3.369210e+00
  endloop
 endfacet
 facet normal 8.530918e-02 9.963519e-01 2.284242e-03
  outer loop
   vertex -6.644550e+00 -2.922781e+01 3.385654e+00
   vertex -6.398765e+00 -2.924890e+01 3.406134e+00
   vertex -6.665649e+00 -2.922528e+01 3.072959e+00
  endloop
 endfacet
 facet normal 5.730197e-02 9.980478e-01 2.483916e-02
  outer loop
   vertex -6.151622e+00 -2.925480e+01 3.072959e+00
   vertex -6.665649e+00 -2.922528e+01 3.072959e+00
   vertex -6.398765e+00 -2.924890e+01 3.406134e+00
  endloop
 endfacet
 facet normal 2.385597e-02 9.997154e-01 -0.000000e+00
  outer loop
   vertex -6.151622e+00 -2.925480e+01 3.072959e+00
   vertex -6.398765e+00 -2.924890e+01 3.406134e+00
   vertex -6.151622e+00 -2.925480e+01 3.430613e+00
  endloop
 endfacet
 facet normal 2.672111e-01 9.636368e-01 -1.559838e-03
  outer loop
   vertex -7.366817e+00 -2.907473e+01 3.348585e+00
   vertex -7.129271e+00 -2.914058e+01 3.356841e+00
   vertex -7.144272e+00 -2.913688e+01 3.072959e+00
  endloop
 endfacet
 facet normal -2.843239e-01 -9.587283e-01 -0.000000e+00
  outer loop
   vertex -5.218194e+00 -2.137221e+01 2.800000e+00
   vertex -5.218194e+00 -2.137221e+01 2.400000e+00
   vertex -4.869259e+00 -2.147569e+01 2.400000e+00
  endloop
 endfacet
 facet normal -2.843239e-01 -9.587283e-01 -0.000000e+00
  outer loop
   vertex -5.218194e+00 -2.137221e+01 3.200000e+00
   vertex -5.218194e+00 -2.137221e+01 2.800000e+00
   vertex -4.869259e+00 -2.147569e+01 2.800000e+00
  endloop
 endfacet
 facet normal -1.954216e-01 -9.807193e-01 -0.000000e+00
  outer loop
   vertex -5.579737e+00 -2.130017e+01 2.800000e+00
   vertex -5.579737e+00 -2.130017e+01 2.400000e+00
   vertex -5.218194e+00 -2.137221e+01 2.400000e+00
  endloop
 endfacet
 facet normal -1.954216e-01 -9.807193e-01 -0.000000e+00
  outer loop
   vertex -5.579737e+00 -2.130017e+01 3.200000e+00
   vertex -5.579737e+00 -2.130017e+01 2.800000e+00
   vertex -5.218194e+00 -2.137221e+01 2.800000e+00
  endloop
 endfacet
 facet normal -3.687700e-01 -9.295207e-01 8.767250e-07
  outer loop
   vertex -4.869259e+00 -2.147569e+01 2.000000e+00
   vertex -4.543064e+00 -2.160510e+01 2.000000e+00
   vertex -4.543083e+00 -2.160509e+01 2.266667e+00
  endloop
 endfacet
 facet normal -3.687691e-01 -9.295210e-01 8.768004e-07
  outer loop
   vertex -4.869259e+00 -2.147569e+01 2.400000e+00
   vertex -4.543083e+00 -2.160509e+01 2.266667e+00
   vertex -4.543101e+00 -2.160509e+01 2.533333e+00
  endloop
 endfacet
 facet normal -2.843239e-01 -9.587283e-01 0.000000e+00
  outer loop
   vertex -5.218194e+00 -2.137221e+01 2.000000e+00
   vertex -4.869259e+00 -2.147569e+01 2.000000e+00
   vertex -4.869259e+00 -2.147569e+01 2.400000e+00
  endloop
 endfacet
 facet normal -3.687688e-01 -9.295212e-01 0.000000e+00
  outer loop
   vertex -4.869259e+00 -2.147569e+01 2.400000e+00
   vertex -4.543101e+00 -2.160509e+01 2.533333e+00
   vertex -4.869259e+00 -2.147569e+01 2.800000e+00
  endloop
 endfacet
 facet normal -1.954216e-01 -9.807193e-01 0.000000e+00
  outer loop
   vertex -5.218194e+00 -2.137221e+01 2.400000e+00
   vertex -5.579737e+00 -2.130017e+01 2.400000e+00
   vertex -5.579737e+00 -2.130017e+01 2.000000e+00
  endloop
 endfacet
 facet normal -3.687694e-01 -9.295209e-01 0.000000e+00
  outer loop
   vertex -4.543083e+00 -2.160509e+01 2.266667e+00
   vertex -4.869259e+00 -2.147569e+01 2.400000e+00
   vertex -4.869259e+00 -2.147569e+01 2.000000e+00
  endloop
 endfacet
 facet normal -3.687624e-01 -9.295237e-01 0.000000e+00
  outer loop
   vertex -4.543138e+00 -2.160507e+01 3.066667e+00
   vertex -4.869259e+00 -2.147569e+01 3.200000e+00
   vertex -4.869259e+00 -2.147569e+01 2.800000e+00
  endloop
 endfacet
 facet normal -3.687597e-01 -9.295248e-01 7.526040e-06
  outer loop
   vertex -4.869259e+00 -2.147569e+01 3.200000e+00
   vertex -4.543138e+00 -2.160507e+01 3.066667e+00
   vertex -4.543157e+00 -2.160506e+01 3.333333e+00
  endloop
 endfacet
 facet normal -3.687571e-01 -9.295258e-01 0.000000e+00
  outer loop
   vertex -4.869259e+00 -2.147569e+01 3.200000e+00
   vertex -4.543157e+00 -2.160506e+01 3.333333e+00
   vertex -4.869259e+00 -2.147569e+01 3.600000e+00
  endloop
 endfacet
 facet normal -2.843239e-01 -9.587283e-01 0.000000e+00
  outer loop
   vertex -4.869259e+00 -2.147569e+01 3.600000e+00
   vertex -5.218194e+00 -2.137221e+01 3.600000e+00
   vertex -5.218194e+00 -2.137221e+01 3.200000e+00
  endloop
 endfacet
 facet normal -1.043170e-01 -9.945441e-01 -0.000000e+00
  outer loop
   vertex -5.579737e+00 -2.130017e+01 2.400000e+00
   vertex -5.946389e+00 -2.126171e+01 2.266667e+00
   vertex -5.579737e+00 -2.130017e+01 2.000000e+00
  endloop
 endfacet
 facet normal -1.043465e-01 -9.945410e-01 1.704905e-05
  outer loop
   vertex -5.579737e+00 -2.130017e+01 2.800000e+00
   vertex -5.946412e+00 -2.126169e+01 2.800000e+00
   vertex -5.946401e+00 -2.126170e+01 2.533333e+00
  endloop
 endfacet
 facet normal -1.043257e-01 -9.945432e-01 2.397694e-05
  outer loop
   vertex -5.579737e+00 -2.130017e+01 2.400000e+00
   vertex -5.946401e+00 -2.126170e+01 2.533333e+00
   vertex -5.946389e+00 -2.126171e+01 2.266667e+00
  endloop
 endfacet
 facet normal -1.043465e-01 -9.945410e-01 1.704905e-05
  outer loop
   vertex -5.946423e+00 -2.126169e+01 3.066667e+00
   vertex -5.946412e+00 -2.126169e+01 2.800000e+00
   vertex -5.579737e+00 -2.130017e+01 2.800000e+00
  endloop
 endfacet
 facet normal -1.954216e-01 -9.807193e-01 0.000000e+00
  outer loop
   vertex -5.218194e+00 -2.137221e+01 3.600000e+00
   vertex -5.579737e+00 -2.130017e+01 3.600000e+00
   vertex -5.579737e+00 -2.130017e+01 3.200000e+00
  endloop
 endfacet
 facet normal -1.043048e-01 -9.945454e-01 -9.218136e-05
  outer loop
   vertex -5.579737e+00 -2.130017e+01 3.600000e+00
   vertex -5.946378e+00 -2.126171e+01 3.600000e+00
   vertex -5.946434e+00 -2.126168e+01 3.333333e+00
  endloop
 endfacet
 facet normal -1.043649e-01 -9.945391e-01 1.704826e-05
  outer loop
   vertex -5.946423e+00 -2.126169e+01 3.066667e+00
   vertex -5.579737e+00 -2.130017e+01 3.200000e+00
   vertex -5.946434e+00 -2.126168e+01 3.333333e+00
  endloop
 endfacet
 facet normal -1.043588e-01 -9.945397e-01 -0.000000e+00
  outer loop
   vertex -5.579737e+00 -2.130017e+01 3.200000e+00
   vertex -5.946423e+00 -2.126169e+01 3.066667e+00
   vertex -5.579737e+00 -2.130017e+01 2.800000e+00
  endloop
 endfacet
 facet normal 0.000000e+00 0.000000e+00 1.000000e+00
  outer loop
   vertex -6.961507e+00 -2.088949e+01 2.000000e+00
   vertex -7.324229e+00 -2.082728e+01 2.000000e+00
   vertex -6.810609e+00 -2.120345e+01 2.000000e+00
  endloop
 endfacet
 facet normal 0.000000e+00 0.000000e+00 1.000000e+00
  outer loop
   vertex -6.606037e+00 -2.098478e+01 2.000000e+00
   vertex -6.961507e+00 -2.088949e+01 2.000000e+00
   vertex -6.810609e+00 -2.120345e+01 2.000000e+00
  endloop
 endfacet
 facet normal 0.000000e+00 0.000000e+00 1.000000e+00
  outer loop
   vertex -6.264630e+00 -2.111073e+01 2.000000e+00
   vertex -6.810609e+00 -2.120345e+01 2.000000e+00
   vertex -6.363175e+00 -2.165634e+01 2.000000e+00
  endloop
 endfacet
 facet normal 0.000000e+00 -0.000000e+00 1.000000e+00
  outer loop
   vertex -5.993262e+00 -2.217448e+01 2.000000e+00
   vertex -5.413757e+00 -2.160009e+01 2.000000e+00
   vertex -6.363175e+00 -2.165634e+01 2.000000e+00
  endloop
 endfacet
 facet normal 0.000000e+00 0.000000e+00 1.000000e+00
  outer loop
   vertex -6.264630e+00 -2.111073e+01 2.000000e+00
   vertex -6.363175e+00 -2.165634e+01 2.000000e+00
   vertex -5.946378e+00 -2.126171e+01 2.000000e+00
  endloop
 endfacet
 facet normal 0.000000e+00 0.000000e+00 1.000000e+00
  outer loop
   vertex -6.264630e+00 -2.111073e+01 2.000000e+00
   vertex -6.606037e+00 -2.098478e+01 2.000000e+00
   vertex -6.810609e+00 -2.120345e+01 2.000000e+00
  endloop
 endfacet
 facet normal 0.000000e+00 0.000000e+00 1.000000e+00
  outer loop
   vertex -5.413757e+00 -2.160009e+01 2.000000e+00
   vertex -5.993262e+00 -2.217448e+01 2.000000e+00
   vertex -4.940978e+00 -2.201802e+01 2.000000e+00
  endloop
 endfacet
 facet normal 0.000000e+00 -0.000000e+00 1.000000e+00
  outer loop
   vertex -5.331542e+00 -2.261451e+01 2.000000e+00
   vertex -4.940978e+00 -2.201802e+01 2.000000e+00
   vertex -5.993262e+00 -2.217448e+01 2.000000e+00
  endloop
 endfacet
 facet normal 0.000000e+00 0.000000e+00 1.000000e+00
  outer loop
   vertex -5.331542e+00 -2.261451e+01 2.000000e+00
   vertex -5.993262e+00 -2.217448e+01 2.000000e+00
   vertex -5.710240e+00 -2.274475e+01 2.000000e+00
  endloop
 endfacet
 facet normal 0.000000e+00 0.000000e+00 1.000000e+00
  outer loop
   vertex -4.940978e+00 -2.201802e+01 2.000000e+00
   vertex -4.939216e+00 -2.253419e+01 2.000000e+00
   vertex -4.539807e+00 -2.250510e+01 2.000000e+00
  endloop
 endfacet
 facet normal 0.000000e+00 0.000000e+00 1.000000e+00
  outer loop
   vertex -4.939216e+00 -2.253419e+01 2.000000e+00
   vertex -4.940978e+00 -2.201802e+01 2.000000e+00
   vertex -5.331542e+00 -2.261451e+01 2.000000e+00
  endloop
 endfacet
 facet normal 0.000000e+00 0.000000e+00 1.000000e+00
  outer loop
   vertex -5.946378e+00 -2.126171e+01 2.000000e+00
   vertex -6.363175e+00 -2.165634e+01 2.000000e+00
   vertex -5.413757e+00 -2.160009e+01 2.000000e+00
  endloop
 endfacet
 facet normal 0.000000e+00 0.000000e+00 1.000000e+00
  outer loop
   vertex -8.213275e+00 -2.804477e+01 2.000000e+00
   vertex -8.771849e+00 -2.817879e+01 2.000000e+00
   vertex -7.515482e+00 -2.878516e+01 2.000000e+00
  endloop
 endfacet
 facet normal 0.000000e+00 0.000000e+00 1.000000e+00
  outer loop
   vertex -7.515482e+00 -2.878516e+01 2.000000e+00
   vertex -8.771849e+00 -2.817879e+01 2.000000e+00
   vertex -8.051805e+00 -2.878982e+01 2.000000e+00
  endloop
 endfacet
 facet normal 0.000000e+00 0.000000e+00 1.000000e+00
  outer loop
   vertex -9.482018e+00 -2.843425e+01 2.000000e+00
   vertex -8.771849e+00 -2.817879e+01 2.000000e+00
   vertex -9.343860e+00 -2.823141e+01 2.000000e+00
  endloop
 endfacet
 facet normal 0.000000e+00 0.000000e+00 1.000000e+00
  outer loop
   vertex -9.917511e+00 -2.820157e+01 2.000000e+00
   vertex -9.482018e+00 -2.843425e+01 2.000000e+00
   vertex -9.343860e+00 -2.823141e+01 2.000000e+00
  endloop
 endfacet
 facet normal 0.000000e+00 0.000000e+00 1.000000e+00
  outer loop
   vertex -8.771849e+00 -2.817879e+01 2.000000e+00
   vertex -9.482018e+00 -2.843425e+01 2.000000e+00
   vertex -9.021174e+00 -2.861151e+01 2.000000e+00
  endloop
 endfacet
 facet normal -0.000000e+00 0.000000e+00 1.000000e+00
  outer loop
   vertex -9.021174e+00 -2.861151e+01 2.000000e+00
   vertex -8.542003e+00 -2.873064e+01 2.000000e+00
   vertex -8.771849e+00 -2.817879e+01 2.000000e+00
  endloop
 endfacet
 facet normal -0.000000e+00 -0.000000e+00 1.000000e+00
  outer loop
   vertex -8.542003e+00 -2.873064e+01 2.000000e+00
   vertex -8.051805e+00 -2.878982e+01 2.000000e+00
   vertex -8.771849e+00 -2.817879e+01 2.000000e+00
  endloop
 endfacet
 facet normal 0.000000e+00 0.000000e+00 1.000000e+00
  outer loop
   vertex -6.568211e+00 -2.792744e+01 2.000000e+00
   vertex -7.679657e+00 -2.783212e+01 2.000000e+00
   vertex -8.213275e+00 -2.804477e+01 2.000000e+00
  endloop
 endfacet
 facet normal 0.000000e+00 0.000000e+00 1.000000e+00
  outer loop
   vertex -7.006995e+00 -2.761409e+01 2.000000e+00
   vertex -7.679657e+00 -2.783212e+01 2.000000e+00
   vertex -6.827311e+00 -2.766959e+01 2.000000e+00
  endloop
 endfacet
 facet normal 0.000000e+00 0.000000e+00 1.000000e+00
  outer loop
   vertex -6.827311e+00 -2.766959e+01 2.000000e+00
   vertex -7.679657e+00 -2.783212e+01 2.000000e+00
   vertex -6.568211e+00 -2.792744e+01 2.000000e+00
  endloop
 endfacet
 facet normal 0.000000e+00 0.000000e+00 1.000000e+00
  outer loop
   vertex -6.568211e+00 -2.792744e+01 2.000000e+00
   vertex -8.213275e+00 -2.804477e+01 2.000000e+00
   vertex -6.280561e+00 -2.815300e+01 2.000000e+00
  endloop
 endfacet
 facet normal 0.000000e+00 0.000000e+00 1.000000e+00
  outer loop
   vertex -6.979792e+00 -2.870776e+01 2.000000e+00
   vertex -8.213275e+00 -2.804477e+01 2.000000e+00
   vertex -7.515482e+00 -2.878516e+01 2.000000e+00
  endloop
 endfacet
 facet normal 0.000000e+00 0.000000e+00 1.000000e+00
  outer loop
   vertex -5.968361e+00 -2.834312e+01 2.000000e+00
   vertex -6.280561e+00 -2.815300e+01 2.000000e+00
   vertex -6.459455e+00 -2.855874e+01 2.000000e+00
  endloop
 endfacet
 facet normal 0.000000e+00 0.000000e+00 1.000000e+00
  outer loop
   vertex -8.213275e+00 -2.804477e+01 2.000000e+00
   vertex -6.979792e+00 -2.870776e+01 2.000000e+00
   vertex -6.459455e+00 -2.855874e+01 2.000000e+00
  endloop
 endfacet
 facet normal 0.000000e+00 0.000000e+00 1.000000e+00
  outer loop
   vertex -6.280561e+00 -2.815300e+01 2.000000e+00
   vertex -8.213275e+00 -2.804477e+01 2.000000e+00
   vertex -6.459455e+00 -2.855874e+01 2.000000e+00
  endloop
 endfacet
 facet normal 0.000000e+00 0.000000e+00 1.000000e+00
  outer loop
   vertex -7.006995e+00 -2.761409e+01 2.000000e+00
   vertex -7.181999e+00 -2.754523e+01 2.000000e+00
   vertex -7.679657e+00 -2.783212e+01 2.000000e+00
  endloop
 endfacet
 facet normal 4.153766e-01 9.096495e-01 0.000000e+00
  outer loop
   vertex -8.658395e+00 -2.715128e+01 1.000000e+00
   vertex -8.658395e+00 -2.715128e+01 5.000000e-01
   vertex -9.047572e+00 -2.697357e+01 5.000000e-01
  endloop
 endfacet
 facet normal 4.153766e-01 9.096495e-01 0.000000e+00
  outer loop
   vertex -8.658395e+00 -2.715128e+01 1.500000e+00
   vertex -8.658395e+00 -2.715128e+01 1.000000e+00
   vertex -9.047572e+00 -2.697357e+01 1.000000e+00
  endloop
 endfacet
 facet normal 2.541953e-01 9.671529e-01 0.000000e+00
  outer loop
   vertex -8.244615e+00 -2.726003e+01 1.000000e+00
   vertex -8.244615e+00 -2.726003e+01 5.000000e-01
   vertex -8.658395e+00 -2.715128e+01 5.000000e-01
  endloop
 endfacet
 facet normal 2.541953e-01 9.671529e-01 0.000000e+00
  outer loop
   vertex -8.244615e+00 -2.726003e+01 1.500000e+00
   vertex -8.244615e+00 -2.726003e+01 1.000000e+00
   vertex -8.658395e+00 -2.715128e+01 1.000000e+00
  endloop
 endfacet
 facet normal 5.827008e-01 8.126868e-01 0.000000e+00
  outer loop
   vertex -9.143614e+00 -2.691647e+01 9.684297e-15
   vertex -9.400750e+00 -2.673210e+01 0.000000e+00
   vertex -9.400750e+00 -2.673210e+01 3.333333e-01
  endloop
 endfacet
 facet normal 5.643948e-01 8.255050e-01 -0.000000e+00
  outer loop
   vertex -9.400750e+00 -2.673210e+01 6.666667e-01
   vertex -9.400750e+00 -2.673210e+01 1.000000e+00
   vertex -9.047572e+00 -2.697357e+01 1.000000e+00
  endloop
 endfacet
 facet normal 5.643948e-01 8.255050e-01 0.000000e+00
  outer loop
   vertex -9.400750e+00 -2.673210e+01 6.666667e-01
   vertex -9.047572e+00 -2.697357e+01 5.000000e-01
   vertex -9.400750e+00 -2.673210e+01 3.333333e-01
  endloop
 endfacet
 facet normal 4.753647e-01 8.797412e-01 9.153958e-03
  outer loop
   vertex -9.047572e+00 -2.697357e+01 5.000000e-01
   vertex -8.865249e+00 -2.706688e+01 1.119754e-14
   vertex -9.143614e+00 -2.691647e+01 9.684297e-15
  endloop
 endfacet
 facet normal 5.643948e-01 8.255050e-01 -0.000000e+00
  outer loop
   vertex -9.047572e+00 -2.697357e+01 5.000000e-01
   vertex -9.400750e+00 -2.673210e+01 6.666667e-01
   vertex -9.047572e+00 -2.697357e+01 1.000000e+00
  endloop
 endfacet
 facet normal 3.604446e-01 9.327435e-01 8.321592e-03
  outer loop
   vertex -8.658395e+00 -2.715128e+01 5.000000e-01
   vertex -8.570115e+00 -2.718093e+01 1.162092e-14
   vertex -8.865249e+00 -2.706688e+01 1.119754e-14
  endloop
 endfacet
 facet normal 5.692963e-01 8.219866e-01 -1.548412e-02
  outer loop
   vertex -9.400750e+00 -2.673210e+01 3.333333e-01
   vertex -9.047572e+00 -2.697357e+01 5.000000e-01
   vertex -9.143614e+00 -2.691647e+01 9.684297e-15
  endloop
 endfacet
 facet normal 5.707516e-01 8.208748e-01 2.017886e-02
  outer loop
   vertex -9.047572e+00 -2.697357e+01 1.500000e+00
   vertex -9.400750e+00 -2.673210e+01 1.666667e+00
   vertex -9.191920e+00 -2.688549e+01 2.000000e+00
  endloop
 endfacet
 facet normal 5.919931e-01 8.059430e-01 -0.000000e+00
  outer loop
   vertex -9.400750e+00 -2.673210e+01 1.666667e+00
   vertex -9.400750e+00 -2.673210e+01 2.000000e+00
   vertex -9.191920e+00 -2.688549e+01 2.000000e+00
  endloop
 endfacet
 facet normal 5.643948e-01 8.255050e-01 0.000000e+00
  outer loop
   vertex -9.047572e+00 -2.697357e+01 1.500000e+00
   vertex -9.400750e+00 -2.673210e+01 1.333333e+00
   vertex -9.400750e+00 -2.673210e+01 1.666667e+00
  endloop
 endfacet
 facet normal 5.643948e-01 8.255050e-01 0.000000e+00
  outer loop
   vertex -9.047572e+00 -2.697357e+01 1.000000e+00
   vertex -9.400750e+00 -2.673210e+01 1.000000e+00
   vertex -9.400750e+00 -2.673210e+01 1.333333e+00
  endloop
 endfacet
 facet normal 3.953849e-01 9.185119e-01 -2.574684e-03
  outer loop
   vertex -8.640424e+00 -2.715761e+01 2.000000e+00
   vertex -8.658395e+00 -2.715128e+01 1.500000e+00
   vertex -8.968166e+00 -2.701653e+01 2.000000e+00
  endloop
 endfacet
 facet normal 5.053443e-01 8.628962e-01 -6.105958e-03
  outer loop
   vertex -9.191920e+00 -2.688549e+01 2.000000e+00
   vertex -8.968166e+00 -2.701653e+01 2.000000e+00
   vertex -9.047572e+00 -2.697357e+01 1.500000e+00
  endloop
 endfacet
 facet normal 2.541755e-01 9.670776e-01 -1.247748e-02
  outer loop
   vertex -8.570115e+00 -2.718093e+01 1.162092e-14
   vertex -8.658395e+00 -2.715128e+01 5.000000e-01
   vertex -8.244615e+00 -2.726003e+01 5.000000e-01
  endloop
 endfacet
 facet normal 3.615245e-02 9.983366e-01 -4.491084e-02
  outer loop
   vertex -7.632260e+00 -2.728971e+01 3.333333e-01
   vertex -7.948643e+00 -2.729324e+01 9.188519e-15
   vertex -8.244615e+00 -2.726003e+01 5.000000e-01
  endloop
 endfacet
 facet normal 1.152048e-01 9.933393e-01 2.215560e-03
  outer loop
   vertex -8.262940e+00 -2.725679e+01 1.094765e-14
   vertex -8.244615e+00 -2.726003e+01 5.000000e-01
   vertex -7.948643e+00 -2.729324e+01 9.188519e-15
  endloop
 endfacet
 facet normal -1.118235e-02 9.999375e-01 0.000000e+00
  outer loop
   vertex -7.948643e+00 -2.729324e+01 9.188519e-15
   vertex -7.632260e+00 -2.728971e+01 3.333333e-01
   vertex -7.632260e+00 -2.728971e+01 0.000000e+00
  endloop
 endfacet
 facet normal 4.839980e-02 9.988280e-01 0.000000e+00
  outer loop
   vertex -8.244615e+00 -2.726003e+01 1.000000e+00
   vertex -7.632260e+00 -2.728971e+01 1.000000e+00
   vertex -7.632260e+00 -2.728971e+01 6.666667e-01
  endloop
 endfacet
 facet normal 4.839980e-02 9.988280e-01 0.000000e+00
  outer loop
   vertex -8.244615e+00 -2.726003e+01 5.000000e-01
   vertex -7.632260e+00 -2.728971e+01 6.666667e-01
   vertex -7.632260e+00 -2.728971e+01 3.333333e-01
  endloop
 endfacet
 facet normal 2.617270e-01 9.651378e-01 2.819944e-03
  outer loop
   vertex -8.658395e+00 -2.715128e+01 1.500000e+00
   vertex -8.640424e+00 -2.715761e+01 2.000000e+00
   vertex -8.301677e+00 -2.724948e+01 2.000000e+00
  endloop
 endfacet
 facet normal 4.839980e-02 9.988280e-01 0.000000e+00
  outer loop
   vertex -8.244615e+00 -2.726003e+01 1.500000e+00
   vertex -7.632260e+00 -2.728971e+01 1.333333e+00
   vertex -8.244615e+00 -2.726003e+01 1.000000e+00
  endloop
 endfacet
 facet normal 1.257744e-01 9.920370e-01 -6.592305e-03
  outer loop
   vertex -8.301677e+00 -2.724948e+01 2.000000e+00
   vertex -7.962448e+00 -2.729248e+01 2.000000e+00
   vertex -8.244615e+00 -2.726003e+01 1.500000e+00
  endloop
 endfacet
 facet normal 3.631967e-02 9.983578e-01 4.430026e-02
  outer loop
   vertex -8.244615e+00 -2.726003e+01 1.500000e+00
   vertex -7.962448e+00 -2.729248e+01 2.000000e+00
   vertex -7.632260e+00 -2.728971e+01 1.666667e+00
  endloop
 endfacet
 facet normal -8.416145e-03 9.999646e-01 0.000000e+00
  outer loop
   vertex -7.632260e+00 -2.728971e+01 1.666667e+00
   vertex -7.962448e+00 -2.729248e+01 2.000000e+00
   vertex -7.632260e+00 -2.728971e+01 2.000000e+00
  endloop
 endfacet
 facet normal 4.839980e-02 9.988280e-01 -0.000000e+00
  outer loop
   vertex -7.632260e+00 -2.728971e+01 1.333333e+00
   vertex -8.244615e+00 -2.726003e+01 1.500000e+00
   vertex -7.632260e+00 -2.728971e+01 1.666667e+00
  endloop
 endfacet
 facet normal -3.778260e-01 -9.258766e-01 -0.000000e+00
  outer loop
   vertex -7.055799e+00 -2.241578e+01 1.000000e+00
   vertex -7.055799e+00 -2.241578e+01 5.000000e-01
   vertex -6.697427e+00 -2.256202e+01 5.000000e-01
  endloop
 endfacet
 facet normal -3.778260e-01 -9.258766e-01 -0.000000e+00
  outer loop
   vertex -7.055799e+00 -2.241578e+01 1.500000e+00
   vertex -7.055799e+00 -2.241578e+01 1.000000e+00
   vertex -6.697427e+00 -2.256202e+01 1.000000e+00
  endloop
 endfacet
 facet normal -2.303822e-01 -9.731002e-01 -0.000000e+00
  outer loop
   vertex -7.432449e+00 -2.232660e+01 1.000000e+00
   vertex -7.432449e+00 -2.232660e+01 5.000000e-01
   vertex -7.055799e+00 -2.241578e+01 5.000000e-01
  endloop
 endfacet
 facet normal -2.303822e-01 -9.731002e-01 -0.000000e+00
  outer loop
   vertex -7.432449e+00 -2.232660e+01 1.500000e+00
   vertex -7.432449e+00 -2.232660e+01 1.000000e+00
   vertex -7.055799e+00 -2.241578e+01 1.000000e+00
  endloop
 endfacet
 facet normal -5.286640e-01 -8.488312e-01 -0.000000e+00
  outer loop
   vertex -6.365924e+00 -2.276183e+01 3.333333e-01
   vertex -6.632705e+00 -2.259567e+01 -4.401558e-15
   vertex -6.365924e+00 -2.276183e+01 0.000000e+00
  endloop
 endfacet
 facet normal -5.162207e-01 -8.564556e-01 0.000000e+00
  outer loop
   vertex -6.365924e+00 -2.276183e+01 3.333333e-01
   vertex -6.365924e+00 -2.276183e+01 6.666667e-01
   vertex -6.697427e+00 -2.256202e+01 5.000000e-01
  endloop
 endfacet
 facet normal -5.198003e-01 -8.542318e-01 -9.785974e-03
  outer loop
   vertex -6.697427e+00 -2.256202e+01 5.000000e-01
   vertex -6.632705e+00 -2.259567e+01 -4.401558e-15
   vertex -6.365924e+00 -2.276183e+01 3.333333e-01
  endloop
 endfacet
 facet normal -3.777885e-01 -9.257845e-01 -1.410077e-02
  outer loop
   vertex -7.055799e+00 -2.241578e+01 5.000000e-01
   vertex -6.918224e+00 -2.246430e+01 -3.136469e-15
   vertex -6.697427e+00 -2.256202e+01 5.000000e-01
  endloop
 endfacet
 facet normal -3.007079e-01 -9.536658e-01 9.813692e-03
  outer loop
   vertex -7.055799e+00 -2.241578e+01 5.000000e-01
   vertex -7.217969e+00 -2.236979e+01 -3.169178e-15
   vertex -6.918224e+00 -2.246430e+01 -3.136469e-15
  endloop
 endfacet
 facet normal -5.162207e-01 -8.564556e-01 0.000000e+00
  outer loop
   vertex -6.697427e+00 -2.256202e+01 5.000000e-01
   vertex -6.365924e+00 -2.276183e+01 6.666667e-01
   vertex -6.697427e+00 -2.256202e+01 1.000000e+00
  endloop
 endfacet
 facet normal -5.162207e-01 -8.564556e-01 0.000000e+00
  outer loop
   vertex -6.365924e+00 -2.276183e+01 1.333333e+00
   vertex -6.697427e+00 -2.256202e+01 1.500000e+00
   vertex -6.697427e+00 -2.256202e+01 1.000000e+00
  endloop
 endfacet
 facet normal -5.454255e-01 -8.381593e-01 0.000000e+00
  outer loop
   vertex -6.546183e+00 -2.264453e+01 2.000000e+00
   vertex -6.365924e+00 -2.276183e+01 1.666667e+00
   vertex -6.365924e+00 -2.276183e+01 2.000000e+00
  endloop
 endfacet
 facet normal -5.162207e-01 -8.564556e-01 -0.000000e+00
  outer loop
   vertex -6.365924e+00 -2.276183e+01 1.666667e+00
   vertex -6.697427e+00 -2.256202e+01 1.500000e+00
   vertex -6.365924e+00 -2.276183e+01 1.333333e+00
  endloop
 endfacet
 facet normal -3.899610e-01 -9.208163e-01 5.270673e-03
  outer loop
   vertex -6.697427e+00 -2.256202e+01 1.500000e+00
   vertex -6.740738e+00 -2.254082e+01 2.000000e+00
   vertex -6.948108e+00 -2.245300e+01 2.000000e+00
  endloop
 endfacet
 facet normal -4.704074e-01 -8.824431e-01 -3.325100e-03
  outer loop
   vertex -6.697427e+00 -2.256202e+01 1.500000e+00
   vertex -6.546183e+00 -2.264453e+01 2.000000e+00
   vertex -6.740738e+00 -2.254082e+01 2.000000e+00
  endloop
 endfacet
 facet normal -3.047691e-01 -9.524118e-01 -5.252238e-03
  outer loop
   vertex -6.948108e+00 -2.245300e+01 2.000000e+00
   vertex -7.166346e+00 -2.238316e+01 2.000000e+00
   vertex -7.055799e+00 -2.241578e+01 1.500000e+00
  endloop
 endfacet
 facet normal -5.225440e-01 -8.524348e-01 1.739741e-02
  outer loop
   vertex -6.365924e+00 -2.276183e+01 1.666667e+00
   vertex -6.546183e+00 -2.264453e+01 2.000000e+00
   vertex -6.697427e+00 -2.256202e+01 1.500000e+00
  endloop
 endfacet
 facet normal -1.786870e-01 -9.838708e-01 8.322035e-03
  outer loop
   vertex -7.432449e+00 -2.232660e+01 5.000000e-01
   vertex -7.527203e+00 -2.231363e+01 -4.499170e-15
   vertex -7.217969e+00 -2.236979e+01 -3.169178e-15
  endloop
 endfacet
 facet normal -7.741490e-02 -9.969990e-01 0.000000e+00
  outer loop
   vertex -7.818351e+00 -2.229664e+01 3.599291e-02
   vertex -7.432449e+00 -2.232660e+01 5.000000e-01
   vertex -7.818351e+00 -2.229664e+01 1.000000e+00
  endloop
 endfacet
 facet normal -6.002326e-02 -9.980912e-01 -1.453466e-02
  outer loop
   vertex -7.432449e+00 -2.232660e+01 5.000000e-01
   vertex -7.818351e+00 -2.229664e+01 3.599291e-02
   vertex -7.527203e+00 -2.231363e+01 -4.499170e-15
  endloop
 endfacet
 facet normal 2.726554e-03 -9.999963e-01 -2.295440e-05
  outer loop
   vertex -7.841031e+00 -2.229671e+01 3.333333e-01
   vertex -7.841039e+00 -2.229670e+01 0.000000e+00
   vertex -7.818351e+00 -2.229664e+01 3.599291e-02
  endloop
 endfacet
 facet normal -5.381345e-02 -9.979157e-01 3.561392e-02
  outer loop
   vertex -7.527203e+00 -2.231363e+01 -4.499170e-15
   vertex -7.818351e+00 -2.229664e+01 3.599291e-02
   vertex -7.841039e+00 -2.229670e+01 0.000000e+00
  endloop
 endfacet
 facet normal 3.365143e-03 -9.999943e-01 0.000000e+00
  outer loop
   vertex -7.818351e+00 -2.229664e+01 1.000000e+00
   vertex -7.841022e+00 -2.229672e+01 6.666667e-01
   vertex -7.818351e+00 -2.229664e+01 3.599291e-02
  endloop
 endfacet
 facet normal 3.618820e-03 -9.999935e-01 -1.725403e-05
  outer loop
   vertex -7.841014e+00 -2.229672e+01 1.000000e+00
   vertex -7.841022e+00 -2.229672e+01 6.666667e-01
   vertex -7.818351e+00 -2.229664e+01 1.000000e+00
  endloop
 endfacet
 facet normal 3.956947e-03 -9.999922e-01 0.000000e+00
  outer loop
   vertex -7.818351e+00 -2.229664e+01 1.500000e+00
   vertex -7.841006e+00 -2.229673e+01 1.333333e+00
   vertex -7.818351e+00 -2.229664e+01 1.000000e+00
  endloop
 endfacet
 facet normal -7.741204e-02 -9.969621e-01 8.604550e-03
  outer loop
   vertex -7.498981e+00 -2.231712e+01 2.000000e+00
   vertex -7.818351e+00 -2.229664e+01 1.500000e+00
   vertex -7.432449e+00 -2.232660e+01 1.500000e+00
  endloop
 endfacet
 facet normal -7.741490e-02 -9.969990e-01 0.000000e+00
  outer loop
   vertex -7.818351e+00 -2.229664e+01 1.000000e+00
   vertex -7.432449e+00 -2.232660e+01 1.000000e+00
   vertex -7.432449e+00 -2.232660e+01 1.500000e+00
  endloop
 endfacet
 facet normal -1.947193e-01 -9.808318e-01 -7.310615e-03
  outer loop
   vertex -7.498981e+00 -2.231712e+01 2.000000e+00
   vertex -7.432449e+00 -2.232660e+01 1.500000e+00
   vertex -7.166346e+00 -2.238316e+01 2.000000e+00
  endloop
 endfacet
 facet normal 4.513046e-03 -9.999898e-01 -2.300416e-05
  outer loop
   vertex -7.818351e+00 -2.229664e+01 1.964007e+00
   vertex -7.840989e+00 -2.229674e+01 2.000000e+00
   vertex -7.840998e+00 -2.229674e+01 1.666667e+00
  endloop
 endfacet
 facet normal 4.083962e-03 -9.999917e-01 -1.726532e-05
  outer loop
   vertex -7.841006e+00 -2.229673e+01 1.333333e+00
   vertex -7.818351e+00 -2.229664e+01 1.500000e+00
   vertex -7.840998e+00 -2.229674e+01 1.666667e+00
  endloop
 endfacet
 facet normal -6.400423e-02 -9.979496e-01 -0.000000e+00
  outer loop
   vertex -7.818351e+00 -2.229664e+01 1.964007e+00
   vertex -7.818351e+00 -2.229664e+01 1.500000e+00
   vertex -7.498981e+00 -2.231712e+01 2.000000e+00
  endloop
 endfacet
 facet normal -5.943560e-02 -9.974209e-01 -4.023724e-02
  outer loop
   vertex -7.498981e+00 -2.231712e+01 2.000000e+00
   vertex -7.840989e+00 -2.229674e+01 2.000000e+00
   vertex -7.818351e+00 -2.229664e+01 1.964007e+00
  endloop
 endfacet
 facet normal -2.303570e-01 -9.729939e-01 -1.478177e-02
  outer loop
   vertex -7.432449e+00 -2.232660e+01 5.000000e-01
   vertex -7.217969e+00 -2.236979e+01 -3.169178e-15
   vertex -7.055799e+00 -2.241578e+01 5.000000e-01
  endloop
 endfacet
 facet normal 3.589971e-01 9.333387e-01 0.000000e+00
  outer loop
   vertex -9.021174e+00 -2.861151e+01 2.674439e+00
   vertex -9.021174e+00 -2.861151e+01 2.337219e+00
   vertex -9.482018e+00 -2.843425e+01 2.337219e+00
  endloop
 endfacet
 facet normal 3.589971e-01 9.333387e-01 0.000000e+00
  outer loop
   vertex -9.021174e+00 -2.861151e+01 3.011658e+00
   vertex -9.021174e+00 -2.861151e+01 2.674439e+00
   vertex -9.482018e+00 -2.843425e+01 2.674439e+00
  endloop
 endfacet
 facet normal 2.412666e-01 9.704589e-01 0.000000e+00
  outer loop
   vertex -8.542003e+00 -2.873064e+01 2.674439e+00
   vertex -8.542003e+00 -2.873064e+01 2.337219e+00
   vertex -9.021174e+00 -2.861151e+01 2.337219e+00
  endloop
 endfacet
 facet normal 2.412666e-01 9.704589e-01 0.000000e+00
  outer loop
   vertex -8.542003e+00 -2.873064e+01 3.011658e+00
   vertex -8.542003e+00 -2.873064e+01 2.674439e+00
   vertex -9.021174e+00 -2.861151e+01 2.674439e+00
  endloop
 endfacet
 facet normal 4.712461e-01 8.820018e-01 0.000000e+00
  outer loop
   vertex -9.917520e+00 -2.820157e+01 2.325514e+00
   vertex -9.482018e+00 -2.843425e+01 2.337219e+00
   vertex -9.482018e+00 -2.843425e+01 2.000000e+00
  endloop
 endfacet
 facet normal 4.712411e-01 8.820044e-01 0.000000e+00
  outer loop
   vertex -9.917529e+00 -2.820156e+01 2.651028e+00
   vertex -9.482018e+00 -2.843425e+01 2.674439e+00
   vertex -9.482018e+00 -2.843425e+01 2.337219e+00
  endloop
 endfacet
 facet normal 3.589971e-01 9.333387e-01 0.000000e+00
  outer loop
   vertex -9.021174e+00 -2.861151e+01 2.000000e+00
   vertex -9.482018e+00 -2.843425e+01 2.000000e+00
   vertex -9.482018e+00 -2.843425e+01 2.337219e+00
  endloop
 endfacet
 facet normal 2.412666e-01 9.704589e-01 0.000000e+00
  outer loop
   vertex -9.021174e+00 -2.861151e+01 2.337219e+00
   vertex -8.542003e+00 -2.873064e+01 2.337219e+00
   vertex -8.542003e+00 -2.873064e+01 2.000000e+00
  endloop
 endfacet
 facet normal 4.981260e-01 8.671046e-01 9.513050e-06
  outer loop
   vertex -9.917547e+00 -2.820156e+01 3.302056e+00
   vertex -9.702359e+00 -2.832518e+01 3.293305e+00
   vertex -9.917538e+00 -2.820156e+01 2.976542e+00
  endloop
 endfacet
 facet normal 4.694799e-01 8.825747e-01 2.550612e-02
  outer loop
   vertex -9.482018e+00 -2.843425e+01 3.011658e+00
   vertex -9.917538e+00 -2.820156e+01 2.976542e+00
   vertex -9.702359e+00 -2.832518e+01 3.293305e+00
  endloop
 endfacet
 facet normal 4.712406e-01 8.820047e-01 1.242555e-05
  outer loop
   vertex -9.482018e+00 -2.843425e+01 2.674439e+00
   vertex -9.917529e+00 -2.820156e+01 2.651028e+00
   vertex -9.917538e+00 -2.820156e+01 2.976542e+00
  endloop
 endfacet
 facet normal 3.873039e-01 9.219521e-01 2.000505e-04
  outer loop
   vertex -9.482018e+00 -2.843425e+01 3.011658e+00
   vertex -9.480662e+00 -2.843488e+01 3.288772e+00
   vertex -9.253138e+00 -2.853046e+01 3.288432e+00
  endloop
 endfacet
 facet normal 3.588607e-01 9.329843e-01 2.755621e-02
  outer loop
   vertex -9.253138e+00 -2.853046e+01 3.288432e+00
   vertex -9.021174e+00 -2.861151e+01 3.011658e+00
   vertex -9.482018e+00 -2.843425e+01 3.011658e+00
  endloop
 endfacet
 facet normal 4.434908e-01 8.962789e-01 -1.330343e-04
  outer loop
   vertex -9.702359e+00 -2.832518e+01 3.293305e+00
   vertex -9.480662e+00 -2.843488e+01 3.288772e+00
   vertex -9.482018e+00 -2.843425e+01 3.011658e+00
  endloop
 endfacet
 facet normal 1.198703e-01 9.927896e-01 0.000000e+00
  outer loop
   vertex -8.542003e+00 -2.873064e+01 2.337219e+00
   vertex -8.051821e+00 -2.878982e+01 2.337219e+00
   vertex -8.542003e+00 -2.873064e+01 2.000000e+00
  endloop
 endfacet
 facet normal 1.198702e-01 9.927896e-01 0.000000e+00
  outer loop
   vertex -8.542003e+00 -2.873064e+01 2.674439e+00
   vertex -8.051836e+00 -2.878982e+01 2.674439e+00
   vertex -8.542003e+00 -2.873064e+01 2.337219e+00
  endloop
 endfacet
 facet normal 1.198741e-01 9.927891e-01 0.000000e+00
  outer loop
   vertex -8.542003e+00 -2.873064e+01 3.011658e+00
   vertex -8.051852e+00 -2.878982e+01 3.011658e+00
   vertex -8.542003e+00 -2.873064e+01 2.674439e+00
  endloop
 endfacet
 facet normal 2.710057e-01 9.625777e-01 8.495895e-05
  outer loop
   vertex -8.783319e+00 -2.867850e+01 3.300248e+00
   vertex -9.021174e+00 -2.861151e+01 3.011658e+00
   vertex -9.020463e+00 -2.861173e+01 3.292265e+00
  endloop
 endfacet
 facet normal 2.112192e-01 9.774387e-01 3.922661e-05
  outer loop
   vertex -8.542003e+00 -2.873064e+01 3.011658e+00
   vertex -8.783319e+00 -2.867850e+01 3.300248e+00
   vertex -8.542385e+00 -2.873057e+01 3.312359e+00
  endloop
 endfacet
 facet normal 1.198394e-01 9.925018e-01 2.405431e-02
  outer loop
   vertex -8.298341e+00 -2.876774e+01 3.328576e+00
   vertex -8.051852e+00 -2.878982e+01 3.011658e+00
   vertex -8.542003e+00 -2.873064e+01 3.011658e+00
  endloop
 endfacet
 facet normal 8.922442e-02 9.960115e-01 -1.596244e-06
  outer loop
   vertex -8.051852e+00 -2.878982e+01 3.011658e+00
   vertex -8.298341e+00 -2.876774e+01 3.328576e+00
   vertex -8.051867e+00 -2.878982e+01 3.348878e+00
  endloop
 endfacet
 facet normal 1.505838e-01 9.885973e-01 -4.050684e-05
  outer loop
   vertex -8.542385e+00 -2.873057e+01 3.312359e+00
   vertex -8.298341e+00 -2.876774e+01 3.328576e+00
   vertex -8.542003e+00 -2.873064e+01 3.011658e+00
  endloop
 endfacet
 facet normal 2.411824e-01 9.701202e-01 2.641626e-02
  outer loop
   vertex -8.783319e+00 -2.867850e+01 3.300248e+00
   vertex -8.542003e+00 -2.873064e+01 3.011658e+00
   vertex -9.021174e+00 -2.861151e+01 3.011658e+00
  endloop
 endfacet
 facet normal 3.297588e-01 9.440652e-01 -7.885008e-05
  outer loop
   vertex -9.253138e+00 -2.853046e+01 3.288432e+00
   vertex -9.020463e+00 -2.861173e+01 3.292265e+00
   vertex -9.021174e+00 -2.861151e+01 3.011658e+00
  endloop
 endfacet
 facet normal -3.461128e-01 -9.381929e-01 -0.000000e+00
  outer loop
   vertex -6.606037e+00 -2.098478e+01 2.800000e+00
   vertex -6.606037e+00 -2.098478e+01 2.400000e+00
   vertex -6.264630e+00 -2.111073e+01 2.400000e+00
  endloop
 endfacet
 facet normal -3.461128e-01 -9.381929e-01 -0.000000e+00
  outer loop
   vertex -6.606037e+00 -2.098478e+01 3.200000e+00
   vertex -6.606037e+00 -2.098478e+01 2.800000e+00
   vertex -6.264630e+00 -2.111073e+01 2.800000e+00
  endloop
 endfacet
 facet normal -2.589144e-01 -9.659003e-01 -0.000000e+00
  outer loop
   vertex -6.961507e+00 -2.088949e+01 2.800000e+00
   vertex -6.961507e+00 -2.088949e+01 2.400000e+00
   vertex -6.606037e+00 -2.098478e+01 2.400000e+00
  endloop
 endfacet
 facet normal -2.589144e-01 -9.659003e-01 -0.000000e+00
  outer loop
   vertex -6.961507e+00 -2.088949e+01 3.200000e+00
   vertex -6.961507e+00 -2.088949e+01 2.800000e+00
   vertex -6.606037e+00 -2.098478e+01 2.800000e+00
  endloop
 endfacet
 facet normal -4.286305e-01 -9.034799e-01 1.758200e-06
  outer loop
   vertex -6.264630e+00 -2.111073e+01 2.000000e+00
   vertex -5.946378e+00 -2.126171e+01 2.000000e+00
   vertex -5.946389e+00 -2.126171e+01 2.266667e+00
  endloop
 endfacet
 facet normal -4.286268e-01 -9.034817e-01 7.454153e-06
  outer loop
   vertex -6.264630e+00 -2.111073e+01 2.400000e+00
   vertex -5.946389e+00 -2.126171e+01 2.266667e+00
   vertex -5.946401e+00 -2.126170e+01 2.533333e+00
  endloop
 endfacet
 facet normal -3.461128e-01 -9.381929e-01 0.000000e+00
  outer loop
   vertex -6.264630e+00 -2.111073e+01 2.400000e+00
   vertex -6.606037e+00 -2.098478e+01 2.400000e+00
   vertex -6.606037e+00 -2.098478e+01 2.000000e+00
  endloop
 endfacet
 facet normal -4.286293e-01 -9.034804e-01 0.000000e+00
  outer loop
   vertex -5.946389e+00 -2.126171e+01 2.266667e+00
   vertex -6.264630e+00 -2.111073e+01 2.400000e+00
   vertex -6.264630e+00 -2.111073e+01 2.000000e+00
  endloop
 endfacet
 facet normal -4.286242e-01 -9.034829e-01 0.000000e+00
  outer loop
   vertex -6.264630e+00 -2.111073e+01 2.400000e+00
   vertex -5.946401e+00 -2.126170e+01 2.533333e+00
   vertex -6.264630e+00 -2.111073e+01 2.800000e+00
  endloop
 endfacet
 facet normal -4.286218e-01 -9.034840e-01 0.000000e+00
  outer loop
   vertex -5.946423e+00 -2.126169e+01 3.066667e+00
   vertex -6.264630e+00 -2.111073e+01 3.200000e+00
   vertex -6.264630e+00 -2.111073e+01 2.800000e+00
  endloop
 endfacet
 facet normal -4.286212e-01 -9.034843e-01 1.758677e-06
  outer loop
   vertex -6.264630e+00 -2.111073e+01 3.200000e+00
   vertex -5.946423e+00 -2.126169e+01 3.066667e+00
   vertex -5.946434e+00 -2.126168e+01 3.333333e+00
  endloop
 endfacet
 facet normal -4.286206e-01 -9.034846e-01 0.000000e+00
  outer loop
   vertex -6.264630e+00 -2.111073e+01 3.200000e+00
   vertex -5.946434e+00 -2.126168e+01 3.333333e+00
   vertex -6.264630e+00 -2.111073e+01 3.600000e+00
  endloop
 endfacet
 facet normal -3.461128e-01 -9.381929e-01 0.000000e+00
  outer loop
   vertex -6.264630e+00 -2.111073e+01 3.600000e+00
   vertex -6.606037e+00 -2.098478e+01 3.600000e+00
   vertex -6.606037e+00 -2.098478e+01 3.200000e+00
  endloop
 endfacet
 facet normal -2.589144e-01 -9.659003e-01 0.000000e+00
  outer loop
   vertex -6.961507e+00 -2.088949e+01 2.000000e+00
   vertex -6.606037e+00 -2.098478e+01 2.000000e+00
   vertex -6.606037e+00 -2.098478e+01 2.400000e+00
  endloop
 endfacet
 facet normal -1.690577e-01 -9.856061e-01 -0.000000e+00
  outer loop
   vertex -6.961507e+00 -2.088949e+01 2.400000e+00
   vertex -7.324236e+00 -2.082727e+01 2.266667e+00
   vertex -6.961507e+00 -2.088949e+01 2.000000e+00
  endloop
 endfacet
 facet normal -1.690638e-01 -9.856051e-01 1.691646e-05
  outer loop
   vertex -7.324236e+00 -2.082727e+01 2.266667e+00
   vertex -6.961507e+00 -2.088949e+01 2.400000e+00
   vertex -7.324243e+00 -2.082727e+01 2.533333e+00
  endloop
 endfacet
 facet normal -1.690698e-01 -9.856041e-01 0.000000e+00
  outer loop
   vertex -7.324243e+00 -2.082727e+01 2.533333e+00
   vertex -6.961507e+00 -2.088949e+01 2.400000e+00
   vertex -6.961507e+00 -2.088949e+01 2.800000e+00
  endloop
 endfacet
 facet normal -2.589144e-01 -9.659003e-01 -0.000000e+00
  outer loop
   vertex -6.606037e+00 -2.098478e+01 3.600000e+00
   vertex -6.961507e+00 -2.088949e+01 3.200000e+00
   vertex -6.606037e+00 -2.098478e+01 3.200000e+00
  endloop
 endfacet
 facet normal -2.140177e-01 -9.759142e-01 -4.228398e-02
  outer loop
   vertex -7.324229e+00 -2.082728e+01 3.600000e+00
   vertex -6.961507e+00 -2.088949e+01 3.200000e+00
   vertex -6.606037e+00 -2.098478e+01 3.600000e+00
  endloop
 endfacet
 facet normal -1.690841e-01 -9.856016e-01 -0.000000e+00
  outer loop
   vertex -6.961507e+00 -2.088949e+01 3.200000e+00
   vertex -7.324255e+00 -2.082726e+01 3.066667e+00
   vertex -6.961507e+00 -2.088949e+01 2.800000e+00
  endloop
 endfacet
 facet normal -1.691114e-01 -9.855969e-01 -5.667969e-05
  outer loop
   vertex -6.961507e+00 -2.088949e+01 3.200000e+00
   vertex -7.324229e+00 -2.082728e+01 3.600000e+00
   vertex -7.324262e+00 -2.082726e+01 3.333333e+00
  endloop
 endfacet
 facet normal -1.690877e-01 -9.856010e-01 9.866204e-06
  outer loop
   vertex -6.961507e+00 -2.088949e+01 3.200000e+00
   vertex -7.324262e+00 -2.082726e+01 3.333333e+00
   vertex -7.324255e+00 -2.082726e+01 3.066667e+00
  endloop
 endfacet
 facet normal 0.000000e+00 0.000000e+00 1.000000e+00
  outer loop
   vertex -8.171494e+00 -2.072378e+01 2.000000e+00
   vertex -8.332451e+00 -2.038385e+01 2.000000e+00
   vertex -8.670716e+00 -2.030366e+01 2.000000e+00
  endloop
 endfacet
 facet normal 0.000000e+00 0.000000e+00 1.000000e+00
  outer loop
   vertex -7.747214e+00 -2.121947e+01 2.000000e+00
   vertex -7.813004e+00 -2.057069e+01 2.000000e+00
   vertex -8.171494e+00 -2.072378e+01 2.000000e+00
  endloop
 endfacet
 facet normal 0.000000e+00 0.000000e+00 1.000000e+00
  outer loop
   vertex -8.332451e+00 -2.038385e+01 2.000000e+00
   vertex -8.171494e+00 -2.072378e+01 2.000000e+00
   vertex -7.813004e+00 -2.057069e+01 2.000000e+00
  endloop
 endfacet
 facet normal -0.000000e+00 0.000000e+00 1.000000e+00
  outer loop
   vertex -7.747214e+00 -2.121947e+01 2.000000e+00
   vertex -7.409166e+00 -2.177755e+01 2.000000e+00
   vertex -6.810609e+00 -2.120345e+01 2.000000e+00
  endloop
 endfacet
 facet normal 0.000000e+00 0.000000e+00 1.000000e+00
  outer loop
   vertex -7.409166e+00 -2.177755e+01 2.000000e+00
   vertex -7.166346e+00 -2.238316e+01 2.000000e+00
   vertex -6.948108e+00 -2.245300e+01 2.000000e+00
  endloop
 endfacet
 facet normal 0.000000e+00 0.000000e+00 1.000000e+00
  outer loop
   vertex -7.747214e+00 -2.121947e+01 2.000000e+00
   vertex -6.810609e+00 -2.120345e+01 2.000000e+00
   vertex -7.324229e+00 -2.082728e+01 2.000000e+00
  endloop
 endfacet
 facet normal -0.000000e+00 0.000000e+00 1.000000e+00
  outer loop
   vertex -7.409166e+00 -2.177755e+01 2.000000e+00
   vertex -6.948108e+00 -2.245300e+01 2.000000e+00
   vertex -6.363175e+00 -2.165634e+01 2.000000e+00
  endloop
 endfacet
 facet normal 0.000000e+00 0.000000e+00 1.000000e+00
  outer loop
   vertex -7.324229e+00 -2.082728e+01 2.000000e+00
   vertex -7.813004e+00 -2.057069e+01 2.000000e+00
   vertex -7.747214e+00 -2.121947e+01 2.000000e+00
  endloop
 endfacet
 facet normal 0.000000e+00 0.000000e+00 1.000000e+00
  outer loop
   vertex -6.810609e+00 -2.120345e+01 2.000000e+00
   vertex -7.409166e+00 -2.177755e+01 2.000000e+00
   vertex -6.363175e+00 -2.165634e+01 2.000000e+00
  endloop
 endfacet
 facet normal 0.000000e+00 -0.000000e+00 1.000000e+00
  outer loop
   vertex -6.740738e+00 -2.254082e+01 2.000000e+00
   vertex -6.363175e+00 -2.165634e+01 2.000000e+00
   vertex -6.948108e+00 -2.245300e+01 2.000000e+00
  endloop
 endfacet
 facet normal 0.000000e+00 0.000000e+00 1.000000e+00
  outer loop
   vertex -6.740738e+00 -2.254082e+01 2.000000e+00
   vertex -5.993262e+00 -2.217448e+01 2.000000e+00
   vertex -6.363175e+00 -2.165634e+01 2.000000e+00
  endloop
 endfacet
 facet normal 0.000000e+00 -0.000000e+00 1.000000e+00
  outer loop
   vertex -6.546183e+00 -2.264453e+01 2.000000e+00
   vertex -5.993262e+00 -2.217448e+01 2.000000e+00
   vertex -6.740738e+00 -2.254082e+01 2.000000e+00
  endloop
 endfacet
 facet normal 0.000000e+00 0.000000e+00 1.000000e+00
  outer loop
   vertex -6.082316e+00 -2.275680e+01 2.000000e+00
   vertex -6.546183e+00 -2.264453e+01 2.000000e+00
   vertex -6.365924e+00 -2.276183e+01 2.000000e+00
  endloop
 endfacet
 facet normal 0.000000e+00 -0.000000e+00 1.000000e+00
  outer loop
   vertex -5.799964e+00 -2.278392e+01 2.000000e+00
   vertex -5.710240e+00 -2.274475e+01 2.000000e+00
   vertex -6.082316e+00 -2.275680e+01 2.000000e+00
  endloop
 endfacet
 facet normal 0.000000e+00 0.000000e+00 1.000000e+00
  outer loop
   vertex -5.993262e+00 -2.217448e+01 2.000000e+00
   vertex -6.546183e+00 -2.264453e+01 2.000000e+00
   vertex -6.082316e+00 -2.275680e+01 2.000000e+00
  endloop
 endfacet
 facet normal 0.000000e+00 0.000000e+00 1.000000e+00
  outer loop
   vertex -6.082316e+00 -2.275680e+01 2.000000e+00
   vertex -5.710240e+00 -2.274475e+01 2.000000e+00
   vertex -5.993262e+00 -2.217448e+01 2.000000e+00
  endloop
 endfacet
 facet normal 0.000000e+00 -0.000000e+00 1.000000e+00
  outer loop
   vertex -1.132140e+01 -2.775322e+01 2.000000e+00
   vertex -1.117028e+01 -2.755985e+01 2.000000e+00
   vertex -1.174075e+01 -2.749255e+01 2.000000e+00
  endloop
 endfacet
 facet normal 0.000000e+00 0.000000e+00 1.000000e+00
  outer loop
   vertex -1.002990e+01 -2.744755e+01 2.000000e+00
   vertex -1.040279e+01 -2.811045e+01 2.000000e+00
   vertex -8.213275e+00 -2.804477e+01 2.000000e+00
  endloop
 endfacet
 facet normal 0.000000e+00 -0.000000e+00 1.000000e+00
  outer loop
   vertex -1.040279e+01 -2.811045e+01 2.000000e+00
   vertex -1.002990e+01 -2.744755e+01 2.000000e+00
   vertex -1.059605e+01 -2.754475e+01 2.000000e+00
  endloop
 endfacet
 facet normal 0.000000e+00 0.000000e+00 1.000000e+00
  outer loop
   vertex -1.132140e+01 -2.775322e+01 2.000000e+00
   vertex -1.059605e+01 -2.754475e+01 2.000000e+00
   vertex -1.117028e+01 -2.755985e+01 2.000000e+00
  endloop
 endfacet
 facet normal 0.000000e+00 -0.000000e+00 1.000000e+00
  outer loop
   vertex -1.087314e+01 -2.796024e+01 2.000000e+00
   vertex -1.059605e+01 -2.754475e+01 2.000000e+00
   vertex -1.132140e+01 -2.775322e+01 2.000000e+00
  endloop
 endfacet
 facet normal 0.000000e+00 -0.000000e+00 1.000000e+00
  outer loop
   vertex -9.343860e+00 -2.823141e+01 2.000000e+00
   vertex -8.771849e+00 -2.817879e+01 2.000000e+00
   vertex -9.917511e+00 -2.820157e+01 2.000000e+00
  endloop
 endfacet
 facet normal 0.000000e+00 0.000000e+00 1.000000e+00
  outer loop
   vertex -1.059605e+01 -2.754475e+01 2.000000e+00
   vertex -1.087314e+01 -2.796024e+01 2.000000e+00
   vertex -1.040279e+01 -2.811045e+01 2.000000e+00
  endloop
 endfacet
 facet normal 0.000000e+00 -0.000000e+00 1.000000e+00
  outer loop
   vertex -9.917511e+00 -2.820157e+01 2.000000e+00
   vertex -8.771849e+00 -2.817879e+01 2.000000e+00
   vertex -1.040279e+01 -2.811045e+01 2.000000e+00
  endloop
 endfacet
 facet normal 0.000000e+00 0.000000e+00 1.000000e+00
  outer loop
   vertex -8.301677e+00 -2.724948e+01 2.000000e+00
   vertex -9.483521e+00 -2.727026e+01 2.000000e+00
   vertex -1.002990e+01 -2.744755e+01 2.000000e+00
  endloop
 endfacet
 facet normal 0.000000e+00 0.000000e+00 1.000000e+00
  outer loop
   vertex -8.640424e+00 -2.715761e+01 2.000000e+00
   vertex -9.483521e+00 -2.727026e+01 2.000000e+00
   vertex -8.301677e+00 -2.724948e+01 2.000000e+00
  endloop
 endfacet
 facet normal 0.000000e+00 0.000000e+00 1.000000e+00
  outer loop
   vertex -7.413762e+00 -2.742916e+01 2.000000e+00
   vertex -7.632260e+00 -2.728971e+01 2.000000e+00
   vertex -7.962448e+00 -2.729248e+01 2.000000e+00
  endloop
 endfacet
 facet normal 0.000000e+00 0.000000e+00 1.000000e+00
  outer loop
   vertex -7.679657e+00 -2.783212e+01 2.000000e+00
   vertex -7.962448e+00 -2.729248e+01 2.000000e+00
   vertex -8.301677e+00 -2.724948e+01 2.000000e+00
  endloop
 endfacet
 facet normal 0.000000e+00 0.000000e+00 1.000000e+00
  outer loop
   vertex -7.679657e+00 -2.783212e+01 2.000000e+00
   vertex -8.301677e+00 -2.724948e+01 2.000000e+00
   vertex -1.002990e+01 -2.744755e+01 2.000000e+00
  endloop
 endfacet
 facet normal 0.000000e+00 -0.000000e+00 1.000000e+00
  outer loop
   vertex -8.771849e+00 -2.817879e+01 2.000000e+00
   vertex -8.213275e+00 -2.804477e+01 2.000000e+00
   vertex -1.040279e+01 -2.811045e+01 2.000000e+00
  endloop
 endfacet
 facet normal 0.000000e+00 0.000000e+00 1.000000e+00
  outer loop
   vertex -7.181999e+00 -2.754523e+01 2.000000e+00
   vertex -7.413762e+00 -2.742916e+01 2.000000e+00
   vertex -7.679657e+00 -2.783212e+01 2.000000e+00
  endloop
 endfacet
 facet normal 0.000000e+00 0.000000e+00 1.000000e+00
  outer loop
   vertex -7.679657e+00 -2.783212e+01 2.000000e+00
   vertex -1.002990e+01 -2.744755e+01 2.000000e+00
   vertex -8.213275e+00 -2.804477e+01 2.000000e+00
  endloop
 endfacet
 facet normal 0.000000e+00 0.000000e+00 1.000000e+00
  outer loop
   vertex -7.962448e+00 -2.729248e+01 2.000000e+00
   vertex -7.679657e+00 -2.783212e+01 2.000000e+00
   vertex -7.413762e+00 -2.742916e+01 2.000000e+00
  endloop
 endfacet
 facet normal 0.000000e+00 0.000000e+00 1.000000e+00
  outer loop
   vertex -8.968166e+00 -2.701653e+01 2.000000e+00
   vertex -9.483521e+00 -2.727026e+01 2.000000e+00
   vertex -8.640424e+00 -2.715761e+01 2.000000e+00
  endloop
 endfacet
 facet normal -4.345175e-01 -9.006634e-01 -0.000000e+00
  outer loop
   vertex -8.517294e+00 -2.190219e+01 1.000000e+00
   vertex -8.517294e+00 -2.190219e+01 5.000000e-01
   vertex -8.163599e+00 -2.207282e+01 5.000000e-01
  endloop
 endfacet
 facet normal -4.345175e-01 -9.006634e-01 -0.000000e+00
  outer loop
   vertex -8.517294e+00 -2.190219e+01 1.500000e+00
   vertex -8.517294e+00 -2.190219e+01 1.000000e+00
   vertex -8.163599e+00 -2.207282e+01 1.000000e+00
  endloop
 endfacet
 facet normal -2.881187e-01 -9.575947e-01 -0.000000e+00
  outer loop
   vertex -8.893347e+00 -2.178904e+01 1.000000e+00
   vertex -8.893347e+00 -2.178904e+01 5.000000e-01
   vertex -8.517294e+00 -2.190219e+01 5.000000e-01
  endloop
 endfacet
 facet normal -2.881187e-01 -9.575947e-01 -0.000000e+00
  outer loop
   vertex -8.893347e+00 -2.178904e+01 1.500000e+00
   vertex -8.893347e+00 -2.178904e+01 1.000000e+00
   vertex -8.517294e+00 -2.190219e+01 1.000000e+00
  endloop
 endfacet
 facet normal -5.830219e-01 -8.124564e-01 -4.417319e-06
  outer loop
   vertex -8.096358e+00 -2.211348e+01 -4.398193e-15
   vertex -7.841039e+00 -2.229670e+01 0.000000e+00
   vertex -7.841031e+00 -2.229671e+01 3.333333e-01
  endloop
 endfacet
 facet normal -5.701943e-01 -8.215098e-01 -2.357693e-07
  outer loop
   vertex -7.841022e+00 -2.229672e+01 6.666667e-01
   vertex -7.841014e+00 -2.229672e+01 1.000000e+00
   vertex -8.163599e+00 -2.207282e+01 1.000000e+00
  endloop
 endfacet
 facet normal -5.701927e-01 -8.215110e-01 -4.120883e-06
  outer loop
   vertex -8.163599e+00 -2.207282e+01 5.000000e-01
   vertex -7.841031e+00 -2.229671e+01 3.333333e-01
   vertex -7.841022e+00 -2.229672e+01 6.666667e-01
  endloop
 endfacet
 facet normal -4.764699e-01 -8.791595e-01 7.418396e-03
  outer loop
   vertex -8.096358e+00 -2.211348e+01 -4.398193e-15
   vertex -8.163599e+00 -2.207282e+01 5.000000e-01
   vertex -8.372648e+00 -2.196375e+01 -3.133682e-15
  endloop
 endfacet
 facet normal -5.701942e-01 -8.215100e-01 0.000000e+00
  outer loop
   vertex -8.163599e+00 -2.207282e+01 5.000000e-01
   vertex -7.841022e+00 -2.229672e+01 6.666667e-01
   vertex -8.163599e+00 -2.207282e+01 1.000000e+00
  endloop
 endfacet
 facet normal -5.738418e-01 -8.188978e-01 -1.057689e-02
  outer loop
   vertex -8.096358e+00 -2.211348e+01 -4.398193e-15
   vertex -7.841031e+00 -2.229671e+01 3.333333e-01
   vertex -8.163599e+00 -2.207282e+01 5.000000e-01
  endloop
 endfacet
 facet normal -5.701943e-01 -8.215098e-01 -4.120816e-06
  outer loop
   vertex -7.841006e+00 -2.229673e+01 1.333333e+00
   vertex -8.163599e+00 -2.207282e+01 1.000000e+00
   vertex -7.841014e+00 -2.229672e+01 1.000000e+00
  endloop
 endfacet
 facet normal -5.765926e-01 -8.168183e-01 1.867892e-02
  outer loop
   vertex -8.163599e+00 -2.207282e+01 1.500000e+00
   vertex -7.840998e+00 -2.229674e+01 1.666667e+00
   vertex -7.988934e+00 -2.218468e+01 2.000000e+00
  endloop
 endfacet
 facet normal -6.037863e-01 -7.971462e-01 -2.698210e-06
  outer loop
   vertex -7.840998e+00 -2.229674e+01 1.666667e+00
   vertex -7.840989e+00 -2.229674e+01 2.000000e+00
   vertex -7.988934e+00 -2.218468e+01 2.000000e+00
  endloop
 endfacet
 facet normal -5.701973e-01 -8.215078e-01 -2.356622e-07
  outer loop
   vertex -8.163599e+00 -2.207282e+01 1.500000e+00
   vertex -7.841006e+00 -2.229673e+01 1.333333e+00
   vertex -7.840998e+00 -2.229674e+01 1.666667e+00
  endloop
 endfacet
 facet normal -4.763794e-01 -8.792390e-01 -1.245349e-03
  outer loop
   vertex -8.318347e+00 -2.198969e+01 2.000000e+00
   vertex -8.163599e+00 -2.207282e+01 1.500000e+00
   vertex -8.148318e+00 -2.208181e+01 2.000000e+00
  endloop
 endfacet
 facet normal -5.422983e-01 -8.401848e-01 1.471222e-03
  outer loop
   vertex -7.988934e+00 -2.218468e+01 2.000000e+00
   vertex -8.148318e+00 -2.208181e+01 2.000000e+00
   vertex -8.163599e+00 -2.207282e+01 1.500000e+00
  endloop
 endfacet
 facet normal -4.064079e-01 -9.136900e-01 1.808676e-03
  outer loop
   vertex -8.318347e+00 -2.198969e+01 2.000000e+00
   vertex -8.497959e+00 -2.190980e+01 2.000000e+00
   vertex -8.517294e+00 -2.190219e+01 1.500000e+00
  endloop
 endfacet
 facet normal -4.344668e-01 -9.005584e-01 1.527123e-02
  outer loop
   vertex -8.163599e+00 -2.207282e+01 1.500000e+00
   vertex -8.318347e+00 -2.198969e+01 2.000000e+00
   vertex -8.517294e+00 -2.190219e+01 1.500000e+00
  endloop
 endfacet
 facet normal -5.701972e-01 -8.215079e-01 -0.000000e+00
  outer loop
   vertex -8.163599e+00 -2.207282e+01 1.500000e+00
   vertex -8.163599e+00 -2.207282e+01 1.000000e+00
   vertex -7.841006e+00 -2.229673e+01 1.333333e+00
  endloop
 endfacet
 facet normal -2.426053e-01 -9.700964e-01 7.457242e-03
  outer loop
   vertex -8.893347e+00 -2.178904e+01 5.000000e-01
   vertex -8.970409e+00 -2.177361e+01 -4.498080e-15
   vertex -8.665542e+00 -2.184985e+01 -3.167154e-15
  endloop
 endfacet
 facet normal -2.880871e-01 -9.574899e-01 -1.479806e-02
  outer loop
   vertex -8.665542e+00 -2.184985e+01 -3.167154e-15
   vertex -8.517294e+00 -2.190219e+01 5.000000e-01
   vertex -8.893347e+00 -2.178904e+01 5.000000e-01
  endloop
 endfacet
 facet normal -1.300890e-01 -9.914463e-01 -1.054316e-02
  outer loop
   vertex -8.893347e+00 -2.178904e+01 5.000000e-01
   vertex -9.282441e+00 -2.173621e+01 3.333333e-01
   vertex -8.970409e+00 -2.177361e+01 -4.498080e-15
  endloop
 endfacet
 facet normal -3.623970e-01 -9.319712e-01 9.905364e-03
  outer loop
   vertex -8.372648e+00 -2.196375e+01 -3.133682e-15
   vertex -8.517294e+00 -2.190219e+01 5.000000e-01
   vertex -8.665542e+00 -2.184985e+01 -3.167154e-15
  endloop
 endfacet
 facet normal -1.189845e-01 -9.928961e-01 1.432085e-05
  outer loop
   vertex -8.970409e+00 -2.177361e+01 -4.498080e-15
   vertex -9.282441e+00 -2.173621e+01 3.333333e-01
   vertex -9.282434e+00 -2.173622e+01 0.000000e+00
  endloop
 endfacet
 facet normal -1.345607e-01 -9.909054e-01 1.431515e-05
  outer loop
   vertex -8.893347e+00 -2.178904e+01 1.000000e+00
   vertex -9.282455e+00 -2.173620e+01 1.000000e+00
   vertex -9.282449e+00 -2.173621e+01 6.666667e-01
  endloop
 endfacet
 facet normal -1.345404e-01 -9.909081e-01 1.960070e-05
  outer loop
   vertex -8.893347e+00 -2.178904e+01 5.000000e-01
   vertex -9.282449e+00 -2.173621e+01 6.666667e-01
   vertex -9.282441e+00 -2.173621e+01 3.333333e-01
  endloop
 endfacet
 facet normal -2.880849e-01 -9.574824e-01 1.531447e-02
  outer loop
   vertex -8.517294e+00 -2.190219e+01 1.500000e+00
   vertex -8.685831e+00 -2.184348e+01 2.000000e+00
   vertex -8.893347e+00 -2.178904e+01 1.500000e+00
  endloop
 endfacet
 facet normal -3.328593e-01 -9.429753e-01 -1.481158e-03
  outer loop
   vertex -8.497959e+00 -2.190980e+01 2.000000e+00
   vertex -8.685831e+00 -2.184348e+01 2.000000e+00
   vertex -8.517294e+00 -2.190219e+01 1.500000e+00
  endloop
 endfacet
 facet normal -1.345854e-01 -9.909020e-01 1.959954e-05
  outer loop
   vertex -9.282471e+00 -2.173619e+01 1.666667e+00
   vertex -9.282463e+00 -2.173619e+01 1.333333e+00
   vertex -8.893347e+00 -2.178904e+01 1.500000e+00
  endloop
 endfacet
 facet normal -1.345772e-01 -9.909031e-01 -0.000000e+00
  outer loop
   vertex -8.893347e+00 -2.178904e+01 1.500000e+00
   vertex -9.282463e+00 -2.173619e+01 1.333333e+00
   vertex -8.893347e+00 -2.178904e+01 1.000000e+00
  endloop
 endfacet
 facet normal -9.695391e-02 -9.952889e-01 1.514355e-05
  outer loop
   vertex -9.282477e+00 -2.173618e+01 2.000000e+00
   vertex -9.282471e+00 -2.173619e+01 1.666667e+00
   vertex -9.079922e+00 -2.175591e+01 2.000000e+00
  endloop
 endfacet
 facet normal -1.268361e-01 -9.917533e-01 1.838219e-02
  outer loop
   vertex -8.893347e+00 -2.178904e+01 1.500000e+00
   vertex -9.079922e+00 -2.175591e+01 2.000000e+00
   vertex -9.282471e+00 -2.173619e+01 1.666667e+00
  endloop
 endfacet
 facet normal -1.774363e-01 -9.841318e-01 -1.004248e-03
  outer loop
   vertex -8.880404e+00 -2.179188e+01 2.000000e+00
   vertex -9.079922e+00 -2.175591e+01 2.000000e+00
   vertex -8.893347e+00 -2.178904e+01 1.500000e+00
  endloop
 endfacet
 facet normal 4.522288e-01 8.919020e-01 0.000000e+00
  outer loop
   vertex -1.034002e+01 -2.655810e+01 1.000000e+00
   vertex -1.034002e+01 -2.655810e+01 5.000000e-01
   vertex -1.075795e+01 -2.634620e+01 5.000000e-01
  endloop
 endfacet
 facet normal 4.522288e-01 8.919020e-01 0.000000e+00
  outer loop
   vertex -1.034002e+01 -2.655810e+01 1.500000e+00
   vertex -1.034002e+01 -2.655810e+01 1.000000e+00
   vertex -1.075795e+01 -2.634620e+01 1.000000e+00
  endloop
 endfacet
 facet normal 2.778508e-01 9.606243e-01 0.000000e+00
  outer loop
   vertex -9.889901e+00 -2.668829e+01 1.000000e+00
   vertex -9.889901e+00 -2.668829e+01 5.000000e-01
   vertex -1.034002e+01 -2.655810e+01 5.000000e-01
  endloop
 endfacet
 facet normal 2.778508e-01 9.606243e-01 0.000000e+00
  outer loop
   vertex -9.889901e+00 -2.668829e+01 1.500000e+00
   vertex -9.889901e+00 -2.668829e+01 1.000000e+00
   vertex -1.034002e+01 -2.655810e+01 1.000000e+00
  endloop
 endfacet
 facet normal 6.346026e-01 7.728387e-01 0.000000e+00
  outer loop
   vertex -1.112899e+01 -2.606003e+01 3.333333e-01
   vertex -1.088446e+01 -2.626082e+01 1.027577e-14
   vertex -1.112899e+01 -2.606003e+01 0.000000e+00
  endloop
 endfacet
 facet normal 6.107188e-01 7.918475e-01 -0.000000e+00
  outer loop
   vertex -1.112899e+01 -2.606003e+01 3.333333e-01
   vertex -1.112899e+01 -2.606003e+01 6.666667e-01
   vertex -1.075795e+01 -2.634620e+01 5.000000e-01
  endloop
 endfacet
 facet normal 6.166568e-01 7.869342e-01 -2.165552e-02
  outer loop
   vertex -1.075795e+01 -2.634620e+01 5.000000e-01
   vertex -1.088446e+01 -2.626082e+01 1.027577e-14
   vertex -1.112899e+01 -2.606003e+01 3.333333e-01
  endloop
 endfacet
 facet normal 4.206856e-01 9.072054e-01 1.383338e-03
  outer loop
   vertex -1.034002e+01 -2.655810e+01 5.000000e-01
   vertex -1.032948e+01 -2.656222e+01 1.230232e-14
   vertex -1.061653e+01 -2.642912e+01 1.183911e-14
  endloop
 endfacet
 facet normal 5.318843e-01 8.467579e-01 1.000884e-02
  outer loop
   vertex -1.088446e+01 -2.626082e+01 1.027577e-14
   vertex -1.075795e+01 -2.634620e+01 5.000000e-01
   vertex -1.061653e+01 -2.642912e+01 1.183911e-14
  endloop
 endfacet
 facet normal 6.107188e-01 7.918475e-01 -0.000000e+00
  outer loop
   vertex -1.075795e+01 -2.634620e+01 5.000000e-01
   vertex -1.112899e+01 -2.606003e+01 6.666667e-01
   vertex -1.075795e+01 -2.634620e+01 1.000000e+00
  endloop
 endfacet
 facet normal 6.107188e-01 7.918475e-01 0.000000e+00
  outer loop
   vertex -1.112899e+01 -2.606003e+01 1.333333e+00
   vertex -1.075795e+01 -2.634620e+01 1.500000e+00
   vertex -1.075795e+01 -2.634620e+01 1.000000e+00
  endloop
 endfacet
 facet normal 6.457063e-01 7.635859e-01 0.000000e+00
  outer loop
   vertex -1.094247e+01 -2.621775e+01 2.000000e+00
   vertex -1.112899e+01 -2.606003e+01 1.666667e+00
   vertex -1.112899e+01 -2.606003e+01 2.000000e+00
  endloop
 endfacet
 facet normal 6.107188e-01 7.918475e-01 0.000000e+00
  outer loop
   vertex -1.112899e+01 -2.606003e+01 1.666667e+00
   vertex -1.075795e+01 -2.634620e+01 1.500000e+00
   vertex -1.112899e+01 -2.606003e+01 1.333333e+00
  endloop
 endfacet
 facet normal 4.851209e-01 8.744446e-01 2.074425e-03
  outer loop
   vertex -1.075795e+01 -2.634620e+01 1.500000e+00
   vertex -1.074125e+01 -2.635664e+01 2.000000e+00
   vertex -1.052826e+01 -2.647480e+01 2.000000e+00
  endloop
 endfacet
 facet normal 5.680711e-01 8.229776e-01 -1.770118e-03
  outer loop
   vertex -1.075795e+01 -2.634620e+01 1.500000e+00
   vertex -1.094247e+01 -2.621775e+01 2.000000e+00
   vertex -1.074125e+01 -2.635664e+01 2.000000e+00
  endloop
 endfacet
 facet normal 3.981060e-01 9.173347e-01 -2.938567e-03
  outer loop
   vertex -1.052826e+01 -2.647480e+01 2.000000e+00
   vertex -1.030672e+01 -2.657095e+01 2.000000e+00
   vertex -1.034002e+01 -2.655810e+01 1.500000e+00
  endloop
 endfacet
 facet normal 6.178441e-01 7.858663e-01 2.613229e-02
  outer loop
   vertex -1.112899e+01 -2.606003e+01 1.666667e+00
   vertex -1.094247e+01 -2.621775e+01 2.000000e+00
   vertex -1.075795e+01 -2.634620e+01 1.500000e+00
  endloop
 endfacet
 facet normal 2.778031e-01 9.604595e-01 -1.852076e-02
  outer loop
   vertex -9.889901e+00 -2.668829e+01 5.000000e-01
   vertex -1.002793e+01 -2.665801e+01 1.165796e-14
   vertex -1.034002e+01 -2.655810e+01 5.000000e-01
  endloop
 endfacet
 facet normal 8.920605e-02 9.960132e-01 0.000000e+00
  outer loop
   vertex -9.889901e+00 -2.668829e+01 1.000000e+00
   vertex -9.400750e+00 -2.673210e+01 1.000000e+00
   vertex -9.400750e+00 -2.673210e+01 6.666667e-01
  endloop
 endfacet
 facet normal 1.799216e-01 9.836311e-01 9.903005e-03
  outer loop
   vertex -9.889901e+00 -2.668829e+01 5.000000e-01
   vertex -9.716688e+00 -2.671494e+01 9.916366e-15
   vertex -1.002793e+01 -2.665801e+01 1.165796e-14
  endloop
 endfacet
 facet normal 5.423583e-02 9.985282e-01 0.000000e+00
  outer loop
   vertex -9.400750e+00 -2.673210e+01 3.333333e-01
   vertex -9.400750e+00 -2.673210e+01 0.000000e+00
   vertex -9.716688e+00 -2.671494e+01 9.916366e-15
  endloop
 endfacet
 facet normal 8.920605e-02 9.960132e-01 -0.000000e+00
  outer loop
   vertex -9.400750e+00 -2.673210e+01 3.333333e-01
   vertex -9.889901e+00 -2.668829e+01 5.000000e-01
   vertex -9.400750e+00 -2.673210e+01 6.666667e-01
  endloop
 endfacet
 facet normal 8.066929e-02 9.964233e-01 -2.516237e-02
  outer loop
   vertex -9.716688e+00 -2.671494e+01 9.916366e-15
   vertex -9.889901e+00 -2.668829e+01 5.000000e-01
   vertex -9.400750e+00 -2.673210e+01 3.333333e-01
  endloop
 endfacet
 facet normal 3.083309e-01 9.512711e-01 3.913493e-03
  outer loop
   vertex -1.030672e+01 -2.657095e+01 2.000000e+00
   vertex -1.007998e+01 -2.664444e+01 2.000000e+00
   vertex -1.034002e+01 -2.655810e+01 1.500000e+00
  endloop
 endfacet
 facet normal 2.777873e-01 9.604047e-01 2.137653e-02
  outer loop
   vertex -1.007998e+01 -2.664444e+01 2.000000e+00
   vertex -9.889901e+00 -2.668829e+01 1.500000e+00
   vertex -1.034002e+01 -2.655810e+01 1.500000e+00
  endloop
 endfacet
 facet normal 2.171467e-01 9.761342e-01 -3.055258e-03
  outer loop
   vertex -9.889901e+00 -2.668829e+01 1.500000e+00
   vertex -1.007998e+01 -2.664444e+01 2.000000e+00
   vertex -9.851348e+00 -2.669530e+01 2.000000e+00
  endloop
 endfacet
 facet normal 1.258423e-01 9.920413e-01 4.207966e-03
  outer loop
   vertex -9.851348e+00 -2.669530e+01 2.000000e+00
   vertex -9.623988e+00 -2.672414e+01 2.000000e+00
   vertex -9.889901e+00 -2.668829e+01 1.500000e+00
  endloop
 endfacet
 facet normal 8.920605e-02 9.960132e-01 -0.000000e+00
  outer loop
   vertex -9.400750e+00 -2.673210e+01 1.333333e+00
   vertex -9.889901e+00 -2.668829e+01 1.500000e+00
   vertex -9.400750e+00 -2.673210e+01 1.666667e+00
  endloop
 endfacet
 facet normal 3.562300e-02 9.993653e-01 0.000000e+00
  outer loop
   vertex -9.400750e+00 -2.673210e+01 2.000000e+00
   vertex -9.400750e+00 -2.673210e+01 1.666667e+00
   vertex -9.623988e+00 -2.672414e+01 2.000000e+00
  endloop
 endfacet
 facet normal 7.926111e-02 9.964233e-01 2.929528e-02
  outer loop
   vertex -9.400750e+00 -2.673210e+01 1.666667e+00
   vertex -9.889901e+00 -2.668829e+01 1.500000e+00
   vertex -9.623988e+00 -2.672414e+01 2.000000e+00
  endloop
 endfacet
 facet normal 8.920605e-02 9.960132e-01 0.000000e+00
  outer loop
   vertex -9.889901e+00 -2.668829e+01 1.500000e+00
   vertex -9.400750e+00 -2.673210e+01 1.333333e+00
   vertex -9.889901e+00 -2.668829e+01 1.000000e+00
  endloop
 endfacet
 facet normal -6.160046e-01 -7.877425e-01 -5.767300e-07
  outer loop
   vertex -9.282441e+00 -2.173621e+01 3.333333e-01
   vertex -9.625386e+00 -2.146803e+01 0.000000e+00
   vertex -9.282434e+00 -2.173622e+01 0.000000e+00
  endloop
 endfacet
 facet normal -6.160040e-01 -7.877430e-01 1.185693e-06
  outer loop
   vertex -9.282455e+00 -2.173620e+01 1.000000e+00
   vertex -9.625386e+00 -2.146803e+01 0.000000e+00
   vertex -9.282449e+00 -2.173621e+01 6.666667e-01
  endloop
 endfacet
 facet normal -6.160073e-01 -7.877404e-01 3.930658e-06
  outer loop
   vertex -9.282449e+00 -2.173621e+01 6.666667e-01
   vertex -9.625386e+00 -2.146803e+01 0.000000e+00
   vertex -9.282441e+00 -2.173621e+01 3.333333e-01
  endloop
 endfacet
 facet normal -3.424044e-01 -9.395499e-01 -2.293590e-03
  outer loop
   vertex -1.000966e+01 -2.126341e+01 0.000000e+00
   vertex -9.946482e+00 -2.129132e+01 2.000000e+00
   vertex -1.032316e+01 -2.115405e+01 2.000000e+00
  endloop
 endfacet
 facet normal -4.881883e-01 -8.727374e-01 -1.265093e-03
  outer loop
   vertex -9.625386e+00 -2.146803e+01 0.000000e+00
   vertex -9.596587e+00 -2.148704e+01 2.000000e+00
   vertex -9.946482e+00 -2.129132e+01 2.000000e+00
  endloop
 endfacet
 facet normal -1.878105e-01 -9.822004e-01 -3.083255e-03
  outer loop
   vertex -1.042361e+01 -2.112856e+01 0.000000e+00
   vertex -1.032316e+01 -2.115405e+01 2.000000e+00
   vertex -1.071694e+01 -2.107875e+01 2.000000e+00
  endloop
 endfacet
 facet normal -2.839246e-02 -9.995902e-01 -3.634677e-03
  outer loop
   vertex -1.085468e+01 -2.106756e+01 0.000000e+00
   vertex -1.071694e+01 -2.107875e+01 2.000000e+00
   vertex -1.111770e+01 -2.106737e+01 2.000000e+00
  endloop
 endfacet
 facet normal 1.317573e-01 -9.912742e-01 -3.946823e-03
  outer loop
   vertex -1.128980e+01 -2.108228e+01 0.000000e+00
   vertex -1.111770e+01 -2.106737e+01 2.000000e+00
   vertex -1.151512e+01 -2.112019e+01 2.000000e+00
  endloop
 endfacet
 facet normal 5.285488e-01 -8.488915e-01 4.405102e-03
  outer loop
   vertex -1.211965e+01 -2.133476e+01 0.000000e+00
   vertex -1.225942e+01 -2.141141e+01 2.000000e+00
   vertex -1.248923e+01 -2.156487e+01 0.000000e+00
  endloop
 endfacet
 facet normal 7.868099e-01 -6.171889e-01 2.837138e-03
  outer loop
   vertex -1.281329e+01 -2.185561e+01 0.000000e+00
   vertex -1.286683e+01 -2.191468e+01 2.000000e+00
   vertex -1.308199e+01 -2.219816e+01 0.000000e+00
  endloop
 endfacet
 facet normal 6.678052e-01 -7.443265e-01 3.779816e-03
  outer loop
   vertex -1.248923e+01 -2.156487e+01 0.000000e+00
   vertex -1.258310e+01 -2.163894e+01 2.000000e+00
   vertex -1.281329e+01 -2.185561e+01 0.000000e+00
  endloop
 endfacet
 facet normal 3.732666e-01 -9.277122e-01 4.689907e-03
  outer loop
   vertex -1.171576e+01 -2.117225e+01 0.000000e+00
   vertex -1.189898e+01 -2.123586e+01 2.000000e+00
   vertex -1.211965e+01 -2.133476e+01 0.000000e+00
  endloop
 endfacet
 facet normal 8.819547e-01 -4.713315e-01 1.577163e-03
  outer loop
   vertex -1.308199e+01 -2.219816e+01 0.000000e+00
   vertex -1.310351e+01 -2.223174e+01 2.000000e+00
   vertex -1.328719e+01 -2.258213e+01 0.000000e+00
  endloop
 endfacet
 facet normal -6.214150e-01 -7.834816e-01 3.709409e-06
  outer loop
   vertex -9.596587e+00 -2.148704e+01 2.000000e+00
   vertex -9.282455e+00 -2.173620e+01 1.000000e+00
   vertex -9.282463e+00 -2.173619e+01 1.333333e+00
  endloop
 endfacet
 facet normal -6.214150e-01 -7.834816e-01 3.709411e-06
  outer loop
   vertex -9.596587e+00 -2.148704e+01 2.000000e+00
   vertex -9.282463e+00 -2.173619e+01 1.333333e+00
   vertex -9.282471e+00 -2.173619e+01 1.666667e+00
  endloop
 endfacet
 facet normal -6.214168e-01 -7.834802e-01 1.004115e-06
  outer loop
   vertex -9.282471e+00 -2.173619e+01 1.666667e+00
   vertex -9.282477e+00 -2.173618e+01 2.000000e+00
   vertex -9.596587e+00 -2.148704e+01 2.000000e+00
  endloop
 endfacet
 facet normal -6.186037e-01 -7.857019e-01 1.440040e-03
  outer loop
   vertex -9.596587e+00 -2.148704e+01 2.000000e+00
   vertex -9.625386e+00 -2.146803e+01 0.000000e+00
   vertex -9.282455e+00 -2.173620e+01 1.000000e+00
  endloop
 endfacet
 facet normal 2.885159e-01 -9.574666e-01 -4.020643e-03
  outer loop
   vertex -1.151512e+01 -2.112019e+01 2.000000e+00
   vertex -1.189898e+01 -2.123586e+01 2.000000e+00
   vertex -1.171576e+01 -2.117225e+01 0.000000e+00
  endloop
 endfacet
 facet normal 9.862575e-01 -1.652094e-01 -1.417773e-03
  outer loop
   vertex -1.342267e+01 -2.299587e+01 0.000000e+00
   vertex -1.341331e+01 -2.295717e+01 2.000000e+00
   vertex -1.347867e+01 -2.334738e+01 2.000000e+00
  endloop
 endfacet
 facet normal 9.999684e-01 -7.544548e-03 -2.519191e-03
  outer loop
   vertex -1.348431e+01 -2.342685e+01 0.000000e+00
   vertex -1.347867e+01 -2.334738e+01 2.000000e+00
   vertex -1.348166e+01 -2.374302e+01 2.000000e+00
  endloop
 endfacet
 facet normal 9.522154e-01 3.054029e-01 -3.854050e-03
  outer loop
   vertex -1.338092e+01 -2.428808e+01 0.000000e+00
   vertex -1.342219e+01 -2.413417e+01 2.000000e+00
   vertex -1.329975e+01 -2.451593e+01 2.000000e+00
  endloop
 endfacet
 facet normal 7.453292e-01 6.666812e-01 4.543904e-03
  outer loop
   vertex -1.298946e+01 -2.506215e+01 0.000000e+00
   vertex -1.288119e+01 -2.519683e+01 2.000000e+00
   vertex -1.269921e+01 -2.538664e+01 0.000000e+00
  endloop
 endfacet
 facet normal 8.496854e-01 5.272687e-01 4.736609e-03
  outer loop
   vertex -1.321902e+01 -2.469222e+01 0.000000e+00
   vertex -1.311786e+01 -2.487321e+01 2.000000e+00
   vertex -1.298946e+01 -2.506215e+01 0.000000e+00
  endloop
 endfacet
 facet normal 9.886339e-01 1.503068e-01 -3.303098e-03
  outer loop
   vertex -1.347025e+01 -2.386199e+01 0.000000e+00
   vertex -1.348166e+01 -2.374302e+01 2.000000e+00
   vertex -1.342219e+01 -2.413417e+01 2.000000e+00
  endloop
 endfacet
 facet normal 4.726607e-01 8.812378e-01 3.442233e-03
  outer loop
   vertex -1.235707e+01 -2.565586e+01 0.000000e+00
   vertex -1.226915e+01 -2.571083e+01 2.000000e+00
   vertex -1.197341e+01 -2.586164e+01 0.000000e+00
  endloop
 endfacet
 facet normal 3.126101e-01 9.498782e-01 2.532967e-03
  outer loop
   vertex -1.197341e+01 -2.586164e+01 0.000000e+00
   vertex -1.190950e+01 -2.588800e+01 2.000000e+00
   vertex -1.155987e+01 -2.599773e+01 0.000000e+00
  endloop
 endfacet
 facet normal 1.430858e-01 9.897103e-01 0.000000e+00
  outer loop
   vertex -1.155987e+01 -2.599773e+01 0.000000e+00
   vertex -1.112899e+01 -2.606003e+01 3.333333e-01
   vertex -1.112899e+01 -2.606003e+01 0.000000e+00
  endloop
 endfacet
 facet normal 1.430858e-01 9.897103e-01 0.000000e+00
  outer loop
   vertex -1.155987e+01 -2.599773e+01 0.000000e+00
   vertex -1.112899e+01 -2.606003e+01 1.000000e+00
   vertex -1.112899e+01 -2.606003e+01 6.666667e-01
  endloop
 endfacet
 facet normal 1.430858e-01 9.897103e-01 0.000000e+00
  outer loop
   vertex -1.155987e+01 -2.599773e+01 0.000000e+00
   vertex -1.112899e+01 -2.606003e+01 6.666667e-01
   vertex -1.112899e+01 -2.606003e+01 3.333333e-01
  endloop
 endfacet
 facet normal 6.183688e-01 7.858773e-01 4.112648e-03
  outer loop
   vertex -1.269921e+01 -2.538664e+01 0.000000e+00
   vertex -1.259584e+01 -2.547844e+01 2.000000e+00
   vertex -1.235707e+01 -2.565586e+01 0.000000e+00
  endloop
 endfacet
 facet normal 1.398047e-01 9.901780e-01 1.442907e-03
  outer loop
   vertex -1.152616e+01 -2.600541e+01 2.000000e+00
   vertex -1.112899e+01 -2.606003e+01 1.000000e+00
   vertex -1.155987e+01 -2.599773e+01 0.000000e+00
  endloop
 endfacet
 facet normal 9.503489e-01 -3.111825e-01 1.575116e-03
  outer loop
   vertex -1.341331e+01 -2.295717e+01 2.000000e+00
   vertex -1.342267e+01 -2.299587e+01 0.000000e+00
   vertex -1.328719e+01 -2.258213e+01 0.000000e+00
  endloop
 endfacet
 facet normal 8.911528e-01 4.536855e-01 -4.019909e-03
  outer loop
   vertex -1.311786e+01 -2.487321e+01 2.000000e+00
   vertex -1.321902e+01 -2.469222e+01 0.000000e+00
   vertex -1.329975e+01 -2.451593e+01 2.000000e+00
  endloop
 endfacet
 facet normal 1.362402e-01 9.906758e-01 0.000000e+00
  outer loop
   vertex -1.112899e+01 -2.606003e+01 1.666667e+00
   vertex -1.112899e+01 -2.606003e+01 1.333333e+00
   vertex -1.152616e+01 -2.600541e+01 2.000000e+00
  endloop
 endfacet
 facet normal 1.362402e-01 9.906758e-01 -0.000000e+00
  outer loop
   vertex -1.112899e+01 -2.606003e+01 1.666667e+00
   vertex -1.152616e+01 -2.600541e+01 2.000000e+00
   vertex -1.112899e+01 -2.606003e+01 2.000000e+00
  endloop
 endfacet
 facet normal 1.362402e-01 9.906758e-01 -0.000000e+00
  outer loop
   vertex -1.112899e+01 -2.606003e+01 1.000000e+00
   vertex -1.152616e+01 -2.600541e+01 2.000000e+00
   vertex -1.112899e+01 -2.606003e+01 1.333333e+00
  endloop
 endfacet
 facet normal -4.648015e-01 -8.854149e-01 1.030145e-06
  outer loop
   vertex -7.324236e+00 -2.082727e+01 2.266667e+00
   vertex -7.813004e+00 -2.057069e+01 2.000000e+00
   vertex -7.324229e+00 -2.082728e+01 2.000000e+00
  endloop
 endfacet
 facet normal -4.648042e-01 -8.854135e-01 7.363028e-06
  outer loop
   vertex -7.324243e+00 -2.082727e+01 2.533333e+00
   vertex -7.813004e+00 -2.057069e+01 2.000000e+00
   vertex -7.324236e+00 -2.082727e+01 2.266667e+00
  endloop
 endfacet
 facet normal -4.647995e-01 -8.854160e-01 1.861337e-06
  outer loop
   vertex -7.813004e+00 -2.057069e+01 2.000000e+00
   vertex -7.324243e+00 -2.082727e+01 2.533333e+00
   vertex -7.324249e+00 -2.082726e+01 2.800000e+00
  endloop
 endfacet
 facet normal -4.647958e-01 -8.854179e-01 1.030331e-06
  outer loop
   vertex -7.324249e+00 -2.082726e+01 2.800000e+00
   vertex -7.324255e+00 -2.082726e+01 3.066667e+00
   vertex -7.813004e+00 -2.057069e+01 3.600000e+00
  endloop
 endfacet
 facet normal -4.647971e-01 -8.854172e-01 0.000000e+00
  outer loop
   vertex -7.813004e+00 -2.057069e+01 2.000000e+00
   vertex -7.324249e+00 -2.082726e+01 2.800000e+00
   vertex -7.813004e+00 -2.057069e+01 3.600000e+00
  endloop
 endfacet
 facet normal -2.306711e-01 -9.730318e-01 -0.000000e+00
  outer loop
   vertex -8.670716e+00 -2.030366e+01 2.650000e+00
   vertex -8.670716e+00 -2.030366e+01 2.000000e+00
   vertex -8.332451e+00 -2.038385e+01 2.000000e+00
  endloop
 endfacet
 facet normal -3.384710e-01 -9.409768e-01 0.000000e+00
  outer loop
   vertex -8.332451e+00 -2.038385e+01 2.000000e+00
   vertex -7.813004e+00 -2.057069e+01 2.000000e+00
   vertex -7.813004e+00 -2.057069e+01 3.600000e+00
  endloop
 endfacet
 facet normal 5.171041e-01 -8.553786e-01 3.050724e-02
  outer loop
   vertex -1.164567e+01 -2.090633e+01 3.600000e+00
   vertex -1.176441e+01 -2.098881e+01 3.300000e+00
   vertex -1.120741e+01 -2.065208e+01 3.300000e+00
  endloop
 endfacet
 facet normal 3.713595e-01 -9.274824e-01 4.322525e-02
  outer loop
   vertex -1.095412e+01 -2.053669e+01 3.600000e+00
   vertex -1.120741e+01 -2.065208e+01 3.300000e+00
   vertex -1.060317e+01 -2.041015e+01 3.300000e+00
  endloop
 endfacet
 facet normal -2.306711e-01 -9.730318e-01 0.000000e+00
  outer loop
   vertex -8.332451e+00 -2.038385e+01 2.000000e+00
   vertex -8.332451e+00 -2.038385e+01 3.600000e+00
   vertex -8.670716e+00 -2.030366e+01 2.650000e+00
  endloop
 endfacet
 facet normal -4.647958e-01 -8.854179e-01 1.030331e-06
  outer loop
   vertex -7.813004e+00 -2.057069e+01 3.600000e+00
   vertex -7.324262e+00 -2.082726e+01 3.333333e+00
   vertex -7.324269e+00 -2.082725e+01 3.600000e+00
  endloop
 endfacet
 facet normal -2.306711e-01 -9.730318e-01 0.000000e+00
  outer loop
   vertex -8.332451e+00 -2.038385e+01 3.600000e+00
   vertex -8.670716e+00 -2.030366e+01 3.300000e+00
   vertex -8.670716e+00 -2.030366e+01 2.650000e+00
  endloop
 endfacet
 facet normal -4.647958e-01 -8.854179e-01 1.030331e-06
  outer loop
   vertex -7.813004e+00 -2.057069e+01 3.600000e+00
   vertex -7.324255e+00 -2.082726e+01 3.066667e+00
   vertex -7.324262e+00 -2.082726e+01 3.333333e+00
  endloop
 endfacet
 facet normal -2.056088e-01 -9.781854e-01 -2.963666e-02
  outer loop
   vertex -8.670716e+00 -2.030366e+01 3.300000e+00
   vertex -8.332451e+00 -2.038385e+01 3.600000e+00
   vertex -8.872676e+00 -2.027030e+01 3.600000e+00
  endloop
 endfacet
 facet normal 5.500630e-02 -9.981976e-01 2.399816e-02
  outer loop
   vertex -9.423389e+00 -2.023220e+01 3.600000e+00
   vertex -9.967693e+00 -2.026941e+01 3.300000e+00
   vertex -9.317807e+00 -2.023360e+01 3.300000e+00
  endloop
 endfacet
 facet normal 9.787193e-02 -9.937149e-01 -5.433091e-02
  outer loop
   vertex -1.020375e+01 -2.030906e+01 3.600000e+00
   vertex -9.967693e+00 -2.026941e+01 3.300000e+00
   vertex -9.423389e+00 -2.023220e+01 3.600000e+00
  endloop
 endfacet
 facet normal -6.898965e-02 -9.974239e-01 -1.964467e-02
  outer loop
   vertex -8.872676e+00 -2.027030e+01 3.600000e+00
   vertex -9.423389e+00 -2.023220e+01 3.600000e+00
   vertex -9.317807e+00 -2.023360e+01 3.300000e+00
  endloop
 endfacet
 facet normal 2.160440e-01 -9.755199e-01 4.105859e-02
  outer loop
   vertex -1.060317e+01 -2.041015e+01 3.300000e+00
   vertex -9.967693e+00 -2.026941e+01 3.300000e+00
   vertex -1.020375e+01 -2.030906e+01 3.600000e+00
  endloop
 endfacet
 facet normal 2.896913e-01 -9.549837e-01 -6.391428e-02
  outer loop
   vertex -1.095412e+01 -2.053669e+01 3.600000e+00
   vertex -1.060317e+01 -2.041015e+01 3.300000e+00
   vertex -1.020375e+01 -2.030906e+01 3.600000e+00
  endloop
 endfacet
 facet normal 4.705856e-01 -8.804024e-01 -5.865816e-02
  outer loop
   vertex -1.095412e+01 -2.053669e+01 3.600000e+00
   vertex -1.164567e+01 -2.090633e+01 3.600000e+00
   vertex -1.120741e+01 -2.065208e+01 3.300000e+00
  endloop
 endfacet
 facet normal -1.075603e-01 -9.934694e-01 3.806910e-02
  outer loop
   vertex -8.670716e+00 -2.030366e+01 3.300000e+00
   vertex -8.872676e+00 -2.027030e+01 3.600000e+00
   vertex -9.317807e+00 -2.023360e+01 3.300000e+00
  endloop
 endfacet
 facet normal 6.339227e-01 -7.724359e-01 -3.853169e-02
  outer loop
   vertex -1.164567e+01 -2.090633e+01 3.600000e+00
   vertex -1.225182e+01 -2.140378e+01 3.600000e+00
   vertex -1.176441e+01 -2.098881e+01 3.300000e+00
  endloop
 endfacet
 facet normal 7.603864e-01 -6.494650e-01 -2.771829e-03
  outer loop
   vertex -1.225942e+01 -2.141141e+01 3.300000e+00
   vertex -1.225182e+01 -2.140378e+01 3.600000e+00
   vertex -1.265299e+01 -2.187218e+01 3.300000e+00
  endloop
 endfacet
 facet normal 8.493704e-01 -5.269050e-01 3.067539e-02
  outer loop
   vertex -1.265299e+01 -2.187218e+01 3.300000e+00
   vertex -1.274927e+01 -2.200992e+01 3.600000e+00
   vertex -1.297243e+01 -2.238712e+01 3.300000e+00
  endloop
 endfacet
 facet normal 9.947055e-01 -1.001351e-01 -2.310652e-02
  outer loop
   vertex -1.334653e+01 -2.345184e+01 3.600000e+00
   vertex -1.342219e+01 -2.413417e+01 3.300000e+00
   vertex -1.336149e+01 -2.353125e+01 3.300000e+00
  endloop
 endfacet
 facet normal 9.190041e-01 -3.924619e-01 3.748595e-02
  outer loop
   vertex -1.311891e+01 -2.270147e+01 3.600000e+00
   vertex -1.321042e+01 -2.294441e+01 3.300000e+00
   vertex -1.297243e+01 -2.238712e+01 3.300000e+00
  endloop
 endfacet
 facet normal 9.682719e-01 -2.492724e-01 1.768495e-02
  outer loop
   vertex -1.334653e+01 -2.345184e+01 3.600000e+00
   vertex -1.336149e+01 -2.353125e+01 3.300000e+00
   vertex -1.321042e+01 -2.294441e+01 3.300000e+00
  endloop
 endfacet
 facet normal 9.771497e-01 2.090029e-01 3.868215e-02
  outer loop
   vertex -1.325737e+01 -2.537265e+01 3.300000e+00
   vertex -1.338843e+01 -2.475989e+01 3.300000e+00
   vertex -1.331888e+01 -2.514060e+01 3.600000e+00
  endloop
 endfacet
 facet normal 9.983149e-01 5.386040e-02 2.159849e-02
  outer loop
   vertex -1.342339e+01 -2.423220e+01 3.600000e+00
   vertex -1.338843e+01 -2.475989e+01 3.300000e+00
   vertex -1.342219e+01 -2.413417e+01 3.300000e+00
  endloop
 endfacet
 facet normal 8.646250e-01 5.000568e-01 4.865043e-02
  outer loop
   vertex -1.278613e+01 -2.639829e+01 3.458116e+00
   vertex -1.271849e+01 -2.649987e+01 3.300000e+00
   vertex -1.303221e+01 -2.595743e+01 3.300000e+00
  endloop
 endfacet
 facet normal 7.726492e-01 6.263022e-01 1.037249e-01
  outer loop
   vertex -1.232391e+01 -2.698666e+01 3.300000e+00
   vertex -1.271849e+01 -2.649987e+01 3.300000e+00
   vertex -1.258770e+01 -2.667906e+01 3.407731e+00
  endloop
 endfacet
 facet normal 6.150041e-01 6.833405e-01 3.934662e-01
  outer loop
   vertex -1.185814e+01 -2.740585e+01 3.300000e+00
   vertex -1.232391e+01 -2.698666e+01 3.300000e+00
   vertex -1.212246e+01 -2.718432e+01 3.328427e+00
  endloop
 endfacet
 facet normal 9.324419e-01 3.590147e-01 4.074976e-02
  outer loop
   vertex -1.325737e+01 -2.537265e+01 3.300000e+00
   vertex -1.314871e+01 -2.568892e+01 3.600000e+00
   vertex -1.303221e+01 -2.595743e+01 3.300000e+00
  endloop
 endfacet
 facet normal 7.722902e-01 -6.338031e-01 -4.314362e-02
  outer loop
   vertex -1.274927e+01 -2.200992e+01 3.600000e+00
   vertex -1.265299e+01 -2.187218e+01 3.300000e+00
   vertex -1.225182e+01 -2.140378e+01 3.600000e+00
  endloop
 endfacet
 facet normal 8.801582e-01 -4.704539e-01 -6.320390e-02
  outer loop
   vertex -1.311891e+01 -2.270147e+01 3.600000e+00
   vertex -1.297243e+01 -2.238712e+01 3.300000e+00
   vertex -1.274927e+01 -2.200992e+01 3.600000e+00
  endloop
 endfacet
 facet normal 9.947936e-01 -9.797939e-02 -2.803185e-02
  outer loop
   vertex -1.342339e+01 -2.423220e+01 3.600000e+00
   vertex -1.342219e+01 -2.413417e+01 3.300000e+00
   vertex -1.334653e+01 -2.345184e+01 3.600000e+00
  endloop
 endfacet
 facet normal 9.898536e-01 1.138861e-01 -8.496983e-02
  outer loop
   vertex -1.331888e+01 -2.514060e+01 3.600000e+00
   vertex -1.338843e+01 -2.475989e+01 3.300000e+00
   vertex -1.342339e+01 -2.423220e+01 3.600000e+00
  endloop
 endfacet
 facet normal 9.553989e-01 -2.898173e-01 -5.673553e-02
  outer loop
   vertex -1.311891e+01 -2.270147e+01 3.600000e+00
   vertex -1.334653e+01 -2.345184e+01 3.600000e+00
   vertex -1.321042e+01 -2.294441e+01 3.300000e+00
  endloop
 endfacet
 facet normal 8.143498e-01 5.798725e-01 -2.413115e-02
  outer loop
   vertex -1.278613e+01 -2.639829e+01 3.458116e+00
   vertex -1.258770e+01 -2.667906e+01 3.407731e+00
   vertex -1.271849e+01 -2.649987e+01 3.300000e+00
  endloop
 endfacet
 facet normal 7.673758e-01 6.388309e-01 5.504036e-02
  outer loop
   vertex -1.258770e+01 -2.667906e+01 3.407731e+00
   vertex -1.236606e+01 -2.694157e+01 3.364420e+00
   vertex -1.232391e+01 -2.698666e+01 3.300000e+00
  endloop
 endfacet
 facet normal 9.545293e-01 2.962366e-01 -3.343209e-02
  outer loop
   vertex -1.325737e+01 -2.537265e+01 3.300000e+00
   vertex -1.331888e+01 -2.514060e+01 3.600000e+00
   vertex -1.314871e+01 -2.568892e+01 3.600000e+00
  endloop
 endfacet
 facet normal 9.107191e-01 4.127256e-01 -1.575911e-02
  outer loop
   vertex -1.298545e+01 -2.605202e+01 3.525029e+00
   vertex -1.303221e+01 -2.595743e+01 3.300000e+00
   vertex -1.314871e+01 -2.568892e+01 3.600000e+00
  endloop
 endfacet
 facet normal 8.686374e-01 4.946881e-01 2.743685e-02
  outer loop
   vertex -1.298545e+01 -2.605202e+01 3.525029e+00
   vertex -1.278613e+01 -2.639829e+01 3.458116e+00
   vertex -1.303221e+01 -2.595743e+01 3.300000e+00
  endloop
 endfacet
 facet normal 7.025872e-01 7.106039e-01 -3.759473e-02
  outer loop
   vertex -1.212246e+01 -2.718432e+01 3.328427e+00
   vertex -1.232391e+01 -2.698666e+01 3.300000e+00
   vertex -1.236606e+01 -2.694157e+01 3.364420e+00
  endloop
 endfacet
 facet normal 6.492805e-01 -7.605436e-01 2.870139e-03
  outer loop
   vertex -1.176441e+01 -2.098881e+01 3.300000e+00
   vertex -1.225182e+01 -2.140378e+01 3.600000e+00
   vertex -1.225942e+01 -2.141141e+01 3.300000e+00
  endloop
 endfacet
 facet normal 4.192706e-01 9.078613e-01 0.000000e+00
  outer loop
   vertex -1.087314e+01 -2.796024e+01 2.651028e+00
   vertex -1.087314e+01 -2.796024e+01 2.325514e+00
   vertex -1.132140e+01 -2.775322e+01 2.325514e+00
  endloop
 endfacet
 facet normal 4.192706e-01 9.078613e-01 0.000000e+00
  outer loop
   vertex -1.087314e+01 -2.796024e+01 2.976542e+00
   vertex -1.087314e+01 -2.796024e+01 2.651028e+00
   vertex -1.132140e+01 -2.775322e+01 2.651028e+00
  endloop
 endfacet
 facet normal 3.042244e-01 9.526004e-01 0.000000e+00
  outer loop
   vertex -1.040279e+01 -2.811045e+01 2.651028e+00
   vertex -1.040279e+01 -2.811045e+01 2.325514e+00
   vertex -1.087314e+01 -2.796024e+01 2.325514e+00
  endloop
 endfacet
 facet normal 3.042244e-01 9.526004e-01 0.000000e+00
  outer loop
   vertex -1.040279e+01 -2.811045e+01 2.976542e+00
   vertex -1.040279e+01 -2.811045e+01 2.651028e+00
   vertex -1.087314e+01 -2.796024e+01 2.651028e+00
  endloop
 endfacet
 facet normal 5.279270e-01 8.492897e-01 0.000000e+00
  outer loop
   vertex -1.174075e+01 -2.749255e+01 2.322585e+00
   vertex -1.132140e+01 -2.775322e+01 2.325514e+00
   vertex -1.132140e+01 -2.775322e+01 2.000000e+00
  endloop
 endfacet
 facet normal 5.279270e-01 8.492897e-01 0.000000e+00
  outer loop
   vertex -1.174075e+01 -2.749255e+01 2.645169e+00
   vertex -1.132140e+01 -2.775322e+01 2.651028e+00
   vertex -1.132140e+01 -2.775322e+01 2.325514e+00
  endloop
 endfacet
 facet normal 4.192706e-01 9.078613e-01 0.000000e+00
  outer loop
   vertex -1.132140e+01 -2.775322e+01 2.325514e+00
   vertex -1.087314e+01 -2.796024e+01 2.325514e+00
   vertex -1.087314e+01 -2.796024e+01 2.000000e+00
  endloop
 endfacet
 facet normal 5.279270e-01 8.492897e-01 0.000000e+00
  outer loop
   vertex -1.174075e+01 -2.749255e+01 2.967754e+00
   vertex -1.132140e+01 -2.775322e+01 2.976542e+00
   vertex -1.132140e+01 -2.775322e+01 2.651028e+00
  endloop
 endfacet
 facet normal 5.485540e-01 8.361152e-01 0.000000e+00
  outer loop
   vertex -1.174075e+01 -2.749255e+01 3.290338e+00
   vertex -1.149140e+01 -2.765614e+01 3.275037e+00
   vertex -1.174075e+01 -2.749255e+01 2.967754e+00
  endloop
 endfacet
 facet normal 5.274076e-01 8.492688e-01 2.416165e-02
  outer loop
   vertex -1.132140e+01 -2.775322e+01 2.976542e+00
   vertex -1.174075e+01 -2.749255e+01 2.967754e+00
   vertex -1.149140e+01 -2.765614e+01 3.275037e+00
  endloop
 endfacet
 facet normal 4.004210e-01 9.163045e-01 6.999169e-03
  outer loop
   vertex -1.092836e+01 -2.793829e+01 3.262621e+00
   vertex -1.087314e+01 -2.796024e+01 2.976542e+00
   vertex -1.112049e+01 -2.785434e+01 3.263729e+00
  endloop
 endfacet
 facet normal 4.191251e-01 9.075464e-01 2.633829e-02
  outer loop
   vertex -1.112049e+01 -2.785434e+01 3.263729e+00
   vertex -1.087314e+01 -2.796024e+01 2.976542e+00
   vertex -1.132140e+01 -2.775322e+01 2.976542e+00
  endloop
 endfacet
 facet normal 4.479320e-01 8.940665e-01 1.439116e-03
  outer loop
   vertex -1.132140e+01 -2.775322e+01 2.976542e+00
   vertex -1.130831e+01 -2.776025e+01 3.267864e+00
   vertex -1.112049e+01 -2.785434e+01 3.263729e+00
  endloop
 endfacet
 facet normal 4.942546e-01 8.693163e-01 -1.239913e-03
  outer loop
   vertex -1.149140e+01 -2.765614e+01 3.275037e+00
   vertex -1.130831e+01 -2.776025e+01 3.267864e+00
   vertex -1.132140e+01 -2.775322e+01 2.976542e+00
  endloop
 endfacet
 facet normal 3.042244e-01 9.526004e-01 0.000000e+00
  outer loop
   vertex -1.040279e+01 -2.811045e+01 2.000000e+00
   vertex -1.087314e+01 -2.796024e+01 2.000000e+00
   vertex -1.087314e+01 -2.796024e+01 2.325514e+00
  endloop
 endfacet
 facet normal 1.845432e-01 9.828244e-01 0.000000e+00
  outer loop
   vertex -1.040279e+01 -2.811045e+01 2.325514e+00
   vertex -9.917520e+00 -2.820157e+01 2.325514e+00
   vertex -1.040279e+01 -2.811045e+01 2.000000e+00
  endloop
 endfacet
 facet normal 1.845430e-01 9.828244e-01 0.000000e+00
  outer loop
   vertex -1.040279e+01 -2.811045e+01 2.651028e+00
   vertex -9.917529e+00 -2.820156e+01 2.651028e+00
   vertex -1.040279e+01 -2.811045e+01 2.325514e+00
  endloop
 endfacet
 facet normal 1.845461e-01 9.828238e-01 0.000000e+00
  outer loop
   vertex -1.040279e+01 -2.811045e+01 2.976542e+00
   vertex -9.917538e+00 -2.820156e+01 2.976542e+00
   vertex -1.040279e+01 -2.811045e+01 2.651028e+00
  endloop
 endfacet
 facet normal 3.041481e-01 9.523616e-01 2.239020e-02
  outer loop
   vertex -1.073234e+01 -2.801197e+01 3.264527e+00
   vertex -1.040279e+01 -2.811045e+01 2.976542e+00
   vertex -1.087314e+01 -2.796024e+01 2.976542e+00
  endloop
 endfacet
 facet normal 3.019060e-01 9.531370e-01 1.955931e-02
  outer loop
   vertex -1.040279e+01 -2.811045e+01 2.976542e+00
   vertex -1.073234e+01 -2.801197e+01 3.264527e+00
   vertex -1.053283e+01 -2.807527e+01 3.269435e+00
  endloop
 endfacet
 facet normal 2.522776e-01 9.676457e-01 -4.217218e-03
  outer loop
   vertex -1.053283e+01 -2.807527e+01 3.269435e+00
   vertex -1.033025e+01 -2.812805e+01 3.277334e+00
   vertex -1.040279e+01 -2.811045e+01 2.976542e+00
  endloop
 endfacet
 facet normal 3.518849e-01 9.360352e-01 -3.883157e-03
  outer loop
   vertex -1.092836e+01 -2.793829e+01 3.262621e+00
   vertex -1.073234e+01 -2.801197e+01 3.264527e+00
   vertex -1.087314e+01 -2.796024e+01 2.976542e+00
  endloop
 endfacet
 facet normal 2.006672e-01 9.796188e-01 8.929812e-03
  outer loop
   vertex -1.033025e+01 -2.812805e+01 3.277334e+00
   vertex -1.012502e+01 -2.817019e+01 3.288211e+00
   vertex -1.040279e+01 -2.811045e+01 2.976542e+00
  endloop
 endfacet
 facet normal 1.844934e-01 9.825430e-01 2.390493e-02
  outer loop
   vertex -9.917538e+00 -2.820156e+01 2.976542e+00
   vertex -1.040279e+01 -2.811045e+01 2.976542e+00
   vertex -1.012502e+01 -2.817019e+01 3.288211e+00
  endloop
 endfacet
 facet normal 1.495219e-01 9.887584e-01 -1.413012e-06
  outer loop
   vertex -9.917538e+00 -2.820156e+01 2.976542e+00
   vertex -1.012502e+01 -2.817019e+01 3.288211e+00
   vertex -9.917547e+00 -2.820156e+01 3.302056e+00
  endloop
 endfacet
 facet normal 7.629044e-01 -6.321608e-02 -6.434133e-01
  outer loop
   vertex -7.000000e+00 -1.714506e-15 2.200000e+00
   vertex -6.904529e+00 1.152162e+00 2.200000e+00
   vertex -2.712494e+00 4.526351e-01 7.239286e+00
  endloop
 endfacet
 facet normal 7.010419e-01 -3.075055e-01 -6.434133e-01
  outer loop
   vertex -2.600997e+00 8.929235e-01 7.239286e+00
   vertex -6.156316e+00 3.331632e+00 2.200000e+00
   vertex -2.418553e+00 1.308855e+00 7.239286e+00
  endloop
 endfacet
 facet normal 7.420943e-01 -1.879237e-01 -6.434133e-01
  outer loop
   vertex -6.904529e+00 1.152162e+00 2.200000e+00
   vertex -6.620721e+00 2.272896e+00 2.200000e+00
   vertex -2.600997e+00 8.929235e-01 7.239286e+00
  endloop
 endfacet
 facet normal 5.632105e-01 -5.184720e-01 -6.434133e-01
  outer loop
   vertex -2.170136e+00 1.689085e+00 7.239286e+00
   vertex -4.740971e+00 5.150067e+00 2.200000e+00
   vertex -1.862524e+00 2.023241e+00 7.239286e+00
  endloop
 endfacet
 facet normal 3.643469e-01 -6.732538e-01 -6.434133e-01
  outer loop
   vertex -3.828637e+00 5.860165e+00 2.200000e+00
   vertex -2.811868e+00 6.410413e+00 2.200000e+00
   vertex -1.104662e+00 2.518377e+00 7.239286e+00
  endloop
 endfacet
 facet normal 2.485636e-01 -7.240410e-01 -6.434133e-01
  outer loop
   vertex -2.811868e+00 6.410413e+00 2.200000e+00
   vertex -1.718398e+00 6.785802e+00 2.200000e+00
   vertex -6.750851e-01 2.665851e+00 7.239286e+00
  endloop
 endfacet
 facet normal 4.701914e-01 -6.041021e-01 -6.434133e-01
  outer loop
   vertex -1.862524e+00 2.023241e+00 7.239286e+00
   vertex -3.828637e+00 5.860165e+00 2.200000e+00
   vertex -1.504107e+00 2.302208e+00 7.239286e+00
  endloop
 endfacet
 facet normal 6.408668e-01 -4.186992e-01 -6.434133e-01
  outer loop
   vertex -6.156316e+00 3.331632e+00 2.200000e+00
   vertex -5.523983e+00 4.299489e+00 2.200000e+00
   vertex -2.170136e+00 1.689085e+00 7.239286e+00
  endloop
 endfacet
 facet normal 0.000000e+00 -7.655190e-01 -6.434133e-01
  outer loop
   vertex -2.270932e-01 2.740607e+00 7.239286e+00
   vertex 5.780554e-01 6.976091e+00 2.200000e+00
   vertex 2.270932e-01 2.740607e+00 7.239286e+00
  endloop
 endfacet
 facet normal -2.485636e-01 -7.240410e-01 -6.434133e-01
  outer loop
   vertex 6.750851e-01 2.665851e+00 7.239286e+00
   vertex 1.718398e+00 6.785802e+00 2.200000e+00
   vertex 2.811868e+00 6.410413e+00 2.200000e+00
  endloop
 endfacet
 facet normal -3.643469e-01 -6.732538e-01 -6.434133e-01
  outer loop
   vertex 1.104662e+00 2.518377e+00 7.239286e+00
   vertex 2.811868e+00 6.410413e+00 2.200000e+00
   vertex 3.828637e+00 5.860165e+00 2.200000e+00
  endloop
 endfacet
 facet normal -1.260002e-01 -7.550783e-01 -6.434133e-01
  outer loop
   vertex 5.780554e-01 6.976091e+00 2.200000e+00
   vertex 1.718398e+00 6.785802e+00 2.200000e+00
   vertex 6.750851e-01 2.665851e+00 7.239286e+00
  endloop
 endfacet
 facet normal -5.632107e-01 -5.184719e-01 -6.434133e-01
  outer loop
   vertex 2.170136e+00 1.689085e+00 7.239286e+00
   vertex 4.740971e+00 5.150067e+00 2.200000e+00
   vertex 5.523983e+00 4.299489e+00 2.200000e+00
  endloop
 endfacet
 facet normal -7.010418e-01 -3.075056e-01 -6.434133e-01
  outer loop
   vertex 2.600997e+00 8.929235e-01 7.239286e+00
   vertex 6.156316e+00 3.331632e+00 2.200000e+00
   vertex 6.620721e+00 2.272896e+00 2.200000e+00
  endloop
 endfacet
 facet normal -7.420943e-01 -1.879237e-01 -6.434133e-01
  outer loop
   vertex 2.600997e+00 8.929235e-01 7.239286e+00
   vertex 6.620721e+00 2.272896e+00 2.200000e+00
   vertex 6.904529e+00 1.152162e+00 2.200000e+00
  endloop
 endfacet
 facet normal -6.408668e-01 -4.186992e-01 -6.434133e-01
  outer loop
   vertex 2.170136e+00 1.689085e+00 7.239286e+00
   vertex 5.523983e+00 4.299489e+00 2.200000e+00
   vertex 6.156316e+00 3.331632e+00 2.200000e+00
  endloop
 endfacet
 facet normal -4.701914e-01 -6.041021e-01 -6.434133e-01
  outer loop
   vertex 1.862524e+00 2.023241e+00 7.239286e+00
   vertex 3.828637e+00 5.860165e+00 2.200000e+00
   vertex 4.740971e+00 5.150067e+00 2.200000e+00
  endloop
 endfacet
 facet normal 1.260003e-01 -7.550783e-01 -6.434133e-01
  outer loop
   vertex -6.750851e-01 2.665851e+00 7.239286e+00
   vertex -5.780554e-01 6.976091e+00 2.200000e+00
   vertex -2.270932e-01 2.740607e+00 7.239286e+00
  endloop
 endfacet
 facet normal -7.629044e-01 -6.321608e-02 -6.434133e-01
  outer loop
   vertex 2.712494e+00 4.526351e-01 7.239286e+00
   vertex 6.904529e+00 1.152162e+00 2.200000e+00
   vertex 7.000000e+00 0.000000e+00 2.200000e+00
  endloop
 endfacet
 facet normal -7.420943e-01 1.879237e-01 -6.434133e-01
  outer loop
   vertex 6.904529e+00 -1.152162e+00 2.200000e+00
   vertex 6.620721e+00 -2.272896e+00 2.200000e+00
   vertex 2.600997e+00 -8.929235e-01 7.239286e+00
  endloop
 endfacet
 facet normal -6.408668e-01 4.186992e-01 -6.434133e-01
  outer loop
   vertex 6.156316e+00 -3.331632e+00 2.200000e+00
   vertex 5.523983e+00 -4.299489e+00 2.200000e+00
   vertex 2.170136e+00 -1.689085e+00 7.239286e+00
  endloop
 endfacet
 facet normal -7.010419e-01 3.075055e-01 -6.434133e-01
  outer loop
   vertex 2.600997e+00 -8.929235e-01 7.239286e+00
   vertex 6.156316e+00 -3.331632e+00 2.200000e+00
   vertex 2.418553e+00 -1.308855e+00 7.239286e+00
  endloop
 endfacet
 facet normal -4.701914e-01 6.041021e-01 -6.434133e-01
  outer loop
   vertex 1.862524e+00 -2.023241e+00 7.239286e+00
   vertex 4.740971e+00 -5.150067e+00 2.200000e+00
   vertex 3.828637e+00 -5.860165e+00 2.200000e+00
  endloop
 endfacet
 facet normal -2.485636e-01 7.240410e-01 -6.434133e-01
  outer loop
   vertex 2.811868e+00 -6.410413e+00 2.200000e+00
   vertex 1.718398e+00 -6.785802e+00 2.200000e+00
   vertex 6.750851e-01 -2.665851e+00 7.239286e+00
  endloop
 endfacet
 facet normal -1.260003e-01 7.550783e-01 -6.434133e-01
  outer loop
   vertex 6.750851e-01 -2.665851e+00 7.239286e+00
   vertex 5.780554e-01 -6.976091e+00 2.200000e+00
   vertex 2.270932e-01 -2.740607e+00 7.239286e+00
  endloop
 endfacet
 facet normal -3.643469e-01 6.732538e-01 -6.434133e-01
  outer loop
   vertex 1.104662e+00 -2.518377e+00 7.239286e+00
   vertex 3.828637e+00 -5.860165e+00 2.200000e+00
   vertex 2.811868e+00 -6.410413e+00 2.200000e+00
  endloop
 endfacet
 facet normal -5.632105e-01 5.184720e-01 -6.434133e-01
  outer loop
   vertex 2.170136e+00 -1.689085e+00 7.239286e+00
   vertex 4.740971e+00 -5.150067e+00 2.200000e+00
   vertex 1.862524e+00 -2.023241e+00 7.239286e+00
  endloop
 endfacet
 facet normal 1.260002e-01 7.550783e-01 -6.434133e-01
  outer loop
   vertex -6.750851e-01 -2.665851e+00 7.239286e+00
   vertex -5.780554e-01 -6.976091e+00 2.200000e+00
   vertex -1.718398e+00 -6.785802e+00 2.200000e+00
  endloop
 endfacet
 facet normal 3.643468e-01 6.732539e-01 -6.434133e-01
  outer loop
   vertex -1.104662e+00 -2.518377e+00 7.239286e+00
   vertex -3.828637e+00 -5.860165e+00 2.200000e+00
   vertex -1.504107e+00 -2.302208e+00 7.239286e+00
  endloop
 endfacet
 facet normal 4.701914e-01 6.041021e-01 -6.434133e-01
  outer loop
   vertex -1.862524e+00 -2.023241e+00 7.239286e+00
   vertex -3.828637e+00 -5.860165e+00 2.200000e+00
   vertex -4.740971e+00 -5.150067e+00 2.200000e+00
  endloop
 endfacet
 facet normal 2.485636e-01 7.240411e-01 -6.434133e-01
  outer loop
   vertex -6.750851e-01 -2.665851e+00 7.239286e+00
   vertex -2.811868e+00 -6.410413e+00 2.200000e+00
   vertex -1.104662e+00 -2.518377e+00 7.239286e+00
  endloop
 endfacet
 facet normal 6.408668e-01 4.186992e-01 -6.434133e-01
  outer loop
   vertex -2.170136e+00 -1.689085e+00 7.239286e+00
   vertex -5.523983e+00 -4.299489e+00 2.200000e+00
   vertex -6.156316e+00 -3.331632e+00 2.200000e+00
  endloop
 endfacet
 facet normal 7.420943e-01 1.879239e-01 -6.434133e-01
  outer loop
   vertex -2.600997e+00 -8.929235e-01 7.239286e+00
   vertex -6.904529e+00 -1.152162e+00 2.200000e+00
   vertex -2.712494e+00 -4.526351e-01 7.239286e+00
  endloop
 endfacet
 facet normal 7.629044e-01 6.321608e-02 -6.434133e-01
  outer loop
   vertex -2.712494e+00 -4.526351e-01 7.239286e+00
   vertex -6.904529e+00 -1.152162e+00 2.200000e+00
   vertex -7.000000e+00 -1.714506e-15 2.200000e+00
  endloop
 endfacet
 facet normal 7.010418e-01 3.075056e-01 -6.434133e-01
  outer loop
   vertex -6.156316e+00 -3.331632e+00 2.200000e+00
   vertex -6.620721e+00 -2.272896e+00 2.200000e+00
   vertex -2.600997e+00 -8.929235e-01 7.239286e+00
  endloop
 endfacet
 facet normal 5.632107e-01 5.184719e-01 -6.434133e-01
  outer loop
   vertex -2.170136e+00 -1.689085e+00 7.239286e+00
   vertex -4.740971e+00 -5.150067e+00 2.200000e+00
   vertex -5.523983e+00 -4.299489e+00 2.200000e+00
  endloop
 endfacet
 facet normal 0.000000e+00 7.655190e-01 -6.434133e-01
  outer loop
   vertex 2.270932e-01 -2.740607e+00 7.239286e+00
   vertex -5.780554e-01 -6.976091e+00 2.200000e+00
   vertex -2.270932e-01 -2.740607e+00 7.239286e+00
  endloop
 endfacet
 facet normal -7.629044e-01 6.321608e-02 -6.434133e-01
  outer loop
   vertex 2.712494e+00 -4.526351e-01 7.239286e+00
   vertex 7.000000e+00 0.000000e+00 2.200000e+00
   vertex 6.904529e+00 -1.152162e+00 2.200000e+00
  endloop
 endfacet
 facet normal -9.965845e-01 -8.257937e-02 0.000000e+00
  outer loop
   vertex 7.000000e+00 0.000000e+00 2.200000e+00
   vertex 6.904529e+00 1.152162e+00 2.200000e+00
   vertex 6.904529e+00 1.152162e+00 0.000000e+00
  endloop
 endfacet
 facet normal -9.157733e-01 -4.016956e-01 0.000000e+00
  outer loop
   vertex 6.620721e+00 2.272896e+00 0.000000e+00
   vertex 6.156316e+00 3.331632e+00 2.200000e+00
   vertex 6.156316e+00 3.331632e+00 0.000000e+00
  endloop
 endfacet
 facet normal -9.694003e-01 -2.454853e-01 0.000000e+00
  outer loop
   vertex 6.904529e+00 1.152162e+00 0.000000e+00
   vertex 6.620721e+00 2.272896e+00 2.200000e+00
   vertex 6.620721e+00 2.272896e+00 0.000000e+00
  endloop
 endfacet
 facet normal -7.357240e-01 -6.772815e-01 0.000000e+00
  outer loop
   vertex 5.523983e+00 4.299489e+00 0.000000e+00
   vertex 4.740971e+00 5.150067e+00 2.200000e+00
   vertex 4.740971e+00 5.150067e+00 0.000000e+00
  endloop
 endfacet
 facet normal -4.759475e-01 -8.794737e-01 0.000000e+00
  outer loop
   vertex 3.828637e+00 5.860165e+00 0.000000e+00
   vertex 2.811868e+00 6.410413e+00 2.200000e+00
   vertex 2.811868e+00 6.410413e+00 0.000000e+00
  endloop
 endfacet
 facet normal -3.246995e-01 -9.458172e-01 0.000000e+00
  outer loop
   vertex 2.811868e+00 6.410413e+00 0.000000e+00
   vertex 1.718398e+00 6.785802e+00 2.200000e+00
   vertex 1.718398e+00 6.785802e+00 0.000000e+00
  endloop
 endfacet
 facet normal -6.142126e-01 -7.891406e-01 0.000000e+00
  outer loop
   vertex 4.740971e+00 5.150067e+00 0.000000e+00
   vertex 3.828637e+00 5.860165e+00 2.200000e+00
   vertex 3.828637e+00 5.860165e+00 0.000000e+00
  endloop
 endfacet
 facet normal -8.371665e-01 -5.469482e-01 0.000000e+00
  outer loop
   vertex 6.156316e+00 3.331632e+00 0.000000e+00
   vertex 5.523983e+00 4.299489e+00 2.200000e+00
   vertex 5.523983e+00 4.299489e+00 0.000000e+00
  endloop
 endfacet
 facet normal 0.000000e+00 -1.000000e+00 0.000000e+00
  outer loop
   vertex 5.780554e-01 6.976091e+00 0.000000e+00
   vertex -5.780554e-01 6.976091e+00 2.200000e+00
   vertex -5.780554e-01 6.976091e+00 0.000000e+00
  endloop
 endfacet
 facet normal 3.246995e-01 -9.458172e-01 0.000000e+00
  outer loop
   vertex -1.718398e+00 6.785802e+00 0.000000e+00
   vertex -2.811868e+00 6.410413e+00 2.200000e+00
   vertex -2.811868e+00 6.410413e+00 0.000000e+00
  endloop
 endfacet
 facet normal 4.759475e-01 -8.794737e-01 0.000000e+00
  outer loop
   vertex -2.811868e+00 6.410413e+00 0.000000e+00
   vertex -3.828637e+00 5.860165e+00 2.200000e+00
   vertex -3.828637e+00 5.860165e+00 0.000000e+00
  endloop
 endfacet
 facet normal 1.645945e-01 -9.863613e-01 0.000000e+00
  outer loop
   vertex -1.718398e+00 6.785802e+00 0.000000e+00
   vertex -5.780554e-01 6.976091e+00 2.200000e+00
   vertex -1.718398e+00 6.785802e+00 2.200000e+00
  endloop
 endfacet
 facet normal 7.357240e-01 -6.772815e-01 0.000000e+00
  outer loop
   vertex -4.740971e+00 5.150067e+00 0.000000e+00
   vertex -5.523983e+00 4.299489e+00 2.200000e+00
   vertex -5.523983e+00 4.299489e+00 0.000000e+00
  endloop
 endfacet
 facet normal 9.157733e-01 -4.016956e-01 0.000000e+00
  outer loop
   vertex -6.156316e+00 3.331632e+00 0.000000e+00
   vertex -6.620721e+00 2.272896e+00 2.200000e+00
   vertex -6.620721e+00 2.272896e+00 0.000000e+00
  endloop
 endfacet
 facet normal 9.694003e-01 -2.454853e-01 0.000000e+00
  outer loop
   vertex -6.620721e+00 2.272896e+00 0.000000e+00
   vertex -6.904529e+00 1.152162e+00 2.200000e+00
   vertex -6.904529e+00 1.152162e+00 0.000000e+00
  endloop
 endfacet
 facet normal 8.371665e-01 -5.469482e-01 0.000000e+00
  outer loop
   vertex -6.156316e+00 3.331632e+00 0.000000e+00
   vertex -5.523983e+00 4.299489e+00 2.200000e+00
   vertex -6.156316e+00 3.331632e+00 2.200000e+00
  endloop
 endfacet
 facet normal 6.142126e-01 -7.891406e-01 0.000000e+00
  outer loop
   vertex -3.828637e+00 5.860165e+00 0.000000e+00
   vertex -4.740971e+00 5.150067e+00 2.200000e+00
   vertex -4.740971e+00 5.150067e+00 0.000000e+00
  endloop
 endfacet
 facet normal -1.645945e-01 -9.863613e-01 0.000000e+00
  outer loop
   vertex 1.718398e+00 6.785802e+00 0.000000e+00
   vertex 5.780554e-01 6.976091e+00 2.200000e+00
   vertex 5.780554e-01 6.976091e+00 0.000000e+00
  endloop
 endfacet
 facet normal 9.965845e-01 -8.257937e-02 -6.435581e-17
  outer loop
   vertex -7.000000e+00 0.000000e+00 0.000000e+00
   vertex -6.904529e+00 1.152162e+00 2.200000e+00
   vertex -7.000000e+00 -1.714506e-15 2.200000e+00
  endloop
 endfacet
 facet normal 9.694003e-01 2.454853e-01 0.000000e+00
  outer loop
   vertex -6.904529e+00 -1.152162e+00 0.000000e+00
   vertex -6.620721e+00 -2.272896e+00 2.200000e+00
   vertex -6.620721e+00 -2.272896e+00 0.000000e+00
  endloop
 endfacet
 facet normal 8.371665e-01 5.469482e-01 -0.000000e+00
  outer loop
   vertex -5.523983e+00 -4.299489e+00 0.000000e+00
   vertex -6.156316e+00 -3.331632e+00 2.200000e+00
   vertex -5.523983e+00 -4.299489e+00 2.200000e+00
  endloop
 endfacet
 facet normal 9.157733e-01 4.016956e-01 0.000000e+00
  outer loop
   vertex -6.620721e+00 -2.272896e+00 0.000000e+00
   vertex -6.156316e+00 -3.331632e+00 2.200000e+00
   vertex -6.156316e+00 -3.331632e+00 0.000000e+00
  endloop
 endfacet
 facet normal 6.142126e-01 7.891406e-01 -0.000000e+00
  outer loop
   vertex -3.828637e+00 -5.860165e+00 0.000000e+00
   vertex -4.740971e+00 -5.150067e+00 2.200000e+00
   vertex -3.828637e+00 -5.860165e+00 2.200000e+00
  endloop
 endfacet
 facet normal 3.246995e-01 9.458172e-01 0.000000e+00
  outer loop
   vertex -2.811868e+00 -6.410413e+00 0.000000e+00
   vertex -1.718398e+00 -6.785802e+00 2.200000e+00
   vertex -1.718398e+00 -6.785802e+00 0.000000e+00
  endloop
 endfacet
 facet normal 1.645945e-01 9.863613e-01 0.000000e+00
  outer loop
   vertex -1.718398e+00 -6.785802e+00 0.000000e+00
   vertex -5.780554e-01 -6.976091e+00 2.200000e+00
   vertex -5.780554e-01 -6.976091e+00 0.000000e+00
  endloop
 endfacet
 facet normal 4.759475e-01 8.794737e-01 0.000000e+00
  outer loop
   vertex -3.828637e+00 -5.860165e+00 0.000000e+00
   vertex -2.811868e+00 -6.410413e+00 2.200000e+00
   vertex -2.811868e+00 -6.410413e+00 0.000000e+00
  endloop
 endfacet
 facet normal 7.357240e-01 6.772815e-01 -0.000000e+00
  outer loop
   vertex -4.740971e+00 -5.150067e+00 0.000000e+00
   vertex -5.523983e+00 -4.299489e+00 2.200000e+00
   vertex -4.740971e+00 -5.150067e+00 2.200000e+00
  endloop
 endfacet
 facet normal -1.645945e-01 9.863613e-01 0.000000e+00
  outer loop
   vertex 1.718398e+00 -6.785802e+00 0.000000e+00
   vertex 5.780554e-01 -6.976091e+00 2.200000e+00
   vertex 1.718398e+00 -6.785802e+00 2.200000e+00
  endloop
 endfacet
 facet normal -4.759475e-01 8.794737e-01 0.000000e+00
  outer loop
   vertex 3.828637e+00 -5.860165e+00 0.000000e+00
   vertex 2.811868e+00 -6.410413e+00 2.200000e+00
   vertex 3.828637e+00 -5.860165e+00 2.200000e+00
  endloop
 endfacet
 facet normal -6.142126e-01 7.891406e-01 0.000000e+00
  outer loop
   vertex 4.740971e+00 -5.150067e+00 0.000000e+00
   vertex 3.828637e+00 -5.860165e+00 2.200000e+00
   vertex 4.740971e+00 -5.150067e+00 2.200000e+00
  endloop
 endfacet
 facet normal -3.246995e-01 9.458172e-01 0.000000e+00
  outer loop
   vertex 2.811868e+00 -6.410413e+00 0.000000e+00
   vertex 1.718398e+00 -6.785802e+00 2.200000e+00
   vertex 2.811868e+00 -6.410413e+00 2.200000e+00
  endloop
 endfacet
 facet normal -8.371665e-01 5.469482e-01 0.000000e+00
  outer loop
   vertex 5.523983e+00 -4.299489e+00 0.000000e+00
   vertex 6.156316e+00 -3.331632e+00 2.200000e+00
   vertex 6.156316e+00 -3.331632e+00 0.000000e+00
  endloop
 endfacet
 facet normal -9.694003e-01 2.454853e-01 0.000000e+00
  outer loop
   vertex 6.620721e+00 -2.272896e+00 0.000000e+00
   vertex 6.904529e+00 -1.152162e+00 2.200000e+00
   vertex 6.904529e+00 -1.152162e+00 0.000000e+00
  endloop
 endfacet
 facet normal -9.965845e-01 8.257937e-02 -2.333711e-16
  outer loop
   vertex 7.000000e+00 -6.217249e-15 0.000000e+00
   vertex 6.904529e+00 -1.152162e+00 2.200000e+00
   vertex 7.000000e+00 0.000000e+00 2.200000e+00
  endloop
 endfacet
 facet normal -9.157733e-01 4.016956e-01 0.000000e+00
  outer loop
   vertex 6.156316e+00 -3.331632e+00 0.000000e+00
   vertex 6.620721e+00 -2.272896e+00 2.200000e+00
   vertex 6.620721e+00 -2.272896e+00 0.000000e+00
  endloop
 endfacet
 facet normal -7.357240e-01 6.772815e-01 0.000000e+00
  outer loop
   vertex 4.740971e+00 -5.150067e+00 0.000000e+00
   vertex 5.523983e+00 -4.299489e+00 2.200000e+00
   vertex 5.523983e+00 -4.299489e+00 0.000000e+00
  endloop
 endfacet
 facet normal 0.000000e+00 1.000000e+00 0.000000e+00
  outer loop
   vertex -5.780554e-01 -6.976091e+00 0.000000e+00
   vertex 5.780554e-01 -6.976091e+00 2.200000e+00
   vertex 5.780554e-01 -6.976091e+00 0.000000e+00
  endloop
 endfacet
 facet normal 9.965845e-01 8.257937e-02 6.547558e-17
  outer loop
   vertex -6.904529e+00 -1.152162e+00 0.000000e+00
   vertex -7.000000e+00 0.000000e+00 0.000000e+00
   vertex -7.000000e+00 -1.714506e-15 2.200000e+00
  endloop
 endfacet
 facet normal 9.569403e-01 2.902847e-01 -0.000000e+00
  outer loop
   vertex 2.220554e+01 7.353156e-01 2.000000e+00
   vertex 2.197792e+01 1.485688e+00 3.300000e+00
   vertex 2.220554e+01 7.353156e-01 3.300000e+00
  endloop
 endfacet
 facet normal 9.951848e-01 9.801667e-02 -0.000000e+00
  outer loop
   vertex 2.190106e+01 2.266049e+00 2.644164e+00
   vertex 2.190106e+01 2.266049e+00 3.300000e+00
   vertex 2.197792e+01 1.485688e+00 3.300000e+00
  endloop
 endfacet
 facet normal 8.819209e-01 4.713974e-01 -0.000000e+00
  outer loop
   vertex 2.257518e+01 4.376838e-02 2.000000e+00
   vertex 2.220554e+01 7.353156e-01 3.300000e+00
   vertex 2.257518e+01 4.376838e-02 3.300000e+00
  endloop
 endfacet
 facet normal 7.730102e-01 6.343936e-01 -0.000000e+00
  outer loop
   vertex 2.307264e+01 -5.623778e-01 2.000000e+00
   vertex 2.257518e+01 4.376838e-02 3.300000e+00
   vertex 2.307264e+01 -5.623778e-01 3.300000e+00
  endloop
 endfacet
 facet normal 4.713967e-01 8.819213e-01 -0.000000e+00
  outer loop
   vertex 2.437033e+01 -1.429469e+00 2.000000e+00
   vertex 2.367878e+01 -1.059829e+00 3.300000e+00
   vertex 2.437033e+01 -1.429469e+00 3.300000e+00
  endloop
 endfacet
 facet normal 2.902849e-01 9.569403e-01 -0.000000e+00
  outer loop
   vertex 2.512070e+01 -1.657092e+00 2.000000e+00
   vertex 2.437033e+01 -1.429469e+00 3.300000e+00
   vertex 2.512070e+01 -1.657092e+00 3.300000e+00
  endloop
 endfacet
 facet normal 6.343935e-01 7.730103e-01 -0.000000e+00
  outer loop
   vertex 2.367878e+01 -1.059829e+00 2.000000e+00
   vertex 2.307264e+01 -5.623778e-01 3.300000e+00
   vertex 2.367878e+01 -1.059829e+00 3.300000e+00
  endloop
 endfacet
 facet normal 9.801715e-02 9.951847e-01 -0.000000e+00
  outer loop
   vertex 2.590106e+01 -1.733951e+00 2.000000e+00
   vertex 2.512070e+01 -1.657092e+00 3.300000e+00
   vertex 2.590106e+01 -1.733951e+00 3.300000e+00
  endloop
 endfacet
 facet normal 9.988883e-01 -4.714032e-02 0.000000e+00
  outer loop
   vertex 2.190106e+01 2.266049e+00 3.300000e+00
   vertex 2.190106e+01 2.266049e+00 2.644164e+00
   vertex 2.191884e+01 2.642768e+00 2.650000e+00
  endloop
 endfacet
 facet normal -9.801715e-02 9.951847e-01 0.000000e+00
  outer loop
   vertex 2.590106e+01 -1.733951e+00 3.300000e+00
   vertex 2.668142e+01 -1.657092e+00 2.000000e+00
   vertex 2.590106e+01 -1.733951e+00 2.000000e+00
  endloop
 endfacet
 facet normal -2.902849e-01 9.569403e-01 0.000000e+00
  outer loop
   vertex 2.743180e+01 -1.429469e+00 2.000000e+00
   vertex 2.668142e+01 -1.657092e+00 3.300000e+00
   vertex 2.743180e+01 -1.429469e+00 3.300000e+00
  endloop
 endfacet
 facet normal -6.343935e-01 7.730103e-01 0.000000e+00
  outer loop
   vertex 2.872949e+01 -5.623778e-01 2.000000e+00
   vertex 2.812334e+01 -1.059829e+00 3.300000e+00
   vertex 2.872949e+01 -5.623778e-01 3.300000e+00
  endloop
 endfacet
 facet normal -7.730102e-01 6.343936e-01 0.000000e+00
  outer loop
   vertex 2.922694e+01 4.376838e-02 2.000000e+00
   vertex 2.872949e+01 -5.623778e-01 3.300000e+00
   vertex 2.922694e+01 4.376838e-02 3.300000e+00
  endloop
 endfacet
 facet normal -4.713967e-01 8.819213e-01 0.000000e+00
  outer loop
   vertex 2.812334e+01 -1.059829e+00 2.000000e+00
   vertex 2.743180e+01 -1.429469e+00 3.300000e+00
   vertex 2.812334e+01 -1.059829e+00 3.300000e+00
  endloop
 endfacet
 facet normal -9.569403e-01 2.902847e-01 0.000000e+00
  outer loop
   vertex 2.982420e+01 1.485688e+00 2.000000e+00
   vertex 2.959658e+01 7.353156e-01 3.300000e+00
   vertex 2.982420e+01 1.485688e+00 3.300000e+00
  endloop
 endfacet
 facet normal -8.819209e-01 4.713974e-01 0.000000e+00
  outer loop
   vertex 2.959658e+01 7.353156e-01 2.000000e+00
   vertex 2.922694e+01 4.376838e-02 3.300000e+00
   vertex 2.959658e+01 7.353156e-01 3.300000e+00
  endloop
 endfacet
 facet normal -9.881693e-01 -1.533669e-01 0.000000e+00
  outer loop
   vertex 2.961481e+01 4.763861e+00 2.774575e+00
   vertex 2.967562e+01 4.372002e+00 2.387288e+00
   vertex 2.967562e+01 4.372002e+00 2.774575e+00
  endloop
 endfacet
 facet normal -9.881693e-01 -1.533669e-01 0.000000e+00
  outer loop
   vertex 2.961481e+01 4.763861e+00 3.161863e+00
   vertex 2.967562e+01 4.372002e+00 2.774575e+00
   vertex 2.967562e+01 4.372002e+00 3.161863e+00
  endloop
 endfacet
 facet normal -9.682626e-01 -2.499352e-01 0.000000e+00
  outer loop
   vertex 2.951678e+01 5.143627e+00 2.774575e+00
   vertex 2.961481e+01 4.763861e+00 2.387288e+00
   vertex 2.961481e+01 4.763861e+00 2.774575e+00
  endloop
 endfacet
 facet normal -9.682626e-01 -2.499352e-01 0.000000e+00
  outer loop
   vertex 2.951678e+01 5.143627e+00 3.161863e+00
   vertex 2.961481e+01 4.763861e+00 2.774575e+00
   vertex 2.961481e+01 4.763861e+00 3.161863e+00
  endloop
 endfacet
 facet normal -9.986382e-01 -5.217124e-02 -0.000000e+00
  outer loop
   vertex 2.969740e+01 3.955208e+00 2.258192e+00
   vertex 2.967562e+01 4.372002e+00 2.000000e+00
   vertex 2.969740e+01 3.955208e+00 2.000000e+00
  endloop
 endfacet
 facet normal -9.881693e-01 -1.533669e-01 -0.000000e+00
  outer loop
   vertex 2.967562e+01 4.372002e+00 2.387288e+00
   vertex 2.961481e+01 4.763861e+00 2.000000e+00
   vertex 2.967562e+01 4.372002e+00 2.000000e+00
  endloop
 endfacet
 facet normal -9.986382e-01 -5.217124e-02 -0.000000e+00
  outer loop
   vertex 2.969740e+01 3.955208e+00 3.032767e+00
   vertex 2.967562e+01 4.372002e+00 2.774575e+00
   vertex 2.969740e+01 3.955208e+00 2.774575e+00
  endloop
 endfacet
 facet normal -9.682626e-01 -2.499352e-01 0.000000e+00
  outer loop
   vertex 2.951678e+01 5.143627e+00 2.000000e+00
   vertex 2.961481e+01 4.763861e+00 2.387288e+00
   vertex 2.951678e+01 5.143627e+00 2.387288e+00
  endloop
 endfacet
 facet normal -9.391297e-01 -3.435628e-01 -0.000000e+00
  outer loop
   vertex 2.951678e+01 5.143627e+00 2.774575e+00
   vertex 2.938203e+01 5.511968e+00 2.488519e+00
   vertex 2.951678e+01 5.143627e+00 2.387288e+00
  endloop
 endfacet
 facet normal -9.391297e-01 -3.435628e-01 -0.000000e+00
  outer loop
   vertex 2.938203e+01 5.511968e+00 2.244259e+00
   vertex 2.938203e+01 5.511968e+00 2.000000e+00
   vertex 2.951678e+01 5.143627e+00 2.000000e+00
  endloop
 endfacet
 facet normal -9.838898e-01 -1.787758e-01 0.000000e+00
  outer loop
   vertex 2.927153e+01 6.568059e+00 2.726499e+00
   vertex 2.935391e+01 6.114638e+00 2.363250e+00
   vertex 2.935391e+01 6.114638e+00 2.726499e+00
  endloop
 endfacet
 facet normal -9.838898e-01 -1.787758e-01 0.000000e+00
  outer loop
   vertex 2.927153e+01 6.568059e+00 3.089749e+00
   vertex 2.935391e+01 6.114638e+00 2.726499e+00
   vertex 2.935391e+01 6.114638e+00 3.089749e+00
  endloop
 endfacet
 facet normal -9.569951e-01 -2.901042e-01 0.000000e+00
  outer loop
   vertex 2.913941e+01 7.003871e+00 2.726499e+00
   vertex 2.927153e+01 6.568059e+00 2.363250e+00
   vertex 2.927153e+01 6.568059e+00 2.726499e+00
  endloop
 endfacet
 facet normal -9.569951e-01 -2.901042e-01 0.000000e+00
  outer loop
   vertex 2.913941e+01 7.003871e+00 3.089749e+00
   vertex 2.927153e+01 6.568059e+00 2.726499e+00
   vertex 2.927153e+01 6.568059e+00 3.089749e+00
  endloop
 endfacet
 facet normal -9.981370e-01 -6.101262e-02 -0.000000e+00
  outer loop
   vertex 2.938370e+01 5.627430e+00 2.242166e+00
   vertex 2.935391e+01 6.114638e+00 2.000000e+00
   vertex 2.938370e+01 5.627430e+00 2.000000e+00
  endloop
 endfacet
 facet normal -9.981370e-01 -6.101262e-02 0.000000e+00
  outer loop
   vertex 2.938370e+01 5.627430e+00 2.484333e+00
   vertex 2.938370e+01 5.627430e+00 2.726499e+00
   vertex 2.935391e+01 6.114638e+00 2.726499e+00
  endloop
 endfacet
 facet normal -9.981370e-01 -6.101262e-02 -0.000000e+00
  outer loop
   vertex 2.938370e+01 5.627430e+00 2.968666e+00
   vertex 2.935391e+01 6.114638e+00 2.726499e+00
   vertex 2.938370e+01 5.627430e+00 2.726499e+00
  endloop
 endfacet
 facet normal -9.838898e-01 -1.787758e-01 -0.000000e+00
  outer loop
   vertex 2.935391e+01 6.114638e+00 2.363250e+00
   vertex 2.927153e+01 6.568059e+00 2.000000e+00
   vertex 2.935391e+01 6.114638e+00 2.000000e+00
  endloop
 endfacet
 facet normal -9.569951e-01 -2.901042e-01 0.000000e+00
  outer loop
   vertex 2.913941e+01 7.003871e+00 2.000000e+00
   vertex 2.927153e+01 6.568059e+00 2.363250e+00
   vertex 2.913941e+01 7.003871e+00 2.363250e+00
  endloop
 endfacet
 facet normal -9.178176e-01 -3.970023e-01 -0.000000e+00
  outer loop
   vertex 2.895862e+01 7.421843e+00 2.274452e+00
   vertex 2.895862e+01 7.421843e+00 2.000000e+00
   vertex 2.913941e+01 7.003871e+00 2.000000e+00
  endloop
 endfacet
 facet normal -9.178176e-01 -3.970023e-01 0.000000e+00
  outer loop
   vertex 2.895862e+01 7.421843e+00 2.823357e+00
   vertex 2.913941e+01 7.003871e+00 3.089749e+00
   vertex 2.895862e+01 7.421843e+00 3.097810e+00
  endloop
 endfacet
 facet normal -9.950046e-01 -9.982902e-02 0.000000e+00
  outer loop
   vertex 2.743937e+01 7.605919e+00 1.000000e+00
   vertex 2.745561e+01 7.444043e+00 5.000000e-01
   vertex 2.745561e+01 7.444043e+00 1.000000e+00
  endloop
 endfacet
 facet normal -9.950046e-01 -9.982902e-02 0.000000e+00
  outer loop
   vertex 2.743937e+01 7.605919e+00 1.500000e+00
   vertex 2.745561e+01 7.444043e+00 1.000000e+00
   vertex 2.745561e+01 7.444043e+00 1.500000e+00
  endloop
 endfacet
 facet normal -9.864503e-01 -1.640606e-01 0.000000e+00
  outer loop
   vertex 2.741290e+01 7.765065e+00 1.000000e+00
   vertex 2.743937e+01 7.605919e+00 5.000000e-01
   vertex 2.743937e+01 7.605919e+00 1.000000e+00
  endloop
 endfacet
 facet normal -9.864503e-01 -1.640606e-01 0.000000e+00
  outer loop
   vertex 2.741290e+01 7.765065e+00 1.500000e+00
   vertex 2.743937e+01 7.605919e+00 1.000000e+00
   vertex 2.743937e+01 7.605919e+00 1.500000e+00
  endloop
 endfacet
 facet normal -9.994315e-01 -3.371546e-02 -0.000000e+00
  outer loop
   vertex 2.745561e+01 7.444043e+00 1.000000e+00
   vertex 2.745561e+01 7.444043e+00 5.000000e-01
   vertex 2.746130e+01 7.275554e+00 6.666667e-01
  endloop
 endfacet
 facet normal -9.994315e-01 -3.371546e-02 0.000000e+00
  outer loop
   vertex 2.745561e+01 7.444043e+00 1.000000e+00
   vertex 2.746130e+01 7.275554e+00 1.333333e+00
   vertex 2.745561e+01 7.444043e+00 1.500000e+00
  endloop
 endfacet
 facet normal -9.738163e-01 -2.273362e-01 -0.000000e+00
  outer loop
   vertex 2.741290e+01 7.765065e+00 1.000000e+00
   vertex 2.737623e+01 7.922172e+00 6.666667e-01
   vertex 2.741290e+01 7.765065e+00 5.000000e-01
  endloop
 endfacet
 facet normal -9.864492e-01 -1.640604e-01 1.443188e-03
  outer loop
   vertex 2.743937e+01 7.605919e+00 1.500000e+00
   vertex 2.741800e+01 7.738809e+00 2.000000e+00
   vertex 2.741290e+01 7.765065e+00 1.500000e+00
  endloop
 endfacet
 facet normal -9.738163e-01 -2.273362e-01 -0.000000e+00
  outer loop
   vertex 2.737623e+01 7.922172e+00 1.333333e+00
   vertex 2.737623e+01 7.922172e+00 1.000000e+00
   vertex 2.741290e+01 7.765065e+00 1.000000e+00
  endloop
 endfacet
 facet normal -9.644298e-01 -2.643388e-01 -4.409804e-04
  outer loop
   vertex 2.747610e+01 9.478612e+00 2.000000e+00
   vertex 2.734952e+01 9.940432e+00 2.000000e+00
   vertex 2.735346e+01 9.929412e+00 0.000000e+00
  endloop
 endfacet
 facet normal -8.271109e-01 -5.620302e-01 3.093353e-03
  outer loop
   vertex 2.713512e+01 1.041015e+01 0.000000e+00
   vertex 2.689221e+01 1.077864e+01 2.000000e+00
   vertex 2.683837e+01 1.084686e+01 0.000000e+00
  endloop
 endfacet
 facet normal -9.104937e-01 -4.135204e-01 1.488286e-03
  outer loop
   vertex 2.735346e+01 9.929412e+00 0.000000e+00
   vertex 2.715333e+01 1.037725e+01 2.000000e+00
   vertex 2.713512e+01 1.041015e+01 0.000000e+00
  endloop
 endfacet
 facet normal -7.197338e-01 -6.942408e-01 3.606796e-03
  outer loop
   vertex 2.683837e+01 1.084686e+01 0.000000e+00
   vertex 2.655033e+01 1.115586e+01 2.000000e+00
   vertex 2.647182e+01 1.122687e+01 0.000000e+00
  endloop
 endfacet
 facet normal -4.460687e-01 -8.949876e-01 4.459632e-03
  outer loop
   vertex 2.604609e+01 1.153917e+01 0.000000e+00
   vertex 2.570596e+01 1.171866e+01 2.000000e+00
   vertex 2.557353e+01 1.177470e+01 0.000000e+00
  endloop
 endfacet
 facet normal -5.914794e-01 -8.063099e-01 4.062239e-03
  outer loop
   vertex 2.647182e+01 1.122687e+01 0.000000e+00
   vertex 2.615133e+01 1.147204e+01 2.000000e+00
   vertex 2.604609e+01 1.153917e+01 0.000000e+00
  endloop
 endfacet
 facet normal -1.210213e-01 -9.926369e-01 5.081012e-03
  outer loop
   vertex 2.506787e+01 1.192661e+01 0.000000e+00
   vertex 2.472508e+01 1.197864e+01 2.000000e+00
   vertex 2.454376e+01 1.199051e+01 0.000000e+00
  endloop
 endfacet
 facet normal 2.179669e-01 -9.759408e-01 5.470023e-03
  outer loop
   vertex 2.401640e+01 1.196454e+01 0.000000e+00
   vertex 2.371280e+01 1.190794e+01 2.000000e+00
   vertex 2.350111e+01 1.184945e+01 0.000000e+00
  endloop
 endfacet
 facet normal 4.918829e-02 -9.987754e-01 5.304643e-03
  outer loop
   vertex 2.454376e+01 1.199051e+01 0.000000e+00
   vertex 2.421603e+01 1.198499e+01 2.000000e+00
   vertex 2.401640e+01 1.196454e+01 0.000000e+00
  endloop
 endfacet
 facet normal -2.877157e-01 -9.577038e-01 4.799292e-03
  outer loop
   vertex 2.557353e+01 1.177470e+01 0.000000e+00
   vertex 2.522623e+01 1.188906e+01 2.000000e+00
   vertex 2.506787e+01 1.192661e+01 0.000000e+00
  endloop
 endfacet
 facet normal 3.804222e-01 -9.247961e-01 5.577518e-03
  outer loop
   vertex 2.350111e+01 1.184945e+01 0.000000e+00
   vertex 2.322897e+01 1.174957e+01 2.000000e+00
   vertex 2.301281e+01 1.164859e+01 0.000000e+00
  endloop
 endfacet
 facet normal 7.239795e-01 -6.898019e-01 -5.195771e-03
  outer loop
   vertex 2.237081e+01 1.120801e+01 2.000000e+00
   vertex 2.201963e+01 1.083943e+01 2.000000e+00
   vertex 2.217271e+01 1.101515e+01 0.000000e+00
  endloop
 endfacet
 facet normal 9.079473e-01 -4.190552e-01 -4.947308e-03
  outer loop
   vertex 2.173351e+01 1.041835e+01 2.000000e+00
   vertex 2.152017e+01 9.956112e+00 2.000000e+00
   vertex 2.159286e+01 1.013720e+01 0.000000e+00
  endloop
 endfacet
 facet normal 8.271147e-01 -5.620100e-01 -5.100360e-03
  outer loop
   vertex 2.201963e+01 1.083943e+01 2.000000e+00
   vertex 2.173351e+01 1.041835e+01 2.000000e+00
   vertex 2.184526e+01 1.060096e+01 0.000000e+00
  endloop
 endfacet
 facet normal 9.946290e-01 -1.034080e-01 -4.466001e-03
  outer loop
   vertex 2.138536e+01 9.465193e+00 2.000000e+00
   vertex 2.133272e+01 8.958830e+00 2.000000e+00
   vertex 2.134007e+01 9.115874e+00 0.000000e+00
  endloop
 endfacet
 facet normal 9.827512e-01 1.849253e-01 1.626653e-03
  outer loop
   vertex 2.135316e+01 8.531054e+00 2.000000e+00
   vertex 2.143235e+01 8.110176e+00 2.000000e+00
   vertex 2.144345e+01 8.068816e+00 0.000000e+00
  endloop
 endfacet
 facet normal 9.988592e-01 4.772103e-02 -1.712184e-03
  outer loop
   vertex 2.133272e+01 8.958830e+00 2.000000e+00
   vertex 2.135316e+01 8.531054e+00 2.000000e+00
   vertex 2.134701e+01 8.587928e+00 0.000000e+00
  endloop
 endfacet
 facet normal 9.642906e-01 -2.648040e-01 -4.735321e-03
  outer loop
   vertex 2.152017e+01 9.956112e+00 2.000000e+00
   vertex 2.138536e+01 9.465193e+00 2.000000e+00
   vertex 2.142282e+01 9.637342e+00 0.000000e+00
  endloop
 endfacet
 facet normal 8.654441e-01 5.009742e-01 5.593616e-03
  outer loop
   vertex 2.162658e+01 7.573600e+00 0.000000e+00
   vertex 2.175989e+01 7.320963e+00 2.000000e+00
   vertex 2.189109e+01 7.116645e+00 0.000000e+00
  endloop
 endfacet
 facet normal 7.481299e-01 6.635517e-01 -8.958231e-04
  outer loop
   vertex 2.198479e+01 6.989606e+00 2.000000e+00
   vertex 2.225051e+01 6.690006e+00 2.000000e+00
   vertex 2.222932e+01 6.711206e+00 0.000000e+00
  endloop
 endfacet
 facet normal 9.379128e-01 3.468427e-01 4.441134e-03
  outer loop
   vertex 2.144345e+01 8.068816e+00 0.000000e+00
   vertex 2.156880e+01 7.704230e+00 2.000000e+00
   vertex 2.162658e+01 7.573600e+00 0.000000e+00
  endloop
 endfacet
 facet normal -9.797626e-01 2.001629e-01 0.000000e+00
  outer loop
   vertex 2.749160e+01 8.393654e+00 1.000000e+00
   vertex 2.744210e+01 8.151362e+00 5.000000e-01
   vertex 2.744210e+01 8.151362e+00 1.000000e+00
  endloop
 endfacet
 facet normal -9.797626e-01 2.001629e-01 0.000000e+00
  outer loop
   vertex 2.749160e+01 8.393654e+00 1.500000e+00
   vertex 2.744210e+01 8.151362e+00 1.000000e+00
   vertex 2.744210e+01 8.151362e+00 1.500000e+00
  endloop
 endfacet
 facet normal -9.926615e-01 1.209265e-01 0.000000e+00
  outer loop
   vertex 2.752189e+01 8.642272e+00 1.000000e+00
   vertex 2.749160e+01 8.393654e+00 5.000000e-01
   vertex 2.749160e+01 8.393654e+00 1.000000e+00
  endloop
 endfacet
 facet normal -9.926615e-01 1.209265e-01 0.000000e+00
  outer loop
   vertex 2.752189e+01 8.642272e+00 1.500000e+00
   vertex 2.749160e+01 8.393654e+00 1.000000e+00
   vertex 2.749160e+01 8.393654e+00 1.500000e+00
  endloop
 endfacet
 facet normal -9.926521e-01 1.209254e-01 -4.354117e-03
  outer loop
   vertex 2.749160e+01 8.393654e+00 5.000000e-01
   vertex 2.752189e+01 8.642272e+00 5.000000e-01
   vertex 2.751457e+01 8.564161e+00 2.992726e-15
  endloop
 endfacet
 facet normal -9.610852e-01 2.762520e-01 0.000000e+00
  outer loop
   vertex 2.737623e+01 7.922172e+00 6.666667e-01
   vertex 2.737623e+01 7.922172e+00 1.000000e+00
   vertex 2.744210e+01 8.151362e+00 1.000000e+00
  endloop
 endfacet
 facet normal -9.610852e-01 2.762520e-01 0.000000e+00
  outer loop
   vertex 2.737623e+01 7.922172e+00 1.333333e+00
   vertex 2.744210e+01 8.151362e+00 1.000000e+00
   vertex 2.737623e+01 7.922172e+00 1.000000e+00
  endloop
 endfacet
 facet normal -9.991839e-01 4.039260e-02 0.000000e+00
  outer loop
   vertex 2.752189e+01 8.642272e+00 1.000000e+00
   vertex 2.753201e+01 8.892524e+00 6.666667e-01
   vertex 2.752189e+01 8.642272e+00 5.000000e-01
  endloop
 endfacet
 facet normal -9.991839e-01 4.039260e-02 0.000000e+00
  outer loop
   vertex 2.753201e+01 8.892524e+00 1.333333e+00
   vertex 2.753201e+01 8.892524e+00 1.000000e+00
   vertex 2.752189e+01 8.642272e+00 1.000000e+00
  endloop
 endfacet
 facet normal -9.166869e-02 -9.957896e-01 0.000000e+00
  outer loop
   vertex 2.443201e+01 1.289252e+01 2.000000e+00
   vertex 2.516227e+01 1.282530e+01 3.600000e+00
   vertex 2.443201e+01 1.289252e+01 3.600000e+00
  endloop
 endfacet
 facet normal -2.719271e-01 -9.623179e-01 0.000000e+00
  outer loop
   vertex 2.516227e+01 1.282530e+01 2.000000e+00
   vertex 2.586799e+01 1.262588e+01 3.600000e+00
   vertex 2.516227e+01 1.282530e+01 3.600000e+00
  endloop
 endfacet
 facet normal 9.801670e-02 -9.951848e-01 0.000000e+00
  outer loop
   vertex 2.443201e+01 1.289252e+01 3.600000e+00
   vertex 2.365165e+01 1.281567e+01 2.000000e+00
   vertex 2.443201e+01 1.289252e+01 2.000000e+00
  endloop
 endfacet
 facet normal 4.713973e-01 -8.819210e-01 0.000000e+00
  outer loop
   vertex 2.220973e+01 1.221840e+01 2.000000e+00
   vertex 2.290127e+01 1.258804e+01 3.600000e+00
   vertex 2.220973e+01 1.221840e+01 3.600000e+00
  endloop
 endfacet
 facet normal 6.343931e-01 -7.730106e-01 0.000000e+00
  outer loop
   vertex 2.160358e+01 1.172095e+01 2.000000e+00
   vertex 2.220973e+01 1.221840e+01 3.600000e+00
   vertex 2.160358e+01 1.172095e+01 3.600000e+00
  endloop
 endfacet
 facet normal 8.819207e-01 -4.713978e-01 0.000000e+00
  outer loop
   vertex 2.073649e+01 1.042326e+01 2.000000e+00
   vertex 2.110613e+01 1.111480e+01 3.600000e+00
   vertex 2.073649e+01 1.042326e+01 3.600000e+00
  endloop
 endfacet
 facet normal 9.569404e-01 -2.902845e-01 0.000000e+00
  outer loop
   vertex 2.050887e+01 9.672885e+00 2.000000e+00
   vertex 2.073649e+01 1.042326e+01 3.600000e+00
   vertex 2.050887e+01 9.672885e+00 3.600000e+00
  endloop
 endfacet
 facet normal 7.730117e-01 -6.343918e-01 0.000000e+00
  outer loop
   vertex 2.110613e+01 1.111480e+01 2.000000e+00
   vertex 2.160358e+01 1.172095e+01 3.600000e+00
   vertex 2.110613e+01 1.111480e+01 3.600000e+00
  endloop
 endfacet
 facet normal 9.978010e-01 6.628170e-02 -0.000000e+00
  outer loop
   vertex 2.046716e+01 8.363427e+00 2.000000e+00
   vertex 2.043201e+01 8.892524e+00 3.600000e+00
   vertex 2.046716e+01 8.363427e+00 3.600000e+00
  endloop
 endfacet
 facet normal 9.802659e-01 1.976833e-01 -0.000000e+00
  outer loop
   vertex 2.057198e+01 7.843629e+00 2.000000e+00
   vertex 2.046716e+01 8.363427e+00 3.600000e+00
   vertex 2.057198e+01 7.843629e+00 3.600000e+00
  endloop
 endfacet
 facet normal 9.951848e-01 -9.801670e-02 0.000000e+00
  outer loop
   vertex 2.043201e+01 8.892524e+00 2.000000e+00
   vertex 2.050887e+01 9.672885e+00 3.600000e+00
   vertex 2.043201e+01 8.892524e+00 3.600000e+00
  endloop
 endfacet
 facet normal 2.902842e-01 -9.569405e-01 0.000000e+00
  outer loop
   vertex 2.290127e+01 1.258804e+01 2.000000e+00
   vertex 2.365165e+01 1.281567e+01 3.600000e+00
   vertex 2.290127e+01 1.258804e+01 3.600000e+00
  endloop
 endfacet
 facet normal -9.749530e-01 -2.224111e-01 0.000000e+00
  outer loop
   vertex 2.777274e+01 6.363966e+00 1.000000e+00
   vertex 2.785580e+01 5.999854e+00 5.000000e-01
   vertex 2.785580e+01 5.999854e+00 1.000000e+00
  endloop
 endfacet
 facet normal -9.749530e-01 -2.224111e-01 0.000000e+00
  outer loop
   vertex 2.777274e+01 6.363966e+00 1.500000e+00
   vertex 2.785580e+01 5.999854e+00 1.000000e+00
   vertex 2.785580e+01 5.999854e+00 1.500000e+00
  endloop
 endfacet
 facet normal -9.309406e-01 -3.651706e-01 0.000000e+00
  outer loop
   vertex 2.763636e+01 6.711642e+00 1.000000e+00
   vertex 2.777274e+01 6.363966e+00 5.000000e-01
   vertex 2.777274e+01 6.363966e+00 1.000000e+00
  endloop
 endfacet
 facet normal -9.309406e-01 -3.651706e-01 0.000000e+00
  outer loop
   vertex 2.763636e+01 6.711642e+00 1.500000e+00
   vertex 2.777274e+01 6.363966e+00 1.000000e+00
   vertex 2.777274e+01 6.363966e+00 1.500000e+00
  endloop
 endfacet
 facet normal -9.749530e-01 -2.224111e-01 0.000000e+00
  outer loop
   vertex 2.777274e+01 6.363966e+00 5.000000e-01
   vertex 2.785580e+01 5.999854e+00 0.000000e+00
   vertex 2.785580e+01 5.999854e+00 5.000000e-01
  endloop
 endfacet
 facet normal -9.681836e-01 -2.501543e-01 -6.581472e-03
  outer loop
   vertex 2.784159e+01 6.084325e+00 2.000000e+00
   vertex 2.775529e+01 6.418343e+00 2.000000e+00
   vertex 2.777274e+01 6.363966e+00 1.500000e+00
  endloop
 endfacet
 facet normal -9.972067e-01 -7.469196e-02 0.000000e+00
  outer loop
   vertex 2.785580e+01 5.999854e+00 1.000000e+00
   vertex 2.788370e+01 5.627430e+00 1.333333e+00
   vertex 2.785580e+01 5.999854e+00 1.500000e+00
  endloop
 endfacet
 facet normal -9.309406e-01 -3.651706e-01 0.000000e+00
  outer loop
   vertex 2.777274e+01 6.363966e+00 0.000000e+00
   vertex 2.763636e+01 6.711642e+00 5.000000e-01
   vertex 2.763636e+01 6.711642e+00 0.000000e+00
  endloop
 endfacet
 facet normal -8.661530e-01 -4.997789e-01 -0.000000e+00
  outer loop
   vertex 2.763636e+01 6.711642e+00 1.000000e+00
   vertex 2.744971e+01 7.035122e+00 6.666667e-01
   vertex 2.763636e+01 6.711642e+00 5.000000e-01
  endloop
 endfacet
 facet normal -9.309163e-01 -3.651611e-01 7.226387e-03
  outer loop
   vertex 2.763636e+01 6.711642e+00 1.500000e+00
   vertex 2.777274e+01 6.363966e+00 1.500000e+00
   vertex 2.775529e+01 6.418343e+00 2.000000e+00
  endloop
 endfacet
 facet normal -8.661530e-01 -4.997789e-01 -0.000000e+00
  outer loop
   vertex 2.744971e+01 7.035122e+00 1.333333e+00
   vertex 2.744971e+01 7.035122e+00 1.000000e+00
   vertex 2.763636e+01 6.711642e+00 1.000000e+00
  endloop
 endfacet
 facet normal -9.981718e-01 6.044012e-02 0.000000e+00
  outer loop
   vertex 2.745837e+01 7.154558e+00 1.000000e+00
   vertex 2.745472e+01 7.094393e+00 5.000000e-01
   vertex 2.745472e+01 7.094393e+00 1.000000e+00
  endloop
 endfacet
 facet normal -9.981718e-01 6.044012e-02 0.000000e+00
  outer loop
   vertex 2.745837e+01 7.154558e+00 1.500000e+00
   vertex 2.745472e+01 7.094393e+00 1.000000e+00
   vertex 2.745472e+01 7.094393e+00 1.500000e+00
  endloop
 endfacet
 facet normal -9.993407e-01 3.630614e-02 0.000000e+00
  outer loop
   vertex 2.746056e+01 7.215039e+00 1.000000e+00
   vertex 2.745837e+01 7.154558e+00 5.000000e-01
   vertex 2.745837e+01 7.154558e+00 1.000000e+00
  endloop
 endfacet
 facet normal -9.993407e-01 3.630614e-02 0.000000e+00
  outer loop
   vertex 2.746056e+01 7.215039e+00 1.500000e+00
   vertex 2.745837e+01 7.154558e+00 1.000000e+00
   vertex 2.745837e+01 7.154558e+00 1.500000e+00
  endloop
 endfacet
 facet normal -9.964377e-01 8.433178e-02 0.000000e+00
  outer loop
   vertex 2.744971e+01 7.035122e+00 6.666667e-01
   vertex 2.744971e+01 7.035122e+00 1.000000e+00
   vertex 2.745472e+01 7.094393e+00 1.000000e+00
  endloop
 endfacet
 facet normal -9.993364e-01 3.630599e-02 2.930271e-03
  outer loop
   vertex 2.745837e+01 7.154558e+00 5.000000e-01
   vertex 2.746056e+01 7.215039e+00 5.000000e-01
   vertex 2.746130e+01 7.275554e+00 0.000000e+00
  endloop
 endfacet
 facet normal -9.999268e-01 1.210218e-02 0.000000e+00
  outer loop
   vertex 2.746056e+01 7.215039e+00 1.000000e+00
   vertex 2.746130e+01 7.275554e+00 6.666667e-01
   vertex 2.746056e+01 7.215039e+00 5.000000e-01
  endloop
 endfacet
 facet normal -9.999268e-01 1.210218e-02 0.000000e+00
  outer loop
   vertex 2.746130e+01 7.275554e+00 1.333333e+00
   vertex 2.746130e+01 7.275554e+00 1.000000e+00
   vertex 2.746056e+01 7.215039e+00 1.000000e+00
  endloop
 endfacet
 facet normal 8.974086e-01 4.412004e-01 0.000000e+00
  outer loop
   vertex 2.274991e+01 6.109466e+00 1.000000e+00
   vertex 2.268743e+01 6.236549e+00 5.000000e-01
   vertex 2.268743e+01 6.236549e+00 1.000000e+00
  endloop
 endfacet
 facet normal 8.974086e-01 4.412004e-01 0.000000e+00
  outer loop
   vertex 2.274991e+01 6.109466e+00 1.500000e+00
   vertex 2.268743e+01 6.236549e+00 1.000000e+00
   vertex 2.268743e+01 6.236549e+00 1.500000e+00
  endloop
 endfacet
 facet normal 8.710478e-01 4.911982e-01 0.000000e+00
  outer loop
   vertex 2.281919e+01 5.986613e+00 1.000000e+00
   vertex 2.274991e+01 6.109466e+00 5.000000e-01
   vertex 2.274991e+01 6.109466e+00 1.000000e+00
  endloop
 endfacet
 facet normal 8.710478e-01 4.911982e-01 0.000000e+00
  outer loop
   vertex 2.281919e+01 5.986613e+00 1.500000e+00
   vertex 2.274991e+01 6.109466e+00 1.000000e+00
   vertex 2.274991e+01 6.109466e+00 1.500000e+00
  endloop
 endfacet
 facet normal 9.211259e-01 3.892648e-01 -0.000000e+00
  outer loop
   vertex 2.268743e+01 6.236549e+00 1.000000e+00
   vertex 2.263144e+01 6.369045e+00 1.333333e+00
   vertex 2.268743e+01 6.236549e+00 1.500000e+00
  endloop
 endfacet
 facet normal 8.419586e-01 5.395421e-01 0.000000e+00
  outer loop
   vertex 2.281919e+01 5.986613e+00 1.000000e+00
   vertex 2.289528e+01 5.867863e+00 6.666667e-01
   vertex 2.281919e+01 5.986613e+00 5.000000e-01
  endloop
 endfacet
 facet normal 8.419586e-01 5.395421e-01 -0.000000e+00
  outer loop
   vertex 2.281919e+01 5.986613e+00 1.000000e+00
   vertex 2.281919e+01 5.986613e+00 1.500000e+00
   vertex 2.289528e+01 5.867863e+00 1.333333e+00
  endloop
 endfacet
 facet normal 8.710478e-01 4.911982e-01 -9.630314e-05
  outer loop
   vertex 2.281919e+01 5.986613e+00 1.500000e+00
   vertex 2.274991e+01 6.109466e+00 1.500000e+00
   vertex 2.274912e+01 6.110958e+00 2.000000e+00
  endloop
 endfacet
 facet normal -9.802660e-01 -1.976832e-01 0.000000e+00
  outer loop
   vertex 2.882133e+01 8.324450e+00 2.686131e+00
   vertex 2.892615e+01 7.804651e+00 2.343066e+00
   vertex 2.892615e+01 7.804651e+00 2.686131e+00
  endloop
 endfacet
 facet normal -9.802660e-01 -1.976832e-01 0.000000e+00
  outer loop
   vertex 2.882133e+01 8.324450e+00 3.029197e+00
   vertex 2.892615e+01 7.804651e+00 2.686131e+00
   vertex 2.892615e+01 7.804651e+00 3.029197e+00
  endloop
 endfacet
 facet normal -9.455041e-01 -3.256101e-01 0.000000e+00
  outer loop
   vertex 2.864867e+01 8.825815e+00 2.686131e+00
   vertex 2.882133e+01 8.324450e+00 2.343066e+00
   vertex 2.882133e+01 8.324450e+00 2.686131e+00
  endloop
 endfacet
 facet normal -9.455041e-01 -3.256101e-01 0.000000e+00
  outer loop
   vertex 2.864867e+01 8.825815e+00 3.029197e+00
   vertex 2.882133e+01 8.324450e+00 2.686131e+00
   vertex 2.882133e+01 8.324450e+00 3.029197e+00
  endloop
 endfacet
 facet normal -9.455041e-01 -3.256101e-01 -0.000000e+00
  outer loop
   vertex 2.882133e+01 8.324450e+00 2.343066e+00
   vertex 2.864867e+01 8.825815e+00 2.000000e+00
   vertex 2.882133e+01 8.324450e+00 2.000000e+00
  endloop
 endfacet
 facet normal -8.941248e-01 -4.478178e-01 -0.000000e+00
  outer loop
   vertex 2.841121e+01 9.299936e+00 2.328443e+00
   vertex 2.841121e+01 9.299936e+00 2.000000e+00
   vertex 2.864867e+01 8.825815e+00 2.000000e+00
  endloop
 endfacet
 facet normal -8.941248e-01 -4.478178e-01 -0.000000e+00
  outer loop
   vertex 2.841121e+01 9.299936e+00 2.656886e+00
   vertex 2.841121e+01 9.299936e+00 2.328443e+00
   vertex 2.864867e+01 8.825815e+00 2.343066e+00
  endloop
 endfacet
 facet normal -8.941248e-01 -4.478178e-01 0.000000e+00
  outer loop
   vertex 2.864867e+01 8.825815e+00 2.686131e+00
   vertex 2.864867e+01 8.825815e+00 3.029197e+00
   vertex 2.841121e+01 9.299936e+00 2.985330e+00
  endloop
 endfacet
 facet normal 9.710573e-01 2.388466e-01 0.000000e+00
  outer loop
   vertex 2.112413e+01 6.145878e+00 2.800000e+00
   vertex 2.103792e+01 6.496398e+00 2.400000e+00
   vertex 2.103792e+01 6.496398e+00 2.800000e+00
  endloop
 endfacet
 facet normal 9.710573e-01 2.388466e-01 0.000000e+00
  outer loop
   vertex 2.112413e+01 6.145878e+00 3.200000e+00
   vertex 2.103792e+01 6.496398e+00 2.800000e+00
   vertex 2.103792e+01 6.496398e+00 3.200000e+00
  endloop
 endfacet
 facet normal 9.457066e-01 3.250215e-01 0.000000e+00
  outer loop
   vertex 2.124038e+01 5.807642e+00 2.800000e+00
   vertex 2.112413e+01 6.145878e+00 2.400000e+00
   vertex 2.112413e+01 6.145878e+00 2.800000e+00
  endloop
 endfacet
 facet normal 9.457066e-01 3.250215e-01 0.000000e+00
  outer loop
   vertex 2.124038e+01 5.807642e+00 3.200000e+00
   vertex 2.112413e+01 6.145878e+00 2.800000e+00
   vertex 2.112413e+01 6.145878e+00 3.200000e+00
  endloop
 endfacet
 facet normal 9.457066e-01 3.250215e-01 0.000000e+00
  outer loop
   vertex 2.112413e+01 6.145878e+00 2.400000e+00
   vertex 2.124038e+01 5.807642e+00 2.000000e+00
   vertex 2.112413e+01 6.145878e+00 2.000000e+00
  endloop
 endfacet
 facet normal 9.889141e-01 1.484889e-01 -0.000000e+00
  outer loop
   vertex 2.098210e+01 6.868142e+00 2.533333e+00
   vertex 2.098210e+01 6.868142e+00 2.800000e+00
   vertex 2.103792e+01 6.496398e+00 2.800000e+00
  endloop
 endfacet
 facet normal 9.889141e-01 1.484889e-01 0.000000e+00
  outer loop
   vertex 2.098210e+01 6.868142e+00 3.066667e+00
   vertex 2.103792e+01 6.496398e+00 2.800000e+00
   vertex 2.098210e+01 6.868142e+00 2.800000e+00
  endloop
 endfacet
 facet normal 9.889141e-01 1.484889e-01 -0.000000e+00
  outer loop
   vertex 2.098210e+01 6.868142e+00 3.333333e+00
   vertex 2.098210e+01 6.868142e+00 3.600000e+00
   vertex 2.103792e+01 6.496398e+00 3.600000e+00
  endloop
 endfacet
 facet normal 9.710573e-01 2.388466e-01 0.000000e+00
  outer loop
   vertex 2.103792e+01 6.496398e+00 3.600000e+00
   vertex 2.112413e+01 6.145878e+00 3.200000e+00
   vertex 2.103792e+01 6.496398e+00 3.200000e+00
  endloop
 endfacet
 facet normal 9.128931e-01 4.081988e-01 0.000000e+00
  outer loop
   vertex 2.138637e+01 5.481142e+00 2.266667e+00
   vertex 2.138637e+01 5.481142e+00 2.000000e+00
   vertex 2.124038e+01 5.807642e+00 2.000000e+00
  endloop
 endfacet
 facet normal 9.128931e-01 4.081988e-01 0.000000e+00
  outer loop
   vertex 2.124038e+01 5.807642e+00 2.800000e+00
   vertex 2.138637e+01 5.481142e+00 2.533333e+00
   vertex 2.124038e+01 5.807642e+00 2.400000e+00
  endloop
 endfacet
 facet normal 9.128931e-01 4.081988e-01 -0.000000e+00
  outer loop
   vertex 2.124038e+01 5.807642e+00 2.800000e+00
   vertex 2.124038e+01 5.807642e+00 3.200000e+00
   vertex 2.138637e+01 5.481142e+00 3.066667e+00
  endloop
 endfacet
 facet normal 9.457066e-01 3.250215e-01 0.000000e+00
  outer loop
   vertex 2.112413e+01 6.145878e+00 3.600000e+00
   vertex 2.124038e+01 5.807642e+00 3.200000e+00
   vertex 2.112413e+01 6.145878e+00 3.200000e+00
  endloop
 endfacet
 facet normal 9.128931e-01 4.081988e-01 0.000000e+00
  outer loop
   vertex 2.124038e+01 5.807642e+00 3.600000e+00
   vertex 2.138637e+01 5.481142e+00 3.333333e+00
   vertex 2.124038e+01 5.807642e+00 3.200000e+00
  endloop
 endfacet
 facet normal -9.787793e-01 -2.049173e-01 0.000000e+00
  outer loop
   vertex 2.810529e+01 4.627563e+00 1.000000e+00
   vertex 2.817278e+01 4.305201e+00 5.000000e-01
   vertex 2.817278e+01 4.305201e+00 1.000000e+00
  endloop
 endfacet
 facet normal -9.787793e-01 -2.049173e-01 0.000000e+00
  outer loop
   vertex 2.810529e+01 4.627563e+00 1.500000e+00
   vertex 2.817278e+01 4.305201e+00 1.000000e+00
   vertex 2.817278e+01 4.305201e+00 1.500000e+00
  endloop
 endfacet
 facet normal -9.436255e-01 -3.310151e-01 0.000000e+00
  outer loop
   vertex 2.799764e+01 4.934448e+00 1.000000e+00
   vertex 2.810529e+01 4.627563e+00 5.000000e-01
   vertex 2.810529e+01 4.627563e+00 1.000000e+00
  endloop
 endfacet
 facet normal -9.436255e-01 -3.310151e-01 0.000000e+00
  outer loop
   vertex 2.799764e+01 4.934448e+00 1.500000e+00
   vertex 2.810529e+01 4.627563e+00 1.000000e+00
   vertex 2.810529e+01 4.627563e+00 1.500000e+00
  endloop
 endfacet
 facet normal -9.787776e-01 -2.049170e-01 -1.876511e-03
  outer loop
   vertex 2.817278e+01 4.305201e+00 5.000000e-01
   vertex 2.810529e+01 4.627563e+00 5.000000e-01
   vertex 2.810926e+01 4.613183e+00 0.000000e+00
  endloop
 endfacet
 facet normal -9.975350e-01 -7.017103e-02 0.000000e+00
  outer loop
   vertex 2.819740e+01 3.955208e+00 6.666667e-01
   vertex 2.819740e+01 3.955208e+00 1.000000e+00
   vertex 2.817278e+01 4.305201e+00 1.000000e+00
  endloop
 endfacet
 facet normal -9.787776e-01 -2.049170e-01 1.876511e-03
  outer loop
   vertex 2.817278e+01 4.305201e+00 1.500000e+00
   vertex 2.810926e+01 4.613183e+00 2.000000e+00
   vertex 2.810529e+01 4.627563e+00 1.500000e+00
  endloop
 endfacet
 facet normal -9.975350e-01 -7.017103e-02 0.000000e+00
  outer loop
   vertex 2.817278e+01 4.305201e+00 1.000000e+00
   vertex 2.819740e+01 3.955208e+00 1.333333e+00
   vertex 2.817278e+01 4.305201e+00 1.500000e+00
  endloop
 endfacet
 facet normal -9.450948e-01 -3.267907e-01 1.895959e-03
  outer loop
   vertex 2.800055e+01 4.927581e+00 0.000000e+00
   vertex 2.810926e+01 4.613183e+00 0.000000e+00
   vertex 2.810529e+01 4.627563e+00 5.000000e-01
  endloop
 endfacet
 facet normal -8.926679e-01 -4.507150e-01 -0.000000e+00
  outer loop
   vertex 2.799764e+01 4.934448e+00 1.000000e+00
   vertex 2.785106e+01 5.224762e+00 6.666667e-01
   vertex 2.799764e+01 4.934448e+00 5.000000e-01
  endloop
 endfacet
 facet normal -9.436250e-01 -3.310149e-01 9.466271e-04
  outer loop
   vertex 2.810529e+01 4.627563e+00 1.500000e+00
   vertex 2.800055e+01 4.927581e+00 2.000000e+00
   vertex 2.799764e+01 4.934448e+00 1.500000e+00
  endloop
 endfacet
 facet normal -8.926679e-01 -4.507150e-01 -0.000000e+00
  outer loop
   vertex 2.785106e+01 5.224762e+00 1.333333e+00
   vertex 2.785106e+01 5.224762e+00 1.000000e+00
   vertex 2.799764e+01 4.934448e+00 1.000000e+00
  endloop
 endfacet
 facet normal -9.948181e-01 1.016705e-01 0.000000e+00
  outer loop
   vertex 2.787538e+01 5.423696e+00 1.000000e+00
   vertex 2.786508e+01 5.322935e+00 5.000000e-01
   vertex 2.786508e+01 5.322935e+00 1.000000e+00
  endloop
 endfacet
 facet normal -9.948181e-01 1.016705e-01 0.000000e+00
  outer loop
   vertex 2.787538e+01 5.423696e+00 1.500000e+00
   vertex 2.786508e+01 5.322935e+00 1.000000e+00
   vertex 2.786508e+01 5.322935e+00 1.500000e+00
  endloop
 endfacet
 facet normal -9.981289e-01 6.114477e-02 0.000000e+00
  outer loop
   vertex 2.788162e+01 5.525478e+00 1.000000e+00
   vertex 2.787538e+01 5.423696e+00 5.000000e-01
   vertex 2.787538e+01 5.423696e+00 1.000000e+00
  endloop
 endfacet
 facet normal -9.981289e-01 6.114477e-02 0.000000e+00
  outer loop
   vertex 2.788162e+01 5.525478e+00 1.500000e+00
   vertex 2.787538e+01 5.423696e+00 1.000000e+00
   vertex 2.787538e+01 5.423696e+00 1.500000e+00
  endloop
 endfacet
 facet normal -9.899440e-01 1.414597e-01 0.000000e+00
  outer loop
   vertex 2.785106e+01 5.224762e+00 6.666667e-01
   vertex 2.785106e+01 5.224762e+00 1.000000e+00
   vertex 2.786508e+01 5.322935e+00 1.000000e+00
  endloop
 endfacet
 facet normal -9.926405e-01 1.210294e-01 -4.087058e-03
  outer loop
   vertex 2.787552e+01 5.425436e+00 2.000000e+00
   vertex 2.786508e+01 5.322935e+00 1.500000e+00
   vertex 2.785106e+01 5.224762e+00 2.000000e+00
  endloop
 endfacet
 facet normal -9.899440e-01 1.414597e-01 0.000000e+00
  outer loop
   vertex 2.786508e+01 5.322935e+00 1.000000e+00
   vertex 2.785106e+01 5.224762e+00 1.333333e+00
   vertex 2.786508e+01 5.322935e+00 1.500000e+00
  endloop
 endfacet
 facet normal -9.997921e-01 2.038779e-02 0.000000e+00
  outer loop
   vertex 2.788162e+01 5.525478e+00 1.000000e+00
   vertex 2.788370e+01 5.627430e+00 6.666667e-01
   vertex 2.788162e+01 5.525478e+00 5.000000e-01
  endloop
 endfacet
 facet normal -9.997921e-01 2.038779e-02 0.000000e+00
  outer loop
   vertex 2.788370e+01 5.627430e+00 1.333333e+00
   vertex 2.788370e+01 5.627430e+00 1.000000e+00
   vertex 2.788162e+01 5.525478e+00 1.000000e+00
  endloop
 endfacet
 facet normal 9.889493e-01 1.482544e-01 0.000000e+00
  outer loop
   vertex 2.294847e+01 5.062015e+00 1.000000e+00
   vertex 2.288972e+01 5.453915e+00 5.000000e-01
   vertex 2.288972e+01 5.453915e+00 1.000000e+00
  endloop
 endfacet
 facet normal 9.889493e-01 1.482544e-01 0.000000e+00
  outer loop
   vertex 2.294847e+01 5.062015e+00 1.500000e+00
   vertex 2.288972e+01 5.453915e+00 1.000000e+00
   vertex 2.288972e+01 5.453915e+00 1.500000e+00
  endloop
 endfacet
 facet normal 9.540671e-01 2.995930e-01 0.000000e+00
  outer loop
   vertex 2.306240e+01 4.699207e+00 1.000000e+00
   vertex 2.294847e+01 5.062015e+00 5.000000e-01
   vertex 2.294847e+01 5.062015e+00 1.000000e+00
  endloop
 endfacet
 facet normal 9.540671e-01 2.995930e-01 0.000000e+00
  outer loop
   vertex 2.306240e+01 4.699207e+00 1.500000e+00
   vertex 2.294847e+01 5.062015e+00 1.000000e+00
   vertex 2.294847e+01 5.062015e+00 1.500000e+00
  endloop
 endfacet
 facet normal 9.999098e-01 -1.343025e-02 0.000000e+00
  outer loop
   vertex 2.289528e+01 5.867863e+00 6.666667e-01
   vertex 2.289528e+01 5.867863e+00 1.000000e+00
   vertex 2.288972e+01 5.453915e+00 1.000000e+00
  endloop
 endfacet
 facet normal 9.999098e-01 -1.343025e-02 0.000000e+00
  outer loop
   vertex 2.289528e+01 5.867863e+00 1.333333e+00
   vertex 2.288972e+01 5.453915e+00 1.000000e+00
   vertex 2.289528e+01 5.867863e+00 1.000000e+00
  endloop
 endfacet
 facet normal 9.799633e-01 1.990596e-01 -6.876320e-03
  outer loop
   vertex 2.290853e+01 5.275957e+00 2.000000e+00
   vertex 2.296756e+01 4.985342e+00 2.000000e+00
   vertex 2.294847e+01 5.062015e+00 1.500000e+00
  endloop
 endfacet
 facet normal 9.414055e-01 3.372127e-01 6.570209e-03
  outer loop
   vertex 2.298179e+01 4.933985e+00 0.000000e+00
   vertex 2.306240e+01 4.699207e+00 5.000000e-01
   vertex 2.308778e+01 4.638113e+00 0.000000e+00
  endloop
 endfacet
 facet normal 8.975882e-01 4.408348e-01 0.000000e+00
  outer loop
   vertex 2.306240e+01 4.699207e+00 1.000000e+00
   vertex 2.323004e+01 4.357876e+00 6.666667e-01
   vertex 2.306240e+01 4.699207e+00 5.000000e-01
  endloop
 endfacet
 facet normal 9.466870e-01 3.221197e-01 -4.762885e-03
  outer loop
   vertex 2.296756e+01 4.985342e+00 2.000000e+00
   vertex 2.307736e+01 4.662641e+00 2.000000e+00
   vertex 2.306240e+01 4.699207e+00 1.500000e+00
  endloop
 endfacet
 facet normal 8.975882e-01 4.408348e-01 0.000000e+00
  outer loop
   vertex 2.323004e+01 4.357876e+00 1.333333e+00
   vertex 2.323004e+01 4.357876e+00 1.000000e+00
   vertex 2.306240e+01 4.699207e+00 1.000000e+00
  endloop
 endfacet
 facet normal -9.998375e-01 1.802877e-02 0.000000e+00
  outer loop
   vertex 2.938328e+01 5.569598e+00 2.732778e+00
   vertex 2.938276e+01 5.540720e+00 2.366389e+00
   vertex 2.938276e+01 5.540720e+00 2.732778e+00
  endloop
 endfacet
 facet normal -9.998375e-01 1.802877e-02 0.000000e+00
  outer loop
   vertex 2.938328e+01 5.569598e+00 3.099167e+00
   vertex 2.938276e+01 5.540720e+00 2.732778e+00
   vertex 2.938276e+01 5.540720e+00 3.099167e+00
  endloop
 endfacet
 facet normal -9.999408e-01 1.088326e-02 0.000000e+00
  outer loop
   vertex 2.938359e+01 5.598513e+00 2.732778e+00
   vertex 2.938328e+01 5.569598e+00 2.366389e+00
   vertex 2.938328e+01 5.569598e+00 2.732778e+00
  endloop
 endfacet
 facet normal -9.999408e-01 1.088326e-02 0.000000e+00
  outer loop
   vertex 2.938359e+01 5.598513e+00 3.099167e+00
   vertex 2.938328e+01 5.569598e+00 2.732778e+00
   vertex 2.938328e+01 5.569598e+00 3.099167e+00
  endloop
 endfacet
 facet normal -9.996791e-01 2.533226e-02 0.000000e+00
  outer loop
   vertex 2.938203e+01 5.511968e+00 2.244259e+00
   vertex 2.938276e+01 5.540720e+00 2.000000e+00
   vertex 2.938203e+01 5.511968e+00 2.000000e+00
  endloop
 endfacet
 facet normal -9.998375e-01 1.802877e-02 0.000000e+00
  outer loop
   vertex 2.938276e+01 5.540720e+00 2.366389e+00
   vertex 2.938328e+01 5.569598e+00 2.000000e+00
   vertex 2.938276e+01 5.540720e+00 2.000000e+00
  endloop
 endfacet
 facet normal -9.996791e-01 2.533226e-02 0.000000e+00
  outer loop
   vertex 2.938203e+01 5.511968e+00 2.488519e+00
   vertex 2.938203e+01 5.511968e+00 2.732778e+00
   vertex 2.938276e+01 5.540720e+00 2.732778e+00
  endloop
 endfacet
 facet normal -9.999408e-01 1.088326e-02 0.000000e+00
  outer loop
   vertex 2.938359e+01 5.598513e+00 2.000000e+00
   vertex 2.938328e+01 5.569598e+00 2.366389e+00
   vertex 2.938359e+01 5.598513e+00 2.366389e+00
  endloop
 endfacet
 facet normal -9.999937e-01 3.561806e-03 0.000000e+00
  outer loop
   vertex 2.938370e+01 5.627430e+00 2.242166e+00
   vertex 2.938370e+01 5.627430e+00 2.000000e+00
   vertex 2.938359e+01 5.598513e+00 2.000000e+00
  endloop
 endfacet
 facet normal -9.999937e-01 3.561806e-03 0.000000e+00
  outer loop
   vertex 2.938359e+01 5.598513e+00 2.732778e+00
   vertex 2.938370e+01 5.627430e+00 2.484333e+00
   vertex 2.938359e+01 5.598513e+00 2.366389e+00
  endloop
 endfacet
 facet normal -9.999937e-01 3.561806e-03 0.000000e+00
  outer loop
   vertex 2.938370e+01 5.627430e+00 2.968666e+00
   vertex 2.938370e+01 5.627430e+00 2.726499e+00
   vertex 2.938359e+01 5.598513e+00 2.732778e+00
  endloop
 endfacet
 facet normal 9.845449e-01 1.751321e-01 0.000000e+00
  outer loop
   vertex 2.148110e+01 4.750063e+00 2.800000e+00
   vertex 2.141793e+01 5.105185e+00 2.400000e+00
   vertex 2.141793e+01 5.105185e+00 2.800000e+00
  endloop
 endfacet
 facet normal 9.845449e-01 1.751321e-01 0.000000e+00
  outer loop
   vertex 2.148110e+01 4.750063e+00 3.200000e+00
   vertex 2.141793e+01 5.105185e+00 2.800000e+00
   vertex 2.141793e+01 5.105185e+00 3.200000e+00
  endloop
 endfacet
 facet normal 9.648854e-01 2.626713e-01 0.000000e+00
  outer loop
   vertex 2.157491e+01 4.405497e+00 2.800000e+00
   vertex 2.148110e+01 4.750063e+00 2.400000e+00
   vertex 2.148110e+01 4.750063e+00 2.800000e+00
  endloop
 endfacet
 facet normal 9.648854e-01 2.626713e-01 0.000000e+00
  outer loop
   vertex 2.157491e+01 4.405497e+00 3.200000e+00
   vertex 2.148110e+01 4.750063e+00 2.800000e+00
   vertex 2.148110e+01 4.750063e+00 3.200000e+00
  endloop
 endfacet
 facet normal 9.648854e-01 2.626713e-01 0.000000e+00
  outer loop
   vertex 2.148110e+01 4.750063e+00 2.400000e+00
   vertex 2.157491e+01 4.405497e+00 2.000000e+00
   vertex 2.148110e+01 4.750063e+00 2.000000e+00
  endloop
 endfacet
 facet normal 9.964944e-01 8.365903e-02 -0.000000e+00
  outer loop
   vertex 2.138637e+01 5.481142e+00 2.533333e+00
   vertex 2.138637e+01 5.481142e+00 2.800000e+00
   vertex 2.141793e+01 5.105185e+00 2.800000e+00
  endloop
 endfacet
 facet normal 9.964944e-01 8.365903e-02 0.000000e+00
  outer loop
   vertex 2.138637e+01 5.481142e+00 3.066667e+00
   vertex 2.141793e+01 5.105185e+00 2.800000e+00
   vertex 2.138637e+01 5.481142e+00 2.800000e+00
  endloop
 endfacet
 facet normal 9.964944e-01 8.365903e-02 -0.000000e+00
  outer loop
   vertex 2.138637e+01 5.481142e+00 3.333333e+00
   vertex 2.138637e+01 5.481142e+00 3.600000e+00
   vertex 2.141793e+01 5.105185e+00 3.600000e+00
  endloop
 endfacet
 facet normal 9.845449e-01 1.751321e-01 0.000000e+00
  outer loop
   vertex 2.141793e+01 5.105185e+00 3.600000e+00
   vertex 2.148110e+01 4.750063e+00 3.200000e+00
   vertex 2.141793e+01 5.105185e+00 3.200000e+00
  endloop
 endfacet
 facet normal 9.376112e-01 3.476856e-01 0.000000e+00
  outer loop
   vertex 2.169907e+01 4.070670e+00 2.266667e+00
   vertex 2.169907e+01 4.070670e+00 2.000000e+00
   vertex 2.157491e+01 4.405497e+00 2.000000e+00
  endloop
 endfacet
 facet normal 9.376112e-01 3.476856e-01 0.000000e+00
  outer loop
   vertex 2.157491e+01 4.405497e+00 2.800000e+00
   vertex 2.169907e+01 4.070670e+00 2.533333e+00
   vertex 2.157491e+01 4.405497e+00 2.400000e+00
  endloop
 endfacet
 facet normal 9.376112e-01 3.476856e-01 -0.000000e+00
  outer loop
   vertex 2.157491e+01 4.405497e+00 2.800000e+00
   vertex 2.157491e+01 4.405497e+00 3.200000e+00
   vertex 2.169907e+01 4.070670e+00 3.066667e+00
  endloop
 endfacet
 facet normal 9.648854e-01 2.626713e-01 0.000000e+00
  outer loop
   vertex 2.148110e+01 4.750063e+00 3.600000e+00
   vertex 2.157491e+01 4.405497e+00 3.200000e+00
   vertex 2.148110e+01 4.750063e+00 3.200000e+00
  endloop
 endfacet
 facet normal 9.376112e-01 3.476856e-01 0.000000e+00
  outer loop
   vertex 2.157491e+01 4.405497e+00 3.600000e+00
   vertex 2.169907e+01 4.070670e+00 3.333333e+00
   vertex 2.157491e+01 4.405497e+00 3.200000e+00
  endloop
 endfacet
 facet normal -9.837481e-01 -1.795540e-01 0.000000e+00
  outer loop
   vertex 2.833035e+01 2.856459e+00 1.000000e+00
   vertex 2.838228e+01 2.571903e+00 5.000000e-01
   vertex 2.838228e+01 2.571903e+00 1.000000e+00
  endloop
 endfacet
 facet normal -9.837481e-01 -1.795540e-01 0.000000e+00
  outer loop
   vertex 2.833035e+01 2.856459e+00 1.500000e+00
   vertex 2.838228e+01 2.571903e+00 1.000000e+00
   vertex 2.838228e+01 2.571903e+00 1.500000e+00
  endloop
 endfacet
 facet normal -9.566243e-01 -2.913246e-01 0.000000e+00
  outer loop
   vertex 2.824708e+01 3.129890e+00 1.000000e+00
   vertex 2.833035e+01 2.856459e+00 5.000000e-01
   vertex 2.833035e+01 2.856459e+00 1.000000e+00
  endloop
 endfacet
 facet normal -9.566243e-01 -2.913246e-01 0.000000e+00
  outer loop
   vertex 2.824708e+01 3.129890e+00 1.500000e+00
   vertex 2.833035e+01 2.856459e+00 1.000000e+00
   vertex 2.833035e+01 2.856459e+00 1.500000e+00
  endloop
 endfacet
 facet normal -9.837472e-01 -1.795539e-01 -1.333357e-03
  outer loop
   vertex 2.838228e+01 2.571903e+00 5.000000e-01
   vertex 2.833035e+01 2.856459e+00 5.000000e-01
   vertex 2.833316e+01 2.844758e+00 1.049177e-14
  endloop
 endfacet
 facet normal -9.981203e-01 -6.128561e-02 0.000000e+00
  outer loop
   vertex 2.840106e+01 2.266049e+00 6.666667e-01
   vertex 2.840106e+01 2.266049e+00 1.000000e+00
   vertex 2.838228e+01 2.571903e+00 1.000000e+00
  endloop
 endfacet
 facet normal -9.837472e-01 -1.795539e-01 1.333357e-03
  outer loop
   vertex 2.838228e+01 2.571903e+00 1.500000e+00
   vertex 2.833316e+01 2.844758e+00 2.000000e+00
   vertex 2.833035e+01 2.856459e+00 1.500000e+00
  endloop
 endfacet
 facet normal -9.981203e-01 -6.128561e-02 0.000000e+00
  outer loop
   vertex 2.838228e+01 2.571903e+00 1.000000e+00
   vertex 2.840106e+01 2.266049e+00 1.333333e+00
   vertex 2.838228e+01 2.571903e+00 1.500000e+00
  endloop
 endfacet
 facet normal -9.576686e-01 -2.878699e-01 1.348163e-03
  outer loop
   vertex 2.824915e+01 3.124241e+00 9.652477e-15
   vertex 2.833316e+01 2.844758e+00 1.049177e-14
   vertex 2.833035e+01 2.856459e+00 5.000000e-01
  endloop
 endfacet
 facet normal -9.171165e-01 -3.986192e-01 0.000000e+00
  outer loop
   vertex 2.813314e+01 3.392030e+00 6.666667e-01
   vertex 2.824708e+01 3.129890e+00 1.000000e+00
   vertex 2.813314e+01 3.392030e+00 1.000000e+00
  endloop
 endfacet
 facet normal -9.566241e-01 -2.913245e-01 6.716283e-04
  outer loop
   vertex 2.833035e+01 2.856459e+00 1.500000e+00
   vertex 2.824915e+01 3.124241e+00 2.000000e+00
   vertex 2.824708e+01 3.129890e+00 1.500000e+00
  endloop
 endfacet
 facet normal -9.171165e-01 -3.986192e-01 -0.000000e+00
  outer loop
   vertex 2.813314e+01 3.392030e+00 1.333333e+00
   vertex 2.813314e+01 3.392030e+00 1.000000e+00
   vertex 2.824708e+01 3.129890e+00 1.000000e+00
  endloop
 endfacet
 facet normal 9.966933e-01 8.125598e-02 0.000000e+00
  outer loop
   vertex 2.323041e+01 3.550275e+00 1.000000e+00
   vertex 2.319740e+01 3.955208e+00 5.000000e-01
   vertex 2.319740e+01 3.955208e+00 1.000000e+00
  endloop
 endfacet
 facet normal 9.966933e-01 8.125598e-02 0.000000e+00
  outer loop
   vertex 2.323041e+01 3.550275e+00 1.500000e+00
   vertex 2.319740e+01 3.955208e+00 1.000000e+00
   vertex 2.319740e+01 3.955208e+00 1.500000e+00
  endloop
 endfacet
 facet normal 9.716180e-01 2.365556e-01 0.000000e+00
  outer loop
   vertex 2.332037e+01 3.180793e+00 1.000000e+00
   vertex 2.323041e+01 3.550275e+00 5.000000e-01
   vertex 2.323041e+01 3.550275e+00 1.000000e+00
  endloop
 endfacet
 facet normal 9.716180e-01 2.365556e-01 0.000000e+00
  outer loop
   vertex 2.332037e+01 3.180793e+00 1.500000e+00
   vertex 2.323041e+01 3.550275e+00 1.000000e+00
   vertex 2.323041e+01 3.550275e+00 1.500000e+00
  endloop
 endfacet
 facet normal 9.967303e-01 -8.080020e-02 0.000000e+00
  outer loop
   vertex 2.323004e+01 4.357876e+00 6.666667e-01
   vertex 2.323004e+01 4.357876e+00 1.000000e+00
   vertex 2.319740e+01 3.955208e+00 1.000000e+00
  endloop
 endfacet
 facet normal 9.967303e-01 -8.080020e-02 0.000000e+00
  outer loop
   vertex 2.323004e+01 4.357876e+00 1.333333e+00
   vertex 2.319740e+01 3.955208e+00 1.000000e+00
   vertex 2.323004e+01 4.357876e+00 1.000000e+00
  endloop
 endfacet
 facet normal 9.614440e-01 2.749224e-01 6.567487e-03
  outer loop
   vertex 2.325529e+01 3.420340e+00 -3.363129e-15
   vertex 2.332037e+01 3.180793e+00 5.000000e-01
   vertex 2.334169e+01 3.118170e+00 -4.698428e-15
  endloop
 endfacet
 facet normal 9.244995e-01 3.811832e-01 0.000000e+00
  outer loop
   vertex 2.332037e+01 3.180793e+00 1.000000e+00
   vertex 2.346532e+01 2.829228e+00 6.666667e-01
   vertex 2.332037e+01 3.180793e+00 5.000000e-01
  endloop
 endfacet
 facet normal 9.614440e-01 2.749224e-01 -6.567487e-03
  outer loop
   vertex 2.325529e+01 3.420340e+00 2.000000e+00
   vertex 2.334169e+01 3.118170e+00 2.000000e+00
   vertex 2.332037e+01 3.180793e+00 1.500000e+00
  endloop
 endfacet
 facet normal 9.244995e-01 3.811832e-01 0.000000e+00
  outer loop
   vertex 2.346532e+01 2.829228e+00 1.333333e+00
   vertex 2.346532e+01 2.829228e+00 1.000000e+00
   vertex 2.332037e+01 3.180793e+00 1.000000e+00
  endloop
 endfacet
 facet normal -9.897353e-01 1.429124e-01 0.000000e+00
  outer loop
   vertex 2.818090e+01 3.668501e+00 1.000000e+00
   vertex 2.816057e+01 3.527650e+00 5.000000e-01
   vertex 2.816057e+01 3.527650e+00 1.000000e+00
  endloop
 endfacet
 facet normal -9.897353e-01 1.429124e-01 0.000000e+00
  outer loop
   vertex 2.818090e+01 3.668501e+00 1.500000e+00
   vertex 2.816057e+01 3.527650e+00 1.000000e+00
   vertex 2.816057e+01 3.527650e+00 1.500000e+00
  endloop
 endfacet
 facet normal -9.962871e-01 8.609288e-02 0.000000e+00
  outer loop
   vertex 2.819327e+01 3.811617e+00 1.000000e+00
   vertex 2.818090e+01 3.668501e+00 5.000000e-01
   vertex 2.818090e+01 3.668501e+00 1.000000e+00
  endloop
 endfacet
 facet normal -9.962871e-01 8.609288e-02 0.000000e+00
  outer loop
   vertex 2.819327e+01 3.811617e+00 1.500000e+00
   vertex 2.818090e+01 3.668501e+00 1.000000e+00
   vertex 2.818090e+01 3.668501e+00 1.500000e+00
  endloop
 endfacet
 facet normal -9.801565e-01 1.982252e-01 0.000000e+00
  outer loop
   vertex 2.813314e+01 3.392030e+00 6.666667e-01
   vertex 2.813314e+01 3.392030e+00 1.000000e+00
   vertex 2.816057e+01 3.527650e+00 1.000000e+00
  endloop
 endfacet
 facet normal -9.854820e-01 1.695886e-01 -8.059553e-03
  outer loop
   vertex 2.818128e+01 3.671792e+00 2.000000e+00
   vertex 2.816057e+01 3.527650e+00 1.500000e+00
   vertex 2.813314e+01 3.392030e+00 2.000000e+00
  endloop
 endfacet
 facet normal -9.801565e-01 1.982252e-01 0.000000e+00
  outer loop
   vertex 2.816057e+01 3.527650e+00 1.000000e+00
   vertex 2.813314e+01 3.392030e+00 1.333333e+00
   vertex 2.816057e+01 3.527650e+00 1.500000e+00
  endloop
 endfacet
 facet normal -9.995871e-01 2.873305e-02 0.000000e+00
  outer loop
   vertex 2.819327e+01 3.811617e+00 1.000000e+00
   vertex 2.819740e+01 3.955208e+00 6.666667e-01
   vertex 2.819327e+01 3.811617e+00 5.000000e-01
  endloop
 endfacet
 facet normal -9.995871e-01 2.873305e-02 0.000000e+00
  outer loop
   vertex 2.819740e+01 3.955208e+00 1.333333e+00
   vertex 2.819740e+01 3.955208e+00 1.000000e+00
   vertex 2.819327e+01 3.811617e+00 1.000000e+00
  endloop
 endfacet
 facet normal -9.917782e-01 -1.279690e-01 0.000000e+00
  outer loop
   vertex 2.984351e+01 2.942159e+00 2.650000e+00
   vertex 2.988601e+01 2.612796e+00 2.325000e+00
   vertex 2.988601e+01 2.612796e+00 2.650000e+00
  endloop
 endfacet
 facet normal -9.917782e-01 -1.279690e-01 0.000000e+00
  outer loop
   vertex 2.984351e+01 2.942159e+00 2.975000e+00
   vertex 2.988601e+01 2.612796e+00 2.650000e+00
   vertex 2.988601e+01 2.612796e+00 2.975000e+00
  endloop
 endfacet
 facet normal -9.778307e-01 -2.093972e-01 0.000000e+00
  outer loop
   vertex 2.977465e+01 3.263695e+00 2.650000e+00
   vertex 2.984351e+01 2.942159e+00 2.325000e+00
   vertex 2.984351e+01 2.942159e+00 2.650000e+00
  endloop
 endfacet
 facet normal -9.778307e-01 -2.093972e-01 0.000000e+00
  outer loop
   vertex 2.977465e+01 3.263695e+00 2.975000e+00
   vertex 2.984351e+01 2.942159e+00 2.650000e+00
   vertex 2.984351e+01 2.942159e+00 2.975000e+00
  endloop
 endfacet
 facet normal -9.990586e-01 -4.338160e-02 -0.000000e+00
  outer loop
   vertex 2.990106e+01 2.266049e+00 2.216667e+00
   vertex 2.988601e+01 2.612796e+00 2.000000e+00
   vertex 2.990106e+01 2.266049e+00 2.000000e+00
  endloop
 endfacet
 facet normal -9.917782e-01 -1.279690e-01 0.000000e+00
  outer loop
   vertex 2.984351e+01 2.942159e+00 2.000000e+00
   vertex 2.988601e+01 2.612796e+00 2.325000e+00
   vertex 2.984351e+01 2.942159e+00 2.325000e+00
  endloop
 endfacet
 facet normal -9.990586e-01 -4.338160e-02 0.000000e+00
  outer loop
   vertex 2.990106e+01 2.266049e+00 2.433333e+00
   vertex 2.990106e+01 2.266049e+00 2.650000e+00
   vertex 2.988601e+01 2.612796e+00 2.650000e+00
  endloop
 endfacet
 facet normal -9.778307e-01 -2.093972e-01 -0.000000e+00
  outer loop
   vertex 2.984351e+01 2.942159e+00 2.325000e+00
   vertex 2.977465e+01 3.263695e+00 2.000000e+00
   vertex 2.984351e+01 2.942159e+00 2.000000e+00
  endloop
 endfacet
 facet normal -9.990586e-01 -4.338160e-02 0.000000e+00
  outer loop
   vertex 2.990106e+01 2.266049e+00 3.083333e+00
   vertex 2.990106e+01 2.266049e+00 3.300000e+00
   vertex 2.988601e+01 2.612796e+00 3.300000e+00
  endloop
 endfacet
 facet normal -9.917782e-01 -1.279690e-01 -0.000000e+00
  outer loop
   vertex 2.988601e+01 2.612796e+00 3.300000e+00
   vertex 2.984351e+01 2.942159e+00 2.975000e+00
   vertex 2.988601e+01 2.612796e+00 2.975000e+00
  endloop
 endfacet
 facet normal -9.573281e-01 -2.890034e-01 -0.000000e+00
  outer loop
   vertex 2.967962e+01 3.578490e+00 2.216667e+00
   vertex 2.967962e+01 3.578490e+00 2.000000e+00
   vertex 2.977465e+01 3.263695e+00 2.000000e+00
  endloop
 endfacet
 facet normal -9.573281e-01 -2.890034e-01 -0.000000e+00
  outer loop
   vertex 2.977465e+01 3.263695e+00 2.650000e+00
   vertex 2.967962e+01 3.578490e+00 2.433333e+00
   vertex 2.977465e+01 3.263695e+00 2.325000e+00
  endloop
 endfacet
 facet normal -9.573281e-01 -2.890034e-01 0.000000e+00
  outer loop
   vertex 2.977465e+01 3.263695e+00 2.650000e+00
   vertex 2.977465e+01 3.263695e+00 2.975000e+00
   vertex 2.967962e+01 3.578490e+00 2.866667e+00
  endloop
 endfacet
 facet normal -9.778307e-01 -2.093972e-01 -0.000000e+00
  outer loop
   vertex 2.984351e+01 2.942159e+00 3.300000e+00
   vertex 2.977465e+01 3.263695e+00 2.975000e+00
   vertex 2.984351e+01 2.942159e+00 2.975000e+00
  endloop
 endfacet
 facet normal -9.573281e-01 -2.890034e-01 -0.000000e+00
  outer loop
   vertex 2.977465e+01 3.263695e+00 3.300000e+00
   vertex 2.967962e+01 3.578490e+00 3.083333e+00
   vertex 2.977465e+01 3.263695e+00 2.975000e+00
  endloop
 endfacet
 facet normal 9.996753e-01 2.543558e-02 1.505993e-03
  outer loop
   vertex 2.340538e+01 2.412917e+00 -7.095573e-15
   vertex 2.341207e+01 2.031755e+00 2.000000e+00
   vertex 2.341608e+01 1.992449e+00 -7.058245e-15
  endloop
 endfacet
 facet normal 9.812615e-01 1.926689e-01 2.143070e-03
  outer loop
   vertex 2.341608e+01 1.992449e+00 -7.058245e-15
   vertex 2.348152e+01 1.636902e+00 2.000000e+00
   vertex 2.349712e+01 1.579725e+00 -6.821132e-15
  endloop
 endfacet
 facet normal 9.350740e-01 3.544421e-01 2.701041e-03
  outer loop
   vertex 2.349712e+01 1.579725e+00 -6.821132e-15
   vertex 2.361320e+01 1.258229e+00 2.000000e+00
   vertex 2.364620e+01 1.186428e+00 -6.390945e-15
  endloop
 endfacet
 facet normal 7.653505e-01 6.436037e-01 3.583680e-03
  outer loop
   vertex 2.385910e+01 8.236899e-01 -5.779861e-15
   vertex 2.404818e+01 5.877095e-01 2.000000e+00
   vertex 2.412981e+01 5.017781e-01 -5.005177e-15
  endloop
 endfacet
 facet normal 5.095889e-01 8.604080e-01 4.154471e-03
  outer loop
   vertex 2.445065e+01 2.298044e-01 -4.088819e-15
   vertex 2.467253e+01 8.873015e-02 2.000000e+00
   vertex 2.481254e+01 1.546710e-02 -3.056727e-15
  endloop
 endfacet
 facet normal 6.466224e-01 7.628003e-01 3.908486e-03
  outer loop
   vertex 2.412981e+01 5.017781e-01 -5.005177e-15
   vertex 2.434029e+01 3.131076e-01 2.000000e+00
   vertex 2.445065e+01 2.298044e-01 -4.088819e-15
  endloop
 endfacet
 facet normal 8.624173e-01 5.061880e-01 3.181236e-03
  outer loop
   vertex 2.364620e+01 1.186428e+00 -6.390945e-15
   vertex 2.380372e+01 9.054739e-01 2.000000e+00
   vertex 2.385910e+01 8.236899e-01 -5.779861e-15
  endloop
 endfacet
 facet normal 3.581330e-01 9.336604e-01 4.355143e-03
  outer loop
   vertex 2.481254e+01 1.546710e-02 -3.056727e-15
   vertex 2.503142e+01 -7.781985e-02 2.000000e+00
   vertex 2.520525e+01 -1.351669e-01 -1.938113e-15
  endloop
 endfacet
 facet normal -4.076730e-02 9.991615e-01 -3.796183e-03
  outer loop
   vertex 2.580500e+01 -2.321045e-01 2.000000e+00
   vertex 2.620032e+01 -2.159749e-01 2.000000e+00
   vertex 2.603807e+01 -2.301937e-01 4.304759e-16
  endloop
 endfacet
 facet normal -1.978877e-01 9.802182e-01 -3.557584e-03
  outer loop
   vertex 2.620032e+01 -2.159749e-01 2.000000e+00
   vertex 2.658815e+01 -1.376802e-01 2.000000e+00
   vertex 2.645461e+01 -1.718969e-01 1.613407e-15
  endloop
 endfacet
 facet normal -4.934493e-01 8.697704e-01 -2.704271e-03
  outer loop
   vertex 2.695876e+01 8.184086e-04 2.000000e+00
   vertex 2.730289e+01 1.960522e-01 2.000000e+00
   vertex 2.722935e+01 1.481135e-01 3.810075e-15
  endloop
 endfacet
 facet normal -6.244909e-01 7.810293e-01 -2.090049e-03
  outer loop
   vertex 2.730289e+01 1.960522e-01 2.000000e+00
   vertex 2.761190e+01 4.431314e-01 2.000000e+00
   vertex 2.756561e+01 4.007690e-01 4.761636e-15
  endloop
 endfacet
 facet normal -3.500534e-01 9.367243e-01 -3.193899e-03
  outer loop
   vertex 2.658815e+01 -1.376802e-01 2.000000e+00
   vertex 2.695876e+01 8.184086e-04 2.000000e+00
   vertex 2.685549e+01 -4.459339e-02 2.750671e-15
  endloop
 endfacet
 facet normal -8.408343e-01 5.412909e-01 -1.395111e-03
  outer loop
   vertex 2.788568e+01 7.457630e-01 2.000000e+00
   vertex 2.810658e+01 1.088906e+00 2.000000e+00
   vertex 2.808861e+01 1.055826e+00 6.237298e-15
  endloop
 endfacet
 facet normal -9.176958e-01 3.972827e-01 -9.618337e-04
  outer loop
   vertex 2.810658e+01 1.088906e+00 2.000000e+00
   vertex 2.826871e+01 1.463416e+00 2.000000e+00
   vertex 2.826054e+01 1.439686e+00 6.719631e-15
  endloop
 endfacet
 facet normal -9.701051e-01 2.426847e-01 -4.962327e-04
  outer loop
   vertex 2.826871e+01 1.463416e+00 2.000000e+00
   vertex 2.836775e+01 1.859313e+00 2.000000e+00
   vertex 2.836568e+01 1.846936e+00 7.011764e-15
  endloop
 endfacet
 facet normal -7.415650e-01 6.708787e-01 -1.797649e-03
  outer loop
   vertex 2.761190e+01 4.431314e-01 2.000000e+00
   vertex 2.788568e+01 7.457630e-01 2.000000e+00
   vertex 2.785476e+01 7.062218e-01 5.578416e-15
  endloop
 endfacet
 facet normal -4.799747e-01 8.772823e-01 0.000000e+00
  outer loop
   vertex -1.324813e+01 1.766089e+01 2.433333e+00
   vertex -1.274783e+01 1.793461e+01 2.000000e+00
   vertex -1.324813e+01 1.766089e+01 2.000000e+00
  endloop
 endfacet
 facet normal -5.998502e-01 8.001124e-01 0.000000e+00
  outer loop
   vertex -1.229155e+01 1.827669e+01 2.000000e+00
   vertex -1.274783e+01 1.793461e+01 2.000000e+00
   vertex -1.274783e+01 1.793461e+01 2.650000e+00
  endloop
 endfacet
 facet normal -8.008384e-01 5.988804e-01 0.000000e+00
  outer loop
   vertex -1.154702e+01 1.913687e+01 2.000000e+00
   vertex -1.188855e+01 1.868017e+01 2.650000e+00
   vertex -1.154702e+01 1.913687e+01 2.650000e+00
  endloop
 endfacet
 facet normal -8.008384e-01 5.988804e-01 0.000000e+00
  outer loop
   vertex -1.188855e+01 1.868017e+01 3.300000e+00
   vertex -1.154702e+01 1.913687e+01 2.650000e+00
   vertex -1.188855e+01 1.868017e+01 2.650000e+00
  endloop
 endfacet
 facet normal -8.778632e-01 4.789114e-01 0.000000e+00
  outer loop
   vertex -1.154702e+01 1.913687e+01 2.650000e+00
   vertex -1.127391e+01 1.963750e+01 2.000000e+00
   vertex -1.154702e+01 1.913687e+01 2.000000e+00
  endloop
 endfacet
 facet normal -9.370457e-01 3.492068e-01 0.000000e+00
  outer loop
   vertex -1.127391e+01 1.963750e+01 2.650000e+00
   vertex -1.107477e+01 2.017187e+01 2.000000e+00
   vertex -1.127391e+01 1.963750e+01 2.000000e+00
  endloop
 endfacet
 facet normal -8.778632e-01 4.789114e-01 0.000000e+00
  outer loop
   vertex -1.154702e+01 1.913687e+01 3.300000e+00
   vertex -1.127391e+01 1.963750e+01 2.650000e+00
   vertex -1.154702e+01 1.913687e+01 2.650000e+00
  endloop
 endfacet
 facet normal -9.771822e-01 2.124030e-01 0.000000e+00
  outer loop
   vertex -1.095364e+01 2.072913e+01 2.000000e+00
   vertex -1.107477e+01 2.017187e+01 2.650000e+00
   vertex -1.095364e+01 2.072913e+01 2.650000e+00
  endloop
 endfacet
 facet normal -9.370457e-01 3.492068e-01 0.000000e+00
  outer loop
   vertex -1.107477e+01 2.017187e+01 2.650000e+00
   vertex -1.127391e+01 1.963750e+01 3.300000e+00
   vertex -1.107477e+01 2.017187e+01 3.300000e+00
  endloop
 endfacet
 facet normal -9.974561e-01 7.128389e-02 0.000000e+00
  outer loop
   vertex -1.095364e+01 2.072913e+01 3.300000e+00
   vertex -1.091299e+01 2.129795e+01 2.866667e+00
   vertex -1.095364e+01 2.072913e+01 2.650000e+00
  endloop
 endfacet
 facet normal -9.771822e-01 2.124030e-01 0.000000e+00
  outer loop
   vertex -1.095364e+01 2.072913e+01 2.650000e+00
   vertex -1.107477e+01 2.017187e+01 3.300000e+00
   vertex -1.095364e+01 2.072913e+01 3.300000e+00
  endloop
 endfacet
 facet normal 4.795916e-01 -8.774910e-01 -1.172573e-03
  outer loop
   vertex -2.124093e+01 1.951562e+01 2.000000e+00
   vertex -2.156168e+01 1.934031e+01 2.000000e+00
   vertex -2.152303e+01 1.936411e+01 4.441969e-15
  endloop
 endfacet
 facet normal 7.166712e-01 -6.974088e-01 1.841576e-03
  outer loop
   vertex -2.194768e+01 1.905490e+01 2.898596e-15
   vertex -2.228343e+01 1.871517e+01 2.000000e+00
   vertex -2.231403e+01 1.867844e+01 1.271994e-15
  endloop
 endfacet
 facet normal 5.943795e-01 -8.041847e-01 4.655746e-05
  outer loop
   vertex -2.156168e+01 1.934031e+01 2.000000e+00
   vertex -2.194677e+01 1.905569e+01 2.000000e+00
   vertex -2.194768e+01 1.905490e+01 2.898596e-15
  endloop
 endfacet
 facet normal 8.241323e-01 -5.663878e-01 3.282529e-03
  outer loop
   vertex -2.231403e+01 1.867844e+01 1.271994e-15
   vertex -2.256363e+01 1.832685e+01 2.000000e+00
   vertex -2.261155e+01 1.824552e+01 -3.911319e-16
  endloop
 endfacet
 facet normal 9.656519e-01 -2.597973e-01 4.672271e-03
  outer loop
   vertex -2.283171e+01 1.776859e+01 -2.043027e-15
   vertex -2.293643e+01 1.741533e+01 2.000000e+00
   vertex -2.296818e+01 1.726132e+01 -3.636259e-15
  endloop
 endfacet
 facet normal 9.079267e-01 -4.191062e-01 4.373909e-03
  outer loop
   vertex -2.261155e+01 1.824552e+01 -3.911319e-16
   vertex -2.278068e+01 1.790002e+01 2.000000e+00
   vertex -2.283171e+01 1.776859e+01 -2.043027e-15
  endloop
 endfacet
 facet normal 9.970624e-01 7.642060e-02 5.141122e-03
  outer loop
   vertex -2.301705e+01 1.673830e+01 -5.125081e-15
   vertex -2.300164e+01 1.640268e+01 2.000000e+00
   vertex -2.297690e+01 1.621454e+01 -6.466744e-15
  endloop
 endfacet
 facet normal 9.147782e-01 4.039199e-01 5.439803e-03
  outer loop
   vertex -2.284890e+01 1.570508e+01 -7.622724e-15
   vertex -2.273635e+01 1.542323e+01 2.000000e+00
   vertex -2.263672e+01 1.522454e+01 -8.559827e-15
  endloop
 endfacet
 facet normal 8.334459e-01 5.525734e-01 5.525560e-03
  outer loop
   vertex -2.263672e+01 1.522454e+01 -8.559827e-15
   vertex -2.248732e+01 1.497920e+01 2.000000e+00
   vertex -2.234645e+01 1.478673e+01 -9.251147e-15
  endloop
 endfacet
 facet normal 9.698442e-01 2.436679e-01 5.311916e-03
  outer loop
   vertex -2.297690e+01 1.621454e+01 -6.466744e-15
   vertex -2.290934e+01 1.590203e+01 2.000000e+00
   vertex -2.284890e+01 1.570508e+01 -7.622724e-15
  endloop
 endfacet
 facet normal 9.956519e-01 -9.302114e-02 4.928241e-03
  outer loop
   vertex -2.296818e+01 1.726132e+01 -3.636259e-15
   vertex -2.301075e+01 1.691170e+01 2.000000e+00
   vertex -2.301705e+01 1.673830e+01 -5.125081e-15
  endloop
 endfacet
 facet normal 7.281832e-01 6.853600e-01 5.567845e-03
  outer loop
   vertex -2.234645e+01 1.478673e+01 -9.251147e-15
   vertex -2.216898e+01 1.458192e+01 2.000000e+00
   vertex -2.198643e+01 1.440421e+01 -9.676835e-15
  endloop
 endfacet
 facet normal 3.912899e-01 9.202531e-01 -5.148960e-03
  outer loop
   vertex -2.136033e+01 1.396889e+01 2.000000e+00
   vertex -2.089183e+01 1.376969e+01 2.000000e+00
   vertex -2.110018e+01 1.384709e+01 -9.690393e-15
  endloop
 endfacet
 facet normal 7.315455e-02 9.973086e-01 -4.892929e-03
  outer loop
   vertex -2.039704e+01 1.364985e+01 2.000000e+00
   vertex -1.988931e+01 1.361260e+01 2.000000e+00
   vertex -2.007903e+01 1.361671e+01 -8.598958e-15
  endloop
 endfacet
 facet normal 2.353988e-01 9.718858e-01 -5.042231e-03
  outer loop
   vertex -2.089183e+01 1.376969e+01 2.000000e+00
   vertex -2.039704e+01 1.364985e+01 2.000000e+00
   vertex -2.059940e+01 1.368848e+01 -9.277876e-15
  endloop
 endfacet
 facet normal -2.528167e-01 9.675039e-01 -4.466328e-03
  outer loop
   vertex -1.938233e+01 1.365896e+01 2.000000e+00
   vertex -1.888978e+01 1.378767e+01 2.000000e+00
   vertex -1.903942e+01 1.373934e+01 -6.526985e-15
  endloop
 endfacet
 facet normal -5.407575e-01 8.411774e-01 -1.354920e-03
  outer loop
   vertex -1.842493e+01 1.399526e+01 2.000000e+00
   vertex -1.806469e+01 1.422685e+01 2.000000e+00
   vertex -1.809989e+01 1.420099e+01 -3.710740e-15
  endloop
 endfacet
 facet normal -4.077615e-01 9.130789e-01 -4.189449e-03
  outer loop
   vertex -1.888978e+01 1.378767e+01 2.000000e+00
   vertex -1.842493e+01 1.399526e+01 2.000000e+00
   vertex -1.855003e+01 1.393022e+01 -5.193424e-15
  endloop
 endfacet
 facet normal -9.105934e-02 9.958344e-01 -4.701336e-03
  outer loop
   vertex -1.988931e+01 1.361260e+01 2.000000e+00
   vertex -1.938233e+01 1.365896e+01 2.000000e+00
   vertex -1.955401e+01 1.363382e+01 -7.673133e-15
  endloop
 endfacet
 facet normal -7.712769e-01 6.364834e-01 4.561606e-03
  outer loop
   vertex -1.770194e+01 1.454388e+01 -2.121509e-15
   vertex -1.745646e+01 1.482701e+01 2.000000e+00
   vertex -1.736759e+01 1.494903e+01 -4.713608e-16
  endloop
 endfacet
 facet normal -9.487180e-01 3.161226e-01 -8.207460e-04
  outer loop
   vertex -1.704557e+01 1.554458e+01 2.000000e+00
   vertex -1.691897e+01 1.592451e+01 2.000000e+00
   vertex -1.692602e+01 1.589816e+01 2.821768e-15
  endloop
 endfacet
 facet normal -8.676652e-01 4.971179e-01 5.555405e-03
  outer loop
   vertex -1.736759e+01 1.494903e+01 -4.713608e-16
   vertex -1.722009e+01 1.518414e+01 2.000000e+00
   vertex -1.710645e+01 1.540482e+01 1.192322e-15
  endloop
 endfacet
 facet normal -6.527450e-01 7.575750e-01 2.040893e-03
  outer loop
   vertex -1.809989e+01 1.420099e+01 -3.710740e-15
   vertex -1.773980e+01 1.450587e+01 2.000000e+00
   vertex -1.770194e+01 1.454388e+01 -2.121509e-15
  endloop
 endfacet
 facet normal 7.193363e-01 -6.946620e-01 0.000000e+00
  outer loop
   vertex -2.295353e+01 1.931640e+01 2.000000e+00
   vertex -2.262544e+01 1.965615e+01 3.600000e+00
   vertex -2.295353e+01 1.931640e+01 3.600000e+00
  endloop
 endfacet
 facet normal 9.843382e-01 -1.762906e-01 0.000000e+00
  outer loop
   vertex -2.388927e+01 1.718396e+01 2.000000e+00
   vertex -2.380601e+01 1.764887e+01 3.600000e+00
   vertex -2.388927e+01 1.718396e+01 3.600000e+00
  endloop
 endfacet
 facet normal 9.951845e-01 9.801899e-02 -0.000000e+00
  outer loop
   vertex -2.384030e+01 1.593212e+01 2.000000e+00
   vertex -2.391716e+01 1.671248e+01 3.600000e+00
   vertex -2.384030e+01 1.593212e+01 3.600000e+00
  endloop
 endfacet
 facet normal 8.819220e-01 4.713954e-01 -0.000000e+00
  outer loop
   vertex -2.324303e+01 1.449020e+01 2.000000e+00
   vertex -2.361267e+01 1.518174e+01 3.600000e+00
   vertex -2.324303e+01 1.449020e+01 3.600000e+00
  endloop
 endfacet
 facet normal 9.569403e-01 2.902849e-01 -0.000000e+00
  outer loop
   vertex -2.361267e+01 1.518174e+01 2.000000e+00
   vertex -2.384030e+01 1.593212e+01 3.600000e+00
   vertex -2.361267e+01 1.518174e+01 3.600000e+00
  endloop
 endfacet
 facet normal 9.982556e-01 -5.904066e-02 0.000000e+00
  outer loop
   vertex -2.391716e+01 1.671248e+01 2.000000e+00
   vertex -2.388927e+01 1.718396e+01 3.600000e+00
   vertex -2.391716e+01 1.671248e+01 3.600000e+00
  endloop
 endfacet
 facet normal 7.730105e-01 6.343932e-01 0.000000e+00
  outer loop
   vertex -2.324303e+01 1.449020e+01 3.600000e+00
   vertex -2.274558e+01 1.388405e+01 2.000000e+00
   vertex -2.324303e+01 1.449020e+01 2.000000e+00
  endloop
 endfacet
 facet normal 4.713964e-01 8.819215e-01 -0.000000e+00
  outer loop
   vertex -2.144789e+01 1.301696e+01 2.000000e+00
   vertex -2.213944e+01 1.338660e+01 3.600000e+00
   vertex -2.144789e+01 1.301696e+01 3.600000e+00
  endloop
 endfacet
 facet normal 2.902849e-01 9.569403e-01 -0.000000e+00
  outer loop
   vertex -2.069752e+01 1.278934e+01 2.000000e+00
   vertex -2.144789e+01 1.301696e+01 3.600000e+00
   vertex -2.069752e+01 1.278934e+01 3.600000e+00
  endloop
 endfacet
 facet normal -6.584258e-02 9.978300e-01 0.000000e+00
  outer loop
   vertex -1.939155e+01 1.274716e+01 2.000000e+00
   vertex -1.991716e+01 1.271248e+01 3.600000e+00
   vertex -1.939155e+01 1.274716e+01 3.600000e+00
  endloop
 endfacet
 facet normal -3.235254e-01 9.462195e-01 0.000000e+00
  outer loop
   vertex -1.837665e+01 1.302102e+01 2.000000e+00
   vertex -1.887507e+01 1.285061e+01 3.600000e+00
   vertex -1.837665e+01 1.302102e+01 3.600000e+00
  endloop
 endfacet
 facet normal -1.963881e-01 9.805263e-01 0.000000e+00
  outer loop
   vertex -1.887507e+01 1.285061e+01 2.000000e+00
   vertex -1.939155e+01 1.274716e+01 3.600000e+00
   vertex -1.887507e+01 1.285061e+01 3.600000e+00
  endloop
 endfacet
 facet normal 9.801791e-02 9.951847e-01 -0.000000e+00
  outer loop
   vertex -1.991716e+01 1.271248e+01 2.000000e+00
   vertex -2.069752e+01 1.278934e+01 3.600000e+00
   vertex -1.991716e+01 1.271248e+01 3.600000e+00
  endloop
 endfacet
 facet normal -5.588667e-01 8.292575e-01 0.000000e+00
  outer loop
   vertex -1.746815e+01 1.354983e+01 2.000000e+00
   vertex -1.790495e+01 1.325545e+01 3.600000e+00
   vertex -1.746815e+01 1.354983e+01 3.600000e+00
  endloop
 endfacet
 facet normal -6.629829e-01 7.486345e-01 0.000000e+00
  outer loop
   vertex -1.707381e+01 1.389905e+01 2.000000e+00
   vertex -1.746815e+01 1.354983e+01 3.600000e+00
   vertex -1.707381e+01 1.389905e+01 3.600000e+00
  endloop
 endfacet
 facet normal -4.450527e-01 8.955044e-01 0.000000e+00
  outer loop
   vertex -1.790495e+01 1.325545e+01 2.000000e+00
   vertex -1.837665e+01 1.302102e+01 3.600000e+00
   vertex -1.790495e+01 1.325545e+01 3.600000e+00
  endloop
 endfacet
 facet normal 6.343931e-01 7.730106e-01 -0.000000e+00
  outer loop
   vertex -2.213944e+01 1.338660e+01 2.000000e+00
   vertex -2.274558e+01 1.388405e+01 3.600000e+00
   vertex -2.213944e+01 1.338660e+01 3.600000e+00
  endloop
 endfacet
 facet normal -8.301133e-01 5.575947e-01 0.000000e+00
  outer loop
   vertex -1.666742e+01 1.664487e+01 1.000000e+00
   vertex -1.674660e+01 1.652698e+01 5.000000e-01
   vertex -1.674660e+01 1.652698e+01 1.000000e+00
  endloop
 endfacet
 facet normal -8.301133e-01 5.575947e-01 0.000000e+00
  outer loop
   vertex -1.666742e+01 1.664487e+01 1.500000e+00
   vertex -1.674660e+01 1.652698e+01 1.000000e+00
   vertex -1.674660e+01 1.652698e+01 1.500000e+00
  endloop
 endfacet
 facet normal -8.604837e-01 5.094779e-01 0.000000e+00
  outer loop
   vertex -1.659484e+01 1.676745e+01 1.000000e+00
   vertex -1.666742e+01 1.664487e+01 5.000000e-01
   vertex -1.666742e+01 1.664487e+01 1.000000e+00
  endloop
 endfacet
 facet normal -8.604837e-01 5.094779e-01 0.000000e+00
  outer loop
   vertex -1.659484e+01 1.676745e+01 1.500000e+00
   vertex -1.666742e+01 1.664487e+01 1.000000e+00
   vertex -1.666742e+01 1.664487e+01 1.500000e+00
  endloop
 endfacet
 facet normal -7.972864e-01 6.036012e-01 0.000000e+00
  outer loop
   vertex -1.683147e+01 1.641488e+01 6.666667e-01
   vertex -1.683147e+01 1.641488e+01 1.000000e+00
   vertex -1.674660e+01 1.652698e+01 1.000000e+00
  endloop
 endfacet
 facet normal -8.142143e-01 5.805087e-01 -8.050773e-03
  outer loop
   vertex -1.666681e+01 1.664584e+01 2.000000e+00
   vertex -1.674660e+01 1.652698e+01 1.500000e+00
   vertex -1.683147e+01 1.641488e+01 2.000000e+00
  endloop
 endfacet
 facet normal -7.972864e-01 6.036012e-01 0.000000e+00
  outer loop
   vertex -1.674660e+01 1.652698e+01 1.000000e+00
   vertex -1.683147e+01 1.641488e+01 1.333333e+00
   vertex -1.674660e+01 1.652698e+01 1.500000e+00
  endloop
 endfacet
 facet normal -8.881036e-01 4.596433e-01 0.000000e+00
  outer loop
   vertex -1.659484e+01 1.676745e+01 1.000000e+00
   vertex -1.652936e+01 1.689397e+01 6.666667e-01
   vertex -1.659484e+01 1.676745e+01 5.000000e-01
  endloop
 endfacet
 facet normal -8.881036e-01 4.596433e-01 0.000000e+00
  outer loop
   vertex -1.652936e+01 1.689397e+01 1.333333e+00
   vertex -1.652936e+01 1.689397e+01 1.000000e+00
   vertex -1.659484e+01 1.676745e+01 1.000000e+00
  endloop
 endfacet
 facet normal 5.334614e-01 -8.458244e-01 0.000000e+00
  outer loop
   vertex -2.020817e+01 2.003227e+01 1.000000e+00
   vertex -2.001939e+01 2.015133e+01 5.000000e-01
   vertex -2.001939e+01 2.015133e+01 1.000000e+00
  endloop
 endfacet
 facet normal 5.334614e-01 -8.458244e-01 0.000000e+00
  outer loop
   vertex -2.020817e+01 2.003227e+01 1.500000e+00
   vertex -2.001939e+01 2.015133e+01 1.000000e+00
   vertex -2.001939e+01 2.015133e+01 1.500000e+00
  endloop
 endfacet
 facet normal 6.066242e-01 -7.949887e-01 0.000000e+00
  outer loop
   vertex -2.038488e+01 1.989743e+01 1.000000e+00
   vertex -2.020817e+01 2.003227e+01 5.000000e-01
   vertex -2.020817e+01 2.003227e+01 1.000000e+00
  endloop
 endfacet
 facet normal 6.066242e-01 -7.949887e-01 0.000000e+00
  outer loop
   vertex -2.038488e+01 1.989743e+01 1.500000e+00
   vertex -2.020817e+01 2.003227e+01 1.000000e+00
   vertex -2.020817e+01 2.003227e+01 1.500000e+00
  endloop
 endfacet
 facet normal 4.552483e-01 -8.903645e-01 0.000000e+00
  outer loop
   vertex -1.981745e+01 2.025458e+01 6.666667e-01
   vertex -1.981745e+01 2.025458e+01 1.000000e+00
   vertex -2.001939e+01 2.015133e+01 1.000000e+00
  endloop
 endfacet
 facet normal 4.552483e-01 -8.903645e-01 0.000000e+00
  outer loop
   vertex -1.981745e+01 2.025458e+01 1.333333e+00
   vertex -2.001939e+01 2.015133e+01 1.000000e+00
   vertex -1.981745e+01 2.025458e+01 1.000000e+00
  endloop
 endfacet
 facet normal 5.504164e-01 -8.348739e-01 -5.227471e-03
  outer loop
   vertex -2.004747e+01 2.013508e+01 2.000000e+00
   vertex -2.026387e+01 1.999241e+01 2.000000e+00
   vertex -2.020817e+01 2.003227e+01 1.500000e+00
  endloop
 endfacet
 facet normal 6.748378e-01 -7.379661e-01 0.000000e+00
  outer loop
   vertex -2.038488e+01 1.989743e+01 1.000000e+00
   vertex -2.054892e+01 1.974742e+01 6.666667e-01
   vertex -2.038488e+01 1.989743e+01 5.000000e-01
  endloop
 endfacet
 facet normal 6.748378e-01 -7.379661e-01 0.000000e+00
  outer loop
   vertex -2.038488e+01 1.989743e+01 1.000000e+00
   vertex -2.038488e+01 1.989743e+01 1.500000e+00
   vertex -2.054892e+01 1.974742e+01 1.333333e+00
  endloop
 endfacet
 facet normal 6.228292e-01 -7.823550e-01 -2.107276e-03
  outer loop
   vertex -2.026387e+01 1.999241e+01 2.000000e+00
   vertex -2.041101e+01 1.987528e+01 2.000000e+00
   vertex -2.038488e+01 1.989743e+01 1.500000e+00
  endloop
 endfacet
 facet normal -6.902493e-01 7.235716e-01 0.000000e+00
  outer loop
   vertex -1.589199e+01 1.521331e+01 2.800000e+00
   vertex -1.615463e+01 1.496276e+01 2.400000e+00
   vertex -1.615463e+01 1.496276e+01 2.800000e+00
  endloop
 endfacet
 facet normal -6.902493e-01 7.235716e-01 0.000000e+00
  outer loop
   vertex -1.589199e+01 1.521331e+01 3.200000e+00
   vertex -1.615463e+01 1.496276e+01 2.800000e+00
   vertex -1.615463e+01 1.496276e+01 3.200000e+00
  endloop
 endfacet
 facet normal -7.530042e-01 6.580157e-01 0.000000e+00
  outer loop
   vertex -1.565311e+01 1.548667e+01 2.800000e+00
   vertex -1.589199e+01 1.521331e+01 2.400000e+00
   vertex -1.589199e+01 1.521331e+01 2.800000e+00
  endloop
 endfacet
 facet normal -7.530042e-01 6.580157e-01 0.000000e+00
  outer loop
   vertex -1.565311e+01 1.548667e+01 3.200000e+00
   vertex -1.589199e+01 1.521331e+01 2.800000e+00
   vertex -1.589199e+01 1.521331e+01 3.200000e+00
  endloop
 endfacet
 facet normal -6.902493e-01 7.235716e-01 0.000000e+00
  outer loop
   vertex -1.589199e+01 1.521331e+01 2.000000e+00
   vertex -1.615463e+01 1.496276e+01 2.400000e+00
   vertex -1.589199e+01 1.521331e+01 2.400000e+00
  endloop
 endfacet
 facet normal -6.218007e-01 7.831755e-01 0.000000e+00
  outer loop
   vertex -1.643903e+01 1.473696e+01 2.533333e+00
   vertex -1.643903e+01 1.473696e+01 2.800000e+00
   vertex -1.615463e+01 1.496276e+01 2.800000e+00
  endloop
 endfacet
 facet normal -7.530042e-01 6.580157e-01 0.000000e+00
  outer loop
   vertex -1.589199e+01 1.521331e+01 2.400000e+00
   vertex -1.565311e+01 1.548667e+01 2.000000e+00
   vertex -1.589199e+01 1.521331e+01 2.000000e+00
  endloop
 endfacet
 facet normal -6.218007e-01 7.831755e-01 0.000000e+00
  outer loop
   vertex -1.643903e+01 1.473696e+01 3.066667e+00
   vertex -1.615463e+01 1.496276e+01 2.800000e+00
   vertex -1.643903e+01 1.473696e+01 2.800000e+00
  endloop
 endfacet
 facet normal -6.218007e-01 7.831755e-01 0.000000e+00
  outer loop
   vertex -1.643903e+01 1.473696e+01 3.333333e+00
   vertex -1.643903e+01 1.473696e+01 3.600000e+00
   vertex -1.615463e+01 1.496276e+01 3.600000e+00
  endloop
 endfacet
 facet normal -6.902493e-01 7.235716e-01 0.000000e+00
  outer loop
   vertex -1.615463e+01 1.496276e+01 3.600000e+00
   vertex -1.589199e+01 1.521331e+01 3.200000e+00
   vertex -1.615463e+01 1.496276e+01 3.200000e+00
  endloop
 endfacet
 facet normal -8.095619e-01 5.870345e-01 0.000000e+00
  outer loop
   vertex -1.543999e+01 1.578057e+01 2.266667e+00
   vertex -1.543999e+01 1.578057e+01 2.000000e+00
   vertex -1.565311e+01 1.548667e+01 2.000000e+00
  endloop
 endfacet
 facet normal -8.095619e-01 5.870345e-01 0.000000e+00
  outer loop
   vertex -1.565311e+01 1.548667e+01 2.800000e+00
   vertex -1.543999e+01 1.578057e+01 2.533333e+00
   vertex -1.565311e+01 1.548667e+01 2.400000e+00
  endloop
 endfacet
 facet normal -8.095619e-01 5.870345e-01 0.000000e+00
  outer loop
   vertex -1.565311e+01 1.548667e+01 2.800000e+00
   vertex -1.565311e+01 1.548667e+01 3.200000e+00
   vertex -1.543999e+01 1.578057e+01 3.066667e+00
  endloop
 endfacet
 facet normal -7.530042e-01 6.580157e-01 0.000000e+00
  outer loop
   vertex -1.589199e+01 1.521331e+01 3.600000e+00
   vertex -1.565311e+01 1.548667e+01 3.200000e+00
   vertex -1.589199e+01 1.521331e+01 3.200000e+00
  endloop
 endfacet
 facet normal -8.095619e-01 5.870345e-01 0.000000e+00
  outer loop
   vertex -1.565311e+01 1.548667e+01 3.600000e+00
   vertex -1.543999e+01 1.578057e+01 3.333333e+00
   vertex -1.565311e+01 1.548667e+01 3.200000e+00
  endloop
 endfacet
 facet normal 6.783067e-01 -7.347789e-01 0.000000e+00
  outer loop
   vertex -2.167092e+01 2.074539e+01 2.800000e+00
   vertex -2.130812e+01 2.108031e+01 2.400000e+00
   vertex -2.130812e+01 2.108031e+01 2.800000e+00
  endloop
 endfacet
 facet normal 6.783067e-01 -7.347789e-01 0.000000e+00
  outer loop
   vertex -2.167092e+01 2.074539e+01 3.200000e+00
   vertex -2.130812e+01 2.108031e+01 2.800000e+00
   vertex -2.130812e+01 2.108031e+01 3.200000e+00
  endloop
 endfacet
 facet normal 7.636662e-01 -6.456113e-01 0.000000e+00
  outer loop
   vertex -2.198969e+01 2.036833e+01 2.800000e+00
   vertex -2.167092e+01 2.074539e+01 2.400000e+00
   vertex -2.167092e+01 2.074539e+01 2.800000e+00
  endloop
 endfacet
 facet normal 7.636662e-01 -6.456113e-01 0.000000e+00
  outer loop
   vertex -2.198969e+01 2.036833e+01 3.200000e+00
   vertex -2.167092e+01 2.074539e+01 2.800000e+00
   vertex -2.167092e+01 2.074539e+01 3.200000e+00
  endloop
 endfacet
 facet normal 5.826102e-01 -8.127517e-01 0.000000e+00
  outer loop
   vertex -2.090681e+01 2.136798e+01 2.320000e+00
   vertex -2.130812e+01 2.108031e+01 2.000000e+00
   vertex -2.090681e+01 2.136798e+01 2.000000e+00
  endloop
 endfacet
 facet normal 6.783067e-01 -7.347789e-01 0.000000e+00
  outer loop
   vertex -2.167092e+01 2.074539e+01 2.000000e+00
   vertex -2.130812e+01 2.108031e+01 2.400000e+00
   vertex -2.167092e+01 2.074539e+01 2.400000e+00
  endloop
 endfacet
 facet normal 7.636662e-01 -6.456113e-01 0.000000e+00
  outer loop
   vertex -2.167092e+01 2.074539e+01 2.400000e+00
   vertex -2.198969e+01 2.036833e+01 2.000000e+00
   vertex -2.167092e+01 2.074539e+01 2.000000e+00
  endloop
 endfacet
 facet normal 5.826102e-01 -8.127517e-01 0.000000e+00
  outer loop
   vertex -2.090681e+01 2.136798e+01 2.640000e+00
   vertex -2.130812e+01 2.108031e+01 2.400000e+00
   vertex -2.090681e+01 2.136798e+01 2.320000e+00
  endloop
 endfacet
 facet normal 5.826102e-01 -8.127517e-01 0.000000e+00
  outer loop
   vertex -2.090681e+01 2.136798e+01 3.280000e+00
   vertex -2.090681e+01 2.136798e+01 3.600000e+00
   vertex -2.130812e+01 2.108031e+01 3.600000e+00
  endloop
 endfacet
 facet normal 6.783067e-01 -7.347789e-01 0.000000e+00
  outer loop
   vertex -2.130812e+01 2.108031e+01 3.600000e+00
   vertex -2.167092e+01 2.074539e+01 3.200000e+00
   vertex -2.130812e+01 2.108031e+01 3.200000e+00
  endloop
 endfacet
 facet normal 8.373919e-01 -5.466030e-01 0.000000e+00
  outer loop
   vertex -2.225958e+01 1.995486e+01 2.320000e+00
   vertex -2.225958e+01 1.995486e+01 2.000000e+00
   vertex -2.198969e+01 2.036833e+01 2.000000e+00
  endloop
 endfacet
 facet normal 8.373919e-01 -5.466030e-01 0.000000e+00
  outer loop
   vertex -2.225958e+01 1.995486e+01 2.640000e+00
   vertex -2.225958e+01 1.995486e+01 2.320000e+00
   vertex -2.198969e+01 2.036833e+01 2.400000e+00
  endloop
 endfacet
 facet normal 7.636662e-01 -6.456113e-01 0.000000e+00
  outer loop
   vertex -2.167092e+01 2.074539e+01 3.600000e+00
   vertex -2.198969e+01 2.036833e+01 3.200000e+00
   vertex -2.167092e+01 2.074539e+01 3.200000e+00
  endloop
 endfacet
 facet normal 8.373919e-01 -5.466030e-01 0.000000e+00
  outer loop
   vertex -2.198969e+01 2.036833e+01 3.600000e+00
   vertex -2.225958e+01 1.995486e+01 3.280000e+00
   vertex -2.198969e+01 2.036833e+01 3.200000e+00
  endloop
 endfacet
 facet normal -6.155966e-01 7.880614e-01 0.000000e+00
  outer loop
   vertex -1.587637e+01 1.732602e+01 1.000000e+00
   vertex -1.618585e+01 1.708427e+01 5.000000e-01
   vertex -1.618585e+01 1.708427e+01 1.000000e+00
  endloop
 endfacet
 facet normal -6.155966e-01 7.880614e-01 0.000000e+00
  outer loop
   vertex -1.587637e+01 1.732602e+01 1.500000e+00
   vertex -1.618585e+01 1.708427e+01 1.000000e+00
   vertex -1.618585e+01 1.708427e+01 1.500000e+00
  endloop
 endfacet
 facet normal -7.314093e-01 6.819387e-01 0.000000e+00
  outer loop
   vertex -1.560857e+01 1.761325e+01 1.000000e+00
   vertex -1.587637e+01 1.732602e+01 5.000000e-01
   vertex -1.587637e+01 1.732602e+01 1.000000e+00
  endloop
 endfacet
 facet normal -7.314093e-01 6.819387e-01 0.000000e+00
  outer loop
   vertex -1.560857e+01 1.761325e+01 1.500000e+00
   vertex -1.587637e+01 1.732602e+01 1.000000e+00
   vertex -1.587637e+01 1.732602e+01 1.500000e+00
  endloop
 endfacet
 facet normal -4.845939e-01 8.747393e-01 0.000000e+00
  outer loop
   vertex -1.652936e+01 1.689397e+01 6.666667e-01
   vertex -1.652936e+01 1.689397e+01 1.000000e+00
   vertex -1.618585e+01 1.708427e+01 1.000000e+00
  endloop
 endfacet
 facet normal -7.627304e-01 6.466741e-01 7.415607e-03
  outer loop
   vertex -1.576385e+01 1.743583e+01 0.000000e+00
   vertex -1.560857e+01 1.761325e+01 5.000000e-01
   vertex -1.556061e+01 1.767554e+01 0.000000e+00
  endloop
 endfacet
 facet normal -8.291762e-01 5.589873e-01 0.000000e+00
  outer loop
   vertex -1.560857e+01 1.761325e+01 1.000000e+00
   vertex -1.538905e+01 1.793887e+01 6.666667e-01
   vertex -1.560857e+01 1.761325e+01 5.000000e-01
  endloop
 endfacet
 facet normal -7.313565e-01 6.818895e-01 1.201371e-02
  outer loop
   vertex -1.560857e+01 1.761325e+01 1.500000e+00
   vertex -1.587637e+01 1.732602e+01 1.500000e+00
   vertex -1.580121e+01 1.739782e+01 2.000000e+00
  endloop
 endfacet
 facet normal -8.291762e-01 5.589873e-01 0.000000e+00
  outer loop
   vertex -1.538905e+01 1.793887e+01 1.333333e+00
   vertex -1.538905e+01 1.793887e+01 1.000000e+00
   vertex -1.560857e+01 1.761325e+01 1.000000e+00
  endloop
 endfacet
 facet normal 6.026218e-01 -7.980269e-01 0.000000e+00
  outer loop
   vertex -1.925432e+01 2.101240e+01 1.000000e+00
   vertex -1.887589e+01 2.129817e+01 5.000000e-01
   vertex -1.887589e+01 2.129817e+01 1.000000e+00
  endloop
 endfacet
 facet normal 6.026218e-01 -7.980269e-01 0.000000e+00
  outer loop
   vertex -1.925432e+01 2.101240e+01 1.500000e+00
   vertex -1.887589e+01 2.129817e+01 1.000000e+00
   vertex -1.887589e+01 2.129817e+01 1.500000e+00
  endloop
 endfacet
 facet normal 7.424688e-01 -6.698807e-01 0.000000e+00
  outer loop
   vertex -1.957198e+01 2.066032e+01 1.000000e+00
   vertex -1.925432e+01 2.101240e+01 5.000000e-01
   vertex -1.925432e+01 2.101240e+01 1.000000e+00
  endloop
 endfacet
 facet normal 7.424688e-01 -6.698807e-01 0.000000e+00
  outer loop
   vertex -1.957198e+01 2.066032e+01 1.500000e+00
   vertex -1.925432e+01 2.101240e+01 1.000000e+00
   vertex -1.925432e+01 2.101240e+01 1.500000e+00
  endloop
 endfacet
 facet normal 6.025009e-01 -7.978669e-01 -2.002688e-02
  outer loop
   vertex -1.925432e+01 2.101240e+01 5.000000e-01
   vertex -1.900798e+01 2.121097e+01 1.183911e-14
   vertex -1.887589e+01 2.129817e+01 5.000000e-01
  endloop
 endfacet
 facet normal 4.410878e-01 -8.974639e-01 0.000000e+00
  outer loop
   vertex -1.845030e+01 2.150734e+01 6.666667e-01
   vertex -1.845030e+01 2.150734e+01 1.000000e+00
   vertex -1.887589e+01 2.129817e+01 1.000000e+00
  endloop
 endfacet
 facet normal 4.410878e-01 -8.974639e-01 0.000000e+00
  outer loop
   vertex -1.845030e+01 2.150734e+01 1.333333e+00
   vertex -1.887589e+01 2.129817e+01 1.000000e+00
   vertex -1.845030e+01 2.150734e+01 1.000000e+00
  endloop
 endfacet
 facet normal 5.958489e-01 -8.030678e-01 6.797850e-03
  outer loop
   vertex -1.918998e+01 2.106936e+01 2.000000e+00
   vertex -1.887589e+01 2.129817e+01 1.500000e+00
   vertex -1.891292e+01 2.127493e+01 2.000000e+00
  endloop
 endfacet
 facet normal 7.208889e-01 -6.930506e-01 0.000000e+00
  outer loop
   vertex -1.947360e+01 2.078431e+01 1.165796e-14
   vertex -1.925432e+01 2.101240e+01 1.230232e-14
   vertex -1.925432e+01 2.101240e+01 5.000000e-01
  endloop
 endfacet
 facet normal 8.556048e-01 -5.176296e-01 0.000000e+00
  outer loop
   vertex -1.957198e+01 2.066032e+01 1.000000e+00
   vertex -1.981745e+01 2.025458e+01 6.666667e-01
   vertex -1.957198e+01 2.066032e+01 5.000000e-01
  endloop
 endfacet
 facet normal 7.422834e-01 -6.697134e-01 2.234336e-02
  outer loop
   vertex -1.925432e+01 2.101240e+01 1.500000e+00
   vertex -1.943609e+01 2.082762e+01 2.000000e+00
   vertex -1.957198e+01 2.066032e+01 1.500000e+00
  endloop
 endfacet
 facet normal 8.556048e-01 -5.176296e-01 0.000000e+00
  outer loop
   vertex -1.981745e+01 2.025458e+01 1.333333e+00
   vertex -1.981745e+01 2.025458e+01 1.000000e+00
   vertex -1.957198e+01 2.066032e+01 1.000000e+00
  endloop
 endfacet
 facet normal -6.417513e-01 7.669128e-01 0.000000e+00
  outer loop
   vertex -1.486188e+01 1.622112e+01 2.800000e+00
   vertex -1.514009e+01 1.598831e+01 2.400000e+00
   vertex -1.514009e+01 1.598831e+01 2.800000e+00
  endloop
 endfacet
 facet normal -6.417513e-01 7.669128e-01 0.000000e+00
  outer loop
   vertex -1.486188e+01 1.622112e+01 3.200000e+00
   vertex -1.514009e+01 1.598831e+01 2.800000e+00
   vertex -1.514009e+01 1.598831e+01 3.200000e+00
  endloop
 endfacet
 facet normal -7.085491e-01 7.056615e-01 0.000000e+00
  outer loop
   vertex -1.460622e+01 1.647782e+01 2.800000e+00
   vertex -1.486188e+01 1.622112e+01 2.400000e+00
   vertex -1.486188e+01 1.622112e+01 2.800000e+00
  endloop
 endfacet
 facet normal -7.085491e-01 7.056615e-01 0.000000e+00
  outer loop
   vertex -1.460622e+01 1.647782e+01 3.200000e+00
   vertex -1.486188e+01 1.622112e+01 2.800000e+00
   vertex -1.486188e+01 1.622112e+01 3.200000e+00
  endloop
 endfacet
 facet normal -6.417513e-01 7.669128e-01 0.000000e+00
  outer loop
   vertex -1.486188e+01 1.622112e+01 2.000000e+00
   vertex -1.514009e+01 1.598831e+01 2.400000e+00
   vertex -1.486188e+01 1.622112e+01 2.400000e+00
  endloop
 endfacet
 facet normal -5.694174e-01 8.220486e-01 0.000000e+00
  outer loop
   vertex -1.543999e+01 1.578057e+01 2.533333e+00
   vertex -1.543999e+01 1.578057e+01 2.800000e+00
   vertex -1.514009e+01 1.598831e+01 2.800000e+00
  endloop
 endfacet
 facet normal -7.085491e-01 7.056615e-01 0.000000e+00
  outer loop
   vertex -1.486188e+01 1.622112e+01 2.400000e+00
   vertex -1.460622e+01 1.647782e+01 2.000000e+00
   vertex -1.486188e+01 1.622112e+01 2.000000e+00
  endloop
 endfacet
 facet normal -5.694174e-01 8.220486e-01 0.000000e+00
  outer loop
   vertex -1.543999e+01 1.578057e+01 3.066667e+00
   vertex -1.514009e+01 1.598831e+01 2.800000e+00
   vertex -1.543999e+01 1.578057e+01 2.800000e+00
  endloop
 endfacet
 facet normal -5.694174e-01 8.220486e-01 0.000000e+00
  outer loop
   vertex -1.543999e+01 1.578057e+01 3.333333e+00
   vertex -1.543999e+01 1.578057e+01 3.600000e+00
   vertex -1.514009e+01 1.598831e+01 3.600000e+00
  endloop
 endfacet
 facet normal -6.417513e-01 7.669128e-01 0.000000e+00
  outer loop
   vertex -1.514009e+01 1.598831e+01 3.600000e+00
   vertex -1.486188e+01 1.622112e+01 3.200000e+00
   vertex -1.514009e+01 1.598831e+01 3.200000e+00
  endloop
 endfacet
 facet normal -7.694945e-01 6.386535e-01 0.000000e+00
  outer loop
   vertex -1.437484e+01 1.675661e+01 2.266667e+00
   vertex -1.437484e+01 1.675661e+01 2.000000e+00
   vertex -1.460622e+01 1.647782e+01 2.000000e+00
  endloop
 endfacet
 facet normal -7.694945e-01 6.386535e-01 0.000000e+00
  outer loop
   vertex -1.460622e+01 1.647782e+01 2.800000e+00
   vertex -1.437484e+01 1.675661e+01 2.533333e+00
   vertex -1.460622e+01 1.647782e+01 2.400000e+00
  endloop
 endfacet
 facet normal -7.694945e-01 6.386535e-01 0.000000e+00
  outer loop
   vertex -1.460622e+01 1.647782e+01 2.800000e+00
   vertex -1.460622e+01 1.647782e+01 3.200000e+00
   vertex -1.437484e+01 1.675661e+01 3.066667e+00
  endloop
 endfacet
 facet normal -7.085491e-01 7.056615e-01 0.000000e+00
  outer loop
   vertex -1.486188e+01 1.622112e+01 3.600000e+00
   vertex -1.460622e+01 1.647782e+01 3.200000e+00
   vertex -1.486188e+01 1.622112e+01 3.200000e+00
  endloop
 endfacet
 facet normal -7.694945e-01 6.386535e-01 0.000000e+00
  outer loop
   vertex -1.460622e+01 1.647782e+01 3.600000e+00
   vertex -1.437484e+01 1.675661e+01 3.333333e+00
   vertex -1.460622e+01 1.647782e+01 3.200000e+00
  endloop
 endfacet
 facet normal 6.287966e-01 -7.775698e-01 0.000000e+00
  outer loop
   vertex -2.026771e+01 2.211832e+01 2.800000e+00
   vertex -1.988378e+01 2.242879e+01 2.400000e+00
   vertex -1.988378e+01 2.242879e+01 2.800000e+00
  endloop
 endfacet
 facet normal 6.287966e-01 -7.775698e-01 0.000000e+00
  outer loop
   vertex -2.026771e+01 2.211832e+01 3.200000e+00
   vertex -1.988378e+01 2.242879e+01 2.800000e+00
   vertex -1.988378e+01 2.242879e+01 3.200000e+00
  endloop
 endfacet
 facet normal 7.198059e-01 -6.941754e-01 0.000000e+00
  outer loop
   vertex -2.061046e+01 2.176291e+01 2.800000e+00
   vertex -2.026771e+01 2.211832e+01 2.400000e+00
   vertex -2.026771e+01 2.211832e+01 2.800000e+00
  endloop
 endfacet
 facet normal 7.198059e-01 -6.941754e-01 0.000000e+00
  outer loop
   vertex -2.061046e+01 2.176291e+01 3.200000e+00
   vertex -2.026771e+01 2.211832e+01 2.800000e+00
   vertex -2.026771e+01 2.211832e+01 3.200000e+00
  endloop
 endfacet
 facet normal 5.282092e-01 -8.491143e-01 0.000000e+00
  outer loop
   vertex -1.946452e+01 2.268960e+01 2.320000e+00
   vertex -1.988378e+01 2.242879e+01 2.000000e+00
   vertex -1.946452e+01 2.268960e+01 2.000000e+00
  endloop
 endfacet
 facet normal 6.287966e-01 -7.775698e-01 0.000000e+00
  outer loop
   vertex -2.026771e+01 2.211832e+01 2.000000e+00
   vertex -1.988378e+01 2.242879e+01 2.400000e+00
   vertex -2.026771e+01 2.211832e+01 2.400000e+00
  endloop
 endfacet
 facet normal 7.198059e-01 -6.941754e-01 0.000000e+00
  outer loop
   vertex -2.026771e+01 2.211832e+01 2.400000e+00
   vertex -2.061046e+01 2.176291e+01 2.000000e+00
   vertex -2.026771e+01 2.211832e+01 2.000000e+00
  endloop
 endfacet
 facet normal 5.282092e-01 -8.491143e-01 0.000000e+00
  outer loop
   vertex -1.946452e+01 2.268960e+01 2.640000e+00
   vertex -1.988378e+01 2.242879e+01 2.400000e+00
   vertex -1.946452e+01 2.268960e+01 2.320000e+00
  endloop
 endfacet
 facet normal 5.282092e-01 -8.491143e-01 0.000000e+00
  outer loop
   vertex -1.946452e+01 2.268960e+01 3.280000e+00
   vertex -1.946452e+01 2.268960e+01 3.600000e+00
   vertex -1.988378e+01 2.242879e+01 3.600000e+00
  endloop
 endfacet
 facet normal 6.287966e-01 -7.775698e-01 0.000000e+00
  outer loop
   vertex -1.988378e+01 2.242879e+01 3.600000e+00
   vertex -2.026771e+01 2.211832e+01 3.200000e+00
   vertex -1.988378e+01 2.242879e+01 3.200000e+00
  endloop
 endfacet
 facet normal 7.998489e-01 -6.002015e-01 0.000000e+00
  outer loop
   vertex -2.090681e+01 2.136798e+01 2.320000e+00
   vertex -2.090681e+01 2.136798e+01 2.000000e+00
   vertex -2.061046e+01 2.176291e+01 2.000000e+00
  endloop
 endfacet
 facet normal 7.998489e-01 -6.002015e-01 0.000000e+00
  outer loop
   vertex -2.090681e+01 2.136798e+01 2.640000e+00
   vertex -2.090681e+01 2.136798e+01 2.320000e+00
   vertex -2.061046e+01 2.176291e+01 2.400000e+00
  endloop
 endfacet
 facet normal 7.198059e-01 -6.941754e-01 0.000000e+00
  outer loop
   vertex -2.026771e+01 2.211832e+01 3.600000e+00
   vertex -2.061046e+01 2.176291e+01 3.200000e+00
   vertex -2.026771e+01 2.211832e+01 3.200000e+00
  endloop
 endfacet
 facet normal 7.998489e-01 -6.002015e-01 0.000000e+00
  outer loop
   vertex -2.061046e+01 2.176291e+01 3.600000e+00
   vertex -2.090681e+01 2.136798e+01 3.280000e+00
   vertex -2.061046e+01 2.176291e+01 3.200000e+00
  endloop
 endfacet
 facet normal 7.998489e-01 -6.002015e-01 0.000000e+00
  outer loop
   vertex -2.090681e+01 2.136798e+01 2.960000e+00
   vertex -2.061046e+01 2.176291e+01 3.200000e+00
   vertex -2.090681e+01 2.136798e+01 3.280000e+00
  endloop
 endfacet
 facet normal -4.398508e-01 8.975134e-01 -3.163906e-02
  outer loop
   vertex -1.347063e+01 1.925599e+01 1.000000e+00
   vertex -1.381281e+01 1.905305e+01 0.000000e+00
   vertex -1.418284e+01 1.890695e+01 1.000000e+00
  endloop
 endfacet
 facet normal -6.401045e-01 7.682879e-01 0.000000e+00
  outer loop
   vertex -1.347063e+01 1.925599e+01 0.000000e+00
   vertex -1.316498e+01 1.951065e+01 1.000000e+00
   vertex -1.316498e+01 1.951065e+01 0.000000e+00
  endloop
 endfacet
 facet normal -6.401045e-01 7.682879e-01 0.000000e+00
  outer loop
   vertex -1.347063e+01 1.925599e+01 1.000000e+00
   vertex -1.316498e+01 1.951065e+01 2.000000e+00
   vertex -1.316498e+01 1.951065e+01 1.000000e+00
  endloop
 endfacet
 facet normal -7.538716e-01 6.570218e-01 0.000000e+00
  outer loop
   vertex -1.316498e+01 1.951065e+01 1.000000e+00
   vertex -1.290359e+01 1.981057e+01 2.000000e+00
   vertex -1.290359e+01 1.981057e+01 1.000000e+00
  endloop
 endfacet
 facet normal -7.538716e-01 6.570218e-01 0.000000e+00
  outer loop
   vertex -1.316498e+01 1.951065e+01 0.000000e+00
   vertex -1.290359e+01 1.981057e+01 1.000000e+00
   vertex -1.290359e+01 1.981057e+01 0.000000e+00
  endloop
 endfacet
 facet normal -8.485489e-01 5.291169e-01 0.000000e+00
  outer loop
   vertex -1.290359e+01 1.981057e+01 0.000000e+00
   vertex -1.269309e+01 2.014815e+01 1.000000e+00
   vertex -1.269309e+01 2.014815e+01 0.000000e+00
  endloop
 endfacet
 facet normal -8.485489e-01 5.291169e-01 0.000000e+00
  outer loop
   vertex -1.290359e+01 1.981057e+01 1.000000e+00
   vertex -1.269309e+01 2.014815e+01 2.000000e+00
   vertex -1.269309e+01 2.014815e+01 1.000000e+00
  endloop
 endfacet
 facet normal -9.217396e-01 3.878093e-01 0.000000e+00
  outer loop
   vertex -1.253880e+01 2.051485e+01 1.000000e+00
   vertex -1.269309e+01 2.014815e+01 0.000000e+00
   vertex -1.269309e+01 2.014815e+01 1.000000e+00
  endloop
 endfacet
 facet normal -9.715860e-01 2.366866e-01 0.000000e+00
  outer loop
   vertex -1.253880e+01 2.051485e+01 0.000000e+00
   vertex -1.244464e+01 2.090138e+01 1.000000e+00
   vertex -1.244464e+01 2.090138e+01 0.000000e+00
  endloop
 endfacet
 facet normal -9.217396e-01 3.878093e-01 0.000000e+00
  outer loop
   vertex -1.269309e+01 2.014815e+01 1.000000e+00
   vertex -1.253880e+01 2.051485e+01 2.000000e+00
   vertex -1.253880e+01 2.051485e+01 1.000000e+00
  endloop
 endfacet
 facet normal -9.715860e-01 2.366866e-01 0.000000e+00
  outer loop
   vertex -1.253880e+01 2.051485e+01 2.000000e+00
   vertex -1.244464e+01 2.090138e+01 1.000000e+00
   vertex -1.253880e+01 2.051485e+01 1.000000e+00
  endloop
 endfacet
 facet normal -9.968296e-01 7.956648e-02 0.000000e+00
  outer loop
   vertex -1.244464e+01 2.090138e+01 2.000000e+00
   vertex -1.241299e+01 2.129795e+01 1.333333e+00
   vertex -1.244464e+01 2.090138e+01 1.000000e+00
  endloop
 endfacet
 facet normal -5.627363e-01 8.266365e-01 0.000000e+00
  outer loop
   vertex -1.470920e+01 1.832729e+01 1.000000e+00
   vertex -1.503383e+01 1.810630e+01 5.000000e-01
   vertex -1.503383e+01 1.810630e+01 1.000000e+00
  endloop
 endfacet
 facet normal -5.627363e-01 8.266365e-01 0.000000e+00
  outer loop
   vertex -1.470920e+01 1.832729e+01 1.500000e+00
   vertex -1.503383e+01 1.810630e+01 1.000000e+00
   vertex -1.503383e+01 1.810630e+01 1.500000e+00
  endloop
 endfacet
 facet normal -6.852418e-01 7.283156e-01 0.000000e+00
  outer loop
   vertex -1.442319e+01 1.859638e+01 1.000000e+00
   vertex -1.470920e+01 1.832729e+01 5.000000e-01
   vertex -1.470920e+01 1.832729e+01 1.000000e+00
  endloop
 endfacet
 facet normal -6.852418e-01 7.283156e-01 0.000000e+00
  outer loop
   vertex -1.442319e+01 1.859638e+01 1.500000e+00
   vertex -1.470920e+01 1.832729e+01 1.000000e+00
   vertex -1.470920e+01 1.832729e+01 1.500000e+00
  endloop
 endfacet
 facet normal -4.263473e-01 9.045595e-01 0.000000e+00
  outer loop
   vertex -1.538905e+01 1.793887e+01 6.666667e-01
   vertex -1.538905e+01 1.793887e+01 1.000000e+00
   vertex -1.503383e+01 1.810630e+01 1.000000e+00
  endloop
 endfacet
 facet normal -4.263473e-01 9.045595e-01 0.000000e+00
  outer loop
   vertex -1.538905e+01 1.793887e+01 1.333333e+00
   vertex -1.503383e+01 1.810630e+01 1.000000e+00
   vertex -1.538905e+01 1.793887e+01 1.000000e+00
  endloop
 endfacet
 facet normal -5.231163e-01 8.522291e-01 -7.412068e-03
  outer loop
   vertex -1.483485e+01 1.823278e+01 2.000000e+00
   vertex -1.503383e+01 1.810630e+01 1.500000e+00
   vertex -1.510269e+01 1.806837e+01 2.000000e+00
  endloop
 endfacet
 facet normal -7.188045e-01 6.951727e-01 7.414615e-03
  outer loop
   vertex -1.458974e+01 1.842950e+01 -3.167932e-15
   vertex -1.442319e+01 1.859638e+01 5.000000e-01
   vertex -1.437126e+01 1.865541e+01 -4.498478e-15
  endloop
 endfacet
 facet normal -7.908415e-01 6.120210e-01 0.000000e+00
  outer loop
   vertex -1.442319e+01 1.859638e+01 1.000000e+00
   vertex -1.418284e+01 1.890695e+01 6.666667e-01
   vertex -1.442319e+01 1.859638e+01 5.000000e-01
  endloop
 endfacet
 facet normal -6.851665e-01 7.282356e-01 1.482606e-02
  outer loop
   vertex -1.442319e+01 1.859638e+01 1.500000e+00
   vertex -1.470920e+01 1.832729e+01 1.500000e+00
   vertex -1.458974e+01 1.842950e+01 2.000000e+00
  endloop
 endfacet
 facet normal -7.908415e-01 6.120210e-01 0.000000e+00
  outer loop
   vertex -1.418284e+01 1.890695e+01 1.333333e+00
   vertex -1.418284e+01 1.890695e+01 1.000000e+00
   vertex -1.442319e+01 1.859638e+01 1.000000e+00
  endloop
 endfacet
 facet normal 5.491373e-01 -8.357322e-01 0.000000e+00
  outer loop
   vertex -1.783882e+01 2.222671e+01 1.000000e+00
   vertex -1.744251e+01 2.248711e+01 5.000000e-01
   vertex -1.744251e+01 2.248711e+01 1.000000e+00
  endloop
 endfacet
 facet normal 5.491373e-01 -8.357322e-01 0.000000e+00
  outer loop
   vertex -1.783882e+01 2.222671e+01 1.500000e+00
   vertex -1.744251e+01 2.248711e+01 1.000000e+00
   vertex -1.744251e+01 2.248711e+01 1.500000e+00
  endloop
 endfacet
 facet normal 6.970675e-01 -7.170055e-01 0.000000e+00
  outer loop
   vertex -1.817883e+01 2.189615e+01 1.000000e+00
   vertex -1.783882e+01 2.222671e+01 5.000000e-01
   vertex -1.783882e+01 2.222671e+01 1.000000e+00
  endloop
 endfacet
 facet normal 6.970675e-01 -7.170055e-01 0.000000e+00
  outer loop
   vertex -1.817883e+01 2.189615e+01 1.500000e+00
   vertex -1.783882e+01 2.222671e+01 1.000000e+00
   vertex -1.783882e+01 2.222671e+01 1.500000e+00
  endloop
 endfacet
 facet normal 5.490271e-01 -8.355645e-01 -2.002873e-02
  outer loop
   vertex -1.783882e+01 2.222671e+01 5.000000e-01
   vertex -1.758002e+01 2.240874e+01 1.119754e-14
   vertex -1.744251e+01 2.248711e+01 5.000000e-01
  endloop
 endfacet
 facet normal 3.814478e-01 -9.243904e-01 0.000000e+00
  outer loop
   vertex -1.700415e+01 2.266800e+01 6.666667e-01
   vertex -1.700415e+01 2.266800e+01 1.000000e+00
   vertex -1.744251e+01 2.248711e+01 1.000000e+00
  endloop
 endfacet
 facet normal 3.814478e-01 -9.243904e-01 0.000000e+00
  outer loop
   vertex -1.700415e+01 2.266800e+01 1.333333e+00
   vertex -1.744251e+01 2.248711e+01 1.000000e+00
   vertex -1.700415e+01 2.266800e+01 1.000000e+00
  endloop
 endfacet
 facet normal 5.490271e-01 -8.355645e-01 2.002873e-02
  outer loop
   vertex -1.783882e+01 2.222671e+01 1.500000e+00
   vertex -1.744251e+01 2.248711e+01 1.500000e+00
   vertex -1.758002e+01 2.240874e+01 2.000000e+00
  endloop
 endfacet
 facet normal 6.740222e-01 -7.387111e-01 0.000000e+00
  outer loop
   vertex -1.807255e+01 2.201344e+01 1.094765e-14
   vertex -1.783882e+01 2.222671e+01 1.162092e-14
   vertex -1.783882e+01 2.222671e+01 5.000000e-01
  endloop
 endfacet
 facet normal 8.199191e-01 -5.724793e-01 0.000000e+00
  outer loop
   vertex -1.817883e+01 2.189615e+01 1.000000e+00
   vertex -1.845030e+01 2.150734e+01 6.666667e-01
   vertex -1.817883e+01 2.189615e+01 5.000000e-01
  endloop
 endfacet
 facet normal 6.969277e-01 -7.168617e-01 2.002677e-02
  outer loop
   vertex -1.783882e+01 2.222671e+01 1.500000e+00
   vertex -1.807255e+01 2.201344e+01 2.000000e+00
   vertex -1.817883e+01 2.189615e+01 1.500000e+00
  endloop
 endfacet
 facet normal 8.199191e-01 -5.724793e-01 0.000000e+00
  outer loop
   vertex -1.845030e+01 2.150734e+01 1.333333e+00
   vertex -1.845030e+01 2.150734e+01 1.000000e+00
   vertex -1.817883e+01 2.189615e+01 1.000000e+00
  endloop
 endfacet
 facet normal -7.730110e-01 -6.343926e-01 -0.000000e+00
  outer loop
   vertex -1.158711e+01 2.352023e+01 2.650000e+00
   vertex -1.208456e+01 2.412638e+01 2.000000e+00
   vertex -1.158711e+01 2.352023e+01 2.000000e+00
  endloop
 endfacet
 facet normal -4.713973e-01 -8.819210e-01 0.000000e+00
  outer loop
   vertex -1.338225e+01 2.499347e+01 2.000000e+00
   vertex -1.269071e+01 2.462383e+01 2.650000e+00
   vertex -1.338225e+01 2.499347e+01 2.650000e+00
  endloop
 endfacet
 facet normal -6.343924e-01 -7.730112e-01 0.000000e+00
  outer loop
   vertex -1.269071e+01 2.462383e+01 2.000000e+00
   vertex -1.208456e+01 2.412638e+01 2.650000e+00
   vertex -1.269071e+01 2.462383e+01 2.650000e+00
  endloop
 endfacet
 facet normal -2.902845e-01 -9.569404e-01 -0.000000e+00
  outer loop
   vertex -1.338225e+01 2.499347e+01 2.650000e+00
   vertex -1.413263e+01 2.522109e+01 2.000000e+00
   vertex -1.338225e+01 2.499347e+01 2.000000e+00
  endloop
 endfacet
 facet normal -9.951848e-01 -9.801670e-02 -0.000000e+00
  outer loop
   vertex -1.098985e+01 2.207831e+01 3.300000e+00
   vertex -1.098985e+01 2.207831e+01 2.650000e+00
   vertex -1.091299e+01 2.129795e+01 2.866667e+00
  endloop
 endfacet
 facet normal -6.343924e-01 -7.730112e-01 0.000000e+00
  outer loop
   vertex -1.269071e+01 2.462383e+01 2.650000e+00
   vertex -1.208456e+01 2.412638e+01 3.300000e+00
   vertex -1.269071e+01 2.462383e+01 3.300000e+00
  endloop
 endfacet
 facet normal -4.713973e-01 -8.819210e-01 0.000000e+00
  outer loop
   vertex -1.338225e+01 2.499347e+01 2.650000e+00
   vertex -1.269071e+01 2.462383e+01 3.300000e+00
   vertex -1.338225e+01 2.499347e+01 3.300000e+00
  endloop
 endfacet
 facet normal -2.902845e-01 -9.569404e-01 -0.000000e+00
  outer loop
   vertex -1.338225e+01 2.499347e+01 3.300000e+00
   vertex -1.413263e+01 2.522109e+01 2.650000e+00
   vertex -1.338225e+01 2.499347e+01 2.650000e+00
  endloop
 endfacet
 facet normal -7.730110e-01 -6.343926e-01 0.000000e+00
  outer loop
   vertex -1.208456e+01 2.412638e+01 2.650000e+00
   vertex -1.158711e+01 2.352023e+01 3.300000e+00
   vertex -1.208456e+01 2.412638e+01 3.300000e+00
  endloop
 endfacet
 facet normal 1.070312e-01 -9.942557e-01 0.000000e+00
  outer loop
   vertex -1.576433e+01 2.520631e+01 2.000000e+00
   vertex -1.491299e+01 2.529795e+01 2.650000e+00
   vertex -1.576433e+01 2.520631e+01 2.650000e+00
  endloop
 endfacet
 facet normal -9.801670e-02 -9.951848e-01 0.000000e+00
  outer loop
   vertex -1.491299e+01 2.529795e+01 2.650000e+00
   vertex -1.413263e+01 2.522109e+01 3.300000e+00
   vertex -1.491299e+01 2.529795e+01 3.300000e+00
  endloop
 endfacet
 facet normal -9.801670e-02 -9.951848e-01 0.000000e+00
  outer loop
   vertex -1.491299e+01 2.529795e+01 2.000000e+00
   vertex -1.413263e+01 2.522109e+01 2.650000e+00
   vertex -1.491299e+01 2.529795e+01 2.650000e+00
  endloop
 endfacet
 facet normal 1.070312e-01 -9.942557e-01 0.000000e+00
  outer loop
   vertex -1.576433e+01 2.520631e+01 2.650000e+00
   vertex -1.491299e+01 2.529795e+01 3.300000e+00
   vertex -1.576433e+01 2.520631e+01 3.300000e+00
  endloop
 endfacet
 facet normal 3.161923e-01 -9.486951e-01 0.000000e+00
  outer loop
   vertex -1.576433e+01 2.520631e+01 2.650000e+00
   vertex -1.657665e+01 2.493556e+01 2.000000e+00
   vertex -1.576433e+01 2.520631e+01 2.000000e+00
  endloop
 endfacet
 facet normal 4.640564e-01 -8.858057e-01 0.000000e+00
  outer loop
   vertex -1.695644e+01 2.473660e+01 2.000000e+00
   vertex -1.657665e+01 2.493556e+01 2.650000e+00
   vertex -1.695644e+01 2.473660e+01 2.650000e+00
  endloop
 endfacet
 facet normal 5.562002e-01 -8.310483e-01 0.000000e+00
  outer loop
   vertex -1.731275e+01 2.449813e+01 2.000000e+00
   vertex -1.695644e+01 2.473660e+01 2.650000e+00
   vertex -1.731275e+01 2.449813e+01 2.650000e+00
  endloop
 endfacet
 facet normal 3.161923e-01 -9.486951e-01 0.000000e+00
  outer loop
   vertex -1.576433e+01 2.520631e+01 3.300000e+00
   vertex -1.657665e+01 2.493556e+01 2.650000e+00
   vertex -1.576433e+01 2.520631e+01 2.650000e+00
  endloop
 endfacet
 facet normal 4.640564e-01 -8.858057e-01 0.000000e+00
  outer loop
   vertex -1.657665e+01 2.493556e+01 3.300000e+00
   vertex -1.695644e+01 2.473660e+01 2.650000e+00
   vertex -1.657665e+01 2.493556e+01 2.650000e+00
  endloop
 endfacet
 facet normal 5.562002e-01 -8.310483e-01 0.000000e+00
  outer loop
   vertex -1.731275e+01 2.449813e+01 2.650000e+00
   vertex -1.695644e+01 2.473660e+01 3.300000e+00
   vertex -1.731275e+01 2.449813e+01 3.300000e+00
  endloop
 endfacet
 facet normal -9.229551e-01 -3.823006e-01 -4.472203e-02
  outer loop
   vertex -1.283431e+01 2.268688e+01 1.000000e+00
   vertex -1.255739e+01 2.213531e+01 0.000000e+00
   vertex -1.246102e+01 2.178568e+01 1.000000e+00
  endloop
 endfacet
 facet normal -6.343557e-01 -7.729640e-01 -1.093534e-02
  outer loop
   vertex -1.352406e+01 2.337663e+01 1.000000e+00
   vertex -1.327030e+01 2.318252e+01 0.000000e+00
   vertex -1.314522e+01 2.306572e+01 1.000000e+00
  endloop
 endfacet
 facet normal -4.446355e-01 -8.957054e-01 3.318901e-03
  outer loop
   vertex -1.361447e+01 2.343427e+01 0.000000e+00
   vertex -1.395628e+01 2.360765e+01 1.000000e+00
   vertex -1.399641e+01 2.362387e+01 0.000000e+00
  endloop
 endfacet
 facet normal -7.499521e-01 -6.614856e-01 -2.941867e-03
  outer loop
   vertex -1.291312e+01 2.279813e+01 2.000000e+00
   vertex -1.317484e+01 2.309485e+01 2.000000e+00
   vertex -1.314522e+01 2.306572e+01 1.000000e+00
  endloop
 endfacet
 facet normal -9.181975e-01 -3.946671e-01 3.392958e-02
  outer loop
   vertex -1.254525e+01 2.210035e+01 2.000000e+00
   vertex -1.270149e+01 2.246384e+01 2.000000e+00
   vertex -1.283431e+01 2.268688e+01 1.000000e+00
  endloop
 endfacet
 facet normal -4.713742e-01 -8.818750e-01 1.014099e-02
  outer loop
   vertex -1.352406e+01 2.337663e+01 1.000000e+00
   vertex -1.382123e+01 2.354697e+01 2.000000e+00
   vertex -1.395628e+01 2.360765e+01 1.000000e+00
  endloop
 endfacet
 facet normal -6.361980e-01 -7.715173e-01 3.632546e-03
  outer loop
   vertex -1.348009e+01 2.334656e+01 2.000000e+00
   vertex -1.314522e+01 2.306572e+01 1.000000e+00
   vertex -1.317484e+01 2.309485e+01 2.000000e+00
  endloop
 endfacet
 facet normal -2.902808e-01 -9.569337e-01 -3.869199e-03
  outer loop
   vertex -1.442526e+01 2.374992e+01 1.000000e+00
   vertex -1.399641e+01 2.362387e+01 0.000000e+00
   vertex -1.395628e+01 2.360765e+01 1.000000e+00
  endloop
 endfacet
 facet normal -9.801430e-02 -9.951613e-01 -6.866033e-03
  outer loop
   vertex -1.442526e+01 2.374992e+01 1.000000e+00
   vertex -1.491299e+01 2.379795e+01 1.000000e+00
   vertex -1.482841e+01 2.379652e+01 0.000000e+00
  endloop
 endfacet
 facet normal -5.267427e-02 -9.986012e-01 -4.578849e-03
  outer loop
   vertex -1.458155e+01 2.377588e+01 2.000000e+00
   vertex -1.498191e+01 2.379700e+01 2.000000e+00
   vertex -1.491299e+01 2.379795e+01 1.000000e+00
  endloop
 endfacet
 facet normal 3.830466e-01 -9.237205e-01 -3.962661e-03
  outer loop
   vertex -1.567018e+01 2.368053e+01 0.000000e+00
   vertex -1.610145e+01 2.349740e+01 1.000000e+00
   vertex -1.606407e+01 2.351719e+01 0.000000e+00
  endloop
 endfacet
 facet normal 1.235223e-01 -9.922432e-01 1.398783e-02
  outer loop
   vertex -1.491299e+01 2.379795e+01 1.000000e+00
   vertex -1.538049e+01 2.375385e+01 2.000000e+00
   vertex -1.552593e+01 2.372165e+01 1.000000e+00
  endloop
 endfacet
 facet normal 4.158886e-01 -9.094120e-01 -2.528108e-03
  outer loop
   vertex -1.576706e+01 2.364754e+01 2.000000e+00
   vertex -1.613166e+01 2.348080e+01 2.000000e+00
   vertex -1.610145e+01 2.349740e+01 1.000000e+00
  endloop
 endfacet
 facet normal 5.559037e-01 -8.312413e-01 2.998442e-03
  outer loop
   vertex -1.646492e+01 2.325793e+01 2.000000e+00
   vertex -1.610145e+01 2.349740e+01 1.000000e+00
   vertex -1.613166e+01 2.348080e+01 2.000000e+00
  endloop
 endfacet
 facet normal 5.930195e-01 -8.051881e-01 0.000000e+00
  outer loop
   vertex -1.845638e+01 2.362920e+01 2.800000e+00
   vertex -1.882790e+01 2.335557e+01 2.000000e+00
   vertex -1.845638e+01 2.362920e+01 2.000000e+00
  endloop
 endfacet
 facet normal 7.615102e-01 -6.481530e-01 0.000000e+00
  outer loop
   vertex -1.916545e+01 2.304098e+01 2.800000e+00
   vertex -1.946452e+01 2.268960e+01 2.320000e+00
   vertex -1.916545e+01 2.304098e+01 2.000000e+00
  endloop
 endfacet
 facet normal 6.818013e-01 -7.315374e-01 0.000000e+00
  outer loop
   vertex -1.916545e+01 2.304098e+01 2.000000e+00
   vertex -1.882790e+01 2.335557e+01 2.800000e+00
   vertex -1.916545e+01 2.304098e+01 2.800000e+00
  endloop
 endfacet
 facet normal -3.766693e-01 -9.263478e-01 0.000000e+00
  outer loop
   vertex -9.771806e+00 -1.975340e+01 2.000000e+00
   vertex -9.199968e+00 -1.998592e+01 3.300000e+00
   vertex -9.771806e+00 -1.975340e+01 3.300000e+00
  endloop
 endfacet
 facet normal -7.716161e-02 -9.970186e-01 0.000000e+00
  outer loop
   vertex -1.098808e+01 -1.956400e+01 2.000000e+00
   vertex -1.037261e+01 -1.961164e+01 3.300000e+00
   vertex -1.098808e+01 -1.956400e+01 3.300000e+00
  endloop
 endfacet
 facet normal 9.801670e-02 -9.951848e-01 0.000000e+00
  outer loop
   vertex -1.176844e+01 -1.964086e+01 2.000000e+00
   vertex -1.098808e+01 -1.956400e+01 3.300000e+00
   vertex -1.176844e+01 -1.964086e+01 3.300000e+00
  endloop
 endfacet
 facet normal -2.296527e-01 -9.732726e-01 0.000000e+00
  outer loop
   vertex -1.037261e+01 -1.961164e+01 2.000000e+00
   vertex -9.771806e+00 -1.975340e+01 3.300000e+00
   vertex -1.037261e+01 -1.961164e+01 3.300000e+00
  endloop
 endfacet
 facet normal 4.713973e-01 -8.819210e-01 0.000000e+00
  outer loop
   vertex -1.321036e+01 -2.023812e+01 2.000000e+00
   vertex -1.251881e+01 -1.986848e+01 3.300000e+00
   vertex -1.321036e+01 -2.023812e+01 3.300000e+00
  endloop
 endfacet
 facet normal 6.343924e-01 -7.730112e-01 0.000000e+00
  outer loop
   vertex -1.381650e+01 -2.073557e+01 2.000000e+00
   vertex -1.321036e+01 -2.023812e+01 3.300000e+00
   vertex -1.381650e+01 -2.073557e+01 3.300000e+00
  endloop
 endfacet
 facet normal 8.819215e-01 -4.713964e-01 0.000000e+00
  outer loop
   vertex -1.468359e+01 -2.203327e+01 2.000000e+00
   vertex -1.431395e+01 -2.134172e+01 3.300000e+00
   vertex -1.468359e+01 -2.203327e+01 3.300000e+00
  endloop
 endfacet
 facet normal 9.569405e-01 -2.902842e-01 0.000000e+00
  outer loop
   vertex -1.468359e+01 -2.203327e+01 3.300000e+00
   vertex -1.491122e+01 -2.278364e+01 2.000000e+00
   vertex -1.468359e+01 -2.203327e+01 2.000000e+00
  endloop
 endfacet
 facet normal 7.730100e-01 -6.343938e-01 0.000000e+00
  outer loop
   vertex -1.431395e+01 -2.134172e+01 2.000000e+00
   vertex -1.381650e+01 -2.073557e+01 3.300000e+00
   vertex -1.431395e+01 -2.134172e+01 3.300000e+00
  endloop
 endfacet
 facet normal 2.902849e-01 -9.569403e-01 0.000000e+00
  outer loop
   vertex -1.251881e+01 -1.986848e+01 2.000000e+00
   vertex -1.176844e+01 -1.964086e+01 3.300000e+00
   vertex -1.251881e+01 -1.986848e+01 3.300000e+00
  endloop
 endfacet
 facet normal 9.962747e-01 8.623687e-02 -0.000000e+00
  outer loop
   vertex -1.492858e+01 -2.425132e+01 2.000000e+00
   vertex -1.498808e+01 -2.356400e+01 3.300000e+00
   vertex -1.492858e+01 -2.425132e+01 3.300000e+00
  endloop
 endfacet
 facet normal 9.666385e-01 2.561446e-01 -0.000000e+00
  outer loop
   vertex -1.475187e+01 -2.491820e+01 2.000000e+00
   vertex -1.492858e+01 -2.425132e+01 3.300000e+00
   vertex -1.475187e+01 -2.491820e+01 3.300000e+00
  endloop
 endfacet
 facet normal 8.228392e-01 5.682742e-01 -0.000000e+00
  outer loop
   vertex -1.407115e+01 -2.611246e+01 2.000000e+00
   vertex -1.446320e+01 -2.554479e+01 3.300000e+00
   vertex -1.407115e+01 -2.611246e+01 3.300000e+00
  endloop
 endfacet
 facet normal 6.873009e-01 7.261249e-01 -1.897349e-02
  outer loop
   vertex -1.407115e+01 -2.611246e+01 3.300000e+00
   vertex -1.336345e+01 -2.678233e+01 3.300000e+00
   vertex -1.358739e+01 -2.660433e+01 2.000000e+00
  endloop
 endfacet
 facet normal 9.082482e-01 4.184318e-01 -0.000000e+00
  outer loop
   vertex -1.446320e+01 -2.554479e+01 2.000000e+00
   vertex -1.475187e+01 -2.491820e+01 3.300000e+00
   vertex -1.446320e+01 -2.554479e+01 3.300000e+00
  endloop
 endfacet
 facet normal 9.951847e-01 -9.801791e-02 0.000000e+00
  outer loop
   vertex -1.498808e+01 -2.356400e+01 2.000000e+00
   vertex -1.491122e+01 -2.278364e+01 3.300000e+00
   vertex -1.498808e+01 -2.356400e+01 3.300000e+00
  endloop
 endfacet
 facet normal 4.079387e-01 9.110817e-01 -5.929716e-02
  outer loop
   vertex -5.162569e+00 -2.863658e+01 1.000000e+00
   vertex -5.993683e+00 -2.832953e+01 -4.446173e-15
   vertex -6.344893e+00 -2.810719e+01 1.000000e+00
  endloop
 endfacet
 facet normal 6.638555e-02 9.977831e-01 4.664290e-03
  outer loop
   vertex -4.986096e+00 -2.866897e+01 -2.268347e-15
   vertex -4.514853e+00 -2.870500e+01 1.000000e+00
   vertex -4.453680e+00 -2.870440e+01 -1.061747e-15
  endloop
 endfacet
 facet normal -9.801713e-02 9.951701e-01 -5.394289e-03
  outer loop
   vertex -3.910073e+00 -2.864544e+01 1.000000e+00
   vertex -4.453680e+00 -2.870440e+01 -1.061747e-15
   vertex -4.514853e+00 -2.870500e+01 1.000000e+00
  endloop
 endfacet
 facet normal 1.012819e-01 9.948353e-01 6.681882e-03
  outer loop
   vertex -5.066095e+00 -2.865560e+01 2.000000e+00
   vertex -4.589706e+00 -2.870410e+01 2.000000e+00
   vertex -4.514853e+00 -2.870500e+01 1.000000e+00
  endloop
 endfacet
 facet normal 3.987011e-01 9.155717e-01 5.259130e-02
  outer loop
   vertex -5.968361e+00 -2.834312e+01 2.000000e+00
   vertex -5.529331e+00 -2.853431e+01 2.000000e+00
   vertex -5.162569e+00 -2.863658e+01 1.000000e+00
  endloop
 endfacet
 facet normal -5.313886e-02 9.985752e-01 -4.880421e-03
  outer loop
   vertex -4.111531e+00 -2.867865e+01 2.000000e+00
   vertex -4.514853e+00 -2.870500e+01 1.000000e+00
   vertex -4.589706e+00 -2.870410e+01 2.000000e+00
  endloop
 endfacet
 facet normal -2.902754e-01 9.569149e-01 -7.359011e-03
  outer loop
   vertex -3.910073e+00 -2.864544e+01 1.000000e+00
   vertex -3.328534e+00 -2.846903e+01 1.000000e+00
   vertex -3.410004e+00 -2.850143e+01 1.409144e-15
  endloop
 endfacet
 facet normal -4.713643e-01 8.818615e-01 -1.166388e-02
  outer loop
   vertex -3.328534e+00 -2.846903e+01 1.000000e+00
   vertex -2.792585e+00 -2.818256e+01 1.000000e+00
   vertex -2.929667e+00 -2.826906e+01 2.600229e-15
  endloop
 endfacet
 facet normal -6.343295e-01 7.729327e-01 -1.418387e-02
  outer loop
   vertex -2.792585e+00 -2.818256e+01 1.000000e+00
   vertex -2.322822e+00 -2.779703e+01 1.000000e+00
   vertex -2.496295e+00 -2.795775e+01 3.714274e-15
  endloop
 endfacet
 facet normal -5.060116e-01 8.625143e-01 -4.619003e-03
  outer loop
   vertex -3.164937e+00 -2.839565e+01 2.000000e+00
   vertex -2.737487e+00 -2.814488e+01 2.000000e+00
   vertex -2.792585e+00 -2.818256e+01 1.000000e+00
  endloop
 endfacet
 facet normal -6.369941e-01 7.708583e-01 3.999935e-03
  outer loop
   vertex -2.737487e+00 -2.814488e+01 2.000000e+00
   vertex -2.355460e+00 -2.782919e+01 2.000000e+00
   vertex -2.322822e+00 -2.779703e+01 1.000000e+00
  endloop
 endfacet
 facet normal -3.620937e-01 9.320967e-01 -9.157710e-03
  outer loop
   vertex -3.626887e+00 -2.857511e+01 2.000000e+00
   vertex -3.164937e+00 -2.839565e+01 2.000000e+00
   vertex -3.328534e+00 -2.846903e+01 1.000000e+00
  endloop
 endfacet
 facet normal -9.085721e-01 4.176258e-01 9.245980e-03
  outer loop
   vertex -1.820036e+00 -2.713731e+01 5.582482e-15
   vertex -1.650826e+00 -2.679132e+01 1.000000e+00
   vertex -1.597184e+00 -2.665248e+01 6.281294e-15
  endloop
 endfacet
 facet normal -9.667572e-01 2.556367e-01 5.514739e-03
  outer loop
   vertex -1.597184e+00 -2.665248e+01 6.281294e-15
   vertex -1.474418e+00 -2.620978e+01 1.000000e+00
   vertex -1.460776e+00 -2.613662e+01 6.794006e-15
  endloop
 endfacet
 facet normal -7.729604e-01 6.343502e-01 1.149136e-02
  outer loop
   vertex -2.322822e+00 -2.779703e+01 1.000000e+00
   vertex -2.028621e+00 -2.745666e+01 2.000000e+00
   vertex -1.937297e+00 -2.732727e+01 1.000000e+00
  endloop
 endfacet
 facet normal -9.713016e-01 2.377493e-01 -6.959017e-03
  outer loop
   vertex -1.572293e+00 -2.658037e+01 2.000000e+00
   vertex -1.454466e+00 -2.609900e+01 2.000000e+00
   vertex -1.474418e+00 -2.620978e+01 1.000000e+00
  endloop
 endfacet
 facet normal -9.225328e-01 -3.821259e-01 -5.397171e-02
  outer loop
   vertex -1.937297e+00 -2.388273e+01 1.000000e+00
   vertex -1.585190e+00 -2.459155e+01 0.000000e+00
   vertex -1.474418e+00 -2.500022e+01 1.000000e+00
  endloop
 endfacet
 facet normal -7.321088e-01 -6.811318e-01 8.723654e-03
  outer loop
   vertex -2.077482e+00 -2.368948e+01 0.000000e+00
   vertex -2.322822e+00 -2.341297e+01 1.000000e+00
   vertex -2.428699e+00 -2.331198e+01 0.000000e+00
  endloop
 endfacet
 facet normal -6.091013e-01 -7.930823e-01 4.014502e-03
  outer loop
   vertex -2.428699e+00 -2.331198e+01 0.000000e+00
   vertex -2.792585e+00 -2.302744e+01 1.000000e+00
   vertex -2.837630e+00 -2.299791e+01 0.000000e+00
  endloop
 endfacet
 facet normal -9.096537e-01 -4.143488e-01 2.907220e-02
  outer loop
   vertex -1.594320e+00 -2.456554e+01 2.000000e+00
   vertex -1.813750e+00 -2.408380e+01 2.000000e+00
   vertex -1.937297e+00 -2.388273e+01 1.000000e+00
  endloop
 endfacet
 facet normal -5.895047e-01 -8.077185e-01 -8.660859e-03
  outer loop
   vertex -2.480199e+00 -2.326616e+01 2.000000e+00
   vertex -2.907785e+00 -2.295409e+01 2.000000e+00
   vertex -2.792585e+00 -2.302744e+01 1.000000e+00
  endloop
 endfacet
 facet normal -4.713709e-01 -8.818739e-01 1.038777e-02
  outer loop
   vertex -3.328534e+00 -2.274097e+01 1.000000e+00
   vertex -2.792585e+00 -2.302744e+01 1.000000e+00
   vertex -2.907785e+00 -2.295409e+01 2.000000e+00
  endloop
 endfacet
 facet normal -4.713909e-01 -8.819113e-01 -4.812070e-03
  outer loop
   vertex -3.328534e+00 -2.274097e+01 1.000000e+00
   vertex -2.837630e+00 -2.299791e+01 0.000000e+00
   vertex -2.792585e+00 -2.302744e+01 1.000000e+00
  endloop
 endfacet
 facet normal -2.902685e-01 -9.568921e-01 -1.008657e-02
  outer loop
   vertex -3.328534e+00 -2.274097e+01 1.000000e+00
   vertex -3.910073e+00 -2.256457e+01 1.000000e+00
   vertex -3.782095e+00 -2.259285e+01 0.000000e+00
  endloop
 endfacet
 facet normal -9.800913e-02 -9.950888e-01 -1.387332e-02
  outer loop
   vertex -3.910073e+00 -2.256457e+01 1.000000e+00
   vertex -4.514853e+00 -2.250500e+01 1.000000e+00
   vertex -4.291502e+00 -2.251306e+01 0.000000e+00
  endloop
 endfacet
 facet normal -2.902553e-01 -9.568487e-01 1.387315e-02
  outer loop
   vertex -3.328534e+00 -2.274097e+01 1.000000e+00
   vertex -3.692558e+00 -2.261605e+01 2.000000e+00
   vertex -3.910073e+00 -2.256457e+01 1.000000e+00
  endloop
 endfacet
 facet normal 1.066449e-01 -9.941442e-01 -1.744081e-02
  outer loop
   vertex -5.172369e+00 -2.257553e+01 1.000000e+00
   vertex -4.807087e+00 -2.251881e+01 0.000000e+00
   vertex -4.514853e+00 -2.250500e+01 1.000000e+00
  endloop
 endfacet
 facet normal -6.104198e-02 -9.981339e-01 -1.624162e-03
  outer loop
   vertex -4.112341e+00 -2.253124e+01 2.000000e+00
   vertex -4.539807e+00 -2.250510e+01 2.000000e+00
   vertex -4.514853e+00 -2.250500e+01 1.000000e+00
  endloop
 endfacet
 facet normal 1.066470e-01 -9.941643e-01 1.624304e-02
  outer loop
   vertex -4.514853e+00 -2.250500e+01 1.000000e+00
   vertex -4.939216e+00 -2.253419e+01 2.000000e+00
   vertex -5.172369e+00 -2.257553e+01 1.000000e+00
  endloop
 endfacet
 facet normal -7.730103e-01 -6.343935e-01 0.000000e+00
  outer loop
   vertex -1.686425e+00 -2.277658e+01 2.000000e+00
   vertex -1.188974e+00 -2.338272e+01 2.800000e+00
   vertex -1.686425e+00 -2.277658e+01 2.800000e+00
  endloop
 endfacet
 facet normal -6.343935e-01 -7.730102e-01 0.000000e+00
  outer loop
   vertex -2.292572e+00 -2.227912e+01 2.000000e+00
   vertex -1.686425e+00 -2.277658e+01 2.800000e+00
   vertex -2.292572e+00 -2.227912e+01 2.800000e+00
  endloop
 endfacet
 facet normal -9.951847e-01 -9.801715e-02 -0.000000e+00
  outer loop
   vertex -5.917115e-01 -2.482464e+01 3.600000e+00
   vertex -5.917115e-01 -2.482464e+01 2.800000e+00
   vertex -5.148526e-01 -2.560500e+01 3.066667e+00
  endloop
 endfacet
 facet normal -7.730103e-01 -6.343935e-01 0.000000e+00
  outer loop
   vertex -1.686425e+00 -2.277658e+01 2.800000e+00
   vertex -1.188974e+00 -2.338272e+01 3.600000e+00
   vertex -1.686425e+00 -2.277658e+01 3.600000e+00
  endloop
 endfacet
 facet normal -6.343935e-01 -7.730102e-01 -0.000000e+00
  outer loop
   vertex -1.686425e+00 -2.277658e+01 3.600000e+00
   vertex -2.292572e+00 -2.227912e+01 2.800000e+00
   vertex -1.686425e+00 -2.277658e+01 2.800000e+00
  endloop
 endfacet
 facet normal -4.713974e-01 -8.819209e-01 -0.000000e+00
  outer loop
   vertex -2.292572e+00 -2.227912e+01 2.800000e+00
   vertex -2.984119e+00 -2.190948e+01 2.000000e+00
   vertex -2.292572e+00 -2.227912e+01 2.000000e+00
  endloop
 endfacet
 facet normal -2.902847e-01 -9.569403e-01 0.000000e+00
  outer loop
   vertex -3.734491e+00 -2.168186e+01 2.000000e+00
   vertex -2.984119e+00 -2.190948e+01 2.800000e+00
   vertex -3.734491e+00 -2.168186e+01 2.800000e+00
  endloop
 endfacet
 facet normal -2.902847e-01 -9.569403e-01 0.000000e+00
  outer loop
   vertex -3.734491e+00 -2.168186e+01 2.800000e+00
   vertex -2.984119e+00 -2.190948e+01 3.600000e+00
   vertex -3.734491e+00 -2.168186e+01 3.600000e+00
  endloop
 endfacet
 facet normal -9.451415e-02 -9.955235e-01 -0.000000e+00
  outer loop
   vertex -3.734491e+00 -2.168186e+01 2.800000e+00
   vertex -4.543083e+00 -2.160509e+01 2.266667e+00
   vertex -3.734491e+00 -2.168186e+01 2.000000e+00
  endloop
 endfacet
 facet normal -4.713974e-01 -8.819209e-01 -0.000000e+00
  outer loop
   vertex -2.292572e+00 -2.227912e+01 3.600000e+00
   vertex -2.984119e+00 -2.190948e+01 2.800000e+00
   vertex -2.292572e+00 -2.227912e+01 2.800000e+00
  endloop
 endfacet
 facet normal -9.453799e-02 -9.955213e-01 -0.000000e+00
  outer loop
   vertex -3.734491e+00 -2.168186e+01 3.600000e+00
   vertex -4.543138e+00 -2.160507e+01 3.066667e+00
   vertex -3.734491e+00 -2.168186e+01 2.800000e+00
  endloop
 endfacet
 facet normal 1.051971e-01 9.944514e-01 0.000000e+00
  outer loop
   vertex -4.514853e+00 -2.960500e+01 2.000000e+00
   vertex -5.351760e+00 -2.951647e+01 2.000000e+00
   vertex -5.351760e+00 -2.951647e+01 2.800000e+00
  endloop
 endfacet
 facet normal -2.902847e-01 9.569403e-01 0.000000e+00
  outer loop
   vertex -3.734491e+00 -2.952814e+01 2.800000e+00
   vertex -2.984119e+00 -2.930052e+01 2.000000e+00
   vertex -3.734491e+00 -2.952814e+01 2.000000e+00
  endloop
 endfacet
 facet normal -2.902847e-01 9.569403e-01 0.000000e+00
  outer loop
   vertex -2.984119e+00 -2.930052e+01 2.800000e+00
   vertex -3.734491e+00 -2.952814e+01 3.600000e+00
   vertex -2.984119e+00 -2.930052e+01 3.600000e+00
  endloop
 endfacet
 facet normal -4.713974e-01 8.819209e-01 0.000000e+00
  outer loop
   vertex -2.984119e+00 -2.930052e+01 3.600000e+00
   vertex -2.292572e+00 -2.893088e+01 2.800000e+00
   vertex -2.984119e+00 -2.930052e+01 2.800000e+00
  endloop
 endfacet
 facet normal -4.713974e-01 8.819209e-01 0.000000e+00
  outer loop
   vertex -2.984119e+00 -2.930052e+01 2.800000e+00
   vertex -2.292572e+00 -2.893088e+01 2.000000e+00
   vertex -2.984119e+00 -2.930052e+01 2.000000e+00
  endloop
 endfacet
 facet normal -6.343935e-01 7.730102e-01 0.000000e+00
  outer loop
   vertex -1.686425e+00 -2.843343e+01 2.000000e+00
   vertex -2.292572e+00 -2.893088e+01 2.800000e+00
   vertex -1.686425e+00 -2.843343e+01 2.800000e+00
  endloop
 endfacet
 facet normal -6.343935e-01 7.730102e-01 0.000000e+00
  outer loop
   vertex -1.686425e+00 -2.843343e+01 2.800000e+00
   vertex -2.292572e+00 -2.893088e+01 3.600000e+00
   vertex -1.686425e+00 -2.843343e+01 3.600000e+00
  endloop
 endfacet
 facet normal -7.730103e-01 6.343935e-01 0.000000e+00
  outer loop
   vertex -1.686425e+00 -2.843343e+01 2.800000e+00
   vertex -1.188974e+00 -2.782728e+01 2.000000e+00
   vertex -1.686425e+00 -2.843343e+01 2.000000e+00
  endloop
 endfacet
 facet normal -8.819213e-01 4.713966e-01 0.000000e+00
  outer loop
   vertex -8.193345e-01 -2.713573e+01 2.000000e+00
   vertex -1.188974e+00 -2.782728e+01 2.800000e+00
   vertex -8.193345e-01 -2.713573e+01 2.800000e+00
  endloop
 endfacet
 facet normal -9.951847e-01 9.801715e-02 0.000000e+00
  outer loop
   vertex -5.917115e-01 -2.638536e+01 2.000000e+00
   vertex -5.917115e-01 -2.638536e+01 2.800000e+00
   vertex -5.148526e-01 -2.560500e+01 2.533333e+00
  endloop
 endfacet
 facet normal -9.569403e-01 2.902849e-01 0.000000e+00
  outer loop
   vertex -5.917115e-01 -2.638536e+01 2.000000e+00
   vertex -8.193345e-01 -2.713573e+01 2.800000e+00
   vertex -5.917115e-01 -2.638536e+01 2.800000e+00
  endloop
 endfacet
 facet normal -8.819213e-01 4.713966e-01 0.000000e+00
  outer loop
   vertex -1.188974e+00 -2.782728e+01 3.600000e+00
   vertex -8.193345e-01 -2.713573e+01 2.800000e+00
   vertex -1.188974e+00 -2.782728e+01 2.800000e+00
  endloop
 endfacet
 facet normal -7.730103e-01 6.343935e-01 0.000000e+00
  outer loop
   vertex -1.188974e+00 -2.782728e+01 2.800000e+00
   vertex -1.686425e+00 -2.843343e+01 3.600000e+00
   vertex -1.188974e+00 -2.782728e+01 3.600000e+00
  endloop
 endfacet
 facet normal -9.951847e-01 9.801715e-02 0.000000e+00
  outer loop
   vertex -5.917115e-01 -2.638536e+01 3.600000e+00
   vertex -5.148526e-01 -2.560500e+01 3.066667e+00
   vertex -5.917115e-01 -2.638536e+01 2.800000e+00
  endloop
 endfacet
 facet normal -9.569403e-01 2.902849e-01 0.000000e+00
  outer loop
   vertex -5.917115e-01 -2.638536e+01 2.800000e+00
   vertex -8.193345e-01 -2.713573e+01 3.600000e+00
   vertex -5.917115e-01 -2.638536e+01 3.600000e+00
  endloop
 endfacet
 facet normal 4.684346e-01 8.834982e-01 0.000000e+00
  outer loop
   vertex -7.250762e+00 -2.751390e+01 1.000000e+00
   vertex -7.448715e+00 -2.740895e+01 5.000000e-01
   vertex -7.448715e+00 -2.740895e+01 1.000000e+00
  endloop
 endfacet
 facet normal 4.684346e-01 8.834982e-01 0.000000e+00
  outer loop
   vertex -7.250762e+00 -2.751390e+01 1.500000e+00
   vertex -7.448715e+00 -2.740895e+01 1.000000e+00
   vertex -7.448715e+00 -2.740895e+01 1.500000e+00
  endloop
 endfacet
 facet normal 3.871226e-01 9.220283e-01 0.000000e+00
  outer loop
   vertex -7.042555e+00 -2.760132e+01 1.000000e+00
   vertex -7.250762e+00 -2.751390e+01 5.000000e-01
   vertex -7.250762e+00 -2.751390e+01 1.000000e+00
  endloop
 endfacet
 facet normal 3.871226e-01 9.220283e-01 0.000000e+00
  outer loop
   vertex -7.042555e+00 -2.760132e+01 1.500000e+00
   vertex -7.250762e+00 -2.751390e+01 1.000000e+00
   vertex -7.250762e+00 -2.751390e+01 1.500000e+00
  endloop
 endfacet
 facet normal 3.871188e-01 9.220191e-01 -4.444478e-03
  outer loop
   vertex -7.250762e+00 -2.751390e+01 5.000000e-01
   vertex -7.042555e+00 -2.760132e+01 5.000000e-01
   vertex -7.110133e+00 -2.757536e+01 0.000000e+00
  endloop
 endfacet
 facet normal 5.447821e-01 8.385776e-01 -0.000000e+00
  outer loop
   vertex -7.632260e+00 -2.728971e+01 6.666667e-01
   vertex -7.632260e+00 -2.728971e+01 1.000000e+00
   vertex -7.448715e+00 -2.740895e+01 1.000000e+00
  endloop
 endfacet
 facet normal 4.478114e-01 8.941108e-01 -5.553523e-03
  outer loop
   vertex -7.413762e+00 -2.742916e+01 2.000000e+00
   vertex -7.181999e+00 -2.754523e+01 2.000000e+00
   vertex -7.250762e+00 -2.751390e+01 1.500000e+00
  endloop
 endfacet
 facet normal 3.023529e-01 9.531960e-01 0.000000e+00
  outer loop
   vertex -7.042555e+00 -2.760132e+01 1.000000e+00
   vertex -6.827311e+00 -2.766959e+01 6.666667e-01
   vertex -7.042555e+00 -2.760132e+01 5.000000e-01
  endloop
 endfacet
 facet normal 3.023529e-01 9.531960e-01 -0.000000e+00
  outer loop
   vertex -7.042555e+00 -2.760132e+01 1.000000e+00
   vertex -7.042555e+00 -2.760132e+01 1.500000e+00
   vertex -6.827311e+00 -2.766959e+01 1.333333e+00
  endloop
 endfacet
 facet normal 3.661291e-01 9.305613e-01 -2.269674e-03
  outer loop
   vertex -7.181999e+00 -2.754523e+01 2.000000e+00
   vertex -7.006995e+00 -2.761409e+01 2.000000e+00
   vertex -7.042555e+00 -2.760132e+01 1.500000e+00
  endloop
 endfacet
 facet normal -6.827900e-02 -9.976663e-01 0.000000e+00
  outer loop
   vertex -6.080253e+00 -2.275688e+01 1.000000e+00
   vertex -5.938174e+00 -2.276660e+01 5.000000e-01
   vertex -5.938174e+00 -2.276660e+01 1.000000e+00
  endloop
 endfacet
 facet normal -6.827900e-02 -9.976663e-01 0.000000e+00
  outer loop
   vertex -6.080253e+00 -2.275688e+01 1.500000e+00
   vertex -5.938174e+00 -2.276660e+01 1.000000e+00
   vertex -5.938174e+00 -2.276660e+01 1.500000e+00
  endloop
 endfacet
 facet normal -1.122603e-02 -9.999370e-01 0.000000e+00
  outer loop
   vertex -6.223303e+00 -2.275527e+01 1.000000e+00
   vertex -6.080253e+00 -2.275688e+01 5.000000e-01
   vertex -6.080253e+00 -2.275688e+01 1.000000e+00
  endloop
 endfacet
 facet normal -1.122603e-02 -9.999370e-01 0.000000e+00
  outer loop
   vertex -6.223303e+00 -2.275527e+01 1.500000e+00
   vertex -6.080253e+00 -2.275688e+01 1.000000e+00
   vertex -6.080253e+00 -2.275688e+01 1.500000e+00
  endloop
 endfacet
 facet normal -1.243486e-01 -9.922386e-01 0.000000e+00
  outer loop
   vertex -5.799964e+00 -2.278392e+01 6.666667e-01
   vertex -5.799964e+00 -2.278392e+01 1.000000e+00
   vertex -5.938174e+00 -2.276660e+01 1.000000e+00
  endloop
 endfacet
 facet normal -9.562926e-02 -9.953845e-01 -8.047573e-03
  outer loop
   vertex -6.082316e+00 -2.275680e+01 2.000000e+00
   vertex -5.938174e+00 -2.276660e+01 1.500000e+00
   vertex -5.799964e+00 -2.278392e+01 2.000000e+00
  endloop
 endfacet
 facet normal 4.592957e-02 -9.989447e-01 0.000000e+00
  outer loop
   vertex -6.223303e+00 -2.275527e+01 1.000000e+00
   vertex -6.365924e+00 -2.276183e+01 6.666667e-01
   vertex -6.223303e+00 -2.275527e+01 5.000000e-01
  endloop
 endfacet
 facet normal 4.592957e-02 -9.989447e-01 0.000000e+00
  outer loop
   vertex -6.223303e+00 -2.275527e+01 1.000000e+00
   vertex -6.223303e+00 -2.275527e+01 1.500000e+00
   vertex -6.365924e+00 -2.276183e+01 1.333333e+00
  endloop
 endfacet
 facet normal 2.997058e-01 9.540317e-01 0.000000e+00
  outer loop
   vertex -7.144272e+00 -2.913688e+01 2.715306e+00
   vertex -7.608616e+00 -2.899101e+01 2.357653e+00
   vertex -7.608616e+00 -2.899101e+01 2.715306e+00
  endloop
 endfacet
 facet normal 2.997058e-01 9.540317e-01 0.000000e+00
  outer loop
   vertex -7.144272e+00 -2.913688e+01 3.072959e+00
   vertex -7.608616e+00 -2.899101e+01 2.715306e+00
   vertex -7.608616e+00 -2.899101e+01 3.072959e+00
  endloop
 endfacet
 facet normal 1.816206e-01 9.833687e-01 0.000000e+00
  outer loop
   vertex -6.665649e+00 -2.922528e+01 2.715306e+00
   vertex -7.144272e+00 -2.913688e+01 2.357653e+00
   vertex -7.144272e+00 -2.913688e+01 2.715306e+00
  endloop
 endfacet
 facet normal 1.816206e-01 9.833687e-01 0.000000e+00
  outer loop
   vertex -6.665649e+00 -2.922528e+01 3.072959e+00
   vertex -7.144272e+00 -2.913688e+01 2.715306e+00
   vertex -7.144272e+00 -2.913688e+01 3.072959e+00
  endloop
 endfacet
 facet normal 4.133625e-01 9.105666e-01 1.870417e-05
  outer loop
   vertex -8.051821e+00 -2.878982e+01 2.337219e+00
   vertex -7.608616e+00 -2.899101e+01 2.000000e+00
   vertex -8.051805e+00 -2.878982e+01 2.000000e+00
  endloop
 endfacet
 facet normal 4.133501e-01 9.105722e-01 1.355332e-05
  outer loop
   vertex -8.051836e+00 -2.878982e+01 2.674439e+00
   vertex -7.608616e+00 -2.899101e+01 2.357653e+00
   vertex -8.051821e+00 -2.878982e+01 2.337219e+00
  endloop
 endfacet
 facet normal 2.997058e-01 9.540317e-01 -0.000000e+00
  outer loop
   vertex -7.144272e+00 -2.913688e+01 2.000000e+00
   vertex -7.608616e+00 -2.899101e+01 2.357653e+00
   vertex -7.144272e+00 -2.913688e+01 2.357653e+00
  endloop
 endfacet
 facet normal 1.816206e-01 9.833687e-01 0.000000e+00
  outer loop
   vertex -7.144272e+00 -2.913688e+01 2.357653e+00
   vertex -6.665649e+00 -2.922528e+01 2.000000e+00
   vertex -7.144272e+00 -2.913688e+01 2.000000e+00
  endloop
 endfacet
 facet normal 4.133296e-01 9.105815e-01 -0.000000e+00
  outer loop
   vertex -7.608616e+00 -2.899101e+01 2.715306e+00
   vertex -8.051852e+00 -2.878982e+01 3.011658e+00
   vertex -7.608616e+00 -2.899101e+01 3.072959e+00
  endloop
 endfacet
 facet normal 5.731965e-02 9.983559e-01 0.000000e+00
  outer loop
   vertex -6.665649e+00 -2.922528e+01 2.357653e+00
   vertex -6.151622e+00 -2.925480e+01 2.000000e+00
   vertex -6.665649e+00 -2.922528e+01 2.000000e+00
  endloop
 endfacet
 facet normal 5.731965e-02 9.983559e-01 -0.000000e+00
  outer loop
   vertex -6.151622e+00 -2.925480e+01 2.357653e+00
   vertex -6.665649e+00 -2.922528e+01 2.715306e+00
   vertex -6.151622e+00 -2.925480e+01 2.715306e+00
  endloop
 endfacet
 facet normal 5.731965e-02 9.983559e-01 -0.000000e+00
  outer loop
   vertex -6.151622e+00 -2.925480e+01 2.715306e+00
   vertex -6.665649e+00 -2.922528e+01 3.072959e+00
   vertex -6.151622e+00 -2.925480e+01 3.072959e+00
  endloop
 endfacet
 facet normal -2.843239e-01 -9.587283e-01 0.000000e+00
  outer loop
   vertex -5.218194e+00 -2.137221e+01 2.800000e+00
   vertex -4.869259e+00 -2.147569e+01 2.400000e+00
   vertex -4.869259e+00 -2.147569e+01 2.800000e+00
  endloop
 endfacet
 facet normal -2.843239e-01 -9.587283e-01 0.000000e+00
  outer loop
   vertex -5.218194e+00 -2.137221e+01 3.200000e+00
   vertex -4.869259e+00 -2.147569e+01 2.800000e+00
   vertex -4.869259e+00 -2.147569e+01 3.200000e+00
  endloop
 endfacet
 facet normal -1.954216e-01 -9.807193e-01 0.000000e+00
  outer loop
   vertex -5.579737e+00 -2.130017e+01 2.800000e+00
   vertex -5.218194e+00 -2.137221e+01 2.400000e+00
   vertex -5.218194e+00 -2.137221e+01 2.800000e+00
  endloop
 endfacet
 facet normal -1.954216e-01 -9.807193e-01 0.000000e+00
  outer loop
   vertex -5.579737e+00 -2.130017e+01 3.200000e+00
   vertex -5.218194e+00 -2.137221e+01 2.800000e+00
   vertex -5.218194e+00 -2.137221e+01 3.200000e+00
  endloop
 endfacet
 facet normal -2.843239e-01 -9.587283e-01 0.000000e+00
  outer loop
   vertex -5.218194e+00 -2.137221e+01 2.000000e+00
   vertex -4.869259e+00 -2.147569e+01 2.400000e+00
   vertex -5.218194e+00 -2.137221e+01 2.400000e+00
  endloop
 endfacet
 facet normal -3.687630e-01 -9.295235e-01 8.185164e-06
  outer loop
   vertex -4.543101e+00 -2.160509e+01 2.533333e+00
   vertex -4.543119e+00 -2.160508e+01 2.800000e+00
   vertex -4.869259e+00 -2.147569e+01 2.800000e+00
  endloop
 endfacet
 facet normal -1.954216e-01 -9.807193e-01 -0.000000e+00
  outer loop
   vertex -5.218194e+00 -2.137221e+01 2.400000e+00
   vertex -5.579737e+00 -2.130017e+01 2.000000e+00
   vertex -5.218194e+00 -2.137221e+01 2.000000e+00
  endloop
 endfacet
 facet normal -3.687630e-01 -9.295235e-01 8.772943e-07
  outer loop
   vertex -4.543138e+00 -2.160507e+01 3.066667e+00
   vertex -4.869259e+00 -2.147569e+01 2.800000e+00
   vertex -4.543119e+00 -2.160508e+01 2.800000e+00
  endloop
 endfacet
 facet normal -3.687700e-01 -9.295207e-01 -1.833994e-05
  outer loop
   vertex -4.543157e+00 -2.160506e+01 3.333333e+00
   vertex -4.543064e+00 -2.160510e+01 3.600000e+00
   vertex -4.869259e+00 -2.147569e+01 3.600000e+00
  endloop
 endfacet
 facet normal -2.843239e-01 -9.587283e-01 -0.000000e+00
  outer loop
   vertex -4.869259e+00 -2.147569e+01 3.600000e+00
   vertex -5.218194e+00 -2.137221e+01 3.200000e+00
   vertex -4.869259e+00 -2.147569e+01 3.200000e+00
  endloop
 endfacet
 facet normal -1.043048e-01 -9.945454e-01 1.705087e-05
  outer loop
   vertex -5.946389e+00 -2.126171e+01 2.266667e+00
   vertex -5.946378e+00 -2.126171e+01 2.000000e+00
   vertex -5.579737e+00 -2.130017e+01 2.000000e+00
  endloop
 endfacet
 facet normal -1.043343e-01 -9.945423e-01 -0.000000e+00
  outer loop
   vertex -5.579737e+00 -2.130017e+01 2.800000e+00
   vertex -5.946401e+00 -2.126170e+01 2.533333e+00
   vertex -5.579737e+00 -2.130017e+01 2.400000e+00
  endloop
 endfacet
 facet normal -1.954216e-01 -9.807193e-01 -0.000000e+00
  outer loop
   vertex -5.218194e+00 -2.137221e+01 3.600000e+00
   vertex -5.579737e+00 -2.130017e+01 3.200000e+00
   vertex -5.218194e+00 -2.137221e+01 3.200000e+00
  endloop
 endfacet
 facet normal -1.043711e-01 -9.945384e-01 -0.000000e+00
  outer loop
   vertex -5.579737e+00 -2.130017e+01 3.600000e+00
   vertex -5.946434e+00 -2.126168e+01 3.333333e+00
   vertex -5.579737e+00 -2.130017e+01 3.200000e+00
  endloop
 endfacet
 facet normal 4.153766e-01 9.096495e-01 0.000000e+00
  outer loop
   vertex -8.658395e+00 -2.715128e+01 1.000000e+00
   vertex -9.047572e+00 -2.697357e+01 5.000000e-01
   vertex -9.047572e+00 -2.697357e+01 1.000000e+00
  endloop
 endfacet
 facet normal 4.153766e-01 9.096495e-01 0.000000e+00
  outer loop
   vertex -8.658395e+00 -2.715128e+01 1.500000e+00
   vertex -9.047572e+00 -2.697357e+01 1.000000e+00
   vertex -9.047572e+00 -2.697357e+01 1.500000e+00
  endloop
 endfacet
 facet normal 2.541953e-01 9.671529e-01 0.000000e+00
  outer loop
   vertex -8.244615e+00 -2.726003e+01 1.000000e+00
   vertex -8.658395e+00 -2.715128e+01 5.000000e-01
   vertex -8.658395e+00 -2.715128e+01 1.000000e+00
  endloop
 endfacet
 facet normal 2.541953e-01 9.671529e-01 0.000000e+00
  outer loop
   vertex -8.244615e+00 -2.726003e+01 1.500000e+00
   vertex -8.658395e+00 -2.715128e+01 1.000000e+00
   vertex -8.658395e+00 -2.715128e+01 1.500000e+00
  endloop
 endfacet
 facet normal 4.153071e-01 9.094972e-01 -1.829924e-02
  outer loop
   vertex -8.658395e+00 -2.715128e+01 5.000000e-01
   vertex -8.865249e+00 -2.706688e+01 1.119754e-14
   vertex -9.047572e+00 -2.697357e+01 5.000000e-01
  endloop
 endfacet
 facet normal 5.643948e-01 8.255050e-01 -0.000000e+00
  outer loop
   vertex -9.047572e+00 -2.697357e+01 1.000000e+00
   vertex -9.400750e+00 -2.673210e+01 1.333333e+00
   vertex -9.047572e+00 -2.697357e+01 1.500000e+00
  endloop
 endfacet
 facet normal 4.153457e-01 9.095818e-01 1.219854e-02
  outer loop
   vertex -8.658395e+00 -2.715128e+01 1.500000e+00
   vertex -9.047572e+00 -2.697357e+01 1.500000e+00
   vertex -8.968166e+00 -2.701653e+01 2.000000e+00
  endloop
 endfacet
 facet normal 2.397538e-01 9.708305e-01 -2.495245e-03
  outer loop
   vertex -8.570115e+00 -2.718093e+01 1.162092e-14
   vertex -8.244615e+00 -2.726003e+01 5.000000e-01
   vertex -8.262940e+00 -2.725679e+01 1.094765e-14
  endloop
 endfacet
 facet normal 4.839980e-02 9.988280e-01 0.000000e+00
  outer loop
   vertex -8.244615e+00 -2.726003e+01 1.000000e+00
   vertex -7.632260e+00 -2.728971e+01 6.666667e-01
   vertex -8.244615e+00 -2.726003e+01 5.000000e-01
  endloop
 endfacet
 facet normal 2.541859e-01 9.671172e-01 8.588737e-03
  outer loop
   vertex -8.658395e+00 -2.715128e+01 1.500000e+00
   vertex -8.301677e+00 -2.724948e+01 2.000000e+00
   vertex -8.244615e+00 -2.726003e+01 1.500000e+00
  endloop
 endfacet
 facet normal 4.839980e-02 9.988280e-01 0.000000e+00
  outer loop
   vertex -7.632260e+00 -2.728971e+01 1.333333e+00
   vertex -7.632260e+00 -2.728971e+01 1.000000e+00
   vertex -8.244615e+00 -2.726003e+01 1.000000e+00
  endloop
 endfacet
 facet normal -3.778260e-01 -9.258766e-01 0.000000e+00
  outer loop
   vertex -7.055799e+00 -2.241578e+01 1.000000e+00
   vertex -6.697427e+00 -2.256202e+01 5.000000e-01
   vertex -6.697427e+00 -2.256202e+01 1.000000e+00
  endloop
 endfacet
 facet normal -3.778260e-01 -9.258766e-01 0.000000e+00
  outer loop
   vertex -7.055799e+00 -2.241578e+01 1.500000e+00
   vertex -6.697427e+00 -2.256202e+01 1.000000e+00
   vertex -6.697427e+00 -2.256202e+01 1.500000e+00
  endloop
 endfacet
 facet normal -2.303822e-01 -9.731002e-01 0.000000e+00
  outer loop
   vertex -7.432449e+00 -2.232660e+01 1.000000e+00
   vertex -7.055799e+00 -2.241578e+01 5.000000e-01
   vertex -7.055799e+00 -2.241578e+01 1.000000e+00
  endloop
 endfacet
 facet normal -2.303822e-01 -9.731002e-01 0.000000e+00
  outer loop
   vertex -7.432449e+00 -2.232660e+01 1.500000e+00
   vertex -7.055799e+00 -2.241578e+01 1.000000e+00
   vertex -7.055799e+00 -2.241578e+01 1.500000e+00
  endloop
 endfacet
 facet normal -4.179836e-01 -9.084273e-01 7.041418e-03
  outer loop
   vertex -6.918224e+00 -2.246430e+01 -3.136469e-15
   vertex -6.632705e+00 -2.259567e+01 -4.401558e-15
   vertex -6.697427e+00 -2.256202e+01 5.000000e-01
  endloop
 endfacet
 facet normal -5.162207e-01 -8.564556e-01 0.000000e+00
  outer loop
   vertex -6.365924e+00 -2.276183e+01 6.666667e-01
   vertex -6.365924e+00 -2.276183e+01 1.000000e+00
   vertex -6.697427e+00 -2.256202e+01 1.000000e+00
  endloop
 endfacet
 facet normal -5.162207e-01 -8.564556e-01 -0.000000e+00
  outer loop
   vertex -6.365924e+00 -2.276183e+01 1.333333e+00
   vertex -6.697427e+00 -2.256202e+01 1.000000e+00
   vertex -6.365924e+00 -2.276183e+01 1.000000e+00
  endloop
 endfacet
 facet normal -3.777967e-01 -9.258048e-01 1.245710e-02
  outer loop
   vertex -6.697427e+00 -2.256202e+01 1.500000e+00
   vertex -6.948108e+00 -2.245300e+01 2.000000e+00
   vertex -7.055799e+00 -2.241578e+01 1.500000e+00
  endloop
 endfacet
 facet normal -7.741490e-02 -9.969990e-01 0.000000e+00
  outer loop
   vertex -7.432449e+00 -2.232660e+01 5.000000e-01
   vertex -7.432449e+00 -2.232660e+01 1.000000e+00
   vertex -7.818351e+00 -2.229664e+01 1.000000e+00
  endloop
 endfacet
 facet normal 2.726503e-03 -9.999963e-01 -2.295830e-05
  outer loop
   vertex -7.841022e+00 -2.229672e+01 6.666667e-01
   vertex -7.841031e+00 -2.229671e+01 3.333333e-01
   vertex -7.818351e+00 -2.229664e+01 3.599291e-02
  endloop
 endfacet
 facet normal 3.618820e-03 -9.999935e-01 -2.298121e-05
  outer loop
   vertex -7.841006e+00 -2.229673e+01 1.333333e+00
   vertex -7.841014e+00 -2.229672e+01 1.000000e+00
   vertex -7.818351e+00 -2.229664e+01 1.000000e+00
  endloop
 endfacet
 facet normal -7.741490e-02 -9.969990e-01 0.000000e+00
  outer loop
   vertex -7.818351e+00 -2.229664e+01 1.000000e+00
   vertex -7.432449e+00 -2.232660e+01 1.500000e+00
   vertex -7.818351e+00 -2.229664e+01 1.500000e+00
  endloop
 endfacet
 facet normal -2.303641e-01 -9.730237e-01 1.254297e-02
  outer loop
   vertex -7.432449e+00 -2.232660e+01 1.500000e+00
   vertex -7.055799e+00 -2.241578e+01 1.500000e+00
   vertex -7.166346e+00 -2.238316e+01 2.000000e+00
  endloop
 endfacet
 facet normal 4.211021e-03 -9.999911e-01 0.000000e+00
  outer loop
   vertex -7.818351e+00 -2.229664e+01 1.964007e+00
   vertex -7.840998e+00 -2.229674e+01 1.666667e+00
   vertex -7.818351e+00 -2.229664e+01 1.500000e+00
  endloop
 endfacet
 facet normal 3.589971e-01 9.333387e-01 0.000000e+00
  outer loop
   vertex -9.021174e+00 -2.861151e+01 2.674439e+00
   vertex -9.482018e+00 -2.843425e+01 2.337219e+00
   vertex -9.482018e+00 -2.843425e+01 2.674439e+00
  endloop
 endfacet
 facet normal 3.589971e-01 9.333387e-01 0.000000e+00
  outer loop
   vertex -9.021174e+00 -2.861151e+01 3.011658e+00
   vertex -9.482018e+00 -2.843425e+01 2.674439e+00
   vertex -9.482018e+00 -2.843425e+01 3.011658e+00
  endloop
 endfacet
 facet normal 2.412666e-01 9.704589e-01 0.000000e+00
  outer loop
   vertex -8.542003e+00 -2.873064e+01 2.674439e+00
   vertex -9.021174e+00 -2.861151e+01 2.337219e+00
   vertex -9.021174e+00 -2.861151e+01 2.674439e+00
  endloop
 endfacet
 facet normal 2.412666e-01 9.704589e-01 0.000000e+00
  outer loop
   vertex -8.542003e+00 -2.873064e+01 3.011658e+00
   vertex -9.021174e+00 -2.861151e+01 2.674439e+00
   vertex -9.021174e+00 -2.861151e+01 3.011658e+00
  endloop
 endfacet
 facet normal 4.712503e-01 8.819995e-01 7.257736e-06
  outer loop
   vertex -9.917520e+00 -2.820157e+01 2.325514e+00
   vertex -9.482018e+00 -2.843425e+01 2.000000e+00
   vertex -9.917511e+00 -2.820157e+01 2.000000e+00
  endloop
 endfacet
 facet normal 4.712459e-01 8.820018e-01 8.638240e-06
  outer loop
   vertex -9.917529e+00 -2.820156e+01 2.651028e+00
   vertex -9.482018e+00 -2.843425e+01 2.337219e+00
   vertex -9.917520e+00 -2.820157e+01 2.325514e+00
  endloop
 endfacet
 facet normal 3.589971e-01 9.333387e-01 -0.000000e+00
  outer loop
   vertex -9.021174e+00 -2.861151e+01 2.000000e+00
   vertex -9.482018e+00 -2.843425e+01 2.337219e+00
   vertex -9.021174e+00 -2.861151e+01 2.337219e+00
  endloop
 endfacet
 facet normal 2.412666e-01 9.704589e-01 0.000000e+00
  outer loop
   vertex -9.021174e+00 -2.861151e+01 2.337219e+00
   vertex -8.542003e+00 -2.873064e+01 2.000000e+00
   vertex -9.021174e+00 -2.861151e+01 2.000000e+00
  endloop
 endfacet
 facet normal 4.712339e-01 8.820083e-01 -0.000000e+00
  outer loop
   vertex -9.482018e+00 -2.843425e+01 2.674439e+00
   vertex -9.917538e+00 -2.820156e+01 2.976542e+00
   vertex -9.482018e+00 -2.843425e+01 3.011658e+00
  endloop
 endfacet
 facet normal 1.198667e-01 9.927900e-01 5.423827e-06
  outer loop
   vertex -8.051821e+00 -2.878982e+01 2.337219e+00
   vertex -8.051805e+00 -2.878982e+01 2.000000e+00
   vertex -8.542003e+00 -2.873064e+01 2.000000e+00
  endloop
 endfacet
 facet normal 1.198703e-01 9.927896e-01 -1.913278e-07
  outer loop
   vertex -8.051836e+00 -2.878982e+01 2.674439e+00
   vertex -8.051821e+00 -2.878982e+01 2.337219e+00
   vertex -8.542003e+00 -2.873064e+01 2.337219e+00
  endloop
 endfacet
 facet normal 1.198702e-01 9.927896e-01 5.762991e-06
  outer loop
   vertex -8.051852e+00 -2.878982e+01 3.011658e+00
   vertex -8.051836e+00 -2.878982e+01 2.674439e+00
   vertex -8.542003e+00 -2.873064e+01 2.674439e+00
  endloop
 endfacet
 facet normal -3.461128e-01 -9.381929e-01 0.000000e+00
  outer loop
   vertex -6.606037e+00 -2.098478e+01 2.800000e+00
   vertex -6.264630e+00 -2.111073e+01 2.400000e+00
   vertex -6.264630e+00 -2.111073e+01 2.800000e+00
  endloop
 endfacet
 facet normal -3.461128e-01 -9.381929e-01 0.000000e+00
  outer loop
   vertex -6.606037e+00 -2.098478e+01 3.200000e+00
   vertex -6.264630e+00 -2.111073e+01 2.800000e+00
   vertex -6.264630e+00 -2.111073e+01 3.200000e+00
  endloop
 endfacet
 facet normal -2.589144e-01 -9.659003e-01 0.000000e+00
  outer loop
   vertex -6.961507e+00 -2.088949e+01 2.800000e+00
   vertex -6.606037e+00 -2.098478e+01 2.400000e+00
   vertex -6.606037e+00 -2.098478e+01 2.800000e+00
  endloop
 endfacet
 facet normal -2.589144e-01 -9.659003e-01 0.000000e+00
  outer loop
   vertex -6.961507e+00 -2.088949e+01 3.200000e+00
   vertex -6.606037e+00 -2.098478e+01 2.800000e+00
   vertex -6.606037e+00 -2.098478e+01 3.200000e+00
  endloop
 endfacet
 facet normal -3.461128e-01 -9.381929e-01 -0.000000e+00
  outer loop
   vertex -6.264630e+00 -2.111073e+01 2.400000e+00
   vertex -6.606037e+00 -2.098478e+01 2.000000e+00
   vertex -6.264630e+00 -2.111073e+01 2.000000e+00
  endloop
 endfacet
 facet normal -4.286230e-01 -9.034834e-01 1.758585e-06
  outer loop
   vertex -5.946401e+00 -2.126170e+01 2.533333e+00
   vertex -5.946412e+00 -2.126169e+01 2.800000e+00
   vertex -6.264630e+00 -2.111073e+01 2.800000e+00
  endloop
 endfacet
 facet normal -4.286230e-01 -9.034834e-01 1.758585e-06
  outer loop
   vertex -5.946423e+00 -2.126169e+01 3.066667e+00
   vertex -6.264630e+00 -2.111073e+01 2.800000e+00
   vertex -5.946412e+00 -2.126169e+01 2.800000e+00
  endloop
 endfacet
 facet normal -4.286194e-01 -9.034851e-01 1.758770e-06
  outer loop
   vertex -5.946434e+00 -2.126168e+01 3.333333e+00
   vertex -5.946445e+00 -2.126168e+01 3.600000e+00
   vertex -6.264630e+00 -2.111073e+01 3.600000e+00
  endloop
 endfacet
 facet normal -3.461128e-01 -9.381929e-01 -0.000000e+00
  outer loop
   vertex -6.264630e+00 -2.111073e+01 3.600000e+00
   vertex -6.606037e+00 -2.098478e+01 3.200000e+00
   vertex -6.264630e+00 -2.111073e+01 3.200000e+00
  endloop
 endfacet
 facet normal -2.589144e-01 -9.659003e-01 0.000000e+00
  outer loop
   vertex -6.961507e+00 -2.088949e+01 2.000000e+00
   vertex -6.606037e+00 -2.098478e+01 2.400000e+00
   vertex -6.961507e+00 -2.088949e+01 2.400000e+00
  endloop
 endfacet
 facet normal -1.690507e-01 -9.856074e-01 9.867220e-06
  outer loop
   vertex -7.324236e+00 -2.082727e+01 2.266667e+00
   vertex -7.324229e+00 -2.082728e+01 2.000000e+00
   vertex -6.961507e+00 -2.088949e+01 2.000000e+00
  endloop
 endfacet
 facet normal -1.690771e-01 -9.856028e-01 1.016883e-05
  outer loop
   vertex -7.324243e+00 -2.082727e+01 2.533333e+00
   vertex -6.961507e+00 -2.088949e+01 2.800000e+00
   vertex -7.324249e+00 -2.082726e+01 2.800000e+00
  endloop
 endfacet
 facet normal -1.690771e-01 -9.856028e-01 9.866495e-06
  outer loop
   vertex -7.324255e+00 -2.082726e+01 3.066667e+00
   vertex -7.324249e+00 -2.082726e+01 2.800000e+00
   vertex -6.961507e+00 -2.088949e+01 2.800000e+00
  endloop
 endfacet
 facet normal -4.345175e-01 -9.006634e-01 0.000000e+00
  outer loop
   vertex -8.517294e+00 -2.190219e+01 1.000000e+00
   vertex -8.163599e+00 -2.207282e+01 5.000000e-01
   vertex -8.163599e+00 -2.207282e+01 1.000000e+00
  endloop
 endfacet
 facet normal -4.345175e-01 -9.006634e-01 0.000000e+00
  outer loop
   vertex -8.517294e+00 -2.190219e+01 1.500000e+00
   vertex -8.163599e+00 -2.207282e+01 1.000000e+00
   vertex -8.163599e+00 -2.207282e+01 1.500000e+00
  endloop
 endfacet
 facet normal -2.881187e-01 -9.575947e-01 0.000000e+00
  outer loop
   vertex -8.893347e+00 -2.178904e+01 1.000000e+00
   vertex -8.517294e+00 -2.190219e+01 5.000000e-01
   vertex -8.517294e+00 -2.190219e+01 1.000000e+00
  endloop
 endfacet
 facet normal -2.881187e-01 -9.575947e-01 0.000000e+00
  outer loop
   vertex -8.893347e+00 -2.178904e+01 1.500000e+00
   vertex -8.517294e+00 -2.190219e+01 1.000000e+00
   vertex -8.517294e+00 -2.190219e+01 1.500000e+00
  endloop
 endfacet
 facet normal -4.344698e-01 -9.005646e-01 -1.481144e-02
  outer loop
   vertex -8.163599e+00 -2.207282e+01 5.000000e-01
   vertex -8.517294e+00 -2.190219e+01 5.000000e-01
   vertex -8.372648e+00 -2.196375e+01 -3.133682e-15
  endloop
 endfacet
 facet normal -1.345486e-01 -9.909070e-01 -0.000000e+00
  outer loop
   vertex -8.893347e+00 -2.178904e+01 1.000000e+00
   vertex -9.282449e+00 -2.173621e+01 6.666667e-01
   vertex -8.893347e+00 -2.178904e+01 5.000000e-01
  endloop
 endfacet
 facet normal -2.563158e-01 -9.665924e-01 1.137428e-03
  outer loop
   vertex -8.685831e+00 -2.184348e+01 2.000000e+00
   vertex -8.880404e+00 -2.179188e+01 2.000000e+00
   vertex -8.893347e+00 -2.178904e+01 1.500000e+00
  endloop
 endfacet
 facet normal -1.345607e-01 -9.909054e-01 1.960017e-05
  outer loop
   vertex -9.282463e+00 -2.173619e+01 1.333333e+00
   vertex -9.282455e+00 -2.173620e+01 1.000000e+00
   vertex -8.893347e+00 -2.178904e+01 1.000000e+00
  endloop
 endfacet
 facet normal 4.522288e-01 8.919020e-01 0.000000e+00
  outer loop
   vertex -1.034002e+01 -2.655810e+01 1.000000e+00
   vertex -1.075795e+01 -2.634620e+01 5.000000e-01
   vertex -1.075795e+01 -2.634620e+01 1.000000e+00
  endloop
 endfacet
 facet normal 4.522288e-01 8.919020e-01 0.000000e+00
  outer loop
   vertex -1.034002e+01 -2.655810e+01 1.500000e+00
   vertex -1.075795e+01 -2.634620e+01 1.000000e+00
   vertex -1.075795e+01 -2.634620e+01 1.500000e+00
  endloop
 endfacet
 facet normal 2.778508e-01 9.606243e-01 0.000000e+00
  outer loop
   vertex -9.889901e+00 -2.668829e+01 1.000000e+00
   vertex -1.034002e+01 -2.655810e+01 5.000000e-01
   vertex -1.034002e+01 -2.655810e+01 1.000000e+00
  endloop
 endfacet
 facet normal 2.778508e-01 9.606243e-01 0.000000e+00
  outer loop
   vertex -9.889901e+00 -2.668829e+01 1.500000e+00
   vertex -1.034002e+01 -2.655810e+01 1.000000e+00
   vertex -1.034002e+01 -2.655810e+01 1.500000e+00
  endloop
 endfacet
 facet normal 4.521383e-01 8.917235e-01 -2.000384e-02
  outer loop
   vertex -1.034002e+01 -2.655810e+01 5.000000e-01
   vertex -1.061653e+01 -2.642912e+01 1.183911e-14
   vertex -1.075795e+01 -2.634620e+01 5.000000e-01
  endloop
 endfacet
 facet normal 6.107188e-01 7.918475e-01 -0.000000e+00
  outer loop
   vertex -1.112899e+01 -2.606003e+01 6.666667e-01
   vertex -1.112899e+01 -2.606003e+01 1.000000e+00
   vertex -1.075795e+01 -2.634620e+01 1.000000e+00
  endloop
 endfacet
 facet normal 6.107188e-01 7.918475e-01 0.000000e+00
  outer loop
   vertex -1.112899e+01 -2.606003e+01 1.333333e+00
   vertex -1.075795e+01 -2.634620e+01 1.000000e+00
   vertex -1.112899e+01 -2.606003e+01 1.000000e+00
  endloop
 endfacet
 facet normal 4.521226e-01 8.916926e-01 2.166917e-02
  outer loop
   vertex -1.075795e+01 -2.634620e+01 1.500000e+00
   vertex -1.052826e+01 -2.647480e+01 2.000000e+00
   vertex -1.034002e+01 -2.655810e+01 1.500000e+00
  endloop
 endfacet
 facet normal 3.027361e-01 9.530733e-01 -1.481728e-03
  outer loop
   vertex -1.002793e+01 -2.665801e+01 1.165796e-14
   vertex -1.032948e+01 -2.656222e+01 1.230232e-14
   vertex -1.034002e+01 -2.655810e+01 5.000000e-01
  endloop
 endfacet
 facet normal 8.920605e-02 9.960132e-01 0.000000e+00
  outer loop
   vertex -9.889901e+00 -2.668829e+01 1.000000e+00
   vertex -9.400750e+00 -2.673210e+01 6.666667e-01
   vertex -9.889901e+00 -2.668829e+01 5.000000e-01
  endloop
 endfacet
 facet normal 8.920605e-02 9.960132e-01 0.000000e+00
  outer loop
   vertex -9.400750e+00 -2.673210e+01 1.333333e+00
   vertex -9.400750e+00 -2.673210e+01 1.000000e+00
   vertex -9.889901e+00 -2.668829e+01 1.000000e+00
  endloop
 endfacet
 facet normal -3.097482e-01 -9.508124e-01 3.441131e-03
  outer loop
   vertex -1.000966e+01 -2.126341e+01 0.000000e+00
   vertex -1.032316e+01 -2.115405e+01 2.000000e+00
   vertex -1.042361e+01 -2.112856e+01 0.000000e+00
  endloop
 endfacet
 facet normal -4.700034e-01 -8.826610e-01 2.531277e-03
  outer loop
   vertex -9.625386e+00 -2.146803e+01 0.000000e+00
   vertex -9.946482e+00 -2.129132e+01 2.000000e+00
   vertex -1.000966e+01 -2.126341e+01 0.000000e+00
  endloop
 endfacet
 facet normal -1.401007e-01 -9.901287e-01 4.111538e-03
  outer loop
   vertex -1.042361e+01 -2.112856e+01 0.000000e+00
   vertex -1.071694e+01 -2.107875e+01 2.000000e+00
   vertex -1.085468e+01 -2.106756e+01 0.000000e+00
  endloop
 endfacet
 facet normal 3.379520e-02 -9.994185e-01 4.543444e-03
  outer loop
   vertex -1.085468e+01 -2.106756e+01 0.000000e+00
   vertex -1.111770e+01 -2.106737e+01 2.000000e+00
   vertex -1.128980e+01 -2.108228e+01 0.000000e+00
  endloop
 endfacet
 facet normal 2.066612e-01 -9.784011e-01 4.735984e-03
  outer loop
   vertex -1.128980e+01 -2.108228e+01 0.000000e+00
   vertex -1.151512e+01 -2.112019e+01 2.000000e+00
   vertex -1.171576e+01 -2.117225e+01 0.000000e+00
  endloop
 endfacet
 facet normal 5.750756e-01 -8.180936e-01 -3.304249e-03
  outer loop
   vertex -1.225942e+01 -2.141141e+01 2.000000e+00
   vertex -1.258310e+01 -2.163894e+01 2.000000e+00
   vertex -1.248923e+01 -2.156487e+01 0.000000e+00
  endloop
 endfacet
 facet normal 8.013520e-01 -5.981914e-01 -1.419933e-03
  outer loop
   vertex -1.286683e+01 -2.191468e+01 2.000000e+00
   vertex -1.310351e+01 -2.223174e+01 2.000000e+00
   vertex -1.308199e+01 -2.219816e+01 0.000000e+00
  endloop
 endfacet
 facet normal 6.969414e-01 -7.171236e-01 -2.520597e-03
  outer loop
   vertex -1.258310e+01 -2.163894e+01 2.000000e+00
   vertex -1.286683e+01 -2.191468e+01 2.000000e+00
   vertex -1.281329e+01 -2.185561e+01 0.000000e+00
  endloop
 endfacet
 facet normal 4.378566e-01 -8.990366e-01 -3.854630e-03
  outer loop
   vertex -1.189898e+01 -2.123586e+01 2.000000e+00
   vertex -1.225942e+01 -2.141141e+01 2.000000e+00
   vertex -1.211965e+01 -2.133476e+01 0.000000e+00
  endloop
 endfacet
 facet normal 8.856895e-01 -4.642781e-01 -1.573595e-06
  outer loop
   vertex -1.310351e+01 -2.223174e+01 2.000000e+00
   vertex -1.328720e+01 -2.258216e+01 2.000000e+00
   vertex -1.328719e+01 -2.258213e+01 0.000000e+00
  endloop
 endfacet
 facet normal 9.899209e-01 -1.415928e-01 2.835521e-03
  outer loop
   vertex -1.342267e+01 -2.299587e+01 0.000000e+00
   vertex -1.347867e+01 -2.334738e+01 2.000000e+00
   vertex -1.348431e+01 -2.342685e+01 0.000000e+00
  endloop
 endfacet
 facet normal 9.994714e-01 3.229041e-02 3.778734e-03
  outer loop
   vertex -1.348431e+01 -2.342685e+01 0.000000e+00
   vertex -1.348166e+01 -2.374302e+01 2.000000e+00
   vertex -1.347025e+01 -2.386199e+01 0.000000e+00
  endloop
 endfacet
 facet normal 9.282730e-01 3.718700e-01 4.689953e-03
  outer loop
   vertex -1.338092e+01 -2.428808e+01 0.000000e+00
   vertex -1.329975e+01 -2.451593e+01 2.000000e+00
   vertex -1.321902e+01 -2.469222e+01 0.000000e+00
  endloop
 endfacet
 facet normal 7.024340e-01 7.117396e-01 -3.635420e-03
  outer loop
   vertex -1.288119e+01 -2.519683e+01 2.000000e+00
   vertex -1.259584e+01 -2.547844e+01 2.000000e+00
   vertex -1.269921e+01 -2.538664e+01 0.000000e+00
  endloop
 endfacet
 facet normal 8.071717e-01 5.903036e-01 -3.947232e-03
  outer loop
   vertex -1.311786e+01 -2.487321e+01 2.000000e+00
   vertex -1.288119e+01 -2.519683e+01 2.000000e+00
   vertex -1.298946e+01 -2.506215e+01 0.000000e+00
  endloop
 endfacet
 facet normal 9.787123e-01 2.051897e-01 4.404579e-03
  outer loop
   vertex -1.347025e+01 -2.386199e+01 0.000000e+00
   vertex -1.342219e+01 -2.413417e+01 2.000000e+00
   vertex -1.338092e+01 -2.428808e+01 0.000000e+00
  endloop
 endfacet
 facet normal 4.419219e-01 8.970506e-01 -2.295384e-03
  outer loop
   vertex -1.226915e+01 -2.571083e+01 2.000000e+00
   vertex -1.190950e+01 -2.588800e+01 2.000000e+00
   vertex -1.197341e+01 -2.586164e+01 0.000000e+00
  endloop
 endfacet
 facet normal 2.928461e-01 9.561588e-01 -1.266724e-03
  outer loop
   vertex -1.190950e+01 -2.588800e+01 2.000000e+00
   vertex -1.152616e+01 -2.600541e+01 2.000000e+00
   vertex -1.155987e+01 -2.599773e+01 0.000000e+00
  endloop
 endfacet
 facet normal 5.796297e-01 8.148741e-01 -3.084453e-03
  outer loop
   vertex -1.259584e+01 -2.547844e+01 2.000000e+00
   vertex -1.226915e+01 -2.571083e+01 2.000000e+00
   vertex -1.235707e+01 -2.565586e+01 0.000000e+00
  endloop
 endfacet
 facet normal 9.478438e-01 -3.187352e-01 8.640626e-07
  outer loop
   vertex -1.341331e+01 -2.295717e+01 2.000000e+00
   vertex -1.328719e+01 -2.258213e+01 0.000000e+00
   vertex -1.328720e+01 -2.258216e+01 2.000000e+00
  endloop
 endfacet
 facet normal -3.384710e-01 -9.409768e-01 0.000000e+00
  outer loop
   vertex -8.332451e+00 -2.038385e+01 2.000000e+00
   vertex -7.813004e+00 -2.057069e+01 3.600000e+00
   vertex -8.332451e+00 -2.038385e+01 3.600000e+00
  endloop
 endfacet
 facet normal 4.192706e-01 9.078613e-01 0.000000e+00
  outer loop
   vertex -1.087314e+01 -2.796024e+01 2.651028e+00
   vertex -1.132140e+01 -2.775322e+01 2.325514e+00
   vertex -1.132140e+01 -2.775322e+01 2.651028e+00
  endloop
 endfacet
 facet normal 4.192706e-01 9.078613e-01 0.000000e+00
  outer loop
   vertex -1.087314e+01 -2.796024e+01 2.976542e+00
   vertex -1.132140e+01 -2.775322e+01 2.651028e+00
   vertex -1.132140e+01 -2.775322e+01 2.976542e+00
  endloop
 endfacet
 facet normal 3.042244e-01 9.526004e-01 0.000000e+00
  outer loop
   vertex -1.040279e+01 -2.811045e+01 2.651028e+00
   vertex -1.087314e+01 -2.796024e+01 2.325514e+00
   vertex -1.087314e+01 -2.796024e+01 2.651028e+00
  endloop
 endfacet
 facet normal 3.042244e-01 9.526004e-01 0.000000e+00
  outer loop
   vertex -1.040279e+01 -2.811045e+01 2.976542e+00
   vertex -1.087314e+01 -2.796024e+01 2.651028e+00
   vertex -1.087314e+01 -2.796024e+01 2.976542e+00
  endloop
 endfacet
 facet normal 5.279270e-01 8.492897e-01 0.000000e+00
  outer loop
   vertex -1.174075e+01 -2.749255e+01 2.322585e+00
   vertex -1.132140e+01 -2.775322e+01 2.000000e+00
   vertex -1.174075e+01 -2.749255e+01 2.000000e+00
  endloop
 endfacet
 facet normal 5.279270e-01 8.492897e-01 0.000000e+00
  outer loop
   vertex -1.174075e+01 -2.749255e+01 2.645169e+00
   vertex -1.132140e+01 -2.775322e+01 2.325514e+00
   vertex -1.174075e+01 -2.749255e+01 2.322585e+00
  endloop
 endfacet
 facet normal 4.192706e-01 9.078613e-01 0.000000e+00
  outer loop
   vertex -1.132140e+01 -2.775322e+01 2.325514e+00
   vertex -1.087314e+01 -2.796024e+01 2.000000e+00
   vertex -1.132140e+01 -2.775322e+01 2.000000e+00
  endloop
 endfacet
 facet normal 5.279270e-01 8.492897e-01 0.000000e+00
  outer loop
   vertex -1.174075e+01 -2.749255e+01 2.967754e+00
   vertex -1.132140e+01 -2.775322e+01 2.651028e+00
   vertex -1.174075e+01 -2.749255e+01 2.645169e+00
  endloop
 endfacet
 facet normal 3.042244e-01 9.526004e-01 -0.000000e+00
  outer loop
   vertex -1.040279e+01 -2.811045e+01 2.000000e+00
   vertex -1.087314e+01 -2.796024e+01 2.325514e+00
   vertex -1.040279e+01 -2.811045e+01 2.325514e+00
  endloop
 endfacet
 facet normal 1.845438e-01 9.828243e-01 -8.928542e-07
  outer loop
   vertex -9.917520e+00 -2.820157e+01 2.325514e+00
   vertex -9.917511e+00 -2.820157e+01 2.000000e+00
   vertex -1.040279e+01 -2.811045e+01 2.000000e+00
  endloop
 endfacet
 facet normal 1.845432e-01 9.828244e-01 -3.522045e-07
  outer loop
   vertex -9.917529e+00 -2.820156e+01 2.651028e+00
   vertex -9.917520e+00 -2.820157e+01 2.325514e+00
   vertex -1.040279e+01 -2.811045e+01 2.325514e+00
  endloop
 endfacet
 facet normal 1.845430e-01 9.828244e-01 4.865981e-06
  outer loop
   vertex -9.917538e+00 -2.820156e+01 2.976542e+00
   vertex -9.917529e+00 -2.820156e+01 2.651028e+00
   vertex -1.040279e+01 -2.811045e+01 2.651028e+00
  endloop
 endfacet
endsolid v3_crown
